label,x0,y0,z0,x1,y1,z1,x2,y2,z2,x3,y3,z3,x4,y4,z4,x5,y5,z5,x6,y6,z6,x7,y7,z7,x8,y8,z8,x9,y9,z9,x10,y10,z10,x11,y11,z11,x12,y12,z12,x13,y13,z13,x14,y14,z14,x15,y15,z15,x16,y16,z16,x17,y17,z17,x18,y18,z18,x19,y19,z19,x20,y20,z20
A,0.2951114773750305,0.42602553963661194,-1.134849867412413e-06,0.17085695266723633,0.39140942692756653,-0.03738735616207123,0.060363441705703735,0.25630006194114685,-0.04856092855334282,0.004903644323348999,0.12113884091377258,-0.062446992844343185,0.0,0.010998457670211792,-0.06339424848556519,0.09335124492645264,0.09091570973396301,0.01882633939385414,0.056754469871520996,0.0,-0.03537841886281967,0.09126514196395874,0.12587466835975647,-0.05627567321062088,0.11378705501556396,0.16102007031440735,-0.06288626044988632,0.16610491275787354,0.06823030114173889,0.01369180716574192,0.12951350212097168,0.0006308853626251221,-0.040774110704660416,0.15641671419143677,0.14991798996925354,-0.04057158902287483,0.1739770770072937,0.15496936440467834,-0.025412490591406822,0.24352765083312988,0.06874093413352966,-0.005641685798764229,0.20778673887252808,0.0014747083187103271,-0.06344496458768845,0.22278046607971191,0.14655175805091858,-0.032267678529024124,0.23917514085769653,0.15867844223976135,0.004435880575329065,0.32414907217025757,0.07963737845420837,-0.029739415273070335,0.2842576503753662,0.04419773817062378,-0.0578046552836895,0.2813090682029724,0.14603421092033386,-0.03285842761397362,0.2942897081375122,0.1626574695110321,-0.005548221990466118
A,0.29141175746917725,0.425758957862854,-1.1640817092484212e-06,0.1696421504020691,0.38803690671920776,-0.03525875508785248,0.061994969844818115,0.25517308712005615,-0.046087365597486496,0.006974399089813232,0.12346285581588745,-0.06003241986036301,0.0,0.013970732688903809,-0.06146005168557167,0.09159916639328003,0.08836597204208374,0.02056032232940197,0.05789688229560852,0.0,-0.0346420556306839,0.09027105569839478,0.12421053647994995,-0.05695443972945213,0.11171954870223999,0.16280227899551392,-0.06395938247442245,0.16436243057250977,0.066216379404068,0.014394978061318398,0.12957119941711426,0.0017351508140563965,-0.039418838918209076,0.15515708923339844,0.14934027194976807,-0.04006088152527809,0.17153453826904297,0.1567310094833374,-0.025635750964283943,0.24233382940292358,0.06587806344032288,-0.00582977244630456,0.20770233869552612,0.00444754958152771,-0.0628168061375618,0.2222672700881958,0.14896005392074585,-0.03272546827793121,0.23776650428771973,0.16312915086746216,0.003041614079847932,0.3237687945365906,0.07646209001541138,-0.03063606657087803,0.28346407413482666,0.04505413770675659,-0.05818980932235718,0.28102803230285645,0.14744353294372559,-0.03359562158584595,0.29397493600845337,0.16501384973526,-0.006537455599755049
A,0.2872098982334137,0.42566797137260437,-1.1711234719768981e-06,0.16698786616325378,0.3902267515659332,-0.03341341391205788,0.059946030378341675,0.2552622854709625,-0.043847717344760895,0.005860656499862671,0.12280413508415222,-0.057744093239307404,0.0,0.014811009168624878,-0.0598825104534626,0.09267589449882507,0.09347650408744812,0.01866927742958069,0.05504271388053894,0.0,-0.036013927310705185,0.08593061566352844,0.12280932068824768,-0.057783178985118866,0.11019143462181091,0.16684147715568542,-0.06406266242265701,0.16426816582679749,0.07089939713478088,0.011528662405908108,0.12718674540519714,0.0012311935424804688,-0.041279152035713196,0.15192911028862,0.14838919043540955,-0.04123653843998909,0.1709994375705719,0.16261443495750427,-0.026144813746213913,0.24117347598075867,0.07019761204719543,-0.009247354231774807,0.20428183674812317,0.005530744791030884,-0.06542863696813583,0.21854141354560852,0.1502014696598053,-0.03514791280031204,0.23580005764961243,0.17043426632881165,0.0009174865554086864,0.3219287097454071,0.08141395449638367,-0.03435344994068146,0.2784741222858429,0.045625507831573486,-0.06237784028053284,0.2768026888370514,0.14768561720848083,-0.037619952112436295,0.29168352484703064,0.16953304409980774,-0.01020866446197033
A,0.28641486167907715,0.4247146546840668,-1.1733917517631198e-06,0.1663881540298462,0.38791605830192566,-0.033125653862953186,0.05953013896942139,0.2562590539455414,-0.044274404644966125,0.0050318241119384766,0.1250390112400055,-0.05893250182271004,0.0,0.01657530665397644,-0.0618399940431118,0.09340745210647583,0.09203740954399109,0.01910109631717205,0.05604967474937439,0.0,-0.036608003079891205,0.08627969026565552,0.12196490168571472,-0.05965691804885864,0.10970169305801392,0.1671096384525299,-0.06659010052680969,0.16509485244750977,0.0701029896736145,0.011752517893910408,0.12745195627212524,0.0016954243183135986,-0.041645072400569916,0.15200209617614746,0.14746400713920593,-0.04260692000389099,0.17036300897598267,0.16247937083244324,-0.02822817489504814,0.24179238080978394,0.0694657564163208,-0.009227798320353031,0.20427507162094116,0.006217271089553833,-0.06579317152500153,0.21868258714675903,0.1500016748905182,-0.03611234202980995,0.23538357019424438,0.17101004719734192,-0.00039523065788671374,0.3223525881767273,0.0808415412902832,-0.034454621374607086,0.2777814269065857,0.046988606452941895,-0.06258115917444229,0.2767113447189331,0.14835813641548157,-0.03802217170596123,0.2917768955230713,0.1692143976688385,-0.010689415037631989
A,0.28982803225517273,0.4216731786727905,-1.11882377495931e-06,0.1678503453731537,0.383331298828125,-0.033802665770053864,0.05914565920829773,0.25202471017837524,-0.04471563547849655,0.003594309091567993,0.12119799852371216,-0.05908430367708206,0.0,0.01277703046798706,-0.06148696690797806,0.09242674708366394,0.09252482652664185,0.020621679723262787,0.05411183834075928,0.00137406587600708,-0.03436536714434624,0.08687159419059753,0.12081241607666016,-0.05682571232318878,0.11051902174949646,0.16151684522628784,-0.06364800035953522,0.16343936324119568,0.07142668962478638,0.013366497121751308,0.12551429867744446,0.0,-0.04097363352775574,0.15198156237602234,0.14358961582183838,-0.04234957695007324,0.1702847182750702,0.157972514629364,-0.02781105414032936,0.23963144421577454,0.07180088758468628,-0.007622776087373495,0.20276114344596863,0.003599822521209717,-0.065058633685112,0.2185269296169281,0.14544814825057983,-0.03559873625636101,0.2352629005908966,0.1664159893989563,0.000500232505146414,0.3198798596858978,0.083741694688797,-0.032923873513936996,0.27632156014442444,0.04651126265525818,-0.06162545457482338,0.2759569585323334,0.14610344171524048,-0.03722723573446274,0.2908824384212494,0.16775745153427124,-0.009756360203027725
A,0.28756773471832275,0.4253183603286743,-1.1373816732884734e-06,0.16748952865600586,0.3844103217124939,-0.0322183296084404,0.06035900115966797,0.25278204679489136,-0.0433032363653183,0.004598140716552734,0.12293362617492676,-0.05854590982198715,0.0,0.013210117816925049,-0.06234215572476387,0.094920814037323,0.09185892343521118,0.02181115560233593,0.055056989192962646,0.0016199350357055664,-0.03489363193511963,0.08610999584197998,0.11806648969650269,-0.05917973816394806,0.11110156774520874,0.16301125288009644,-0.06641845405101776,0.1654897928237915,0.07210102677345276,0.01346429344266653,0.12666672468185425,0.0,-0.04081133380532265,0.1517748236656189,0.14236915111541748,-0.04282740503549576,0.1707010269165039,0.16054761409759521,-0.028619028627872467,0.24191796779632568,0.07273313403129578,-0.008692719042301178,0.2040279507637024,0.005552411079406738,-0.06570892035961151,0.21888291835784912,0.14782464504241943,-0.03648712858557701,0.23594683408737183,0.17338281869888306,-0.0003827777109108865,0.3228870630264282,0.08542543649673462,-0.035104669630527496,0.27764028310775757,0.046986132860183716,-0.06309223920106888,0.2769349217414856,0.14670485258102417,-0.03825506195425987,0.2924628257751465,0.170482337474823,-0.010379315353929996
A,0.28799256682395935,0.4230351448059082,-1.1201317420272972e-06,0.16655680537223816,0.3833227753639221,-0.034210823476314545,0.060257166624069214,0.25272536277770996,-0.04550172761082649,0.004716843366622925,0.12191814184188843,-0.06022956594824791,0.0,0.013414204120635986,-0.06294737756252289,0.09509673714637756,0.09325453639030457,0.02161489427089691,0.05775913596153259,0.0009238123893737793,-0.0332513302564621,0.08905407786369324,0.12093144655227661,-0.05579143017530441,0.11281117796897888,0.16153472661972046,-0.06271300464868546,0.1657959520816803,0.07227489352226257,0.01513243094086647,0.12841936945915222,0.0,-0.03911712393164635,0.15375062823295593,0.14549481868743896,-0.040353864431381226,0.17244145274162292,0.15880310535430908,-0.02568584494292736,0.24157336354255676,0.07271158695220947,-0.00523532647639513,0.20525017380714417,0.004081547260284424,-0.06221560388803482,0.21986690163612366,0.14592397212982178,-0.03252862021327019,0.2372359335422516,0.16493302583694458,0.0037131421267986298,0.32156530022621155,0.0843905508518219,-0.029990337789058685,0.27916404604911804,0.04613485932350159,-0.057684823870658875,0.27782586216926575,0.1451883316040039,-0.03318530321121216,0.29347994923591614,0.16533339023590088,-0.005815610289573669
A,0.2859227657318115,0.4223375618457794,-1.1368896366548142e-06,0.1655130386352539,0.3818254768848419,-0.03402376174926758,0.06064528226852417,0.25250378251075745,-0.04575825110077858,0.005155205726623535,0.12286016345024109,-0.060991302132606506,0.0,0.014034956693649292,-0.06434081494808197,0.09423750638961792,0.09259024262428284,0.020718513056635857,0.057517826557159424,0.0,-0.03451955318450928,0.08706516027450562,0.12170824408531189,-0.05723824352025986,0.11025774478912354,0.16331401467323303,-0.06418200582265854,0.1646222472190857,0.07221055030822754,0.014098192565143108,0.12738728523254395,0.0005474388599395752,-0.03925883024930954,0.1512361764907837,0.14669981598854065,-0.039921361953020096,0.1699925661087036,0.15939852595329285,-0.02520238235592842,0.24046438932418823,0.07232603430747986,-0.006350949872285128,0.20362699031829834,0.005340665578842163,-0.0625806376338005,0.21752744913101196,0.14753320813179016,-0.03237825632095337,0.23540329933166504,0.16671553254127502,0.0039061782881617546,0.3204842805862427,0.08373004198074341,-0.03120395354926586,0.2766951322555542,0.045683354139328,-0.05849967524409294,0.275607705116272,0.1450965702533722,-0.03341694548726082,0.2920776605606079,0.16601410508155823,-0.005675272084772587
A,0.2856495976448059,0.4197857975959778,-1.1156606660733814e-06,0.1662980318069458,0.38408565521240234,-0.035728178918361664,0.05914980173110962,0.25862324237823486,-0.04858782887458801,0.0030274391174316406,0.12896597385406494,-0.06407603621482849,0.0,0.020519256591796875,-0.06746051460504532,0.0904397964477539,0.09829553961753845,0.017648037523031235,0.05432325601577759,0.005054593086242676,-0.037502966821193695,0.08537232875823975,0.12472373247146606,-0.06001649796962738,0.1077079176902771,0.16675060987472534,-0.06695183366537094,0.16120702028274536,0.07592171430587769,0.01134160440415144,0.1241191029548645,0.0,-0.0439252071082592,0.1500086784362793,0.14402920007705688,-0.04580599442124367,0.168032705783844,0.1610264778137207,-0.031177178025245667,0.2368575930595398,0.07464748620986938,-0.008560296148061752,0.20109951496124268,0.004384160041809082,-0.06625239551067352,0.21762627363204956,0.143937885761261,-0.03753417730331421,0.23449313640594482,0.16377878189086914,-0.0016992101445794106,0.317268967628479,0.08459541201591492,-0.03275656700134277,0.2742283344268799,0.04846346378326416,-0.06142010912299156,0.2751014232635498,0.14676493406295776,-0.037629008293151855,0.2906002402305603,0.166124165058136,-0.010595790110528469
A,0.2847287952899933,0.4178619086742401,-1.1243934068261296e-06,0.16640982031822205,0.38365671038627625,-0.035980746150016785,0.06054380536079407,0.2574317753314972,-0.048810865730047226,0.004619091749191284,0.12771859765052795,-0.06431896984577179,0.0,0.018818646669387817,-0.06780490279197693,0.09199950098991394,0.09641611576080322,0.016741760075092316,0.05591967701911926,0.0033258795738220215,-0.03922736272215843,0.08627507090568542,0.12389442324638367,-0.061978187412023544,0.10876116156578064,0.1677636206150055,-0.06874530017375946,0.16216465830802917,0.07424139976501465,0.010621635243296623,0.12584760785102844,0.0,-0.04429745301604271,0.1513279378414154,0.14535459876060486,-0.04532270506024361,0.16939881443977356,0.1616416871547699,-0.030245965346693993,0.23764094710350037,0.07309958338737488,-0.009267964400351048,0.2028372585773468,0.005287975072860718,-0.06664162129163742,0.21877285838127136,0.14657190442085266,-0.03703026473522186,0.2354942262172699,0.16657289862632751,-0.0007766197668388486,0.31785860657691956,0.08312425017356873,-0.0335850864648819,0.2758375108242035,0.04827573895454407,-0.06201881915330887,0.27621403336524963,0.1477377712726593,-0.03779667243361473,0.2911899983882904,0.1673332154750824,-0.010514968074858189
A,0.28655436635017395,0.4147718548774719,-1.1210152024432318e-06,0.16532990336418152,0.38063132762908936,-0.034501273185014725,0.059760600328445435,0.2533773183822632,-0.045484188944101334,0.005028098821640015,0.12445002794265747,-0.05939392372965813,0.0,0.01876857876777649,-0.061321817338466644,0.0929480493068695,0.09670007228851318,0.018346304073929787,0.05650922656059265,0.0021991729736328125,-0.03628753870725632,0.08940836787223816,0.12366992235183716,-0.058324359357357025,0.11207416653633118,0.1643233299255371,-0.06506740301847458,0.1634264886379242,0.07535374164581299,0.011842137202620506,0.12782958149909973,0.0,-0.04241670295596123,0.15389779210090637,0.1467958688735962,-0.04342416673898697,0.170958012342453,0.16099655628204346,-0.028608091175556183,0.23871949315071106,0.07434949278831482,-0.008204871788620949,0.20489326119422913,0.0016135871410369873,-0.06532906740903854,0.22004303336143494,0.14527279138565063,-0.03550606966018677,0.23585662245750427,0.16552680730819702,0.0008572938968427479,0.31817618012428284,0.08383458852767944,-0.03257161006331444,0.27891620993614197,0.044394105672836304,-0.06116210296750069,0.2778662145137787,0.1457497477531433,-0.036575544625520706,0.2913854420185089,0.16749495267868042,-0.00891332421451807
A,0.2844299077987671,0.41405779123306274,-1.1557507377801812e-06,0.16469502449035645,0.38041216135025024,-0.03333532437682152,0.059428870677948,0.2539541721343994,-0.04462633281946182,0.005134999752044678,0.1237143874168396,-0.05913704261183739,0.0,0.016443729400634766,-0.06193651631474495,0.09281325340270996,0.09507134556770325,0.018252838402986526,0.0570107102394104,0.00097733736038208,-0.03744501248002052,0.08832460641860962,0.12226128578186035,-0.06018175557255745,0.11114370822906494,0.16770589351654053,-0.06681429594755173,0.1630520224571228,0.07405540347099304,0.011066806502640247,0.12737280130386353,0.0,-0.04290487989783287,0.15296858549118042,0.14637547731399536,-0.04374873638153076,0.17045515775680542,0.16349416971206665,-0.02890925481915474,0.23846572637557983,0.07259917259216309,-0.009625107981264591,0.20430517196655273,0.004107922315597534,-0.0667552649974823,0.21974247694015503,0.14783447980880737,-0.036866530776023865,0.23575466871261597,0.17049771547317505,-0.0004523898824118078,0.3185928463935852,0.08163958787918091,-0.03445605933666229,0.27698326110839844,0.04366108775138855,-0.06282487511634827,0.277219295501709,0.14541375637054443,-0.03769335150718689,0.29172372817993164,0.16783058643341064,-0.009653271175920963
A,0.28729644417762756,0.41408801078796387,-1.0966593890771037e-06,0.16684237122535706,0.3804200291633606,-0.037856604903936386,0.05981692671775818,0.25436824560165405,-0.0503537654876709,0.003703862428665161,0.12463915348052979,-0.06518260389566422,0.0,0.017792820930480957,-0.0676664412021637,0.09134355187416077,0.09268113970756531,0.015977192670106888,0.05671021342277527,0.0,-0.03866555169224739,0.08846786618232727,0.12355250120162964,-0.06068841740489006,0.10898807644844055,0.163651704788208,-0.0675520971417427,0.16236498951911926,0.07123565673828125,0.01132191438227892,0.1272834837436676,0.00013530254364013672,-0.04192374646663666,0.15261825919151306,0.1455216407775879,-0.042382799088954926,0.16843131184577942,0.15662527084350586,-0.0277942456305027,0.2383800446987152,0.0709635317325592,-0.007207544520497322,0.2053704559803009,0.002837955951690674,-0.06345956772565842,0.21979454159736633,0.14514046907424927,-0.03331340476870537,0.2343408167362213,0.1630914807319641,0.0026026570703834295,0.31811919808387756,0.08196383714675903,-0.030432522296905518,0.2796548902988434,0.04379570484161377,-0.058194879442453384,0.27841809391975403,0.1439538598060608,-0.03358343988656998,0.2908761203289032,0.165133535861969,-0.006358925253152847
A,0.2873091697692871,0.41386961936950684,-1.124814730246726e-06,0.16811078786849976,0.3810209035873413,-0.03548891097307205,0.06253963708877563,0.25630074739456177,-0.047766998410224915,0.007051795721054077,0.126051127910614,-0.06262901425361633,0.0,0.01844194531440735,-0.06551922857761383,0.09201610088348389,0.09460139274597168,0.01673288829624653,0.05937981605529785,0.0033439695835113525,-0.03840460255742073,0.09031403064727783,0.12342178821563721,-0.06112394109368324,0.11205202341079712,0.1659637689590454,-0.06824059784412384,0.16289281845092773,0.0730937123298645,0.010511157102882862,0.12869912385940552,0.0,-0.043732281774282455,0.15346437692642212,0.1440504789352417,-0.04547732323408127,0.17030447721481323,0.15839779376983643,-0.031475525349378586,0.238128662109375,0.07187208533287048,-0.00921553373336792,0.2062806487083435,0.004974722862243652,-0.06565099954605103,0.22062307596206665,0.14462357759475708,-0.03668910637497902,0.23546403646469116,0.16268706321716309,-0.0014967062743380666,0.317804753780365,0.08094581961631775,-0.03333738446235657,0.2793557047843933,0.045626819133758545,-0.06034686043858528,0.27916771173477173,0.1440500020980835,-0.03591578081250191,0.2928454279899597,0.16230785846710205,-0.009023402817547321
A,0.28547269105911255,0.4161304235458374,-1.118573436542647e-06,0.16644519567489624,0.37870097160339355,-0.034547436982393265,0.06082272529602051,0.25444209575653076,-0.046893831342458725,0.003838181495666504,0.12716782093048096,-0.06239709258079529,0.0,0.01965993642807007,-0.065931037068367,0.0936005711555481,0.09275668859481812,0.02040150575339794,0.05827125906944275,0.0004170536994934082,-0.03594423830509186,0.08806675672531128,0.12109869718551636,-0.06011759489774704,0.11060565710067749,0.1656532883644104,-0.06776750832796097,0.16380614042282104,0.07145053148269653,0.0140635771676898,0.12824606895446777,0.0,-0.039830468595027924,0.15254157781600952,0.14483189582824707,-0.04155704006552696,0.16988235712051392,0.15913742780685425,-0.027555542066693306,0.23929262161254883,0.07074278593063354,-0.006202114745974541,0.20477020740509033,0.004858613014221191,-0.06271536648273468,0.21859067678451538,0.14626115560531616,-0.03337642550468445,0.23463064432144165,0.1663367748260498,0.0023778860922902822,0.3191269040107727,0.08147087693214417,-0.03086063079535961,0.27690380811691284,0.045274972915649414,-0.05833306536078453,0.27579277753829956,0.14607077836990356,-0.03345976397395134,0.2904636263847351,0.1681687831878662,-0.005830651614814997
A,0.2877047061920166,0.4158668518066406,-1.1221895874768961e-06,0.16801178455352783,0.37764865159988403,-0.03448561951518059,0.06155198812484741,0.25479191541671753,-0.04721815511584282,0.005012959241867065,0.12585008144378662,-0.06313968449831009,0.0,0.0167427659034729,-0.06698229908943176,0.0949258804321289,0.09274286031723022,0.02038169652223587,0.0585176944732666,0.00032258033752441406,-0.03628987446427345,0.08852982521057129,0.11949282884597778,-0.060398612171411514,0.1115109920501709,0.161577045917511,-0.06813559681177139,0.16495835781097412,0.0716097354888916,0.013648532330989838,0.12860655784606934,0.0,-0.04124925285577774,0.15296459197998047,0.14407622814178467,-0.04319949820637703,0.1705983281135559,0.15687274932861328,-0.029219938442111015,0.23985731601715088,0.07029786705970764,-0.007051882799714804,0.20466333627700806,0.004999667406082153,-0.06470547616481781,0.21883171796798706,0.14594346284866333,-0.0355839878320694,0.2353142499923706,0.1642923355102539,0.00023107294691726565,0.31958240270614624,0.07974901795387268,-0.03211499750614166,0.2765467166900635,0.04485026001930237,-0.06026020646095276,0.27590715885162354,0.14517807960510254,-0.03572678193449974,0.2911977171897888,0.16542398929595947,-0.008284082636237144
A,0.2872582674026489,0.41477325558662415,-1.1058668860641774e-06,0.16847831010818481,0.3791324198246002,-0.03599969297647476,0.06184479594230652,0.2528623640537262,-0.04789408668875694,0.004545986652374268,0.12251070141792297,-0.06298606097698212,0.0,0.014071881771087646,-0.06605537980794907,0.09336638450622559,0.09425941109657288,0.020617056638002396,0.058151572942733765,0.0,-0.034940171986818314,0.08916318416595459,0.11961844563484192,-0.05778973549604416,0.11099815368652344,0.16178366541862488,-0.06463448703289032,0.16317081451416016,0.07183972001075745,0.014982672408223152,0.12860393524169922,0.00044092535972595215,-0.038302481174468994,0.15383929014205933,0.14394208788871765,-0.03924580663442612,0.1691393256187439,0.1556169092655182,-0.02478523924946785,0.2383316159248352,0.07024386525154114,-0.004791023675352335,0.20484000444412231,0.00254020094871521,-0.06180208921432495,0.21978414058685303,0.14437523484230042,-0.03213551640510559,0.23403185606002808,0.16374018788337708,0.003865520004183054,0.3177339434623718,0.08056911826133728,-0.029094148427248,0.27771031856536865,0.041946202516555786,-0.057601429522037506,0.27765488624572754,0.14226660132408142,-0.03292732685804367,0.29105520248413086,0.16474339365959167,-0.0053109778091311455
A,0.28907713294029236,0.41228705644607544,-1.11882377495931e-06,0.16984400153160095,0.37816697359085083,-0.035178668797016144,0.06292673945426941,0.25333887338638306,-0.04678011313080788,0.005528301000595093,0.12347191572189331,-0.06148868054151535,0.0,0.01563405990600586,-0.0640900582075119,0.09424975514411926,0.09489890933036804,0.020401915535330772,0.058694303035736084,0.0009022951126098633,-0.03565172851085663,0.09072497487068176,0.11846113204956055,-0.0588669590651989,0.11311408877372742,0.16094261407852173,-0.0657612606883049,0.16408905386924744,0.07336902618408203,0.014130095951259136,0.1293756663799286,0.0,-0.0401010699570179,0.15474346280097961,0.14301806688308716,-0.04176856577396393,0.17030015587806702,0.15641546249389648,-0.027478709816932678,0.2385719120502472,0.07146692276000977,-0.006155084818601608,0.205836683511734,0.002951681613922119,-0.06415761262178421,0.22075197100639343,0.14476090669631958,-0.03531533479690552,0.23495325446128845,0.1652698516845703,0.0006158528849482536,0.31794479489326477,0.08031031489372253,-0.030777474865317345,0.278243750333786,0.04170280694961548,-0.05971260368824005,0.27850285172462463,0.1415959596633911,-0.03529563546180725,0.292123407125473,0.1632518172264099,-0.007603572681546211
A,0.2887531816959381,0.4094356298446655,-1.1384327081032097e-06,0.16731157898902893,0.3772922158241272,-0.034084465354681015,0.06099769473075867,0.2497444748878479,-0.044179562479257584,0.006055355072021484,0.11951953172683716,-0.057024404406547546,0.0,0.01415020227432251,-0.05786614120006561,0.09333094954490662,0.09345510601997375,0.018259704113006592,0.059369802474975586,0.0,-0.03375004976987839,0.09110847115516663,0.12323546409606934,-0.053631167858839035,0.11198422312736511,0.16147315502166748,-0.05959280952811241,0.1630476415157318,0.07123681902885437,0.01236897986382246,0.12899908423423767,0.0005711019039154053,-0.03897637128829956,0.15485063195228577,0.14691835641860962,-0.03824993968009949,0.17146703600883484,0.15686678886413574,-0.023367486894130707,0.23793908953666687,0.0696125328540802,-0.006836550310254097,0.2047748863697052,0.00035011768341064453,-0.061527978628873825,0.21956631541252136,0.14340317249298096,-0.030924933031201363,0.23478272557258606,0.16094183921813965,0.004763753619045019,0.3166331946849823,0.0784057080745697,-0.030358843505382538,0.27758362889289856,0.042231619358062744,-0.057048145681619644,0.2771165668964386,0.14284449815750122,-0.0321505181491375,0.2907329499721527,0.16249936819076538,-0.005108088720589876
A,0.2886899709701538,0.40681686997413635,-1.1443335097283125e-06,0.16879123449325562,0.3757428228855133,-0.03408759832382202,0.06234079599380493,0.25042352080345154,-0.044752731919288635,0.006618618965148926,0.11970016360282898,-0.058233026415109634,0.0,0.013435810804367065,-0.05972942337393761,0.09460890293121338,0.09297767281532288,0.018354646861553192,0.0606154203414917,0.000243455171585083,-0.0354369655251503,0.0923614501953125,0.12140116095542908,-0.05640268325805664,0.11415815353393555,0.16112789511680603,-0.06260769814252853,0.16438591480255127,0.07087388634681702,0.012036395259201527,0.13041526079177856,0.0,-0.0408041775226593,0.15610790252685547,0.14497950673103333,-0.0407911092042923,0.17285871505737305,0.1560700237751007,-0.025957481935620308,0.23876595497131348,0.06861311197280884,-0.007782227825373411,0.2054433822631836,0.0008921325206756592,-0.06377240270376205,0.22102200984954834,0.14291390776634216,-0.0335502102971077,0.23664450645446777,0.16014185547828674,0.002363579347729683,0.3175162672996521,0.07585197687149048,-0.031874995678663254,0.2775517702102661,0.04218268394470215,-0.059221476316452026,0.2783432602882385,0.14191916584968567,-0.03455235809087753,0.29296278953552246,0.15932801365852356,-0.007418256253004074
A,0.2860416769981384,0.4090389907360077,-1.1195243132533506e-06,0.16671150922775269,0.37588462233543396,-0.03348527476191521,0.06131243705749512,0.2505597770214081,-0.044830843806266785,0.007217705249786377,0.12219610810279846,-0.05903242900967598,0.0,0.01634889841079712,-0.061491575092077255,0.09149038791656494,0.0931607186794281,0.01775517500936985,0.057747840881347656,0.0,-0.03717059642076492,0.08899253606796265,0.11917632818222046,-0.059771161526441574,0.11077654361724854,0.16308030486106873,-0.06654400378465652,0.16174286603927612,0.07165125012397766,0.010925962589681149,0.1277027726173401,0.00032332539558410645,-0.04225390404462814,0.15299421548843384,0.1423722803592682,-0.04362045228481293,0.16936498880386353,0.1566990315914154,-0.029687656089663506,0.23672759532928467,0.06988176703453064,-0.009329192340373993,0.20393753051757812,0.0034407079219818115,-0.06526745110750198,0.21957772970199585,0.1436689794063568,-0.036171913146972656,0.2345876693725586,0.16397514939308167,-0.0010281740687787533,0.3159588575363159,0.07808727025985718,-0.03379111364483833,0.2760183811187744,0.04343521595001221,-0.06118541955947876,0.27681970596313477,0.14366814494132996,-0.03682135045528412,0.2907259464263916,0.16388091444969177,-0.009893763810396194
A,0.2846533954143524,0.4100140929222107,-1.1426427590777166e-06,0.16598781943321228,0.3784239888191223,-0.034367673099040985,0.060333818197250366,0.2526471018791199,-0.045827753841876984,0.006115347146987915,0.12215852737426758,-0.05995849519968033,0.0,0.015632808208465576,-0.062130626291036606,0.08994778990745544,0.0929991602897644,0.01655983179807663,0.05797186493873596,0.0,-0.038535721600055695,0.08831605315208435,0.12119054794311523,-0.060678258538246155,0.10829809308052063,0.16358232498168945,-0.06734661757946014,0.16059359908103943,0.07144343852996826,0.010072157718241215,0.1273650825023651,0.0015793144702911377,-0.04314448684453964,0.15175631642341614,0.14506405591964722,-0.04381716251373291,0.1666986644268036,0.15659356117248535,-0.029662009328603745,0.235929936170578,0.06951862573623657,-0.009953989647328854,0.20368602871894836,0.004494607448577881,-0.06658552587032318,0.2187870442867279,0.1464838981628418,-0.03695406764745712,0.2330322563648224,0.16503214836120605,-0.0015936464769765735,0.3153236210346222,0.07745543122291565,-0.03424423560500145,0.27587565779685974,0.043552786111831665,-0.06240181624889374,0.27653494477272034,0.14508938789367676,-0.037978269159793854,0.289998322725296,0.1646747589111328,-0.011028007604181767
A,0.28452616930007935,0.4097422957420349,-1.1134504802612355e-06,0.1649450659751892,0.3759537935256958,-0.03218313306570053,0.058770716190338135,0.25180578231811523,-0.043441083282232285,0.003958582878112793,0.12361550331115723,-0.0579511858522892,0.0,0.017731785774230957,-0.06069677695631981,0.09375059604644775,0.09436208009719849,0.018540821969509125,0.05794346332550049,0.0,-0.03589120879769325,0.08737510442733765,0.11872157454490662,-0.05833233892917633,0.10972005128860474,0.16017252206802368,-0.06541410088539124,0.16283702850341797,0.07278111577033997,0.011504939757287502,0.12840700149536133,0.0006248950958251953,-0.04064568877220154,0.15204286575317383,0.14162182807922363,-0.041340555995702744,0.1685781478881836,0.15229660272598267,-0.02747693657875061,0.23649412393569946,0.07051265239715576,-0.00882202759385109,0.20206177234649658,0.001608431339263916,-0.06340610235929489,0.21667689085006714,0.14001649618148804,-0.033747654408216476,0.23283326625823975,0.15708458423614502,0.0011981087736785412,0.3148092031478882,0.0779695212841034,-0.033365171402692795,0.27392905950546265,0.041728585958480835,-0.06014839932322502,0.27377045154571533,0.1408836841583252,-0.03570795804262161,0.2884790301322937,0.16057097911834717,-0.008977211080491543
A,0.2831317186355591,0.4087616503238678,-1.131721660385665e-06,0.16417402029037476,0.3759884536266327,-0.03209642320871353,0.05811995267868042,0.25195249915122986,-0.0437023788690567,0.0025426745414733887,0.12406021356582642,-0.058523837476968765,0.0,0.017824888229370117,-0.06147775053977966,0.09299683570861816,0.09325531125068665,0.017518658190965652,0.056710392236709595,0.0,-0.037299081683158875,0.08573752641677856,0.11953714489936829,-0.05971738323569298,0.10816353559494019,0.16110089421272278,-0.06677989661693573,0.16189336776733398,0.07191792130470276,0.01033865101635456,0.1264134645462036,0.0008765161037445068,-0.042101796716451645,0.15005338191986084,0.14261093735694885,-0.04223814606666565,0.16737914085388184,0.15336039662361145,-0.027906788513064384,0.23555463552474976,0.06979426741600037,-0.010103078559041023,0.20053023099899292,0.0030780434608459473,-0.06490674614906311,0.21523892879486084,0.14174827933311462,-0.034646619111299515,0.2319539189338684,0.1583549678325653,0.0007752206875011325,0.3138899803161621,0.07740724086761475,-0.03475997596979141,0.27231365442276,0.042307883501052856,-0.061567388474941254,0.27228790521621704,0.14145967364311218,-0.03684571012854576,0.2873794436454773,0.16040155291557312,-0.00987591315060854
A,0.28513073921203613,0.4103461503982544,-1.1218288591408054e-06,0.165086030960083,0.37580347061157227,-0.035734523087739944,0.060062915086746216,0.24901020526885986,-0.04778824746608734,0.004658102989196777,0.12107127904891968,-0.06226098909974098,0.0,0.01591271162033081,-0.06460805237293243,0.09330159425735474,0.09093186259269714,0.015898562967777252,0.058129072189331055,0.0009699463844299316,-0.03794995695352554,0.08994728326797485,0.1241627037525177,-0.059178851544857025,0.11133843660354614,0.1610119342803955,-0.06595250964164734,0.16350919008255005,0.0695895254611969,0.010028705932199955,0.1284281611442566,0.0,-0.043386347591876984,0.15306252241134644,0.14588958024978638,-0.04344426468014717,0.1699092984199524,0.15530747175216675,-0.02855543978512287,0.23847216367721558,0.06863108277320862,-0.00932261161506176,0.20397120714187622,0.002807796001434326,-0.06504931300878525,0.21867960691452026,0.14427095651626587,-0.03420999273657799,0.23508334159851074,0.1593867540359497,0.0019522585207596421,0.31722205877304077,0.07750794291496277,-0.03321487456560135,0.2763094902038574,0.04551374912261963,-0.060194194316864014,0.2765376567840576,0.14473652839660645,-0.035137057304382324,0.29210031032562256,0.160802960395813,-0.00784605648368597
A,0.28952422738075256,0.40947937965393066,-1.1184566801603069e-06,0.1684844195842743,0.3768356442451477,-0.03429395705461502,0.060415416955947876,0.2527428865432739,-0.045676566660404205,0.003177136182785034,0.12561967968940735,-0.059645093977451324,0.0,0.019565105438232422,-0.06124178320169449,0.09074017405509949,0.09410953521728516,0.018133971840143204,0.056729257106781006,0.0,-0.03636162355542183,0.09000816941261292,0.12177953124046326,-0.05827859044075012,0.11075225472450256,0.16153943538665771,-0.06500286608934402,0.16088059544563293,0.0715370774269104,0.012298011220991611,0.1267555058002472,0.000492393970489502,-0.041169509291648865,0.1544581949710846,0.1443001627922058,-0.041923731565475464,0.17005810141563416,0.1543542742729187,-0.027333032339811325,0.2362023890018463,0.06920677423477173,-0.006976504344493151,0.2018110454082489,0.004282742738723755,-0.06236417964100838,0.21976670622825623,0.14393198490142822,-0.032367318868637085,0.23535171151161194,0.1577814221382141,0.0032784228678792715,0.3154122531414032,0.07691431045532227,-0.030553165823221207,0.2741672694683075,0.04622775316238403,-0.05694231018424034,0.27678588032722473,0.14480608701705933,-0.032125361263751984,0.29223373532295227,0.15985214710235596,-0.005001557990908623
A,0.2852281928062439,0.4099048376083374,-1.1166113154104096e-06,0.16716235876083374,0.3712273836135864,-0.03216889873147011,0.06237435340881348,0.24907326698303223,-0.04338660463690758,0.004817873239517212,0.12315821647644043,-0.058068037033081055,0.0,0.016459017992019653,-0.06107853725552559,0.09192657470703125,0.09344461560249329,0.022751986980438232,0.05838772654533386,0.001371145248413086,-0.03269251808524132,0.08931618928909302,0.1160631775856018,-0.057160813361406326,0.11148238182067871,0.16175615787506104,-0.06485217809677124,0.16176867485046387,0.07254928350448608,0.015598618425428867,0.12881195545196533,0.0,-0.037597451359033585,0.15431886911392212,0.13827061653137207,-0.04077690839767456,0.16946417093276978,0.15592670440673828,-0.027912653982639313,0.235958993434906,0.07081237435340881,-0.00506324740126729,0.20428675413131714,0.002682983875274658,-0.05983222275972366,0.22047537565231323,0.1385086178779602,-0.03195526450872421,0.23427993059158325,0.16056311130523682,0.0023931830655783415,0.31454998254776,0.08033078908920288,-0.029903331771492958,0.27618902921676636,0.04322558641433716,-0.055647481232881546,0.27779829502105713,0.14002615213394165,-0.03136628866195679,0.2915741205215454,0.16010665893554688,-0.0045589255169034
A,0.28612053394317627,0.41248804330825806,-1.1042031928809593e-06,0.1656460165977478,0.3749568462371826,-0.03127386048436165,0.060288846492767334,0.24995744228363037,-0.04126574471592903,0.005365192890167236,0.12468019127845764,-0.054595910012722015,0.0,0.019850969314575195,-0.05628859996795654,0.09191888570785522,0.0934949517250061,0.021312732249498367,0.0580708384513855,0.0028598010540008545,-0.0309686791151762,0.09009695053100586,0.12150108814239502,-0.052450601011514664,0.11175370216369629,0.16201472282409668,-0.05916806682944298,0.162006676197052,0.07276162505149841,0.01373451016843319,0.12785601615905762,0.0,-0.038131941109895706,0.15351808071136475,0.14133453369140625,-0.039565086364746094,0.17013591527938843,0.156019926071167,-0.02570299804210663,0.23661470413208008,0.07199031114578247,-0.00691807409748435,0.20470565557479858,0.0039185285568237305,-0.06078403815627098,0.21977156400680542,0.1406707763671875,-0.03204511106014252,0.23441797494888306,0.1593969464302063,0.002530640223994851,0.31537097692489624,0.08227872848510742,-0.03169314190745354,0.2770422101020813,0.04386168718338013,-0.05709237977862358,0.2765093445777893,0.14189505577087402,-0.03232617303729057,0.289725661277771,0.162761390209198,-0.005440525710582733
A,0.28184276819229126,0.4129103422164917,-1.1087311122537358e-06,0.16216552257537842,0.37442076206207275,-0.033639565110206604,0.059101641178131104,0.2499932050704956,-0.04522299766540527,0.003922700881958008,0.12297943234443665,-0.059986941516399384,0.0,0.01688230037689209,-0.06313242018222809,0.09190130233764648,0.09214869141578674,0.020100906491279602,0.05618792772293091,0.0016723573207855225,-0.034282878041267395,0.08690232038497925,0.12083986401557922,-0.05710254982113838,0.10985493659973145,0.16346007585525513,-0.06409125030040741,0.16199606657028198,0.07290506362915039,0.013620886951684952,0.1260288953781128,0.0,-0.03964584320783615,0.15022331476211548,0.14372074604034424,-0.04119740054011345,0.16868406534194946,0.16039031744003296,-0.026861144229769707,0.23654937744140625,0.07358407974243164,-0.006349845789372921,0.20256048440933228,0.00498121976852417,-0.06206408143043518,0.21608471870422363,0.14569997787475586,-0.032989680767059326,0.23268896341323853,0.16857701539993286,0.002744543133303523,0.31550145149230957,0.08544009923934937,-0.030567407608032227,0.2744358777999878,0.047144681215286255,-0.057598721235990524,0.27367937564849854,0.14545732736587524,-0.03307951241731644,0.2891519069671631,0.16681230068206787,-0.005669784266501665
A,0.2857183814048767,0.40832504630088806,-1.1268896287219832e-06,0.1665632724761963,0.37698104977607727,-0.03528584912419319,0.06178337335586548,0.25278815627098083,-0.047048911452293396,0.006902456283569336,0.12310481071472168,-0.06131809204816818,0.0,0.016874581575393677,-0.0635734423995018,0.09090149402618408,0.09399718046188354,0.017268359661102295,0.05947434902191162,0.0,-0.037644997239112854,0.08933418989181519,0.12146839499473572,-0.06014951318502426,0.10977983474731445,0.16433891654014587,-0.0670454278588295,0.16111856698989868,0.07259714603424072,0.011386017315089703,0.12858402729034424,0.00018325448036193848,-0.04213496670126915,0.15288960933685303,0.14429721236228943,-0.043707627803087234,0.16794121265411377,0.15768727660179138,-0.029789308086037636,0.23535758256912231,0.07074889540672302,-0.008004183880984783,0.2038094401359558,0.002721458673477173,-0.06473172456026077,0.2186604142189026,0.14447781443595886,-0.03557224199175835,0.2326691746711731,0.16418662667274475,-0.00013197837688494474,0.31403088569641113,0.07920360565185547,-0.03169553354382515,0.2755553722381592,0.041927188634872437,-0.05988696962594986,0.2759547829627991,0.14269563555717468,-0.03531476482748985,0.28845518827438354,0.16456004977226257,-0.007944627664983273
A,0.2844148278236389,0.4138926565647125,-1.0997360959663638e-06,0.16620784997940063,0.3763624131679535,-0.03243790939450264,0.06286939978599548,0.25335565209388733,-0.043521344661712646,0.0068881213665008545,0.12471628189086914,-0.058377739042043686,0.0,0.01728084683418274,-0.061782583594322205,0.09489673376083374,0.09597766399383545,0.0232839398086071,0.05924922227859497,0.002423018217086792,-0.03115294687449932,0.08879971504211426,0.11790549755096436,-0.05441273748874664,0.11189132928848267,0.16287168860435486,-0.061397116631269455,0.16394096612930298,0.07493194937705994,0.01616266742348671,0.12894207239151,0.0,-0.0359470397233963,0.15283942222595215,0.14066699147224426,-0.037700358778238297,0.17044174671173096,0.15741130709648132,-0.023845838382840157,0.23801106214523315,0.0740090012550354,-0.004661019891500473,0.20502370595932007,0.004266411066055298,-0.05924830213189125,0.21867990493774414,0.14182016253471375,-0.03084767796099186,0.23428505659103394,0.16447314620018005,0.003962965682148933,0.3171190619468689,0.08427181839942932,-0.029738634824752808,0.27765095233917236,0.04505029320716858,-0.05570496618747711,0.27644115686416626,0.14189764857292175,-0.0314435213804245,0.2903372645378113,0.16373059153556824,-0.004637559410184622
A,0.2866474390029907,0.4088441729545593,-1.1250790521444287e-06,0.16571283340454102,0.37504565715789795,-0.03457013517618179,0.05921965837478638,0.24939125776290894,-0.0461035817861557,0.002991318702697754,0.11971414089202881,-0.06018147990107536,0.0,0.013094425201416016,-0.06199733540415764,0.09000581502914429,0.09178605675697327,0.0177609920501709,0.05612143874168396,0.0008122920989990234,-0.03568495437502861,0.08936828374862671,0.12268370389938354,-0.05669752135872841,0.11004400253295898,0.159803569316864,-0.06325960904359818,0.15995115041732788,0.070333331823349,0.01170335803180933,0.1256657838821411,0.0,-0.04111302271485329,0.15237516164779663,0.14452111721038818,-0.04115426540374756,0.16790509223937988,0.15429437160491943,-0.026283064857125282,0.23476630449295044,0.06811356544494629,-0.007777526043355465,0.20155411958694458,0.0040392279624938965,-0.06344752013683319,0.21836519241333008,0.14488554000854492,-0.033001966774463654,0.2337004542350769,0.15977823734283447,0.003008264349773526,0.3137364983558655,0.07575342059135437,-0.03158268705010414,0.27336180210113525,0.043973714113235474,-0.05827387794852257,0.27530282735824585,0.14335012435913086,-0.03302465379238129,0.2902725338935852,0.1600317358970642,-0.005534011404961348
A,0.28070884943008423,0.41450753808021545,-1.1248495184190688e-06,0.16241741180419922,0.3735230267047882,-0.03129419684410095,0.059501320123672485,0.24955937266349792,-0.04269297420978546,0.0034393668174743652,0.12296819686889648,-0.057906460016965866,0.0,0.01590070128440857,-0.06158149614930153,0.09292012453079224,0.09512123465538025,0.0206745695322752,0.05745506286621094,0.0,-0.03456977754831314,0.0872315764427185,0.11799541115760803,-0.05802168697118759,0.1094929575920105,0.16160830855369568,-0.06522220373153687,0.16248714923858643,0.07649591565132141,0.012910137884318829,0.1277790665626526,5.272030830383301e-05,-0.03917135298252106,0.1515408158302307,0.14204511046409607,-0.04009042680263519,0.16874217987060547,0.1574651300907135,-0.02609655074775219,0.23718971014022827,0.0762496292591095,-0.008202746510505676,0.20428359508514404,0.0024900436401367188,-0.06296830624341965,0.21782314777374268,0.1422792375087738,-0.03278355300426483,0.23365002870559692,0.16636934876441956,0.0031552978325635195,0.3161666989326477,0.08703228831291199,-0.03346612676978111,0.2769596576690674,0.04067808389663696,-0.059728655964136124,0.27530187368392944,0.14030155539512634,-0.03379363939166069,0.28919756412506104,0.16630640625953674,-0.0056181843392550945
A,0.28240346908569336,0.4116489887237549,-1.1122311889266712e-06,0.162980854511261,0.3789306879043579,-0.03478618711233139,0.057427823543548584,0.2517024278640747,-0.04562801867723465,0.0033219456672668457,0.12275713682174683,-0.05912597477436066,0.0,0.018229961395263672,-0.060214266180992126,0.08741569519042969,0.09340822696685791,0.018152646720409393,0.05324268341064453,0.0,-0.03518664836883545,0.08511883020401001,0.12232127785682678,-0.056069038808345795,0.10693967342376709,0.16077476739883423,-0.06236083060503006,0.15812242031097412,0.0720863938331604,0.012362833134829998,0.12383365631103516,0.0012753307819366455,-0.04101332277059555,0.14904248714447021,0.14586138725280762,-0.04143907502293587,0.16640007495880127,0.15470349788665771,-0.02659405581653118,0.23313826322555542,0.07130983471870422,-0.006944712251424789,0.20046645402908325,0.007072269916534424,-0.06289006024599075,0.21552813053131104,0.14751750230789185,-0.03300746530294418,0.23194873332977295,0.16160637140274048,0.0027124257758259773,0.3120443820953369,0.07990089058876038,-0.03065960854291916,0.2722669839859009,0.046046674251556396,-0.05708518624305725,0.27192431688308716,0.14488065242767334,-0.03223658353090286,0.2865346074104309,0.16185927391052246,-0.00516654783859849
A,0.2796810269355774,0.41065511107444763,-1.1404113138269167e-06,0.16229945421218872,0.3735145032405853,-0.033819764852523804,0.05898082256317139,0.24714979529380798,-0.04536483809351921,0.0028984546661376953,0.12064379453659058,-0.06015928462147713,0.0,0.014396578073501587,-0.0629844069480896,0.08950644731521606,0.09009212255477905,0.019120225682854652,0.05511540174484253,0.0,-0.03692839294672012,0.08690810203552246,0.11925461888313293,-0.05985318869352341,0.10892897844314575,0.1599436104297638,-0.06661630421876907,0.15942317247390747,0.0698905885219574,0.012272782623767853,0.12453854084014893,0.0007805228233337402,-0.04142865911126137,0.15044379234313965,0.1446586549282074,-0.0418216846883297,0.16705995798110962,0.15653583407402039,-0.026737328618764877,0.23443281650543213,0.06866839528083801,-0.00833294726908207,0.20097893476486206,0.005730539560317993,-0.06530410051345825,0.21637624502182007,0.1475299894809723,-0.03508114442229271,0.2315690517425537,0.16596272587776184,0.001489049755036831,0.31375616788864136,0.07853299379348755,-0.033242758363485336,0.2733449339866638,0.04262816905975342,-0.06075377017259598,0.27355217933654785,0.1427907645702362,-0.035162605345249176,0.28774380683898926,0.16319498419761658,-0.006922680884599686
A,0.279187947511673,0.4093509912490845,-1.1308350167382741e-06,0.16045448184013367,0.3771980404853821,-0.0349905863404274,0.05718886852264404,0.2519388198852539,-0.0466834232211113,0.00388944149017334,0.12267187237739563,-0.06119976565241814,0.0,0.018098413944244385,-0.06372322142124176,0.08788260817527771,0.09620171785354614,0.016023939475417137,0.053610384464263916,0.0,-0.03982551768422127,0.08535996079444885,0.12191805243492126,-0.061627697199583054,0.10764864087104797,0.16395002603530884,-0.06758826225996017,0.1585429608821869,0.07611677050590515,0.009910602122545242,0.12461772561073303,0.0038794279098510742,-0.044574011117219925,0.14943978190422058,0.14930474758148193,-0.04469427093863487,0.16606608033180237,0.16128641366958618,-0.029298480600118637,0.2334572970867157,0.07503014802932739,-0.00982086081057787,0.20034512877464294,0.008109807968139648,-0.06757311522960663,0.21577122807502747,0.15124863386154175,-0.036919448524713516,0.2321285903453827,0.16996043920516968,6.0822072555311024e-05,0.31254586577415466,0.08349451422691345,-0.033865053206682205,0.2719956934452057,0.046962738037109375,-0.06235532462596893,0.27272990345954895,0.14768487215042114,-0.037111978977918625,0.28779593110084534,0.16804635524749756,-0.009014562703669071
A,0.2820894718170166,0.410622775554657,-1.127279688262206e-06,0.16365361213684082,0.3765072226524353,-0.032283637672662735,0.06015428900718689,0.2507566809654236,-0.042425110936164856,0.006606072187423706,0.12053924798965454,-0.05588742345571518,0.0,0.014574050903320312,-0.05769457668066025,0.09082669019699097,0.09502282738685608,0.021533960476517677,0.05878099799156189,0.0,-0.033145517110824585,0.08894824981689453,0.11723682284355164,-0.056129664182662964,0.11026930809020996,0.16232848167419434,-0.06290093064308167,0.1608256697654724,0.07501882314682007,0.014546028338372707,0.12841111421585083,0.0018113255500793457,-0.03832441568374634,0.1522815227508545,0.142836332321167,-0.04032180458307266,0.16804856061935425,0.15823209285736084,-0.02662416733801365,0.23489463329315186,0.0743318498134613,-0.005966374650597572,0.20379549264907837,0.0072476863861083984,-0.061112161725759506,0.21816545724868774,0.14546966552734375,-0.03276398405432701,0.23223388195037842,0.16541337966918945,0.0019090005662292242,0.3136753439903259,0.08333268761634827,-0.030646683648228645,0.27576833963394165,0.046131432056427,-0.0567869208753109,0.2760463356971741,0.14406591653823853,-0.032401349395513535,0.28950589895248413,0.16353654861450195,-0.005597794894129038
A,0.27834412455558777,0.4128289818763733,-1.1110026889582514e-06,0.1601713001728058,0.373518168926239,-0.03142910078167915,0.05733442306518555,0.2476370930671692,-0.042154062539339066,0.003804713487625122,0.12088623642921448,-0.05654201656579971,0.0,0.015171051025390625,-0.05947408452630043,0.09067091345787048,0.09255212545394897,0.021310219541192055,0.05563971400260925,0.0,-0.033437859266996384,0.08676871657371521,0.11538735032081604,-0.05658366158604622,0.10912594199180603,0.15945661067962646,-0.06348095089197159,0.16053810715675354,0.07316899299621582,0.013450510799884796,0.1259044110774994,9.140372276306152e-05,-0.03984365612268448,0.15061542391777039,0.1394544243812561,-0.0419093482196331,0.16778406500816345,0.15626800060272217,-0.028035040944814682,0.23500648140907288,0.07273668050765991,-0.007759667467325926,0.20231851935386658,0.0065652430057525635,-0.06331858783960342,0.21752610802650452,0.14397895336151123,-0.03470481559634209,0.2333548367023468,0.16551685333251953,0.0004628124588634819,0.3141959011554718,0.08311372995376587,-0.03305807337164879,0.27381983399391174,0.045453429222106934,-0.059696149080991745,0.27429696917533875,0.1438959240913391,-0.034844812005758286,0.28924790024757385,0.1655694842338562,-0.007437128573656082
A,0.2735685706138611,0.41735905408859253,-1.125799713008746e-06,0.1544002890586853,0.3743705749511719,-0.03076758049428463,0.05490374565124512,0.24678349494934082,-0.04116201028227806,0.0034172236919403076,0.11985301971435547,-0.05534413456916809,0.0,0.01549839973449707,-0.05802055448293686,0.09172815084457397,0.09404534101486206,0.021994950249791145,0.05865350365638733,0.0,-0.03318992629647255,0.08621710538864136,0.1186639666557312,-0.056606508791446686,0.1087343692779541,0.16600918769836426,-0.06336240470409393,0.16216880083084106,0.07655787467956543,0.014568766579031944,0.128900408744812,0.004547595977783203,-0.03860105946660042,0.15123695135116577,0.14585208892822266,-0.04041435569524765,0.16961216926574707,0.16346383094787598,-0.02633339911699295,0.2365754246711731,0.07787162065505981,-0.006231687031686306,0.20411765575408936,0.01310071349143982,-0.06087184697389603,0.21658438444137573,0.15053749084472656,-0.032190851867198944,0.23295515775680542,0.17197173833847046,0.0029241684824228287,0.31537026166915894,0.08979669213294983,-0.031099481508135796,0.2751539349555969,0.052377164363861084,-0.05646051838994026,0.27375084161758423,0.14911144971847534,-0.031696803867816925,0.28883951902389526,0.16932225227355957,-0.004479055292904377
A,0.275968074798584,0.41931039094924927,-1.1335396266076714e-06,0.15892863273620605,0.3881790041923523,-0.037393901497125626,0.05463165044784546,0.25612062215805054,-0.0497407503426075,0.0011472105979919434,0.1238141655921936,-0.06414530426263809,0.0,0.01790088415145874,-0.06610739976167679,0.08923596143722534,0.09556618332862854,0.011678791604936123,0.05534958839416504,0.0,-0.04192383587360382,0.08446139097213745,0.12775647640228271,-0.061986375600099564,0.10437804460525513,0.16653227806091309,-0.06803222000598907,0.1601002812385559,0.07663586735725403,0.006650167983025312,0.12606728076934814,0.0033607780933380127,-0.04654858633875847,0.14721083641052246,0.15273445844650269,-0.04556330293416977,0.16464126110076904,0.1622699499130249,-0.030019383877515793,0.23544543981552124,0.07909408211708069,-0.011733031831681728,0.2024328112602234,0.010925471782684326,-0.0675063282251358,0.2141919732093811,0.1557292342185974,-0.03567635640501976,0.23143303394317627,0.17155933380126953,0.00102119124494493,0.31410354375839233,0.09094274044036865,-0.03475973755121231,0.27459973096847534,0.05581912398338318,-0.06172255799174309,0.2720337510108948,0.156022310256958,-0.036335207521915436,0.28710007667541504,0.17308425903320312,-0.008966965600848198
A,0.2757089138031006,0.41764694452285767,-1.1241883157708799e-06,0.15741246938705444,0.3781437277793884,-0.03281673043966293,0.055554330348968506,0.2496684193611145,-0.04452101141214371,0.003816545009613037,0.11970743536949158,-0.05953981727361679,0.0,0.01267474889755249,-0.06293662637472153,0.08929753303527832,0.09277355670928955,0.018607638776302338,0.05646467208862305,0.00012540817260742188,-0.037138476967811584,0.08585655689239502,0.11697018146514893,-0.0604720264673233,0.10802364349365234,0.1609521508216858,-0.06755588948726654,0.15950143337249756,0.0740782618522644,0.010887902230024338,0.12649595737457275,0.0,-0.04298626631498337,0.14978641271591187,0.14240604639053345,-0.04450239613652229,0.16688072681427002,0.15867018699645996,-0.030204404145479202,0.2341209053993225,0.07507330179214478,-0.010253967717289925,0.2028009295463562,0.008840978145599365,-0.0663520023226738,0.21632206439971924,0.1480255126953125,-0.036893945187330246,0.23161011934280396,0.16849899291992188,-0.001186032546684146,0.31319206953048706,0.08702081441879272,-0.03561341017484665,0.2736929655075073,0.049551427364349365,-0.06239263713359833,0.2733418941497803,0.1479930281639099,-0.03706226870417595,0.28765255212783813,0.16804063320159912,-0.009334389120340347
A,0.2756635546684265,0.41802945733070374,-1.1211374157937826e-06,0.1552741527557373,0.3784455955028534,-0.032311733812093735,0.05536949634552002,0.2499561607837677,-0.04303913936018944,0.0051403045654296875,0.11907804012298584,-0.057032182812690735,0.0,0.01360359787940979,-0.059386663138866425,0.0908651351928711,0.0979824960231781,0.019291793927550316,0.05893969535827637,0.0,-0.034787438809871674,0.08698832988739014,0.1213982105255127,-0.05677517130970955,0.10787242650985718,0.1655508577823639,-0.0632922574877739,0.1614704728126526,0.07982099056243896,0.01243672426789999,0.12851113080978394,0.003735154867172241,-0.04011407494544983,0.1500517725944519,0.14739027619361877,-0.04116472229361534,0.16701644659042358,0.16175523400306702,-0.027167614549398422,0.23615050315856934,0.0811067521572113,-0.007689496036618948,0.20362365245819092,0.010194063186645508,-0.06230006366968155,0.2160555124282837,0.14937594532966614,-0.03280363976955414,0.23262262344360352,0.1685812771320343,0.0022550891153514385,0.31476300954818726,0.0918286144733429,-0.03199587017297745,0.2745412588119507,0.055650293827056885,-0.05789570510387421,0.27305275201797485,0.1532086431980133,-0.03335639834403992,0.28848332166671753,0.17195793986320496,-0.006718998309224844
A,0.2730734348297119,0.4201909899711609,-1.1200437484149006e-06,0.1563766598701477,0.37697017192840576,-0.03195352479815483,0.05557936429977417,0.2486633062362671,-0.043583888560533524,0.0029588937759399414,0.12050092220306396,-0.05875922739505768,0.0,0.013887584209442139,-0.0622888021171093,0.0899006724357605,0.09477818012237549,0.01851813681423664,0.056442975997924805,0.0,-0.03716175630688667,0.08660972118377686,0.11657029390335083,-0.06033032014966011,0.10907214879989624,0.16226381063461304,-0.06695032864809036,0.16022789478302002,0.07813027501106262,0.010711963288486004,0.12780600786209106,0.0010080337524414062,-0.042864684015512466,0.15069043636322021,0.1436152160167694,-0.044406842440366745,0.16686534881591797,0.1627662181854248,-0.03005642257630825,0.23459720611572266,0.08018496632575989,-0.010291983373463154,0.20470857620239258,0.010911524295806885,-0.06631902605295181,0.21738481521606445,0.15093839168548584,-0.03710436075925827,0.2319844365119934,0.17567336559295654,-0.0011767175747081637,0.31292760372161865,0.09329524636268616,-0.035325419157743454,0.2751951217651367,0.050650984048843384,-0.06184714660048485,0.273051917552948,0.14855295419692993,-0.036406293511390686,0.28597718477249146,0.17254352569580078,-0.008366022258996964
A,0.2720888555049896,0.42437589168548584,-1.1325564628350548e-06,0.1551210582256317,0.38370180130004883,-0.0327310785651207,0.05423939228057861,0.251397967338562,-0.043921347707509995,0.0018414556980133057,0.12072378396987915,-0.05840308964252472,0.0,0.014227032661437988,-0.061119575053453445,0.09008654952049255,0.09525057673454285,0.018769804388284683,0.056777238845825195,0.0,-0.035166386514902115,0.08439496159553528,0.11963492631912231,-0.05663130804896355,0.10615429282188416,0.16375595331192017,-0.06274279952049255,0.1602242887020111,0.07795298099517822,0.011512481607496738,0.12654492259025574,0.001108705997467041,-0.04105565324425697,0.14734157919883728,0.14594796299934387,-0.04109777882695198,0.16456344723701477,0.1634056568145752,-0.025744056329131126,0.2349812090396881,0.08037999272346497,-0.009113130159676075,0.2031390368938446,0.012530744075775146,-0.06460732966661453,0.21380755305290222,0.15385878086090088,-0.034973107278347015,0.22925713658332825,0.17716103792190552,0.001053116749972105,0.31403449177742004,0.0934554934501648,-0.033882733434438705,0.2735201418399811,0.054374635219573975,-0.06071196123957634,0.2705231010913849,0.15276813507080078,-0.03594820946455002,0.28449735045433044,0.17518240213394165,-0.008474210277199745
A,0.272591769695282,0.4218006134033203,-1.112521999857563e-06,0.1546093225479126,0.3796137571334839,-0.033685509115457535,0.05345425009727478,0.24849271774291992,-0.04494502767920494,0.001444309949874878,0.11968478560447693,-0.05918576195836067,0.0,0.01431882381439209,-0.06132654845714569,0.08836686611175537,0.09367406368255615,0.018933013081550598,0.056663334369659424,0.0,-0.03494098037481308,0.08615070581436157,0.12050223350524902,-0.05634263530373573,0.1075141429901123,0.16157609224319458,-0.0626114010810852,0.15845447778701782,0.07717561721801758,0.012216342613101006,0.1261160969734192,0.0008362531661987305,-0.040974538773298264,0.14802533388137817,0.1463700532913208,-0.04126788675785065,0.1647130250930786,0.1601501703262329,-0.02607620321214199,0.23268532752990723,0.08010098338127136,-0.007913332432508469,0.20254087448120117,0.011018037796020508,-0.064293272793293,0.21357321739196777,0.15303009748458862,-0.03448304906487465,0.22843188047409058,0.17275786399841309,0.0017814736347645521,0.3108493685722351,0.09365469217300415,-0.03225310891866684,0.27273744344711304,0.05320417881011963,-0.05939381197094917,0.2694336175918579,0.15328919887542725,-0.03417997062206268,0.28259557485580444,0.17574745416641235,-0.006334731355309486
A,0.2702416479587555,0.4194348156452179,-1.0859650956263067e-06,0.1539653241634369,0.3767511546611786,-0.035366132855415344,0.05368015170097351,0.24924710392951965,-0.04784290865063667,0.0008778274059295654,0.12088188529014587,-0.06301800906658173,0.0,0.014803379774093628,-0.06605937331914902,0.08608081936836243,0.09278875589370728,0.019692866131663322,0.055460065603256226,0.0,-0.03477618470788002,0.08369770646095276,0.1193980872631073,-0.057394687086343765,0.10455253720283508,0.16096094250679016,-0.06448165327310562,0.15668198466300964,0.075235515832901,0.013822954148054123,0.12517383694648743,0.0006618201732635498,-0.040580492466688156,0.14666280150413513,0.14542880654335022,-0.04244580119848251,0.16292926669120789,0.15965625643730164,-0.02801838517189026,0.23128345608711243,0.07782450318336487,-0.00573306530714035,0.20155391097068787,0.012224465608596802,-0.06232015788555145,0.21209803223609924,0.1517627239227295,-0.03366927430033684,0.2263241708278656,0.16956517100334167,0.0018480609869584441,0.30973413586616516,0.09118226170539856,-0.029661815613508224,0.2712467610836029,0.05420449376106262,-0.05647360533475876,0.26886698603630066,0.15177342295646667,-0.03194939345121384,0.2828235924243927,0.17050501704216003,-0.004687831737101078
A,0.27014023065567017,0.41914647817611694,-1.0820350553331082e-06,0.15425175428390503,0.3761916160583496,-0.03515587002038956,0.05374869704246521,0.2495611310005188,-0.04804829880595207,0.0012664198875427246,0.12037065625190735,-0.063699871301651,0.0,0.013270646333694458,-0.06749779731035233,0.08651751279830933,0.09690514206886292,0.01663561351597309,0.05628621578216553,0.0017719864845275879,-0.037194304168224335,0.08414053916931152,0.11965322494506836,-0.05944260209798813,0.10399693250656128,0.1620727777481079,-0.06657794862985611,0.15698790550231934,0.08009275794029236,0.01021734531968832,0.12581944465637207,0.0,-0.042407501488924026,0.1467067003250122,0.14221039414405823,-0.04368997737765312,0.1621268391609192,0.16009950637817383,-0.02979929931461811,0.23140102624893188,0.08317241072654724,-0.009531966410577297,0.20329785346984863,0.0064430832862854,-0.06492267549037933,0.21274566650390625,0.1444762945175171,-0.03599582612514496,0.22564423084259033,0.16916072368621826,-0.0009134261053986847,0.31004810333251953,0.09770554304122925,-0.03362278640270233,0.27409619092941284,0.0507640540599823,-0.06084464490413666,0.2694256901741028,0.14711016416549683,-0.03646605461835861,0.2803601622581482,0.17293459177017212,-0.009538322687149048
A,0.269347608089447,0.41764092445373535,-1.1031979738618247e-06,0.15062010288238525,0.3752257227897644,-0.03221021965146065,0.05110442638397217,0.24572229385375977,-0.04268087446689606,0.0006244480609893799,0.11798027157783508,-0.056448280811309814,0.0,0.014580845832824707,-0.05838914215564728,0.0896228551864624,0.0915144681930542,0.02041865885257721,0.05577555298805237,0.0,-0.0331650972366333,0.08481037616729736,0.11854159832000732,-0.054504357278347015,0.1071556806564331,0.1591000258922577,-0.06062312796711922,0.16000902652740479,0.07584086060523987,0.013184839859604836,0.1268293261528015,0.004440486431121826,-0.03979320451617241,0.1487240195274353,0.14764058589935303,-0.040132518857717514,0.16635024547576904,0.1604272425174713,-0.02503495290875435,0.23428934812545776,0.07971110939979553,-0.007503567263484001,0.20287716388702393,0.01438140869140625,-0.06323681771755219,0.21421492099761963,0.1533607542514801,-0.03392171487212181,0.2298174500465393,0.1698848009109497,0.0017244922928512096,0.31232768297195435,0.094026118516922,-0.032332465052604675,0.2732662558555603,0.05752003192901611,-0.05913085490465164,0.27083975076675415,0.15555834770202637,-0.03463372960686684,0.2854945659637451,0.17363226413726807,-0.007506742142140865
A,0.2709088921546936,0.4183650612831116,-1.1147192253702087e-06,0.1537267565727234,0.3769382834434509,-0.035087499767541885,0.0519680380821228,0.24902063608169556,-0.04737388715147972,0.0,0.1198146641254425,-0.06242385134100914,0.00018358230590820312,0.014118820428848267,-0.06519977003335953,0.08803808689117432,0.09360110759735107,0.01662837527692318,0.055746883153915405,0.0,-0.037893302738666534,0.08461934328079224,0.12198656797409058,-0.059531789273023605,0.10436439514160156,0.16217750310897827,-0.06613790988922119,0.1579897403717041,0.07614102959632874,0.010523864068090916,0.12565118074417114,0.0037031173706054688,-0.042945727705955505,0.1476079821586609,0.14897555112838745,-0.043360620737075806,0.16222012042999268,0.16103583574295044,-0.028772681951522827,0.23270756006240845,0.0784146785736084,-0.009036383591592312,0.20227479934692383,0.010365128517150879,-0.06558573991060257,0.21402907371520996,0.1522071361541748,-0.03534422069787979,0.22785675525665283,0.1712425947189331,0.0007010659901425242,0.3112010955810547,0.09130126237869263,-0.032926980406045914,0.2727433443069458,0.05299675464630127,-0.060785043984651566,0.27069181203842163,0.15197297930717468,-0.035885270684957504,0.2838192582130432,0.17192226648330688,-0.008449889719486237
A,0.28141409158706665,0.41129130125045776,-1.096377445719554e-06,0.16064560413360596,0.37232619524002075,-0.033337268978357315,0.057301998138427734,0.2485823631286621,-0.04527486860752106,0.0037127435207366943,0.1197066605091095,-0.060626089572906494,0.0,0.013906598091125488,-0.06445830315351486,0.0911511778831482,0.09268808364868164,0.020894313231110573,0.05796822905540466,0.0,-0.03463666886091232,0.08688217401504517,0.11623945832252502,-0.05873396620154381,0.1080319881439209,0.16276788711547852,-0.06612538546323776,0.16072511672973633,0.07241871953010559,0.014246937818825245,0.12612396478652954,0.0032655000686645508,-0.03834643214941025,0.15087252855300903,0.14297327399253845,-0.04039505124092102,0.1665271520614624,0.15837448835372925,-0.027035648003220558,0.2349984049797058,0.07228976488113403,-0.005988855846226215,0.2012452483177185,0.006065428256988525,-0.06152954697608948,0.21710294485092163,0.14450538158416748,-0.0322500541806221,0.23215514421463013,0.1669256091117859,0.0030318370554596186,0.3134964108467102,0.08466121554374695,-0.03050176426768303,0.27187228202819824,0.04828450083732605,-0.0582953542470932,0.27352654933929443,0.1469787061214447,-0.03350996598601341,0.287852942943573,0.16989141702651978,-0.005993409547954798
A,0.2909321188926697,0.4038473665714264,-1.1101993777629104e-06,0.17210829257965088,0.3754156529903412,-0.03407154604792595,0.06299740076065063,0.2533288300037384,-0.04490136355161667,0.005219906568527222,0.12471345067024231,-0.05899370461702347,0.0,0.019328981637954712,-0.060852620750665665,0.09021872282028198,0.097435861825943,0.019829818978905678,0.05662471055984497,0.0,-0.03487227112054825,0.0889061689376831,0.11812257766723633,-0.0563032403588295,0.10906553268432617,0.16189906001091003,-0.062031492590904236,0.15905481576919556,0.07362902164459229,0.01369788683950901,0.12593895196914673,0.004238605499267578,-0.038002628833055496,0.15387660264968872,0.1456194818019867,-0.03738214820623398,0.16716766357421875,0.1559675633907318,-0.022334685549139977,0.233539879322052,0.06933864951133728,-0.0063132899813354015,0.20219522714614868,0.004044622182846069,-0.062472566962242126,0.22057169675827026,0.14395278692245483,-0.03218274191021919,0.23343682289123535,0.16222050786018372,0.0037783081643283367,0.31237655878067017,0.0763019323348999,-0.03067038580775261,0.27549487352371216,0.03776383399963379,-0.05928006395697594,0.27840763330459595,0.13759616017341614,-0.03462016582489014,0.2904447913169861,0.15998998284339905,-0.0071944668889045715
A,0.3041268587112427,0.3886064887046814,-1.0931547649306594e-06,0.1814190149307251,0.3640291094779968,-0.03483034670352936,0.07004311680793762,0.25263702869415283,-0.04697972163558006,0.00934651494026184,0.1300719976425171,-0.06220993399620056,0.0,0.026475191116333008,-0.06546902656555176,0.0926331877708435,0.09764137864112854,0.0170719213783741,0.053115785121917725,0.003365457057952881,-0.0387507826089859,0.09035396575927734,0.11997932195663452,-0.06119442731142044,0.11123955249786377,0.15988123416900635,-0.06753025949001312,0.1610984206199646,0.07089260220527649,0.011366629041731358,0.12392377853393555,0.005317211151123047,-0.04189432039856911,0.15705502033233643,0.14293494820594788,-0.04259903356432915,0.17009121179580688,0.15098446607589722,-0.028517886996269226,0.2354118824005127,0.06209450960159302,-0.008002309128642082,0.19892412424087524,0.0,-0.06437660753726959,0.22340881824493408,0.13604971766471863,-0.03422173485159874,0.23765414953231812,0.15043997764587402,0.0014882171526551247,0.31398260593414307,0.06387907266616821,-0.031730420887470245,0.2733030915260315,0.029373526573181152,-0.05933165177702904,0.2815791964530945,0.1266501545906067,-0.03399697691202164,0.2966187000274658,0.14498484134674072,-0.006330452393740416
A,0.3287038505077362,0.3753119707107544,-1.0605533589114202e-06,0.2053978145122528,0.3590279221534729,-0.03291797637939453,0.08444356918334961,0.26090019941329956,-0.04537321627140045,0.012746840715408325,0.1486145257949829,-0.061954788863658905,0.0,0.04573211073875427,-0.06668861955404282,0.09744241833686829,0.1009492576122284,0.021675044670701027,0.05059453845024109,0.017485767602920532,-0.033762652426958084,0.09420609474182129,0.12415137887001038,-0.056969333440065384,0.11629483103752136,0.15856292843818665,-0.06397800892591476,0.16375252604484558,0.06692919135093689,0.01422941405326128,0.1208699643611908,0.008663952350616455,-0.038498636335134506,0.16286411881446838,0.13775309920310974,-0.03977236896753311,0.17548009753227234,0.14485126733779907,-0.025868061929941177,0.23840025067329407,0.05056789517402649,-0.006987349595874548,0.1969541609287262,0.0,-0.06294126808643341,0.23005393147468567,0.12923318147659302,-0.033236920833587646,0.24290964007377625,0.1415446400642395,0.002302394714206457,0.31786248087882996,0.046727538108825684,-0.03248657286167145,0.272462397813797,0.016166895627975464,-0.0585816390812397,0.28715208172798157,0.11112567782402039,-0.03179644048213959,0.3029920756816864,0.12920448184013367,-0.003212895942851901
A,0.36197149753570557,0.3495340347290039,-1.0271489827573532e-06,0.23549741506576538,0.3514787554740906,-0.034169748425483704,0.10678529739379883,0.27412402629852295,-0.0465860515832901,0.025383472442626953,0.17510133981704712,-0.06298498809337616,0.0,0.07627609372138977,-0.06750380992889404,0.1024523377418518,0.11870908737182617,0.021902844309806824,0.049717605113983154,0.03850036859512329,-0.031618669629096985,0.10297709703445435,0.1394442319869995,-0.05342376232147217,0.12634217739105225,0.1699352264404297,-0.05988100916147232,0.167366623878479,0.07405960559844971,0.015268898569047451,0.12102073431015015,0.018469899892807007,-0.03818030655384064,0.17420387268066406,0.13966438174247742,-0.04061137139797211,0.18589162826538086,0.14702606201171875,-0.02715504914522171,0.240899920463562,0.0455755889415741,-0.004941523540765047,0.19667166471481323,0.0,-0.06195126101374626,0.24187809228897095,0.12247169017791748,-0.03364354744553566,0.254638135433197,0.1328924596309662,0.001324100187048316,0.31988662481307983,0.02877822518348694,-0.02933230623602867,0.27353745698928833,0.0025522708892822266,-0.05594809353351593,0.29706859588623047,0.0947716236114502,-0.029546592384576797,0.3138735294342041,0.11185887455940247,-0.0011779539054259658
A,0.3737298846244812,0.3297225832939148,-1.0542992185946787e-06,0.25130534172058105,0.3523576855659485,-0.03713397681713104,0.11746317148208618,0.29642003774642944,-0.05035628750920296,0.02775031328201294,0.20712512731552124,-0.06692731380462646,0.0,0.10860905051231384,-0.07099723070859909,0.10533410310745239,0.14472666382789612,0.020643996074795723,0.04420733451843262,0.06613445281982422,-0.035017210990190506,0.10695096850395203,0.15958482027053833,-0.057033102959394455,0.13375341892242432,0.18802475929260254,-0.06301137059926987,0.16490036249160767,0.09230923652648926,0.015916146337985992,0.11593425273895264,0.03742241859436035,-0.0407416895031929,0.18131989240646362,0.15223461389541626,-0.04325110465288162,0.19207727909088135,0.15896859765052795,-0.028873126953840256,0.2331787347793579,0.05358356237411499,-0.002975336741656065,0.18937337398529053,0.012814491987228394,-0.06253864616155624,0.24550849199295044,0.1270638406276703,-0.034222837537527084,0.255685031414032,0.1336503028869629,0.0016562901437282562,0.3076636791229248,0.023015499114990234,-0.026225397363305092,0.263238787651062,0.0,-0.05293693393468857,0.29515254497528076,0.08719998598098755,-0.02645377814769745,0.31009793281555176,0.09999188780784607,0.0020222642924636602
A,0.39013636112213135,0.3044970631599426,-1.0508803143238765e-06,0.26906025409698486,0.3440359830856323,-0.036807019263505936,0.13129273056983948,0.31009215116500854,-0.048947714269161224,0.03470143675804138,0.2367207407951355,-0.06359733641147614,0.0,0.14470171928405762,-0.0658373162150383,0.1084790825843811,0.16279944777488708,0.018385302275419235,0.04437524080276489,0.09312379360198975,-0.03341678902506828,0.11437025666236877,0.18043482303619385,-0.052589695900678635,0.13916468620300293,0.20195037126541138,-0.05795857682824135,0.16649264097213745,0.10410153865814209,0.013820805586874485,0.1146668791770935,0.0547432005405426,-0.03977020084857941,0.18523961305618286,0.1624870002269745,-0.04142983630299568,0.1934083104133606,0.16769349575042725,-0.027881119400262833,0.23202252388000488,0.05854809284210205,-0.004176484886556864,0.1852513551712036,0.018216073513031006,-0.06136937066912651,0.2481796145439148,0.12643760442733765,-0.032431717962026596,0.2580574154853821,0.13356563448905945,0.002715057460591197,0.30343449115753174,0.020029515027999878,-0.026334861293435097,0.2595401406288147,0.0,-0.052166059613227844,0.29812878370285034,0.0826382040977478,-0.025331294164061546,0.31310421228408813,0.09383586049079895,0.0028251083567738533
A,0.40366479754447937,0.2863463759422302,-1.0810886124090757e-06,0.29006722569465637,0.34420204162597656,-0.03933320567011833,0.1463014781475067,0.32432109117507935,-0.05092321336269379,0.04137036204338074,0.25970160961151123,-0.06445383280515671,0.0,0.16892018914222717,-0.06488613784313202,0.11415600776672363,0.18140769004821777,0.01647193729877472,0.04815080761909485,0.12024909257888794,-0.03758559003472328,0.12614703178405762,0.19796600937843323,-0.05487370118498802,0.15130451321601868,0.2092166543006897,-0.05822119489312172,0.16789796948432922,0.11447089910507202,0.012927273288369179,0.11381348967552185,0.06892913579940796,-0.044162992388010025,0.1935170590877533,0.16903164982795715,-0.04298727959394455,0.20132580399513245,0.16544464230537415,-0.02556808851659298,0.22976091504096985,0.060450583696365356,-0.004767699632793665,0.18036988377571106,0.02527490258216858,-0.06557054817676544,0.2513726055622101,0.12466034293174744,-0.035295672714710236,0.2612905204296112,0.12022757530212402,0.002563014393672347,0.2977539598941803,0.0107879638671875,-0.026785409078001976,0.25428327918052673,0.0,-0.054021839052438736,0.29779568314552307,0.07632863521575928,-0.027774628251791,0.31350192427635193,0.07698962092399597,0.0008386479457840323
A,0.4041435718536377,0.2788664698600769,-1.0917486861217185e-06,0.2972228527069092,0.3458859920501709,-0.0377032645046711,0.15044307708740234,0.337970495223999,-0.047107089310884476,0.042009711265563965,0.2767708897590637,-0.05948192998766899,0.0,0.186610609292984,-0.05893735587596893,0.11113831400871277,0.1968417465686798,0.022060638293623924,0.04455190896987915,0.13152998685836792,-0.03146784007549286,0.12259948253631592,0.20186260342597961,-0.047805704176425934,0.14515143632888794,0.21178406476974487,-0.05050317198038101,0.16253560781478882,0.1273401379585266,0.017874164506793022,0.10921064019203186,0.07934564352035522,-0.03874805569648743,0.19172453880310059,0.17800980806350708,-0.03616176173090935,0.19358515739440918,0.172660231590271,-0.017325755208730698,0.2210092544555664,0.0696103572845459,-0.0010432676644995809,0.1733696460723877,0.03088289499282837,-0.061802301555871964,0.24637532234191895,0.12787503004074097,-0.03128252178430557,0.2536919116973877,0.12243074178695679,0.006939950864762068,0.28570324182510376,0.014711141586303711,-0.024471798911690712,0.2454860806465149,0.0,-0.05198019742965698,0.29159998893737793,0.07492512464523315,-0.026127438992261887,0.307334840297699,0.07600891590118408,0.002309246454387903
A,0.4066905379295349,0.26610611379146576,-1.103437966776255e-06,0.30670732259750366,0.34235112369060516,-0.03580539673566818,0.159004807472229,0.34168635308742523,-0.04411860182881355,0.04901522397994995,0.2838958352804184,-0.05567137151956558,0.0,0.20336730778217316,-0.055102862417697906,0.1117592453956604,0.20545785129070282,0.022529125213623047,0.04613831639289856,0.1369108110666275,-0.03145647794008255,0.12271136045455933,0.19856499135494232,-0.048968832939863205,0.14755409955978394,0.2143174260854721,-0.05195656791329384,0.16101109981536865,0.1342974156141281,0.01687728799879551,0.11165782809257507,0.07927374541759491,-0.03919731453061104,0.19480252265930176,0.1706637591123581,-0.03850565850734711,0.19438183307647705,0.1757204681634903,-0.021424513310194016,0.21682637929916382,0.07507531344890594,-0.00320496316999197,0.17683708667755127,0.03405259549617767,-0.06402511894702911,0.25042808055877686,0.12492768466472626,-0.03657075762748718,0.25280267000198364,0.1298155039548874,-0.0011024813866242766,0.27903425693511963,0.018398568034172058,-0.02753005363047123,0.24496757984161377,0.0,-0.055981021374464035,0.29464495182037354,0.06968121230602264,-0.03161894157528877,0.3073872923851013,0.07652010023593903,-0.004632132593542337
A,0.4067333936691284,0.25445976853370667,-1.1190327313670423e-06,0.31149822473526,0.3359546959400177,-0.03453592211008072,0.16275477409362793,0.34245678782463074,-0.041206683963537216,0.04972842335700989,0.2855946719646454,-0.05138679966330528,0.0,0.20687168836593628,-0.05001536011695862,0.11486738920211792,0.20713165402412415,0.024403788149356842,0.04835134744644165,0.14348450303077698,-0.028403734788298607,0.12472781538963318,0.20237311720848083,-0.04518637806177139,0.14721602201461792,0.21595939993858337,-0.04801077023148537,0.16336321830749512,0.1369943916797638,0.01810457557439804,0.11024671792984009,0.08435288071632385,-0.03665696829557419,0.19349604845046997,0.1747220754623413,-0.035396214574575424,0.19043350219726562,0.17828962206840515,-0.018379220739006996,0.2175999879837036,0.07808062434196472,-0.002617102349177003,0.17391616106033325,0.03714504837989807,-0.06271838396787643,0.2481459379196167,0.1278511881828308,-0.03516397997736931,0.24924659729003906,0.13210496306419373,-0.00015414634253829718,0.27742695808410645,0.019305020570755005,-0.02753523737192154,0.24109435081481934,0.0,-0.05580124258995056,0.29242098331451416,0.06934630870819092,-0.03132579103112221,0.3054139018058777,0.07505595684051514,-0.004644922446459532
A,0.4001912474632263,0.236861452460289,-1.1352053661539685e-06,0.3105522394180298,0.32917602360248566,-0.03512239456176758,0.16180133819580078,0.3415161520242691,-0.039153795689344406,0.04851174354553223,0.29058249294757843,-0.045513004064559937,0.0,0.21773074567317963,-0.04005866497755051,0.11069139838218689,0.21358995139598846,0.024095704779028893,0.045111656188964844,0.14689631760120392,-0.02696288749575615,0.12574318051338196,0.2032967358827591,-0.042581234127283096,0.14732879400253296,0.21826066076755524,-0.044553861021995544,0.1584300398826599,0.14266662299633026,0.020119469612836838,0.10770413279533386,0.08546735346317291,-0.03406382352113724,0.19545650482177734,0.17296408116817474,-0.03333714231848717,0.19011986255645752,0.1812262386083603,-0.016491005197167397,0.2098948359489441,0.08164103329181671,0.0021069752983748913,0.17046213150024414,0.037769392132759094,-0.05806906148791313,0.24894702434539795,0.12482793629169464,-0.032419126480817795,0.24794089794158936,0.1321166604757309,0.001492741983383894,0.26496171951293945,0.019788995385169983,-0.019812200218439102,0.23541462421417236,0.0,-0.048335570842027664,0.29129719734191895,0.06425775587558746,-0.025260552763938904,0.3026793599128723,0.06972242891788483,0.0004913255106657743
A,0.4017419219017029,0.23100218176841736,-1.1022484613931738e-06,0.317641019821167,0.3216401934623718,-0.04164670780301094,0.16857761144638062,0.3393653631210327,-0.04939557611942291,0.052813947200775146,0.2928808927536011,-0.058498237282037735,0.0,0.22125154733657837,-0.05553097277879715,0.11518031358718872,0.21436971426010132,0.016021015122532845,0.04862093925476074,0.15255820751190186,-0.03875238820910454,0.13076430559158325,0.20467811822891235,-0.05461331456899643,0.1491377353668213,0.21589410305023193,-0.05670430511236191,0.1606873869895935,0.14281558990478516,0.012786275707185268,0.10616135597229004,0.08709320425987244,-0.04582078009843826,0.1969282031059265,0.17384779453277588,-0.044469475746154785,0.18686628341674805,0.17901858687400818,-0.026271849870681763,0.21005529165267944,0.0814308226108551,-0.005335542839020491,0.16889917850494385,0.037606120109558105,-0.0692797601222992,0.24836671352386475,0.12397554516792297,-0.04255536198616028,0.2420276403427124,0.12796702980995178,-0.007419239263981581,0.2627384662628174,0.01807379722595215,-0.028042022138834,0.23209631443023682,0.0,-0.05977454409003258,0.2896110415458679,0.062421560287475586,-0.03688732534646988,0.29928404092788696,0.06378939747810364,-0.010829339735209942
A,0.3979891538619995,0.22218163311481476,-1.1105081512141624e-06,0.3163982629776001,0.3187124878168106,-0.035372044891119,0.16808384656906128,0.3388072997331619,-0.03900904208421707,0.052021533250808716,0.2948806434869766,-0.044663917273283005,0.0,0.2271214872598648,-0.03858720883727074,0.11448702216148376,0.21954010426998138,0.021067839115858078,0.046182215213775635,0.15715228021144867,-0.029173588380217552,0.12866273522377014,0.20446069538593292,-0.0435292050242424,0.1496790647506714,0.2173892706632614,-0.04494267329573631,0.15875673294067383,0.1466878205537796,0.017135782167315483,0.10445481538772583,0.09069915115833282,-0.03542383760213852,0.19548332691192627,0.1709316521883011,-0.03306122124195099,0.18798822164535522,0.1800796240568161,-0.015781015157699585,0.20671230554580688,0.08462788164615631,-0.0007693644729442894,0.16682201623916626,0.04044605791568756,-0.05863998085260391,0.246273934841156,0.12149779498577118,-0.03253799304366112,0.2425951361656189,0.12961061298847198,0.0003767944872379303,0.25766801834106445,0.021029964089393616,-0.02275414764881134,0.22964656352996826,0.0,-0.050158414989709854,0.28698283433914185,0.05964677035808563,-0.027557281777262688,0.2970978617668152,0.06576301157474518,-0.0030128727667033672
A,0.38553211092948914,0.2080395221710205,-1.1133384987260797e-06,0.32427677512168884,0.31737077236175537,-0.04074869677424431,0.17199459671974182,0.3491845726966858,-0.04534543305635452,0.051801472902297974,0.3064967393875122,-0.04905847832560539,0.0,0.23821347951889038,-0.0412767194211483,0.11030033230781555,0.22227120399475098,0.0031001821625977755,0.03838774561882019,0.16488468647003174,-0.04765984043478966,0.12414774298667908,0.21248731017112732,-0.0629209652543068,0.1468469202518463,0.22943520545959473,-0.06607688218355179,0.15081512928009033,0.14455947279930115,0.0028685242868959904,0.09554210305213928,0.1022990345954895,-0.04909347742795944,0.1876625120639801,0.17624440789222717,-0.04797311872243881,0.18522080779075623,0.18707656860351562,-0.03401622548699379,0.1979667842388153,0.07922190427780151,-0.010435853153467178,0.15419235825538635,0.04198795557022095,-0.06808210909366608,0.23851743340492249,0.11848321557044983,-0.0424560122191906,0.23943772912025452,0.12932848930358887,-0.011844764463603497,0.247432142496109,0.013714313507080078,-0.027861449867486954,0.2172955572605133,0.0,-0.057106804102659225,0.2786268889904022,0.05516690015792847,-0.03680206090211868,0.28992959856987,0.06073090434074402,-0.015107379294931889
A,0.39295098185539246,0.20144358277320862,-1.0939156709355302e-06,0.32247206568717957,0.3063495457172394,-0.038889072835445404,0.1741514503955841,0.3398100435733795,-0.04410845786333084,0.05612993240356445,0.3071160614490509,-0.05015965923666954,0.0,0.24573400616645813,-0.04492998868227005,0.11200571060180664,0.226039320230484,0.012388353236019611,0.0439474880695343,0.17320072650909424,-0.037932224571704865,0.13007846474647522,0.2094005048274994,-0.05151159688830376,0.1515926718711853,0.21910831332206726,-0.05257623270153999,0.15184593200683594,0.14834877848625183,0.009158487431704998,0.09614592790603638,0.10068973898887634,-0.04510995000600815,0.19190189242362976,0.16934949159622192,-0.04291072487831116,0.1875268518924713,0.17932972311973572,-0.025209840387105942,0.19746574759483337,0.08106419444084167,-0.007672442123293877,0.1581401526927948,0.042860329151153564,-0.0678330734372139,0.24297645688056946,0.11405059695243835,-0.0418291836977005,0.24037644267082214,0.12209787964820862,-0.008361665531992912,0.24543938040733337,0.01324436068534851,-0.02858937345445156,0.21962615847587585,0.0,-0.057953257113695145,0.28112927079200745,0.05128192901611328,-0.035518549382686615,0.2909471094608307,0.05393695831298828,-0.01076686941087246
A,0.38663458824157715,0.19782918691635132,-1.1621116300375434e-06,0.3331363797187805,0.30709370970726013,-0.0344526581466198,0.17570984363555908,0.3500696122646332,-0.035903170704841614,0.05198550224304199,0.31089529395103455,-0.03768530115485191,0.0,0.24851754307746887,-0.029288582503795624,0.10970985889434814,0.23119542002677917,0.005209512077271938,0.04127475619316101,0.1782074272632599,-0.04266762360930443,0.1253114938735962,0.2150755524635315,-0.055724672973155975,0.1479814648628235,0.22799983620643616,-0.057991739362478256,0.14977487921714783,0.14996203780174255,0.001981879584491253,0.09506756067276001,0.10555568337440491,-0.047296490520238876,0.19140279293060303,0.17429766058921814,-0.041837841272354126,0.1860634684562683,0.18615174293518066,-0.024895494803786278,0.19568991661071777,0.08145615458488464,-0.013749232515692711,0.15698593854904175,0.04422381520271301,-0.06886916607618332,0.24249356985092163,0.11638608574867249,-0.040908001363277435,0.24071407318115234,0.12707161903381348,-0.009798165410757065,0.2420782446861267,0.011293143033981323,-0.03319298475980759,0.21908098459243774,0.0,-0.0615723580121994,0.28260141611099243,0.049465566873550415,-0.04064643010497093,0.2916909456253052,0.05095580220222473,-0.01925881952047348
A,0.3900914192199707,0.19323235750198364,-1.0911521712841932e-06,0.3309962749481201,0.30196893215179443,-0.03901475667953491,0.17802318930625916,0.34912168979644775,-0.04457549378275871,0.05513244867324829,0.32010728120803833,-0.050265662372112274,0.0,0.2538872957229614,-0.04489049315452576,0.10807707905769348,0.2321608066558838,0.0068577490746974945,0.04033321142196655,0.18403556942939758,-0.04372045025229454,0.1258079707622528,0.21752285957336426,-0.058056555688381195,0.14762338995933533,0.2282201051712036,-0.0604604110121727,0.14646083116531372,0.14949887990951538,0.0035021984949707985,0.09074845910072327,0.10799694061279297,-0.04937348887324333,0.18756693601608276,0.17250332236289978,-0.045311953872442245,0.18298110365867615,0.18237194418907166,-0.027588507160544395,0.19253748655319214,0.07967597246170044,-0.013319524005055428,0.15384584665298462,0.045876502990722656,-0.07191922515630722,0.24020642042160034,0.11380007863044739,-0.04432312026619911,0.23757463693618774,0.12226700782775879,-0.011473994702100754,0.24083173274993896,0.009463012218475342,-0.03426865115761757,0.2164829969406128,0.0,-0.06380243599414825,0.2802831530570984,0.04777678847312927,-0.04172227531671524,0.2887918949127197,0.04855024814605713,-0.018231309950351715
A,0.3923987150192261,0.186834454536438,-1.1204185739188688e-06,0.3340848684310913,0.3021848797798157,-0.036073219031095505,0.18251922726631165,0.3513452410697937,-0.038951095193624496,0.058862149715423584,0.3214913606643677,-0.04251866042613983,0.0,0.26639747619628906,-0.0357220321893692,0.11633837223052979,0.23770272731781006,0.009557637386023998,0.04492864012718201,0.19204482436180115,-0.04021671786904335,0.13068005442619324,0.2259637713432312,-0.0549306645989418,0.15210366249084473,0.23559719324111938,-0.05796827748417854,0.15308180451393127,0.15492203831672668,0.005393631756305695,0.0930342972278595,0.11473795771598816,-0.04667077213525772,0.18866869807243347,0.1785423755645752,-0.04424404725432396,0.1851915419101715,0.18710944056510925,-0.028764652088284492,0.19723349809646606,0.08497270941734314,-0.011995203793048859,0.15369683504104614,0.049284398555755615,-0.07034805417060852,0.23928171396255493,0.11766469478607178,-0.04496735706925392,0.23827201128005981,0.1261829435825348,-0.014369076117873192,0.24353379011154175,0.012586712837219238,-0.0332435667514801,0.2165939211845398,0.0,-0.06305503100156784,0.28007030487060547,0.04842415452003479,-0.04281318932771683,0.291007936000824,0.05106133222579956,-0.02138890139758587
A,0.38967812061309814,0.17865034937858582,-1.1051491810576408e-06,0.3290795087814331,0.29195353388786316,-0.03704945743083954,0.18104133009910583,0.3429725468158722,-0.04063835367560387,0.05857008695602417,0.3200818598270416,-0.044630102813243866,0.0,0.2632792890071869,-0.03742210194468498,0.11359858512878418,0.2388116419315338,0.009255249053239822,0.04069399833679199,0.1935844123363495,-0.04137403145432472,0.13073983788490295,0.22206106781959534,-0.056309934705495834,0.15248674154281616,0.23000988364219666,-0.05920762941241264,0.14947769045829773,0.15569141507148743,0.005941394716501236,0.08742472529411316,0.1165677011013031,-0.04660996422171593,0.1870741844177246,0.17512840032577515,-0.044013384729623795,0.18376758694648743,0.18190965056419373,-0.027896611019968987,0.1921873390674591,0.08431103825569153,-0.010688796639442444,0.14707443118095398,0.05001917481422424,-0.06798027455806732,0.2347017526626587,0.11520913243293762,-0.04164266586303711,0.2335113286972046,0.12124446034431458,-0.00991495605558157,0.23629909753799438,0.010486125946044922,-0.031414516270160675,0.20848971605300903,0.0,-0.05930505692958832,0.2718803286552429,0.04646894335746765,-0.03804319351911545,0.2821999192237854,0.04640445113182068,-0.015549826435744762
A,0.38789451122283936,0.1745024025440216,-1.041875293594785e-06,0.3219475746154785,0.2923864424228668,-0.040145836770534515,0.18106293678283691,0.3443671762943268,-0.04594578966498375,0.06308266520500183,0.32407036423683167,-0.05248213931918144,0.0,0.27460548281669617,-0.04769207537174225,0.10985994338989258,0.23730996251106262,0.014362218789756298,0.03915935754776001,0.19169631600379944,-0.038547419011592865,0.12383478879928589,0.2229841649532318,-0.05466214939951897,0.14658448100090027,0.230936199426651,-0.056776560842990875,0.14619660377502441,0.1543891727924347,0.011722990311682224,0.08617091178894043,0.11429685354232788,-0.04394008219242096,0.18374860286712646,0.17757901549339294,-0.04316902533173561,0.1793595850467682,0.1828855574131012,-0.026213837787508965,0.1880384087562561,0.08383125066757202,-0.005302686709910631,0.14449822902679443,0.050701409578323364,-0.06680463999509811,0.230915367603302,0.11992126703262329,-0.043294623494148254,0.22838091850280762,0.12412858009338379,-0.010992845520377159,0.2317030429840088,0.01110103726387024,-0.02658594399690628,0.20320019125938416,0.0,-0.05657282471656799,0.26547831296920776,0.04998353123664856,-0.035893287509679794,0.2760300040245056,0.05008396506309509,-0.012090356089174747
A,0.38813096284866333,0.16833770275115967,-1.0212344250248861e-06,0.31863611936569214,0.28135573863983154,-0.04081376641988754,0.17993402481079102,0.3349122405052185,-0.048340726643800735,0.06312066316604614,0.3199446201324463,-0.05739794299006462,0.0,0.27121609449386597,-0.054985903203487396,0.10850626230239868,0.22579407691955566,0.01858801394701004,0.03793594241142273,0.18472057580947876,-0.0350312739610672,0.12010884284973145,0.21556198596954346,-0.05101042613387108,0.14528819918632507,0.22377055883407593,-0.05196891725063324,0.1433354616165161,0.1450074315071106,0.016251688823103905,0.0854361355304718,0.10843032598495483,-0.039750002324581146,0.18309932947158813,0.16997987031936646,-0.03788866475224495,0.17844364047050476,0.17568224668502808,-0.018846970051527023,0.18438312411308289,0.07545474171638489,-0.0011265827342867851,0.14271226525306702,0.046953439712524414,-0.06282143294811249,0.22862732410430908,0.11266875267028809,-0.038784053176641464,0.2261563539505005,0.11726424098014832,-0.005012330133467913,0.22827684879302979,0.0064202845096588135,-0.022944681346416473,0.20162755250930786,0.0,-0.052328627556562424,0.2616434097290039,0.04744148254394531,-0.03134550526738167,0.27056068181991577,0.046814143657684326,-0.006627901457250118
A,0.38373011350631714,0.16792860627174377,-1.0338467291148845e-06,0.31544119119644165,0.28520268201828003,-0.03682538494467735,0.17967599630355835,0.33902251720428467,-0.04340710863471031,0.06171560287475586,0.3185218572616577,-0.05229350924491882,0.0,0.2672003507614136,-0.05040306597948074,0.11016222834587097,0.2239018678665161,0.0209600068628788,0.03984713554382324,0.18167072534561157,-0.03265447914600372,0.12145307660102844,0.2178506851196289,-0.050361037254333496,0.14465150237083435,0.22557193040847778,-0.05307672172784805,0.14555439352989197,0.145704984664917,0.01681307889521122,0.08571210503578186,0.10975456237792969,-0.0376657210290432,0.18016329407691956,0.17494073510169983,-0.03715190663933754,0.17476984858512878,0.1782633662223816,-0.020442094653844833,0.18607157468795776,0.07783949375152588,-0.0019012028351426125,0.14144209027290344,0.04779428243637085,-0.06192656233906746,0.2255881428718567,0.1168593168258667,-0.03814006969332695,0.22418493032455444,0.11978280544281006,-0.005772839765995741,0.2289486527442932,0.00886678695678711,-0.024825578555464745,0.20054808259010315,0.0,-0.05218097195029259,0.260639488697052,0.05062025785446167,-0.030431220307946205,0.2716835141181946,0.049374938011169434,-0.006106172222644091
A,0.3882356286048889,0.184322327375412,-9.519254717815784e-07,0.31470388174057007,0.28632768988609314,-0.043020159006118774,0.17952412366867065,0.3301526606082916,-0.05380260571837425,0.06417950987815857,0.3092639148235321,-0.06649859249591827,0.0,0.25412634015083313,-0.06779584288597107,0.11202019453048706,0.22009006142616272,0.01833035983145237,0.04071152210235596,0.1770976483821869,-0.03891659900546074,0.11913800239562988,0.20926818251609802,-0.057557880878448486,0.14511704444885254,0.2185715138912201,-0.05945051088929176,0.1478748619556427,0.14014092087745667,0.01578196883201599,0.08975887298583984,0.1018911600112915,-0.042286135256290436,0.18286672234535217,0.16293665766716003,-0.041366588324308395,0.17871448397636414,0.16820302605628967,-0.022638702765107155,0.19015762209892273,0.07308736443519592,-0.0025772294029593468,0.15038204193115234,0.04550841450691223,-0.06502663344144821,0.2305949330329895,0.10966545343399048,-0.04102960228919983,0.2271498441696167,0.1138322651386261,-0.006956999655812979,0.23594611883163452,0.008385032415390015,-0.025749465450644493,0.2068256139755249,0.0,-0.053792934864759445,0.2629491090774536,0.0470392107963562,-0.03157147020101547,0.2720457911491394,0.04680249094963074,-0.006029877811670303
A,0.38628706336021423,0.20107793807983398,-1.0054664016934112e-06,0.30752161145210266,0.30019205808639526,-0.0375618152320385,0.1715148687362671,0.32532113790512085,-0.04433638975024223,0.05901262164115906,0.28379517793655396,-0.05381489545106888,0.0,0.2258002758026123,-0.05290111154317856,0.11250916123390198,0.21284127235412598,0.021840307861566544,0.045353829860687256,0.15861865878105164,-0.032596465200185776,0.12245738506317139,0.1981884241104126,-0.051401056349277496,0.1493993103504181,0.21469402313232422,-0.053712185472249985,0.15376412868499756,0.13685834407806396,0.017568090930581093,0.09985676407814026,0.0916704535484314,-0.03745214641094208,0.18588218092918396,0.15973079204559326,-0.03818151354789734,0.185000479221344,0.17035293579101562,-0.022071709856390953,0.20074713230133057,0.07472500205039978,-0.0014953953213989735,0.16297581791877747,0.03938746452331543,-0.06139814481139183,0.23717603087425232,0.10988545417785645,-0.039021529257297516,0.2369498312473297,0.1198650598526001,-0.007379539310932159,0.2507707178592682,0.013572931289672852,-0.024883661419153214,0.22223958373069763,0.0,-0.05157158523797989,0.27530965209007263,0.050516486167907715,-0.02928011864423752,0.28711357712745667,0.05497622489929199,-0.004469641484320164
A,0.38105517625808716,0.2286832332611084,-1.0805414376591216e-06,0.30298858880996704,0.3207750916481018,-0.04515500366687775,0.16247403621673584,0.3279808759689331,-0.053929299116134644,0.05157691240310669,0.27158671617507935,-0.06291009485721588,0.0,0.2029622197151184,-0.060766249895095825,0.10881784558296204,0.2059224247932434,0.009393042884767056,0.04912036657333374,0.14348775148391724,-0.04923310503363609,0.12738049030303955,0.19713354110717773,-0.06878474354743958,0.14694899320602417,0.21721261739730835,-0.0717637836933136,0.15780100226402283,0.13455608487129211,0.008605608716607094,0.11128410696983337,0.08340722322463989,-0.05099201202392578,0.19737890362739563,0.1688089370727539,-0.05118275061249733,0.1879655122756958,0.176710307598114,-0.03430800139904022,0.21000534296035767,0.07681787014007568,-0.007213733159005642,0.17495864629745483,0.03566369414329529,-0.07146351784467697,0.24928301572799683,0.1225874125957489,-0.04647405073046684,0.24377387762069702,0.12835630774497986,-0.012585515156388283,0.2627795338630676,0.02000027894973755,-0.02788577973842621,0.23697829246520996,0.0,-0.05875638499855995,0.2908947467803955,0.06321310997009277,-0.036099910736083984,0.3003823161125183,0.06608378887176514,-0.01024817768484354
A,0.3810373842716217,0.24022817611694336,-1.0881396974582458e-06,0.30207666754722595,0.3328462243080139,-0.04250925034284592,0.15879690647125244,0.3240572214126587,-0.050249144434928894,0.04992431402206421,0.2513447403907776,-0.057747937738895416,0.0,0.17614448070526123,-0.05430314689874649,0.11724120378494263,0.19500431418418884,0.00551021471619606,0.05859261751174927,0.12087491154670715,-0.052068114280700684,0.13198789954185486,0.1830390989780426,-0.07060860842466354,0.1515216827392578,0.20832306146621704,-0.07339945435523987,0.16886937618255615,0.12951698899269104,0.0036761926021426916,0.12505874037742615,0.06865647435188293,-0.055380187928676605,0.20504170656204224,0.1617605984210968,-0.05528189614415169,0.1976872980594635,0.17439287900924683,-0.03939678147435188,0.2240174412727356,0.07742387056350708,-0.01228694710880518,0.19222107529640198,0.028765767812728882,-0.07616051286458969,0.2622121274471283,0.12195995450019836,-0.05077482387423515,0.2572387158870697,0.13421455025672913,-0.01783956028521061,0.2793639004230499,0.025857627391815186,-0.03261258453130722,0.25727006793022156,0.0,-0.06490670144557953,0.30968132615089417,0.06765547394752502,-0.043086931109428406,0.3187241852283478,0.07810837030410767,-0.01853707619011402
A,0.3603028655052185,0.2700289189815521,-1.0760394388853456e-06,0.2646636366844177,0.3391325771808624,-0.034872207790613174,0.13219895958900452,0.29927685856819153,-0.04132800176739693,0.038848936557769775,0.212528795003891,-0.04905306175351143,0.0,0.12447673082351685,-0.04722929745912552,0.10714024305343628,0.16461282968521118,0.007500117644667625,0.06105774641036987,0.08604678511619568,-0.04691912606358528,0.1226426362991333,0.15791258215904236,-0.06785521656274796,0.14222729206085205,0.18866989016532898,-0.07352563738822937,0.164911150932312,0.10819804668426514,0.001581316813826561,0.1311001181602478,0.04386988282203674,-0.05348793789744377,0.19432398676872253,0.14480653405189514,-0.055960021913051605,0.19683727622032166,0.1619834005832672,-0.04417954757809639,0.2269299030303955,0.06847676634788513,-0.01698431745171547,0.20188510417938232,0.01875782012939453,-0.0742577388882637,0.2540847063064575,0.11929282546043396,-0.05178900435566902,0.2558894753456116,0.13304582238197327,-0.02294502593576908,0.29240691661834717,0.029593616724014282,-0.039529576897621155,0.2683553099632263,0.0,-0.06640810519456863,0.3047472834587097,0.07672840356826782,-0.04470536485314369,0.31501084566116333,0.09475487470626831,-0.021650629118084908
A,0.3518025875091553,0.29560062289237976,-1.165990170193254e-06,0.2646338939666748,0.356338232755661,-0.04387129470705986,0.12180456519126892,0.30145546793937683,-0.05165236070752144,0.03108525276184082,0.19537073373794556,-0.05801329016685486,0.0,0.1032961905002594,-0.05339055880904198,0.10747528076171875,0.14636141061782837,-0.0027259013149887323,0.06951946020126343,0.06796249747276306,-0.05976957082748413,0.1285499930381775,0.154386967420578,-0.07719139754772186,0.14089611172676086,0.17980322241783142,-0.0803750604391098,0.1687215268611908,0.09598928689956665,-0.004784008022397757,0.13799220323562622,0.03221285343170166,-0.06589915603399277,0.20151013135910034,0.1529528796672821,-0.06473595649003983,0.19756659865379333,0.15989217162132263,-0.04747587814927101,0.23154109716415405,0.06070646643638611,-0.02041126787662506,0.21016091108322144,0.012127667665481567,-0.08681653439998627,0.26380735635757446,0.1330290138721466,-0.059759099036455154,0.2604016661643982,0.1416257917881012,-0.02493916265666485,0.2955353856086731,0.026302456855773926,-0.04036683216691017,0.2773457169532776,0.0,-0.07641932368278503,0.31672757863998413,0.09051206707954407,-0.05499304458498955,0.3238579034805298,0.10309934616088867,-0.02983570285141468
A,0.33753466606140137,0.2946730852127075,-1.146241288552119e-06,0.2389017939567566,0.34251630306243896,-0.039293717592954636,0.10469293594360352,0.2718577980995178,-0.04613611847162247,0.0235556960105896,0.16423627734184265,-0.052359748631715775,0.0,0.07164463400840759,-0.047667376697063446,0.10639956593513489,0.12575283646583557,0.0007105632103048265,0.06801223754882812,0.03917264938354492,-0.056639350950717926,0.12257832288742065,0.13116595149040222,-0.07704368233680725,0.13675925135612488,0.15979069471359253,-0.08203695714473724,0.17152220010757446,0.08535748720169067,-0.0027734285686165094,0.13982823491096497,0.01357218623161316,-0.06165764108300209,0.1944580078125,0.1365480124950409,-0.06344915926456451,0.19487309455871582,0.1480579972267151,-0.04934411123394966,0.23632687330245972,0.057454437017440796,-0.019256025552749634,0.21102172136306763,0.0010980963706970215,-0.08197839558124542,0.25760847330093384,0.12321686744689941,-0.05626527965068817,0.25792837142944336,0.13332253694534302,-0.02304122969508171,0.30160772800445557,0.030071556568145752,-0.039657630026340485,0.27959275245666504,0.0,-0.07145963609218597,0.31292039155960083,0.09069103002548218,-0.048662226647138596,0.3220791220664978,0.10389044880867004,-0.02328118309378624
A,0.3271886110305786,0.31262290477752686,-1.1718240102709387e-06,0.23003703355789185,0.354341983795166,-0.04044117033481598,0.0966896116733551,0.2678583860397339,-0.046922650188207626,0.020895779132843018,0.14743703603744507,-0.05253749340772629,0.0,0.05155569314956665,-0.047402165830135345,0.09843099117279053,0.11553165316581726,0.0016426057554781437,0.06916561722755432,0.025721311569213867,-0.05416787788271904,0.1170579195022583,0.12591928243637085,-0.07246320694684982,0.12908431887626648,0.1575527787208557,-0.07606476545333862,0.16407397389411926,0.08009392023086548,-0.001424160785973072,0.14084014296531677,0.006196200847625732,-0.05926831066608429,0.1884656548500061,0.13818442821502686,-0.0594235397875309,0.18783628940582275,0.14816439151763916,-0.04381638020277023,0.23016142845153809,0.057627350091934204,-0.01773925870656967,0.21223706007003784,0.0,-0.08128055185079575,0.2521511912345886,0.13013622164726257,-0.05544767156243324,0.25056564807891846,0.1403689682483673,-0.021854324266314507,0.2974034547805786,0.03632146120071411,-0.037966541945934296,0.278412401676178,9.22083854675293e-05,-0.07135241478681564,0.30722618103027344,0.0990460216999054,-0.048690710216760635,0.314863383769989,0.11644265055656433,-0.022953348234295845
A,0.3094560503959656,0.3326077163219452,-1.1222281273148837e-06,0.2043094038963318,0.35160771012306213,-0.040427032858133316,0.08212360739707947,0.25154969096183777,-0.04785672202706337,0.013819694519042969,0.12998971343040466,-0.055092647671699524,0.0,0.03141307830810547,-0.05120006948709488,0.090913325548172,0.10450002551078796,0.006673985626548529,0.06865042448043823,0.011890292167663574,-0.05020267143845558,0.10875537991523743,0.11628758907318115,-0.069854736328125,0.11717814207077026,0.14894244074821472,-0.07403235882520676,0.1583535075187683,0.07574936747550964,0.0029363709036260843,0.13988512754440308,0.0,-0.0546526275575161,0.17756497859954834,0.13492774963378906,-0.05521101877093315,0.17505604028701782,0.14168676733970642,-0.03972603380680084,0.22673416137695312,0.06074795126914978,-0.014611270278692245,0.21217983961105347,0.003700941801071167,-0.07734601199626923,0.24259328842163086,0.13399693369865417,-0.051545992493629456,0.23996025323867798,0.13925334811210632,-0.01773442141711712,0.2967098355293274,0.048367321491241455,-0.036336109042167664,0.2780301570892334,0.01060575246810913,-0.06736356019973755,0.298897922039032,0.10871192812919617,-0.04335005208849907,0.305989146232605,0.12319377064704895,-0.01665836200118065
A,0.30240297317504883,0.34636616706848145,-1.1219161706321756e-06,0.19632071256637573,0.3613697290420532,-0.04366672784090042,0.07532021403312683,0.25021886825561523,-0.051322102546691895,0.011459708213806152,0.11522197723388672,-0.058443352580070496,0.0,0.01417037844657898,-0.05353128910064697,0.08942854404449463,0.09661287069320679,0.009930707514286041,0.07180139422416687,0.004009664058685303,-0.04608901962637901,0.10813981294631958,0.11331865191459656,-0.06476049870252609,0.1146925687789917,0.14298510551452637,-0.0690409392118454,0.15782326459884644,0.07400745153427124,0.0072730062529444695,0.14417797327041626,0.0,-0.05085675045847893,0.17565935850143433,0.14228308200836182,-0.051713842898607254,0.16944998502731323,0.14061349630355835,-0.03624960035085678,0.2258390188217163,0.0662727952003479,-0.010105871595442295,0.2161550521850586,0.009737372398376465,-0.07393771409988403,0.23869091272354126,0.14593088626861572,-0.04910733178257942,0.23196983337402344,0.14391648769378662,-0.01624094322323799,0.29527711868286133,0.06139451265335083,-0.03214901313185692,0.2835875153541565,0.030774712562561035,-0.06531791388988495,0.2974169850349426,0.13311445713043213,-0.04418836534023285,0.30066782236099243,0.1425740122795105,-0.01959695667028427
A,0.2920134961605072,0.36065417528152466,-1.1323194257784053e-06,0.18539103865623474,0.3657718300819397,-0.040284737944602966,0.06679180264472961,0.2477097511291504,-0.04645787924528122,0.006512373685836792,0.1101502776145935,-0.05272918567061424,0.0,0.009947448968887329,-0.046806346625089645,0.0865098237991333,0.09891179203987122,0.011522633023560047,0.07072126865386963,0.0047754645347595215,-0.04316224902868271,0.1042499840259552,0.11756753921508789,-0.06003172695636749,0.11050614714622498,0.1430668830871582,-0.06368659436702728,0.15555831789970398,0.08007878065109253,0.00725085474550724,0.1424008309841156,0.0,-0.05129510909318924,0.16971656680107117,0.1469109058380127,-0.05140448361635208,0.16532161831855774,0.14034181833267212,-0.035162728279829025,0.22377559542655945,0.07422548532485962,-0.01133857574313879,0.21550920605659485,0.014775276184082031,-0.07499495893716812,0.2318262755870819,0.15429210662841797,-0.049864962697029114,0.2254074513912201,0.14771431684494019,-0.016746073961257935,0.29325059056282043,0.06984186172485352,-0.034292083233594894,0.28134194016456604,0.038323044776916504,-0.06654712557792664,0.28954532742500305,0.14145058393478394,-0.0450739748775959,0.292775422334671,0.1483151912689209,-0.020467812195420265
A,0.29147037863731384,0.3574192523956299,-1.1011871947630425e-06,0.1857360303401947,0.3640128970146179,-0.03914133459329605,0.06867530941963196,0.24308598041534424,-0.044774215668439865,0.008793026208877563,0.10655447840690613,-0.05082893371582031,0.0,0.008288919925689697,-0.045749325305223465,0.08525285124778748,0.09875866770744324,0.008254589512944221,0.06595107913017273,0.0014306306838989258,-0.04419933259487152,0.10402312874794006,0.10833355784416199,-0.06083374470472336,0.11569517850875854,0.1353577971458435,-0.06470584124326706,0.15442201495170593,0.0790066123008728,0.003476757789030671,0.14099696278572083,0.0,-0.052327632904052734,0.1682353913784027,0.13877397775650024,-0.053410958498716354,0.16528961062431335,0.14030241966247559,-0.039223138242959976,0.22307583689689636,0.07358700037002563,-0.014820707961916924,0.21446076035499573,0.011359065771102905,-0.07675739377737045,0.23211392760276794,0.14763027429580688,-0.052892427891492844,0.22760280966758728,0.14994698762893677,-0.021562911570072174,0.29419901967048645,0.07183700799942017,-0.037241723388433456,0.2830057442188263,0.03547251224517822,-0.0702013224363327,0.29172709584236145,0.1372281312942505,-0.049831822514534,0.29465702176094055,0.15288811922073364,-0.026378143578767776
A,0.28990301489830017,0.35887831449508667,-1.1218269264645642e-06,0.180679589509964,0.35960859060287476,-0.03638950735330582,0.06528478860855103,0.2398456335067749,-0.04101378470659256,0.007318288087844849,0.10559874773025513,-0.046691328287124634,0.0,0.009742021560668945,-0.04132690653204918,0.08359816670417786,0.09795290231704712,0.01118408516049385,0.06356963515281677,0.004283219575881958,-0.04009383171796799,0.10154801607131958,0.11318400502204895,-0.056378450244665146,0.11322268843650818,0.14185816049575806,-0.059943217784166336,0.1529482901096344,0.07788828015327454,0.005277128424495459,0.1364274024963379,0.0,-0.04952479153871536,0.16465029120445251,0.139010488986969,-0.05025208741426468,0.163938969373703,0.14355117082595825,-0.03575548529624939,0.22253510355949402,0.07230749726295471,-0.01383017934858799,0.21036019921302795,0.010190725326538086,-0.07475139200687408,0.22902771830558777,0.14623141288757324,-0.050468381494283676,0.22678789496421814,0.15125715732574463,-0.01860436238348484,0.2945493757724762,0.07179364562034607,-0.03679954633116722,0.2787960469722748,0.03433942794799805,-0.06877884268760681,0.2876720130443573,0.13496488332748413,-0.04748282954096794,0.2921241819858551,0.15204596519470215,-0.023244036361575127
A,0.28661221265792847,0.35095545649528503,-1.11059409846348e-06,0.17545658349990845,0.35500839352607727,-0.03616822138428688,0.06271106004714966,0.2359696328639984,-0.040443118661642075,0.007241368293762207,0.09914055466651917,-0.0454847477376461,0.0,0.004415780305862427,-0.039655137807130814,0.08238688111305237,0.09582820534706116,0.010046036913990974,0.06538337469100952,0.0008193254470825195,-0.04122296720743179,0.10012802481651306,0.11286532878875732,-0.05705394968390465,0.11017394065856934,0.13896223902702332,-0.060514453798532486,0.1526472568511963,0.0788206160068512,0.0044358717277646065,0.13811185956001282,0.0,-0.05102723836898804,0.1620272994041443,0.14015641808509827,-0.052182067185640335,0.16074347496032715,0.1399339735507965,-0.03824866563081741,0.22149300575256348,0.075044184923172,-0.014249767176806927,0.2121732234954834,0.013011962175369263,-0.07520695775747299,0.22566407918930054,0.14779898524284363,-0.052139636129140854,0.2225242257118225,0.14735189080238342,-0.0214998722076416,0.29273998737335205,0.07419037818908691,-0.036732498556375504,0.2799072265625,0.035901278257369995,-0.06760969012975693,0.2869110703468323,0.13467082381248474,-0.04695577546954155,0.2920375466346741,0.14804860949516296,-0.02370278909802437
A,0.28650742769241333,0.3602790832519531,-1.1163151611981448e-06,0.17606580257415771,0.3633902668952942,-0.0346357524394989,0.06268325448036194,0.2390904426574707,-0.03832153230905533,0.00823184847831726,0.09755849838256836,-0.04317212104797363,0.0,0.0020402073860168457,-0.03732389584183693,0.08435001969337463,0.09537982940673828,0.011805888265371323,0.06812971830368042,0.0,-0.03948836028575897,0.1025102436542511,0.11296334862709045,-0.05542359501123428,0.11250904202461243,0.13963675498962402,-0.05894450843334198,0.1542435884475708,0.07900643348693848,0.005662999581545591,0.13969898223876953,0.00039833784103393555,-0.04878777638077736,0.16235613822937012,0.1424933671951294,-0.049643728882074356,0.16164207458496094,0.13952738046646118,-0.035662226378917694,0.22305577993392944,0.07715916633605957,-0.013544238172471523,0.21298426389694214,0.014034122228622437,-0.07402430474758148,0.22526150941848755,0.15025854110717773,-0.05039546266198158,0.22441750764846802,0.14947867393493652,-0.019502924755215645,0.2944517731666565,0.07765638828277588,-0.03646688163280487,0.28002268075942993,0.04153120517730713,-0.0672607570886612,0.2857438325881958,0.14155757427215576,-0.046297259628772736,0.2921466827392578,0.15484493970870972,-0.02272476814687252
A,0.289070725440979,0.3634321093559265,-1.0941652135443292e-06,0.1774856448173523,0.3637455701828003,-0.035540152341127396,0.06541192531585693,0.2371814250946045,-0.03950522094964981,0.009952664375305176,0.09777697920799255,-0.0446106381714344,0.0,0.0019516944885253906,-0.038711052387952805,0.08343058824539185,0.09256264567375183,0.012753445655107498,0.0681905448436737,0.000504612922668457,-0.03679395839571953,0.10355168581008911,0.11010193824768066,-0.05210065469145775,0.11297973990440369,0.13527703285217285,-0.0554354228079319,0.15421807765960693,0.07617101073265076,0.00700416648760438,0.14108192920684814,0.0,-0.04519754648208618,0.16512876749038696,0.13839638233184814,-0.04492209851741791,0.16402477025985718,0.13734078407287598,-0.030539782717823982,0.22443246841430664,0.07545796036720276,-0.011948136612772942,0.21559518575668335,0.01240086555480957,-0.07084119319915771,0.228260338306427,0.14690053462982178,-0.04697438329458237,0.2253941297531128,0.149255633354187,-0.016240976750850677,0.2970083951950073,0.07916095852851868,-0.03481730818748474,0.2841944098472595,0.039757609367370605,-0.06523281335830688,0.28798407316207886,0.1397603154182434,-0.04466569423675537,0.2910248637199402,0.15647512674331665,-0.02150215208530426
A,0.28506186604499817,0.3597389757633209,-1.089467218662321e-06,0.169864684343338,0.3588113486766815,-0.03610033541917801,0.06057107448577881,0.23419740796089172,-0.04104962199926376,0.0072210729122161865,0.09726271033287048,-0.04682724550366402,0.0,0.0021580159664154053,-0.04186974838376045,0.08440777659416199,0.09297880530357361,0.009818376041948795,0.06888791918754578,0.0,-0.04040587320923805,0.1017407774925232,0.11163657903671265,-0.05619882792234421,0.1106797456741333,0.13737669587135315,-0.05997340753674507,0.1552344262599945,0.07867535948753357,0.004154793918132782,0.13985797762870789,0.0014200210571289062,-0.049285732209682465,0.1611262857913971,0.1398806869983673,-0.049941252917051315,0.16110846400260925,0.14001592993736267,-0.03625151515007019,0.22456708550453186,0.07824563980102539,-0.014498258009552956,0.2138037383556366,0.015950649976730347,-0.07372114062309265,0.2251134216785431,0.15008065104484558,-0.05021918565034866,0.22356733679771423,0.15142151713371277,-0.019727610051631927,0.29647311568260193,0.08092114329338074,-0.037061907351017,0.2815583646297455,0.043132513761520386,-0.06662160158157349,0.2856346666812897,0.14103266596794128,-0.04570901766419411,0.2908846437931061,0.15529713034629822,-0.022627925500273705
A,0.2829652428627014,0.3647865056991577,-1.0857667120944825e-06,0.16732972860336304,0.35797905921936035,-0.03277458995580673,0.05960911512374878,0.2325439453125,-0.03653702884912491,0.008485555648803711,0.09507507085800171,-0.04225952550768852,0.0,0.0010644793510437012,-0.03748265281319618,0.08648350834846497,0.09346082806587219,0.014732524752616882,0.0696902871131897,0.0,-0.034540288150310516,0.10122138261795044,0.11180216073989868,-0.04937879368662834,0.11202824115753174,0.1369389295578003,-0.05218097195029259,0.15705329179763794,0.07946950197219849,0.007810886483639479,0.1410948932170868,0.002872675657272339,-0.044221047312021255,0.160284161567688,0.142431378364563,-0.04410167783498764,0.16234558820724487,0.1390094757080078,-0.029630988836288452,0.22615867853164673,0.07997846603393555,-0.012020355090498924,0.21453499794006348,0.01938280463218689,-0.06971496343612671,0.2238042950630188,0.15422743558883667,-0.04563162848353386,0.22507494688034058,0.15297526121139526,-0.014591291546821594,0.29746389389038086,0.08382153511047363,-0.035587918013334274,0.28176289796829224,0.04668396711349487,-0.06342802196741104,0.28363728523254395,0.1445375680923462,-0.04164925217628479,0.2913776636123657,0.15702790021896362,-0.017835432663559914
A,0.2788655161857605,0.3722926378250122,-1.0781145647342782e-06,0.16493797302246094,0.36010199785232544,-0.03373885154724121,0.05959233641624451,0.23173165321350098,-0.038345370441675186,0.008570194244384766,0.0968027412891388,-0.044416461139917374,0.0,0.001965761184692383,-0.039526768028736115,0.08392393589019775,0.09289422631263733,0.012205886654555798,0.06758654117584229,0.0,-0.03663206472992897,0.10123270750045776,0.11150684952735901,-0.05168643593788147,0.11251264810562134,0.1364549994468689,-0.055029843002557755,0.15480488538742065,0.07728588581085205,0.005974356550723314,0.13921216130256653,0.00044465065002441406,-0.04534628242254257,0.16070425510406494,0.1387384533882141,-0.04478342831134796,0.16425329446792603,0.13728255033493042,-0.030281107872724533,0.22569990158081055,0.07751095294952393,-0.012927140109241009,0.212516188621521,0.016432642936706543,-0.06912419945001602,0.22386270761489868,0.15025001764297485,-0.0434497632086277,0.22707247734069824,0.15134716033935547,-0.011606106534600258,0.2989446520805359,0.08188042044639587,-0.0357324481010437,0.27987462282180786,0.04540795087814331,-0.06246114522218704,0.28237342834472656,0.1410084366798401,-0.03983307629823685,0.290995717048645,0.15218663215637207,-0.015553376637399197
A,0.2802565395832062,0.36724168062210083,-1.071907718142029e-06,0.16513004899024963,0.35626357793807983,-0.03187926858663559,0.05805507302284241,0.23066556453704834,-0.03552995249629021,0.005978673696517944,0.09528911113739014,-0.04122946783900261,0.0,0.0,-0.03632659092545509,0.0828106701374054,0.09371206164360046,0.01673712208867073,0.06891384720802307,0.00021255016326904297,-0.031190970912575722,0.09877660870552063,0.10877108573913574,-0.046512339264154434,0.10954025387763977,0.1360875368118286,-0.04979448765516281,0.15356048941612244,0.08010414242744446,0.010171161033213139,0.13917580246925354,0.0023420751094818115,-0.04013955593109131,0.1580347716808319,0.13719028234481812,-0.0401754267513752,0.1610797941684723,0.1381630301475525,-0.026144767180085182,0.22325322031974792,0.0808984637260437,-0.009093211032450199,0.21233829855918884,0.017523467540740967,-0.06483007967472076,0.22192654013633728,0.14898896217346191,-0.04074075073003769,0.22360923886299133,0.1533392071723938,-0.010046898387372494,0.2954305112361908,0.086001455783844,-0.032064288854599,0.2805306017398834,0.04664409160614014,-0.05880330502986908,0.2814100682735443,0.1420310139656067,-0.03729827702045441,0.287865549325943,0.15738385915756226,-0.013911593705415726
A,0.28052252531051636,0.3623884916305542,-1.0880496574827703e-06,0.16597002744674683,0.3601451516151428,-0.03432762622833252,0.056965172290802,0.23645657300949097,-0.039385274052619934,0.004782676696777344,0.09753590822219849,-0.045867919921875,0.0,0.0013626515865325928,-0.041602518409490585,0.08570045232772827,0.09491324424743652,0.011049109511077404,0.06687521934509277,0.0,-0.03893944248557091,0.09826686978340149,0.11258500814437866,-0.05415838211774826,0.11072871088981628,0.1372414231300354,-0.05750274285674095,0.1546485424041748,0.07988041639328003,0.0050284587778151035,0.1362500786781311,0.0018249154090881348,-0.048110365867614746,0.1563321352005005,0.14157313108444214,-0.0476895272731781,0.16078579425811768,0.1382961869239807,-0.032858166843652725,0.22313791513442993,0.07932865619659424,-0.013811683282256126,0.20930325984954834,0.018364906311035156,-0.07188823074102402,0.21993523836135864,0.1536334753036499,-0.046435680240392685,0.22363871335983276,0.15212613344192505,-0.014515042304992676,0.2943669557571411,0.08184123039245605,-0.0365767776966095,0.27634191513061523,0.04968494176864624,-0.06467696279287338,0.27871590852737427,0.14688903093338013,-0.042833682149648666,0.28846275806427,0.1564663052558899,-0.019086018204689026
A,0.2800443172454834,0.3611352741718292,-1.1034381941499305e-06,0.1657329797744751,0.358837753534317,-0.03129839524626732,0.05777934193611145,0.2372138798236847,-0.03493687883019447,0.005854189395904541,0.09986487030982971,-0.04074031859636307,0.0,0.005740761756896973,-0.03602685034275055,0.08365684747695923,0.09801581501960754,0.015567709691822529,0.0684170126914978,0.0,-0.03516459837555885,0.09808576107025146,0.11075219511985779,-0.05190696194767952,0.10692200064659119,0.13723209500312805,-0.055823326110839844,0.15288251638412476,0.08468389511108398,0.008739936165511608,0.137972891330719,0.004047006368637085,-0.04380752891302109,0.1574636697769165,0.1423872411251068,-0.0448344349861145,0.15737831592559814,0.13890323042869568,-0.03125487267971039,0.22113478183746338,0.0834798514842987,-0.01082921028137207,0.20887064933776855,0.01983436942100525,-0.06812188774347305,0.22012394666671753,0.15287664532661438,-0.04384143278002739,0.22095412015914917,0.15192589163780212,-0.012884342111647129,0.29141926765441895,0.08404853940010071,-0.03402145206928253,0.2749042510986328,0.04744398593902588,-0.059980157762765884,0.2780739665031433,0.1440330445766449,-0.03729840740561485,0.2861698865890503,0.1559966504573822,-0.013246140442788601
A,0.2744021415710449,0.364594429731369,-1.08310428004188e-06,0.15984678268432617,0.3511141836643219,-0.029454447329044342,0.05426901578903198,0.23347660899162292,-0.03476286679506302,0.0033347904682159424,0.10120642185211182,-0.042981214821338654,0.0,0.005420893430709839,-0.040972620248794556,0.0876118540763855,0.09253054857254028,0.01689443178474903,0.06737831234931946,0.0,-0.03480113297700882,0.09668165445327759,0.1086418628692627,-0.05350706726312637,0.10992258787155151,0.14038589596748352,-0.05841059982776642,0.15635144710540771,0.07901227474212646,0.008765703067183495,0.1368219256401062,0.0008702576160430908,-0.04302595928311348,0.1575460433959961,0.13630494475364685,-0.043813448399305344,0.1631816029548645,0.13962724804878235,-0.0301895160228014,0.22498148679733276,0.07940429449081421,-0.012022697366774082,0.2089563012123108,0.016838103532791138,-0.06766241043806076,0.21974283456802368,0.14790984988212585,-0.04156678169965744,0.22422945499420166,0.15298888087272644,-0.0093771293759346,0.29601043462753296,0.08484306931495667,-0.036450836807489395,0.2740771770477295,0.04837906360626221,-0.061288055032491684,0.2755895256996155,0.14314576983451843,-0.03689080849289894,0.28519749641418457,0.15674778819084167,-0.011507033370435238
A,0.27192455530166626,0.3635578751564026,-1.0817539077834226e-06,0.16085875034332275,0.35379427671432495,-0.03388438746333122,0.0531923770904541,0.2334374189376831,-0.0409926138818264,0.0,0.10177290439605713,-0.0496441014111042,0.00012919306755065918,0.005483150482177734,-0.04715482145547867,0.07893913984298706,0.09286946058273315,0.01079941913485527,0.06123870611190796,0.0008031725883483887,-0.03912657871842384,0.09328842163085938,0.11158987879753113,-0.05472565069794655,0.10449543595314026,0.1369243860244751,-0.05843031406402588,0.1475655436515808,0.07622316479682922,0.004801022354513407,0.13066962361335754,0.0,-0.04662499204277992,0.1527687907218933,0.1368640661239624,-0.045268528163433075,0.15506213903427124,0.13364100456237793,-0.030026080086827278,0.21711218357086182,0.07376551628112793,-0.013753501698374748,0.20266079902648926,0.015644431114196777,-0.06919453293085098,0.21577966213226318,0.14794546365737915,-0.041536007076501846,0.2182328701019287,0.14667010307312012,-0.008553309366106987,0.28884005546569824,0.07606187462806702,-0.03628690913319588,0.26802366971969604,0.04629784822463989,-0.06200683116912842,0.27142101526260376,0.1409059762954712,-0.03819403797388077,0.28067731857299805,0.14922106266021729,-0.013198365457355976
A,0.2690442204475403,0.36782678961753845,-1.0657607845132588e-06,0.15723258256912231,0.3511464297771454,-0.02893088385462761,0.05051696300506592,0.2331273853778839,-0.03392680734395981,0.0,0.10274374485015869,-0.04200286790728569,0.0029325485229492188,0.008166074752807617,-0.039786454290151596,0.0816546082496643,0.09564384818077087,0.018030906096100807,0.06304571032524109,0.0,-0.032650627195835114,0.09074676036834717,0.10523015260696411,-0.05180953070521355,0.10215699672698975,0.1391676366329193,-0.05748376250267029,0.14948362112045288,0.08063045144081116,0.010201644152402878,0.13181227445602417,0.004375427961349487,-0.03982359915971756,0.15214991569519043,0.1354227364063263,-0.04100861772894859,0.15491288900375366,0.14046266674995422,-0.02850228175520897,0.2178838849067688,0.0795896053314209,-0.01018111128360033,0.20266902446746826,0.01406484842300415,-0.06357116252183914,0.2131977081298828,0.14157834649085999,-0.0380849651992321,0.21493041515350342,0.15051808953285217,-0.007368349935859442,0.2888222336769104,0.0854666531085968,-0.034292951226234436,0.2681601643562317,0.049427419900894165,-0.05950281396508217,0.270300030708313,0.14069607853889465,-0.03678778558969498,0.27787911891937256,0.15500953793525696,-0.012865950353443623
A,0.2643757462501526,0.3665804862976074,-1.0731700967880897e-06,0.15175467729568481,0.34885942935943604,-0.028553135693073273,0.04740914702415466,0.23152899742126465,-0.03339493274688721,0.0,0.0995711088180542,-0.04141565412282944,0.0014504790306091309,0.006965696811676025,-0.03886014223098755,0.07997354865074158,0.09200140833854675,0.018698975443840027,0.062093526124954224,0.0,-0.03276011347770691,0.08808678388595581,0.10740816593170166,-0.0514826737344265,0.09851551055908203,0.13562577962875366,-0.05662335082888603,0.14689892530441284,0.08028101921081543,0.01054913830012083,0.12897342443466187,0.004775375127792358,-0.04070991277694702,0.14650094509124756,0.13867563009262085,-0.04093768075108528,0.15002816915512085,0.13606858253479004,-0.027199162170290947,0.21435940265655518,0.08133020997047424,-0.010301236994564533,0.19798880815505981,0.015571385622024536,-0.06580878049135208,0.20758593082427979,0.145982027053833,-0.03931037336587906,0.21277564764022827,0.14885002374649048,-0.00707603944465518,0.28500062227249146,0.08768144249916077,-0.03485677018761635,0.26391762495040894,0.05176272988319397,-0.061061520129442215,0.263974130153656,0.1457897424697876,-0.03786199167370796,0.2737347483634949,0.15773719549179077,-0.01312560960650444
A,0.2587781548500061,0.3682703971862793,-1.073319822353369e-06,0.1483343243598938,0.34653884172439575,-0.028683723881840706,0.04524177312850952,0.23027640581130981,-0.034267786890268326,0.0,0.10108688473701477,-0.04274081066250801,0.006293118000030518,0.010023295879364014,-0.04068075120449066,0.07958978414535522,0.08981847763061523,0.015926316380500793,0.0636243224143982,0.0,-0.035448379814624786,0.08752015233039856,0.10813078284263611,-0.05499154329299927,0.0962742269039154,0.13881754875183105,-0.061130449175834656,0.14659208059310913,0.07857602834701538,0.0078811664134264,0.12938016653060913,0.006162464618682861,-0.04287336394190788,0.1461147665977478,0.13969901204109192,-0.04329864680767059,0.15009993314743042,0.13994190096855164,-0.030255980789661407,0.21410644054412842,0.0804484486579895,-0.012584134936332703,0.19782769680023193,0.01572185754776001,-0.06666135787963867,0.20609402656555176,0.14590495824813843,-0.03952221944928169,0.21125376224517822,0.1524590253829956,-0.0074114506132900715,0.2843446135520935,0.08845856785774231,-0.03685339540243149,0.26215243339538574,0.054241836071014404,-0.06237715855240822,0.2612866759300232,0.14670515060424805,-0.038929183036088943,0.27040624618530273,0.15911442041397095,-0.014242040924727917
A,0.24793264269828796,0.37180882692337036,-1.0616741974445176e-06,0.13968685269355774,0.35151535272598267,-0.028745077550411224,0.0407891571521759,0.23136615753173828,-0.03462414816021919,0.0,0.10021650791168213,-0.04315938055515289,0.009270340204238892,0.013722747564315796,-0.041431527584791183,0.07763659954071045,0.08719784021377563,0.011472832411527634,0.05844619870185852,0.0,-0.03856823593378067,0.08144688606262207,0.11131000518798828,-0.056285127997398376,0.09107330441474915,0.1367996335029602,-0.06192875653505325,0.1445046365261078,0.07969528436660767,0.002503411378711462,0.12486210465431213,0.00658416748046875,-0.04923239350318909,0.13780656456947327,0.14329153299331665,-0.049224525690078735,0.14390906691551208,0.14025157690048218,-0.035509172827005386,0.21153774857521057,0.08568289875984192,-0.018333764746785164,0.19415995478630066,0.024131864309310913,-0.0725409984588623,0.19868996739387512,0.15518277883529663,-0.0449618324637413,0.20479586720466614,0.1551256775856018,-0.01286928541958332,0.28069308400154114,0.09683471918106079,-0.04297542944550514,0.25866588950157166,0.06754648685455322,-0.06774146109819412,0.2563246190547943,0.15874630212783813,-0.043807502835989,0.26677659153938293,0.1649269461631775,-0.019312193617224693
A,0.236061692237854,0.3847023844718933,-1.1753126045732643e-06,0.13147836923599243,0.3669780492782593,-0.025084637105464935,0.03528857231140137,0.23112624883651733,-0.02566538192331791,0.0,0.08867776393890381,-0.028983358293771744,0.014703154563903809,0.006723165512084961,-0.02272777073085308,0.07843810319900513,0.09216064214706421,0.014481441117823124,0.0734100341796875,0.0,-0.03507322445511818,0.08826333284378052,0.11341357231140137,-0.052550286054611206,0.09092241525650024,0.14452627301216125,-0.0575437918305397,0.14561700820922852,0.09313616156578064,0.004878816194832325,0.13839834928512573,0.016894936561584473,-0.04505155235528946,0.1433253288269043,0.15246987342834473,-0.0443405918776989,0.14212125539779663,0.15414604544639587,-0.03101295791566372,0.21041017770767212,0.10530698299407959,-0.016541603952646255,0.20446652173995972,0.041217923164367676,-0.06997352093458176,0.202156662940979,0.17063212394714355,-0.04405771195888519,0.2006729245185852,0.1762462854385376,-0.01402379758656025,0.2765549421310425,0.1203814148902893,-0.04138593375682831,0.2648431658744812,0.08458399772644043,-0.06622911244630814,0.25997138023376465,0.17997515201568604,-0.043688658624887466,0.2651745676994324,0.1948786973953247,-0.020928233861923218
A,0.21996083855628967,0.39594706892967224,-1.0862825092772255e-06,0.1156831681728363,0.36445268988609314,-0.03186259791254997,0.02971559762954712,0.22393980622291565,-0.03666128218173981,0.0,0.08388969302177429,-0.04278121143579483,0.013912469148635864,0.0,-0.038504257798194885,0.07455840706825256,0.09148326516151428,0.009214557707309723,0.07310745120048523,0.0022291839122772217,-0.04047759249806404,0.08678516745567322,0.11661815643310547,-0.056047625839710236,0.08820250630378723,0.14122477173805237,-0.06018258258700371,0.14124444127082825,0.09571066498756409,0.0016038819449022412,0.13917049765586853,0.01553240418434143,-0.050242479890584946,0.1416800320148468,0.1547280251979828,-0.04836186021566391,0.13992729783058167,0.15284091234207153,-0.03321580961346626,0.20574745535850525,0.11291670799255371,-0.018284928053617477,0.20623663067817688,0.05090633034706116,-0.07368262112140656,0.19943055510520935,0.18076631426811218,-0.04691345617175102,0.1962873637676239,0.17999503016471863,-0.015241511166095734,0.2714923322200775,0.13440513610839844,-0.042062509804964066,0.2636648714542389,0.09815829992294312,-0.06791149079799652,0.25509628653526306,0.1909671127796173,-0.04473946988582611,0.25966742634773254,0.20116344094276428,-0.02084575966000557
A,0.20401906967163086,0.4111366271972656,-1.0773520671136794e-06,0.10176563262939453,0.37482649087905884,-0.03040701150894165,0.022452861070632935,0.22555845975875854,-0.03484892100095749,0.0,0.08199161291122437,-0.041126400232315063,0.018145263195037842,0.0,-0.037321314215660095,0.07222127914428711,0.09637778997421265,0.00819916371256113,0.07426708936691284,0.0008459389209747314,-0.04181257262825966,0.08281522989273071,0.11627405881881714,-0.05791716277599335,0.08510702848434448,0.1478196084499359,-0.06207555532455444,0.1384962797164917,0.10513857007026672,8.536857058061287e-05,0.1399518847465515,0.023476123809814453,-0.050114523619413376,0.13491803407669067,0.16232606768608093,-0.04801570996642113,0.13421416282653809,0.16321495175361633,-0.03339769318699837,0.20148253440856934,0.1280478835105896,-0.02017083950340748,0.20507246255874634,0.06335949897766113,-0.07359736412763596,0.19062906503677368,0.19094181060791016,-0.04725799709558487,0.18841922283172607,0.19324588775634766,-0.016733041033148766,0.26454025506973267,0.15653076767921448,-0.0443231463432312,0.2594950199127197,0.11833468079566956,-0.06967553496360779,0.24572908878326416,0.2086285948753357,-0.04752510040998459,0.24944108724594116,0.22159689664840698,-0.02475700154900551
A,0.1846112608909607,0.43472176790237427,-1.0559548400124186e-06,0.08324199914932251,0.3812025785446167,-0.03360579162836075,0.013941407203674316,0.22564548254013062,-0.03764371946454048,0.0,0.08123278617858887,-0.04227820783853531,0.017144203186035156,0.0,-0.03588978946208954,0.06476545333862305,0.10250920057296753,0.008989039808511734,0.07184350490570068,0.013102114200592041,-0.03969382867217064,0.07490408420562744,0.12897971272468567,-0.05537817254662514,0.07618534564971924,0.15669691562652588,-0.05966048315167427,0.13226550817489624,0.11524230241775513,0.0033118785358965397,0.135775625705719,0.035710424184799194,-0.04710457846522331,0.12443983554840088,0.17606580257415771,-0.04558743163943291,0.1272515058517456,0.17599022388458252,-0.030876191332936287,0.1956770420074463,0.1439308524131775,-0.014677373692393303,0.20174169540405273,0.08146342635154724,-0.06775407493114471,0.17879211902618408,0.20979207754135132,-0.041493598371744156,0.17824971675872803,0.21132498979568481,-0.010553195141255856,0.2585653066635132,0.17830321192741394,-0.036862313747406006,0.25335562229156494,0.1406894326210022,-0.062127068638801575,0.23223650455474854,0.22916024923324585,-0.04020773246884346,0.23589646816253662,0.2397875189781189,-0.01707901805639267
A,0.17798203229904175,0.4263385534286499,-1.0215345582764712e-06,0.08118617534637451,0.37595444917678833,-0.03050837107002735,0.013740301132202148,0.22413069009780884,-0.03616730123758316,0.0,0.08314388990402222,-0.043120864778757095,0.022398948669433594,0.0,-0.04034915938973427,0.06613272428512573,0.10009527206420898,0.006662594620138407,0.07388848066329956,0.007449060678482056,-0.04184340313076973,0.07497215270996094,0.11808544397354126,-0.058590907603502274,0.07738375663757324,0.14980453252792358,-0.06398670375347137,0.1324779987335205,0.11452096700668335,-0.0017530096229165792,0.13947969675064087,0.02961862087249756,-0.052699390798807144,0.12525629997253418,0.1650572121143341,-0.054125137627124786,0.12716180086135864,0.17276138067245483,-0.04166646674275398,0.1946757435798645,0.14418843388557434,-0.021404270082712173,0.20357096195220947,0.07824879884719849,-0.07699455320835114,0.1781201958656311,0.20377862453460693,-0.05450327694416046,0.17449504137039185,0.20922833681106567,-0.02581072598695755,0.2567589282989502,0.1809602975845337,-0.044338054955005646,0.2544199824333191,0.14148470759391785,-0.0731920674443245,0.23189187049865723,0.23013818264007568,-0.05299040675163269,0.23119544982910156,0.24493294954299927,-0.030750008299946785
A,0.1653108298778534,0.4274365305900574,-1.0550030538070132e-06,0.07067039608955383,0.37491434812545776,-0.032722409814596176,0.01005813479423523,0.21970701217651367,-0.03777113929390907,0.0,0.08096659183502197,-0.0432099774479866,0.02076128125190735,0.0,-0.03812622278928757,0.06390491127967834,0.09659898281097412,0.004875833634287119,0.0757773220539093,0.005559325218200684,-0.04430212825536728,0.0735185444355011,0.11937791109085083,-0.059928592294454575,0.07362702488899231,0.15309277176856995,-0.06348231434822083,0.13009598851203918,0.11563953757286072,-0.0015265133697539568,0.13979777693748474,0.03474229574203491,-0.05253547057509422,0.12175527215003967,0.17213675379753113,-0.05196026712656021,0.12214937806129456,0.1780736744403839,-0.03733781352639198,0.1916748583316803,0.14903542399406433,-0.019551772624254227,0.20088991522789001,0.08722823858261108,-0.07497088611125946,0.17318955063819885,0.21260088682174683,-0.05120021104812622,0.17028948664665222,0.21506226062774658,-0.021140148863196373,0.2528568208217621,0.18830496072769165,-0.041061364114284515,0.25148317217826843,0.14885574579238892,-0.06971520185470581,0.22700902819633484,0.23679983615875244,-0.049208465963602066,0.22685226798057556,0.2503248453140259,-0.02628776989877224
A,0.16474011540412903,0.442634642124176,-1.0551017339821556e-06,0.06699928641319275,0.3871610760688782,-0.030435964465141296,0.00649222731590271,0.22431427240371704,-0.03463713824748993,0.0,0.08071810007095337,-0.039335522800683975,0.02518060803413391,0.0,-0.03410346060991287,0.06364801526069641,0.11013245582580566,0.003908231854438782,0.07736322283744812,0.01747986674308777,-0.04275805130600929,0.07598057389259338,0.13210582733154297,-0.05787752568721771,0.07589319348335266,0.1646873652935028,-0.062294475734233856,0.12875857949256897,0.1296437382698059,-0.003884201403707266,0.14044907689094543,0.04476112127304077,-0.05243375897407532,0.12157556414604187,0.18200591206550598,-0.05192587897181511,0.11980244517326355,0.1928103268146515,-0.038793329149484634,0.18971005082130432,0.16383132338523865,-0.022541264072060585,0.20259174704551697,0.09549674391746521,-0.07627139240503311,0.17400744557380676,0.22188156843185425,-0.05209645256400108,0.1687552034854889,0.23150372505187988,-0.02277415618300438,0.2505688965320587,0.205389142036438,-0.04441239684820175,0.2510526478290558,0.1623639166355133,-0.0727808028459549,0.2261333167552948,0.2521163821220398,-0.051612891256809235,0.22312232851982117,0.27143925428390503,-0.028862934559583664
A,0.1616455614566803,0.43966829776763916,-1.036018716149556e-06,0.06665262579917908,0.38652509450912476,-0.03476206958293915,0.007659167051315308,0.22343134880065918,-0.040057238191366196,0.0,0.08245149254798889,-0.04537513852119446,0.021566122770309448,0.0,-0.04011833667755127,0.06064674258232117,0.0991142988204956,0.005286036059260368,0.07736489176750183,0.011311173439025879,-0.04232332482933998,0.07397249341011047,0.1246437132358551,-0.05777018144726753,0.07151535153388977,0.15549379587173462,-0.06211661547422409,0.12657251954078674,0.11882880330085754,-0.0009754420025274158,0.1408771574497223,0.039270877838134766,-0.050814416259527206,0.12026599049568176,0.17697206139564514,-0.05028665438294411,0.11718663573265076,0.18471968173980713,-0.036356426775455475,0.18771138787269592,0.1544836461544037,-0.019086239859461784,0.20217564702033997,0.09087643027305603,-0.07493510097265244,0.17207810282707214,0.2183229923248291,-0.05104472488164902,0.16526785492897034,0.22580814361572266,-0.021184032782912254,0.24834689497947693,0.19801241159439087,-0.04085680469870567,0.25074073672294617,0.15606403350830078,-0.07155811041593552,0.2243281900882721,0.24676251411437988,-0.05124469846487045,0.2192055881023407,0.26457327604293823,-0.028353247791528702
A,0.1596825122833252,0.4391627907752991,-1.060394993146474e-06,0.0649370551109314,0.39276593923568726,-0.032968394458293915,0.004487335681915283,0.22783374786376953,-0.037686191499233246,0.0,0.08139216899871826,-0.04253508523106575,0.025297045707702637,0.0,-0.03734976053237915,0.060866475105285645,0.10567480325698853,0.0018076722044497728,0.07803434133529663,0.01274639368057251,-0.046170324087142944,0.07391619682312012,0.12647631764411926,-0.06125964596867561,0.07237309217453003,0.16357916593551636,-0.06495054066181183,0.12571203708648682,0.12766686081886292,-0.004629464820027351,0.14088231325149536,0.045349717140197754,-0.054961178451776505,0.12046647071838379,0.18195903301239014,-0.054668791592121124,0.11675947904586792,0.19391974806785583,-0.04116186872124672,0.185727059841156,0.16384518146514893,-0.022271543741226196,0.2021404504776001,0.09943825006484985,-0.07854093611240387,0.17176717519760132,0.22639060020446777,-0.05547377094626427,0.16228646039962769,0.23658424615859985,-0.02649088017642498,0.2461981177330017,0.20671945810317993,-0.0431673489511013,0.25071263313293457,0.16412746906280518,-0.07408859580755234,0.22454649209976196,0.25580281019210815,-0.054534461349248886,0.21634644269943237,0.27582502365112305,-0.03261953219771385
A,0.148756206035614,0.44359153509140015,-1.0390306215413148e-06,0.05863136053085327,0.3864485025405884,-0.03380861505866051,0.0036637187004089355,0.22218632698059082,-0.0392526313662529,0.0,0.08137720823287964,-0.04546259716153145,0.026717305183410645,0.0,-0.041379284113645554,0.06180441379547119,0.10354936122894287,0.007440381217747927,0.07518845796585083,0.014406979084014893,-0.042401023209095,0.07341784238815308,0.12542441487312317,-0.05950867384672165,0.07316499948501587,0.16210556030273438,-0.06360732764005661,0.12696385383605957,0.12551704049110413,0.0003051064850296825,0.13982164859771729,0.045897603034973145,-0.05118441581726074,0.11963284015655518,0.18167954683303833,-0.05171038210391998,0.11669617891311646,0.1944025754928589,-0.0373607762157917,0.18705356121063232,0.16410598158836365,-0.018918031826615334,0.1998116374015808,0.10305830836296082,-0.07544780522584915,0.16916382312774658,0.22868698835372925,-0.052352260798215866,0.16144931316375732,0.23627519607543945,-0.022111451253294945,0.2456575632095337,0.21127206087112427,-0.04172414168715477,0.24707674980163574,0.1708284616470337,-0.07152456045150757,0.22026127576828003,0.2597529888153076,-0.050574783235788345,0.21472585201263428,0.27667880058288574,-0.026920095086097717
A,0.14449471235275269,0.44290751218795776,-1.023547952172521e-06,0.05308222770690918,0.3811265230178833,-0.03334823623299599,0.0013180375099182129,0.21784615516662598,-0.038722727447748184,0.0,0.07940393686294556,-0.0444430336356163,0.025558769702911377,0.0,-0.040305521339178085,0.060318827629089355,0.10027801990509033,0.0046235318295657635,0.07854980230331421,0.015075445175170898,-0.04339459910988808,0.07109105587005615,0.12517458200454712,-0.05888896808028221,0.06981080770492554,0.1568763256072998,-0.06280942261219025,0.12513810396194458,0.12623858451843262,-0.0024091429077088833,0.1424117088317871,0.04874235391616821,-0.05297573655843735,0.1149759292602539,0.18200993537902832,-0.052869781851768494,0.11251097917556763,0.19167539477348328,-0.03874651715159416,0.18441712856292725,0.16695067286491394,-0.020980633795261383,0.20043832063674927,0.10695973038673401,-0.0774683952331543,0.16448736190795898,0.23101550340652466,-0.05415749549865723,0.15861260890960693,0.23779553174972534,-0.02415839210152626,0.2427021861076355,0.2149651050567627,-0.042950622737407684,0.24488765001296997,0.17539092898368835,-0.07335332036018372,0.21502703428268433,0.26373475790023804,-0.0527634471654892,0.21118420362472534,0.280634343624115,-0.029566163197159767
A,0.13738739490509033,0.45281457901000977,-1.024321477416379e-06,0.04877901077270508,0.39062660932540894,-0.035486411303281784,0.0004208087921142578,0.2231607437133789,-0.041440222412347794,0.0,0.08339115977287292,-0.047475043684244156,0.02463632822036743,0.0,-0.04269392788410187,0.056804537773132324,0.10706380009651184,0.006293900310993195,0.0779426097869873,0.019447028636932373,-0.04301482066512108,0.07130986452102661,0.13117805123329163,-0.05958641320466995,0.06717550754547119,0.16602683067321777,-0.06347182393074036,0.12114155292510986,0.13224226236343384,0.0008913562633097172,0.1416986584663391,0.05751246213912964,-0.049288880079984665,0.11629217863082886,0.19020572304725647,-0.04952957481145859,0.10970211029052734,0.19740062952041626,-0.035650499165058136,0.18025600910186768,0.17300838232040405,-0.016649965196847916,0.19766336679458618,0.11627113819122314,-0.07178381830453873,0.16397297382354736,0.23799598217010498,-0.0485832579433918,0.1547163724899292,0.24085766077041626,-0.01909421756863594,0.23736047744750977,0.22109746932983398,-0.03791772574186325,0.24151402711868286,0.18379423022270203,-0.06680160015821457,0.21312201023101807,0.270652174949646,-0.046014897525310516,0.20701754093170166,0.2841230034828186,-0.022828305140137672
A,0.13631531596183777,0.4510982036590576,-1.0433859642944299e-06,0.04762271046638489,0.38666975498199463,-0.03498217090964317,0.0,0.2193901538848877,-0.04029974341392517,0.0005275905132293701,0.08017575740814209,-0.045766815543174744,0.028613656759262085,0.0,-0.04061323404312134,0.06118425726890564,0.10598015785217285,0.006721479818224907,0.08373084664344788,0.018484175205230713,-0.04264102503657341,0.07308134436607361,0.13148939609527588,-0.059142451733350754,0.06750532984733582,0.16460257768630981,-0.06318221241235733,0.12462565302848816,0.13417446613311768,0.0009721990791149437,0.14629629254341125,0.05873370170593262,-0.0510367825627327,0.11728039383888245,0.19211256504058838,-0.052365899085998535,0.11101993918418884,0.20048335194587708,-0.03884351998567581,0.18180635571479797,0.17641979455947876,-0.01670173369348049,0.19998762011528015,0.12128061056137085,-0.07316800951957703,0.16362115740776062,0.24361568689346313,-0.05044576898217201,0.15425804257392883,0.2471105456352234,-0.020782995969057083,0.2371523678302765,0.2251373529434204,-0.037980977445840836,0.2420676052570343,0.1901901662349701,-0.06718524545431137,0.21266600489616394,0.2772490978240967,-0.04652886092662811,0.20649567246437073,0.29091960191726685,-0.023326613008975983
A,0.12955528497695923,0.45003002882003784,-1.0550119213803555e-06,0.04361534118652344,0.3849338889122009,-0.03262349218130112,0.0,0.21841281652450562,-0.03838260471820831,0.005650848150253296,0.08101728558540344,-0.04455401748418808,0.03084111213684082,0.0,-0.040660273283720016,0.06311464309692383,0.10501992702484131,0.0029009853024035692,0.08582621812820435,0.017318427562713623,-0.04772428795695305,0.07375401258468628,0.12706023454666138,-0.06573256105184555,0.06954693794250488,0.16693055629730225,-0.07036244124174118,0.1262264847755432,0.13325700163841248,-0.004097463563084602,0.14888250827789307,0.058614522218704224,-0.05438075214624405,0.11738300323486328,0.1885952651500702,-0.055198680609464645,0.11159324645996094,0.2024744749069214,-0.04224126785993576,0.18355894088745117,0.1770944893360138,-0.022430524230003357,0.20277315378189087,0.11707723140716553,-0.07693866640329361,0.163882315158844,0.23735207319259644,-0.05300014093518257,0.15558403730392456,0.2479427456855774,-0.023390112444758415,0.23845213651657104,0.22895848751068115,-0.044187288731336594,0.2414221167564392,0.19080504775047302,-0.07326788455247879,0.20954757928848267,0.27589523792266846,-0.05183554068207741,0.20385980606079102,0.2931917905807495,-0.02816404215991497
A,0.13100939989089966,0.4479542374610901,-1.0297719654772663e-06,0.045451581478118896,0.38025450706481934,-0.03524549677968025,0.0,0.21592611074447632,-0.04319231957197189,0.0018629133701324463,0.07903045415878296,-0.05120260268449783,0.03503352403640747,0.0,-0.048672620207071304,0.06313544511795044,0.10148081183433533,0.004591289442032576,0.0868687629699707,0.025272786617279053,-0.045983899384737015,0.07117581367492676,0.13420680165290833,-0.06443549692630768,0.06499356031417847,0.16283446550369263,-0.0703519806265831,0.12368988990783691,0.1306525468826294,-0.0014405444962903857,0.14863640069961548,0.06337285041809082,-0.054277583956718445,0.11502963304519653,0.19130319356918335,-0.05642624944448471,0.10744160413742065,0.19874584674835205,-0.04413261637091637,0.17947489023208618,0.17385372519493103,-0.01909627579152584,0.20101851224899292,0.12131473422050476,-0.0759873017668724,0.16172575950622559,0.23945939540863037,-0.052568528801202774,0.15296423435211182,0.24487394094467163,-0.022705506533384323,0.23401951789855957,0.22494196891784668,-0.04039411619305611,0.23953300714492798,0.18941539525985718,-0.07035622745752335,0.20796477794647217,0.2747635841369629,-0.049167316406965256,0.20115572214126587,0.29001009464263916,-0.02541852742433548
A,0.12914547324180603,0.4519675374031067,-1.0266019216942368e-06,0.04288169741630554,0.3881577253341675,-0.03503692150115967,0.0,0.2180728316307068,-0.040751103311777115,0.006816744804382324,0.07937836647033691,-0.04639633372426033,0.036559492349624634,0.0,-0.04191195219755173,0.06602063775062561,0.10820597410202026,0.0030774043407291174,0.08850070834159851,0.028027892112731934,-0.04538444057106972,0.07363107800483704,0.1362248957157135,-0.06127101555466652,0.06899359822273254,0.16573947668075562,-0.06563853472471237,0.12730637192726135,0.1377781331539154,-0.0029573754873126745,0.149407297372818,0.06772685050964355,-0.05274978652596474,0.11485728621482849,0.19589322805404663,-0.05221112072467804,0.11082598567008972,0.20272362232208252,-0.038549989461898804,0.18304452300071716,0.18277320265769958,-0.020751291885972023,0.202479749917984,0.12722867727279663,-0.0756446123123169,0.16063252091407776,0.24626022577285767,-0.05138335004448891,0.1536320149898529,0.25152480602264404,-0.021778209134936333,0.2380135953426361,0.23511749505996704,-0.04232588782906532,0.24138709902763367,0.1991448998451233,-0.07211852818727493,0.2072446644306183,0.2835315465927124,-0.05161696672439575,0.20168432593345642,0.297743558883667,-0.028937723487615585
A,0.12722694873809814,0.45103758573532104,-1.0361977729189675e-06,0.042870163917541504,0.3846036195755005,-0.03722775727510452,0.0,0.21494758129119873,-0.04324448108673096,0.006249845027923584,0.0785531997680664,-0.048764459788799286,0.03775525093078613,0.0,-0.04321984574198723,0.06692850589752197,0.10218113660812378,0.00639823405072093,0.09228301048278809,0.028075456619262695,-0.04237326607108116,0.07339602708816528,0.13694536685943604,-0.058846596628427505,0.06713104248046875,0.16547593474388123,-0.06375253945589066,0.1283462643623352,0.1299915611743927,0.0017395706381648779,0.15375930070877075,0.06733760237693787,-0.0504230372607708,0.11601042747497559,0.19559729099273682,-0.05138309672474861,0.11141204833984375,0.20062541961669922,-0.03777571767568588,0.18334758281707764,0.1733715534210205,-0.015200634486973286,0.2039470672607422,0.13109299540519714,-0.07038446515798569,0.15897786617279053,0.24716401100158691,-0.04740465432405472,0.15151995420455933,0.24612492322921753,-0.018326548859477043,0.2370978593826294,0.22379279136657715,-0.03628208860754967,0.23999285697937012,0.20107102394104004,-0.0650671124458313,0.20438385009765625,0.28336137533187866,-0.0457443930208683,0.19972634315490723,0.29056495428085327,-0.023822741582989693
A,0.12849321961402893,0.44939661026000977,-1.0134292551811086e-06,0.040915220975875854,0.38167691230773926,-0.03736106678843498,0.0,0.21201235055923462,-0.0438452810049057,0.009862005710601807,0.07601812481880188,-0.049648579210042953,0.03927108645439148,0.0,-0.044505245983600616,0.07077488303184509,0.10508948564529419,0.0011638421565294266,0.09441491961479187,0.024281471967697144,-0.04658353328704834,0.07531717419624329,0.13494080305099487,-0.06101087108254433,0.0695665180683136,0.16305571794509888,-0.06438175588846207,0.13187739253044128,0.13708090782165527,-0.00257388548925519,0.15504834055900574,0.06929415464401245,-0.05287756025791168,0.11729982495307922,0.19927501678466797,-0.05125418305397034,0.1146601140499115,0.2009524703025818,-0.03637140244245529,0.18612238764762878,0.1829754114151001,-0.018284721300005913,0.20472005009651184,0.1327049732208252,-0.07225433737039566,0.16015145182609558,0.24836206436157227,-0.04749042168259621,0.15459927916526794,0.24722927808761597,-0.01760038733482361,0.2387256920337677,0.23445749282836914,-0.03805846348404884,0.24143603444099426,0.20474815368652344,-0.0655093863606453,0.2068828046321869,0.28389477729797363,-0.04536457359790802,0.20461365580558777,0.2913689613342285,-0.02336658537387848
A,0.12463158369064331,0.4381169378757477,-1.0543935786699876e-06,0.03840237855911255,0.3712773621082306,-0.03340035676956177,0.0,0.20328709483146667,-0.03893628716468811,0.009523212909698486,0.06835892796516418,-0.04417848214507103,0.04143059253692627,0.0,-0.03937648981809616,0.07022428512573242,0.10239192843437195,-0.0030199510511010885,0.09474867582321167,0.016223222017288208,-0.051434293389320374,0.07568806409835815,0.12665751576423645,-0.06565443426370621,0.07120347023010254,0.15654590725898743,-0.06862937659025192,0.13183128833770752,0.13665282726287842,-0.008535986766219139,0.1559922695159912,0.0655825138092041,-0.058853570371866226,0.11695021390914917,0.19446209073066711,-0.05610870197415352,0.11446142196655273,0.20033696293830872,-0.04047616198658943,0.18615996837615967,0.18223115801811218,-0.025038324296474457,0.2059420347213745,0.1310233175754547,-0.07925154268741608,0.16041302680969238,0.2476550042629242,-0.05338902771472931,0.15563899278640747,0.25028112530708313,-0.022563232108950615,0.23886597156524658,0.23258987069129944,-0.04504692554473877,0.2429562211036682,0.20182320475578308,-0.07248098403215408,0.20769941806793213,0.28404179215431213,-0.050770800560712814,0.20575690269470215,0.29629698395729065,-0.027507035061717033
A,0.11794036626815796,0.4628862738609314,-1.0497600442249677e-06,0.030661702156066895,0.38314396142959595,-0.03034464456140995,0.0,0.21451610326766968,-0.03604147210717201,0.016017794609069824,0.07559102773666382,-0.042212940752506256,0.05356431007385254,0.0,-0.03859247639775276,0.07311922311782837,0.122408926486969,0.0021426293533295393,0.09982407093048096,0.04042172431945801,-0.046119723469018936,0.07708245515823364,0.1495240330696106,-0.060897208750247955,0.07170593738555908,0.18049860000610352,-0.06381421536207199,0.13346225023269653,0.15837451815605164,-0.004462527576833963,0.15755492448806763,0.08993220329284668,-0.051826365292072296,0.11805164813995361,0.2126339077949524,-0.04843969643115997,0.11730319261550903,0.2215029001235962,-0.03359847143292427,0.18747395277023315,0.20704275369644165,-0.022077396512031555,0.20737171173095703,0.15414893627166748,-0.07426515966653824,0.16204631328582764,0.2652263641357422,-0.04814552143216133,0.15851753950119019,0.27334076166152954,-0.01765911653637886,0.24058562517166138,0.2617979645729065,-0.04286948963999748,0.24440515041351318,0.2223713994026184,-0.06791219860315323,0.20801222324371338,0.30347055196762085,-0.044493306428194046,0.20581650733947754,0.32165706157684326,-0.020329874008893967
A,0.10362273454666138,0.4594550132751465,-1.0180734761888743e-06,0.02535802125930786,0.37353622913360596,-0.027309918776154518,0.0,0.20871108770370483,-0.03263486176729202,0.01571834087371826,0.07685589790344238,-0.03909805417060852,0.04833632707595825,0.0,-0.03649139031767845,0.07271039485931396,0.12068024277687073,0.0015492530073970556,0.09593617916107178,0.03887370228767395,-0.04441099613904953,0.07186800241470337,0.14390867948532104,-0.058618057519197464,0.0665280818939209,0.1781381368637085,-0.06125115230679512,0.13245713710784912,0.158525288105011,-0.006649081129580736,0.1545182466506958,0.08755344152450562,-0.05179549381136894,0.11333125829696655,0.20544636249542236,-0.04806852340698242,0.1126667857170105,0.2220064401626587,-0.03312908113002777,0.1857108473777771,0.2107456922531128,-0.02495269663631916,0.20406293869018555,0.15384578704833984,-0.07593705505132675,0.15698391199111938,0.26065659523010254,-0.050105586647987366,0.15238022804260254,0.2775229811668396,-0.019656952470541,0.23642534017562866,0.2703927755355835,-0.0459480956196785,0.24118465185165405,0.22380417585372925,-0.07108467817306519,0.20181536674499512,0.30139583349227905,-0.04680076614022255,0.1967441439628601,0.3258727788925171,-0.02168406918644905
A,0.0935056209564209,0.4595411717891693,-9.779674883247935e-07,0.02147674560546875,0.3580840528011322,-0.026298174634575844,0.0,0.19923147559165955,-0.033176302909851074,0.012150585651397705,0.0740070641040802,-0.042225852608680725,0.04770863056182861,0.0,-0.042264312505722046,0.07688480615615845,0.12047600746154785,0.007841537706553936,0.09937804937362671,0.04133287072181702,-0.03780965134501457,0.07005822658538818,0.14120396971702576,-0.05462823063135147,0.06289172172546387,0.18032845854759216,-0.05908932909369469,0.1341838836669922,0.1629890501499176,-0.00018954991537611932,0.1554471254348755,0.09709689021110535,-0.04170835390686989,0.10972803831100464,0.20802956819534302,-0.038983844220638275,0.10732036828994751,0.22653046250343323,-0.02607538551092148,0.18434584140777588,0.22024217247962952,-0.018587518483400345,0.20195531845092773,0.16380369663238525,-0.06516202539205551,0.15141397714614868,0.26254597306251526,-0.0400502011179924,0.14528000354766846,0.2818818986415863,-0.0113179637119174,0.22891682386398315,0.2863833010196686,-0.03988060727715492,0.2313622236251831,0.23945900797843933,-0.06275887787342072,0.188462495803833,0.3089872896671295,-0.03927099332213402,0.18106460571289062,0.33358803391456604,-0.015320983715355396
A,0.08882099390029907,0.46338021755218506,-9.825627103055012e-07,0.01863926649093628,0.36690187454223633,-0.028742793947458267,0.0,0.20319372415542603,-0.035624194890260696,0.021731138229370117,0.0735863745212555,-0.04433820769190788,0.06271451711654663,0.0,-0.04389149695634842,0.08698827028274536,0.13099944591522217,0.00703427055850625,0.11089348793029785,0.049929678440093994,-0.03927450627088547,0.07817941904067993,0.14665839076042175,-0.05543161556124687,0.07058322429656982,0.1888689398765564,-0.0588238425552845,0.14392441511154175,0.1756683588027954,0.0004216218367218971,0.16400915384292603,0.1103702187538147,-0.04212033376097679,0.1137845516204834,0.218581885099411,-0.038929108530282974,0.11256861686706543,0.23741990327835083,-0.025059668347239494,0.19225770235061646,0.23500066995620728,-0.017128989100456238,0.20975786447525024,0.17742455005645752,-0.0656367614865303,0.15459281206130981,0.27340781688690186,-0.04105620086193085,0.14837247133255005,0.29233425855636597,-0.012074863538146019,0.2352588176727295,0.302881121635437,-0.03765324130654335,0.23758888244628906,0.25629138946533203,-0.06264469027519226,0.19180572032928467,0.322859525680542,-0.040638040751218796,0.18459391593933105,0.3468635082244873,-0.017249051481485367
A,0.09286493062973022,0.473425030708313,-9.412765393790323e-07,0.016509175300598145,0.3712491989135742,-0.03935743123292923,0.0,0.20534992218017578,-0.048610154539346695,0.029625415802001953,0.07565242052078247,-0.057310186326503754,0.0735052227973938,0.0,-0.055746112018823624,0.09038519859313965,0.13500192761421204,0.004945135675370693,0.1160273551940918,0.05625760555267334,-0.04161297529935837,0.0813608169555664,0.15271639823913574,-0.057469021528959274,0.0753488540649414,0.18947622179985046,-0.06125052645802498,0.14774543046951294,0.18284398317337036,0.0034327462781220675,0.16844213008880615,0.11832597851753235,-0.042074140161275864,0.11314523220062256,0.22739973664283752,-0.03989827632904053,0.1134195327758789,0.2439914047718048,-0.025748223066329956,0.19390183687210083,0.24483689665794373,-0.010474293492734432,0.2120324969291687,0.18710225820541382,-0.06419660151004791,0.15098458528518677,0.2834429144859314,-0.041254978626966476,0.14655518531799316,0.3010202646255493,-0.011670516803860664,0.23591572046279907,0.3149615526199341,-0.028110822662711143,0.2328452467918396,0.27308398485183716,-0.058216605335474014,0.18253576755523682,0.3386859893798828,-0.03939832001924515,0.17517507076263428,0.36033427715301514,-0.01722194440662861
A,0.0806889533996582,0.47016240656375885,-9.71296344687289e-07,0.008789420127868652,0.36341364681720734,-0.03270914778113365,0.0,0.19509060680866241,-0.03964003175497055,0.03321582078933716,0.06959556043148041,-0.04731464758515358,0.07960867881774902,0.0,-0.04557589441537857,0.09333020448684692,0.1307549923658371,0.0035589751787483692,0.1192675232887268,0.05648462474346161,-0.04196472093462944,0.07981520891189575,0.15099002420902252,-0.057294800877571106,0.07419419288635254,0.18807299435138702,-0.06110822781920433,0.14668816328048706,0.18329380452632904,-0.001306744758039713,0.17023390531539917,0.12013022601604462,-0.04479047283530235,0.10868114233016968,0.22304730117321014,-0.0418071486055851,0.11112910509109497,0.24095191061496735,-0.028049837797880173,0.1906004548072815,0.2492649406194687,-0.017439447343349457,0.21257036924362183,0.19116254150867462,-0.06704450398683548,0.14533096551895142,0.28180278837680817,-0.04262561351060867,0.1439339518547058,0.30148907005786896,-0.013316446915268898,0.23136597871780396,0.32295848429203033,-0.03699546307325363,0.23514831066131592,0.2748975306749344,-0.06274472922086716,0.18125545978546143,0.3329050689935684,-0.041699785739183426,0.17633682489395142,0.3556804805994034,-0.018762176856398582
A,0.08062517642974854,0.47405196726322174,-9.6393284820806e-07,0.008075535297393799,0.3690173178911209,-0.03748003765940666,0.0,0.19637008011341095,-0.046156901866197586,0.0321078896522522,0.0700942724943161,-0.053938128054142,0.07919687032699585,0.0,-0.051617056131362915,0.09020280838012695,0.1286165565252304,-0.001569348038174212,0.11483240127563477,0.05056042969226837,-0.046668000519275665,0.07822471857070923,0.14985887706279755,-0.06199779361486435,0.07272660732269287,0.1850978285074234,-0.06653592735528946,0.14605164527893066,0.17827527225017548,-0.004521251656115055,0.1653306484222412,0.11331446468830109,-0.04840901121497154,0.10736548900604248,0.2178507298231125,-0.045860521495342255,0.10808402299880981,0.23652969300746918,-0.03267138451337814,0.19148367643356323,0.24332170188426971,-0.01884390227496624,0.21137845516204834,0.18390293419361115,-0.06938768923282623,0.14510345458984375,0.27846790850162506,-0.04492289945483208,0.1400567889213562,0.29968197643756866,-0.015777550637722015,0.23312914371490479,0.3180691748857498,-0.03692689538002014,0.23027032613754272,0.2738484889268875,-0.06557010114192963,0.1754482388496399,0.33625800907611847,-0.04623185098171234,0.16679859161376953,0.3583902269601822,-0.024394378066062927
A,0.07999885082244873,0.4767472743988037,-9.363897675029875e-07,0.008138120174407959,0.3671244978904724,-0.038379158824682236,0.0,0.19976529479026794,-0.04849496856331825,0.031710803508758545,0.07464230060577393,-0.05852016061544418,0.07785695791244507,0.0,-0.05859984830021858,0.09151840209960938,0.1329556107521057,0.002203322947025299,0.11548519134521484,0.052295029163360596,-0.04585931450128555,0.07725244760513306,0.14882230758666992,-0.06325960159301758,0.07238221168518066,0.18727555871009827,-0.06792891025543213,0.1473757028579712,0.18357881903648376,-0.0009969499660655856,0.1654462218284607,0.11662077903747559,-0.04596266150474548,0.10696142911911011,0.2196352183818817,-0.043652381747961044,0.11114126443862915,0.24085772037506104,-0.03001156449317932,0.19327545166015625,0.2494436800479889,-0.016448523849248886,0.21217066049575806,0.18783459067344666,-0.06769182533025742,0.14591294527053833,0.2825332283973694,-0.04193738475441933,0.14401674270629883,0.30610227584838867,-0.011171738617122173,0.23522567749023438,0.32558441162109375,-0.03597496077418327,0.23539048433303833,0.27591264247894287,-0.06381199508905411,0.18054544925689697,0.3383139967918396,-0.04244818538427353,0.17333650588989258,0.3638730049133301,-0.018717339262366295
A,0.08481848239898682,0.4809238463640213,-9.689667876955355e-07,0.009477853775024414,0.37561561167240143,-0.037921663373708725,0.0,0.20818422734737396,-0.04909089580178261,0.03322964906692505,0.07924984395503998,-0.060022082179784775,0.07870316505432129,0.0,-0.06121045723557472,0.09700274467468262,0.1342725306749344,-0.0011705440701916814,0.12063091993331909,0.05000455677509308,-0.05011734738945961,0.08062714338302612,0.14879800379276276,-0.06759612262248993,0.0748857855796814,0.19425834715366364,-0.07187114655971527,0.152621328830719,0.1851768046617508,-0.004194576758891344,0.1685706377029419,0.11429618299007416,-0.04689735174179077,0.10965657234191895,0.21908624470233917,-0.042823195457458496,0.11600977182388306,0.242673859000206,-0.02897815965116024,0.1984478235244751,0.25214408338069916,-0.019306756556034088,0.21643948554992676,0.18443123996257782,-0.07005053758621216,0.14982187747955322,0.27997006475925446,-0.04353531822562218,0.14911097288131714,0.3080746680498123,-0.01283852569758892,0.23967289924621582,0.3289695531129837,-0.038300734013319016,0.23669439554214478,0.27417613565921783,-0.066841721534729,0.18154597282409668,0.33746756613254547,-0.04574497416615486,0.17467278242111206,0.367863193154335,-0.02237245999276638
A,0.08963906764984131,0.4869568645954132,-9.758232408785261e-07,0.014657258987426758,0.3743491470813751,-0.03910524398088455,0.0,0.20314723253250122,-0.04904119297862053,0.02835744619369507,0.07374736666679382,-0.05915277078747749,0.07560515403747559,0.0,-0.05842505767941475,0.0955350399017334,0.13234594464302063,0.006471761967986822,0.11833661794662476,0.05124500393867493,-0.04192894697189331,0.08072209358215332,0.15482494235038757,-0.05928251892328262,0.07656592130661011,0.19185832142829895,-0.06391188502311707,0.15249693393707275,0.18118146061897278,0.004340566694736481,0.1687144637107849,0.11947187781333923,-0.04163743928074837,0.11254632472991943,0.22992956638336182,-0.03898528590798378,0.1168326735496521,0.2452833652496338,-0.024765577167272568,0.20120751857757568,0.24390485882759094,-0.010542378760874271,0.21719789505004883,0.18618759512901306,-0.06335756927728653,0.15440106391906738,0.2871873676776886,-0.03620593994855881,0.1530103087425232,0.3079700767993927,-0.0039264061488211155,0.24586814641952515,0.31708571314811707,-0.029581652954220772,0.24537551403045654,0.2683006227016449,-0.05838276445865631,0.19338613748550415,0.33602944016456604,-0.03571717441082001,0.18676215410232544,0.3618299663066864,-0.010322785004973412
A,0.09610646963119507,0.4838508367538452,-9.672891110312776e-07,0.021875619888305664,0.38020575046539307,-0.03881709277629852,0.0,0.21058890223503113,-0.05094226449728012,0.018688559532165527,0.07667192816734314,-0.06346237659454346,0.06314516067504883,0.0,-0.06530869007110596,0.08756524324417114,0.12479150295257568,0.0034020664170384407,0.10857546329498291,0.04244124889373779,-0.05041947588324547,0.07445579767227173,0.1493602693080902,-0.07042613625526428,0.06910550594329834,0.1882186233997345,-0.07512851059436798,0.14695250988006592,0.17391157150268555,2.1112768081366085e-05,0.1607080101966858,0.10832834243774414,-0.050350673496723175,0.10889196395874023,0.22341787815093994,-0.04769003391265869,0.11172997951507568,0.24088704586029053,-0.031488195061683655,0.19803261756896973,0.2368781864643097,-0.01640116423368454,0.20610558986663818,0.18353432416915894,-0.07242029160261154,0.14976173639297485,0.2885205149650574,-0.044171132147312164,0.14993935823440552,0.3064258098602295,-0.00964866392314434,0.24416416883468628,0.31000518798828125,-0.036930568516254425,0.23851484060287476,0.2611832022666931,-0.06548909842967987,0.19210976362228394,0.3334994912147522,-0.04068556800484657,0.18783706426620483,0.3583342432975769,-0.013272522017359734
A,0.10733497142791748,0.4803999811410904,-1.006812453852035e-06,0.026823759078979492,0.37860240042209625,-0.028861986473202705,0.0,0.2095995992422104,-0.03762850537896156,0.018305838108062744,0.07761062681674957,-0.04866553097963333,0.05800110101699829,0.0,-0.05016252398490906,0.08334892988204956,0.1144905835390091,0.007885699160397053,0.09590369462966919,0.031926169991493225,-0.04434042423963547,0.06622260808944702,0.14048589766025543,-0.06401146203279495,0.06388020515441895,0.18130384385585785,-0.06832442432641983,0.1446167230606079,0.16003169119358063,-0.00013492214202415198,0.1512863039970398,0.09617592394351959,-0.047640711069107056,0.10505014657974243,0.2117982655763626,-0.04384303092956543,0.11075431108474731,0.23145325481891632,-0.02761927805840969,0.19879913330078125,0.22032912075519562,-0.02007964253425598,0.19935160875320435,0.16765578091144562,-0.07263750582933426,0.14890635013580322,0.276006355881691,-0.04362660273909569,0.15229785442352295,0.29620493948459625,-0.009846559725701809,0.24877554178237915,0.29074515402317047,-0.043443046510219574,0.23668164014816284,0.24123747646808624,-0.06956420093774796,0.19460850954055786,0.31881798803806305,-0.043507907539606094,0.19459861516952515,0.34706033766269684,-0.0157086793333292
A,0.1267850399017334,0.46087294816970825,-1.0030599923993577e-06,0.03964710235595703,0.3751177191734314,-0.03039361536502838,0.0,0.20683681964874268,-0.03892495110630989,0.014035165309906006,0.07374894618988037,-0.04876422509551048,0.05191481113433838,0.0,-0.048876479268074036,0.07879751920700073,0.08908438682556152,0.0044370777904987335,0.08727085590362549,0.005338028073310852,-0.04693300276994705,0.06907111406326294,0.11710983514785767,-0.06718972325325012,0.06892067193984985,0.15906432271003723,-0.07309413701295853,0.1443653106689453,0.12436583638191223,-0.003641644725576043,0.14723163843154907,0.06618747115135193,-0.05140729621052742,0.11242437362670898,0.18689462542533875,-0.049644533544778824,0.11521559953689575,0.20232060551643372,-0.03591684624552727,0.203629732131958,0.1770910918712616,-0.02347659319639206,0.2005714774131775,0.13362035155296326,-0.0763959065079689,0.15855103731155396,0.24881711602210999,-0.04894199222326279,0.15867716073989868,0.2617121934890747,-0.017669962719082832,0.25965118408203125,0.2416653037071228,-0.04693368077278137,0.24231451749801636,0.20350885391235352,-0.0745384469628334,0.2048981785774231,0.28942012786865234,-0.04986029490828514,0.2037096619606018,0.3114081025123596,-0.02391067147254944
A,0.1415790319442749,0.46757811307907104,-1.0395673371021985e-06,0.048060715198516846,0.3855454921722412,-0.03038819134235382,0.0,0.21993780136108398,-0.03882439807057381,0.0035425424575805664,0.08489292860031128,-0.04951701685786247,0.03113102912902832,0.0,-0.049790315330028534,0.07268333435058594,0.09595012664794922,0.009874410927295685,0.07581079006195068,0.011473149061203003,-0.041555337607860565,0.06047463417053223,0.12904566526412964,-0.059706199914216995,0.06536716222763062,0.16532763838768005,-0.06393640488386154,0.13835662603378296,0.12597543001174927,0.0022993707098066807,0.13737249374389648,0.0654306411743164,-0.04614953696727753,0.10601663589477539,0.19428938627243042,-0.04182211309671402,0.11625051498413086,0.2029464840888977,-0.025755271315574646,0.1997535228729248,0.17374223470687866,-0.017836183309555054,0.19517946243286133,0.12166300415992737,-0.07254169881343842,0.1571357250213623,0.24460256099700928,-0.042939443141222,0.16366314888000488,0.25775277614593506,-0.008952579461038113,0.2592688202857971,0.23148471117019653,-0.04166160151362419,0.2429516315460205,0.18469586968421936,-0.0692172721028328,0.20740723609924316,0.27300846576690674,-0.04393317177891731,0.20870572328567505,0.29836517572402954,-0.016995731741189957
A,0.1763964295387268,0.44988082349300385,-1.0455300980538595e-06,0.07635563611984253,0.3925478309392929,-0.03587660565972328,0.010062754154205322,0.2270285040140152,-0.044893331825733185,0.0,0.08632387220859528,-0.05492585897445679,0.02913302183151245,0.007624432444572449,-0.05356445908546448,0.07216113805770874,0.09642259776592255,0.0018642585491761565,0.0736168622970581,0.0,-0.05040734261274338,0.06912499666213989,0.12467046082019806,-0.0660814717411995,0.07343226671218872,0.1593557447195053,-0.0686931163072586,0.14349782466888428,0.11730332672595978,-0.0030696135945618153,0.14324027299880981,0.04424677789211273,-0.05487136170268059,0.12312972545623779,0.18689851462841034,-0.04908587783575058,0.12770181894302368,0.19302169978618622,-0.03003658726811409,0.20999038219451904,0.15498541295528412,-0.02060716412961483,0.20540213584899902,0.09899236261844635,-0.07796704769134521,0.17938828468322754,0.23455874621868134,-0.04712411388754845,0.18387985229492188,0.2427167445421219,-0.010928896255791187,0.2745289206504822,0.20145808160305023,-0.04220050945878029,0.25821810960769653,0.16670022904872894,-0.07225251942873001,0.23212730884552002,0.2615582197904587,-0.04849294573068619,0.2340870499610901,0.27973364293575287,-0.022045796737074852
A,0.19338351488113403,0.4463040828704834,-1.060325985235977e-06,0.08778059482574463,0.39392656087875366,-0.0402531698346138,0.01615843176841736,0.2388741672039032,-0.051290690898895264,0.0,0.09391266107559204,-0.06246189773082733,0.020596742630004883,0.0,-0.062189098447561264,0.0734182596206665,0.10488742589950562,0.002013819059357047,0.07455730438232422,0.012882575392723083,-0.05211303383111954,0.07511413097381592,0.1348995864391327,-0.06943143904209137,0.08153808116912842,0.1657012701034546,-0.07361045479774475,0.14218658208847046,0.11753398180007935,-0.0023323320783674717,0.14414465427398682,0.04154887795448303,-0.05890293046832085,0.1294305920600891,0.18803080916404724,-0.05702368542551994,0.13408362865447998,0.1921762228012085,-0.04030285403132439,0.2079256772994995,0.14605814218521118,-0.019757268950343132,0.2091425657272339,0.0870320200920105,-0.08324474841356277,0.186809241771698,0.2271774411201477,-0.05522488057613373,0.18975311517715454,0.23351851105690002,-0.019649194553494453,0.2747423052787781,0.1835581362247467,-0.04123762249946594,0.2636861205101013,0.14800158143043518,-0.07539490610361099,0.24095439910888672,0.24802035093307495,-0.05271534621715546,0.2421613335609436,0.26531171798706055,-0.026390401646494865
A,0.21341142058372498,0.43573054671287537,-1.015820544125745e-06,0.10547414422035217,0.3916138708591461,-0.044349584728479385,0.024606138467788696,0.23996594548225403,-0.05591011792421341,0.0,0.09641528129577637,-0.06646779924631119,0.018602639436721802,0.0,-0.06514088064432144,0.08007034659385681,0.10734429955482483,-0.0005737767787650228,0.07514688372612,0.012959495186805725,-0.053193651139736176,0.0835736095905304,0.13531708717346191,-0.06929823011159897,0.09299632906913757,0.16359254717826843,-0.07347893714904785,0.15040305256843567,0.11398950219154358,-0.003171061398461461,0.14786598086357117,0.03236114978790283,-0.059884410351514816,0.1403416097164154,0.18080997467041016,-0.05806851014494896,0.14736798405647278,0.1868794858455658,-0.04143061488866806,0.2170397937297821,0.13757598400115967,-0.019083434715867043,0.21574953198432922,0.07315215468406677,-0.08206125348806381,0.19825038313865662,0.21275046467781067,-0.05455724895000458,0.20237520337104797,0.2190699577331543,-0.01961466111242771,0.2847517430782318,0.169682115316391,-0.03936488553881645,0.2731304466724396,0.13122603297233582,-0.07349078357219696,0.25485649704933167,0.2292340099811554,-0.0517127588391304,0.2583787143230438,0.24482408165931702,-0.0263524167239666
A,0.22466379404067993,0.4192614108324051,-1.0324695267627249e-06,0.11626768112182617,0.39078833162784576,-0.042614493519067764,0.027834802865982056,0.24195517599582672,-0.05287840962409973,0.0,0.09630478918552399,-0.06170716509222984,0.016194194555282593,0.0,-0.05973798781633377,0.07844340801239014,0.1027393788099289,-0.004872064106166363,0.07442224025726318,0.010032936930656433,-0.05688904598355293,0.08437919616699219,0.12657688558101654,-0.07359413057565689,0.09321343898773193,0.1610940545797348,-0.0780043676495552,0.14900082349777222,0.10596971213817596,-0.007541539613157511,0.14561980962753296,0.024190500378608704,-0.06345327198505402,0.14162856340408325,0.16891060769557953,-0.06268717348575592,0.1481303572654724,0.18269561231136322,-0.04708406329154968,0.21591860055923462,0.1255541890859604,-0.02267705462872982,0.21536743640899658,0.06366734206676483,-0.0851699560880661,0.20191365480422974,0.20251892507076263,-0.0599791444838047,0.20439642667770386,0.21384276449680328,-0.02702382765710354,0.28543055057525635,0.15214748680591583,-0.041789762675762177,0.27571094036102295,0.11265377700328827,-0.07646951079368591,0.260759174823761,0.21224509179592133,-0.05617388337850571,0.26349568367004395,0.23140643537044525,-0.03217121958732605
A,0.2368590235710144,0.4090910255908966,-1.0494179605302634e-06,0.12618684768676758,0.3866259753704071,-0.04111972451210022,0.032305389642715454,0.23906812071800232,-0.04880780726671219,0.0,0.09506425261497498,-0.05525512993335724,0.01535072922706604,0.0,-0.05061979591846466,0.07632660865783691,0.10229745507240295,-0.0016354045365005732,0.07367560267448425,0.009030282497406006,-0.05127235874533653,0.08864414691925049,0.12498727440834045,-0.06528864800930023,0.09442311525344849,0.15198367834091187,-0.06838356703519821,0.1479431390762329,0.10240858793258667,-0.005115416832268238,0.14613890647888184,0.019806653261184692,-0.05930410325527191,0.14779436588287354,0.1637175977230072,-0.05739583820104599,0.14962100982666016,0.16936764121055603,-0.041061799973249435,0.21632200479507446,0.1176905632019043,-0.021075256168842316,0.21575301885604858,0.056997150182724,-0.08221882581710815,0.20884227752685547,0.19323283433914185,-0.0573151595890522,0.20855695009231567,0.19539979100227356,-0.02498158998787403,0.2869427800178528,0.1385056972503662,-0.040947820991277695,0.2779504060745239,0.09855112433433533,-0.07414217293262482,0.268837571144104,0.19823670387268066,-0.053302690386772156,0.2722744941711426,0.21429070830345154,-0.029278846457600594
A,0.24463820457458496,0.3961426615715027,-1.0874838380914298e-06,0.13396650552749634,0.3850095272064209,-0.03563700616359711,0.03453326225280762,0.2418738305568695,-0.041880179196596146,0.0,0.09401243925094604,-0.047672659158706665,0.013384401798248291,0.0,-0.04339158162474632,0.07859361171722412,0.11063331365585327,-0.004192473832517862,0.07462933659553528,0.007675036787986755,-0.056652434170246124,0.09179580211639404,0.12065565586090088,-0.07293933629989624,0.09776747226715088,0.15835586190223694,-0.07655420899391174,0.1489388346672058,0.10700616240501404,-0.009221035055816174,0.14697521924972534,0.018524467945098877,-0.06405633687973022,0.15416467189788818,0.15908965468406677,-0.06358417868614197,0.1533861756324768,0.1722361445426941,-0.0492047443985939,0.2164737582206726,0.11653012037277222,-0.025691453367471695,0.2167569398880005,0.0478285551071167,-0.08607834577560425,0.21611624956130981,0.18439048528671265,-0.06025909632444382,0.21220743656158447,0.19611519575119019,-0.028364861384034157,0.285622775554657,0.13054496049880981,-0.04554867744445801,0.27884262800216675,0.08982333540916443,-0.07789787650108337,0.27536123991012573,0.19049623608589172,-0.05641854926943779,0.2765868902206421,0.20955005288124084,-0.032783545553684235
A,0.2474374771118164,0.3907959759235382,-1.0889694976867759e-06,0.13780725002288818,0.37698641419410706,-0.035791750997304916,0.03785991668701172,0.23915380239486694,-0.04172581806778908,0.0,0.09435650706291199,-0.04752204194664955,0.009423494338989258,0.0,-0.043043386191129684,0.07729959487915039,0.10227945446968079,0.00016171543393284082,0.0700063705444336,0.00851614773273468,-0.05066973716020584,0.08955907821655273,0.12282183766365051,-0.0656568706035614,0.09542256593704224,0.15048682689666748,-0.06911157816648483,0.14712488651275635,0.09735307097434998,-0.005450391210615635,0.14180457592010498,0.015307635068893433,-0.05905955284833908,0.15011489391326904,0.1585272252559662,-0.05748152360320091,0.15018755197525024,0.16167613863945007,-0.04230925440788269,0.2150721549987793,0.10723000764846802,-0.022991621866822243,0.21161788702011108,0.04060947895050049,-0.08250787854194641,0.21196287870407104,0.17753824591636658,-0.05632837861776352,0.21108853816986084,0.18127214908599854,-0.02425432577729225,0.2847535014152527,0.12119129300117493,-0.04413128271698952,0.27512305974960327,0.08358445763587952,-0.07547009736299515,0.27117079496383667,0.18339934945106506,-0.053778525441884995,0.2750481963157654,0.19750478863716125,-0.029933011159300804
A,0.25688058137893677,0.379502609372139,-1.0732547934821923e-06,0.14851653575897217,0.3720237761735916,-0.03552567958831787,0.04346376657485962,0.2380235344171524,-0.04156038910150528,0.0,0.09541620314121246,-0.04746929556131363,0.009298861026763916,0.0,-0.04307972267270088,0.0785169005393982,0.09879325330257416,0.0009804129367694259,0.07084333896636963,0.0016732215881347656,-0.04993579164147377,0.09346145391464233,0.11371301114559174,-0.06595799326896667,0.10046470165252686,0.1449093371629715,-0.06984639167785645,0.1481528878211975,0.0914832204580307,-0.004067534580826759,0.1429041624069214,0.007633492350578308,-0.05719553679227829,0.15547698736190796,0.1472197324037552,-0.056680772453546524,0.1546425223350525,0.1551218181848526,-0.04227307811379433,0.2157907485961914,0.09826679527759552,-0.021019374951720238,0.2130388617515564,0.03211875259876251,-0.07903847843408585,0.2174941897392273,0.16533611714839935,-0.05357745289802551,0.2147512435913086,0.17244158685207367,-0.02225777693092823,0.2852884531021118,0.1091730147600174,-0.041571833193302155,0.27636969089508057,0.06971628963947296,-0.07067098468542099,0.27679044008255005,0.16722087562084198,-0.04860526695847511,0.2797381281852722,0.18297965824604034,-0.024942001327872276
A,0.2585744559764862,0.37040895223617554,-1.0784492587845307e-06,0.1486937701702118,0.35825908184051514,-0.03138953819870949,0.04510223865509033,0.23075395822525024,-0.036646146327257156,0.0,0.09396135807037354,-0.04319322109222412,0.008910119533538818,0.0,-0.040289007127285004,0.08097508549690247,0.09698686003684998,0.005234649404883385,0.06999364495277405,0.003024667501449585,-0.0454062782227993,0.09213122725486755,0.1115703284740448,-0.061968978494405746,0.09887149930000305,0.13911333680152893,-0.06658754497766495,0.14928439259529114,0.0879349410533905,-0.002339482307434082,0.14067742228507996,0.005964875221252441,-0.05584966018795967,0.15339574217796326,0.142767995595932,-0.05628930404782295,0.1535148322582245,0.1488514542579651,-0.04288549721240997,0.216079980134964,0.0915725827217102,-0.0215184073895216,0.21060803532600403,0.024994969367980957,-0.07973074913024902,0.21534278988838196,0.15733450651168823,-0.05488843098282814,0.21359047293663025,0.1644812524318695,-0.024157091975212097,0.2853841483592987,0.09969720244407654,-0.04401493817567825,0.27437624335289,0.05873402953147888,-0.07343974709510803,0.2745128571987152,0.15706267952919006,-0.051305368542671204,0.2784365713596344,0.1748856008052826,-0.027663879096508026
A,0.26629745960235596,0.35825368762016296,-1.031191231959383e-06,0.15627628564834595,0.35124167799949646,-0.037002451717853546,0.04966849088668823,0.22909623384475708,-0.043842848390340805,0.0,0.09790915250778198,-0.05058464780449867,0.006676316261291504,0.00401267409324646,-0.04673216491937637,0.0789090096950531,0.09188714623451233,0.0035880212672054768,0.0676688551902771,0.0016421377658843994,-0.04621950164437294,0.09671157598495483,0.10859844088554382,-0.06254439055919647,0.10309392213821411,0.13405266404151917,-0.06726466119289398,0.14788967370986938,0.0789303183555603,-0.0012000667629763484,0.13917267322540283,0.0,-0.053874194622039795,0.15891563892364502,0.1359584927558899,-0.05411972850561142,0.15665483474731445,0.141777902841568,-0.0405108705163002,0.21607178449630737,0.0798860490322113,-0.01813122071325779,0.20997798442840576,0.01682606339454651,-0.07649635523557663,0.2208537459373474,0.14734604954719543,-0.052082374691963196,0.2175549864768982,0.15274879336357117,-0.021230433136224747,0.2864682078361511,0.08664020895957947,-0.03878108412027359,0.27532273530960083,0.04826799035072327,-0.0689752921462059,0.27886927127838135,0.14482954144477844,-0.04746570810675621,0.2807711362838745,0.16152706742286682,-0.023844566196203232
A,0.27102530002593994,0.3481670916080475,-1.1011095466528786e-06,0.16690880060195923,0.3564991056919098,-0.036457523703575134,0.05209967494010925,0.23593655228614807,-0.041488051414489746,0.0,0.09907761216163635,-0.04606053978204727,0.006335258483886719,0.005327314138412476,-0.04028930887579918,0.0805063545703888,0.09553512930870056,-0.00048445825814269483,0.06694409251213074,0.001012265682220459,-0.05205533280968666,0.09560298919677734,0.11029073596000671,-0.06769364327192307,0.10308051109313965,0.13693198561668396,-0.07138396799564362,0.1491934061050415,0.08132502436637878,-0.004431373439729214,0.13862109184265137,0.0,-0.059679627418518066,0.15946602821350098,0.13963401317596436,-0.05895305797457695,0.1576353907585144,0.14399689435958862,-0.04383982717990875,0.2161359190940857,0.07859918475151062,-0.02040502429008484,0.20883285999298096,0.013689517974853516,-0.0811665952205658,0.22216612100601196,0.14852368831634521,-0.055898524820804596,0.21939235925674438,0.15277567505836487,-0.023985331878066063,0.28526657819747925,0.07744115591049194,-0.039872393012046814,0.27380114793777466,0.04182443022727966,-0.07153875380754471,0.2815566658973694,0.14102387428283691,-0.050497397780418396,0.2860208749771118,0.15388929843902588,-0.027044884860515594
A,0.2729921340942383,0.34707069396972656,-1.0807590342665208e-06,0.16658002138137817,0.3519114851951599,-0.03509444370865822,0.05389523506164551,0.23577189445495605,-0.04090633615851402,0.0,0.1010151207447052,-0.04705894738435745,0.004540741443634033,0.005452603101730347,-0.04307476803660393,0.08223003149032593,0.09464645385742188,0.002157270209863782,0.06504270434379578,0.005516529083251953,-0.048876918852329254,0.09336113929748535,0.1137256920337677,-0.06501084566116333,0.10188281536102295,0.13488143682479858,-0.06982089579105377,0.14917868375778198,0.07865586876869202,-0.003238531993702054,0.13504165410995483,0.0,-0.05688846483826637,0.1555110216140747,0.137630432844162,-0.055966634303331375,0.15722548961639404,0.13669097423553467,-0.04164285957813263,0.21577751636505127,0.07588371634483337,-0.020701628178358078,0.20469582080841064,0.010007262229919434,-0.07959277182817459,0.21703046560287476,0.14336657524108887,-0.05342176929116249,0.2186693549156189,0.1456252634525299,-0.021668564528226852,0.28532642126083374,0.0758485496044159,-0.041884832084178925,0.2709158658981323,0.04007256031036377,-0.07236703485250473,0.2752821445465088,0.13898614048957825,-0.050847284495830536,0.28132426738739014,0.15264257788658142,-0.02738562598824501
A,0.27830007672309875,0.33891353011131287,-1.0572396149655106e-06,0.17179349064826965,0.3453983962535858,-0.03740733489394188,0.056980788707733154,0.2365124523639679,-0.04461744427680969,0.0,0.10962557792663574,-0.051707673817873,0.00498083233833313,0.015716999769210815,-0.048221223056316376,0.08417457342147827,0.09399297833442688,0.001552511821500957,0.06648656725883484,0.006431847810745239,-0.0495857410132885,0.09642526507377625,0.11498388648033142,-0.06562279164791107,0.10327604413032532,0.13439059257507324,-0.07038120925426483,0.15057817101478577,0.07550126314163208,-0.002777509391307831,0.1360267698764801,0.0,-0.05739372596144676,0.15845051407814026,0.13716939091682434,-0.05670309439301491,0.157996267080307,0.1351149082183838,-0.042108725756406784,0.21695372462272644,0.06982865929603577,-0.019416963681578636,0.20444026589393616,0.007825285196304321,-0.0781993716955185,0.21976634860038757,0.1387210488319397,-0.051908280700445175,0.22021719813346863,0.1370401382446289,-0.01994042471051216,0.2862623631954193,0.0667714774608612,-0.04000495374202728,0.2704247534275055,0.033602893352508545,-0.06956302374601364,0.278524786233902,0.12819132208824158,-0.0478241927921772,0.28537413477897644,0.1354888677597046,-0.024310359731316566
A,0.2833085060119629,0.330815851688385,-1.0340146445741993e-06,0.17857635021209717,0.3391539454460144,-0.036665040999650955,0.06260398030281067,0.23669582605361938,-0.04383295029401779,0.0012454390525817871,0.1147700846195221,-0.05134395882487297,0.0,0.02091190218925476,-0.04859574884176254,0.08361101150512695,0.09467965364456177,0.004939721431583166,0.05943268537521362,0.009343445301055908,-0.04508745297789574,0.09640079736709595,0.11229497194290161,-0.06191268190741539,0.10829627513885498,0.13600128889083862,-0.06676731258630753,0.14960449934005737,0.07157298922538757,0.0006931820535100996,0.12781327962875366,0.0,-0.05115288123488426,0.15752005577087402,0.13089051842689514,-0.05068541690707207,0.16014587879180908,0.1345800757408142,-0.03669026866555214,0.21639984846115112,0.0626046359539032,-0.015976140275597572,0.19876337051391602,0.0017160773277282715,-0.07254699617624283,0.22031909227371216,0.12857264280319214,-0.046485722064971924,0.22272169589996338,0.13342776894569397,-0.014850359410047531,0.28637754917144775,0.057874858379364014,-0.0365658737719059,0.26722007989883423,0.024764925241470337,-0.06496497988700867,0.27874642610549927,0.11828950047492981,-0.042903833091259,0.2856377363204956,0.13108029961585999,-0.019256675615906715
A,0.28831738233566284,0.3277739882469177,-1.0254241260554409e-06,0.18341827392578125,0.3416099548339844,-0.03951604664325714,0.06590285897254944,0.24217814207077026,-0.04809720814228058,0.0010519027709960938,0.12114894390106201,-0.056125227361917496,0.0,0.02509164810180664,-0.05335929989814758,0.08123892545700073,0.10039228200912476,0.001902311691083014,0.05844771862030029,0.013714194297790527,-0.048477936536073685,0.09646645188331604,0.11681473255157471,-0.0644332617521286,0.10558956861495972,0.13753634691238403,-0.0691726878285408,0.14628177881240845,0.07482218742370605,-0.0014069000026211143,0.1265612244606018,0.0,-0.05489138513803482,0.15917593240737915,0.1318798065185547,-0.05427075922489166,0.15870004892349243,0.13282260298728943,-0.039832837879657745,0.2124648094177246,0.0629943311214447,-0.017199330031871796,0.19695430994033813,0.003452122211456299,-0.07604236900806427,0.22079181671142578,0.1302502155303955,-0.0505191795527935,0.2197778820991516,0.13103029131889343,-0.018825819715857506,0.28192800283432007,0.05513158440589905,-0.03701215237379074,0.2649245858192444,0.024033725261688232,-0.0673733577132225,0.2786909341812134,0.11799511313438416,-0.04617181420326233,0.28403669595718384,0.12884783744812012,-0.02282589301466942
A,0.28232747316360474,0.3326003849506378,-1.0216474493063288e-06,0.17442697286605835,0.3374437987804413,-0.030883951112627983,0.061774760484695435,0.239092618227005,-0.03740820288658142,0.0016858577728271484,0.12183454632759094,-0.045701298862695694,0.0,0.02774706482887268,-0.04414282366633415,0.08457207679748535,0.10181722044944763,0.008314594626426697,0.055496007204055786,0.015374869108200073,-0.04311974346637726,0.0919540524482727,0.11270421743392944,-0.061734672635793686,0.10659873485565186,0.14164581894874573,-0.06691455841064453,0.14925909042358398,0.07671919465065002,0.0010107033886015415,0.12252658605575562,0.0,-0.051739223301410675,0.1551576852798462,0.12466543912887573,-0.052209123969078064,0.1627989411354065,0.13426649570465088,-0.037966713309288025,0.2147843837738037,0.06566217541694641,-0.018178671598434448,0.19332629442214966,0.004594773054122925,-0.07333564758300781,0.21614593267440796,0.12633109092712402,-0.047277193516492844,0.22086703777313232,0.13483545184135437,-0.015069388784468174,0.28380078077316284,0.06033790111541748,-0.041045334190130234,0.26161742210388184,0.023462504148483276,-0.0674801766872406,0.2725529074668884,0.11284822225570679,-0.04430219903588295,0.2810681462287903,0.12711188197135925,-0.019521642476320267
A,0.27977100014686584,0.3308449983596802,-9.77600961959979e-07,0.17398491501808167,0.33301424980163574,-0.03360414132475853,0.06444266438484192,0.23679178953170776,-0.042016807943582535,0.003987997770309448,0.12280666828155518,-0.05142444744706154,0.0,0.028953731060028076,-0.05087685585021973,0.08249557018280029,0.09998160600662231,0.007262224797159433,0.05822435021400452,0.01689612865447998,-0.043509937822818756,0.09314003586769104,0.11214953660964966,-0.06254466623067856,0.10591140389442444,0.13941237330436707,-0.06843686103820801,0.1468607485294342,0.07446971535682678,0.001198449986986816,0.12556186318397522,0.0,-0.05065580829977989,0.1569247543811798,0.12303140759468079,-0.051774222403764725,0.16215279698371887,0.13376018404960632,-0.03842924162745476,0.2124265730381012,0.06418824195861816,-0.016787074506282806,0.19524791836738586,0.003705143928527832,-0.07185018807649612,0.2182457149028778,0.12405198812484741,-0.04645197093486786,0.22109529376029968,0.13333547115325928,-0.014910384081304073,0.28110477328300476,0.060789287090301514,-0.03857502341270447,0.2623637020587921,0.02571767568588257,-0.06574748456478119,0.2745591700077057,0.1145021915435791,-0.04320257157087326,0.28174474835395813,0.12813982367515564,-0.01881813444197178
A,0.2816694378852844,0.32528331875801086,-9.913979965858744e-07,0.17650580406188965,0.33113792538642883,-0.03516579791903496,0.06272974610328674,0.23465988039970398,-0.043194662779569626,0.000682145357131958,0.11650490760803223,-0.0520000234246254,0.0,0.021440595388412476,-0.050495993345975876,0.08400765061378479,0.09772193431854248,0.00720685999840498,0.05900770425796509,0.013447165489196777,-0.043578825891017914,0.09407687187194824,0.10939544439315796,-0.060667768120765686,0.10458230972290039,0.133392333984375,-0.0652928352355957,0.14712893962860107,0.07276666164398193,0.002137780422344804,0.12468850612640381,0.0,-0.05109913647174835,0.15602970123291016,0.12548834085464478,-0.05104513838887215,0.15729445219039917,0.13021674752235413,-0.036319609731435776,0.21127796173095703,0.06103956699371338,-0.015296943485736847,0.1937306523323059,0.004171103239059448,-0.07245932519435883,0.21690130233764648,0.1263946294784546,-0.047047749161720276,0.21661782264709473,0.13024979829788208,-0.015074668452143669,0.278971791267395,0.05420351028442383,-0.036568328738212585,0.26040828227996826,0.023526519536972046,-0.06538676470518112,0.2732282280921936,0.11319547891616821,-0.043900635093450546,0.2794925570487976,0.12305831909179688,-0.020085778087377548
A,0.2887832522392273,0.3185182213783264,-9.735374533192953e-07,0.18281984329223633,0.33295923471450806,-0.038783613592386246,0.06665241718292236,0.24118173122406006,-0.04826060310006142,0.0027762651443481445,0.12710759043693542,-0.057504236698150635,0.0,0.03356936573982239,-0.05608219653367996,0.08216524124145508,0.09806188941001892,0.0022440555039793253,0.05450636148452759,0.01857626438140869,-0.04846929386258125,0.09244483709335327,0.11920952796936035,-0.06538733839988708,0.10470300912857056,0.1389375627040863,-0.0705532357096672,0.1453796625137329,0.0702562928199768,-0.0014066207222640514,0.12090045213699341,0.0,-0.055474359542131424,0.1533222198486328,0.12948161363601685,-0.05501937493681908,0.15810096263885498,0.13001161813735962,-0.040000978857278824,0.2098621129989624,0.0578458309173584,-0.01751231774687767,0.18968403339385986,0.002382338047027588,-0.07558488845825195,0.2136925458908081,0.12754228711128235,-0.049819011241197586,0.21746611595153809,0.1266936957836151,-0.01756138913333416,0.27756285667419434,0.05036824941635132,-0.03774624317884445,0.25785404443740845,0.026321709156036377,-0.06721170991659164,0.270885169506073,0.11689618229866028,-0.046285852789878845,0.279060959815979,0.12215140461921692,-0.022953128442168236
A,0.29478880763053894,0.3107304871082306,-1.008652247946884e-06,0.18606653809547424,0.320934921503067,-0.03794654458761215,0.06817090511322021,0.2374383509159088,-0.04707671329379082,0.0006915032863616943,0.13100013136863708,-0.05658071115612984,0.0,0.03903988003730774,-0.05442541837692261,0.08121079206466675,0.09493568539619446,0.007898012176156044,0.048703938722610474,0.02317991852760315,-0.041720326989889145,0.09120431542396545,0.12470006942749023,-0.057747870683670044,0.10199537873268127,0.1353919506072998,-0.06293251365423203,0.14169904589653015,0.0642164945602417,0.0038137880619615316,0.11321523785591125,0.0035098791122436523,-0.04911438003182411,0.15098169445991516,0.13210925459861755,-0.04676404967904091,0.15446701645851135,0.12285798788070679,-0.03084886632859707,0.20601913332939148,0.04804679751396179,-0.013260778039693832,0.18296417593955994,0.0,-0.06994088739156723,0.21129366755485535,0.12438470125198364,-0.04201343283057213,0.21607020497322083,0.11689522862434387,-0.008573527447879314,0.2746792733669281,0.03659716248512268,-0.034813206642866135,0.25084587931632996,0.015892595052719116,-0.06312563270330429,0.2653118669986725,0.1069951057434082,-0.04120970144867897,0.275128573179245,0.11019974946975708,-0.01714443601667881
A,0.30693700909614563,0.2936954200267792,-9.93285652839404e-07,0.19741883873939514,0.30474773049354553,-0.034844715148210526,0.08013245463371277,0.22818610072135925,-0.04362533241510391,0.009672433137893677,0.12944632768630981,-0.05454518646001816,0.0,0.03664091229438782,-0.05383763462305069,0.0882420539855957,0.08525094389915466,0.01587781310081482,0.045694828033447266,0.023315638303756714,-0.033638846129179,0.09261438250541687,0.11824101209640503,-0.050173405557870865,0.1074201762676239,0.12869736552238464,-0.05461844429373741,0.146194726228714,0.04937896132469177,0.01094102393835783,0.11148431897163391,0.006341785192489624,-0.040972087532281876,0.15518143773078918,0.12433382868766785,-0.03878752514719963,0.16114166378974915,0.11247444152832031,-0.022611958906054497,0.2092355191707611,0.027600973844528198,-0.0073798783123493195,0.1800355613231659,0.0,-0.06252022832632065,0.21371564269065857,0.11506950855255127,-0.03523901477456093,0.2200588881969452,0.104929119348526,-0.0018953232793137431,0.2760840356349945,0.012527525424957275,-0.03013877384364605,0.24791207909584045,0.006350487470626831,-0.05558067932724953,0.264883428812027,0.09245213866233826,-0.03327725827693939,0.27572402358055115,0.09343349933624268,-0.008847995661199093
A,0.31215280294418335,0.2818982005119324,-9.620140417609946e-07,0.20166581869125366,0.2951975464820862,-0.03398312255740166,0.08665269613265991,0.2299836277961731,-0.04533160850405693,0.014077961444854736,0.13661906123161316,-0.05932024121284485,0.0,0.044430315494537354,-0.06193363666534424,0.09451824426651001,0.08398163318634033,0.014199248515069485,0.044761091470718384,0.02510923147201538,-0.03653547167778015,0.09291583299636841,0.11587569117546082,-0.05369899421930313,0.11288928985595703,0.12757983803749084,-0.05806512013077736,0.14992821216583252,0.0470183789730072,0.008535832166671753,0.10696333646774292,0.005372881889343262,-0.044028379023075104,0.15425068140029907,0.12025219202041626,-0.041355449706315994,0.16580742597579956,0.10837343335151672,-0.024398334324359894,0.2111303210258484,0.02316761016845703,-0.010297354310750961,0.17585009336471558,0.0,-0.06619769334793091,0.2136860489845276,0.11346456408500671,-0.03805145248770714,0.225507915019989,0.1034955382347107,-0.0032587607856839895,0.27714163064956665,0.005353480577468872,-0.03344610705971718,0.2419026494026184,0.003965109586715698,-0.05891842395067215,0.260495662689209,0.08742201328277588,-0.035698920488357544,0.2752082943916321,0.08707666397094727,-0.010190105997025967
A,0.31064534187316895,0.2782153785228729,-9.781300605027354e-07,0.20082581043243408,0.29444023966789246,-0.03218992426991463,0.0867568850517273,0.23081466555595398,-0.041714128106832504,0.014735668897628784,0.1413940191268921,-0.05396047979593277,0.0,0.052053868770599365,-0.0553673654794693,0.09197211265563965,0.08365833759307861,0.015258329920470715,0.04440641403198242,0.029939979314804077,-0.03398283198475838,0.09280353784561157,0.11991631984710693,-0.050965309143066406,0.1119697093963623,0.13101878762245178,-0.05555142089724541,0.14700525999069214,0.04425880312919617,0.009579560719430447,0.1062312126159668,0.008726030588150024,-0.04037395492196083,0.15290290117263794,0.12134969234466553,-0.037375934422016144,0.1645265817642212,0.10935205221176147,-0.021234454587101936,0.20793157815933228,0.018610358238220215,-0.008976494893431664,0.17499101161956787,0.0010018646717071533,-0.06225872412323952,0.2110832929611206,0.1126193106174469,-0.034978244453668594,0.22256678342819214,0.10383057594299316,-0.0018827631138265133,0.27356278896331787,0.0,-0.03179439902305603,0.2411336898803711,0.0032967031002044678,-0.056096140295267105,0.2588273286819458,0.08700746297836304,-0.03393103927373886,0.27261489629745483,0.08827930688858032,-0.009708954952657223
A,0.313180148601532,0.2864314019680023,-1.0324481536372332e-06,0.20004576444625854,0.3031538426876068,-0.02294922061264515,0.08646506071090698,0.23453351855278015,-0.029737254604697227,0.019613802433013916,0.1506112515926361,-0.041371047496795654,0.0,0.06606408953666687,-0.042733144015073776,0.09490084648132324,0.0767403244972229,0.020215600728988647,0.03685480356216431,0.04428258538246155,-0.027303602546453476,0.0842428207397461,0.13434305787086487,-0.04348684102296829,0.10989505052566528,0.14283812046051025,-0.047004494816064835,0.14592218399047852,0.04072490334510803,0.010587376542389393,0.09560412168502808,0.026219308376312256,-0.037211257964372635,0.14224165678024292,0.13886311650276184,-0.032248325645923615,0.16135895252227783,0.1245402991771698,-0.014430654235184193,0.20543867349624634,0.01646280288696289,-0.011044473387300968,0.16026312112808228,0.01874658465385437,-0.06072477623820305,0.19927000999450684,0.1293608546257019,-0.032126590609550476,0.2199053168296814,0.11713695526123047,0.0015198485925793648,0.27083712816238403,0.0,-0.036510810256004333,0.2239396572113037,0.01821240782737732,-0.05871552601456642,0.24158984422683716,0.10367706418037415,-0.035826023668050766,0.26243525743484497,0.1045575737953186,-0.010854372754693031
A,0.3237619400024414,0.27096202969551086,-9.689471198726096e-07,0.20963144302368164,0.29538360238075256,-0.027782058343291283,0.09427642822265625,0.2407272756099701,-0.036061935126781464,0.022092729806900024,0.15843895077705383,-0.04813162982463837,0.0,0.0758831799030304,-0.04977990686893463,0.0939810574054718,0.09427100419998169,0.01862534135580063,0.038812220096588135,0.044488877058029175,-0.029898447915911674,0.0893964171409607,0.13178971409797668,-0.04752756282687187,0.11357223987579346,0.14524629712104797,-0.05208256095647812,0.14710938930511475,0.052639931440353394,0.011934337206184864,0.10065895318984985,0.023167282342910767,-0.03683179244399071,0.15017181634902954,0.13147515058517456,-0.03435955196619034,0.16475331783294678,0.12301382422447205,-0.018643589690327644,0.20667684078216553,0.02283000946044922,-0.007138694170862436,0.16466212272644043,0.007030755281448364,-0.059700094163417816,0.2075405716896057,0.11581334471702576,-0.03245807811617851,0.22472870349884033,0.1102706789970398,0.00083957239985466,0.2718442678451538,0.0,-0.0300248134881258,0.22933346033096313,0.00242459774017334,-0.05548720806837082,0.2521170377731323,0.08554437756538391,-0.03304986655712128,0.27086126804351807,0.09047055244445801,-0.007955854758620262
A,0.32815635204315186,0.27225741744041443,-9.803133025343413e-07,0.2180565595626831,0.29856714606285095,-0.02987685240805149,0.10076954960823059,0.24828597903251648,-0.039548248052597046,0.02367699146270752,0.1703050434589386,-0.05282661318778992,0.0,0.08406651020050049,-0.05593164637684822,0.09829288721084595,0.10964220762252808,0.01684570126235485,0.04321253299713135,0.05602526664733887,-0.03385487198829651,0.09809055924415588,0.1401156485080719,-0.052261412143707275,0.12120252847671509,0.15275788307189941,-0.056885384023189545,0.150532066822052,0.0647798478603363,0.01015629991889,0.10370528697967529,0.028654366731643677,-0.04154139384627342,0.15842705965042114,0.1348743736743927,-0.04047747701406479,0.17272257804870605,0.1271737813949585,-0.02489076741039753,0.20904570817947388,0.03072264790534973,-0.009046402759850025,0.16743427515029907,0.008817821741104126,-0.06428258121013641,0.21515196561813354,0.11707428097724915,-0.03677360340952873,0.23111557960510254,0.11261248588562012,-0.0022055867593735456,0.2734229564666748,0.0020031630992889404,-0.031971804797649384,0.23175692558288574,0.0,-0.05765272676944733,0.25800031423568726,0.08221414685249329,-0.033566396683454514,0.27612555027008057,0.08715465664863586,-0.0069743189960718155
A,0.32893842458724976,0.2699853479862213,-9.788990382730844e-07,0.2218540906906128,0.30100300908088684,-0.029735758900642395,0.10160037875175476,0.2528856098651886,-0.03868773579597473,0.021829605102539062,0.1740637719631195,-0.05090508982539177,0.0,0.08569750189781189,-0.05264391005039215,0.09785640239715576,0.11191794276237488,0.016180744394659996,0.04058772325515747,0.06269422173500061,-0.03369055315852165,0.09702619910240173,0.14511683583259583,-0.050539784133434296,0.11986970901489258,0.1539440155029297,-0.054509781301021576,0.14876163005828857,0.06495383381843567,0.009492152370512486,0.10007733106613159,0.0330100953578949,-0.04113373905420303,0.1567862629890442,0.1375960111618042,-0.038015443831682205,0.16979867219924927,0.12729108333587646,-0.021202269941568375,0.2069108486175537,0.029900401830673218,-0.009849135763943195,0.1656053066253662,0.014636963605880737,-0.06409935653209686,0.21467196941375732,0.1202387809753418,-0.036019232124090195,0.22895747423171997,0.11147379875183105,-0.0015501128509640694,0.2709883451461792,0.0,-0.03298795595765114,0.23026275634765625,0.007044792175292969,-0.05832042917609215,0.25809115171432495,0.08782365918159485,-0.03507772088050842,0.2751370668411255,0.08861544728279114,-0.009524768218398094
A,0.3340129852294922,0.2734720706939697,-9.81124117060972e-07,0.22699016332626343,0.3086971044540405,-0.03262651711702347,0.10416406393051147,0.2590118646621704,-0.040399953722953796,0.02336016297340393,0.17750883102416992,-0.05052707716822624,0.0,0.09039753675460815,-0.04995526373386383,0.09965196251869202,0.12368115782737732,0.015372195281088352,0.045867919921875,0.06317174434661865,-0.03335751220583916,0.10201975703239441,0.1459813117980957,-0.04983562231063843,0.122611403465271,0.15948212146759033,-0.0537361279129982,0.1537693738937378,0.07535868883132935,0.010318099521100521,0.10752075910568237,0.03183114528656006,-0.04006349295377731,0.16276854276657104,0.1384548842906952,-0.03877589851617813,0.17315667867660522,0.13254645466804504,-0.023401299491524696,0.21279191970825195,0.039837658405303955,-0.0074357446283102036,0.17367321252822876,0.011556237936019897,-0.06198476627469063,0.2207942008972168,0.11851441860198975,-0.035842932760715485,0.23228758573532104,0.11354035139083862,-0.002742483513429761,0.27760016918182373,0.007581353187561035,-0.029079360887408257,0.24065524339675903,0.0,-0.05465656518936157,0.2677515745162964,0.08142620325088501,-0.032044075429439545,0.2830308675765991,0.08618801832199097,-0.007112840656191111
A,0.3304760456085205,0.2744406461715698,-9.660900559538277e-07,0.2207466959953308,0.30685490369796753,-0.03277607634663582,0.09993341565132141,0.2592579126358032,-0.042328789830207825,0.020316720008850098,0.17880144715309143,-0.05450546368956566,0.0,0.08909732103347778,-0.05624546483159065,0.09932953119277954,0.1210169792175293,0.013355209492146969,0.045660316944122314,0.06564900279045105,-0.03728027641773224,0.1005668044090271,0.14804446697235107,-0.05502857267856598,0.12104666233062744,0.1597769856452942,-0.059616781771183014,0.15489143133163452,0.07347428798675537,0.007431820500642061,0.10948449373245239,0.033743202686309814,-0.04391881823539734,0.16324663162231445,0.1405268907546997,-0.04250456020236015,0.17309939861297607,0.13165313005447388,-0.02733232080936432,0.2153070569038391,0.03911140561103821,-0.011214015074074268,0.17679721117019653,0.01185956597328186,-0.06639493256807327,0.22196048498153687,0.11945417523384094,-0.03922036290168762,0.23334330320358276,0.11279678344726562,-0.005562173668295145,0.28102850914001465,0.0087127685546875,-0.03384391963481903,0.24370664358139038,0.0,-0.05951806157827377,0.2691371440887451,0.0820322334766388,-0.0357971154153347,0.28472089767456055,0.08615833520889282,-0.010080903768539429
A,0.3340391218662262,0.2764892280101776,-9.631015700506396e-07,0.2269827425479889,0.3103320300579071,-0.03332044184207916,0.10414746403694153,0.2611749470233917,-0.042379893362522125,0.023288458585739136,0.1825459897518158,-0.0533817894756794,0.0,0.09501287341117859,-0.0540907196700573,0.10511276125907898,0.12276321649551392,0.010253802873194218,0.05143287777900696,0.06793954968452454,-0.037592824548482895,0.10639584064483643,0.15122666954994202,-0.05349811166524887,0.12630948424339294,0.16085782647132874,-0.05763579159975052,0.15937551856040955,0.07592174410820007,0.005297727417200804,0.11202892661094666,0.03420558571815491,-0.044362086802721024,0.16603240370750427,0.14087432622909546,-0.041953325271606445,0.17833366990089417,0.13234129548072815,-0.026271600276231766,0.2184073030948639,0.041719645261764526,-0.011830599047243595,0.1779700219631195,0.013299643993377686,-0.06543175131082535,0.22440120577812195,0.12071901559829712,-0.03736414015293121,0.2380339801311493,0.1144232451915741,-0.00334238656796515,0.28251758217811584,0.010925918817520142,-0.03284614160656929,0.24355676770210266,0.0,-0.057763420045375824,0.2706315815448761,0.08084043860435486,-0.03329586237668991,0.28775694966316223,0.08427157998085022,-0.007177113089710474
A,0.32396095991134644,0.2795598804950714,-9.64118271440384e-07,0.21795934438705444,0.31077662110328674,-0.03331494331359863,0.09492391347885132,0.2580868899822235,-0.041464101523160934,0.01523280143737793,0.17328104376792908,-0.051246583461761475,0.0,0.08317741751670837,-0.05040822550654411,0.0971866250038147,0.11920002102851868,0.010703292675316334,0.052232325077056885,0.06163647770881653,-0.037245653569698334,0.10646837949752808,0.14791828393936157,-0.05162261053919792,0.12225651741027832,0.15502938628196716,-0.05496380850672722,0.15543347597122192,0.07340389490127563,0.005473918281495571,0.11607909202575684,0.028434693813323975,-0.04643167182803154,0.16726917028427124,0.13989907503128052,-0.04427141696214676,0.17272770404815674,0.12811797857284546,-0.02816367894411087,0.21576374769210815,0.040893733501434326,-0.012118738144636154,0.18392014503479004,0.010409563779830933,-0.0670771449804306,0.22530990839004517,0.1186944842338562,-0.04080233722925186,0.2313818335533142,0.10608771443367004,-0.00806445349007845,0.2799832820892334,0.010360300540924072,-0.03352886810898781,0.2502404451370239,0.0,-0.05816829949617386,0.27484506368637085,0.07976296544075012,-0.0354115255177021,0.2873716950416565,0.07666099071502686,-0.0108943535014987
A,0.3205649256706238,0.27448606491088867,-9.669821565694292e-07,0.21523123979568481,0.30775678157806396,-0.03412555158138275,0.09378683567047119,0.2534792423248291,-0.04302855208516121,0.01632019877433777,0.16605618596076965,-0.053050342947244644,0.0,0.07704544067382812,-0.0526103749871254,0.09957882761955261,0.1156962513923645,0.0046950713731348515,0.05176633596420288,0.05639424920082092,-0.04504086449742317,0.10612046718597412,0.14266151189804077,-0.06059862673282623,0.12294596433639526,0.15076640248298645,-0.0648142546415329,0.1565171480178833,0.07149633765220642,-0.0005488913739100099,0.1147642731666565,0.023430228233337402,-0.05369020625948906,0.16622084379196167,0.13513311743736267,-0.051827624440193176,0.1736333966255188,0.12662816047668457,-0.03626204654574394,0.2164117693901062,0.040293723344802856,-0.017827721312642097,0.18295490741729736,0.006442219018936157,-0.07423774152994156,0.22536200284957886,0.11835843324661255,-0.04685536399483681,0.23293691873550415,0.10950607061386108,-0.013418185524642467,0.280800998210907,0.011340498924255371,-0.038942817598581314,0.2504761815071106,0.0,-0.06600742042064667,0.2752411961555481,0.0822611153125763,-0.04336220771074295,0.2877975106239319,0.08182626962661743,-0.018826724961400032
A,0.3121959865093231,0.28539079427719116,-9.482997711529606e-07,0.20800814032554626,0.31462836265563965,-0.03240165859460831,0.08839806914329529,0.25012481212615967,-0.03886966034770012,0.014539897441864014,0.15756535530090332,-0.04713519662618637,0.0,0.07031276822090149,-0.044990018010139465,0.09337574243545532,0.11291840672492981,0.011081190779805183,0.052130043506622314,0.054214537143707275,-0.03702845051884651,0.10182663798332214,0.14053401350975037,-0.05214860290288925,0.11510977149009705,0.14622744917869568,-0.055976662784814835,0.152700275182724,0.07207849621772766,0.004775486886501312,0.1151595413684845,0.02294221520423889,-0.04648672416806221,0.16080531477928162,0.13498380780220032,-0.04456277936697006,0.16553542017936707,0.12223976850509644,-0.028825024142861366,0.21428373456001282,0.044691652059555054,-0.013935099355876446,0.1850060522556305,0.009002923965454102,-0.06806338578462601,0.2205808460712433,0.11905807256698608,-0.04174483194947243,0.2255311906337738,0.1066543459892273,-0.009453094564378262,0.27980563044548035,0.019652456045150757,-0.036668699234724045,0.2527734935283661,0.0,-0.06085784733295441,0.2724604904651642,0.08294668793678284,-0.037879522889852524,0.2837543189525604,0.08427628874778748,-0.013561065308749676
A,0.30486807227134705,0.2923780381679535,-9.914892871165648e-07,0.2027304470539093,0.3180406391620636,-0.03364763408899307,0.08291414380073547,0.2455308735370636,-0.03920132666826248,0.012457430362701416,0.14224159717559814,-0.04584231972694397,0.0,0.054548680782318115,-0.04222845658659935,0.09394171833992004,0.10800573229789734,0.008278604596853256,0.05792078375816345,0.03972843289375305,-0.04147454723715782,0.10440710186958313,0.13033795356750488,-0.05690307170152664,0.11721119284629822,0.1455756425857544,-0.06023275479674339,0.15607234835624695,0.07163235545158386,0.0029760764446109533,0.12126728892326355,0.01425352692604065,-0.05113973468542099,0.16549387574195862,0.132823646068573,-0.049994807690382004,0.16959109902381897,0.12894296646118164,-0.03378351032733917,0.21826574206352234,0.047509729862213135,-0.014662467874586582,0.19040146470069885,0.003415912389755249,-0.07287659496068954,0.22616997361183167,0.11961519718170166,-0.04706049710512161,0.23066577315330505,0.11577776074409485,-0.013701201416552067,0.2837928831577301,0.024821192026138306,-0.03603943809866905,0.2594324052333832,0.0,-0.06444022059440613,0.2803380787372589,0.08608928322792053,-0.042473748326301575,0.2909809648990631,0.09140732884407043,-0.01778492145240307
A,0.29747796058654785,0.3023366332054138,-9.741393114381935e-07,0.19598305225372314,0.32088637351989746,-0.03788365423679352,0.07923668622970581,0.24181467294692993,-0.04607584327459335,0.010814189910888672,0.1403038203716278,-0.053865548223257065,0.0,0.04938483238220215,-0.05056352540850639,0.09065335988998413,0.10426497459411621,0.004310893826186657,0.05638572573661804,0.03546696901321411,-0.043696120381355286,0.10399764776229858,0.12864819169044495,-0.05914720147848129,0.11513668298721313,0.14218202233314514,-0.06386177986860275,0.15038782358169556,0.06767985224723816,0.0009268542635254562,0.12000584602355957,0.012319087982177734,-0.04980265349149704,0.16359156370162964,0.12925371527671814,-0.04873216524720192,0.1657513976097107,0.12516319751739502,-0.03460002318024635,0.21323347091674805,0.04491540789604187,-0.014847217127680779,0.1889280080795288,0.0,-0.06900803744792938,0.22314459085464478,0.1153729259967804,-0.04307439178228378,0.22429484128952026,0.11135140061378479,-0.012112568132579327,0.27980470657348633,0.025511562824249268,-0.03485483303666115,0.25817471742630005,0.004054158926010132,-0.06259825080633163,0.2788086533546448,0.08955204486846924,-0.04183392971754074,0.28631651401519775,0.09213173389434814,-0.019219208508729935
A,0.28242015838623047,0.30264824628829956,-9.775541229828377e-07,0.18013328313827515,0.313091516494751,-0.031559184193611145,0.06886065006256104,0.2228379249572754,-0.03719501197338104,0.006836444139480591,0.11559075117111206,-0.04419829696416855,0.0,0.027602344751358032,-0.04127984493970871,0.08803629875183105,0.09079104661941528,0.008047433570027351,0.06020468473434448,0.017362594604492188,-0.0408649779856205,0.0974244475364685,0.11055183410644531,-0.056692346930503845,0.10666656494140625,0.1269780695438385,-0.06080662086606026,0.15101397037506104,0.06304243206977844,0.0014843660173937678,0.12535995244979858,0.002382129430770874,-0.05003871023654938,0.15793025493621826,0.12152290344238281,-0.04953465983271599,0.15898340940475464,0.11680629849433899,-0.035418808460235596,0.2145540714263916,0.047416746616363525,-0.01700097881257534,0.1925303339958191,0.0,-0.07151602953672409,0.21763604879379272,0.11553999781608582,-0.04650644585490227,0.21908670663833618,0.11037105321884155,-0.01596684940159321,0.28121834993362427,0.034142643213272095,-0.039196960628032684,0.25967293977737427,0.00691986083984375,-0.06584127992391586,0.2737000584602356,0.09298640489578247,-0.04444967955350876,0.2824411988258362,0.0985882580280304,-0.02145439013838768
A,0.2623521685600281,0.3284194767475128,-1.0192620720772538e-06,0.16598689556121826,0.3336252272129059,-0.03457397222518921,0.05654650926589966,0.22746935486793518,-0.040530867874622345,0.0,0.1066490113735199,-0.04621562734246254,0.0011303722858428955,0.015791982412338257,-0.04146691784262657,0.07769399881362915,0.09139227867126465,0.0012017282424494624,0.06091809272766113,0.011577695608139038,-0.04835101217031479,0.09421753883361816,0.11203613877296448,-0.06387275457382202,0.09993749856948853,0.1339673399925232,-0.06822854280471802,0.1429184079170227,0.07038804888725281,-0.004093436058610678,0.12573105096817017,0.0,-0.05569577217102051,0.15474861860275269,0.12744343280792236,-0.05402382090687752,0.15420770645141602,0.12654894590377808,-0.03928719833493233,0.20820611715316772,0.06328243017196655,-0.021132418885827065,0.19442927837371826,0.009656906127929688,-0.07547289878129959,0.2138655185699463,0.130776047706604,-0.04856830835342407,0.21230244636535645,0.12865641713142395,-0.01722816750407219,0.2752128839492798,0.05965515971183777,-0.042130012065172195,0.2597951889038086,0.031187474727630615,-0.06910863518714905,0.27002376317977905,0.11996692419052124,-0.04726175218820572,0.2753022313117981,0.12626594305038452,-0.024218015372753143
A,0.2442643642425537,0.34839463233947754,-1.058581005963788e-06,0.14716917276382446,0.34002363681793213,-0.030295247212052345,0.045663982629776,0.2179337739944458,-0.03411197289824486,0.0,0.08914947509765625,-0.038821157068014145,0.005322754383087158,0.003793060779571533,-0.03347189351916313,0.07905495166778564,0.08673796057701111,0.0049262079410254955,0.06742659211158752,0.0,-0.04479644447565079,0.09296321868896484,0.10401579737663269,-0.05995892733335495,0.09628409147262573,0.12956282496452332,-0.06344390660524368,0.14423519372940063,0.07855397462844849,-0.0023158672265708447,0.13349229097366333,0.0025697052478790283,-0.05374107509851456,0.15190398693084717,0.1359608769416809,-0.0514887198805809,0.14730429649353027,0.13471806049346924,-0.03619331866502762,0.20766210556030273,0.08108729124069214,-0.021164195612072945,0.19901812076568604,0.021109551191329956,-0.0757102519273758,0.20936048030853271,0.14657068252563477,-0.048584554344415665,0.20558297634124756,0.14588749408721924,-0.017079411074519157,0.27214711904525757,0.08606967329978943,-0.043603263795375824,0.2604862451553345,0.05210965871810913,-0.07076986134052277,0.2654939293861389,0.14354178309440613,-0.04819701984524727,0.2702291011810303,0.15227842330932617,-0.024557949975132942
A,0.22830098867416382,0.3736162781715393,-1.020614945446141e-06,0.1289687156677246,0.3576144576072693,-0.03350486606359482,0.0356178879737854,0.22711700201034546,-0.038623642176389694,0.0,0.08959203958511353,-0.04428795352578163,0.006931602954864502,0.0,-0.03996390849351883,0.07420283555984497,0.09714055061340332,0.007965964265167713,0.06777507066726685,0.00665631890296936,-0.042154330760240555,0.08746129274368286,0.11101147532463074,-0.059278953820466995,0.09183907508850098,0.14130765199661255,-0.06359101086854935,0.1396784782409668,0.09513828158378601,0.002353673567995429,0.13492196798324585,0.014426976442337036,-0.04955403506755829,0.1447376012802124,0.14891329407691956,-0.04990031197667122,0.14161080121994019,0.15260425209999084,-0.03586730733513832,0.2018744945526123,0.10506778955459595,-0.015532069839537144,0.19970685243606567,0.04423561692237854,-0.07149142771959305,0.20076286792755127,0.1698140799999237,-0.0477009080350399,0.19590646028518677,0.17101755738258362,-0.017583796754479408,0.26468050479888916,0.11793079972267151,-0.03708210214972496,0.2573326826095581,0.08157476782798767,-0.06406355649232864,0.2557162046432495,0.17369067668914795,-0.042257942259311676,0.25829964876174927,0.18538373708724976,-0.01892615295946598
A,0.20306247472763062,0.3928854465484619,-1.0225181767964386e-06,0.11200100183486938,0.3679646849632263,-0.03221958130598068,0.028569191694259644,0.2257784605026245,-0.037750646471977234,0.0,0.08662492036819458,-0.04464562237262726,0.0084419846534729,0.0,-0.04190978407859802,0.0673525333404541,0.09688228368759155,0.006600948516279459,0.06879234313964844,0.00025203824043273926,-0.045641396194696426,0.08196765184402466,0.1044687032699585,-0.06319001317024231,0.08448463678359985,0.14174577593803406,-0.06659142673015594,0.13299560546875,0.10113546252250671,-0.0004815817519556731,0.13688558340072632,0.01910722255706787,-0.0529685840010643,0.13743144273757935,0.15444031357765198,-0.05169932171702385,0.13194894790649414,0.16073447465896606,-0.036118730902671814,0.19471216201782227,0.11902597546577454,-0.020012840628623962,0.2000684142112732,0.056625813245773315,-0.07625864446163177,0.1919163465499878,0.18239009380340576,-0.051525551825761795,0.1845381259918213,0.1864694058895111,-0.020679213106632233,0.2556350827217102,0.14212018251419067,-0.043235406279563904,0.25476884841918945,0.10319146513938904,-0.07160376757383347,0.24728602170944214,0.19418147206306458,-0.05019797012209892,0.24710619449615479,0.2078278660774231,-0.026746997609734535
A,0.18855047225952148,0.41293948888778687,-9.8783948487835e-07,0.0980299711227417,0.37176191806793213,-0.028061801567673683,0.02269965410232544,0.2256191074848175,-0.0327814556658268,0.0,0.08749532699584961,-0.03993246704339981,0.0133761465549469,0.0,-0.03806902468204498,0.0663832426071167,0.10803323984146118,0.010955211706459522,0.0701640248298645,0.009151041507720947,-0.0403594896197319,0.07933157682418823,0.10609632730484009,-0.060260109603405,0.08269983530044556,0.14739233255386353,-0.06540240347385406,0.13156622648239136,0.11756908893585205,0.0019721542485058308,0.13937175273895264,0.03253495693206787,-0.04982424154877663,0.13325488567352295,0.1602708101272583,-0.05190340802073479,0.12905573844909668,0.17458456754684448,-0.03898412361741066,0.1924319863319397,0.14050665497779846,-0.018845226615667343,0.20128393173217773,0.0761527419090271,-0.07318440824747086,0.18612593412399292,0.19555506110191345,-0.05101332068443298,0.17885524034500122,0.2042534053325653,-0.022200582548975945,0.25249671936035156,0.17069867253303528,-0.043003443628549576,0.2545431852340698,0.12627878785133362,-0.069798044860363,0.2404448390007019,0.2125830352306366,-0.048665035516023636,0.23793566226959229,0.2299385666847229,-0.02573814056813717
A,0.17178818583488464,0.4207541346549988,-9.5948644229793e-07,0.08354386687278748,0.3735368847846985,-0.02995697595179081,0.017196565866470337,0.22242790460586548,-0.03587058559060097,0.0,0.0878211259841919,-0.04343464598059654,0.012544721364974976,0.0,-0.04183007404208183,0.06260445713996887,0.10404747724533081,0.008114662952721119,0.07385322451591492,0.00409013032913208,-0.042736753821372986,0.07862022519111633,0.10482552647590637,-0.06269458681344986,0.07878920435905457,0.15115666389465332,-0.06769150495529175,0.12618449330329895,0.1171422004699707,0.0006651317235082388,0.1419619619846344,0.031866610050201416,-0.050528958439826965,0.13101330399513245,0.1596164107322693,-0.05391620099544525,0.12417778372764587,0.17819538712501526,-0.04204804077744484,0.1854921281337738,0.14493119716644287,-0.01820954494178295,0.20145884156227112,0.07881319522857666,-0.07190746814012527,0.1821083128452301,0.19693341851234436,-0.0512346588075161,0.17185208201408386,0.20859363675117493,-0.023596227169036865,0.2434195578098297,0.18095532059669495,-0.04030401259660721,0.2504463493824005,0.13638100028038025,-0.06748145073652267,0.23452720046043396,0.22143974900245667,-0.047166354954242706,0.2291029393672943,0.23926806449890137,-0.0245915986597538
A,0.17701935768127441,0.43571823835372925,-9.732957551022992e-07,0.08684033155441284,0.38706904649734497,-0.036096807569265366,0.019378989934921265,0.230709969997406,-0.04131174460053444,0.0,0.09176257252693176,-0.04734541475772858,0.013409435749053955,0.0,-0.04279656708240509,0.06113404035568237,0.11002427339553833,0.015184055082499981,0.07691895961761475,0.015359491109848022,-0.03686918318271637,0.08296161890029907,0.12008529901504517,-0.056921228766441345,0.08111655712127686,0.15938562154769897,-0.0617842972278595,0.1252371072769165,0.12347838282585144,0.010865087620913982,0.1459050178527832,0.04130202531814575,-0.04357289522886276,0.13543236255645752,0.1725686490535736,-0.04788298159837723,0.12528181076049805,0.18427783250808716,-0.03539947047829628,0.18482452630996704,0.15098333358764648,-0.0066852867603302,0.2057775855064392,0.0898267924785614,-0.0663229301571846,0.1864633560180664,0.21164825558662415,-0.04753934592008591,0.17248612642288208,0.21875694394111633,-0.019218310713768005,0.24322044849395752,0.1859697699546814,-0.027870846912264824,0.25604331493377686,0.14207923412322998,-0.05944370850920677,0.23869097232818604,0.23142868280410767,-0.04138603061437607,0.22804272174835205,0.24982285499572754,-0.01933683268725872
A,0.1651938557624817,0.4425066113471985,-9.458343015467108e-07,0.07378828525543213,0.38871490955352783,-0.034371085464954376,0.012163609266281128,0.23011121153831482,-0.040686652064323425,0.0,0.09206157922744751,-0.0481390506029129,0.009299933910369873,0.0,-0.046143535524606705,0.05601930618286133,0.11253476142883301,0.00906345434486866,0.0747988224029541,0.01572948694229126,-0.04490090534090996,0.07886272668838501,0.11531955003738403,-0.06723038107156754,0.0740082859992981,0.16286388039588928,-0.07283832877874374,0.12058192491531372,0.12975838780403137,0.0032265009358525276,0.14522451162338257,0.04488641023635864,-0.05132542923092842,0.13271796703338623,0.17363128066062927,-0.056465283036231995,0.1186862587928772,0.19567769765853882,-0.04514249414205551,0.17935258150100708,0.16018807888031006,-0.015124240890145302,0.20404911041259766,0.09374016523361206,-0.07404449582099915,0.1832919716835022,0.2132837176322937,-0.05574926361441612,0.165377676486969,0.23024410009384155,-0.02851041778922081,0.23613452911376953,0.19995981454849243,-0.036901380866765976,0.2541162967681885,0.1490578055381775,-0.06927984207868576,0.23606336116790771,0.23701417446136475,-0.051061470061540604,0.22044318914413452,0.26298779249191284,-0.028972482308745384
A,0.1671454906463623,0.43914079666137695,-9.265210110243061e-07,0.08108580112457275,0.3912051320075989,-0.04049107804894447,0.01639583706855774,0.23677051067352295,-0.05076786130666733,0.0,0.09745246171951294,-0.06103724241256714,0.011220574378967285,0.0,-0.06111295148730278,0.057079851627349854,0.11044090986251831,0.005773262120783329,0.07580792903900146,0.009149163961410522,-0.05113627016544342,0.08255255222320557,0.10616937279701233,-0.0756012573838234,0.07942116260528564,0.15666517615318298,-0.08204272389411926,0.12207269668579102,0.12338662147521973,0.0027054869569838047,0.14981436729431152,0.03821885585784912,-0.055443063378334045,0.1383395791053772,0.16743800044059753,-0.06273727864027023,0.1217835545539856,0.19191160798072815,-0.05175936222076416,0.18092697858810425,0.15107572078704834,-0.013468279503285885,0.20763099193572998,0.08629843592643738,-0.07495924830436707,0.1884644627571106,0.2065693438053131,-0.057329509407281876,0.1693636178970337,0.22228965163230896,-0.029422633349895477,0.2375093698501587,0.18918627500534058,-0.03349300101399422,0.25518351793289185,0.14376965165138245,-0.06705338507890701,0.2391446828842163,0.23253047466278076,-0.04931357875466347,0.22333693504333496,0.2552490830421448,-0.026872778311371803
A,0.17142027616500854,0.44776639342308044,-9.723172524900292e-07,0.08236920833587646,0.4038722813129425,-0.04439402371644974,0.015168070793151855,0.2454548180103302,-0.05431758612394333,0.0,0.09839752316474915,-0.06363231688737869,0.013490766286849976,0.0,-0.06162252277135849,0.05784732103347778,0.11792555451393127,0.007272981107234955,0.07722103595733643,0.011692166328430176,-0.05147148296236992,0.08310425281524658,0.11925536394119263,-0.07557371258735657,0.08025431632995605,0.1695978343486786,-0.08138065785169601,0.12248116731643677,0.13044220209121704,0.006675818935036659,0.1506323218345642,0.041657835245132446,-0.05606581270694733,0.13835811614990234,0.1798422634601593,-0.06362351030111313,0.12368535995483398,0.2037927508354187,-0.05122615769505501,0.18057852983474731,0.15707793831825256,-0.008039589039981365,0.2095746397972107,0.09013795852661133,-0.07494321465492249,0.18755179643630981,0.2184964418411255,-0.057786568999290466,0.16784465312957764,0.2359670102596283,-0.028138581663370132,0.2378562092781067,0.19257310032844543,-0.026718903332948685,0.2571166157722473,0.14684545993804932,-0.06331361085176468,0.2391754388809204,0.23900309205055237,-0.04694122076034546,0.22183865308761597,0.2621755301952362,-0.024463411420583725
A,0.16023531556129456,0.4477781355381012,-9.297943961428246e-07,0.0701850950717926,0.3990931212902069,-0.0394352525472641,0.010725051164627075,0.24055394530296326,-0.04884336143732071,0.0,0.09806868433952332,-0.05891164019703865,0.008101880550384521,0.0,-0.05848231166601181,0.050895899534225464,0.11714661121368408,0.008204653859138489,0.07255151867866516,0.003200024366378784,-0.04981477931141853,0.0786466896533966,0.10410431027412415,-0.07513269037008286,0.07562926411628723,0.16204550862312317,-0.08111005276441574,0.11409464478492737,0.13159313797950745,0.005776761565357447,0.1444518268108368,0.041449278593063354,-0.05316656455397606,0.13201317191123962,0.17132976651191711,-0.061331603676080704,0.1159726083278656,0.19731789827346802,-0.05060232803225517,0.17126843333244324,0.1597898304462433,-0.009931620210409164,0.20017382502555847,0.09073543548583984,-0.07136787474155426,0.17939618229866028,0.21067649126052856,-0.05474253371357918,0.1594776213169098,0.22919785976409912,-0.027179481461644173,0.22697260975837708,0.1965143382549286,-0.029454832896590233,0.24753698706626892,0.14505073428153992,-0.06189180165529251,0.23030248284339905,0.2306216061115265,-0.04438610374927521,0.21291950345039368,0.25568053126335144,-0.021964211016893387
A,0.16244351863861084,0.4477347731590271,-9.035376820065721e-07,0.06986624002456665,0.3998578190803528,-0.04202711582183838,0.01053166389465332,0.2445889115333557,-0.053329966962337494,0.0,0.10091108083724976,-0.06465892493724823,0.008172690868377686,0.0,-0.06553248316049576,0.051444947719573975,0.11959218978881836,0.0064779059030115604,0.0772901177406311,0.0060433149337768555,-0.05382832512259483,0.08228302001953125,0.10515701770782471,-0.08163090795278549,0.07594239711761475,0.1623227894306183,-0.0891246646642685,0.11358630657196045,0.13448670506477356,0.005021398887038231,0.14850836992263794,0.03805994987487793,-0.057519879192113876,0.13560521602630615,0.16860532760620117,-0.0684426799416542,0.11608916521072388,0.19816270470619202,-0.05924399942159653,0.16915130615234375,0.16079837083816528,-0.009714319370687008,0.20208066701889038,0.08482539653778076,-0.07478421181440353,0.18179059028625488,0.20721539855003357,-0.059093888849020004,0.15869206190109253,0.23061424493789673,-0.03137238696217537,0.2223246693611145,0.19509100914001465,-0.028287244960665703,0.24662268161773682,0.1407124400138855,-0.06292159110307693,0.2305234670639038,0.22982257604599,-0.04556508734822273,0.2104286551475525,0.25894463062286377,-0.022927099838852882
A,0.15678593516349792,0.4497066140174866,-9.539347729514702e-07,0.06620821356773376,0.4081419110298157,-0.04799802601337433,0.007836461067199707,0.24604588747024536,-0.05841109901666641,0.0,0.09809321165084839,-0.06745519489049911,0.01247599720954895,0.0,-0.06447257101535797,0.05388936400413513,0.11786836385726929,0.006606481969356537,0.08609971404075623,0.005500376224517822,-0.0539088174700737,0.0829901397228241,0.11475315690040588,-0.07818305492401123,0.07383027672767639,0.1649770438671112,-0.08340547978878021,0.11497583985328674,0.13444384932518005,0.008374933153390884,0.15286538004875183,0.04014688730239868,-0.05688507854938507,0.1332155168056488,0.17752349376678467,-0.06440704315900803,0.11556479334831238,0.19803333282470703,-0.051668744534254074,0.16835293173789978,0.1620173454284668,-0.004594382829964161,0.20558729767799377,0.08763283491134644,-0.07191742211580276,0.17988929152488708,0.21273520588874817,-0.054764244705438614,0.15799906849861145,0.22720077633857727,-0.025455046445131302,0.22087803483009338,0.19442930817604065,-0.022179920226335526,0.24910500645637512,0.14425253868103027,-0.05829091742634773,0.22911182045936584,0.23484212160110474,-0.04293941333889961,0.2092067301273346,0.25822603702545166,-0.02155628800392151
A,0.14290937781333923,0.44368261098861694,-1.0015249927164405e-06,0.05632928013801575,0.4080914855003357,-0.0462043471634388,3.0428171157836914e-05,0.23649448156356812,-0.05337125062942505,0.0,0.08652788400650024,-0.05920514464378357,0.010575145483016968,0.0,-0.053627487272024155,0.045286208391189575,0.11365962028503418,0.0037480180617421865,0.08168843388557434,0.0016723275184631348,-0.05703551694750786,0.08004829287528992,0.11194542050361633,-0.08015507459640503,0.07071009278297424,0.1669183075428009,-0.08369474858045578,0.10636976361274719,0.13130724430084229,0.00592755526304245,0.14865580201148987,0.04242581129074097,-0.061980556696653366,0.12946757674217224,0.18285953998565674,-0.06861217319965363,0.10885241627693176,0.20563408732414246,-0.05391581356525421,0.1600882112979889,0.157351553440094,-0.0062212953343987465,0.20105943083763123,0.08939254283905029,-0.07539244741201401,0.17455372214317322,0.2179715633392334,-0.0572151318192482,0.14847418665885925,0.23617663979530334,-0.026572708040475845,0.210783451795578,0.18637177348136902,-0.022820329293608665,0.2419222891330719,0.14402014017105103,-0.061128269881010056,0.22312435507774353,0.23817434906959534,-0.04623705893754959,0.2017340362071991,0.26266324520111084,-0.024592744186520576
A,0.1419684886932373,0.4559807926416397,-9.903419595502783e-07,0.051293373107910156,0.4155033379793167,-0.05084793642163277,0.0,0.23845531046390533,-0.05762768164277077,0.0038920044898986816,0.08702574670314789,-0.061523351818323135,0.018530309200286865,0.0,-0.053404927253723145,0.04946392774581909,0.12470526993274689,0.0029778641182929277,0.08953118324279785,0.013204559683799744,-0.05807563662528992,0.08424985408782959,0.12764324247837067,-0.08229116350412369,0.07070237398147583,0.18021388351917267,-0.0866994559764862,0.11012142896652222,0.14397592842578888,0.008607584051787853,0.15203052759170532,0.05202512443065643,-0.059861671179533005,0.13141608238220215,0.19161538779735565,-0.06872443854808807,0.10955071449279785,0.2179187387228012,-0.055647723376750946,0.16290247440338135,0.17095394432544708,-0.0003780974366236478,0.2023589015007019,0.09766755998134613,-0.0698857232928276,0.17637121677398682,0.22622276842594147,-0.05284859985113144,0.14993542432785034,0.24783451855182648,-0.022624734789133072,0.21164065599441528,0.20026837289333344,-0.014098082669079304,0.2418835163116455,0.15399746596813202,-0.05229621380567551,0.22381514310836792,0.24739719927310944,-0.037829749286174774,0.2021309733390808,0.2728046327829361,-0.016397833824157715
A,0.13241103291511536,0.46108417212963104,-9.114015711020329e-07,0.04725882411003113,0.4212905019521713,-0.059030208736658096,0.0,0.24920566380023956,-0.07208792865276337,0.006322771310806274,0.09599505364894867,-0.0805153101682663,0.019331365823745728,0.0,-0.07601003348827362,0.041702836751937866,0.12841634452342987,-0.00722417002543807,0.08888587355613708,0.01786808669567108,-0.0705936849117279,0.08393344283103943,0.12810711562633514,-0.09296783804893494,0.06931975483894348,0.17903022468090057,-0.09514656662940979,0.10068312287330627,0.14567823708057404,0.0028028725646436214,0.15098336338996887,0.05730585753917694,-0.06540916860103607,0.1292777955532074,0.19504378736019135,-0.06937908381223679,0.10592666268348694,0.21120969951152802,-0.05280473083257675,0.1522860825061798,0.16975535452365875,-0.002694276161491871,0.1997828185558319,0.10116665065288544,-0.07386374473571777,0.17175176739692688,0.2279055267572403,-0.054848331958055496,0.1442435085773468,0.24188052117824554,-0.02287670224905014,0.20128944516181946,0.19575189054012299,-0.013498085550963879,0.23644670844078064,0.15081201493740082,-0.054066482931375504,0.21738025546073914,0.2432216852903366,-0.04054020717740059,0.1943308413028717,0.26434753835201263,-0.019130701199173927
A,0.12790045142173767,0.45135605335235596,-8.729643923288677e-07,0.04924789071083069,0.4213075041770935,-0.06368700414896011,0.0,0.2489885687828064,-0.0762435719370842,0.007124513387680054,0.09276068210601807,-0.08311625570058823,0.024245351552963257,0.0,-0.07647344470024109,0.0312630832195282,0.1264714002609253,-0.012090709991753101,0.06706008315086365,0.003406837582588196,-0.077064149081707,0.07104119658470154,0.12072572112083435,-0.09968959540128708,0.06472095847129822,0.17489615082740784,-0.10135401040315628,0.09600749611854553,0.13952508568763733,0.00017425816622562706,0.14091017842292786,0.039516568183898926,-0.07158515602350235,0.12351080775260925,0.18535542488098145,-0.07672275602817535,0.10214152932167053,0.20763283967971802,-0.05894245579838753,0.15194109082221985,0.1618083417415619,-0.003315857145935297,0.19591405987739563,0.09103259444236755,-0.07834330946207047,0.16831359267234802,0.2237393856048584,-0.060004763305187225,0.14123675227165222,0.23945340514183044,-0.0265942495316267,0.20246383547782898,0.18717753887176514,-0.012081006541848183,0.23382392525672913,0.14281079173088074,-0.053758300840854645,0.2164308726787567,0.23737531900405884,-0.03900757059454918,0.19581887125968933,0.2581688165664673,-0.015900233760476112
A,0.12054473161697388,0.46961791813373566,-7.769265835122496e-07,0.03837472200393677,0.42448098957538605,-0.061117175966501236,0.0,0.25700487196445465,-0.07358113676309586,0.013641417026519775,0.10315848886966705,-0.08073705434799194,0.03377389907836914,0.0,-0.07494291663169861,0.010205477476119995,0.15317673981189728,-0.007238553371280432,0.03422892093658447,0.018414556980133057,-0.07476682215929031,0.05062448978424072,0.12875376641750336,-0.10367351025342941,0.05570274591445923,0.19524820148944855,-0.10813002288341522,0.07856529951095581,0.1549212783575058,0.00427011726424098,0.12002545595169067,0.039865776896476746,-0.06900715827941895,0.11306434869766235,0.17786286771297455,-0.08122432976961136,0.09562700986862183,0.21899084746837616,-0.0669918805360794,0.13736891746520996,0.16884656250476837,0.0006178774056024849,0.17859166860580444,0.09154029190540314,-0.07500907778739929,0.15886449813842773,0.2224365621805191,-0.06243164464831352,0.1351107358932495,0.25040851533412933,-0.031031643971800804,0.18992191553115845,0.18879596889019012,-0.008055195212364197,0.22274166345596313,0.14638085663318634,-0.05057501047849655,0.20542901754379272,0.24082814157009125,-0.03829701244831085,0.18233519792556763,0.26719285547733307,-0.01572350040078163
A,0.1082339882850647,0.4803752303123474,-7.849382086533296e-07,0.028493940830230713,0.4276307225227356,-0.06375931948423386,0.0,0.2555970549583435,-0.07627071440219879,0.01928234100341797,0.10308471322059631,-0.08344414085149765,0.033006131649017334,0.0,-0.07741275429725647,0.009730994701385498,0.15009471774101257,-0.003785904962569475,0.036190807819366455,0.01327081024646759,-0.06988225877285004,0.048770129680633545,0.12415409088134766,-0.09750864654779434,0.0505337119102478,0.1891266107559204,-0.10071078687906265,0.07811897993087769,0.1543707251548767,0.009099592454731464,0.11586129665374756,0.037204742431640625,-0.06114201992750168,0.10568463802337646,0.17279210686683655,-0.07174589484930038,0.08838242292404175,0.21157950162887573,-0.05670524016022682,0.13638806343078613,0.17127835750579834,0.0058910781517624855,0.17300868034362793,0.08829891681671143,-0.06637450307607651,0.15120357275009155,0.21681660413742065,-0.05279310792684555,0.12840217351913452,0.24530458450317383,-0.021386899054050446,0.18720746040344238,0.19395840167999268,-0.0028844671323895454,0.21432816982269287,0.1415081024169922,-0.041899826377630234,0.19757628440856934,0.23252549767494202,-0.028038861230015755,0.1777765154838562,0.2598978877067566,-0.0048532504588365555
A,0.11777782440185547,0.48781727254390717,-7.324198350033839e-07,0.037275850772857666,0.43412087857723236,-0.05713759362697601,0.0,0.26361699402332306,-0.0688437670469284,0.011728286743164062,0.10735027492046356,-0.07645003497600555,0.032495319843292236,0.0,-0.07136216759681702,0.002827942371368408,0.1683666855096817,-0.001804012106731534,0.026451408863067627,0.018501535058021545,-0.06559642404317856,0.04717147350311279,0.1231841892004013,-0.0952257364988327,0.05304276943206787,0.19696377217769623,-0.10081561654806137,0.06983906030654907,0.166300430893898,0.008532225154340267,0.11304843425750732,0.03558941185474396,-0.0594368577003479,0.11087977886199951,0.16649101674556732,-0.0730985477566719,0.09195327758789062,0.21943087875843048,-0.06117626279592514,0.1271992325782776,0.17639444768428802,0.004265579394996166,0.17001861333847046,0.08913473784923553,-0.06338527798652649,0.15415185689926147,0.21222595870494843,-0.05192670598626137,0.12869423627853394,0.24952028691768646,-0.02349959686398506,0.17782586812973022,0.19489382207393646,-0.005181892309337854,0.21289676427841187,0.14367054402828217,-0.04116002842783928,0.1968880295753479,0.23405398428440094,-0.028612596914172173,0.1719987392425537,0.26666833460330963,-0.007730579003691673
A,0.11235278844833374,0.5012059509754181,-6.918122608112753e-07,0.04127860069274902,0.43664082884788513,-0.06612657010555267,0.010838806629180908,0.2660677433013916,-0.0795324519276619,0.02568453550338745,0.10950052738189697,-0.08787903189659119,0.039901673793792725,0.0,-0.08205398172140121,0.0,0.17542609572410583,0.003059460548684001,0.02202242612838745,0.028707295656204224,-0.06329501420259476,0.04718780517578125,0.13273900747299194,-0.0931226834654808,0.05622655153274536,0.19854691624641418,-0.09703909605741501,0.06781798601150513,0.17108309268951416,0.018344586715102196,0.11107945442199707,0.0422915518283844,-0.05293421074748039,0.11166948080062866,0.17327436804771423,-0.06761960685253143,0.09450048208236694,0.21847009658813477,-0.05435046926140785,0.12719494104385376,0.18062946200370789,0.01708269864320755,0.17013847827911377,0.0901041328907013,-0.05511074513196945,0.1558437943458557,0.21473225951194763,-0.04535428434610367,0.1308269500732422,0.24934032559394836,-0.015460626222193241,0.17764431238174438,0.19755667448043823,0.010068564675748348,0.20973140001296997,0.1403004229068756,-0.02642969787120819,0.19595348834991455,0.23022392392158508,-0.01380227878689766,0.17365491390228271,0.2628854215145111,0.008649424649775028
A,0.11334705352783203,0.4977390617132187,-6.753172669959895e-07,0.04414665699005127,0.4322458356618881,-0.0696798637509346,0.014884471893310547,0.26351143419742584,-0.08549664914608002,0.03156709671020508,0.1089014858007431,-0.09542521089315414,0.04219919443130493,0.0,-0.09046238660812378,0.0,0.15689899027347565,-0.0010619055246934295,0.034901559352874756,0.022262409329414368,-0.07034182548522949,0.06218838691711426,0.13235555589199066,-0.10254979878664017,0.06825697422027588,0.20033450424671173,-0.10838506370782852,0.06682682037353516,0.15710477530956268,0.015094843693077564,0.1191171407699585,0.04224662482738495,-0.05877033621072769,0.12086707353591919,0.1766466647386551,-0.07465473562479019,0.10090303421020508,0.22023744881153107,-0.06299218535423279,0.12484943866729736,0.17035017907619476,0.014160673134028912,0.17490583658218384,0.09107516705989838,-0.060064010322093964,0.1611383557319641,0.21604056656360626,-0.05037369206547737,0.13373911380767822,0.2485996037721634,-0.021190647035837173,0.1735990047454834,0.19199402630329132,0.007051690015941858,0.2128307819366455,0.1444348841905594,-0.031490206718444824,0.1986370086669922,0.2359439581632614,-0.020100293681025505,0.17297106981277466,0.2669895142316818,0.0012852358631789684
A,0.12021857500076294,0.49034933745861053,-5.848266368957411e-07,0.05534350872039795,0.42329059541225433,-0.08075670897960663,0.03159618377685547,0.2638785094022751,-0.10050959140062332,0.04370039701461792,0.11015744507312775,-0.1117960661649704,0.048097848892211914,0.0,-0.10819879919290543,0.0,0.14612238109111786,-0.006974115502089262,0.03828400373458862,0.01582382619380951,-0.07906666398048401,0.07292187213897705,0.12545572221279144,-0.11554436385631561,0.07919114828109741,0.19704805314540863,-0.1229885071516037,0.06460011005401611,0.14416535198688507,0.0169302299618721,0.11952298879623413,0.03457866609096527,-0.06135148927569389,0.13239461183547974,0.1677233725786209,-0.08309440314769745,0.1122826337814331,0.22010956704616547,-0.07356179505586624,0.12215828895568848,0.14992962777614594,0.023328416049480438,0.17386633157730103,0.07612510025501251,-0.05630894750356674,0.1686462163925171,0.199692502617836,-0.05269390344619751,0.13902521133422852,0.24142195284366608,-0.024900751188397408,0.16788750886917114,0.16383816301822662,0.023364955559372902,0.20940691232681274,0.11765103042125702,-0.019553292542696,0.20036226511001587,0.210081085562706,-0.011208084411919117,0.17201745510101318,0.2500695437192917,0.010417933575809002
A,0.11880087852478027,0.5095894634723663,-5.13835686888342e-07,0.05958300828933716,0.4324668347835541,-0.07741149514913559,0.04140514135360718,0.2685266435146332,-0.09660948067903519,0.057981014251708984,0.11368951201438904,-0.10747919231653214,0.07000243663787842,0.0,-0.10493981838226318,0.0,0.1550980806350708,-0.0043611484579741955,0.05871766805648804,0.029503673315048218,-0.07024987787008286,0.08746272325515747,0.1338641345500946,-0.10524941235780716,0.09031152725219727,0.2109883725643158,-0.11233057826757431,0.0646105408668518,0.15465018153190613,0.02054436504840851,0.13147079944610596,0.03553703427314758,-0.053150493651628494,0.14101773500442505,0.16149139404296875,-0.07578486949205399,0.12285101413726807,0.23276713490486145,-0.06699302792549133,0.12261921167373657,0.16133639216423035,0.02944614179432392,0.18224507570266724,0.07578912377357483,-0.04468092322349548,0.17421120405197144,0.1940237283706665,-0.04423396289348602,0.14575445652008057,0.2557678520679474,-0.018701085820794106,0.16624563932418823,0.17525926232337952,0.032767605036497116,0.2114163637161255,0.11493667960166931,-0.0071084024384617805,0.20056569576263428,0.20433619618415833,-0.000322572304867208,0.17282718420028687,0.2562349736690521,0.020153965801000595
A,0.12076359987258911,0.5103725790977478,-5.589911893366661e-07,0.062458693981170654,0.4338274598121643,-0.08489355444908142,0.04668235778808594,0.2665482759475708,-0.10676591098308563,0.0672609806060791,0.11359080672264099,-0.1187976822257042,0.0862155556678772,0.0,-0.11558518558740616,0.0,0.1550082266330719,-0.009729902260005474,0.05243188142776489,0.028520852327346802,-0.07777080684900284,0.07582640647888184,0.1461760401725769,-0.11130738258361816,0.07742303609848022,0.22073763608932495,-0.11725124716758728,0.06797271966934204,0.15427786111831665,0.01753854937851429,0.13025164604187012,0.029784977436065674,-0.05948098003864288,0.1354886293411255,0.16560772061347961,-0.07922039926052094,0.11686992645263672,0.23142707347869873,-0.06721977889537811,0.12857818603515625,0.16034924983978271,0.027674850076436996,0.18095719814300537,0.06749826669692993,-0.048234786838293076,0.17124474048614502,0.19000041484832764,-0.04303404316306114,0.14398324489593506,0.2449692189693451,-0.013735110871493816,0.173991858959198,0.17269551753997803,0.03137310594320297,0.2104918360710144,0.09908100962638855,-0.006460830103605986,0.19888204336166382,0.1879866123199463,0.004234209191054106,0.1735522747039795,0.23369398713111877,0.027110405266284943
A,0.1234445571899414,0.5176511704921722,-5.524163952941308e-07,0.07078170776367188,0.4331606924533844,-0.08734599500894547,0.05584859848022461,0.2660258114337921,-0.10777625441551208,0.07677870988845825,0.11393806338310242,-0.11790916323661804,0.09198713302612305,0.0,-0.11191980540752411,0.0,0.14473086595535278,0.0003884300822392106,0.06834971904754639,0.03216245770454407,-0.06499383598566055,0.08689725399017334,0.14738479256629944,-0.09742666035890579,0.07981765270233154,0.2120935320854187,-0.10317312180995941,0.06771564483642578,0.14896836876869202,0.030106697231531143,0.13979971408843994,0.03736433386802673,-0.04553617164492607,0.14082157611846924,0.17068061232566833,-0.06508719176054001,0.11579692363739014,0.22895008325576782,-0.0530891939997673,0.12914937734603882,0.15942132472991943,0.041482776403427124,0.18654829263687134,0.07618030905723572,-0.033354148268699646,0.17519652843475342,0.19403910636901855,-0.029909132048487663,0.14313668012619019,0.24323925375938416,-0.0020527634769678116,0.1756685972213745,0.1760440468788147,0.046076443046331406,0.2149977684020996,0.10902431607246399,0.008733540773391724,0.20257443189620972,0.19515830278396606,0.0174380112439394,0.17358577251434326,0.23637673258781433,0.03889305889606476
A,0.1248580813407898,0.519296407699585,-4.119630432342092e-07,0.0686790943145752,0.4362647533416748,-0.08363739401102066,0.05186337232589722,0.27237600088119507,-0.10410214960575104,0.07283574342727661,0.11771675944328308,-0.11498019099235535,0.09011048078536987,0.0,-0.1115582138299942,0.0,0.16856563091278076,-0.0027746621053665876,0.0525059700012207,0.04662448167800903,-0.06844044476747513,0.08475583791732788,0.14858606457710266,-0.10369270294904709,0.092293381690979,0.22102129459381104,-0.11030514538288116,0.06657105684280396,0.16523921489715576,0.026769865304231644,0.13392823934555054,0.0474279522895813,-0.04666557163000107,0.14819371700286865,0.17308339476585388,-0.06996094435453415,0.13308387994766235,0.24313569068908691,-0.060794681310653687,0.12629210948944092,0.16999459266662598,0.03918851539492607,0.18691593408584595,0.08604490756988525,-0.03435709327459335,0.18205219507217407,0.20089390873908997,-0.0362362414598465,0.15487456321716309,0.26102519035339355,-0.011468860320746899,0.1705988049507141,0.1816239356994629,0.04553693160414696,0.21505260467529297,0.12089154124259949,0.008046797476708889,0.20656287670135498,0.2041131556034088,0.01344392355531454,0.1806880235671997,0.2522352337837219,0.03301321342587471
A,0.12913572788238525,0.4988580346107483,-4.5321664288167085e-07,0.0694580078125,0.4284573197364807,-0.08336904644966125,0.049305737018585205,0.26949459314346313,-0.10513557493686676,0.0702289342880249,0.11577063798904419,-0.11768444627523422,0.08703398704528809,0.0,-0.11584323644638062,0.0,0.1626507043838501,-0.00764343561604619,0.04549705982208252,0.04207304120063782,-0.07864288240671158,0.0758628249168396,0.14664703607559204,-0.11492887884378433,0.08082431554794312,0.21436187624931335,-0.12242427468299866,0.06887471675872803,0.15450039505958557,0.017574328929185867,0.1295151710510254,0.03396061062812805,-0.061422910541296005,0.1421816349029541,0.1676439642906189,-0.08313024789094925,0.12425500154495239,0.22839075326919556,-0.072132408618927,0.1303616166114807,0.15692487359046936,0.025423042476177216,0.18510770797729492,0.07045009732246399,-0.05607905611395836,0.180461585521698,0.1985616683959961,-0.052996765822172165,0.1513732671737671,0.25063109397888184,-0.023761719465255737,0.17723000049591064,0.17043247818946838,0.027221912518143654,0.2191823124885559,0.11136692762374878,-0.016649644821882248,0.20975208282470703,0.20455774664878845,-0.007904771715402603,0.1809942126274109,0.24911898374557495,0.01475974079221487
A,0.10693478584289551,0.5068820118904114,-4.734207550427527e-07,0.04468947649002075,0.4359586834907532,-0.08354988694190979,0.024284660816192627,0.2695190906524658,-0.10446792095899582,0.04555988311767578,0.11447951197624207,-0.11532334238290787,0.06080132722854614,0.0,-0.11087745428085327,0.0,0.16766920685768127,-0.010443038307130337,0.03473484516143799,0.029996514320373535,-0.0757284164428711,0.051971375942230225,0.13560202717781067,-0.10631637275218964,0.054707467555999756,0.20244523882865906,-0.11059390008449554,0.06676560640335083,0.1700223684310913,0.017382968217134476,0.12231922149658203,0.041928499937057495,-0.05260978639125824,0.11445450782775879,0.16205254197120667,-0.06842536479234695,0.08925992250442505,0.21217739582061768,-0.05704270675778389,0.12523597478866577,0.18232136964797974,0.027871878817677498,0.17465096712112427,0.0854838490486145,-0.03940841928124428,0.15492337942123413,0.19565165042877197,-0.03228320553898811,0.12431621551513672,0.23830610513687134,-0.005939083639532328,0.17030119895935059,0.1996231973171234,0.031333524733781815,0.20468097925186157,0.1331394612789154,-0.0008059907704591751,0.18821531534194946,0.21363422274589539,0.009378202259540558,0.16195893287658691,0.2499135136604309,0.029301462695002556
A,0.11643648147583008,0.49799129366874695,-5.505971785169095e-07,0.04448670148849487,0.4315798580646515,-0.06269649416208267,0.023604094982147217,0.2610650956630707,-0.07863866537809372,0.04735684394836426,0.10789796710014343,-0.08880456537008286,0.06977236270904541,0.0,-0.08543600887060165,0.0,0.16416090726852417,-0.008315294049680233,0.0409008264541626,0.01641586422920227,-0.07068881392478943,0.06627708673477173,0.12172293663024902,-0.10030320286750793,0.07545298337936401,0.20097962021827698,-0.1061723530292511,0.0718643069267273,0.15997201204299927,0.0047656395472586155,0.1292269229888916,0.022178083658218384,-0.06183910369873047,0.12902647256851196,0.1489865481853485,-0.07640400528907776,0.10989898443222046,0.2107638418674469,-0.06593746691942215,0.13333743810653687,0.17070692777633667,0.003515224438160658,0.1874827742576599,0.06615820527076721,-0.06107984483242035,0.17003434896469116,0.18671756982803345,-0.04928608611226082,0.14131945371627808,0.23644456267356873,-0.021415935829281807,0.18161046504974365,0.19162672758102417,-0.0032564725261181593,0.21903443336486816,0.12741011381149292,-0.03555932641029358,0.20382332801818848,0.21419712901115417,-0.02170119248330593,0.17846143245697021,0.2511530816555023,-0.0006464619073085487
A,0.12349915504455566,0.47954827547073364,-6.828155392213375e-07,0.046585798263549805,0.4210605025291443,-0.0646490603685379,0.015409141778945923,0.25644510984420776,-0.08015421032905579,0.03267639875411987,0.10435903072357178,-0.09012596309185028,0.04718208312988281,0.0,-0.08623044192790985,0.0,0.15049156546592712,-0.008182126097381115,0.03786104917526245,0.011408686637878418,-0.07476067543029785,0.06510025262832642,0.12024492025375366,-0.10524969547986984,0.06884002685546875,0.19376763701438904,-0.11091607809066772,0.06702941656112671,0.14512065052986145,0.005763762630522251,0.11931407451629639,0.028948456048965454,-0.06537429243326187,0.1261729598045349,0.16499170660972595,-0.08055893331766129,0.10477274656295776,0.213412344455719,-0.07003658264875412,0.12569725513458252,0.15081173181533813,0.004670558497309685,0.17647242546081543,0.06671380996704102,-0.06819881498813629,0.16746795177459717,0.19589778780937195,-0.0570387989282608,0.1384798288345337,0.2345188558101654,-0.02810029312968254,0.17487764358520508,0.16696271300315857,-0.001855736249126494,0.21578693389892578,0.11424335837364197,-0.04165422543883324,0.20627224445343018,0.21120986342430115,-0.028715798631310463,0.1798129677772522,0.24820441007614136,-0.006657816469669342
A,0.1162269115447998,0.4732882082462311,-8.802038564681425e-07,0.03867000341415405,0.43238595128059387,-0.0672435536980629,0.0,0.2669975459575653,-0.0853046104311943,0.01008528470993042,0.109479159116745,-0.09736853837966919,0.02298647165298462,0.00530669093132019,-0.09548603743314743,0.009727537631988525,0.1417945921421051,-0.01690036803483963,0.042943596839904785,0.0,-0.0867181122303009,0.054801762104034424,0.12080264091491699,-0.11497222632169724,0.051605820655822754,0.1903807520866394,-0.11925095319747925,0.07583856582641602,0.14214006066322327,-0.0033326942939311266,0.11982011795043945,0.03294217586517334,-0.07700010389089584,0.11285018920898438,0.17988494038581848,-0.0862569585442543,0.09103059768676758,0.21735605597496033,-0.0718642845749855,0.1329209804534912,0.15429866313934326,-0.005512645933777094,0.17446094751358032,0.07124307751655579,-0.07825394719839096,0.15611660480499268,0.20815956592559814,-0.05911809951066971,0.13004016876220703,0.23854869604110718,-0.026074422523379326,0.18226182460784912,0.1751938760280609,-0.013820809312164783,0.2121138572692871,0.1253354251384735,-0.05263078585267067,0.19958192110061646,0.2237604558467865,-0.0364949107170105,0.1795750856399536,0.25234469771385193,-0.012790107168257236
A,0.13872554898262024,0.46159297227859497,-8.205981885112124e-07,0.055670350790023804,0.42190390825271606,-0.06250286847352982,0.0014212429523468018,0.2654597759246826,-0.07958485186100006,0.0,0.1094280481338501,-0.0920683965086937,0.012511640787124634,0.0,-0.0905856192111969,0.008502274751663208,0.14940237998962402,-0.012733574956655502,0.024983972311019897,0.004115164279937744,-0.0815872773528099,0.04945799708366394,0.11563056707382202,-0.11023999750614166,0.05614045262336731,0.18143928050994873,-0.11532106250524521,0.0777028501033783,0.14442545175552368,-0.002524761715903878,0.11413565278053284,0.028426796197891235,-0.07406452298164368,0.11522766947746277,0.1695379912853241,-0.08404043316841125,0.09552237391471863,0.20399212837219238,-0.07107977569103241,0.13844087719917297,0.1540428102016449,-0.007567249704152346,0.17779186367988586,0.06837904453277588,-0.08061741292476654,0.16487392783164978,0.20191004872322083,-0.06271088123321533,0.13932785391807556,0.2292661964893341,-0.030515117570757866,0.19257327914237976,0.17431217432022095,-0.018237140029668808,0.224591463804245,0.12442964315414429,-0.059224266558885574,0.21354332566261292,0.2181374430656433,-0.044139958918094635,0.19196656346321106,0.24463200569152832,-0.021125033497810364
A,0.1509784460067749,0.4507080316543579,-9.257492479264329e-07,0.06514662504196167,0.4114699363708496,-0.06164559721946716,0.005257606506347656,0.25894010066986084,-0.07921202480792999,0.0,0.10358497500419617,-0.09291591495275497,0.013343185186386108,0.0,-0.09335370361804962,0.03025740385055542,0.12306341528892517,-0.006703253835439682,0.061616480350494385,0.0012922883033752441,-0.07428254932165146,0.06892234086990356,0.11614897847175598,-0.10164300352334976,0.06502276659011841,0.17306312918663025,-0.10699137300252914,0.09485727548599243,0.12658986449241638,0.0019423837075009942,0.13658654689788818,0.029423892498016357,-0.06849171966314316,0.12579691410064697,0.17394095659255981,-0.07540392875671387,0.10597878694534302,0.19973501563072205,-0.06047055125236511,0.1521826982498169,0.14139413833618164,-0.005454304162412882,0.19471228122711182,0.0671737790107727,-0.07771027833223343,0.1748971939086914,0.20060741901397705,-0.05873952433466911,0.1514190435409546,0.22339293360710144,-0.026245079934597015,0.2070448398590088,0.16550526022911072,-0.018713174387812614,0.23662513494491577,0.11930811405181885,-0.05918853357434273,0.22335046529769897,0.21352195739746094,-0.044083576649427414,0.20537704229354858,0.23773109912872314,-0.02089880220592022
A,0.178583562374115,0.44418269395828247,-8.540941394130641e-07,0.08256596326828003,0.4096992015838623,-0.06406641751527786,0.012376397848129272,0.2599090337753296,-0.08136652410030365,0.0,0.10283628106117249,-0.09361699968576431,0.012128829956054688,0.0,-0.0921737402677536,0.0390315055847168,0.12733149528503418,-0.007791566662490368,0.0705987811088562,0.005351275205612183,-0.07685032486915588,0.08252209424972534,0.1166771650314331,-0.10688184946775436,0.07810759544372559,0.1791549026966095,-0.1138204038143158,0.10248702764511108,0.1293467879295349,0.0035061114467680454,0.1451764702796936,0.031862080097198486,-0.06958645582199097,0.14175528287887573,0.1734541356563568,-0.08114635199308395,0.12093257904052734,0.2043147087097168,-0.06952335685491562,0.16042804718017578,0.1400597095489502,-0.0010668497998267412,0.2039533257484436,0.06215912103652954,-0.07495568692684174,0.18913376331329346,0.19222989678382874,-0.05909104272723198,0.16299903392791748,0.21698322892189026,-0.02839231677353382,0.21548312902450562,0.16006213426589966,-0.01149829663336277,0.2480257749557495,0.11127516627311707,-0.05301187187433243,0.23782843351364136,0.2048037052154541,-0.03975549712777138,0.21728134155273438,0.2321372628211975,-0.017838623374700546
A,0.19439291954040527,0.42384541034698486,-9.277685535380442e-07,0.0964193344116211,0.4004638195037842,-0.062018055468797684,0.019197165966033936,0.256722092628479,-0.07870258390903473,0.0,0.1033770740032196,-0.09085477143526077,0.01007339358329773,0.0,-0.09020017832517624,0.05215489864349365,0.11610043048858643,-0.0029047271236777306,0.0796968936920166,0.005522727966308594,-0.06590300053358078,0.0873793363571167,0.11794820427894592,-0.09230555593967438,0.08242970705032349,0.16984641551971436,-0.09908487647771835,0.11631804704666138,0.11762663722038269,0.006570093333721161,0.15137922763824463,0.025948286056518555,-0.06124331057071686,0.14689743518829346,0.1685800552368164,-0.06986319273710251,0.1297663450241089,0.1935998797416687,-0.05747796222567558,0.17401015758514404,0.12947869300842285,0.00019144151883665472,0.21051466464996338,0.05380931496620178,-0.07063716650009155,0.1964353322982788,0.1865488886833191,-0.05352938920259476,0.17338716983795166,0.20900878310203552,-0.023324497044086456,0.23103463649749756,0.14957648515701294,-0.01184734795242548,0.2545959949493408,0.10216915607452393,-0.051990147680044174,0.24532848596572876,0.200001060962677,-0.03787585347890854,0.22732669115066528,0.22756052017211914,-0.01628952845931053
A,0.21225303411483765,0.39719128608703613,-1.012645384435018e-06,0.11819911003112793,0.4014018177986145,-0.05658184736967087,0.024448275566101074,0.25564074516296387,-0.07009152323007584,0.0,0.09819647669792175,-0.0786176547408104,0.009193003177642822,0.0,-0.0747627541422844,0.05521458387374878,0.10833096504211426,-0.015483993105590343,0.07898399233818054,0.00020390748977661133,-0.07636904716491699,0.09124860167503357,0.11427029967308044,-0.09736629575490952,0.0859670639038086,0.162969708442688,-0.10166596621274948,0.1194838285446167,0.10740041732788086,-0.008930198848247528,0.15176135301589966,0.019988149404525757,-0.0746103897690773,0.1544867753982544,0.1644500195980072,-0.0783049538731575,0.13543957471847534,0.18372097611427307,-0.06458807736635208,0.17977946996688843,0.11810314655303955,-0.016459204256534576,0.21399635076522827,0.04474759101867676,-0.08734853565692902,0.20728933811187744,0.18144503235816956,-0.06652555614709854,0.18142014741897583,0.20028084516525269,-0.03601133078336716,0.23902368545532227,0.13526499271392822,-0.02875908836722374,0.2616533637046814,0.09120944142341614,-0.07102322578430176,0.25858253240585327,0.1940840780735016,-0.05633110553026199,0.23954063653945923,0.22065705060958862,-0.03569792956113815
A,0.23480969667434692,0.3815954625606537,-1.0388039299868979e-06,0.14106905460357666,0.388273686170578,-0.05123334750533104,0.03840458393096924,0.25605353713035583,-0.06440465152263641,0.0,0.10159340500831604,-0.07427132874727249,0.004971146583557129,0.0,-0.07171997427940369,0.06708016991615295,0.10260379314422607,-0.004729193635284901,0.08152541518211365,0.0010128021240234375,-0.06336580961942673,0.09613591432571411,0.1118062436580658,-0.08316083997488022,0.09340319037437439,0.15535515546798706,-0.08719787746667862,0.13222092390060425,0.09673628211021423,-0.0013536616461351514,0.1543065905570984,0.015468746423721313,-0.06372033059597015,0.16064763069152832,0.16036489605903625,-0.06579390168190002,0.14426767826080322,0.17011088132858276,-0.05097337067127228,0.19481819868087769,0.10319572687149048,-0.012160032987594604,0.217706561088562,0.03699502348899841,-0.07900689542293549,0.21527212858200073,0.1730143427848816,-0.056377965956926346,0.19549351930618286,0.18389186263084412,-0.025112122297286987,0.2578032612800598,0.11403879523277283,-0.027654707431793213,0.27172958850860596,0.07887941598892212,-0.06612132489681244,0.26944905519485474,0.180748850107193,-0.049875110387802124,0.2552247643470764,0.19957497715950012,-0.028286943212151527
A,0.24627017974853516,0.3757116198539734,-1.0392087688160245e-06,0.1490975022315979,0.3830021619796753,-0.05061677098274231,0.04379987716674805,0.25063300132751465,-0.06137183681130409,0.0,0.10156846046447754,-0.06884795427322388,0.0028098225593566895,0.0,-0.06413550674915314,0.06823205947875977,0.09771895408630371,-0.002000104635953903,0.07737994194030762,0.0028248727321624756,-0.0563407763838768,0.09519553184509277,0.11717477440834045,-0.07370823621749878,0.09156745672225952,0.15007799863815308,-0.07807803153991699,0.13548070192337036,0.08929520845413208,0.00048207450890913606,0.1512056589126587,0.011933863162994385,-0.05777956545352936,0.1606762409210205,0.1552913784980774,-0.05916924029588699,0.14629685878753662,0.15666845440864563,-0.04547680914402008,0.20046913623809814,0.09607681632041931,-0.011212886311113834,0.21799343824386597,0.03652846813201904,-0.0757780447602272,0.2187812328338623,0.17075210809707642,-0.05349259451031685,0.20202583074569702,0.1734257936477661,-0.023707512766122818,0.26517027616500854,0.10651388764381409,-0.027596881613135338,0.27393269538879395,0.07195910811424255,-0.06397892534732819,0.274894654750824,0.17389851808547974,-0.047132741659879684,0.2664864659309387,0.18875348567962646,-0.026284150779247284
A,0.2675371766090393,0.3691866993904114,-1.0289868441759609e-06,0.16833263635635376,0.37797582149505615,-0.05478249862790108,0.05376139283180237,0.2501004934310913,-0.06766026467084885,0.0,0.10439500212669373,-0.07674000412225723,0.0010796189308166504,0.0,-0.07278422266244888,0.07208260893821716,0.09538882970809937,-0.004876758437603712,0.07193374633789062,0.0006496906280517578,-0.05962559953331947,0.09862375259399414,0.11438968777656555,-0.07479498535394669,0.09899547696113586,0.14098969101905823,-0.07776541262865067,0.13993370532989502,0.08168721199035645,-0.0010970220901072025,0.14659953117370605,0.0007117390632629395,-0.058870043605566025,0.16675037145614624,0.1485443413257599,-0.05613848194479942,0.1552727222442627,0.14187294244766235,-0.03857996314764023,0.20781058073043823,0.08277681469917297,-0.012318165972828865,0.21754449605941772,0.024738043546676636,-0.07800903171300888,0.2268277406692505,0.16330450773239136,-0.05257788300514221,0.21352612972259521,0.15882179141044617,-0.01964682713150978,0.2771039605140686,0.0876559317111969,-0.028725164011120796,0.27870672941207886,0.054271966218948364,-0.06586501002311707,0.28278595209121704,0.1593419313430786,-0.04763389751315117,0.2770523428916931,0.17173033952713013,-0.025198033079504967
A,0.2687980532646179,0.36098605394363403,-1.2627535852516303e-06,0.1691819429397583,0.38051384687423706,-0.03602893278002739,0.04953685402870178,0.24828672409057617,-0.03859976306557655,0.0014323592185974121,0.09559005498886108,-0.04047609865665436,0.0,0.001893758773803711,-0.03248449042439461,0.07845860719680786,0.09481847286224365,-0.0009745075949467719,0.06904500722885132,0.0,-0.054865892976522446,0.09404897689819336,0.11344292759895325,-0.07224348932504654,0.09701424837112427,0.14528247714042664,-0.07692660391330719,0.14903593063354492,0.08137392997741699,-0.004852932412177324,0.14239782094955444,0.006509006023406982,-0.06128445267677307,0.1620008945465088,0.1508006751537323,-0.06039445847272873,0.15492850542068481,0.15450921654701233,-0.0458853617310524,0.2171109914779663,0.08009949326515198,-0.02112271450459957,0.21357834339141846,0.02286943793296814,-0.08342411369085312,0.22586238384246826,0.1639382541179657,-0.056561123579740524,0.21931040287017822,0.1713254451751709,-0.024764103814959526,0.28578901290893555,0.07903963327407837,-0.04098716750741005,0.27704787254333496,0.05476143956184387,-0.07560043781995773,0.2870450019836426,0.16383928060531616,-0.055182792246341705,0.29069721698760986,0.17965835332870483,-0.032567448914051056
A,0.2753200829029083,0.356489360332489,-1.1859234518851736e-06,0.16702130436897278,0.36416345834732056,-0.038890376687049866,0.05165925621986389,0.23934400081634521,-0.044869959354400635,0.0,0.09871992468833923,-0.05040000379085541,0.0016711950302124023,0.0008828938007354736,-0.04505544528365135,0.0783822238445282,0.09088641405105591,0.00418213801458478,0.06758925318717957,0.0,-0.050539541989564896,0.09454450011253357,0.11331155896186829,-0.0686374232172966,0.0971350371837616,0.14130347967147827,-0.07353248447179794,0.14905676245689392,0.07515183091163635,0.00011810712021542713,0.1426909863948822,0.002536594867706299,-0.056823406368494034,0.16196146607398987,0.14266562461853027,-0.05709180608391762,0.15427252650260925,0.14540335536003113,-0.04268462583422661,0.21801981329917908,0.07338744401931763,-0.017191428691148758,0.21511945128440857,0.019718021154403687,-0.08011817932128906,0.2269974648952484,0.15703085064888,-0.055014364421367645,0.2192012369632721,0.161523699760437,-0.023172248154878616,0.28905168175697327,0.074506014585495,-0.038419514894485474,0.28041109442710876,0.047741204500198364,-0.0716482400894165,0.28744080662727356,0.15445441007614136,-0.05066562443971634,0.2885849177837372,0.17096179723739624,-0.0270493496209383
A,0.2687561511993408,0.3665182590484619,-1.1596596323215635e-06,0.15683597326278687,0.35612916946411133,-0.030227042734622955,0.05285006761550903,0.23460471630096436,-0.037814412266016006,0.003148317337036133,0.10658407211303711,-0.04798728600144386,0.0,0.009996205568313599,-0.048734407871961594,0.08570396900177002,0.09401357173919678,0.00348510779440403,0.05927032232284546,0.0,-0.053295210003852844,0.08501207828521729,0.11240345239639282,-0.07240398228168488,0.09922689199447632,0.14560943841934204,-0.0762488916516304,0.15480256080627441,0.08168327808380127,-0.0058741322718560696,0.1317601203918457,0.00443190336227417,-0.06174180656671524,0.14808446168899536,0.14604386687278748,-0.05877472087740898,0.1582566499710083,0.15418905019760132,-0.041470617055892944,0.2245314121246338,0.08363315463066101,-0.027573786675930023,0.20235615968704224,0.019302457571029663,-0.08757290244102478,0.21112346649169922,0.15658429265022278,-0.05777360498905182,0.22152215242385864,0.1660165786743164,-0.021736962720751762,0.2974886894226074,0.09125447273254395,-0.05272307246923447,0.2707436680793762,0.04857683181762695,-0.08184614032506943,0.2705380916595459,0.152246356010437,-0.05547935888171196,0.28328001499176025,0.1755530834197998,-0.027382083237171173
A,0.2603113055229187,0.38743144273757935,-1.163615024779574e-06,0.14919668436050415,0.3704315423965454,-0.03216986358165741,0.0498996376991272,0.2405376434326172,-0.04038826748728752,0.0029833614826202393,0.11185407638549805,-0.050878532230854034,0.0,0.019121795892715454,-0.05087566375732422,0.07757705450057983,0.09811273217201233,-0.0005150160286575556,0.04804110527038574,0.0,-0.057602737098932266,0.079559326171875,0.11251437664031982,-0.07540018856525421,0.09560102224349976,0.14860889315605164,-0.07795296609401703,0.1500970721244812,0.08686506748199463,-0.008806065656244755,0.1250239610671997,0.017531365156173706,-0.06394017487764359,0.14438021183013916,0.1631462275981903,-0.05820353701710701,0.15316998958587646,0.17063534259796143,-0.03876087814569473,0.22324681282043457,0.0931260883808136,-0.029608765617012978,0.19975626468658447,0.04157903790473938,-0.08879075944423676,0.20740151405334473,0.18262633681297302,-0.05710839852690697,0.21623826026916504,0.19104373455047607,-0.019986649975180626,0.29856252670288086,0.10675203800201416,-0.054216351360082626,0.2713279128074646,0.07840085029602051,-0.08396010845899582,0.26744771003723145,0.1828007698059082,-0.05794490873813629,0.27690809965133667,0.20437896251678467,-0.029813174158334732
A,0.2642773389816284,0.3926587402820587,-1.173878445115406e-06,0.14942097663879395,0.36290648579597473,-0.024641992524266243,0.05402052402496338,0.2381795346736908,-0.03301020711660385,0.00548243522644043,0.1150074303150177,-0.0457746684551239,0.0,0.020588696002960205,-0.048492901027202606,0.08467859029769897,0.09365621209144592,0.01137696485966444,0.04920166730880737,0.0,-0.045524340122938156,0.07631009817123413,0.11164534091949463,-0.06637457758188248,0.09730535745620728,0.15337711572647095,-0.07078273594379425,0.15263253450393677,0.07979881763458252,-4.573955084197223e-05,0.1195792555809021,0.012357085943222046,-0.05540303513407707,0.13953173160552979,0.15653905272483826,-0.05291389301419258,0.15783613920211792,0.17025059461593628,-0.03511962667107582,0.22368603944778442,0.08348625898361206,-0.023537375032901764,0.1917157769203186,0.03455081582069397,-0.08120670914649963,0.20017695426940918,0.1777491271495819,-0.05139710009098053,0.2161804437637329,0.1931138038635254,-0.015055174008011818,0.297859251499176,0.09637713432312012,-0.050401102751493454,0.2606528401374817,0.0816236138343811,-0.07935558259487152,0.2567288875579834,0.1856902837753296,-0.05550844594836235,0.2716376781463623,0.20464006066322327,-0.02852383442223072
A,0.26585477590560913,0.3870047926902771,-1.1279215641479823e-06,0.14971613883972168,0.3537777066230774,-0.023528799414634705,0.054863572120666504,0.2334558367729187,-0.03001716360449791,0.004489481449127197,0.11616376042366028,-0.04138752818107605,0.0,0.019595801830291748,-0.042819488793611526,0.08434510231018066,0.08724409341812134,0.022894155234098434,0.04570496082305908,0.0,-0.028684740886092186,0.07077169418334961,0.1055595874786377,-0.04895475134253502,0.09474605321884155,0.14700692892074585,-0.0538075752556324,0.14816606044769287,0.07224991917610168,0.012656774371862411,0.11152434349060059,0.01048368215560913,-0.038066040724515915,0.13162362575531006,0.14632678031921387,-0.03718918189406395,0.1545388102531433,0.16278919577598572,-0.021100884303450584,0.21550405025482178,0.07569283246994019,-0.0098483357578516,0.1808323860168457,0.03455829620361328,-0.06548350304365158,0.19048678874969482,0.17037513852119446,-0.04070912301540375,0.21036267280578613,0.18927547335624695,-0.007637877017259598,0.28687024116516113,0.090033620595932,-0.035553742200136185,0.24432975053787231,0.07992273569107056,-0.06454671174287796,0.2404293417930603,0.18200933933258057,-0.04415202885866165,0.2558807134628296,0.2062138020992279,-0.019433245062828064
A,0.25513994693756104,0.39651867747306824,-1.1798957757491735e-06,0.13633090257644653,0.3552592098712921,-0.02099151350557804,0.053008854389190674,0.21955528855323792,-0.02519950084388256,0.021926164627075195,0.09614723920822144,-0.0345887653529644,0.0,0.0,-0.034848492592573166,0.08463490009307861,0.068057119846344,0.023906178772449493,0.03824734687805176,0.0012097656726837158,-0.027074843645095825,0.05836242437362671,0.10763132572174072,-0.04711664468050003,0.08285945653915405,0.14834830164909363,-0.050862278789281845,0.14939850568771362,0.05277183651924133,0.012672358192503452,0.10443878173828125,0.013605266809463501,-0.03608798608183861,0.1202312707901001,0.1485268771648407,-0.035610686987638474,0.14635175466537476,0.15856823325157166,-0.02029181830585003,0.21673673391342163,0.05712231993675232,-0.010621392168104649,0.1686689853668213,0.04184088110923767,-0.06494759768247604,0.17750132083892822,0.17556658387184143,-0.041280604898929596,0.2032322883605957,0.1873193085193634,-0.009561029262840748,0.28466910123825073,0.07243621349334717,-0.0370509959757328,0.22924888134002686,0.075845867395401,-0.06510280072689056,0.22450250387191772,0.1778624951839447,-0.044115159660577774,0.24483639001846313,0.19834297895431519,-0.018868522718548775
A,0.24583011865615845,0.4059467911720276,-1.1738070497813169e-06,0.12911224365234375,0.3622363209724426,-0.023957280442118645,0.04404956102371216,0.23500537872314453,-0.03202459588646889,0.010839641094207764,0.10651952028274536,-0.045032452791929245,0.0,0.0,-0.04823727533221245,0.08347606658935547,0.06635922193527222,0.025100354105234146,0.031059980392456055,0.008806049823760986,-0.028041718527674675,0.051796793937683105,0.12256965041160583,-0.049788687378168106,0.07980835437774658,0.1650136113166809,-0.0550893135368824,0.1457112431526184,0.05063050985336304,0.015197549015283585,0.09132623672485352,0.025273889303207397,-0.03524775803089142,0.10737377405166626,0.16061106324195862,-0.03550605848431587,0.1346193552017212,0.17123129963874817,-0.02107533998787403,0.2114582657814026,0.054962158203125,-0.007541145198047161,0.1537145972251892,0.052762895822525024,-0.06473366916179657,0.1634666919708252,0.18781530857086182,-0.04163790121674538,0.19101452827453613,0.20058804750442505,-0.01014537550508976,0.27866578102111816,0.0737467110157013,-0.03375505283474922,0.2126421332359314,0.09309503436088562,-0.06472909450531006,0.21127265691757202,0.19315269589424133,-0.04653238505125046,0.23623228073120117,0.210219144821167,-0.022981759160757065
A,0.24557524919509888,0.4157547354698181,-1.1875143854922499e-06,0.12456220388412476,0.364158570766449,-0.02016592025756836,0.044426679611206055,0.2322225570678711,-0.0249276552349329,0.013657331466674805,0.10543754696846008,-0.03564181551337242,0.0,0.0,-0.0368318110704422,0.08925992250442505,0.06589508056640625,0.032749563455581665,0.03310525417327881,0.01701986789703369,-0.01889674924314022,0.05109906196594238,0.1305306851863861,-0.04066776856780052,0.08033156394958496,0.17284631729125977,-0.04579181224107742,0.14951860904693604,0.053776055574417114,0.021837268024683,0.08726692199707031,0.030757367610931396,-0.028344035148620605,0.10039114952087402,0.1631254255771637,-0.029355142265558243,0.13193607330322266,0.1802087128162384,-0.014865396544337273,0.2116066813468933,0.061076223850250244,-0.0019783563911914825,0.14645743370056152,0.06306815147399902,-0.059851281344890594,0.1535314917564392,0.19623282551765442,-0.03917478397488594,0.1837763786315918,0.21703845262527466,-0.008100287057459354,0.27364617586135864,0.0828220546245575,-0.029013196006417274,0.20062893629074097,0.10187524557113647,-0.060435179620981216,0.1958335041999817,0.1987173855304718,-0.04421591758728027,0.22045350074768066,0.22142598032951355,-0.021413449198007584
A,0.2360970377922058,0.426702082157135,-1.2110580200896948e-06,0.11490529775619507,0.36069995164871216,-0.012393435463309288,0.042199909687042236,0.22825878858566284,-0.01568664237856865,0.013997912406921387,0.10521510243415833,-0.027297988533973694,0.0,0.0,-0.03024594485759735,0.098055899143219,0.06492826342582703,0.04302258789539337,0.0340801477432251,0.025702208280563354,-0.009153320454061031,0.049034833908081055,0.13689067959785461,-0.033980727195739746,0.08125132322311401,0.18187689781188965,-0.041600119322538376,0.15285158157348633,0.05379173159599304,0.02741267904639244,0.07714533805847168,0.03714728355407715,-0.02454415336251259,0.09118473529815674,0.16611632704734802,-0.028995798900723457,0.12721794843673706,0.18682464957237244,-0.01679297536611557,0.21083015203475952,0.06208592653274536,-0.0007806453504599631,0.13036686182022095,0.06817996501922607,-0.05896374210715294,0.1408994197845459,0.19898423552513123,-0.03987925872206688,0.17538607120513916,0.22181808948516846,-0.010091995820403099,0.2685853838920593,0.08722454309463501,-0.03182496875524521,0.1850929856300354,0.11247092485427856,-0.06517837196588516,0.18272477388381958,0.20711994171142578,-0.051229145377874374,0.21077287197113037,0.22829687595367432,-0.02983558177947998
A,0.2285703420639038,0.4151449501514435,-1.1466456726338947e-06,0.11437994241714478,0.34714946150779724,-0.012665822170674801,0.04029226303100586,0.21733376383781433,-0.016382601112127304,0.011081993579864502,0.10209771990776062,-0.028853852301836014,0.0,0.0,-0.03208162263035774,0.10318678617477417,0.05350303649902344,0.04159224405884743,0.03418630361557007,0.016023486852645874,-0.010459530167281628,0.04826897382736206,0.12630513310432434,-0.03414733335375786,0.08248329162597656,0.16777446866035461,-0.04094842076301575,0.15252625942230225,0.04562246799468994,0.02620699629187584,0.0750073790550232,0.03406617045402527,-0.027802960947155952,0.08997279405593872,0.16046354174613953,-0.031185977160930634,0.1296170949935913,0.17417696118354797,-0.01751190610229969,0.20652109384536743,0.05432412028312683,-0.0017950097098946571,0.1259784698486328,0.0633774995803833,-0.061322152614593506,0.13909846544265747,0.19046956300735474,-0.042171139270067215,0.17841744422912598,0.205814927816391,-0.011864131316542625,0.26231878995895386,0.07861098647117615,-0.032739926129579544,0.1820792555809021,0.09888443350791931,-0.06698690354824066,0.18256020545959473,0.18982073664665222,-0.05342943221330643,0.21483486890792847,0.2073671519756317,-0.03193466365337372
A,0.2197440266609192,0.41079384088516235,-1.1390171721359366e-06,0.1080053448677063,0.3460623621940613,-0.009887437336146832,0.03997993469238281,0.21355605125427246,-0.012502792291343212,0.015990257263183594,0.09900039434432983,-0.02390265464782715,0.0,0.0,-0.026477055624127388,0.09967589378356934,0.04165378212928772,0.04233651980757713,0.02348029613494873,0.012388944625854492,-0.010743380524218082,0.037415504455566406,0.11911961436271667,-0.0354313924908638,0.07078558206558228,0.16271555423736572,-0.04197002202272415,0.14880448579788208,0.032782793045043945,0.026338748633861542,0.06310009956359863,0.03648686408996582,-0.02719677798449993,0.08017754554748535,0.16020900011062622,-0.031382832676172256,0.1182478666305542,0.17457276582717896,-0.018147198483347893,0.20109379291534424,0.04312169551849365,-0.0018291017040610313,0.11101990938186646,0.06564092636108398,-0.06203634664416313,0.12894093990325928,0.19223394989967346,-0.044240374118089676,0.16790515184402466,0.2092708945274353,-0.014556114561855793,0.251740038394928,0.0711258053779602,-0.03256435692310333,0.16439855098724365,0.10813155770301819,-0.06926777213811874,0.17121213674545288,0.19866952300071716,-0.05786331370472908,0.2048456072807312,0.21314597129821777,-0.03702786564826965
A,0.22236031293869019,0.4191092550754547,-1.1270458344370127e-06,0.10142791271209717,0.3470657169818878,-0.012769675813615322,0.03872007131576538,0.21332451701164246,-0.017934858798980713,0.015911459922790527,0.099972665309906,-0.03058772161602974,0.0,0.0,-0.034105729311704636,0.11810129880905151,0.030847400426864624,0.038150131702423096,0.029397308826446533,0.020312756299972534,-0.014216524548828602,0.04314178228378296,0.1305367648601532,-0.04087342694401741,0.08142834901809692,0.1675521731376648,-0.05057599022984505,0.1653994917869568,0.026772916316986084,0.02271181158721447,0.06271344423294067,0.03903380036354065,-0.03171199560165405,0.07638663053512573,0.16432157158851624,-0.0370103120803833,0.11806124448776245,0.17627868056297302,-0.02550625614821911,0.21225732564926147,0.04519662261009216,-0.004562078975141048,0.10634821653366089,0.07299977540969849,-0.06585590541362762,0.12027281522750854,0.19882935285568237,-0.04788176342844963,0.1625983715057373,0.21230068802833557,-0.01864360086619854,0.25319772958755493,0.08253520727157593,-0.03470614179968834,0.15494704246520996,0.12107318639755249,-0.07408283650875092,0.15962761640548706,0.20917978882789612,-0.06347296386957169,0.19565248489379883,0.2216050922870636,-0.04318294674158096
A,0.206903338432312,0.40921086072921753,-1.113167286348471e-06,0.09518837928771973,0.33582258224487305,-0.009206287562847137,0.03552567958831787,0.20909970998764038,-0.012379158288240433,0.014275670051574707,0.09828159213066101,-0.02377541922032833,0.0,0.0,-0.026924358680844307,0.10144346952438354,0.032290875911712646,0.044125013053417206,0.022875308990478516,0.012060075998306274,-0.006192300468683243,0.032222867012023926,0.11898010969161987,-0.033048611134290695,0.06457340717315674,0.16441649198532104,-0.04239989072084427,0.15021145343780518,0.02288109064102173,0.02877192199230194,0.05758833885192871,0.03092232346534729,-0.022882608696818352,0.06903731822967529,0.15366047620773315,-0.030898354947566986,0.10595166683197021,0.1767231822013855,-0.02108103409409523,0.19959062337875366,0.03598976135253906,0.0020815380848944187,0.10258287191390991,0.06730806827545166,-0.054567690938711166,0.11655300855636597,0.19082015752792358,-0.04021696001291275,0.15414321422576904,0.21311283111572266,-0.013989327475428581,0.24464142322540283,0.06905752420425415,-0.02715485915541649,0.15124952793121338,0.1116778552532196,-0.06234429031610489,0.15749967098236084,0.19855093955993652,-0.053159117698669434,0.1915186643600464,0.21467983722686768,-0.03426409140229225
A,0.2105543613433838,0.4087405800819397,-1.127225004893262e-06,0.09905743598937988,0.33924347162246704,-0.010630450211465359,0.04081958532333374,0.2090359330177307,-0.01399980392307043,0.01907646656036377,0.09864908456802368,-0.025082668289542198,0.0,0.0,-0.02750326693058014,0.11299318075180054,0.02433636784553528,0.04228173941373825,0.02768838405609131,0.01504051685333252,-0.009194443933665752,0.03836417198181152,0.12228816747665405,-0.03735058382153511,0.0731130838394165,0.16552028059959412,-0.04793598875403404,0.15890979766845703,0.016096770763397217,0.026877861469984055,0.059309422969818115,0.03161841630935669,-0.026095550507307053,0.07222789525985718,0.1549014449119568,-0.033738646656274796,0.1109427809715271,0.17541882395744324,-0.02385365404188633,0.2053769826889038,0.03125500679016113,-3.2785919756861404e-05,0.10293000936508179,0.0643112063407898,-0.058522824198007584,0.11772805452346802,0.18821758031845093,-0.04335937276482582,0.1561746597290039,0.20834720134735107,-0.01658216305077076,0.2466105818748474,0.06682682037353516,-0.029769184067845345,0.1524183750152588,0.11210036277770996,-0.0680791512131691,0.1588781476020813,0.1984291672706604,-0.05985798314213753,0.19288569688796997,0.21247005462646484,-0.04126306250691414
A,0.21356630325317383,0.3947486877441406,-1.0784782489281497e-06,0.09740102291107178,0.3223167061805725,-0.011275586672127247,0.03955894708633423,0.19524359703063965,-0.014817710034549236,0.017099440097808838,0.09235462546348572,-0.02566438540816307,0.0,0.0,-0.027039995416998863,0.11357003450393677,0.01061248779296875,0.04063524305820465,0.02342289686203003,0.0035644173622131348,-0.009854620322585106,0.03707343339920044,0.11378687620162964,-0.03710035979747772,0.07276254892349243,0.147882878780365,-0.048191312700510025,0.159598708152771,0.0024486780166625977,0.02560519240796566,0.053531646728515625,0.021936744451522827,-0.028639856725931168,0.0698843002319336,0.14551600813865662,-0.03521789610385895,0.11053061485290527,0.16178902983665466,-0.024636924266815186,0.20528888702392578,0.01719677448272705,-0.000832682300824672,0.09779316186904907,0.05284622311592102,-0.05697190389037132,0.11528605222702026,0.17645376920700073,-0.0389099158346653,0.15440338850021362,0.1941726803779602,-0.011165288276970387,0.24511921405792236,0.05315008759498596,-0.0307663194835186,0.14950168132781982,0.10470166802406311,-0.06687220931053162,0.1584414839744568,0.18821841478347778,-0.05801013484597206,0.19307565689086914,0.19769567251205444,-0.0394558422267437
A,0.218505859375,0.4000851511955261,-1.1291082273601205e-06,0.1012755036354065,0.32380402088165283,-0.009061348624527454,0.04626953601837158,0.19557112455368042,-0.011820735409855843,0.021815836429595947,0.09366530179977417,-0.022054949775338173,0.0,0.0012971162796020508,-0.023220159113407135,0.1249191164970398,0.009006261825561523,0.04304118454456329,0.030728697776794434,0.009022951126098633,-0.006889684591442347,0.04365265369415283,0.12011492252349854,-0.0355716310441494,0.08052408695220947,0.15486574172973633,-0.04814919829368591,0.16873836517333984,0.0,0.02679423801600933,0.05688196420669556,0.022240161895751953,-0.027525831013917923,0.07339751720428467,0.14837661385536194,-0.035839762538671494,0.11537516117095947,0.1673191785812378,-0.026704395189881325,0.21215277910232544,0.01445627212524414,-0.0004171256732661277,0.09870541095733643,0.049986183643341064,-0.05645047873258591,0.11799079179763794,0.17513644695281982,-0.03914119303226471,0.15879034996032715,0.19392633438110352,-0.012162776663899422,0.2499237060546875,0.05063223838806152,-0.030882850289344788,0.1503767967224121,0.10183143615722656,-0.06806957721710205,0.1616673469543457,0.18502825498580933,-0.05977677181363106,0.19845819473266602,0.1931125521659851,-0.04154125973582268
A,0.2213655710220337,0.3917641043663025,-1.0859272379093454e-06,0.1062731146812439,0.3238363265991211,-0.010620767250657082,0.046485722064971924,0.19878840446472168,-0.014873677864670753,0.020671606063842773,0.09427204728126526,-0.026031747460365295,0.0,0.00035756826400756836,-0.0279283057898283,0.11829930543899536,0.00943058729171753,0.0413309745490551,0.026973366737365723,0.004927963018417358,-0.007376356981694698,0.040093064308166504,0.11405318975448608,-0.034611593931913376,0.07792466878890991,0.14840173721313477,-0.04630469158291817,0.16274666786193848,0.0,0.026484612375497818,0.054131388664245605,0.01972377300262451,-0.025286072865128517,0.07108056545257568,0.14387673139572144,-0.03132622689008713,0.11285221576690674,0.16184723377227783,-0.02113097533583641,0.2074713110923767,0.013095110654830933,0.00048299599438905716,0.0966881513595581,0.049362391233444214,-0.05287232622504234,0.11595207452774048,0.17348086833953857,-0.034038230776786804,0.15622234344482422,0.19256818294525146,-0.006768436636775732,0.2479892373085022,0.047785401344299316,-0.02903287298977375,0.1459619402885437,0.09695661067962646,-0.06432393193244934,0.1577184796333313,0.18160778284072876,-0.05513282120227814,0.19505470991134644,0.19268840551376343,-0.0367002859711647
A,0.22187334299087524,0.3911404311656952,-1.1205926284674206e-06,0.1050257682800293,0.32354530692100525,-0.011253486387431622,0.044093191623687744,0.20004674792289734,-0.015964049845933914,0.019207119941711426,0.09333699941635132,-0.02764897421002388,0.0,0.0,-0.030142871662974358,0.12261009216308594,0.011218398809432983,0.03888639807701111,0.02872443199157715,0.008901745080947876,-0.009532103314995766,0.04034137725830078,0.11756044626235962,-0.03550378605723381,0.07684600353240967,0.1553107500076294,-0.045849330723285675,0.16709470748901367,0.0024280846118927,0.024031255394220352,0.05656057596206665,0.022939950227737427,-0.027463242411613464,0.0731690526008606,0.14742937684059143,-0.032938286662101746,0.11339884996414185,0.16688856482505798,-0.022047581151127815,0.21069228649139404,0.017320364713668823,-0.0018053838284686208,0.09829872846603394,0.05775630474090576,-0.05849170312285423,0.11819440126419067,0.1809324324131012,-0.04123685881495476,0.15900874137878418,0.19924774765968323,-0.013549108989536762,0.2484874129295349,0.053021758794784546,-0.030542967841029167,0.14683228731155396,0.10195162892341614,-0.06775186210870743,0.15729671716690063,0.18580380082130432,-0.05846560001373291,0.19312912225723267,0.19792291522026062,-0.03936062753200531
A,0.2215205430984497,0.3892901539802551,-1.1121603620267706e-06,0.10398566722869873,0.3212404251098633,-0.010710102505981922,0.04352879524230957,0.19688713550567627,-0.015338935889303684,0.018024444580078125,0.09430485963821411,-0.026774492114782333,0.0,0.003087162971496582,-0.028954654932022095,0.12730509042739868,0.007893621921539307,0.03883930295705795,0.030395567417144775,0.00808936357498169,-0.008674254640936852,0.0430944561958313,0.11778557300567627,-0.03460230305790901,0.08120733499526978,0.1502033770084381,-0.0458323173224926,0.1689503788948059,0.0,0.023308105766773224,0.05676203966140747,0.01841488480567932,-0.027647260576486588,0.07296311855316162,0.14420491456985474,-0.032872673124074936,0.11456280946731567,0.16073152422904968,-0.022236445918679237,0.2108992338180542,0.01539844274520874,-0.002928068395704031,0.0971800684928894,0.051465004682540894,-0.0584026537835598,0.11660194396972656,0.17631232738494873,-0.03977271541953087,0.15847468376159668,0.19237154722213745,-0.011986302211880684,0.2484041452407837,0.05201375484466553,-0.03219974413514137,0.14581584930419922,0.09812143445014954,-0.06962889432907104,0.15729224681854248,0.18291258811950684,-0.05959901958703995,0.19563007354736328,0.19394618272781372,-0.04014712572097778
A,0.22000503540039062,0.39133238792419434,-1.10872042569099e-06,0.1026344895362854,0.3207393288612366,-0.008828229270875454,0.04176408052444458,0.19813889265060425,-0.012947946786880493,0.01623481512069702,0.09271684288978577,-0.024580683559179306,0.0,0.0,-0.027219941839575768,0.11525076627731323,0.018884778022766113,0.04336993023753166,0.027980327606201172,0.013215571641921997,-0.004704507067799568,0.040324509143829346,0.12189292907714844,-0.031202534213662148,0.07545477151870728,0.16111207008361816,-0.04211246967315674,0.1587945818901062,0.006926476955413818,0.027549946680665016,0.054352760314941406,0.021243363618850708,-0.024348635226488113,0.0717242956161499,0.14700880646705627,-0.030966831371188164,0.11208361387252808,0.16856399178504944,-0.020243749022483826,0.20415371656417847,0.017514526844024658,0.0008384890970773995,0.09513622522354126,0.05287787318229675,-0.05435044690966606,0.11723136901855469,0.17676633596420288,-0.03730093687772751,0.15874481201171875,0.19605934619903564,-0.009972075931727886,0.24627268314361572,0.04981279373168945,-0.028737109154462814,0.14262831211090088,0.10063505172729492,-0.06526006013154984,0.15851831436157227,0.18332189321517944,-0.05635514855384827,0.19897645711898804,0.19258779287338257,-0.037582237273454666
A,0.22690552473068237,0.38280463218688965,-1.0772895393529325e-06,0.10803288221359253,0.3177604079246521,-0.012871144339442253,0.044418394565582275,0.19640690088272095,-0.01841992512345314,0.016513288021087646,0.09366685152053833,-0.030604064464569092,0.0,0.0012516379356384277,-0.03340265899896622,0.11967200040817261,0.011425882577896118,0.04003900662064552,0.030124664306640625,0.008780121803283691,-0.006779536604881287,0.044363319873809814,0.11623820662498474,-0.03229662775993347,0.08211660385131836,0.14790582656860352,-0.043540600687265396,0.1631394624710083,0.0,0.02597539871931076,0.05643296241760254,0.019102752208709717,-0.02511586993932724,0.07531780004501343,0.14229100942611694,-0.030764024704694748,0.1177096962928772,0.1564425528049469,-0.020274126902222633,0.2078816294670105,0.011560827493667603,0.0007539488724432886,0.0980602502822876,0.047159433364868164,-0.05454879626631737,0.11926192045211792,0.16970807313919067,-0.03650061786174774,0.1617499589920044,0.18427258729934692,-0.009035211056470871,0.24882620573043823,0.04435831308364868,-0.027760464698076248,0.14613860845565796,0.0940433144569397,-0.06538193672895432,0.15965598821640015,0.17701572179794312,-0.056640803813934326,0.19942796230316162,0.18552017211914062,-0.03821868076920509
A,0.2373097538948059,0.3787860572338104,-1.0974748647640808e-06,0.11807841062545776,0.325474351644516,-0.015552503056824207,0.046440839767456055,0.20374199748039246,-0.020909670740365982,0.01571512222290039,0.09819108247756958,-0.03256963938474655,0.0,0.006727784872055054,-0.03409191966056824,0.11568385362625122,0.014639049768447876,0.03813420981168747,0.029225826263427734,0.00818866491317749,-0.010563241317868233,0.04603457450866699,0.11677670478820801,-0.03441870957612991,0.08129960298538208,0.1507282555103302,-0.04314356669783592,0.16229933500289917,0.0,0.025334270671010017,0.06131201982498169,0.018547385931015015,-0.027605393901467323,0.0824083685874939,0.14545521140098572,-0.030739668756723404,0.1235608458518982,0.15770798921585083,-0.01687905378639698,0.20972996950149536,0.008077651262283325,0.000705051061231643,0.10423141717910767,0.041292399168014526,-0.05808055028319359,0.12725096940994263,0.1699410378932953,-0.03864525631070137,0.1697118878364563,0.18427631258964539,-0.008596431463956833,0.2543945908546448,0.0375024676322937,-0.027298051863908768,0.1546667218208313,0.08969053626060486,-0.06765993684530258,0.16924548149108887,0.1767401397228241,-0.058856792747974396,0.20906847715377808,0.18430575728416443,-0.03921365737915039
A,0.247624933719635,0.36801236867904663,-1.1362900522726704e-06,0.13092821836471558,0.32139110565185547,-0.012921287678182125,0.05102574825286865,0.20311254262924194,-0.0164306852966547,0.014794319868087769,0.09599950909614563,-0.0267593115568161,0.0,0.005929291248321533,-0.027275720611214638,0.10667884349822998,0.01921507716178894,0.039125554263591766,0.027593910694122314,0.0011150240898132324,-0.009832538664340973,0.04632401466369629,0.11102291941642761,-0.032526519149541855,0.07906877994537354,0.14765676856040955,-0.03982890769839287,0.15855884552001953,0.0,0.02529900334775448,0.06721526384353638,0.009459853172302246,-0.02876375988125801,0.09042161703109741,0.13659802079200745,-0.032503969967365265,0.1292397379875183,0.1515742838382721,-0.018022587522864342,0.2120327353477478,0.0028338730335235596,-0.0001793683914002031,0.11671441793441772,0.033686816692352295,-0.05863802134990692,0.14186930656433105,0.16219967603683472,-0.04006878286600113,0.1814402937889099,0.17566430568695068,-0.01017738040536642,0.2645137310028076,0.026358962059020996,-0.028551049530506134,0.1700727939605713,0.07978734374046326,-0.06669309735298157,0.18637514114379883,0.1679866909980774,-0.05718225985765457,0.2251110076904297,0.17323267459869385,-0.03736460581421852
A,0.2549291253089905,0.3682986795902252,-1.193170419355738e-06,0.13974732160568237,0.3278462588787079,-0.017141394317150116,0.05276024341583252,0.20989230275154114,-0.02212967537343502,0.012670755386352539,0.09817487001419067,-0.03371705114841461,0.0,0.003684908151626587,-0.03488601744174957,0.11042660474777222,0.023159533739089966,0.036115799099206924,0.0332869291305542,0.0,-0.015300645492970943,0.055416882038116455,0.10984340310096741,-0.03739071264863014,0.08824664354324341,0.14733681082725525,-0.04359792545437813,0.1647810935974121,0.0037660300731658936,0.023506581783294678,0.07919478416442871,0.015458077192306519,-0.03046218678355217,0.10645800828933716,0.14312919974327087,-0.031031737104058266,0.14325767755508423,0.14893966913223267,-0.015164796262979507,0.22110319137573242,0.00597873330116272,-0.0019191467436030507,0.1343555450439453,0.0337882936000824,-0.061480674892663956,0.15974509716033936,0.16325393319129944,-0.039446376264095306,0.19597351551055908,0.17000195384025574,-0.007606634870171547,0.27777671813964844,0.027750670909881592,-0.030697399750351906,0.1909361481666565,0.07262417674064636,-0.06786465644836426,0.2042425274848938,0.16348960995674133,-0.05576048046350479,0.23930156230926514,0.16813066601753235,-0.03486712649464607
A,0.26353102922439575,0.3582748770713806,-1.109877757698996e-06,0.14693385362625122,0.3238450288772583,-0.023224584758281708,0.052362263202667236,0.21233075857162476,-0.030754515901207924,0.0054367780685424805,0.10321572422981262,-0.04306124523282051,0.0,0.008281350135803223,-0.04402541741728783,0.09599900245666504,0.027077406644821167,0.028540972620248795,0.0326685905456543,0.0,-0.02223815768957138,0.06159287691116333,0.11000186204910278,-0.04293282330036163,0.08954375982284546,0.13824054598808289,-0.04905129224061966,0.1540776491165161,0.0046638548374176025,0.019052399322390556,0.08697813749313354,0.010199397802352905,-0.03313126415014267,0.1192094087600708,0.13601893186569214,-0.0313713401556015,0.14934295415878296,0.13704001903533936,-0.0149201899766922,0.216374933719635,0.002709805965423584,-0.0034845403861254454,0.149527907371521,0.026395797729492188,-0.06103779003024101,0.17642253637313843,0.1541646122932434,-0.037125688046216965,0.20694684982299805,0.1575406789779663,-0.004961521830409765,0.28070390224456787,0.019112229347229004,-0.02992301620543003,0.2106403112411499,0.059057146310806274,-0.06374683976173401,0.2198556661605835,0.1558871865272522,-0.049601953476667404,0.2467036247253418,0.1649073362350464,-0.02834908850491047
A,0.274387389421463,0.35645830631256104,-1.0945602753054118e-06,0.15655860304832458,0.32717806100845337,-0.029402723535895348,0.05481120944023132,0.21513187885284424,-0.03796185180544853,0.002399623394012451,0.1015457808971405,-0.0501408688724041,0.0,0.005478173494338989,-0.050781697034835815,0.09311625361442566,0.033593595027923584,0.02407212369143963,0.04224172234535217,0.0,-0.024609655141830444,0.07404640316963196,0.11091053485870361,-0.043694619089365005,0.09761115908622742,0.13317903876304626,-0.0502537339925766,0.15289905667304993,0.00927385687828064,0.017104104161262512,0.10245499014854431,0.0056317150592803955,-0.03276525437831879,0.13257768750190735,0.13564839959144592,-0.02985321544110775,0.15471646189689636,0.13204628229141235,-0.013471716083586216,0.218665212392807,0.006002992391586304,-0.003273496637120843,0.16803213953971863,0.01604551076889038,-0.05834515020251274,0.18952491879463196,0.14778760075569153,-0.03178504481911659,0.21180328726768494,0.14867281913757324,0.0010816804133355618,0.288200706243515,0.02076798677444458,-0.02822989597916603,0.2339751422405243,0.05647280812263489,-0.05894002690911293,0.2389461100101471,0.1531040072441101,-0.04235374554991722,0.25945988297462463,0.15784555673599243,-0.020671404898166656
A,0.2800777554512024,0.358808696269989,-1.1202891982975416e-06,0.16328215599060059,0.34472352266311646,-0.035830359905958176,0.053346455097198486,0.22905296087265015,-0.043909184634685516,0.0008473992347717285,0.10302487015724182,-0.05389532819390297,0.0,0.006093621253967285,-0.051450248807668686,0.08697396516799927,0.05683755874633789,0.016682902351021767,0.047162652015686035,0.0,-0.03162772208452225,0.07967257499694824,0.11555048823356628,-0.047178372740745544,0.09867721796035767,0.13485071063041687,-0.0515022799372673,0.15020376443862915,0.0339510440826416,0.013124875724315643,0.11463415622711182,0.008156776428222656,-0.03608068823814392,0.14278054237365723,0.1471567153930664,-0.029779111966490746,0.1577702760696411,0.1385069191455841,-0.011374043300747871,0.217867910861969,0.030240029096603394,-0.004425897262990475,0.18259602785110474,0.018532633781433105,-0.05935303866863251,0.20166194438934326,0.1546710729598999,-0.029787030071020126,0.21920251846313477,0.15216973423957825,0.004680271726101637,0.2895164489746094,0.03895801305770874,-0.026979496702551842,0.2487965226173401,0.05652123689651489,-0.056774578988552094,0.2516244649887085,0.15657037496566772,-0.03809230029582977,0.26727426052093506,0.16395193338394165,-0.015514587052166462
A,0.28016209602355957,0.360064297914505,-1.0842978781511192e-06,0.16145211458206177,0.3431095778942108,-0.03528827801346779,0.052797287702560425,0.22921738028526306,-0.042737603187561035,1.284480094909668e-05,0.10264676809310913,-0.05249515920877457,0.0,0.006791561841964722,-0.050907306373119354,0.08836698532104492,0.07745999097824097,0.016679763793945312,0.05953049659729004,0.0,-0.03452286869287491,0.09024715423583984,0.11498409509658813,-0.05217823013663292,0.10587364435195923,0.13898831605911255,-0.057145360857248306,0.15471714735031128,0.05832231044769287,0.011173774488270283,0.1302592158317566,0.0029054880142211914,-0.04118252173066139,0.1537836194038391,0.14346975088119507,-0.03872577100992203,0.16396158933639526,0.14033856987953186,-0.022608216851949692,0.2233293056488037,0.055368125438690186,-0.00824766606092453,0.20290613174438477,0.012586712837219238,-0.06609062105417252,0.2155909538269043,0.14910534024238586,-0.03792991861701012,0.22531253099441528,0.15196457505226135,-0.0036172294057905674,0.2961422801017761,0.061450570821762085,-0.03214927390217781,0.27026069164276123,0.04138097167015076,-0.06121766194701195,0.27059561014175415,0.14076456427574158,-0.03881502151489258,0.2808688282966614,0.15529170632362366,-0.013672249391674995
A,0.2870771884918213,0.3581603765487671,-1.143305780715309e-06,0.1758662462234497,0.3635614514350891,-0.04067736491560936,0.056336939334869385,0.24248456954956055,-0.046904273331165314,0.0,0.10257890820503235,-0.052759796380996704,0.004065334796905518,0.005446076393127441,-0.04657599329948425,0.08507168292999268,0.09478333592414856,0.0037177803460508585,0.06105652451515198,0.0,-0.049797605723142624,0.09503883123397827,0.11900445818901062,-0.06595440953969955,0.10700017213821411,0.14246782660484314,-0.07006831467151642,0.1536496877670288,0.07501351833343506,0.0010966637637466192,0.13574224710464478,0.002905935049057007,-0.05627724528312683,0.1604444980621338,0.14984413981437683,-0.054502639919519424,0.16255897283554077,0.14672601222991943,-0.038226429373025894,0.22259873151779175,0.06842589378356934,-0.015125863254070282,0.20916223526000977,0.009538918733596802,-0.07770078629255295,0.22451865673065186,0.15235668420791626,-0.04962514713406563,0.22785305976867676,0.1519295871257782,-0.015321739949285984,0.2953988313674927,0.06569409370422363,-0.03575536608695984,0.27808499336242676,0.04139071702957153,-0.06985299289226532,0.2847719192504883,0.14635106921195984,-0.04912571236491203,0.29292887449264526,0.15683504939079285,-0.02501879446208477
A,0.28242799639701843,0.35118764638900757,-1.2084253739885753e-06,0.17687496542930603,0.36408084630966187,-0.03781558945775032,0.055624812841415405,0.24248117208480835,-0.042427241802215576,0.0,0.09702560305595398,-0.04676686227321625,0.0025734305381774902,0.0015467405319213867,-0.04067691043019295,0.08402174711227417,0.09274652600288391,-0.0003286834398750216,0.06615146994590759,0.0,-0.05295445770025253,0.09767702221870422,0.11772105097770691,-0.06888717412948608,0.10642406344413757,0.14374160766601562,-0.07331732660531998,0.1544184386730194,0.07579794526100159,-0.004608246963471174,0.1381112039089203,0.00030809640884399414,-0.06187020242214203,0.16168782114982605,0.14709559082984924,-0.061396416276693344,0.16237059235572815,0.1488955318927765,-0.046859972178936005,0.22397932410240173,0.07100477814674377,-0.02142251655459404,0.21120360493659973,0.006816774606704712,-0.08401478826999664,0.22578588128089905,0.14970120787620544,-0.057383954524993896,0.22632595896720886,0.15424877405166626,-0.02498769573867321,0.296882301568985,0.06686529517173767,-0.042096029967069626,0.2796056568622589,0.037477076053619385,-0.076651930809021,0.2872563898563385,0.14389318227767944,-0.05629844591021538,0.29339584708213806,0.1592283844947815,-0.033250708132982254
A,0.28013813495635986,0.3573395609855652,-1.1829089316961472e-06,0.17366468906402588,0.36806756258010864,-0.03884316235780716,0.054745614528656006,0.2435881495475769,-0.043782591819763184,0.0,0.09863665699958801,-0.04800299555063248,0.002697169780731201,0.0,-0.041268523782491684,0.08271148800849915,0.09461233019828796,0.0014404983958229423,0.06521070003509521,0.0032033026218414307,-0.04969526082277298,0.09746551513671875,0.1190674901008606,-0.06448811292648315,0.10645484924316406,0.14496034383773804,-0.06802249699831009,0.15277475118637085,0.07683202624320984,-0.0018247802508994937,0.13892316818237305,0.0014177560806274414,-0.05582347884774208,0.16208094358444214,0.14764928817749023,-0.05329522863030434,0.1613912582397461,0.15004870295524597,-0.0376347079873085,0.22246837615966797,0.07346281409263611,-0.017865922302007675,0.21112680435180664,0.008937835693359375,-0.07880432158708572,0.22533220052719116,0.1510791778564453,-0.05175985023379326,0.22570371627807617,0.15682333707809448,-0.019000468775629997,0.2954787015914917,0.07268410921096802,-0.037783995270729065,0.2789037823677063,0.04164564609527588,-0.07171952724456787,0.28583770990371704,0.14861154556274414,-0.05095461755990982,0.29142868518829346,0.16563385725021362,-0.027279147878289223
A,0.27867817878723145,0.3576255440711975,-1.1773977348639164e-06,0.17079490423202515,0.36605626344680786,-0.03697730228304863,0.053298741579055786,0.24172359704971313,-0.0409400574862957,0.0,0.09606385231018066,-0.044355206191539764,0.002996206283569336,0.0,-0.03695707395672798,0.08228704333305359,0.09735336899757385,0.00075769261457026,0.06754624843597412,0.0036125481128692627,-0.05060172453522682,0.09820282459259033,0.12008365988731384,-0.06559539586305618,0.10487180948257446,0.1455657184123993,-0.0694156065583229,0.15278911590576172,0.0815020203590393,-0.0034227129071950912,0.13953852653503418,0.0014559626579284668,-0.058289363980293274,0.1616978645324707,0.14858978986740112,-0.05675560235977173,0.15992289781570435,0.1506609320640564,-0.041843876242637634,0.22216683626174927,0.07814523577690125,-0.020001374185085297,0.21416699886322021,0.010291904211044312,-0.08092941343784332,0.22703570127487183,0.15258380770683289,-0.05438398942351341,0.22530966997146606,0.15829217433929443,-0.022229697555303574,0.294313907623291,0.07665154337882996,-0.04031362384557724,0.28283560276031494,0.040407270193099976,-0.07357341051101685,0.2893083691596985,0.14577871561050415,-0.05293666943907738,0.2938110828399658,0.16208606958389282,-0.029761532321572304
A,0.28415971994400024,0.3537400960922241,-1.1468690672700177e-06,0.17626112699508667,0.36656010150909424,-0.04239971190690994,0.05522775650024414,0.24323433637619019,-0.04765472933650017,0.0,0.09756800532341003,-0.05136837065219879,0.0009008646011352539,0.0,-0.04330497980117798,0.0809846818447113,0.09834504127502441,0.0005691670812666416,0.06734108924865723,0.0025326013565063477,-0.05200241506099701,0.1001558005809784,0.11889874935150146,-0.06654585897922516,0.10629633069038391,0.14458659291267395,-0.06942707300186157,0.1520606279373169,0.08084452152252197,-0.0009132007253356278,0.14188605546951294,0.0004038214683532715,-0.05773264542222023,0.16544759273529053,0.14762505888938904,-0.05608877167105675,0.15974336862564087,0.1478753685951233,-0.040051013231277466,0.22139126062393188,0.07567709684371948,-0.015793288126587868,0.2152157425880432,0.009838223457336426,-0.0789964571595192,0.22963839769363403,0.15144658088684082,-0.05371629819273949,0.22435659170150757,0.15279987454414368,-0.021470192819833755,0.29356783628463745,0.07140210270881653,-0.034799735993146896,0.2840198874473572,0.037830889225006104,-0.06969524174928665,0.2925698161125183,0.14122945070266724,-0.050798386335372925,0.29603344202041626,0.15300127863883972,-0.028322115540504456
A,0.2835238575935364,0.3644210994243622,-1.1171897540407372e-06,0.17312437295913696,0.37241026759147644,-0.0408647358417511,0.055880606174468994,0.2490629255771637,-0.047217950224876404,0.0,0.10128664970397949,-0.052773259580135345,0.0006104111671447754,0.0,-0.046933408826589584,0.08381623029708862,0.1009761393070221,0.003180289873853326,0.07194703817367554,0.0027301013469696045,-0.05024215579032898,0.10159391164779663,0.11641868948936462,-0.06638827919960022,0.10619103908538818,0.14422842860221863,-0.07023832947015762,0.15545129776000977,0.08635818958282471,0.0001372683618683368,0.14564496278762817,0.003044724464416504,-0.05582686513662338,0.1672711968421936,0.14892303943634033,-0.05498542636632919,0.16173827648162842,0.14890053868293762,-0.039743728935718536,0.22478187084197998,0.0846414864063263,-0.016323653981089592,0.21810269355773926,0.014684289693832397,-0.07832006365060806,0.2301245927810669,0.15371060371398926,-0.05319882556796074,0.22454237937927246,0.15568658709526062,-0.021369872614741325,0.2966093420982361,0.0843839943408966,-0.03692754730582237,0.2869376540184021,0.04632064700126648,-0.07013603299856186,0.29318898916244507,0.1484432816505432,-0.05014414340257645,0.29633092880249023,0.16121652722358704,-0.02707941085100174
A,0.2808268070220947,0.37602686882019043,-1.0865184094654978e-06,0.17074614763259888,0.3697388172149658,-0.03896365314722061,0.056696295738220215,0.24572014808654785,-0.046803753823041916,0.002209901809692383,0.10335323214530945,-0.0551476776599884,0.0,0.0024793148040771484,-0.05162394046783447,0.08641433715820312,0.09460282325744629,0.008037196472287178,0.07104635238647461,0.0,-0.04542960971593857,0.10294774174690247,0.11216652393341064,-0.06083684787154198,0.11173489689826965,0.1398293375968933,-0.06352949887514114,0.15826457738876343,0.07980775833129883,0.0028834729455411434,0.14566081762313843,0.0005330741405487061,-0.0529162622988224,0.16835927963256836,0.14795762300491333,-0.05015208199620247,0.16553914546966553,0.1457677185535431,-0.03252125531435013,0.22876763343811035,0.08013483881950378,-0.016058556735515594,0.2188194990158081,0.014885663986206055,-0.07707564532756805,0.23007923364639282,0.153524249792099,-0.048974066972732544,0.22667241096496582,0.15231654047966003,-0.0144284563139081,0.30082809925079346,0.08540740609169006,-0.039274029433727264,0.2876241207122803,0.05118155479431152,-0.07065670937299728,0.2916156053543091,0.14997485280036926,-0.048157427459955215,0.2963241934776306,0.15772104263305664,-0.022862736135721207
A,0.2879179120063782,0.38652169704437256,-1.057826239048154e-06,0.17600876092910767,0.3790794014930725,-0.03966471552848816,0.06366610527038574,0.25132596492767334,-0.047183070331811905,0.009518533945083618,0.1106221079826355,-0.05519739165902138,0.0,0.010478079319000244,-0.05141914635896683,0.0888565182685852,0.10225030779838562,0.011451808735728264,0.07525968551635742,0.003466486930847168,-0.0398649238049984,0.10601770877838135,0.11611437797546387,-0.05609898641705513,0.11379539966583252,0.14471399784088135,-0.060051076114177704,0.1593095064163208,0.08554592728614807,0.006574840284883976,0.14828425645828247,0.0,-0.04736437276005745,0.16806316375732422,0.1439473032951355,-0.046862583607435226,0.1658063530921936,0.14495855569839478,-0.03155843913555145,0.22892355918884277,0.08527743816375732,-0.012207415886223316,0.2224244475364685,0.011195182800292969,-0.07159723341464996,0.23242002725601196,0.14667260646820068,-0.04609962925314903,0.2292380928993225,0.14891323447227478,-0.01391872949898243,0.30112963914871216,0.09040060639381409,-0.035416129976511,0.2923220992088318,0.04701241850852966,-0.0658908411860466,0.2945792078971863,0.14454424381256104,-0.044802796095609665,0.2971718907356262,0.15702614188194275,-0.021122315898537636
A,0.28582629561424255,0.3863704800605774,-1.0587228871372645e-06,0.17584660649299622,0.37575429677963257,-0.040555622428655624,0.06581419706344604,0.25125348567962646,-0.049520622938871384,0.009564042091369629,0.11351031064987183,-0.05891230329871178,0.0,0.012740403413772583,-0.05654776096343994,0.09173715114593506,0.10170546174049377,0.009816271252930164,0.0745609700679779,0.0016093850135803223,-0.04195652902126312,0.10647121071815491,0.11486130952835083,-0.05877351760864258,0.11583641171455383,0.14371490478515625,-0.06299479305744171,0.16184332966804504,0.08588331937789917,0.005511150229722261,0.14705577492713928,0.0,-0.048270586878061295,0.16798928380012512,0.1432989239692688,-0.0481477715075016,0.16683140397071838,0.14486157894134521,-0.03338901698589325,0.23143461346626282,0.08606120944023132,-0.012526802718639374,0.21998068690299988,0.009710311889648438,-0.07109390944242477,0.23211738467216492,0.1460149586200714,-0.04432668909430504,0.23129889369010925,0.149308443069458,-0.011473206803202629,0.3036629259586334,0.09129798412322998,-0.03506600484251976,0.2902431786060333,0.045506030321121216,-0.0648440271615982,0.29418495297431946,0.14279991388320923,-0.04237327724695206,0.2995973527431488,0.15497830510139465,-0.017671337351202965
A,0.28762441873550415,0.38710445165634155,-1.0554999789746944e-06,0.17636871337890625,0.3765544891357422,-0.03785237297415733,0.06362870335578918,0.25131988525390625,-0.04569072276353836,0.007783710956573486,0.11167111992835999,-0.054951004683971405,0.0,0.009271353483200073,-0.05289759486913681,0.08925920724868774,0.10326635837554932,0.014951416291296482,0.07231160998344421,0.0017139315605163574,-0.03897026926279068,0.10302808880805969,0.10730326175689697,-0.058585602790117264,0.11250391602516174,0.14293834567070007,-0.0635930597782135,0.15879303216934204,0.08534333109855652,0.009127669036388397,0.1443849802017212,0.0,-0.04521389678120613,0.16648638248443604,0.13734260201454163,-0.046678993850946426,0.1640012264251709,0.14565560221672058,-0.03259363770484924,0.22827106714248657,0.08283770084381104,-0.01074864063411951,0.21761155128479004,0.006611287593841553,-0.06971275806427002,0.23254603147506714,0.1400001347064972,-0.04384877160191536,0.23013198375701904,0.14951905608177185,-0.011329755187034607,0.30096161365509033,0.08702442049980164,-0.03506363183259964,0.2894161343574524,0.040304869413375854,-0.06592817604541779,0.29559093713760376,0.13723468780517578,-0.0441734679043293,0.2991347312927246,0.15311577916145325,-0.01966240257024765
A,0.28511911630630493,0.38756006956100464,-1.0790299711516127e-06,0.17420804500579834,0.373821496963501,-0.037299007177352905,0.06393447518348694,0.2515806555747986,-0.045464206486940384,0.007633239030838013,0.11624705791473389,-0.05488785356283188,0.0,0.014010190963745117,-0.05267638713121414,0.08661875128746033,0.10131654143333435,0.015506189316511154,0.0688287615776062,0.0030867457389831543,-0.037289053201675415,0.10036423802375793,0.11524122953414917,-0.05721390247344971,0.11115717887878418,0.1504318118095398,-0.06320752203464508,0.1560867428779602,0.08330473303794861,0.009532385505735874,0.13903123140335083,0.0,-0.0447121188044548,0.16135817766189575,0.13893139362335205,-0.04754316061735153,0.16286522150039673,0.14790970087051392,-0.03481035307049751,0.22591662406921387,0.08177962899208069,-0.010070239193737507,0.2130274772644043,0.0067510902881622314,-0.06818629801273346,0.22651726007461548,0.14110824465751648,-0.042679790407419205,0.22633486986160278,0.15175217390060425,-0.01056224200874567,0.2990722060203552,0.086790531873703,-0.03401199355721474,0.2837868928909302,0.038432031869888306,-0.06358102709054947,0.28796643018722534,0.13623255491256714,-0.041053224354982376,0.2925446629524231,0.1537649929523468,-0.016081398352980614
A,0.2852810025215149,0.38859835267066956,-1.0702671033868683e-06,0.17453187704086304,0.3751924932003021,-0.04071144387125969,0.06479465961456299,0.25167742371559143,-0.05020591616630554,0.007535099983215332,0.11426660418510437,-0.06030002981424332,0.0,0.010973840951919556,-0.058267150074243546,0.08531132340431213,0.10225003957748413,0.013357729651033878,0.06911492347717285,0.005053013563156128,-0.039096586406230927,0.10216206312179565,0.117424875497818,-0.057785678654909134,0.11100223660469055,0.14763078093528748,-0.06342202425003052,0.15416103601455688,0.0831223726272583,0.008851980790495872,0.13846778869628906,0.0,-0.04533376917243004,0.16228163242340088,0.14146292209625244,-0.04680440202355385,0.1616695523262024,0.14483141899108887,-0.03308332711458206,0.2245287299156189,0.08101904392242432,-0.009638543240725994,0.2129775881767273,0.0044464170932769775,-0.06818636506795883,0.22650068998336792,0.14081889390945435,-0.04157620668411255,0.22430658340454102,0.14768889546394348,-0.008717566728591919,0.29811394214630127,0.08561825752258301,-0.03282032907009125,0.28394168615341187,0.0400824248790741,-0.06302270293235779,0.28861546516418457,0.13718128204345703,-0.040695786476135254,0.29266059398651123,0.15029016137123108,-0.015801643952727318
A,0.28905025124549866,0.3750185966491699,-1.0819745739354403e-06,0.1766699254512787,0.3631804585456848,-0.03710409253835678,0.06626918911933899,0.24632322788238525,-0.0450899563729763,0.009006351232528687,0.11140376329421997,-0.05439571663737297,0.0,0.011174440383911133,-0.05217114835977554,0.08951741456985474,0.10075312852859497,0.015558827668428421,0.0711098313331604,0.0022543668746948242,-0.03752318024635315,0.10371050238609314,0.11373651027679443,-0.056881848722696304,0.1124681830406189,0.14577427506446838,-0.06239905208349228,0.15823397040367126,0.08237555623054504,0.010140342637896538,0.14123955368995667,0.0,-0.04495541751384735,0.16579380631446838,0.1396235227584839,-0.047533370554447174,0.1644616425037384,0.1461924910545349,-0.03462476283311844,0.22661378979682922,0.07768601179122925,-0.008943933993577957,0.2136135995388031,0.0028453469276428223,-0.06832188367843628,0.22987046837806702,0.13753673434257507,-0.04308890178799629,0.22787997126579285,0.14687809348106384,-0.010891655460000038,0.2980811297893524,0.07807448506355286,-0.03222415968775749,0.2844509780406952,0.031866222620010376,-0.06227802485227585,0.2917761504650116,0.12809649109840393,-0.04040088132023811,0.2961983382701874,0.14307379722595215,-0.015881618484854698
A,0.2902335822582245,0.37705567479133606,-1.058348630067485e-06,0.1788497269153595,0.36791935563087463,-0.03558957576751709,0.06751877069473267,0.24740299582481384,-0.04250241443514824,0.009918421506881714,0.11284339427947998,-0.05100995674729347,0.0,0.012694746255874634,-0.04851888492703438,0.08887076377868652,0.10451334714889526,0.015491966158151627,0.07010558247566223,0.004663050174713135,-0.036885153502225876,0.10377714037895203,0.11208924651145935,-0.05655970796942711,0.11434835195541382,0.14733663201332092,-0.062239114195108414,0.1578117311000824,0.08397772908210754,0.009603464044630527,0.13951215147972107,0.0,-0.044715963304042816,0.1650952398777008,0.13448718190193176,-0.04839905723929405,0.16602346301078796,0.14379823207855225,-0.036246418952941895,0.22703883051872253,0.0789397656917572,-0.009579140692949295,0.21277090907096863,0.002887815237045288,-0.06740085035562515,0.22978153824806213,0.13266003131866455,-0.043431833386421204,0.22969087958335876,0.1428929567337036,-0.012445847503840923,0.29938963055610657,0.07957258820533752,-0.032876960933208466,0.28472861647605896,0.033545881509780884,-0.06208363175392151,0.29172226786613464,0.12784644961357117,-0.041083384305238724,0.2969190776348114,0.14350387454032898,-0.01754504069685936
A,0.283724308013916,0.3773687183856964,-1.0680545301511302e-06,0.17072314023971558,0.36445215344429016,-0.033994175493717194,0.060194194316864014,0.2454652488231659,-0.040525808930397034,0.005556195974349976,0.11273333430290222,-0.048914842307567596,0.0,0.01259729266166687,-0.046054907143116,0.08297267556190491,0.1011762022972107,0.017343217507004738,0.06501880288124084,0.004519671201705933,-0.033862125128507614,0.09718239307403564,0.11288639903068542,-0.05336938425898552,0.10704976320266724,0.14676567912101746,-0.059331826865673065,0.15182316303253174,0.08098790049552917,0.010749445296823978,0.13502317667007446,0.0,-0.04092789813876152,0.15925508737564087,0.13410022854804993,-0.043358251452445984,0.1592894196510315,0.14319777488708496,-0.031184501945972443,0.22175300121307373,0.07703366875648499,-0.008990888483822346,0.20707404613494873,0.0011897385120391846,-0.0640309676527977,0.22379446029663086,0.13026517629623413,-0.03885675221681595,0.22414898872375488,0.1411619484424591,-0.007934938184916973,0.29473620653152466,0.0800885260105133,-0.032923486083745956,0.27867621183395386,0.035646647214889526,-0.06061025336384773,0.2851048707962036,0.1291777789592743,-0.03893747925758362,0.29028427600860596,0.1443537175655365,-0.015214215032756329
A,0.28447866439819336,0.3720840811729431,-1.0582790537227993e-06,0.17419475317001343,0.3593686819076538,-0.03493238240480423,0.061624348163604736,0.24190998077392578,-0.042130663990974426,0.006081610918045044,0.10840871930122375,-0.05167127773165703,0.0,0.009129166603088379,-0.0496642105281353,0.08288413286209106,0.09678742289543152,0.01846853457391262,0.06418880820274353,0.0032315850257873535,-0.0321902371942997,0.09835037589073181,0.11193671822547913,-0.04847520962357521,0.10645467042922974,0.13738024234771729,-0.05217225104570389,0.15151888132095337,0.07800889015197754,0.012213525362312794,0.13434135913848877,0.0,-0.040475767105817795,0.16072523593902588,0.1385481059551239,-0.039944861084222794,0.15774613618850708,0.13605090975761414,-0.024734318256378174,0.22118330001831055,0.07390987873077393,-0.007615154143422842,0.20656901597976685,0.000995248556137085,-0.06659427285194397,0.22509020566940308,0.1335444450378418,-0.039726004004478455,0.22423017024993896,0.13740339875221252,-0.006135876756161451,0.29351651668548584,0.07536756992340088,-0.03150591626763344,0.2780190706253052,0.02842789888381958,-0.06209331378340721,0.284981906414032,0.12421000003814697,-0.03973173722624779,0.29001426696777344,0.13958340883255005,-0.01444211509078741
A,0.2853083610534668,0.37272584438323975,-1.077340812116745e-06,0.17313909530639648,0.36461853981018066,-0.03294011205434799,0.06189841032028198,0.2448331117630005,-0.03842250257730484,0.006523728370666504,0.10830467939376831,-0.04575579985976219,0.0,0.008969128131866455,-0.04207686707377434,0.08459562063217163,0.10324376821517944,0.015254124067723751,0.06701213121414185,0.0022827982902526855,-0.0362979955971241,0.09950751066207886,0.11279362440109253,-0.0540769025683403,0.10811853408813477,0.1440081000328064,-0.05885592848062515,0.15369105339050293,0.08433449268341064,0.008489919826388359,0.13658922910690308,0.0,-0.044853296130895615,0.16089487075805664,0.13811466097831726,-0.045923370867967606,0.16054105758666992,0.14320921897888184,-0.032364606857299805,0.22305971384048462,0.08059954643249512,-0.01124744862318039,0.2097032070159912,0.004058480262756348,-0.06889055669307709,0.22636038064956665,0.13698405027389526,-0.04300208017230034,0.2264121174812317,0.14492303133010864,-0.0109123345464468,0.2951223850250244,0.08184170722961426,-0.034873731434345245,0.2810859680175781,0.03721711039543152,-0.06392651051282883,0.28802162408828735,0.13311722874641418,-0.04217815771698952,0.29364991188049316,0.14752116799354553,-0.018184859305620193
A,0.2806401252746582,0.3759387135505676,-1.0680927289286046e-06,0.17090076208114624,0.3637616038322449,-0.03621286153793335,0.061195552349090576,0.24628090858459473,-0.04426765814423561,0.006821930408477783,0.11032620072364807,-0.053719401359558105,0.0,0.009411096572875977,-0.051604967564344406,0.08313298225402832,0.09895563125610352,0.013999847695231438,0.0653684139251709,0.0035037994384765625,-0.03866279497742653,0.09800538420677185,0.11283919215202332,-0.05669216811656952,0.10587531328201294,0.13944873213768005,-0.06168508902192116,0.15117061138153076,0.0810917317867279,0.007922729477286339,0.13427668809890747,0.0,-0.04626956582069397,0.15984183549880981,0.1383175253868103,-0.04672866314649582,0.1581822633743286,0.13695931434631348,-0.03252580016851425,0.2202986478805542,0.07858619093894958,-0.011708235368132591,0.2070888876914978,0.006154298782348633,-0.07078467309474945,0.22351258993148804,0.13794636726379395,-0.04438943415880203,0.2220037579536438,0.13982805609703064,-0.011669768020510674,0.2923330068588257,0.08123084902763367,-0.03555901348590851,0.2769940495491028,0.0369587242603302,-0.06541916728019714,0.2829388976097107,0.13336056470870972,-0.043210554867982864,0.28759145736694336,0.14636832475662231,-0.018668850883841515
A,0.28059840202331543,0.37683719396591187,-1.0636185834300704e-06,0.1709631085395813,0.36620640754699707,-0.03483782708644867,0.05964553356170654,0.24423009157180786,-0.041148316115140915,0.005275070667266846,0.10805344581604004,-0.04892564192414284,0.0,0.00813266634941101,-0.045307159423828125,0.08346837759017944,0.10049539804458618,0.014249720610678196,0.0671878457069397,0.0008507370948791504,-0.037594009190797806,0.09833192825317383,0.11047810316085815,-0.05476125702261925,0.10662031173706055,0.14056435227394104,-0.05894163250923157,0.1527048945426941,0.0829937756061554,0.008183099329471588,0.13749152421951294,0.0,-0.045535776764154434,0.16072523593902588,0.13832393288612366,-0.04576653614640236,0.1597234010696411,0.1404658555984497,-0.031155725941061974,0.22160488367080688,0.08074808120727539,-0.011204170994460583,0.2098751664161682,0.009602665901184082,-0.06918761134147644,0.2252025604248047,0.1415090560913086,-0.043005600571632385,0.22421914339065552,0.14500030875205994,-0.01045509334653616,0.29277169704437256,0.08318814635276794,-0.03467988222837448,0.2791815996170044,0.04106295108795166,-0.06368166208267212,0.2854313850402832,0.13583844900131226,-0.04186326637864113,0.2903957962989807,0.1474478840827942,-0.017672093585133553
A,0.27702754735946655,0.37783682346343994,-1.0308554010407533e-06,0.16694378852844238,0.3641265034675598,-0.03152533248066902,0.058757483959198,0.24446183443069458,-0.0377458781003952,0.005003035068511963,0.11107558012008667,-0.046397894620895386,0.0,0.010668784379959106,-0.0446479395031929,0.08498597145080566,0.10558488965034485,0.016532637178897858,0.0657089352607727,0.0036893486976623535,-0.03509801998734474,0.0965886116027832,0.10320687294006348,-0.05533943697810173,0.10879701375961304,0.14173972606658936,-0.06128865107893944,0.15258443355560303,0.08798819780349731,0.00897908490151167,0.13639551401138306,0.0,-0.0431475006043911,0.16024154424667358,0.12912032008171082,-0.04642874747514725,0.1615779995918274,0.14433720707893372,-0.034734662622213364,0.2206871509552002,0.08576512336730957,-0.0112733393907547,0.20790576934814453,0.008426189422607422,-0.06712120026350021,0.22343164682388306,0.1357029676437378,-0.042961448431015015,0.22310751676559448,0.15230128169059753,-0.01226882729679346,0.292121946811676,0.09057822823524475,-0.03532453998923302,0.27646106481552124,0.04206499457359314,-0.06369994580745697,0.28236740827560425,0.13408130407333374,-0.04223017767071724,0.28593337535858154,0.1537444293498993,-0.018551653251051903
A,0.2756624221801758,0.3770056366920471,-1.0418208375995164e-06,0.1657698154449463,0.3626723289489746,-0.036518655717372894,0.05849635601043701,0.24309897422790527,-0.04460491985082626,0.005012392997741699,0.10845136642456055,-0.05369499698281288,0.0,0.008480042219161987,-0.051537055522203445,0.08383750915527344,0.10115474462509155,0.011629346758127213,0.06855764985084534,0.0038248002529144287,-0.04000294581055641,0.09800609946250916,0.11224406957626343,-0.057983286678791046,0.10464316606521606,0.1406150758266449,-0.06336919963359833,0.15215671062469482,0.08386164903640747,0.0058848983608186245,0.1369430422782898,0.0,-0.04776580259203911,0.15899896621704102,0.13659095764160156,-0.04886195808649063,0.15810465812683105,0.14084553718566895,-0.035418782383203506,0.22031182050704956,0.08225369453430176,-0.013072523288428783,0.20948195457458496,0.009011924266815186,-0.07040855288505554,0.2228495478630066,0.139982670545578,-0.04451442137360573,0.22106283903121948,0.14525821805000305,-0.012607268057763577,0.29126405715942383,0.08632799983024597,-0.03627831116318703,0.2783192992210388,0.042813628911972046,-0.06465131044387817,0.2827311158180237,0.1367913782596588,-0.042812395840883255,0.28604161739349365,0.14908865094184875,-0.019015761092305183
A,0.2801768481731415,0.3748664855957031,-1.0402840189271956e-06,0.17182978987693787,0.3692682385444641,-0.03715953230857849,0.06116080284118652,0.2461833953857422,-0.044266752898693085,0.005325227975845337,0.11006942391395569,-0.05206158384680748,0.0,0.010932683944702148,-0.04877626150846481,0.0842457115650177,0.102292001247406,0.010177784599363804,0.0693676769733429,0.0031074583530426025,-0.041231654584407806,0.09888395667076111,0.11252257227897644,-0.05786802992224693,0.10751035809516907,0.1430267095565796,-0.061859071254730225,0.1524527370929718,0.08556947112083435,0.005368899088352919,0.1379190981388092,0.0,-0.04814011976122856,0.15991386771202087,0.13879510760307312,-0.04789331555366516,0.15985015034675598,0.14244121313095093,-0.03295641764998436,0.2200278341770172,0.08404660224914551,-0.012677972204983234,0.2106129229068756,0.011036992073059082,-0.07090278714895248,0.2244507372379303,0.1439322531223297,-0.04505240172147751,0.22298619151115417,0.14895126223564148,-0.012835283763706684,0.2901526391506195,0.08698728680610657,-0.03489566594362259,0.279966801404953,0.04426255822181702,-0.06472964584827423,0.28505679965019226,0.14102184772491455,-0.04377002269029617,0.28829899430274963,0.15476080775260925,-0.020366761833429337
A,0.27284419536590576,0.3864961266517639,-1.0579991567283287e-06,0.16353893280029297,0.36402034759521484,-0.03029339760541916,0.05970868468284607,0.24150007963180542,-0.03690669313073158,0.007223606109619141,0.1114482581615448,-0.04600444436073303,0.0,0.011989444494247437,-0.045012831687927246,0.0874338150024414,0.10609394311904907,0.014447194524109364,0.06611281633377075,0.007927417755126953,-0.03778555989265442,0.09564781188964844,0.11320430040359497,-0.05790123715996742,0.10797792673110962,0.14887192845344543,-0.06367017328739166,0.1550757884979248,0.08949708938598633,0.005788707174360752,0.13408046960830688,0.0,-0.04672563076019287,0.15668541193008423,0.13333183526992798,-0.04887242987751961,0.16297543048858643,0.14849188923835754,-0.03584728389978409,0.2238093614578247,0.08876264095306396,-0.01525778230279684,0.20631152391433716,0.012647360563278198,-0.0703282505273819,0.220220148563385,0.1418803632259369,-0.04434254765510559,0.22495996952056885,0.15701419115066528,-0.01209857128560543,0.2957262396812439,0.09538167715072632,-0.03999984636902809,0.27448564767837524,0.04551738500595093,-0.06646017730236053,0.2793874144554138,0.13911205530166626,-0.04254598170518875,0.287932813167572,0.15808823704719543,-0.01711202785372734
A,0.2800189256668091,0.3839223384857178,-9.89610612123215e-07,0.16735374927520752,0.368644654750824,-0.035311512649059296,0.06128925085067749,0.24910986423492432,-0.04451104998588562,0.006526947021484375,0.12109693884849548,-0.05492744594812393,0.0,0.020885556936264038,-0.05473883077502251,0.08698564767837524,0.10722804069519043,0.009827878326177597,0.0659705400466919,0.009997308254241943,-0.04221953824162483,0.09779420495033264,0.11568844318389893,-0.06266696751117706,0.11086255311965942,0.15201851725578308,-0.06929820775985718,0.15424013137817383,0.08837693929672241,0.0033188576344400644,0.13442379236221313,0.0,-0.05007326230406761,0.15846633911132812,0.13287901878356934,-0.05347441881895065,0.16374993324279785,0.14847338199615479,-0.04149883612990379,0.2224687933921814,0.08706504106521606,-0.01572490483522415,0.20794260501861572,0.010468631982803345,-0.07128043472766876,0.2219240665435791,0.1397320032119751,-0.04620318114757538,0.2234547734260559,0.15455815196037292,-0.015043285675346851,0.29364126920700073,0.09393119812011719,-0.038869064301252365,0.27625495195388794,0.05051785707473755,-0.06645294278860092,0.28123027086257935,0.14219510555267334,-0.044430192559957504,0.28642767667770386,0.15768802165985107,-0.020632369443774223
A,0.27866625785827637,0.38126063346862793,-9.837416428126744e-07,0.1652318835258484,0.35879039764404297,-0.031501200050115585,0.06047159433364868,0.23931068181991577,-0.03954722359776497,0.006392538547515869,0.11248373985290527,-0.050080880522727966,0.0,0.012726694345474243,-0.0505305752158165,0.08880263566970825,0.10287758708000183,0.014704171568155289,0.06649374961853027,0.005229294300079346,-0.037267908453941345,0.09469696879386902,0.10495978593826294,-0.05821581929922104,0.10734987258911133,0.14225518703460693,-0.06457841396331787,0.15645712614059448,0.08526930212974548,0.006536711473017931,0.13419461250305176,0.0,-0.04554533585906029,0.1558009386062622,0.12704554200172424,-0.04875210300087929,0.1624819040298462,0.14077502489089966,-0.03675436973571777,0.22498345375061035,0.0836234986782074,-0.014213159680366516,0.20731371641159058,0.010020613670349121,-0.06824549287557602,0.22074252367019653,0.13415417075157166,-0.04352531582117081,0.2250596284866333,0.14695262908935547,-0.012766286730766296,0.29689228534698486,0.08972328901290894,-0.03891148045659065,0.2764730453491211,0.044810861349105835,-0.06501424312591553,0.28067195415496826,0.13444644212722778,-0.042565733194351196,0.28856515884399414,0.14987948536872864,-0.018542975187301636
A,0.2773672342300415,0.3828887343406677,-1.0051228400698164e-06,0.16632217168807983,0.3616914749145508,-0.034314390271902084,0.059658706188201904,0.244259774684906,-0.0430724211037159,0.0030589401721954346,0.12069422006607056,-0.053621865808963776,0.0,0.01985311508178711,-0.05329487845301628,0.08431375026702881,0.09906423091888428,0.015787798911333084,0.06100162863731384,0.010549724102020264,-0.03384508192539215,0.0928226113319397,0.11675143241882324,-0.05324922502040863,0.10661572217941284,0.14729315042495728,-0.059668805450201035,0.15156340599060059,0.07919171452522278,0.009363244287669659,0.12919974327087402,0.0,-0.041348207741975784,0.1540818214416504,0.1322053074836731,-0.04316282644867897,0.1623336672782898,0.14334461092948914,-0.030224408954381943,0.22040033340454102,0.07791107892990112,-0.009830896742641926,0.2022472620010376,0.007192730903625488,-0.06331662833690643,0.21709752082824707,0.13538196682929993,-0.03707343712449074,0.22270357608795166,0.14848405122756958,-0.005073229316622019,0.2923816442489624,0.08561393618583679,-0.033216919749975204,0.2713034749031067,0.04177919030189514,-0.05926170200109482,0.27514588832855225,0.13487863540649414,-0.03607184439897537,0.28251153230667114,0.15141645073890686,-0.011114385910332203
A,0.2784024775028229,0.3758254647254944,-9.937031109075178e-07,0.164169579744339,0.35650014877319336,-0.03187546133995056,0.05844917893409729,0.23928707838058472,-0.039403852075338364,0.0038478076457977295,0.1133241057395935,-0.049147166311740875,0.0,0.01455676555633545,-0.04841785877943039,0.08439710736274719,0.10023146867752075,0.01594506949186325,0.06376221776008606,0.00637131929397583,-0.03501349687576294,0.09347113966941833,0.11051413416862488,-0.05454426258802414,0.10693290829658508,0.144062340259552,-0.06040165200829506,0.15231242775917053,0.08122408390045166,0.008754847571253777,0.1315840780735016,0.0,-0.04318803548812866,0.15459886193275452,0.12997320294380188,-0.04566878080368042,0.16165217757225037,0.1411479413509369,-0.03307605907320976,0.22089597582817078,0.07886716723442078,-0.011020854115486145,0.20388713479042053,0.00897940993309021,-0.06551190465688705,0.2184750735759735,0.13603094220161438,-0.040542252361774445,0.22323307394981384,0.14786556363105774,-0.009237423539161682,0.29273197054862976,0.08413419127464294,-0.034666966646909714,0.272959440946579,0.04471248388290405,-0.060983650386333466,0.27748093008995056,0.1354404091835022,-0.039139676839113235,0.2848305404186249,0.1491442322731018,-0.015283544547855854
A,0.2784164845943451,0.37322133779525757,-1.0098437996930443e-06,0.1662234365940094,0.36044400930404663,-0.03334599733352661,0.059040069580078125,0.24318838119506836,-0.04093778878450394,0.0043874382972717285,0.11329925060272217,-0.05022698640823364,0.0,0.014171838760375977,-0.049229152500629425,0.08542758226394653,0.1046377420425415,0.012612847611308098,0.0659821629524231,0.00798887014389038,-0.03941446915268898,0.09395787119865417,0.11093050241470337,-0.05915199965238571,0.10456141829490662,0.14363256096839905,-0.06517847627401352,0.15292099118232727,0.08640879392623901,0.0055927978828549385,0.13317540287971497,0.0,-0.046726878732442856,0.15477880835533142,0.13118508458137512,-0.0488351471722126,0.15851160883903503,0.1405225694179535,-0.036343298852443695,0.22042611241340637,0.08292752504348755,-0.014074159786105156,0.20495149493217468,0.008538305759429932,-0.0701490044593811,0.21860334277153015,0.13813486695289612,-0.04478783532977104,0.2204766571521759,0.14964061975479126,-0.013376893475651741,0.29130885004997253,0.08564051985740662,-0.0376996286213398,0.2742985188961029,0.04148763418197632,-0.06591334193944931,0.27905282378196716,0.13560286164283752,-0.04383387044072151,0.2845659554004669,0.15188506245613098,-0.01982048898935318
A,0.274314284324646,0.3743548095226288,-1.0310222933185287e-06,0.16268068552017212,0.3614615499973297,-0.03305783495306969,0.055112093687057495,0.2412872612476349,-0.03994017466902733,0.0017524361610412598,0.11177080869674683,-0.04839252308011055,0.0,0.011917203664779663,-0.046046264469623566,0.08267354965209961,0.10615319013595581,0.0116523876786232,0.059377849102020264,0.005919605493545532,-0.03922276198863983,0.09125316143035889,0.11209940910339355,-0.05770990252494812,0.10463285446166992,0.14764535427093506,-0.06281190365552902,0.14992719888687134,0.08658170700073242,0.005224613007158041,0.12896955013275146,0.0,-0.04628375545144081,0.1530788540840149,0.1329185962677002,-0.04743112996220589,0.15842509269714355,0.1456911265850067,-0.034147415310144424,0.21823471784591675,0.08391636610031128,-0.013599274680018425,0.20107501745224,0.010242164134979248,-0.06725193560123444,0.21669334173202515,0.14010313153266907,-0.04057665169239044,0.22084927558898926,0.1530093252658844,-0.008585172705352306,0.28961122035980225,0.08793407678604126,-0.03640894964337349,0.2697213292121887,0.046359121799468994,-0.06245668604969978,0.27510130405426025,0.13895976543426514,-0.03950415924191475,0.28249669075012207,0.15353059768676758,-0.01511425245553255
A,0.2768816351890564,0.37548720836639404,-1.009264792628528e-06,0.16506749391555786,0.35489708185195923,-0.030651897192001343,0.05922231078147888,0.2398776412010193,-0.03840487822890282,0.0025330781936645508,0.11533892154693604,-0.048800960183143616,0.0,0.014961332082748413,-0.049111489206552505,0.08415502309799194,0.10185909271240234,0.017055289819836617,0.06070718169212341,0.007855445146560669,-0.03422746807336807,0.09175229072570801,0.1062304675579071,-0.05538312718272209,0.1052599549293518,0.14069125056266785,-0.062276337295770645,0.15054571628570557,0.08303698897361755,0.009142531082034111,0.127693772315979,0.0,-0.0421191081404686,0.1528962254524231,0.12689971923828125,-0.04552917554974556,0.15981990098953247,0.14127090573310852,-0.033738549798727036,0.21864724159240723,0.08049336075782776,-0.011209948919713497,0.19926202297210693,0.008536577224731445,-0.06534852087497711,0.21554970741271973,0.13344621658325195,-0.04061085730791092,0.2205929160118103,0.14805179834365845,-0.009421602822840214,0.2903544306755066,0.08664113283157349,-0.03531662002205849,0.2678626775741577,0.04230943322181702,-0.06178760528564453,0.2739188075065613,0.13297349214553833,-0.03913993388414383,0.2825908660888672,0.15015870332717896,-0.014578066766262054
A,0.2711745500564575,0.37587636709213257,-1.004378532343253e-06,0.15996050834655762,0.35483676195144653,-0.03153574466705322,0.05661046504974365,0.23998373746871948,-0.040892504155635834,0.002983570098876953,0.115875244140625,-0.0524924211204052,0.0,0.016021817922592163,-0.05381056293845177,0.0854530930519104,0.10027673840522766,0.011482352390885353,0.059594959020614624,0.007428169250488281,-0.04118414223194122,0.08909761905670166,0.11012175679206848,-0.06196839362382889,0.10329782962799072,0.14335694909095764,-0.06851132959127426,0.15191423892974854,0.0830363929271698,0.0034641623497009277,0.12738430500030518,0.0,-0.04958973079919815,0.15054792165756226,0.1305444836616516,-0.05186924338340759,0.1590481996536255,0.1438555121421814,-0.03893212601542473,0.21986162662506104,0.08190646767616272,-0.016716422513127327,0.19940590858459473,0.010607689619064331,-0.07179448008537292,0.21426600217819214,0.13937190175056458,-0.044983167201280594,0.22074735164642334,0.15328997373580933,-0.012068664655089378,0.29137200117111206,0.0884530246257782,-0.04073528200387955,0.26780080795288086,0.043866127729415894,-0.06761754304170609,0.27188944816589355,0.13674849271774292,-0.043789930641651154,0.28046339750289917,0.15365183353424072,-0.018099529668688774
A,0.2739761471748352,0.376761794090271,-9.755536893862882e-07,0.1626930832862854,0.35978269577026367,-0.03240720182657242,0.05866631865501404,0.24347931146621704,-0.04062790051102638,0.004498600959777832,0.1177884042263031,-0.050726283341646194,0.0,0.01838165521621704,-0.050754364579916,0.08641931414604187,0.1070106029510498,0.012464297004044056,0.0639336109161377,0.01109403371810913,-0.038498226553201675,0.0923464298248291,0.11152756214141846,-0.05865876004099846,0.10658383369445801,0.14855772256851196,-0.06484836339950562,0.15370255708694458,0.08876433968544006,0.005354523193091154,0.13045936822891235,0.0,-0.04669772461056709,0.15333765745162964,0.12857499718666077,-0.0495329424738884,0.16325974464416504,0.14694932103157043,-0.03690522164106369,0.2215074896812439,0.0873095691204071,-0.013948161154985428,0.20330709218978882,0.011391699314117432,-0.06803995370864868,0.217815101146698,0.13738539814949036,-0.04275006800889969,0.22462743520736694,0.15468209981918335,-0.011004937812685966,0.29294782876968384,0.09359991550445557,-0.037182923406362534,0.27359068393707275,0.04770806431770325,-0.06343655288219452,0.27708858251571655,0.13791003823280334,-0.04117898643016815,0.28475767374038696,0.1557755470275879,-0.017046738415956497
A,0.2698674201965332,0.38055095076560974,-9.899321185002918e-07,0.16017544269561768,0.3613211214542389,-0.030987277626991272,0.05808836221694946,0.24364051222801208,-0.03835897147655487,0.005456864833831787,0.11764216423034668,-0.048166245222091675,0.0,0.01830407977104187,-0.04803667962551117,0.0841251015663147,0.10646620392799377,0.015808792784810066,0.06329461932182312,0.012388855218887329,-0.03552863001823425,0.09060800075531006,0.11362633109092712,-0.056221358478069305,0.1047789454460144,0.15095579624176025,-0.062338896095752716,0.15014487504959106,0.08870398998260498,0.008047441020607948,0.12744784355163574,0.0,-0.04510268568992615,0.15013229846954346,0.12926089763641357,-0.048707425594329834,0.16195088624954224,0.14748463034629822,-0.03570942580699921,0.21767008304595947,0.0867520272731781,-0.012035579420626163,0.19971221685409546,0.013157039880752563,-0.06667505949735641,0.21350234746932983,0.13885560631752014,-0.04189303144812584,0.22168278694152832,0.1553783416748047,-0.009752810932695866,0.28940069675445557,0.09191355109214783,-0.0359649658203125,0.2680613398551941,0.045077234506607056,-0.061167582869529724,0.27139222621917725,0.13591429591178894,-0.0379968024790287,0.28036075830459595,0.15422683954238892,-0.012930504977703094
A,0.2730170488357544,0.3782551884651184,-9.828640941123012e-07,0.16304093599319458,0.36006492376327515,-0.034167733043432236,0.058535099029541016,0.24346643686294556,-0.042217906564474106,0.004307925701141357,0.11868736147880554,-0.05191785842180252,0.0,0.01904994249343872,-0.05102614313364029,0.08339625597000122,0.10155022144317627,0.015257980674505234,0.0639549195766449,0.010480016469955444,-0.03572762385010719,0.09270983934402466,0.11213454604148865,-0.055739354342222214,0.10388946533203125,0.14549246430397034,-0.06198180839419365,0.1496807336807251,0.0841515064239502,0.008625807240605354,0.12835514545440674,0.0,-0.043918777257204056,0.15228283405303955,0.13036170601844788,-0.04665350914001465,0.15866714715957642,0.14560037851333618,-0.03361421450972557,0.2174507975578308,0.08363884687423706,-0.01085776835680008,0.2019534707069397,0.012190520763397217,-0.06643956899642944,0.21686702966690063,0.13875550031661987,-0.04209606721997261,0.2202320694923401,0.1528823971748352,-0.01061258651316166,0.2891477942466736,0.09110060334205627,-0.03442179411649704,0.27153223752975464,0.0454525351524353,-0.06223670393228531,0.27568525075912476,0.13774684071540833,-0.04076375067234039,0.2811139225959778,0.15605562925338745,-0.016791334375739098
A,0.27252197265625,0.3786048889160156,-1.0038939990408835e-06,0.16090989112854004,0.3575569987297058,-0.034315451979637146,0.057963937520980835,0.23862457275390625,-0.04220682755112648,0.005399763584136963,0.11135578155517578,-0.05190015211701393,0.0,0.011746346950531006,-0.051326654851436615,0.08656346797943115,0.09791815280914307,0.015290205366909504,0.0664927065372467,0.008026033639907837,-0.03708939999341965,0.09462767839431763,0.11179977655410767,-0.057393744587898254,0.10567200183868408,0.14008504152297974,-0.06384411454200745,0.1529865264892578,0.08260777592658997,0.008199418894946575,0.13222801685333252,0.0,-0.04622705653309822,0.15298128128051758,0.13465580344200134,-0.04940173029899597,0.1590348482131958,0.1435607671737671,-0.03640696406364441,0.22044748067855835,0.0829063355922699,-0.011943911202251911,0.20459413528442383,0.013216733932495117,-0.07049527764320374,0.21626877784729004,0.14505621790885925,-0.04616985842585564,0.22008991241455078,0.1542380452156067,-0.014053751714527607,0.29150038957595825,0.08986496925354004,-0.03601786866784096,0.27190327644348145,0.04651886224746704,-0.06525348126888275,0.27528631687164307,0.14261001348495483,-0.043030694127082825,0.28350991010665894,0.1580720841884613,-0.01816258765757084
A,0.2720947861671448,0.3711022138595581,-9.699700740384287e-07,0.16093307733535767,0.353985071182251,-0.03478547930717468,0.05734211206436157,0.23878145217895508,-0.04477674514055252,0.00438341498374939,0.11318358778953552,-0.056048665195703506,0.0,0.013511955738067627,-0.05684999004006386,0.08446753025054932,0.09977924823760986,0.009501962922513485,0.061768293380737305,0.00581696629524231,-0.04284247010946274,0.09268194437026978,0.10736581683158875,-0.06311658769845963,0.1071462631225586,0.14199799299240112,-0.06936131417751312,0.1517801284790039,0.08247846364974976,0.0029729276429861784,0.13116097450256348,0.0,-0.05010780692100525,0.1537630558013916,0.13017183542251587,-0.05274417996406555,0.15904539823532104,0.14340701699256897,-0.040347401052713394,0.21929311752319336,0.08142489194869995,-0.016064798459410667,0.20333623886108398,0.01070934534072876,-0.07199763506650925,0.21641618013381958,0.1392955482006073,-0.046765703707933426,0.21876364946365356,0.15151771903038025,-0.015365272760391235,0.2898300886154175,0.0877707302570343,-0.03908948972821236,0.2706385850906372,0.04893761873245239,-0.06756436824798584,0.27468132972717285,0.14147967100143433,-0.04576801881194115,0.2808719873428345,0.15618517994880676,-0.021845243871212006
A,0.27298006415367126,0.377072274684906,-9.645542604630464e-07,0.16063877940177917,0.35737431049346924,-0.03367465361952782,0.059842586517333984,0.23930293321609497,-0.04210563376545906,0.008075624704360962,0.11497783660888672,-0.05218301713466644,0.0,0.01654946804046631,-0.05218617618083954,0.08424559235572815,0.10180413722991943,0.013475542888045311,0.06399735808372498,0.008950531482696533,-0.03891364112496376,0.09366098046302795,0.10716566443443298,-0.06087300553917885,0.10707351565361023,0.1454162895679474,-0.06770117580890656,0.15153875946998596,0.08513188362121582,0.0065053184516727924,0.131118506193161,0.0,-0.04705537483096123,0.1537865698337555,0.12777301669120789,-0.05212567746639252,0.16004666686058044,0.14755457639694214,-0.04060788080096245,0.21924176812171936,0.08463829755783081,-0.012992139905691147,0.20399847626686096,0.01386648416519165,-0.06917919218540192,0.2176116406917572,0.14060068130493164,-0.04626837000250816,0.22055628895759583,0.15858519077301025,-0.015532947145402431,0.2905333936214447,0.09218758344650269,-0.03640824928879738,0.27179571986198425,0.04785740375518799,-0.06474875658750534,0.2760009467601776,0.14054939150810242,-0.04327242448925972,0.28170010447502136,0.16045215725898743,-0.01906633749604225
A,0.2735438048839569,0.37068045139312744,-9.79614696916542e-07,0.15929844975471497,0.3530582785606384,-0.033939607441425323,0.05718138813972473,0.23609930276870728,-0.04264276847243309,0.0050262510776519775,0.10980576276779175,-0.052632566541433334,0.0,0.013049662113189697,-0.05232951045036316,0.08588805794715881,0.1013936698436737,0.009234827011823654,0.06388664245605469,0.00726085901260376,-0.04230262339115143,0.09356114268302917,0.112921804189682,-0.06164227053523064,0.10685989260673523,0.1460379660129547,-0.06731705367565155,0.15379127860069275,0.08462560176849365,0.0028617496136575937,0.1321861445903778,0.0,-0.04972980543971062,0.154070645570755,0.1314726173877716,-0.05156053230166435,0.16114047169685364,0.14340710639953613,-0.03871273994445801,0.22146347165107727,0.083261638879776,-0.01582815870642662,0.20497241616249084,0.011634886264801025,-0.07082675397396088,0.2174278199672699,0.1391623318195343,-0.045339733362197876,0.2215118110179901,0.15054604411125183,-0.013868073932826519,0.291860967874527,0.08857110142707825,-0.03846270963549614,0.27275267243385315,0.046493709087371826,-0.0650755763053894,0.2765207588672638,0.13767769932746887,-0.04256730154156685,0.2839556634426117,0.15228897333145142,-0.018452459946274757
A,0.2718808650970459,0.3661671280860901,-9.864295407169266e-07,0.15998965501785278,0.34877264499664307,-0.03166081756353378,0.057675838470458984,0.23322606086730957,-0.039996083825826645,0.005486607551574707,0.11001235246658325,-0.0503089502453804,0.0,0.012903600931167603,-0.05078337341547012,0.0862153172492981,0.09693852066993713,0.010976131074130535,0.06239098310470581,0.004466533660888672,-0.03932434320449829,0.0905943512916565,0.10661125183105469,-0.059074774384498596,0.10303324460983276,0.1416461169719696,-0.06503868103027344,0.15382307767868042,0.08026808500289917,0.003670500125735998,0.1319364309310913,0.0,-0.04616977646946907,0.15121674537658691,0.1254875659942627,-0.04851893335580826,0.15564751625061035,0.14139676094055176,-0.0370735302567482,0.22154724597930908,0.07932624220848083,-0.015699157491326332,0.2031577229499817,0.007934212684631348,-0.06734663248062134,0.21552538871765137,0.12998822331428528,-0.04256794601678848,0.2190609574317932,0.14574748277664185,-0.012774497270584106,0.2925223112106323,0.08591258525848389,-0.038943540304899216,0.2709381580352783,0.04141014814376831,-0.06355807185173035,0.2749083638191223,0.13067787885665894,-0.041244879364967346,0.2817643880844116,0.14985841512680054,-0.017953645437955856
A,0.2697818875312805,0.36968880891799927,-9.715413398225792e-07,0.15711325407028198,0.3508509397506714,-0.03196081519126892,0.05411085486412048,0.23483115434646606,-0.04028882831335068,0.0032305121421813965,0.11213544011116028,-0.05041726306080818,0.0,0.015379577875137329,-0.050786249339580536,0.08396625518798828,0.09823885560035706,0.01168342586606741,0.06166598200798035,0.007431924343109131,-0.03800757974386215,0.09028017520904541,0.10947602987289429,-0.05797390639781952,0.10300037264823914,0.14577659964561462,-0.06416784971952438,0.1520313024520874,0.08049178123474121,0.0047574215568602085,0.12913691997528076,0.0,-0.0451996847987175,0.15091252326965332,0.126301109790802,-0.04803504794836044,0.15768158435821533,0.14547470211982727,-0.03640607371926308,0.22034448385238647,0.07904094457626343,-0.014103731140494347,0.200947105884552,0.006920188665390015,-0.06593474745750427,0.21407020092010498,0.1295052170753479,-0.041366394609212875,0.2182023525238037,0.14936986565589905,-0.011199050582945347,0.2914425730705261,0.08655491471290588,-0.03676151484251022,0.26857322454452515,0.041815340518951416,-0.06193627417087555,0.27294063568115234,0.1309620440006256,-0.039624009281396866,0.2796645760536194,0.15231281518936157,-0.015893401578068733
A,0.2697855830192566,0.36393436789512634,-9.89126760941872e-07,0.15914475917816162,0.3436739146709442,-0.03071194514632225,0.05673682689666748,0.23223736882209778,-0.03953733667731285,0.003565192222595215,0.11252862215042114,-0.05090000480413437,0.0,0.01582932472229004,-0.052215319126844406,0.08563950657844543,0.09276700019836426,0.013615356758236885,0.057786405086517334,0.0018506944179534912,-0.03620462119579315,0.08699536323547363,0.10553166270256042,-0.05566495284438133,0.10180187225341797,0.14120182394981384,-0.06107084080576897,0.15275722742080688,0.07605424523353577,0.006358539219945669,0.12592792510986328,0.0,-0.042232710868120193,0.14786285161972046,0.12494304776191711,-0.043419454246759415,0.15580976009368896,0.1406211256980896,-0.030833831056952477,0.22132045030593872,0.07577654719352722,-0.013016554526984692,0.19722741842269897,0.005900979042053223,-0.06364160776138306,0.21148955821990967,0.12687191367149353,-0.03754982352256775,0.2186659574508667,0.14508312940597534,-0.00633739959448576,0.29315394163131714,0.08467921614646912,-0.03619598597288132,0.26531124114990234,0.03853130340576172,-0.05981041491031647,0.26938074827194214,0.12682843208312988,-0.036273468285799026,0.27857422828674316,0.14931154251098633,-0.011608323082327843
A,0.2714504599571228,0.3659500777721405,-9.970507335310685e-07,0.15888243913650513,0.3474310338497162,-0.028158076107501984,0.05767527222633362,0.23500946164131165,-0.03638922795653343,0.004671812057495117,0.11655840277671814,-0.04708582162857056,0.0,0.021359175443649292,-0.04828404262661934,0.08589634299278259,0.10155308246612549,0.01130430307239294,0.05828848481178284,0.009338706731796265,-0.036950111389160156,0.08895131945610046,0.11173826456069946,-0.05594835802912712,0.10570204257965088,0.1482275426387787,-0.061718378216028214,0.1512598991394043,0.08284997940063477,0.0030054051894694567,0.12475532293319702,0.0,-0.04434093460440636,0.14958840608596802,0.12564486265182495,-0.045139163732528687,0.16089367866516113,0.14500725269317627,-0.03259991109371185,0.21908092498779297,0.07986846566200256,-0.016398275271058083,0.19594180583953857,0.005154669284820557,-0.06566917896270752,0.21210217475891113,0.12772846221923828,-0.038388364017009735,0.22069931030273438,0.14924797415733337,-0.006731678266078234,0.2902190089225769,0.08636650443077087,-0.03931941092014313,0.26336705684661865,0.039547473192214966,-0.06285902857780457,0.2683132290840149,0.12936273217201233,-0.03830116614699364,0.2777469754219055,0.15268710255622864,-0.012990351766347885
A,0.2735625207424164,0.35979869961738586,-9.914086831486202e-07,0.16180571913719177,0.3431321084499359,-0.030202602967619896,0.058204203844070435,0.229743093252182,-0.03823596611618996,0.004219323396682739,0.10850581526756287,-0.04865293577313423,0.0,0.012440532445907593,-0.04924476891756058,0.08606061339378357,0.09778764843940735,0.0113516291603446,0.0593971312046051,0.0026315152645111084,-0.039072904735803604,0.08842116594314575,0.10630524158477783,-0.058413103222846985,0.10304597020149231,0.14323681592941284,-0.06392098218202591,0.1528511345386505,0.07896837592124939,0.003934142179787159,0.1277359426021576,0.0,-0.045598067343235016,0.14925923943519592,0.12443989515304565,-0.046947795897722244,0.15736308693885803,0.1393422782421112,-0.03468546271324158,0.22068902850151062,0.07545065879821777,-0.015358430333435535,0.19805839657783508,0.0028637349605560303,-0.06647362560033798,0.21341374516487122,0.1250690519809723,-0.04013001546263695,0.22111842036247253,0.14151078462600708,-0.009110230021178722,0.29189130663871765,0.0797789990901947,-0.03846561536192894,0.266571968793869,0.038410305976867676,-0.06348757445812225,0.27245351672172546,0.12635278701782227,-0.04098518565297127,0.2828635275363922,0.14319300651550293,-0.017182420939207077
A,0.2731826901435852,0.3674863874912262,-9.906068498821696e-07,0.16214841604232788,0.3494485914707184,-0.02818310633301735,0.06044650077819824,0.2345915138721466,-0.03554103896021843,0.00662723183631897,0.11500978469848633,-0.045750267803668976,0.0,0.018690496683120728,-0.0467798188328743,0.08714112639427185,0.09946554899215698,0.014786169864237309,0.0588361918926239,0.009280472993850708,-0.034517254680395126,0.08860799670219421,0.10769182443618774,-0.055069535970687866,0.10741555690765381,0.14658480882644653,-0.06120222806930542,0.15270787477493286,0.07972419261932373,0.006406313274055719,0.12492209672927856,0.0,-0.041558489203453064,0.14861059188842773,0.12276601791381836,-0.044040050357580185,0.16202914714813232,0.14190122485160828,-0.032052334398031235,0.22048938274383545,0.07682222127914429,-0.01359140407294035,0.19602233171463013,0.0047040581703186035,-0.06315914541482925,0.21128344535827637,0.12590983510017395,-0.037893783301115036,0.22112011909484863,0.14604702591896057,-0.007217822130769491,0.29213809967041016,0.08329388499259949,-0.037228215485811234,0.2644491195678711,0.03892230987548828,-0.06095882132649422,0.2691383361816406,0.12849953770637512,-0.03765733540058136,0.28004491329193115,0.14936593174934387,-0.01306731067597866
A,0.2747265696525574,0.36404871940612793,-9.948629440259538e-07,0.16433650255203247,0.34916508197784424,-0.029371505603194237,0.059656769037246704,0.23574429750442505,-0.03702078387141228,0.004798710346221924,0.11383691430091858,-0.047084741294384,0.0,0.017079085111618042,-0.04744469374418259,0.08691203594207764,0.10001546144485474,0.012654905207455158,0.05897209048271179,0.00621265172958374,-0.03761881962418556,0.09084159135818481,0.10682490468025208,-0.05775880068540573,0.10869857668876648,0.1454847753047943,-0.06359182298183441,0.15271908044815063,0.08033937215805054,0.004680652171373367,0.12634491920471191,0.0,-0.044403884559869766,0.15126430988311768,0.12426695227622986,-0.04618262127041817,0.16174203157424927,0.14238926768302917,-0.03394824266433716,0.22014600038528442,0.07738861441612244,-0.015096536837518215,0.1974656581878662,0.004077643156051636,-0.06605154275894165,0.21442872285842896,0.12672552466392517,-0.03991623595356941,0.22251152992248535,0.14634278416633606,-0.008755592629313469,0.2914304733276367,0.08298107981681824,-0.03857279196381569,0.26538074016571045,0.04038378596305847,-0.06335216015577316,0.27136170864105225,0.12973880767822266,-0.040327005088329315,0.28090792894363403,0.1492653787136078,-0.016020286828279495
A,0.2760229706764221,0.3667253851890564,-1.0089717079608818e-06,0.16267484426498413,0.349995493888855,-0.03040137141942978,0.059704363346099854,0.23660075664520264,-0.03783056139945984,0.005097866058349609,0.11367788910865784,-0.047470349818468094,0.0,0.01613706350326538,-0.04789411649107933,0.0894407331943512,0.10206872224807739,0.012973595410585403,0.06232255697250366,0.011230409145355225,-0.03526735678315163,0.09041815996170044,0.11488386988639832,-0.05434605851769447,0.10652533173561096,0.14753183722496033,-0.06060900166630745,0.15477102994918823,0.08295285701751709,0.0056897662580013275,0.12644058465957642,0.0,-0.0424707867205143,0.1479204297065735,0.12780815362930298,-0.04442378506064415,0.1614084243774414,0.14304444193840027,-0.03264831006526947,0.22198230028152466,0.08032512664794922,-0.013257702812552452,0.1973026990890503,0.001354813575744629,-0.06493436545133591,0.21032631397247314,0.12729018926620483,-0.039914630353450775,0.2210390567779541,0.14689907431602478,-0.009343353100121021,0.2936702370643616,0.08559125661849976,-0.03579997271299362,0.26650846004486084,0.041090428829193115,-0.061931125819683075,0.2693672776222229,0.13331550359725952,-0.03998538479208946,0.2805567979812622,0.15463873744010925,-0.016341134905815125
A,0.2772948741912842,0.3669506311416626,-9.708968491395353e-07,0.16781044006347656,0.3478342890739441,-0.030452361330389977,0.06429409980773926,0.23466140031814575,-0.03839460387825966,0.008011400699615479,0.11456635594367981,-0.04887460172176361,0.0,0.01683145761489868,-0.049976471811532974,0.09137523174285889,0.09953811764717102,0.014498529024422169,0.0640588104724884,0.008475244045257568,-0.036137185990810394,0.09358114004135132,0.10576629638671875,-0.05718546733260155,0.10964950919151306,0.1406942903995514,-0.06383360922336578,0.15729159116744995,0.08043280243873596,0.006661420688033104,0.13099563121795654,0.0,-0.0432526059448719,0.15317654609680176,0.12403371930122375,-0.04603511095046997,0.16399431228637695,0.1396380364894867,-0.034137062728405,0.22469592094421387,0.07771345973014832,-0.013336687348783016,0.20184075832366943,0.003560960292816162,-0.06551329791545868,0.21572470664978027,0.12648454308509827,-0.04039493203163147,0.22396540641784668,0.1437433660030365,-0.00940545741468668,0.2957310676574707,0.08374238014221191,-0.037150297313928604,0.2710227370262146,0.03986439108848572,-0.06286835670471191,0.2757878303527832,0.12988406419754028,-0.04022151976823807,0.28623372316360474,0.14782977104187012,-0.015855949372053146
A,0.27576935291290283,0.3632736802101135,-9.980064987757942e-07,0.16379421949386597,0.34598636627197266,-0.03365829586982727,0.059044867753982544,0.23430365324020386,-0.04196959733963013,0.00456082820892334,0.11248213052749634,-0.0518433041870594,0.0,0.015114068984985352,-0.05139149725437164,0.08361315727233887,0.09354716539382935,0.01337361615151167,0.06199383735656738,0.00757560133934021,-0.036338165402412415,0.09264171123504639,0.11119914054870605,-0.05571944639086723,0.10402286052703857,0.1391889750957489,-0.062385186553001404,0.1497020125389099,0.07487952709197998,0.006588145159184933,0.12764805555343628,0.0,-0.04390355199575424,0.15117305517196655,0.12878331542015076,-0.045840028673410416,0.15681713819503784,0.1379600167274475,-0.0336700901389122,0.21758431196212769,0.07273983955383301,-0.01269080862402916,0.19891983270645142,0.004923701286315918,-0.0671505481004715,0.21472007036209106,0.1322363018989563,-0.041502583771944046,0.2193956971168518,0.1440315544605255,-0.01005306001752615,0.28933465480804443,0.07879140973091125,-0.035979270935058594,0.2679961323738098,0.038583844900131226,-0.06375148147344589,0.2739686965942383,0.13155511021614075,-0.041377514600753784,0.2819684147834778,0.14720478653907776,-0.017031602561473846
A,0.2725822329521179,0.36323270201683044,-1.0223720892099664e-06,0.16343975067138672,0.3510065972805023,-0.031892839819192886,0.05889725685119629,0.2368704378604889,-0.039002928882837296,0.004846036434173584,0.11093023419380188,-0.04807473346590996,0.0,0.014618396759033203,-0.0470898412168026,0.08326873183250427,0.09967893362045288,0.012785524129867554,0.060399413108825684,0.006211221218109131,-0.037528134882450104,0.09096398949623108,0.10990062355995178,-0.055969253182411194,0.1030150055885315,0.14063644409179688,-0.06122636795043945,0.14991849660873413,0.08008688688278198,0.005727971903979778,0.12603682279586792,0.0,-0.045423559844493866,0.1495400071144104,0.12865936756134033,-0.046933166682720184,0.15603524446487427,0.1378905177116394,-0.033942580223083496,0.21781539916992188,0.07645243406295776,-0.013608301989734173,0.19729572534561157,0.007277876138687134,-0.06816190481185913,0.213903546333313,0.1320248544216156,-0.04264577105641365,0.22021883726119995,0.14208516478538513,-0.011025452986359596,0.2890692949295044,0.07971060276031494,-0.03672102838754654,0.26642942428588867,0.03973767161369324,-0.06339339911937714,0.27339011430740356,0.12935090065002441,-0.041059836745262146,0.28326714038848877,0.14314493536949158,-0.016916021704673767
A,0.27252596616744995,0.37649407982826233,-9.819849537962e-07,0.16142714023590088,0.35708221793174744,-0.030985526740550995,0.057895153760910034,0.24089476466178894,-0.03890804573893547,0.003452301025390625,0.11735939979553223,-0.04913284629583359,0.0,0.01724928617477417,-0.04950046166777611,0.08440017700195312,0.10688972473144531,0.014731347560882568,0.060000985860824585,0.01551598310470581,-0.03456279635429382,0.09135431051254272,0.11439737677574158,-0.055090487003326416,0.10460346937179565,0.14868822693824768,-0.061984818428754807,0.15052157640457153,0.08783820271492004,0.006608930416405201,0.1248776912689209,0.0,-0.04348302260041237,0.15074819326400757,0.12364169955253601,-0.04721204563975334,0.16009461879730225,0.14363759756088257,-0.03562815487384796,0.218633770942688,0.08516141772270203,-0.01337700430303812,0.1970076560974121,0.008055835962295532,-0.06561694294214249,0.21343278884887695,0.1297551691532135,-0.0409884974360466,0.21972841024398804,0.15141379833221436,-0.01001875288784504,0.29105955362319946,0.0919131338596344,-0.03716958314180374,0.26603782176971436,0.042316943407058716,-0.06270166486501694,0.27148282527923584,0.13244232535362244,-0.03954146429896355,0.2794843912124634,0.15605208277702332,-0.014775491319596767
A,0.2739817202091217,0.3771361708641052,-9.398657425663259e-07,0.16370722651481628,0.35532885789871216,-0.030212044715881348,0.06147792935371399,0.23825961351394653,-0.03884632885456085,0.007765859365463257,0.11710527539253235,-0.050186023116111755,0.0,0.017679572105407715,-0.05190003290772438,0.08703199028968811,0.10365775227546692,0.015221736393868923,0.06026017665863037,0.01058506965637207,-0.03712039068341255,0.09002619981765747,0.10520535707473755,-0.06032878905534744,0.10748949646949768,0.14683663845062256,-0.06768034398555756,0.1527981460094452,0.08440333604812622,0.007059504743665457,0.12691983580589294,0.0,-0.044359274208545685,0.15062561631202698,0.12023341655731201,-0.04964284598827362,0.16102495789527893,0.14277011156082153,-0.03882605955004692,0.2206675112247467,0.08190855383872986,-0.013189077377319336,0.19879785180091858,0.007705390453338623,-0.06508485227823257,0.2138737142086029,0.12747955322265625,-0.04123855382204056,0.22084173560142517,0.14985325932502747,-0.010887968353927135,0.29234758019447327,0.08874517679214478,-0.037320371717214584,0.26690706610679626,0.04403942823410034,-0.06264573335647583,0.2721523344516754,0.13205355405807495,-0.04048137739300728,0.28107115626335144,0.1523154377937317,-0.016295401379466057
