label,x0,y0,z0,x1,y1,z1,x2,y2,z2,x3,y3,z3,x4,y4,z4,x5,y5,z5,x6,y6,z6,x7,y7,z7,x8,y8,z8,x9,y9,z9,x10,y10,z10,x11,y11,z11,x12,y12,z12,x13,y13,z13,x14,y14,z14,x15,y15,z15,x16,y16,z16,x17,y17,z17,x18,y18,z18,x19,y19,z19,x20,y20,z20
E,0.1875954270362854,0.45567256212234497,-5.659927637680084e-07,0.10976338386535645,0.4296228885650635,-0.021247971802949905,0.051171183586120605,0.34723448753356934,-0.037958137691020966,0.052464306354522705,0.25448763370513916,-0.05959486961364746,0.0748177170753479,0.18334275484085083,-0.07609795033931732,0.031894803047180176,0.1833404302597046,-0.004044882953166962,0.0026128292083740234,0.057394832372665405,-0.04452388733625412,0.0,0.11750715970993042,-0.07440993934869766,0.009924381971359253,0.18975818157196045,-0.08814996480941772,0.0830952525138855,0.14712375402450562,-0.015547276474535465,0.06000658869743347,0.0,-0.04810546338558197,0.060526132583618164,0.06509804725646973,-0.06467822194099426,0.06822356581687927,0.1317545771598816,-0.06843890994787216,0.13610881567001343,0.1365932822227478,-0.033224333077669144,0.12103694677352905,0.004227638244628906,-0.05653640627861023,0.12187069654464722,0.06886899471282959,-0.05200252681970596,0.1258690357208252,0.13120359182357788,-0.04356711730360985,0.19150936603546143,0.14906549453735352,-0.05469180643558502,0.1820048689842224,0.04017674922943115,-0.06260459125041962,0.1757696270942688,0.07615762948989868,-0.049698617309331894,0.1747615933418274,0.12393087148666382,-0.037713319063186646
E,0.18806231021881104,0.45632290840148926,-5.846221142746799e-07,0.1081153154373169,0.43021202087402344,-0.02211250178515911,0.05000343918800354,0.34756845235824585,-0.03960530459880829,0.04951834678649902,0.25441890954971313,-0.06176374852657318,0.06961590051651001,0.18259799480438232,-0.07846435904502869,0.030438661575317383,0.18359476327896118,-0.005354274995625019,0.0012175142765045166,0.05450165271759033,-0.0462634302675724,0.0,0.1165093183517456,-0.07586648315191269,0.009947866201400757,0.18798303604125977,-0.08943157643079758,0.08235466480255127,0.1477324366569519,-0.01662452705204487,0.060350507497787476,0.0,-0.050563745200634,0.0627317726612091,0.0690774917602539,-0.06726344674825668,0.07029694318771362,0.1367565393447876,-0.07077669352293015,0.1352807879447937,0.13709384202957153,-0.034129004925489426,0.1220749020576477,0.0037818551063537598,-0.05854184925556183,0.12352615594863892,0.06978687644004822,-0.0538192018866539,0.12686485052108765,0.1333557367324829,-0.044994793832302094,0.18985497951507568,0.14908075332641602,-0.05543261766433716,0.18208587169647217,0.041012465953826904,-0.06424389779567719,0.17654937505722046,0.07686302065849304,-0.051810573786497116,0.1750381588935852,0.12374866008758545,-0.03996956720948219
E,0.18974807858467102,0.4526035189628601,-5.473195301419764e-07,0.11212888360023499,0.42798686027526855,-0.021045221015810966,0.05289250612258911,0.347747266292572,-0.037869419902563095,0.051913946866989136,0.2550441026687622,-0.05945794656872749,0.07323840260505676,0.18092072010040283,-0.0758262649178505,0.030613720417022705,0.18784946203231812,-0.0037442806642502546,0.0,0.06175112724304199,-0.04251813143491745,0.0023665428161621094,0.11661285161972046,-0.07108576595783234,0.015024542808532715,0.18333154916763306,-0.08454433083534241,0.0811443030834198,0.1477237343788147,-0.015409346669912338,0.0569557249546051,0.0,-0.046720340847969055,0.06247246265411377,0.06334349513053894,-0.06238747015595436,0.07205349206924438,0.12928593158721924,-0.06590752303600311,0.1344006359577179,0.13432109355926514,-0.03310712054371834,0.11850288510322571,0.0007006227970123291,-0.05508266016840935,0.123236745595932,0.06400564312934875,-0.04913651570677757,0.12825384736061096,0.12544488906860352,-0.04031269624829292,0.18992289900779724,0.14500278234481812,-0.054605934768915176,0.18017885088920593,0.0379297137260437,-0.06186415255069733,0.17672881484031677,0.07401853799819946,-0.048187315464019775,0.17689117789268494,0.1208541989326477,-0.03598542511463165
E,0.18687546253204346,0.45449063181877136,-5.522747414943296e-07,0.1075792908668518,0.4291869103908539,-0.023434093222022057,0.048890620470047,0.3472031056880951,-0.041729073971509933,0.04910513758659363,0.252143532037735,-0.06410236656665802,0.06996342539787292,0.17784979939460754,-0.08092735707759857,0.027452319860458374,0.18556681275367737,-0.007358917035162449,0.0,0.05515536665916443,-0.04752087965607643,0.0027878880500793457,0.11228945851325989,-0.07652384042739868,0.013470619916915894,0.17938289046287537,-0.09015776962041855,0.0799904465675354,0.14797666668891907,-0.01791433058679104,0.05954280495643616,0.0,-0.05086597800254822,0.0663730800151825,0.06689444184303284,-0.06725283712148666,0.07400983572006226,0.13301822543144226,-0.07116202265024185,0.1333630084991455,0.13563719391822815,-0.03461209312081337,0.1214328408241272,0.0030635297298431396,-0.05753287300467491,0.12691092491149902,0.06612488627433777,-0.05224166437983513,0.12999069690704346,0.12790921330451965,-0.04379739984869957,0.18805497884750366,0.1468891203403473,-0.055246006697416306,0.18058490753173828,0.040746718645095825,-0.06320425122976303,0.17846840620040894,0.07555529475212097,-0.05042734369635582,0.1771378517150879,0.12162655591964722,-0.038792893290519714
E,0.18699371814727783,0.44938862323760986,-5.370526992010127e-07,0.1084943413734436,0.42495477199554443,-0.022485004737973213,0.04935184121131897,0.34652698040008545,-0.040284447371959686,0.048053860664367676,0.2527899146080017,-0.06249502673745155,0.06888651847839355,0.17756062746047974,-0.07960716634988785,0.02796494960784912,0.18753725290298462,-0.0052392687648534775,0.0,0.06136003136634827,-0.04443534091114998,0.002038031816482544,0.11357223987579346,-0.07290396839380264,0.012716293334960938,0.17617285251617432,-0.08649492263793945,0.07929623126983643,0.14642786979675293,-0.016401005908846855,0.05644351243972778,0.0001748800277709961,-0.049306634813547134,0.06259247660636902,0.06625470519065857,-0.06546260416507721,0.07060274481773376,0.13199669122695923,-0.06884368509054184,0.13259506225585938,0.13169288635253906,-0.03360430523753166,0.11689949035644531,0.0,-0.05732642114162445,0.12284481525421143,0.06568476557731628,-0.05103001371026039,0.12740516662597656,0.12743306159973145,-0.041353896260261536,0.18765640258789062,0.14155524969100952,-0.05455317720770836,0.17718768119812012,0.03709656000137329,-0.0629274994134903,0.17503118515014648,0.07505419850349426,-0.048984792083501816,0.1756225824356079,0.12098336219787598,-0.036200061440467834
E,0.18839550018310547,0.449629008769989,-5.190929641685216e-07,0.11129772663116455,0.4278191924095154,-0.02418855018913746,0.052105724811553955,0.3523023724555969,-0.04368440434336662,0.0492461621761322,0.2594956159591675,-0.06715302914381027,0.07006531953811646,0.1843509078025818,-0.08534633368253708,0.030288249254226685,0.18772345781326294,-0.00840706005692482,0.0,0.06356841325759888,-0.04879206418991089,0.0014302432537078857,0.11355739831924438,-0.0781698226928711,0.012172281742095947,0.1753113865852356,-0.09226469695568085,0.08159846067428589,0.14623618125915527,-0.019333045929670334,0.05845034122467041,0.0,-0.05347920581698418,0.06410354375839233,0.06278932094573975,-0.07010583579540253,0.0721750557422638,0.12924039363861084,-0.07363473623991013,0.13476741313934326,0.13147252798080444,-0.03639150783419609,0.11974483728408813,3.546476364135742e-05,-0.06060456112027168,0.1253708004951477,0.06266838312149048,-0.054561372846364975,0.12979429960250854,0.12425532937049866,-0.044982995837926865,0.18977075815200806,0.14119869470596313,-0.05745123699307442,0.18011987209320068,0.03748902678489685,-0.0664454996585846,0.1776992678642273,0.07231128215789795,-0.05325731262564659,0.17805927991867065,0.11723467707633972,-0.04084213823080063
E,0.18393942713737488,0.45268726348876953,-5.222167942520173e-07,0.10597792267799377,0.42963844537734985,-0.024556785821914673,0.04599297046661377,0.3508245348930359,-0.04411448538303375,0.045429527759552,0.2572562098503113,-0.0675383061170578,0.06878086924552917,0.18347251415252686,-0.08564771711826324,0.028243690729141235,0.1877835988998413,-0.01005066279321909,0.0,0.06113347411155701,-0.052078813314437866,0.0016139447689056396,0.1180577278137207,-0.08233389258384705,0.01228073239326477,0.18654227256774902,-0.09648220986127853,0.08052018284797668,0.1479220986366272,-0.020548483356833458,0.05878251791000366,0.0,-0.0542607381939888,0.06230461597442627,0.06327542662620544,-0.0706510990858078,0.06850659847259521,0.12852317094802856,-0.07444414496421814,0.133754700422287,0.13518351316452026,-0.037283238023519516,0.12083056569099426,0.0059125423431396484,-0.061533425003290176,0.12537333369255066,0.06971344351768494,-0.055681876838207245,0.12795165181159973,0.12994855642318726,-0.04647339880466461,0.18840500712394714,0.14669746160507202,-0.05803117901086807,0.18050304055213928,0.04281553626060486,-0.0670163556933403,0.17818322777748108,0.07852974534034729,-0.05367104709148407,0.17709222435951233,0.12273368239402771,-0.04132189601659775
E,0.1871817708015442,0.449973464012146,-5.318636340234661e-07,0.10960125923156738,0.42968136072158813,-0.024890627712011337,0.048259854316711426,0.3547024130821228,-0.04462810605764389,0.045730799436569214,0.26178163290023804,-0.06815692037343979,0.06811827421188354,0.18711167573928833,-0.08644968271255493,0.02887740731239319,0.18976211547851562,-0.010220304131507874,0.0,0.06428173184394836,-0.05124444141983986,0.002862095832824707,0.11776646971702576,-0.08080202341079712,0.014247298240661621,0.18221509456634521,-0.09476419538259506,0.08125728368759155,0.14835941791534424,-0.02081409841775894,0.059137433767318726,0.0,-0.05506998673081398,0.06463223695755005,0.06326863169670105,-0.07154234498739243,0.07236245274543762,0.1304408311843872,-0.07489684969186783,0.13478899002075195,0.13431423902511597,-0.03757168725132942,0.12030583620071411,0.0028426051139831543,-0.06264689564704895,0.12560570240020752,0.06543737649917603,-0.05697263404726982,0.12941241264343262,0.12699493765830994,-0.04735599085688591,0.18933343887329102,0.14458131790161133,-0.05821284279227257,0.179421067237854,0.03949648141860962,-0.06780083477497101,0.17734897136688232,0.07553273439407349,-0.054381970316171646,0.1776273250579834,0.12152516841888428,-0.0416763573884964
E,0.1851387619972229,0.4504849910736084,-5.3161295454629e-07,0.10445231199264526,0.42898136377334595,-0.02458762750029564,0.04376375675201416,0.348447322845459,-0.042823098599910736,0.04455497860908508,0.2527909278869629,-0.06505192071199417,0.06772482395172119,0.17846179008483887,-0.08194394409656525,0.02633887529373169,0.18992716073989868,-0.0068715643137693405,0.0,0.058861613273620605,-0.04728269204497337,0.003939956426620483,0.11170071363449097,-0.07615221291780472,0.016095876693725586,0.1740698218345642,-0.08977865427732468,0.07931816577911377,0.14938896894454956,-0.017126241698861122,0.06002265214920044,0.0,-0.05212083086371422,0.06504896283149719,0.0663309097290039,-0.06919429451227188,0.0718490481376648,0.1330597996711731,-0.07272893935441971,0.1327301263809204,0.13490402698516846,-0.03375447914004326,0.12063103914260864,0.002807319164276123,-0.05922277644276619,0.12543749809265137,0.06718161702156067,-0.05450151860713959,0.12905353307724,0.12952306866645813,-0.04528467729687691,0.18739444017410278,0.1446252465248108,-0.05433221161365509,0.17968523502349854,0.040148377418518066,-0.06398645043373108,0.17790549993515015,0.0759986937046051,-0.051734354346990585,0.1779465675354004,0.1214216947555542,-0.039923012256622314
E,0.17845499515533447,0.4530280530452728,-5.132258138473844e-07,0.10120737552642822,0.4299701750278473,-0.02584332600235939,0.04145526885986328,0.350820392370224,-0.045468658208847046,0.03901231288909912,0.25795313715934753,-0.06904016435146332,0.05903130769729614,0.18305405974388123,-0.08689834922552109,0.024459421634674072,0.18577179312705994,-0.007772290147840977,0.0,0.05607828497886658,-0.049369845539331436,0.001687169075012207,0.11205548048019409,-0.07901578396558762,0.013037264347076416,0.17833563685417175,-0.09267237037420273,0.07706612348556519,0.1483382284641266,-0.01756562851369381,0.05790060758590698,0.0,-0.05248328670859337,0.060038745403289795,0.06531652808189392,-0.06906347721815109,0.06659990549087524,0.13127180933952332,-0.07226768881082535,0.13021910190582275,0.13639715313911438,-0.03399723023176193,0.11807793378829956,0.004354387521743774,-0.05923640727996826,0.12085568904876709,0.06828698515892029,-0.053801409900188446,0.12415754795074463,0.13028976321220398,-0.04410838335752487,0.18474119901657104,0.14759424328804016,-0.05458539351820946,0.17747920751571655,0.04181942343711853,-0.06433015316724777,0.17390668392181396,0.07621291279792786,-0.05182666331529617,0.17290735244750977,0.12122631072998047,-0.03958314657211304
E,0.18003088235855103,0.4515589475631714,-4.980210519534012e-07,0.10320395231246948,0.4315524101257324,-0.027608998119831085,0.04212242364883423,0.35668665170669556,-0.048695676028728485,0.03946855664253235,0.26466917991638184,-0.07308296859264374,0.05904164910316467,0.18766027688980103,-0.09165216237306595,0.02294158935546875,0.1872357726097107,-0.01207722257822752,0.0,0.055698275566101074,-0.05379529297351837,0.005100220441818237,0.10892319679260254,-0.08347301185131073,0.016587913036346436,0.1739969253540039,-0.09736225754022598,0.07611069083213806,0.14883673191070557,-0.021388528868556023,0.05699014663696289,0.0,-0.056386467069387436,0.0632108747959137,0.06248652935028076,-0.07348083704710007,0.07076919078826904,0.12967169284820557,-0.07723595201969147,0.12934136390686035,0.13618004322052002,-0.03723364323377609,0.11667531728744507,0.006636708974838257,-0.06271650642156601,0.12274545431137085,0.06730145215988159,-0.0578431710600853,0.1268935203552246,0.12886840105056763,-0.048654235899448395,0.18327492475509644,0.14685964584350586,-0.05722987651824951,0.17409729957580566,0.04218354821205139,-0.06742038577795029,0.1731628179550171,0.07625854015350342,-0.05503091216087341,0.17363721132278442,0.12282910943031311,-0.04291689768433571
E,0.1814773976802826,0.4504246413707733,-5.493408252732479e-07,0.10153636336326599,0.4265121519565582,-0.025796998292207718,0.040388256311416626,0.34852293133735657,-0.045444611459970474,0.03908923268318176,0.2549108564853668,-0.06890122592449188,0.061060816049575806,0.18063488602638245,-0.08626892417669296,0.02278059720993042,0.1848485767841339,-0.008528278209269047,0.0,0.05010715126991272,-0.050513070076704025,0.0063145458698272705,0.10905435681343079,-0.07980547100305557,0.017199963331222534,0.17479625344276428,-0.09325950592756271,0.07647117972373962,0.14846500754356384,-0.018235284835100174,0.05930095911026001,0.0,-0.05429543927311897,0.06517234444618225,0.06903550028800964,-0.07050938159227371,0.07039710879325867,0.13623002171516418,-0.07311414927244186,0.12973901629447937,0.13619348406791687,-0.034655142575502396,0.11844804883003235,0.0056649744510650635,-0.06078605726361275,0.12394264340400696,0.07019975781440735,-0.05464082211256027,0.1267496645450592,0.13252732157707214,-0.04401259869337082,0.1839519441127777,0.1466573178768158,-0.05516637861728668,0.17502495646476746,0.042057305574417114,-0.064891517162323,0.17322805523872375,0.07726737856864929,-0.05174458771944046,0.1722441017627716,0.12291929125785828,-0.038923777639865875
E,0.18214654922485352,0.44918370246887207,-5.296939207255491e-07,0.10389071702957153,0.42895328998565674,-0.027942795306444168,0.04291713237762451,0.35244256258010864,-0.04886222630739212,0.04035910964012146,0.2585068345069885,-0.07301478087902069,0.06020897626876831,0.18223696947097778,-0.09101474285125732,0.024435997009277344,0.18490362167358398,-0.011567038483917713,0.0,0.053148508071899414,-0.054319318383932114,0.005575597286224365,0.11066153645515442,-0.08400082588195801,0.01785793900489807,0.1766236424446106,-0.09757447242736816,0.07769569754600525,0.14674299955368042,-0.02035233937203884,0.05984589457511902,0.0,-0.05725628137588501,0.065084308385849,0.06904929876327515,-0.07355352491140366,0.07119375467300415,0.13766121864318848,-0.07584068924188614,0.13073348999023438,0.13412797451019287,-0.03589895740151405,0.11956173181533813,0.007694274187088013,-0.063187375664711,0.12514066696166992,0.0739087164402008,-0.05698246508836746,0.1285671591758728,0.13652455806732178,-0.04594319686293602,0.18460434675216675,0.14460855722427368,-0.05562780052423477,0.1772558093070984,0.042775869369506836,-0.06682632863521576,0.17569631338119507,0.0800546407699585,-0.053914330899715424,0.17488765716552734,0.12690359354019165,-0.040773339569568634
E,0.18259769678115845,0.44899916648864746,-5.249409014140838e-07,0.10502046346664429,0.42893582582473755,-0.028977230191230774,0.04404270648956299,0.3516634702682495,-0.0499095618724823,0.04102584719657898,0.2578086256980896,-0.07389995455741882,0.05874893069267273,0.18012237548828125,-0.09152565896511078,0.02403491735458374,0.18426573276519775,-0.01065064501017332,0.0,0.053534895181655884,-0.05413573980331421,0.0041837990283966064,0.11099755764007568,-0.08446341753005981,0.016466587781906128,0.17709791660308838,-0.09816691279411316,0.07747435569763184,0.14669638872146606,-0.018778614699840546,0.06066364049911499,0.0,-0.056053340435028076,0.06554979085922241,0.0692010223865509,-0.0725628212094307,0.07219940423965454,0.1360951066017151,-0.07488204538822174,0.13069099187850952,0.13391199707984924,-0.03393150866031647,0.12042862176895142,0.006602585315704346,-0.0609419159591198,0.1256321668624878,0.07309132814407349,-0.05454765260219574,0.12903976440429688,0.1343030333518982,-0.04348849505186081,0.1851348876953125,0.1437726616859436,-0.053493794053792953,0.1786366105079651,0.04177820682525635,-0.06416231393814087,0.17664796113967896,0.07942894101142883,-0.05115178972482681,0.17524832487106323,0.1247788667678833,-0.038053978234529495
E,0.1805969476699829,0.4509531259536743,-5.413530743680894e-07,0.10303997993469238,0.42629146575927734,-0.026490913704037666,0.04325360059738159,0.3480079174041748,-0.046531740576028824,0.041113823652267456,0.25587379932403564,-0.07020413130521774,0.06049039959907532,0.1809142827987671,-0.08768142759799957,0.0241013765335083,0.181443452835083,-0.007719176355749369,0.0,0.05435889959335327,-0.05048294737935066,0.0022309720516204834,0.1156478226184845,-0.08094596862792969,0.013996899127960205,0.1839696764945984,-0.09489279240369797,0.07715499401092529,0.14495033025741577,-0.016898320987820625,0.059409111738204956,0.0,-0.053485337644815445,0.06261441111564636,0.07001245021820068,-0.07008687406778336,0.07005676627159119,0.13845649361610413,-0.07237184047698975,0.13060766458511353,0.13343024253845215,-0.032943740487098694,0.11967921257019043,0.00723874568939209,-0.05840523540973663,0.12326687574386597,0.07176119089126587,-0.05224233865737915,0.12708145380020142,0.13286322355270386,-0.041572246700525284,0.1851491928100586,0.1447858214378357,-0.053300272673368454,0.17864668369293213,0.04358360171318054,-0.06246546655893326,0.17491668462753296,0.07939216494560242,-0.04946133866906166,0.17330890893936157,0.1242847740650177,-0.03655919432640076
E,0.18172425031661987,0.4494154155254364,-5.543220709114394e-07,0.10400432348251343,0.4284828007221222,-0.02740486152470112,0.04428786039352417,0.3496929705142975,-0.04704192280769348,0.04029589891433716,0.25520071387290955,-0.07018928974866867,0.058040738105773926,0.1777966320514679,-0.08709953725337982,0.02573484182357788,0.1854296624660492,-0.006594672799110413,0.0,0.05693575739860535,-0.048396121710538864,0.0033115148544311523,0.11504173278808594,-0.07794486731290817,0.015026837587356567,0.18058261275291443,-0.09165707975625992,0.0779300332069397,0.14647546410560608,-0.01546815037727356,0.05880051851272583,0.0,-0.052716124802827835,0.0639863908290863,0.07137417793273926,-0.0698646605014801,0.07049459218978882,0.13972672820091248,-0.07227400690317154,0.13027095794677734,0.13353899121284485,-0.03125089034438133,0.11862832307815552,0.00534135103225708,-0.058256421238183975,0.12362438440322876,0.07276549935340881,-0.05195363238453865,0.1262819766998291,0.1341778039932251,-0.040709421038627625,0.18314111232757568,0.1441686451435089,-0.05121075361967087,0.1764812469482422,0.042303383350372314,-0.06119749695062637,0.17439913749694824,0.07932880520820618,-0.047859739512205124,0.1731128692626953,0.12281298637390137,-0.034619271755218506
E,0.18003445863723755,0.45145753026008606,-5.452515097204014e-07,0.1028701663017273,0.4265435039997101,-0.025105202570557594,0.04437616467475891,0.3485250771045685,-0.04444538429379463,0.040513187646865845,0.25670090317726135,-0.06774470955133438,0.058935582637786865,0.18200501799583435,-0.08497507125139236,0.026138097047805786,0.18358001112937927,-0.006400992162525654,0.0,0.05411401391029358,-0.04837118461728096,0.0022379159927368164,0.1140824556350708,-0.07834263890981674,0.01330062747001648,0.1824769675731659,-0.0920872762799263,0.07840615510940552,0.1468311846256256,-0.01624978706240654,0.060014545917510986,0.0,-0.05235785245895386,0.06308019161224365,0.06810283660888672,-0.06943313777446747,0.06917417049407959,0.13571342825889587,-0.07236983627080917,0.13095945119857788,0.135486900806427,-0.03276577591896057,0.1210014820098877,0.007093161344528198,-0.05845320597290993,0.12438029050827026,0.07150745391845703,-0.05285495147109032,0.12701666355133057,0.13270899653434753,-0.042659319937229156,0.18464970588684082,0.14708343148231506,-0.053341057151556015,0.1789405345916748,0.04501703381538391,-0.06262850761413574,0.17564719915390015,0.08013847470283508,-0.049790073186159134,0.17418056726455688,0.12387534976005554,-0.037134625017642975
E,0.18044143915176392,0.45343950390815735,-5.214832299316186e-07,0.10413151979446411,0.43104127049446106,-0.02733454294502735,0.04562026262283325,0.35528764128685,-0.04812201112508774,0.040976911783218384,0.26362863183021545,-0.07232464104890823,0.056213706731796265,0.18549492955207825,-0.09049492329359055,0.02505481243133545,0.19024428725242615,-0.01137530617415905,0.0,0.058260053396224976,-0.053972549736499786,0.0027101635932922363,0.11464357376098633,-0.08424864709377289,0.012821078300476074,0.18216010928153992,-0.0982552245259285,0.07763499021530151,0.15204539895057678,-0.020760003477334976,0.0571991503238678,0.0,-0.05658901110291481,0.06105297803878784,0.06469479203224182,-0.07439743727445602,0.0674121081829071,0.13136687874794006,-0.0785120502114296,0.13050121068954468,0.13999634981155396,-0.036691319197416306,0.11875033378601074,0.007952898740768433,-0.06294479966163635,0.12235629558563232,0.07151919603347778,-0.05892539396882057,0.1250818371772766,0.13327866792678833,-0.05018109828233719,0.18493181467056274,0.15087834000587463,-0.056716930121183395,0.17807358503341675,0.04407963156700134,-0.06727627664804459,0.17427170276641846,0.07745477557182312,-0.05582316219806671,0.17215347290039062,0.12285110354423523,-0.04442688450217247
E,0.18448010087013245,0.4542511999607086,-5.738365871366113e-07,0.10579749941825867,0.4313289225101471,-0.026438994333148003,0.04629594087600708,0.3503967821598053,-0.04569641500711441,0.045224279165267944,0.25541046261787415,-0.06856424361467361,0.06571698188781738,0.1805342137813568,-0.08546488732099533,0.027914106845855713,0.18878158926963806,-0.008859850466251373,0.0,0.056793659925460815,-0.05109042674303055,0.0008717477321624756,0.11881124973297119,-0.08141209930181503,0.011101394891738892,0.1887652575969696,-0.09570136666297913,0.08005747199058533,0.1508025825023651,-0.01832151971757412,0.06015884876251221,0.0,-0.05388674512505531,0.0636884868144989,0.06890693306922913,-0.07163901627063751,0.06982669234275818,0.136427640914917,-0.07577423751354218,0.13242295384407043,0.1393086016178131,-0.03443826362490654,0.1203029453754425,0.007969051599502563,-0.06025431677699089,0.1240624487400055,0.07263723015785217,-0.05645739659667015,0.12682172656059265,0.13436296582221985,-0.04813561588525772,0.18648794293403625,0.15144357085227966,-0.05466371029615402,0.17959275841712952,0.04631665349006653,-0.06473288685083389,0.17606380581855774,0.08273425698280334,-0.053361132740974426,0.17416498064994812,0.1294555366039276,-0.04235928878188133
E,0.18084639310836792,0.4570322036743164,-5.714200597140007e-07,0.10178959369659424,0.4298703074455261,-0.02517717331647873,0.04483261704444885,0.3487231135368347,-0.04446413740515709,0.04351925849914551,0.2553810477256775,-0.06783964484930038,0.060699641704559326,0.17939919233322144,-0.08544503897428513,0.026771843433380127,0.18601876497268677,-0.0074208262376487255,8.568167686462402e-05,0.0540907084941864,-0.050173431634902954,0.0,0.11598116159439087,-0.08144675195217133,0.009894490242004395,0.18853187561035156,-0.09598957747220993,0.07915472984313965,0.15077942609786987,-0.01757543720304966,0.05940979719161987,0.0,-0.05346023291349411,0.06150376796722412,0.0677219033241272,-0.07270941883325577,0.06771612167358398,0.1356937289237976,-0.07793986797332764,0.13101708889007568,0.14039143919944763,-0.03431987762451172,0.11950206756591797,0.007961750030517578,-0.05997501313686371,0.1213945746421814,0.07041174173355103,-0.05812035873532295,0.12471479177474976,0.13266143202781677,-0.05119984596967697,0.1848926544189453,0.1517966389656067,-0.055054448544979095,0.1775801181793213,0.04426196217536926,-0.0646015927195549,0.17276841402053833,0.07717186212539673,-0.05413203313946724,0.17085164785385132,0.1231975257396698,-0.04386468604207039
E,0.18284234404563904,0.45569735765457153,-5.757149210694479e-07,0.10359779000282288,0.43040400743484497,-0.026466606184840202,0.046280741691589355,0.3503926396369934,-0.046334408223629,0.04466906189918518,0.2578912377357483,-0.07010264694690704,0.061874210834503174,0.18144643306732178,-0.08834857493638992,0.02961006760597229,0.18651574850082397,-0.009610440582036972,0.0021908581256866455,0.05745849013328552,-0.0526423454284668,0.0,0.11926111578941345,-0.08384136855602264,0.00839415192604065,0.19042330980300903,-0.09843812137842178,0.08130964636802673,0.15113788843154907,-0.01949400268495083,0.05968141555786133,0.0,-0.05622749775648117,0.06134715676307678,0.06937289237976074,-0.0757288709282875,0.0677940845489502,0.13751715421676636,-0.08081330358982086,0.13267657160758972,0.14112460613250732,-0.03591720014810562,0.11972597241401672,0.01002928614616394,-0.06372293084859848,0.12119600176811218,0.0750465989112854,-0.06274983286857605,0.12431266903877258,0.1381177008152008,-0.055734340101480484,0.18636825680732727,0.15283530950546265,-0.056197017431259155,0.17792442440986633,0.044202327728271484,-0.06760791689157486,0.17281422019004822,0.07891112565994263,-0.05766832455992699,0.17056164145469666,0.12646064162254333,-0.047424688935279846
E,0.180312842130661,0.4595579504966736,-6.130819087957207e-07,0.10053160786628723,0.43072813749313354,-0.02281772717833519,0.0459446907043457,0.3476514220237732,-0.04074935242533684,0.0453011691570282,0.25662124156951904,-0.06342010945081711,0.06063428521156311,0.18307965993881226,-0.08066898584365845,0.030629962682724,0.18308693170547485,-0.004676250275224447,0.002048969268798828,0.053276121616363525,-0.04808220639824867,0.0,0.11943134665489197,-0.07956508547067642,0.00977429747581482,0.19441992044448853,-0.09388883411884308,0.08297505974769592,0.15035408735275269,-0.01603073999285698,0.06298607587814331,0.0,-0.05372778698801994,0.06373831629753113,0.07209929823875427,-0.07362964004278183,0.06892386078834534,0.14090991020202637,-0.07840471714735031,0.13413390517234802,0.14214259386062622,-0.03391154855489731,0.12391111254692078,0.010991275310516357,-0.06164871156215668,0.12460467219352722,0.07641646265983582,-0.060273271054029465,0.12644562125205994,0.13829949498176575,-0.05281155928969383,0.18698784708976746,0.1556856632232666,-0.05543595179915428,0.1809857189655304,0.048752665519714355,-0.06551964581012726,0.17598047852516174,0.08400240540504456,-0.05462734401226044,0.17314931750297546,0.1294364035129547,-0.043751075863838196
E,0.17991450428962708,0.45887863636016846,-6.002006784910918e-07,0.09972688555717468,0.4313598871231079,-0.024625159800052643,0.042939186096191406,0.3492342233657837,-0.04331669583916664,0.04187777638435364,0.2589573264122009,-0.06643923372030258,0.059047847986221313,0.1848134994506836,-0.08417872339487076,0.032495588064193726,0.1835848093032837,-0.0068747615441679955,0.004335165023803711,0.05524599552154541,-0.049578145146369934,0.0,0.11847159266471863,-0.080742247402668,0.008739978075027466,0.19193559885025024,-0.09530865401029587,0.0840664803981781,0.15065014362335205,-0.01766389049589634,0.06260457634925842,0.0,-0.05558149889111519,0.06164121627807617,0.07068020105361938,-0.0756477564573288,0.06766381859779358,0.14050796627998352,-0.08042068779468536,0.13508006930351257,0.14259961247444153,-0.034954510629177094,0.12276461720466614,0.010565221309661865,-0.06332862377166748,0.12227335572242737,0.0752040445804596,-0.06263531744480133,0.12492641806602478,0.13805508613586426,-0.055377498269081116,0.18781664967536926,0.15595144033432007,-0.05596977099776268,0.18038412928581238,0.04812851548194885,-0.06735046207904816,0.17422530055046082,0.08242583274841309,-0.0573703795671463,0.17183271050453186,0.12848657369613647,-0.046891842037439346
E,0.17473334074020386,0.45769357681274414,-6.103468876972329e-07,0.09378808736801147,0.43018168210983276,-0.022550545632839203,0.03751879930496216,0.3460500240325928,-0.04000744968652725,0.03777477145195007,0.254863440990448,-0.06210329756140709,0.05676072835922241,0.18320703506469727,-0.07889457046985626,0.02830260992050171,0.18199092149734497,-0.007003103382885456,0.000563889741897583,0.04849034547805786,-0.048250943422317505,0.0,0.11030825972557068,-0.07819352298974991,0.008831560611724854,0.18417638540267944,-0.09208334982395172,0.08002358675003052,0.15023595094680786,-0.018037252128124237,0.059527575969696045,0.0,-0.052980728447437286,0.061479032039642334,0.0682721734046936,-0.0717911571264267,0.06732136011123657,0.13736844062805176,-0.07698364555835724,0.13095420598983765,0.1430775225162506,-0.035327453166246414,0.11939573287963867,0.009093821048736572,-0.06065290793776512,0.1193581223487854,0.06949865818023682,-0.060118719935417175,0.12090587615966797,0.13202226161956787,-0.05431843176484108,0.18320411443710327,0.1571730375289917,-0.05627364292740822,0.1775633692741394,0.04801130294799805,-0.06589588522911072,0.1706370711326599,0.07781323790550232,-0.05674324557185173,0.16599923372268677,0.12339946627616882,-0.04770258814096451
E,0.17515963315963745,0.45973873138427734,-5.93140100590972e-07,0.09399312734603882,0.432343065738678,-0.02188021130859852,0.037598252296447754,0.3439748287200928,-0.03782971203327179,0.03807419538497925,0.2501670718193054,-0.058771975338459015,0.05717557668685913,0.17764180898666382,-0.07417552918195724,0.02810385823249817,0.18184196949005127,-0.001791004091501236,0.002697169780731201,0.047557950019836426,-0.04221484065055847,0.0,0.10873061418533325,-0.07170673459768295,0.008165717124938965,0.18141412734985352,-0.08521188050508499,0.0802040696144104,0.15046042203903198,-0.012742556631565094,0.05995452404022217,0.0,-0.047715526074171066,0.059818804264068604,0.06707540154457092,-0.06688696146011353,0.06603479385375977,0.1349714994430542,-0.07179166376590729,0.13133519887924194,0.14241951704025269,-0.030165888369083405,0.11855512857437134,0.008464932441711426,-0.05580591782927513,0.1180109977722168,0.07035791873931885,-0.055111151188611984,0.12099957466125488,0.13365918397903442,-0.048524923622608185,0.1841558814048767,0.15480971336364746,-0.05126548931002617,0.17674267292022705,0.04593515396118164,-0.0611528642475605,0.16970312595367432,0.0763954222202301,-0.051895201206207275,0.16681408882141113,0.12230801582336426,-0.04225846007466316
E,0.1717304289340973,0.4625629782676697,-5.435796310848673e-07,0.09150698781013489,0.4324186444282532,-0.02229348011314869,0.03430837392807007,0.34650081396102905,-0.03868269547820091,0.034623414278030396,0.25222212076187134,-0.05990253761410713,0.05535927414894104,0.1778322458267212,-0.07555694133043289,0.02246841788291931,0.18200933933258057,-0.0004747384518850595,0.0,0.048972249031066895,-0.039085231721401215,0.0001945197582244873,0.10531285405158997,-0.06802856922149658,0.009165853261947632,0.17406898736953735,-0.08166535198688507,0.07522991299629211,0.15039223432540894,-0.011159067042171955,0.058108121156692505,0.0,-0.04426361992955208,0.06029108166694641,0.06386643648147583,-0.06327539682388306,0.06635937094688416,0.1313002109527588,-0.06848037987947464,0.12729856371879578,0.14293450117111206,-0.028221212327480316,0.11662575602531433,0.010374099016189575,-0.052062567323446274,0.11805447936058044,0.07008278369903564,-0.05094437673687935,0.12067422270774841,0.13277214765548706,-0.04451665282249451,0.18085947632789612,0.15739834308624268,-0.049048904329538345,0.17418214678764343,0.04987984895706177,-0.05810118839144707,0.16858306527137756,0.07995021343231201,-0.0483364500105381,0.16567406058311462,0.1260756254196167,-0.03845546022057533
E,0.17005735635757446,0.46135878562927246,-5.59649549813912e-07,0.08930116891860962,0.4296960234642029,-0.020915532484650612,0.03381708264350891,0.3411867618560791,-0.035907186567783356,0.03479433059692383,0.2483121156692505,-0.05605160444974899,0.05350011587142944,0.17476171255111694,-0.07086361199617386,0.020677924156188965,0.1814594268798828,0.0017404983518645167,0.0,0.04691356420516968,-0.03600458800792694,0.0010780394077301025,0.10275176167488098,-0.06444356590509415,0.009354889392852783,0.17077255249023438,-0.07786006480455399,0.07393115758895874,0.150210440158844,-0.00913047231733799,0.057700276374816895,0.0,-0.041777245700359344,0.06040668487548828,0.0663648247718811,-0.06113719940185547,0.06583762168884277,0.1330166459083557,-0.06688475608825684,0.12606120109558105,0.14185291528701782,-0.026291655376553535,0.11544865369796753,0.010214656591415405,-0.049972645938396454,0.11665600538253784,0.07243552803993225,-0.04971586540341377,0.11969012022018433,0.13596171140670776,-0.04403957724571228,0.18015897274017334,0.15420180559158325,-0.04703707620501518,0.17302483320236206,0.046748459339141846,-0.055264391005039215,0.16727203130722046,0.07874053716659546,-0.04577139392495155,0.16482222080230713,0.12516918778419495,-0.03652289882302284
E,0.17340582609176636,0.4608254134654999,-5.105031846142083e-07,0.09161823987960815,0.4300489127635956,-0.020359423011541367,0.03335517644882202,0.3429315984249115,-0.034983620047569275,0.03384026885032654,0.24759671092033386,-0.05478822812438011,0.05438196659088135,0.17236945033073425,-0.06942225247621536,0.0191270112991333,0.18138906359672546,0.003005250822752714,0.0,0.049713969230651855,-0.03329978883266449,0.0024377405643463135,0.09820947051048279,-0.0608108788728714,0.011642158031463623,0.16221442818641663,-0.07372646033763885,0.0721319317817688,0.14799198508262634,-0.008263115771114826,0.05632627010345459,0.0,-0.039652206003665924,0.060081303119659424,0.059887319803237915,-0.058052610605955124,0.0666692852973938,0.127699613571167,-0.06290877610445023,0.1255825161933899,0.13869449496269226,-0.025788990780711174,0.1145971417427063,0.009238272905349731,-0.04851466417312622,0.11727815866470337,0.06701987981796265,-0.04784540459513664,0.12085264921188354,0.13017410039901733,-0.04170740395784378,0.18064534664154053,0.15160945057868958,-0.04690088704228401,0.17302626371383667,0.044309258460998535,-0.05558919161558151,0.1680474877357483,0.07371899485588074,-0.04608564078807831,0.16619688272476196,0.12074476480484009,-0.036268915981054306
E,0.1734190583229065,0.46142229437828064,-5.256657118479779e-07,0.09343510866165161,0.4310227930545807,-0.02169729396700859,0.03646212816238403,0.3440450131893158,-0.03713646158576012,0.035162925720214844,0.2510819733142853,-0.057781070470809937,0.05264654755592346,0.1751323640346527,-0.07336895912885666,0.023124366998672485,0.18226322531700134,0.002062553074210882,0.0004228651523590088,0.05154925584793091,-0.03612011298537254,0.0,0.10224828124046326,-0.06524110585451126,0.010097533464431763,0.16936954855918884,-0.07896893471479416,0.07515454292297363,0.14934971928596497,-0.008907103911042213,0.057295024394989014,0.0,-0.04218383505940437,0.05854731798171997,0.060400813817977905,-0.06264036148786545,0.0656970739364624,0.12875109910964966,-0.06876510381698608,0.1272721290588379,0.14065495133399963,-0.02635982260107994,0.11576581001281738,0.007594317197799683,-0.05083252489566803,0.11631369590759277,0.06514456868171692,-0.05253995582461357,0.1205335259437561,0.12951013445854187,-0.04783301427960396,0.18158453702926636,0.15353307127952576,-0.04744550585746765,0.17390364408493042,0.04562404751777649,-0.05750177800655365,0.1678379774093628,0.07391855120658875,-0.04993819445371628,0.16615140438079834,0.12102040648460388,-0.041520360857248306
E,0.17747914791107178,0.4597087502479553,-5.570680059463484e-07,0.09713548421859741,0.4291466474533081,-0.02104499563574791,0.03896749019622803,0.3417450189590454,-0.03625180199742317,0.0402490496635437,0.24665534496307373,-0.05678372457623482,0.06065946817398071,0.17002129554748535,-0.07189056277275085,0.023640990257263184,0.18520838022232056,0.00200125714763999,0.0,0.05436432361602783,-0.03653031215071678,0.0011786222457885742,0.11191755533218384,-0.06504543870687485,0.01147511601448059,0.1800820231437683,-0.07816196233034134,0.0754736065864563,0.15000122785568237,-0.00903248693794012,0.056595176458358765,0.0,-0.04099654778838158,0.06056326627731323,0.06565618515014648,-0.05856211856007576,0.06854057312011719,0.13254135847091675,-0.06287074089050293,0.1281890869140625,0.13933393359184265,-0.02654222398996353,0.11456471681594849,0.00711137056350708,-0.04905129596590996,0.11790919303894043,0.07117605209350586,-0.04575582966208458,0.12234753370285034,0.13401591777801514,-0.03809593245387077,0.18307781219482422,0.1513906717300415,-0.04785510152578354,0.17483407258987427,0.04291611909866333,-0.05484994500875473,0.17000341415405273,0.0774289071559906,-0.042969100177288055,0.16853463649749756,0.1250796914100647,-0.03196033462882042
E,0.18115058541297913,0.4591931104660034,-5.568721235249541e-07,0.10037311911582947,0.42836326360702515,-0.02082039602100849,0.04338124394416809,0.3410995602607727,-0.036283865571022034,0.04540407657623291,0.2469612956047058,-0.05708581209182739,0.06606081128120422,0.1722092628479004,-0.07297215610742569,0.030621469020843506,0.18461978435516357,0.0011414876207709312,0.0033950507640838623,0.05816984176635742,-0.038908347487449646,0.0,0.11441493034362793,-0.06915564090013504,0.009618788957595825,0.1844121813774109,-0.0831683799624443,0.08150401711463928,0.1491948962211609,-0.010463215410709381,0.06028929352760315,0.0,-0.04405807703733444,0.05950996279716492,0.06265461444854736,-0.06307607144117355,0.0671444833278656,0.12948912382125854,-0.06802190840244293,0.1335677206516266,0.13957783579826355,-0.028512846678495407,0.12080737948417664,0.007903814315795898,-0.05293376371264458,0.12041619420051575,0.06965786218643188,-0.05145921930670738,0.1243416965007782,0.13168257474899292,-0.044603750109672546,0.18816903233528137,0.1528306007385254,-0.05025035887956619,0.1809103786945343,0.04454243183135986,-0.0586959607899189,0.17416319251060486,0.07763063907623291,-0.04767242446541786,0.17242887616157532,0.12410444021224976,-0.036991942673921585
E,0.17915970087051392,0.46134525537490845,-5.550396053877193e-07,0.10027515888214111,0.4313470125198364,-0.021084530279040337,0.04305669665336609,0.3444201946258545,-0.03655216470360756,0.04451152682304382,0.25134557485580444,-0.05724191665649414,0.06361910700798035,0.17653048038482666,-0.07276014983654022,0.027753710746765137,0.18637323379516602,0.0002743635850492865,0.0025873780250549316,0.05866217613220215,-0.03933925926685333,0.0,0.11650669574737549,-0.06904251873493195,0.010043799877166748,0.18666154146194458,-0.08275735378265381,0.07896465063095093,0.1515185832977295,-0.011100122705101967,0.05951625108718872,0.0,-0.04402364417910576,0.059235721826553345,0.0630761981010437,-0.06233099102973938,0.06719702482223511,0.12992197275161743,-0.06699226796627045,0.13095605373382568,0.14211463928222656,-0.02887757308781147,0.1179959774017334,0.009287536144256592,-0.05233460292220116,0.11805236339569092,0.07123640179634094,-0.05035329982638359,0.12242227792739868,0.13331401348114014,-0.043459534645080566,0.185407817363739,0.15522408485412598,-0.05044659599661827,0.17808324098587036,0.0456278920173645,-0.05817562714219093,0.17121028900146484,0.07862618565559387,-0.04707849398255348,0.16947662830352783,0.12577593326568604,-0.03659656271338463
E,0.1832205057144165,0.4576602578163147,-5.40496898793208e-07,0.10271447896957397,0.429349422454834,-0.02198789268732071,0.04381042718887329,0.34538185596466064,-0.038741834461688995,0.04483255743980408,0.2510371804237366,-0.06030099093914032,0.06538346409797668,0.17560338973999023,-0.07681690156459808,0.030684322118759155,0.18775922060012817,-0.003999708220362663,0.0033863186836242676,0.060276567935943604,-0.04442789405584335,0.0,0.1153019368648529,-0.07449910044670105,0.00907471776008606,0.1852666735649109,-0.088430255651474,0.08120256662368774,0.15125292539596558,-0.015032821334898472,0.059326767921447754,0.0,-0.047596972435712814,0.05972713232040405,0.05850359797477722,-0.0656491369009018,0.06806877255439758,0.12379661202430725,-0.07064938545227051,0.13324189186096191,0.14048337936401367,-0.03228311613202095,0.11778038740158081,0.007729709148406982,-0.0556827113032341,0.11870896816253662,0.06612029671669006,-0.05346568301320076,0.12391161918640137,0.1266573667526245,-0.046746626496315,0.18808799982070923,0.15222150087356567,-0.05332011729478836,0.17879581451416016,0.043024301528930664,-0.061312370002269745,0.1722920536994934,0.0733610987663269,-0.050109148025512695,0.17130142450332642,0.11910700798034668,-0.039604928344488144
E,0.18220573663711548,0.4572749733924866,-5.679572154804191e-07,0.10413151979446411,0.4294431805610657,-0.023945771157741547,0.04762309789657593,0.3490452170372009,-0.042329318821430206,0.044554680585861206,0.2578451633453369,-0.06524723768234253,0.059114933013916016,0.18023443222045898,-0.08274781703948975,0.031942129135131836,0.185927152633667,-0.005212531425058842,0.0037533044815063477,0.05777621269226074,-0.04759210720658302,0.0,0.11664146184921265,-0.078702911734581,0.010269463062286377,0.1896781325340271,-0.09286820143461227,0.08282631635665894,0.15090405941009521,-0.01573183201253414,0.06018301844596863,0.0,-0.051825765520334244,0.059381723403930664,0.06492426991462708,-0.07131252437829971,0.0672922134399414,0.13283151388168335,-0.07624534517526627,0.13415628671646118,0.14093470573425293,-0.032776109874248505,0.12072277069091797,0.007484108209609985,-0.05916523188352585,0.12032049894332886,0.06982097029685974,-0.05801662430167198,0.1245841383934021,0.13226085901260376,-0.05109229311347008,0.18819499015808105,0.15255296230316162,-0.05363147705793381,0.18025696277618408,0.044986844062805176,-0.06366688013076782,0.17400699853897095,0.07693007588386536,-0.05362480878829956,0.17259252071380615,0.1221676766872406,-0.04337548464536667
E,0.18168124556541443,0.45568349957466125,-5.772772624368372e-07,0.10229852795600891,0.4285567104816437,-0.023288032039999962,0.045431941747665405,0.34654727578163147,-0.040931571274995804,0.04487982392311096,0.25576022267341614,-0.06319773942232132,0.06117662787437439,0.18055668473243713,-0.0802413672208786,0.03150787949562073,0.18460527062416077,-0.00477415369823575,0.0033768415451049805,0.0581878125667572,-0.04578687623143196,0.0,0.11845773458480835,-0.07623720914125443,0.009145587682723999,0.18948230147361755,-0.09059701859951019,0.08247587084770203,0.1497119963169098,-0.01558009535074234,0.06058266758918762,0.0,-0.05093761160969734,0.06002134084701538,0.06520229578018188,-0.07056529074907303,0.06684744358062744,0.1331537663936615,-0.07591145485639572,0.13337954878807068,0.1404397189617157,-0.032733283936977386,0.11931750178337097,0.008359193801879883,-0.059112079441547394,0.11965689063072205,0.07109594345092773,-0.05846226215362549,0.12381008267402649,0.13374105095863342,-0.05194241553544998,0.18652626872062683,0.15265747904777527,-0.053549639880657196,0.17741599678993225,0.045291632413864136,-0.06409960240125656,0.17151585221290588,0.07939323782920837,-0.05436006933450699,0.17055293917655945,0.12620779871940613,-0.044407639652490616
E,0.17809781432151794,0.4558853507041931,-5.881843208044302e-07,0.10024186968803406,0.4280751943588257,-0.0235633235424757,0.04564136266708374,0.3455943465232849,-0.0413353405892849,0.0440099835395813,0.2558906078338623,-0.06380177289247513,0.05856376886367798,0.18198585510253906,-0.08099166303873062,0.03218403458595276,0.18113911151885986,-0.0053930459544062614,0.004162013530731201,0.05485624074935913,-0.04718520864844322,0.0,0.11672216653823853,-0.07798399031162262,0.009446859359741211,0.19033408164978027,-0.09225072711706161,0.08289024233818054,0.1490517258644104,-0.016201093792915344,0.060662150382995605,0.0,-0.05195914953947067,0.05914026498794556,0.06636664271354675,-0.07163381576538086,0.06584173440933228,0.13440945744514465,-0.07696366310119629,0.13354071974754333,0.14119628071784973,-0.033469058573246,0.12020012736320496,0.009616851806640625,-0.06001986190676689,0.11885663866996765,0.07081732153892517,-0.06012991443276405,0.12236949801445007,0.1329486072063446,-0.054152145981788635,0.18638095259666443,0.153980553150177,-0.05446278676390648,0.1781018078327179,0.045710355043411255,-0.06459544599056244,0.17092767357826233,0.07679557800292969,-0.05535757914185524,0.16854169964790344,0.12285339832305908,-0.045896563678979874
E,0.17635920643806458,0.4579334557056427,-5.954340167590999e-07,0.09789875149726868,0.43103113770484924,-0.023845430463552475,0.041574329137802124,0.3502286970615387,-0.042125049978494644,0.03900778293609619,0.260621041059494,-0.0648956447839737,0.0531521737575531,0.18548503518104553,-0.08235567063093185,0.03059178590774536,0.18428245186805725,-0.006255622487515211,0.003692150115966797,0.05698099732398987,-0.04861428961157799,0.0,0.12008094787597656,-0.07996891438961029,0.008535832166671753,0.1954304277896881,-0.09462521970272064,0.08190801739692688,0.1507435142993927,-0.01733536832034588,0.06128761172294617,0.0,-0.05447820574045181,0.0602167546749115,0.06795239448547363,-0.07472796738147736,0.06579223275184631,0.13851132988929749,-0.07984387874603271,0.1327933967113495,0.14281490445137024,-0.0348394401371479,0.12163981795310974,0.011855483055114746,-0.062139321118593216,0.12139204144477844,0.07451054453849792,-0.0617753230035305,0.12321588397026062,0.13708266615867615,-0.055232033133506775,0.18541118502616882,0.1570848524570465,-0.056030191481113434,0.17933908104896545,0.05151796340942383,-0.06672655791044235,0.1735331118106842,0.08557608723640442,-0.05687086656689644,0.17045292258262634,0.13155779242515564,-0.04679735749959946
E,0.17857816815376282,0.4577339291572571,-5.748756848333869e-07,0.09826388955116272,0.42990589141845703,-0.024141084402799606,0.041209638118743896,0.34654074907302856,-0.042409010231494904,0.04067674279212952,0.25623029470443726,-0.06507597118616104,0.058371126651763916,0.18306022882461548,-0.08232422918081284,0.030379682779312134,0.18329644203186035,-0.006732811685651541,0.0045662522315979,0.053895771503448486,-0.0485428161919117,0.0,0.114789217710495,-0.07955849915742874,0.007868558168411255,0.18977737426757812,-0.09408100694417953,0.08213075995445251,0.1503007709980011,-0.017156284302473068,0.06123921275138855,0.0,-0.052641257643699646,0.060059815645217896,0.06360363960266113,-0.07232773303985596,0.06611302495002747,0.13319340348243713,-0.07782433927059174,0.13357850909233093,0.14176642894744873,-0.033999003469944,0.120484858751297,0.008794724941253662,-0.05995478481054306,0.1201309859752655,0.06772810220718384,-0.05958642438054085,0.12318077683448792,0.13107633590698242,-0.053549349308013916,0.18690285086631775,0.15475893020629883,-0.05465466529130936,0.17894020676612854,0.047556936740875244,-0.06531209498643875,0.17254963517189026,0.077973872423172,-0.05607224628329277,0.17004403471946716,0.12447717785835266,-0.04651765152812004
E,0.17262029647827148,0.4558212161064148,-5.875605211258517e-07,0.09273731708526611,0.42740875482559204,-0.023808177560567856,0.035823971033096313,0.3444609045982361,-0.04151484742760658,0.03537607192993164,0.253207802772522,-0.06366991251707077,0.05317595601081848,0.17905443906784058,-0.0799560472369194,0.023731529712677002,0.18176347017288208,-0.005667415913194418,0.0,0.04719740152359009,-0.04656996950507164,0.0005619525909423828,0.10885372757911682,-0.0758696123957634,0.009752869606018066,0.18010163307189941,-0.08934177458286285,0.07641905546188354,0.14981436729431152,-0.015749702230095863,0.05724555253982544,0.0,-0.05131933465600014,0.0596049427986145,0.06950980424880981,-0.07010465860366821,0.06552630662918091,0.13758757710456848,-0.07476893812417984,0.12818020582199097,0.14129406213760376,-0.0322573184967041,0.11657220125198364,0.010155439376831055,-0.057762544602155685,0.11797696352005005,0.07214930653572083,-0.05640589818358421,0.12038344144821167,0.13482636213302612,-0.04951906576752663,0.1813451647758484,0.15379196405410767,-0.05254827439785004,0.1743965744972229,0.048051536083221436,-0.0621119923889637,0.1692420244216919,0.07875850796699524,-0.05255899205803871,0.1664351224899292,0.12365695834159851,-0.042804501950740814
E,0.1736496090888977,0.4551326632499695,-5.183475764169998e-07,0.09398859739303589,0.42671793699264526,-0.022099778056144714,0.03624585270881653,0.3407227396965027,-0.037846751511096954,0.035908639430999756,0.2453877329826355,-0.05818046256899834,0.0562172532081604,0.16961002349853516,-0.07323586940765381,0.021986782550811768,0.1822001338005066,-0.000598047103267163,0.0,0.050685882568359375,-0.03770817443728447,0.002054452896118164,0.10251346230506897,-0.06567851454019547,0.012071043252944946,0.16893035173416138,-0.07896827161312103,0.07436394691467285,0.1479339599609375,-0.010715363547205925,0.05566468834877014,0.0,-0.0421886183321476,0.05952733755111694,0.05935394763946533,-0.06095655634999275,0.0667375922203064,0.12565109133720398,-0.06658913195133209,0.12713849544525146,0.13851317763328552,-0.027028817683458328,0.11580550670623779,0.008116304874420166,-0.050140202045440674,0.11842358112335205,0.06469690799713135,-0.0499679334461689,0.12164843082427979,0.1271078884601593,-0.044598426669836044,0.18124854564666748,0.151507169008255,-0.04694049060344696,0.17452067136764526,0.045776546001434326,-0.056382112205028534,0.17013931274414062,0.07426148653030396,-0.04770847409963608,0.16805773973464966,0.12005674839019775,-0.03874369338154793
E,0.17242959141731262,0.46142342686653137,-5.320814580045408e-07,0.09363135695457458,0.43256500363349915,-0.022317582741379738,0.037220388650894165,0.34552738070487976,-0.03846507892012596,0.03671979904174805,0.25192031264305115,-0.05945960432291031,0.05559772253036499,0.1765417754650116,-0.07507852464914322,0.024303406476974487,0.18458524346351624,-0.0012406321475282311,0.0012610256671905518,0.05331572890281677,-0.04027870297431946,0.0,0.10901111364364624,-0.06943635642528534,0.008977681398391724,0.17884990572929382,-0.08296720683574677,0.07634368538856506,0.1512182056903839,-0.011887764558196068,0.058187335729599,0.0,-0.045009516179561615,0.058122843503952026,0.06106734275817871,-0.06435054540634155,0.064462810754776,0.1289592981338501,-0.0697510614991188,0.1282130777835846,0.14282596111297607,-0.02886318229138851,0.11647358536720276,0.011575430631637573,-0.052663665264844894,0.11624583601951599,0.06966736912727356,-0.05260128155350685,0.11969771981239319,0.1321769654750824,-0.04683445021510124,0.1821443736553192,0.15605226159095764,-0.04958213493227959,0.1751636564731598,0.04832392930984497,-0.05869273841381073,0.16821017861366272,0.07610788941383362,-0.04979058727622032,0.1657075583934784,0.12149956822395325,-0.04050213098526001
E,0.17305642366409302,0.46072864532470703,-5.700350698134571e-07,0.09382569789886475,0.42811328172683716,-0.020269125699996948,0.03677085041999817,0.3388550877571106,-0.03483448550105095,0.03789395093917847,0.24568217992782593,-0.054856400936841965,0.05746921896934509,0.17291390895843506,-0.06935232877731323,0.024560213088989258,0.18229633569717407,0.0019332319498062134,0.003196537494659424,0.05234837532043457,-0.03779633343219757,0.0,0.1137029230594635,-0.06673629581928253,0.008434921503067017,0.1861010193824768,-0.07953890413045883,0.07541286945343018,0.15007266402244568,-0.009255324490368366,0.05785059928894043,0.0,-0.042249273508787155,0.05777418613433838,0.0650823712348938,-0.05918407440185547,0.06510776281356812,0.132245272397995,-0.062463775277137756,0.12714576721191406,0.14110878109931946,-0.027023574337363243,0.11404412984848022,0.010321259498596191,-0.05008722096681595,0.11419451236724854,0.07328340411186218,-0.0461626760661602,0.1181219220161438,0.1349235475063324,-0.037569280713796616,0.18089276552200317,0.15358775854110718,-0.04861552640795708,0.17282700538635254,0.04455375671386719,-0.05524687469005585,0.16604351997375488,0.0776267945766449,-0.042827341705560684,0.16432392597198486,0.12385699152946472,-0.031187696382403374
E,0.17304062843322754,0.4600461721420288,-5.517140380106866e-07,0.09426736831665039,0.43012571334838867,-0.02323264069855213,0.03652530908584595,0.3441816568374634,-0.04069608449935913,0.0390629768371582,0.25202202796936035,-0.06289009749889374,0.06115150451660156,0.17853444814682007,-0.07934056222438812,0.02203965187072754,0.18582689762115479,-0.005078704096376896,0.0005553662776947021,0.052217841148376465,-0.04614489525556564,0.0,0.11434563994407654,-0.0755913257598877,0.008679479360580444,0.1871640682220459,-0.08883693814277649,0.07388710975646973,0.15244600176811218,-0.01540252473205328,0.05659803748130798,0.0,-0.04840189218521118,0.05833521485328674,0.06561228632926941,-0.06517405062913895,0.06528902053833008,0.13310042023658752,-0.06901795417070389,0.12606990337371826,0.1424737572669983,-0.032269805669784546,0.11205565929412842,0.010448873043060303,-0.05526173487305641,0.11312776803970337,0.07295829057693481,-0.05170330032706261,0.11649948358535767,0.13495522737503052,-0.04395875707268715,0.1802942156791687,0.15360936522483826,-0.053153105080127716,0.17170923948287964,0.04378873109817505,-0.06061498448252678,0.16550302505493164,0.07685396075248718,-0.04884816333651543,0.16330552101135254,0.1246519684791565,-0.03790375217795372
E,0.18016314506530762,0.4567757844924927,-5.805965201943764e-07,0.09993422031402588,0.427964448928833,-0.02114574983716011,0.042151808738708496,0.3404507637023926,-0.03619106113910675,0.04515036940574646,0.2453763484954834,-0.05618004500865936,0.06560179591178894,0.1715952754020691,-0.07086370885372162,0.02848076820373535,0.1854512095451355,-0.0011188244679942727,0.0013856589794158936,0.05804342031478882,-0.04057684168219566,0.0,0.11875048279762268,-0.06964633613824844,0.011434972286224365,0.19019478559494019,-0.08297966420650482,0.07881474494934082,0.14935755729675293,-0.01201273500919342,0.05732250213623047,0.0,-0.04479893296957016,0.05834200978279114,0.06389206647872925,-0.06217561289668083,0.06753656268119812,0.13128876686096191,-0.06603071838617325,0.1298370361328125,0.13891509175300598,-0.029279792681336403,0.11466485261917114,0.009617030620574951,-0.05268625169992447,0.11585396528244019,0.07183080911636353,-0.04999016597867012,0.12105387449264526,0.13319805264472961,-0.042412400245666504,0.1831856369972229,0.15087956190109253,-0.05032409355044365,0.17378699779510498,0.04352360963821411,-0.05783221870660782,0.16810256242752075,0.07749813795089722,-0.04630107805132866,0.1674601435661316,0.1238938570022583,-0.03544720262289047
E,0.18122398853302002,0.45848163962364197,-5.679927426172071e-07,0.10112100839614868,0.4306626617908478,-0.024476613849401474,0.04390156269073486,0.3479507267475128,-0.04281217232346535,0.0458909273147583,0.2556453049182892,-0.06544768065214157,0.06618669629096985,0.18246743083000183,-0.08267886191606522,0.030668258666992188,0.18776991963386536,-0.007493830751627684,0.0036448538303375244,0.06126868724822998,-0.04972579702734947,0.0,0.12393316626548767,-0.08054985105991364,0.01064842939376831,0.1979474127292633,-0.09483746439218521,0.0819128155708313,0.15241381525993347,-0.017823636531829834,0.060153454542160034,0.0,-0.054111581295728683,0.058257997035980225,0.06437203288078308,-0.07297840714454651,0.06659796833992004,0.13387873768806458,-0.07727833837270737,0.13325011730194092,0.14286762475967407,-0.034653354436159134,0.11870884895324707,0.011562258005142212,-0.06115683540701866,0.11747640371322632,0.072407066822052,-0.06013751029968262,0.12231224775314331,0.1345461905002594,-0.05300326272845268,0.18707948923110962,0.1550438106060028,-0.055367279797792435,0.17712116241455078,0.046848148107528687,-0.06536608189344406,0.16948509216308594,0.07833287119865417,-0.05539235472679138,0.16810160875320435,0.12479671835899353,-0.045207247138023376
E,0.18136662244796753,0.4573003351688385,-6.015916937940347e-07,0.10126787424087524,0.4269010126590729,-0.023324303328990936,0.04546800255775452,0.3442075550556183,-0.04110841825604439,0.04519009590148926,0.25526317954063416,-0.06390406936407089,0.06230419874191284,0.18269172310829163,-0.08139805495738983,0.033792853355407715,0.18297794461250305,-0.00429193302989006,0.005762636661529541,0.05683639645576477,-0.04693962633609772,0.0,0.12069132924079895,-0.07842407375574112,0.010011255741119385,0.19573506712913513,-0.09292314201593399,0.08367812633514404,0.15086543560028076,-0.015156981535255909,0.060395121574401855,0.0,-0.05172255262732506,0.05696120858192444,0.06629511713981628,-0.07159116864204407,0.06523436307907104,0.13590186834335327,-0.0767536461353302,0.13400495052337646,0.14258632063865662,-0.03273410722613335,0.11845910549163818,0.00874897837638855,-0.05954720079898834,0.11496329307556152,0.06801602244377136,-0.06083700805902481,0.12020736932754517,0.13153299689292908,-0.05537036806344986,0.18734651803970337,0.1548430621623993,-0.05411273613572121,0.1768801212310791,0.04477694630622864,-0.06430183351039886,0.16725397109985352,0.0740722119808197,-0.05620460957288742,0.1653880476951599,0.12189507484436035,-0.047514647245407104
E,0.1814260184764862,0.4578592777252197,-6.10169195169874e-07,0.10272005200386047,0.4286291003227234,-0.02401684783399105,0.04627522826194763,0.3435046076774597,-0.04149811714887619,0.04677748680114746,0.2527557611465454,-0.06371840089559555,0.06489554047584534,0.17999225854873657,-0.08058414608240128,0.03641596436500549,0.18416106700897217,-0.0054611568339169025,0.008068740367889404,0.057859182357788086,-0.04887450858950615,0.0,0.1222151517868042,-0.08062045276165009,0.009620219469070435,0.1985449194908142,-0.09512016922235489,0.08606663346290588,0.15190428495407104,-0.015820128843188286,0.06338906288146973,0.0,-0.05358820781111717,0.057214945554733276,0.06740224361419678,-0.07364736497402191,0.06464093923568726,0.13737106323242188,-0.07842342555522919,0.1360199749469757,0.14412802457809448,-0.032941050827503204,0.12235811352729797,0.011527478694915771,-0.0607367604970932,0.11659637093544006,0.07262071967124939,-0.06231977418065071,0.12031289935112,0.13550245761871338,-0.056746792048215866,0.18880757689476013,0.157404363155365,-0.05388510599732399,0.18100252747535706,0.04934293031692505,-0.06454018503427505,0.1700907051563263,0.07979282736778259,-0.056812189519405365,0.1669892966747284,0.12589839100837708,-0.04830578342080116
E,0.18011024594306946,0.45600926876068115,-5.973487304800074e-07,0.10009452700614929,0.42695796489715576,-0.023754527792334557,0.04286080598831177,0.34429001808166504,-0.04139205440878868,0.042799293994903564,0.2549685835838318,-0.06383589655160904,0.06270647048950195,0.18254303932189941,-0.08114702999591827,0.03491693735122681,0.1851082444190979,-0.006170133128762245,0.0071395933628082275,0.05872148275375366,-0.04903073608875275,0.0,0.12057662010192871,-0.08047006279230118,0.009423315525054932,0.1955963373184204,-0.09506560117006302,0.08447137475013733,0.15189439058303833,-0.016990970820188522,0.06176954507827759,0.0,-0.055192530155181885,0.056185007095336914,0.06581336259841919,-0.07582078874111176,0.06350642442703247,0.13696643710136414,-0.08087123185396194,0.1343381106853485,0.14358952641487122,-0.034372854977846146,0.12102875113487244,0.011008799076080322,-0.06301812082529068,0.1161331832408905,0.0720067024230957,-0.06522050499916077,0.11997482180595398,0.13656947016716003,-0.05969497188925743,0.18701568245887756,0.156873881816864,-0.05543489754199982,0.17927095293998718,0.04868519306182861,-0.0670042559504509,0.16947069764137268,0.07856512069702148,-0.059644393622875214,0.16726836562156677,0.12475213408470154,-0.05113224685192108
E,0.18038645386695862,0.45587411522865295,-5.901853796785872e-07,0.10110124945640564,0.42745116353034973,-0.02499076910316944,0.04317101836204529,0.3458983600139618,-0.04359756410121918,0.04268231987953186,0.2579825222492218,-0.06693040579557419,0.06258493661880493,0.18478384613990784,-0.08511245250701904,0.035572826862335205,0.18498358130455017,-0.006943301297724247,0.008427232503890991,0.057535767555236816,-0.05035049840807915,0.0,0.11889311671257019,-0.08231593668460846,0.008837610483169556,0.19326069951057434,-0.0973026305437088,0.0857100784778595,0.1530105173587799,-0.017466332763433456,0.06530380249023438,0.0,-0.05697176232933998,0.05767938494682312,0.0660196840763092,-0.07937507331371307,0.06400537490844727,0.13789591193199158,-0.0854693353176117,0.1356150209903717,0.14513573050498962,-0.03463369980454445,0.12449386715888977,0.014008104801177979,-0.06429988145828247,0.11734512448310852,0.07405436038970947,-0.0690932646393776,0.12052497267723083,0.1393270492553711,-0.06504210829734802,0.18876072764396667,0.15754839777946472,-0.055479563772678375,0.18147054314613342,0.050206154584884644,-0.06789875030517578,0.17002150416374207,0.07828080654144287,-0.06249767169356346,0.16711148619651794,0.12448504567146301,-0.05533454939723015
E,0.1784059703350067,0.4554435610771179,-5.680334993485303e-07,0.09726706147193909,0.4254925847053528,-0.023605486378073692,0.04007497429847717,0.3421071171760559,-0.04100513830780983,0.041107505559921265,0.2508556842803955,-0.06319962441921234,0.06246885657310486,0.17829841375350952,-0.08012150228023529,0.03150567412376404,0.18328064680099487,-0.003945634234696627,0.0068184733390808105,0.05219349265098572,-0.04521803557872772,0.0,0.11006739735603333,-0.07582950592041016,0.0075492262840271,0.18146908283233643,-0.09013273566961288,0.0825052559375763,0.1513831615447998,-0.014343440532684326,0.06426510214805603,0.0,-0.05078710615634918,0.057872116565704346,0.062265366315841675,-0.0717625543475151,0.06320908665657043,0.1322513222694397,-0.07764068245887756,0.1333230435848236,0.1430375576019287,-0.03133036196231842,0.12261465191841125,0.013560384511947632,-0.05804361030459404,0.1163080632686615,0.06966757774353027,-0.061588823795318604,0.11875811219215393,0.13351035118103027,-0.057555537670850754,0.18718072772026062,0.15497499704360962,-0.05203695967793465,0.17927899956703186,0.048279523849487305,-0.06262080371379852,0.16817066073417664,0.07499849796295166,-0.05636313930153847,0.16449597477912903,0.12131214141845703,-0.04895104467868805
E,0.17545461654663086,0.4568711817264557,-5.509723450813908e-07,0.09682053327560425,0.427543967962265,-0.022767560556530952,0.040047258138656616,0.3459387719631195,-0.03979593142867088,0.03985545039176941,0.2552672326564789,-0.06176294386386871,0.05974048376083374,0.18148931860923767,-0.07844620198011398,0.028218120336532593,0.18735018372535706,-0.002038708422333002,0.005337893962860107,0.056148648262023926,-0.04305689409375191,0.0,0.1139945387840271,-0.0734308511018753,0.00821763277053833,0.18447735905647278,-0.08756052702665329,0.07949501276016235,0.15475785732269287,-0.013096281327307224,0.06237107515335083,0.0,-0.05039695277810097,0.05476796627044678,0.061803847551345825,-0.07164570689201355,0.05901327729225159,0.13082769513130188,-0.07718579471111298,0.13071930408477783,0.14618930220603943,-0.030723847448825836,0.12196928262710571,0.013628393411636353,-0.05805063992738724,0.11463165283203125,0.07106167078018188,-0.061165761202573776,0.11564481258392334,0.1337335705757141,-0.05636339634656906,0.18480020761489868,0.15883609652519226,-0.05196168273687363,0.17826277017593384,0.052098482847213745,-0.062266331166028976,0.1673375964164734,0.07914778590202332,-0.05541000887751579,0.1638166308403015,0.12295743823051453,-0.04744618013501167
E,0.1771986484527588,0.4604882001876831,-5.622361527457542e-07,0.09799879789352417,0.42936986684799194,-0.021265458315610886,0.04166659712791443,0.3424977660179138,-0.03694019839167595,0.04240235686302185,0.25129204988479614,-0.058170609176158905,0.06464231014251709,0.18028110265731812,-0.0743604451417923,0.03080126643180847,0.18582457304000854,0.0010260924464091659,0.007808715105056763,0.05669647455215454,-0.03951463848352432,0.0,0.11653852462768555,-0.06948971748352051,0.007310718297958374,0.18833208084106445,-0.08328726142644882,0.08158349990844727,0.1538163423538208,-0.010675392113626003,0.06384801864624023,0.0,-0.04768352210521698,0.05495685338973999,0.06370937824249268,-0.06854619085788727,0.059660911560058594,0.13433054089546204,-0.07340315729379654,0.1328069567680359,0.14567163586616516,-0.02895401418209076,0.12256217002868652,0.013799607753753662,-0.0567222535610199,0.11486321687698364,0.07431858777999878,-0.059869665652513504,0.11685079336166382,0.13907188177108765,-0.05444422736763954,0.18692606687545776,0.15834534168243408,-0.05072534829378128,0.17951655387878418,0.05078268051147461,-0.06136763468384743,0.16836851835250854,0.0781245231628418,-0.05448693409562111,0.1655406951904297,0.1228758692741394,-0.04606141522526741
E,0.1766819953918457,0.4595184922218323,-5.674559702129045e-07,0.09744876623153687,0.42720985412597656,-0.021522384136915207,0.04051709175109863,0.3429141640663147,-0.03778766095638275,0.04088035225868225,0.25077009201049805,-0.05946408584713936,0.062217116355895996,0.17752432823181152,-0.07574822753667831,0.027864724397659302,0.18511313199996948,0.0005803192034363747,0.006211429834365845,0.05499020218849182,-0.039867550134658813,0.0,0.11553770303726196,-0.06993439793586731,0.007579118013381958,0.187114417552948,-0.0838983952999115,0.07857352495193481,0.15352937579154968,-0.010870340280234814,0.060872435569763184,0.0,-0.04665890708565712,0.05394637584686279,0.06292697787284851,-0.06663573533296585,0.059022605419158936,0.13181239366531372,-0.07165441662073135,0.1298527717590332,0.14512237906455994,-0.02895449474453926,0.11927467584609985,0.012582123279571533,-0.0553303025662899,0.1127709150314331,0.07256245613098145,-0.0568932481110096,0.11482292413711548,0.1365559697151184,-0.05125943198800087,0.18428725004196167,0.15759962797164917,-0.05069443956017494,0.1765381097793579,0.0487077534198761,-0.06036727502942085,0.16536176204681396,0.07820826768875122,-0.052435219287872314,0.16203588247299194,0.12451690435409546,-0.04382240027189255
E,0.17713728547096252,0.45975977182388306,-5.774487590315402e-07,0.09774425625801086,0.42711949348449707,-0.021115358918905258,0.04172933101654053,0.341541051864624,-0.036885816603899,0.04259747266769409,0.25052905082702637,-0.05850088596343994,0.06340214610099792,0.1785164475440979,-0.07499401271343231,0.030344337224960327,0.18397384881973267,0.0025539195630699396,0.006684064865112305,0.05488353967666626,-0.03843521699309349,0.0,0.1164044737815857,-0.06934142857789993,0.008793115615844727,0.1895619034767151,-0.08371834456920624,0.08044245839118958,0.1530868411064148,-0.009186234325170517,0.06135907769203186,0.0,-0.04596714302897453,0.053489476442337036,0.06390529870986938,-0.06775914877653122,0.05920681357383728,0.13382044434547424,-0.07377956807613373,0.1308961808681488,0.14465385675430298,-0.027687417343258858,0.11952295899391174,0.012881457805633545,-0.05478973314166069,0.11178883910179138,0.07260864973068237,-0.05888793617486954,0.1144813597202301,0.1377834677696228,-0.054738596081733704,0.18470755219459534,0.1564263105392456,-0.04980887845158577,0.17606833577156067,0.04856628179550171,-0.05989526957273483,0.1644224226474762,0.07775694131851196,-0.053601235151290894,0.1616351306438446,0.1255284547805786,-0.04611286148428917
E,0.1771862506866455,0.45723164081573486,-5.78858987410058e-07,0.09668570756912231,0.4254876375198364,-0.021427568048238754,0.03984802961349487,0.3442075252532959,-0.03788232058286667,0.0389038622379303,0.25606411695480347,-0.059855006635189056,0.05851948261260986,0.18418073654174805,-0.07658348977565765,0.028237879276275635,0.1843363642692566,3.433059873714228e-06,0.006299197673797607,0.054547667503356934,-0.04062297195196152,0.0,0.11566162109375,-0.07046432048082352,0.008493781089782715,0.1866655945777893,-0.08430435508489609,0.07935601472854614,0.1527664065361023,-0.011719375848770142,0.06260919570922852,0.0,-0.049155790358781815,0.05471572279930115,0.06673300266265869,-0.06955365091562271,0.059224724769592285,0.13751423358917236,-0.07420193403959274,0.13044416904449463,0.14482229948043823,-0.030080541968345642,0.12032145261764526,0.014060735702514648,-0.057800035923719406,0.11311537027359009,0.07461649179458618,-0.060526393353939056,0.11501157283782959,0.1391575038433075,-0.055128734558820724,0.18405091762542725,0.15768253803253174,-0.051947593688964844,0.17647504806518555,0.050468504428863525,-0.06264666467905045,0.16502851247787476,0.08028405904769897,-0.05560919642448425,0.16156405210494995,0.1269645392894745,-0.04727039486169815
E,0.17793476581573486,0.4568403363227844,-5.693615889867942e-07,0.09681558609008789,0.42633742094039917,-0.022871477529406548,0.03883862495422363,0.34138739109039307,-0.03933543711900711,0.040446579456329346,0.2499091625213623,-0.06129506230354309,0.06344163417816162,0.1788017749786377,-0.07780367136001587,0.027721047401428223,0.18406033515930176,0.001636477536521852,0.005397051572799683,0.05274331569671631,-0.04014234617352486,0.0,0.11337190866470337,-0.07078495621681213,0.009426534175872803,0.18408197164535522,-0.0846957266330719,0.07922494411468506,0.1527794599533081,-0.009337618947029114,0.06247079372406006,0.0,-0.0477064847946167,0.05489414930343628,0.06715074181556702,-0.06887896358966827,0.06016695499420166,0.13769102096557617,-0.07353221625089645,0.13012242317199707,0.144073486328125,-0.027367716655135155,0.12045884132385254,0.011862218379974365,-0.055578745901584625,0.11250102519989014,0.07288467884063721,-0.0587623156607151,0.11444330215454102,0.13812711834907532,-0.053129781037569046,0.1835688352584839,0.1560777723789215,-0.049175508320331573,0.17605680227279663,0.04865002632141113,-0.05971924215555191,0.16438132524490356,0.07840859889984131,-0.053002502769231796,0.1610613465309143,0.12545925378799438,-0.04466404765844345
E,0.17376744747161865,0.4590034484863281,-5.498934001479938e-07,0.09273642301559448,0.42763209342956543,-0.022577114403247833,0.036111027002334595,0.34307509660720825,-0.0384565107524395,0.03567606210708618,0.2508910894393921,-0.05967399477958679,0.05542182922363281,0.1779525876045227,-0.07552432268857956,0.02379336953163147,0.18500345945358276,0.0027493855450302362,0.0030597150325775146,0.05160397291183472,-0.03759181126952171,0.0,0.10765114426612854,-0.0671101063489914,0.008900701999664307,0.17387151718139648,-0.08054523169994354,0.07586050033569336,0.15342426300048828,-0.008148177526891232,0.06031537055969238,0.0,-0.04687083140015602,0.05434983968734741,0.06731230020523071,-0.06804299354553223,0.058878302574157715,0.13815313577651978,-0.0721622034907341,0.1272011399269104,0.14483174681663513,-0.026001859456300735,0.11834591627120972,0.012391805648803711,-0.054846975952386856,0.1113884449005127,0.07259300351142883,-0.058179888874292374,0.11277687549591064,0.13747575879096985,-0.05211099237203598,0.1807081699371338,0.15716233849525452,-0.04743542894721031,0.17326867580413818,0.050689756870269775,-0.05836578458547592,0.16280817985534668,0.07862129807472229,-0.05176714435219765,0.15962249040603638,0.12363260984420776,-0.04312778264284134
E,0.1739233136177063,0.45805835723876953,-5.116709189678659e-07,0.09252715110778809,0.42699843645095825,-0.023023640736937523,0.0347878634929657,0.34036898612976074,-0.03894083574414253,0.03731200098991394,0.24478018283843994,-0.059891968965530396,0.060145795345306396,0.17020457983016968,-0.07542267441749573,0.019262760877609253,0.18711578845977783,0.0016651184996590018,0.0005921125411987305,0.05229008197784424,-0.037152551114559174,0.0,0.10490655899047852,-0.06586714088916779,0.010054349899291992,0.16933953762054443,-0.07928895950317383,0.07203036546707153,0.15407970547676086,-0.008668787777423859,0.05670630931854248,0.0,-0.044394031167030334,0.054173946380615234,0.06294554471969604,-0.06436317414045334,0.06058710813522339,0.13199752569198608,-0.0690232515335083,0.12437158823013306,0.14470970630645752,-0.02580989897251129,0.11422950029373169,0.010835647583007812,-0.05220011621713638,0.11013674736022949,0.06953063607215881,-0.05419190973043442,0.11328661441802979,0.13465750217437744,-0.048434287309646606,0.17894285917282104,0.15671733021736145,-0.046676330268383026,0.17079252004623413,0.04870671033859253,-0.056758251041173935,0.16134673357009888,0.07631537318229675,-0.04962548986077309,0.15878784656524658,0.1228979229927063,-0.04126037657260895
E,0.17091864347457886,0.4584321975708008,-5.437605068436824e-07,0.08902585506439209,0.4273536801338196,-0.021507810801267624,0.03274637460708618,0.3398767113685608,-0.036444731056690216,0.03278464078903198,0.24598026275634766,-0.05682005733251572,0.05112409591674805,0.17227673530578613,-0.07180503010749817,0.018670737743377686,0.18242371082305908,0.0033931932412087917,0.0,0.045598000288009644,-0.03538687527179718,0.001002192497253418,0.09969693422317505,-0.06384548544883728,0.01044955849647522,0.16464382410049438,-0.07682786136865616,0.07163339853286743,0.1522083580493927,-0.007434251252561808,0.057262122631073,0.0,-0.04421839863061905,0.05521029233932495,0.06616979837417603,-0.06490793079137802,0.06001311540603638,0.13659963011741638,-0.06960119307041168,0.12341761589050293,0.14428982138633728,-0.025007853284478188,0.1139688491821289,0.011341512203216553,-0.05195070430636406,0.11007702350616455,0.06876450777053833,-0.05529782176017761,0.1127137541770935,0.13394489884376526,-0.05006227642297745,0.17717045545578003,0.15668517351150513,-0.04610532522201538,0.16893309354782104,0.048568159341812134,-0.056342754513025284,0.16012585163116455,0.07295683026313782,-0.050291310995817184,0.15747511386871338,0.11786231398582458,-0.04242601618170738
E,0.17422237992286682,0.4569416642189026,-5.004976060263289e-07,0.09439864754676819,0.4263855814933777,-0.02420053444802761,0.03685063123703003,0.3406928777694702,-0.041082046926021576,0.03790631890296936,0.2455906867980957,-0.06267984956502914,0.06151685118675232,0.1707017421722412,-0.07864651083946228,0.019880086183547974,0.18348348140716553,-1.1792111763497815e-05,0.0,0.04823344945907593,-0.03871709108352661,0.0026627779006958008,0.10030755400657654,-0.06730742752552032,0.014504224061965942,0.16590487957000732,-0.08055560290813446,0.07249817252159119,0.15128076076507568,-0.00944482535123825,0.056453317403793335,0.0,-0.04351432994008064,0.05764409899711609,0.06282809376716614,-0.06249098852276802,0.06531301140785217,0.13123786449432373,-0.06708533316850662,0.1249915063381195,0.14214861392974854,-0.025747796520590782,0.11417922377586365,0.01125076413154602,-0.05045025050640106,0.11286643147468567,0.06940540671348572,-0.05154138058423996,0.11689415574073792,0.1337014138698578,-0.045891597867012024,0.17991390824317932,0.15388911962509155,-0.04596906527876854,0.17200323939323425,0.04701685905456543,-0.055309947580099106,0.16411462426185608,0.07549673318862915,-0.04771115630865097,0.1615637242794037,0.12341058254241943,-0.0392441563308239
E,0.17697027325630188,0.4563257694244385,-5.176206627766078e-07,0.09458515048027039,0.4268990159034729,-0.02100459486246109,0.03675219416618347,0.337688148021698,-0.034914687275886536,0.038868069648742676,0.242143452167511,-0.05399126186966896,0.06262341141700745,0.17067348957061768,-0.06792767345905304,0.020453661680221558,0.18287354707717896,0.003921543713659048,0.0,0.047810375690460205,-0.03278690576553345,0.002983659505844116,0.09536147117614746,-0.06002345308661461,0.013837099075317383,0.1575292944908142,-0.07257959246635437,0.07279053330421448,0.14943623542785645,-0.006655283272266388,0.057671576738357544,0.0,-0.040104687213897705,0.059823185205459595,0.06241720914840698,-0.0588802807033062,0.06702759861946106,0.13153037428855896,-0.0630650594830513,0.12544730305671692,0.13940083980560303,-0.023821454495191574,0.11551746726036072,0.008786618709564209,-0.04858030378818512,0.11470577120780945,0.06634819507598877,-0.05036194249987602,0.11860814690589905,0.13108450174331665,-0.04484057426452637,0.18032166361808777,0.15090233087539673,-0.04454563558101654,0.1721152365207672,0.04446128010749817,-0.05401621386408806,0.16467145085334778,0.07297250628471375,-0.04669368267059326,0.16290882229804993,0.12075042724609375,-0.03822332248091698
E,0.1731782853603363,0.4569705128669739,-5.244492626843567e-07,0.09139856696128845,0.4245082139968872,-0.02287001721560955,0.03518858551979065,0.3376902937889099,-0.038516685366630554,0.035626739263534546,0.24490028619766235,-0.05969052016735077,0.05618080496788025,0.17050480842590332,-0.07542479783296585,0.020216017961502075,0.18016594648361206,0.00598430261015892,0.0,0.04658764600753784,-0.033055175095796585,0.002451777458190918,0.09964042901992798,-0.062474727630615234,0.013104289770126343,0.1645706295967102,-0.07612311094999313,0.07277122139930725,0.14895489811897278,-0.004464038647711277,0.057649821043014526,0.0,-0.040610287338495255,0.057552486658096313,0.0669550895690918,-0.06185101345181465,0.06283733248710632,0.13657307624816895,-0.06710311770439148,0.12476006150245667,0.14016982913017273,-0.02209373749792576,0.11496886610984802,0.010361552238464355,-0.04898390546441078,0.11272856593132019,0.07085949182510376,-0.052103783935308456,0.1154012382030487,0.13581183552742004,-0.04674360901117325,0.1791941225528717,0.15207186341285706,-0.04345795139670372,0.1713753044605255,0.044577598571777344,-0.05343750864267349,0.16307470202445984,0.07395502924919128,-0.04640321061015129,0.15974727272987366,0.12177249789237976,-0.037866368889808655
E,0.17695605754852295,0.45607876777648926,-4.933993409395043e-07,0.09418147802352905,0.42389994859695435,-0.021957987919449806,0.037068843841552734,0.33527499437332153,-0.03629579767584801,0.03919404745101929,0.2402411699295044,-0.055818963795900345,0.060993313789367676,0.16595762968063354,-0.07020113617181778,0.01875796914100647,0.18446427583694458,0.006247410085052252,0.0,0.049760133028030396,-0.030065767467021942,0.005725085735321045,0.09613972902297974,-0.05788516625761986,0.017696738243103027,0.1577070951461792,-0.0709112286567688,0.07208949327468872,0.15189793705940247,-0.003808144712820649,0.057820677757263184,0.0,-0.03768210485577583,0.061263203620910645,0.06254616379737854,-0.058634333312511444,0.06791818141937256,0.1317603886127472,-0.06412411481142044,0.12547308206558228,0.14250612258911133,-0.020574651658535004,0.11718320846557617,0.011944949626922607,-0.045332107692956924,0.11673778295516968,0.06933489441871643,-0.04919203370809555,0.11921340227127075,0.13344106078147888,-0.04496871680021286,0.18108206987380981,0.15424048900604248,-0.04087652266025543,0.17425024509429932,0.04672384262084961,-0.04971897229552269,0.167491614818573,0.0736662745475769,-0.043191928416490555,0.16436892747879028,0.11960756778717041,-0.03550170734524727
E,0.1765792965888977,0.4529857635498047,-5.158963176654652e-07,0.09465408325195312,0.42152613401412964,-0.0232857596129179,0.03909832239151001,0.33722513914108276,-0.04015549272298813,0.03994101285934448,0.24406683444976807,-0.06207066774368286,0.05899912118911743,0.16920965909957886,-0.07866862416267395,0.022142648696899414,0.18312132358551025,0.001186704495921731,0.0,0.0465124249458313,-0.03787466883659363,0.0045646727085113525,0.09982529282569885,-0.06738770008087158,0.0166359543800354,0.16588306427001953,-0.08131011575460434,0.0746457576751709,0.1513264775276184,-0.009048225358128548,0.05796074867248535,0.0,-0.044257503002882004,0.060143113136291504,0.065540611743927,-0.06566158682107925,0.06615620851516724,0.13432472944259644,-0.07196034491062164,0.12648653984069824,0.14250776171684265,-0.02603810280561447,0.11685889959335327,0.010717153549194336,-0.052017442882061005,0.11580121517181396,0.06921353936195374,-0.055880624800920486,0.11823034286499023,0.1342998743057251,-0.0519711934030056,0.18074393272399902,0.15462231636047363,-0.046660203486680984,0.17339015007019043,0.04808682203292847,-0.05663163587450981,0.16619795560836792,0.07593163847923279,-0.05034594237804413,0.16296744346618652,0.12279048562049866,-0.042899999767541885
E,0.1756100356578827,0.4482797086238861,-4.850993491345434e-07,0.09392103552818298,0.41933974623680115,-0.022601723670959473,0.03863823413848877,0.3358170688152313,-0.03923983499407768,0.03854304552078247,0.24228522181510925,-0.060547538101673126,0.057548314332962036,0.1675126850605011,-0.07636295258998871,0.01838424801826477,0.18208619952201843,-0.00030791081371717155,0.0,0.040294378995895386,-0.038087744265794754,0.008140414953231812,0.08725899457931519,-0.06629485636949539,0.019691795110702515,0.15302309393882751,-0.07925788313150406,0.07201769948005676,0.15073105692863464,-0.010068695060908794,0.05666777491569519,0.0,-0.04326571151614189,0.0632719099521637,0.06158873438835144,-0.06308116018772125,0.06972482800483704,0.13011592626571655,-0.06893697381019592,0.12502917647361755,0.14148086309432983,-0.026320429518818855,0.1158057153224945,0.008421629667282104,-0.050747256726026535,0.1171770989894867,0.06381091475486755,-0.05322834104299545,0.1191541850566864,0.12855973839759827,-0.049004703760147095,0.1801486313343048,0.15275195240974426,-0.046044353395700455,0.1733839213848114,0.0466231107711792,-0.05528325214982033,0.16767540574073792,0.07178470492362976,-0.04830745607614517,0.16411712765693665,0.11704602837562561,-0.04055993631482124
E,0.17635545134544373,0.4431585669517517,-4.473946546568186e-07,0.09554818272590637,0.41751688718795776,-0.024357186630368233,0.03937014937400818,0.3342217803001404,-0.04192093014717102,0.04160869121551514,0.23908263444900513,-0.06368819624185562,0.06284657120704651,0.16414958238601685,-0.08014848083257675,0.018478721380233765,0.17852705717086792,-0.0021753106266260147,0.0,0.03939610719680786,-0.040647365152835846,0.009378314018249512,0.08129122853279114,-0.06918779760599136,0.022226810455322266,0.1434454321861267,-0.08237187564373016,0.07192984223365784,0.14656400680541992,-0.011502830311655998,0.05717477202415466,0.0,-0.04503270238637924,0.06494972109794617,0.060747116804122925,-0.06450391560792923,0.07173606753349304,0.1270846426486969,-0.07008316367864609,0.12492451071739197,0.1370849907398224,-0.02753758803009987,0.11650016903877258,0.007442772388458252,-0.05278041958808899,0.11886700987815857,0.06310606002807617,-0.05491071566939354,0.12130525708198547,0.12621572613716125,-0.05036720260977745,0.1801287829875946,0.1487167477607727,-0.04719860479235649,0.17354556918144226,0.04628297686576843,-0.0574626661837101,0.1688709557056427,0.07414719462394714,-0.05038118734955788,0.16604384779930115,0.11997812986373901,-0.04232398793101311
E,0.17535853385925293,0.44077736139297485,-4.3940539740106033e-07,0.09547144174575806,0.41396963596343994,-0.02459382265806198,0.04074990749359131,0.3315531015396118,-0.04249481111764908,0.04277697205543518,0.23773342370986938,-0.06451918184757233,0.06491655111312866,0.16385722160339355,-0.08141230791807175,0.020303159952163696,0.17608827352523804,-0.0029099462553858757,0.0,0.0395030677318573,-0.04155662655830383,0.006366819143295288,0.08156582713127136,-0.070412278175354,0.018353909254074097,0.14343762397766113,-0.08406613767147064,0.07290369272232056,0.144992858171463,-0.012174326926469803,0.05769693851470947,0.0,-0.04562416672706604,0.06375104188919067,0.06024184823036194,-0.06507663428783417,0.07023489475250244,0.12550583481788635,-0.07099808007478714,0.12540924549102783,0.1367027461528778,-0.028121165931224823,0.11775475740432739,0.005909085273742676,-0.05364428833127022,0.118252694606781,0.061851173639297485,-0.055936940014362335,0.11945521831512451,0.12527406215667725,-0.051777660846710205,0.17977648973464966,0.1500188112258911,-0.047726694494485855,0.17451262474060059,0.04788130521774292,-0.05907522514462471,0.1685602068901062,0.07656398415565491,-0.05261097475886345,0.16505026817321777,0.12363699078559875,-0.04498177394270897
E,0.17643016576766968,0.43918079137802124,-4.2551127421575075e-07,0.09777498245239258,0.41426366567611694,-0.024696853011846542,0.04228484630584717,0.3308514952659607,-0.04255453124642372,0.04552197456359863,0.23706412315368652,-0.06449715048074722,0.07087850570678711,0.1668516993522644,-0.08107584714889526,0.01923176646232605,0.1767411231994629,-0.0043127164244651794,0.0,0.03838467597961426,-0.04259573295712471,0.008411198854446411,0.08225968480110168,-0.0704929456114769,0.020926594734191895,0.14520993828773499,-0.08341780304908752,0.07221126556396484,0.14574071764945984,-0.013411739841103554,0.05627846717834473,0.0,-0.04589251056313515,0.06407833099365234,0.060867637395858765,-0.06340088695287704,0.07163399457931519,0.1264178454875946,-0.06802376359701157,0.12551021575927734,0.13696548342704773,-0.0291774719953537,0.11640602350234985,0.005635261535644531,-0.05383136868476868,0.11843216419219971,0.06350740790367126,-0.054027821868658066,0.12072974443435669,0.1278432011604309,-0.048478785902261734,0.18063336610794067,0.14959537982940674,-0.04871702566742897,0.17472195625305176,0.047462403774261475,-0.05944894626736641,0.16897857189178467,0.0778709352016449,-0.05180835723876953,0.16568851470947266,0.12618136405944824,-0.04335716366767883
E,0.1778762936592102,0.4393197000026703,-4.478376638417103e-07,0.09843689203262329,0.41585561633110046,-0.023737721145153046,0.04301881790161133,0.3347284495830536,-0.041349492967128754,0.045388102531433105,0.2415601909160614,-0.06283681094646454,0.070972740650177,0.1719779670238495,-0.07887974381446838,0.02157759666442871,0.1769254505634308,-0.005321217235177755,0.0,0.04022771120071411,-0.04265884310007095,0.007748126983642578,0.08754923939704895,-0.07004228979349136,0.020161718130111694,0.1523977816104889,-0.08292330056428909,0.07426279783248901,0.14496156573295593,-0.014791890047490597,0.05666115880012512,0.0,-0.046068381518125534,0.06295394897460938,0.05930843949317932,-0.06309766322374344,0.0701601505279541,0.125385582447052,-0.0677618607878685,0.12732523679733276,0.13642781972885132,-0.03064589388668537,0.11789947748184204,0.005827993154525757,-0.05383359268307686,0.11849111318588257,0.059652358293533325,-0.054277680814266205,0.11983579397201538,0.12217918038368225,-0.04948801547288895,0.18197661638259888,0.14981946349143982,-0.050194140523672104,0.17582321166992188,0.049156516790390015,-0.0603296123445034,0.16923516988754272,0.07750734686851501,-0.05295800790190697,0.16550809144973755,0.12488868832588196,-0.044887080788612366
E,0.17582911252975464,0.4377295970916748,-4.488103968469659e-07,0.09739625453948975,0.41260576248168945,-0.025503909215331078,0.042434513568878174,0.3334747552871704,-0.04453124478459358,0.04299357533454895,0.24048477411270142,-0.06752227246761322,0.06506204605102539,0.16667979955673218,-0.08519173413515091,0.019494742155075073,0.17818564176559448,-0.005467685870826244,0.0,0.041726887226104736,-0.045274071395397186,0.006653577089309692,0.08585163950920105,-0.07437709718942642,0.018234193325042725,0.1491532325744629,-0.08787770569324493,0.07167810201644897,0.14591097831726074,-0.014631351456046104,0.05510801076889038,0.0,-0.04939347878098488,0.06084752082824707,0.062480390071868896,-0.06831245869398117,0.06816834211349487,0.12981098890304565,-0.07315643876791,0.12447607517242432,0.13604393601417542,-0.03051212802529335,0.11525702476501465,0.006261080503463745,-0.05729830265045166,0.11542987823486328,0.06422698497772217,-0.0590938962996006,0.11775070428848267,0.1288529634475708,-0.05383015051484108,0.17942523956298828,0.14759373664855957,-0.05005009099841118,0.17238402366638184,0.047159820795059204,-0.06192047521471977,0.1653580665588379,0.0772925615310669,-0.05505336448550224,0.16230058670043945,0.12563440203666687,-0.04669565707445145
E,0.17495179176330566,0.43561649322509766,-4.394027541820833e-07,0.09599959850311279,0.4095463752746582,-0.023216020315885544,0.0416644811630249,0.328599750995636,-0.040570832788944244,0.04359310865402222,0.2362019419670105,-0.06209823861718178,0.06790381669998169,0.16655296087265015,-0.07838970422744751,0.01892220973968506,0.17445635795593262,-0.003103028517216444,0.0,0.03659772872924805,-0.04139995574951172,0.009204894304275513,0.08036884665489197,-0.06949290633201599,0.02064955234527588,0.14298585057258606,-0.08244125545024872,0.07165759801864624,0.14424991607666016,-0.012660585343837738,0.05670273303985596,0.0,-0.045669469982385635,0.06372630596160889,0.059621989727020264,-0.06387875229120255,0.0698164701461792,0.12480708956718445,-0.06875860691070557,0.1246340274810791,0.13556692004203796,-0.028767991811037064,0.11740094423294067,0.006994068622589111,-0.053659260272979736,0.11766314506530762,0.06150007247924805,-0.0550764724612236,0.11815118789672852,0.12354674935340881,-0.050206687301397324,0.179465651512146,0.14771801233291626,-0.04840894788503647,0.17378944158554077,0.04889315366744995,-0.0587727390229702,0.16760623455047607,0.07743233442306519,-0.051489632576704025,0.1638089418411255,0.12326651811599731,-0.04324539378285408
E,0.17483115196228027,0.43681252002716064,-4.341250701145327e-07,0.09743607044219971,0.41164183616638184,-0.025572720915079117,0.04374200105667114,0.33033961057662964,-0.04381544142961502,0.04361635446548462,0.23730945587158203,-0.06584503501653671,0.06530123949050903,0.16476154327392578,-0.08224965631961823,0.01868206262588501,0.17448794841766357,-0.003317916998639703,0.0,0.035810649394989014,-0.04176560789346695,0.010672152042388916,0.0808083713054657,-0.07005296647548676,0.02334696054458618,0.1433294713497162,-0.08316946029663086,0.0718698501586914,0.14458000659942627,-0.011675728484988213,0.05654609203338623,0.0,-0.04502042010426521,0.06493926048278809,0.06142053008079529,-0.06397922337055206,0.07177567481994629,0.12557828426361084,-0.06940101087093353,0.12484544515609741,0.13616806268692017,-0.02684808149933815,0.11736297607421875,0.007506728172302246,-0.05233188718557358,0.118877112865448,0.063548743724823,-0.05445435643196106,0.12026268243789673,0.12560570240020752,-0.04998188093304634,0.17962831258773804,0.1483951210975647,-0.045688994228839874,0.17320680618286133,0.047365009784698486,-0.05656903237104416,0.16772770881652832,0.07691222429275513,-0.04994313046336174,0.1643548607826233,0.12381792068481445,-0.042182229459285736
E,0.17565640807151794,0.433188796043396,-4.2545744349808956e-07,0.09890100359916687,0.4094768762588501,-0.02437865547835827,0.044819265604019165,0.32938480377197266,-0.0419938787817955,0.04512757062911987,0.23655962944030762,-0.06309966742992401,0.06648477911949158,0.1642276644706726,-0.07887778431177139,0.018481165170669556,0.17482823133468628,-0.005620413459837437,0.0,0.035361528396606445,-0.04248596355319023,0.011921942234039307,0.07591813802719116,-0.06977810710668564,0.024472147226333618,0.1376475989818573,-0.08260944485664368,0.07144960761070251,0.14412716031074524,-0.014161288738250732,0.0564555823802948,0.0,-0.04507368803024292,0.06712493300437927,0.057229459285736084,-0.06295371800661087,0.07368394732475281,0.12093019485473633,-0.06872614473104477,0.12441268563270569,0.1350637674331665,-0.028994163498282433,0.11712631583213806,0.006648242473602295,-0.05244683101773262,0.12089046835899353,0.059889793395996094,-0.053761716932058334,0.12242409586906433,0.12125122547149658,-0.04985451325774193,0.17911174893379211,0.14653998613357544,-0.04736315831542015,0.1730615794658661,0.04700136184692383,-0.057615216821432114,0.16952845454216003,0.07605227828025818,-0.050515029579401016,0.16675803065299988,0.122344970703125,-0.042938362807035446
E,0.1744837760925293,0.43643295764923096,-4.2833551106014056e-07,0.09551531076431274,0.41157644987106323,-0.025305598974227905,0.041157156229019165,0.3318389058113098,-0.04412158951163292,0.04104304313659668,0.23769855499267578,-0.06664230674505234,0.06205344200134277,0.16331267356872559,-0.08361507952213287,0.017656385898590088,0.17354965209960938,-0.004831385333091021,0.0,0.03313940763473511,-0.043309830129146576,0.011999517679214478,0.07690241932868958,-0.07205076515674591,0.024136841297149658,0.13910147547721863,-0.08563125133514404,0.070853590965271,0.1432446539402008,-0.013328452594578266,0.05687588453292847,0.0,-0.04612832888960838,0.06684184074401855,0.05961993336677551,-0.06574121117591858,0.0733761191368103,0.12405115365982056,-0.07219823449850082,0.12350219488143921,0.13486221432685852,-0.028439192101359367,0.11588364839553833,0.006546914577484131,-0.053079746663570404,0.11892157793045044,0.060631006956100464,-0.05535554885864258,0.12091851234436035,0.12333181500434875,-0.05148891732096672,0.17822110652923584,0.14757370948791504,-0.047205034643411636,0.17172479629516602,0.046112060546875,-0.05789657309651375,0.16669857501983643,0.07400712370872498,-0.05151994153857231,0.1631181836128235,0.12134766578674316,-0.044082172214984894
E,0.17610403895378113,0.4369376301765442,-4.5563459138975304e-07,0.09765377640724182,0.41074424982070923,-0.022601664066314697,0.04357144236564636,0.3288707137107849,-0.0392121896147728,0.04329994320869446,0.234699547290802,-0.059949904680252075,0.0640082061290741,0.1608285903930664,-0.07539444416761398,0.01929488778114319,0.1747126579284668,-0.0017212253296747804,0.0,0.035072386264801025,-0.03784186393022537,0.01133391261100769,0.07829907536506653,-0.06506665050983429,0.023467928171157837,0.13950017094612122,-0.07806043326854706,0.07180151343345642,0.14437034726142883,-0.011125079356133938,0.056263357400894165,0.0,-0.04185306653380394,0.06627234816551208,0.05883154273033142,-0.060706064105033875,0.0733015239238739,0.1226385235786438,-0.06712754815816879,0.12433847784996033,0.13581666350364685,-0.02680443972349167,0.11598679423332214,0.005240410566329956,-0.05033718794584274,0.11880406737327576,0.05900406837463379,-0.052695222198963165,0.1207222044467926,0.12154877185821533,-0.049351565539836884,0.17903384566307068,0.14803767204284668,-0.045855820178985596,0.17216089367866516,0.046083271503448486,-0.05607585236430168,0.1674252450466156,0.07503247261047363,-0.04958721622824669,0.16451582312583923,0.12294250726699829,-0.04244127497076988
E,0.17423319816589355,0.4385364353656769,-4.543499301234988e-07,0.09704113006591797,0.412110298871994,-0.024673182517290115,0.042933255434036255,0.3316477835178375,-0.04275882989168167,0.04421502351760864,0.23814216256141663,-0.0646205022931099,0.06529766321182251,0.16349002718925476,-0.08085709065198898,0.01715785264968872,0.17470350861549377,-0.003326962934806943,0.0,0.03707507252693176,-0.04110703244805336,0.010788440704345703,0.08486270904541016,-0.06945240497589111,0.022980034351348877,0.14877307415008545,-0.08300133794546127,0.06984037160873413,0.14371392130851746,-0.012174747884273529,0.05525171756744385,0.0,-0.0446157231926918,0.06401598453521729,0.060695797204971313,-0.06400283426046371,0.0710187554359436,0.1260387897491455,-0.07032813131809235,0.12246394157409668,0.13500404357910156,-0.02762853167951107,0.11533600091934204,0.006787031888961792,-0.0523756742477417,0.11759757995605469,0.06141391396522522,-0.05476663261651993,0.1188662052154541,0.12388265132904053,-0.05103372037410736,0.17716896533966064,0.14767155051231384,-0.0466398261487484,0.1717151403427124,0.04658991098403931,-0.05737583711743355,0.16719216108322144,0.07583603262901306,-0.05079827830195427,0.16374307870864868,0.12307488918304443,-0.043365757912397385
E,0.17309778928756714,0.4407932162284851,-4.6824297328385e-07,0.09640032052993774,0.41451454162597656,-0.02506302110850811,0.04218405485153198,0.3314330577850342,-0.043031636625528336,0.04680398106575012,0.2369825839996338,-0.06435064971446991,0.07260298728942871,0.16626513004302979,-0.08017870783805847,0.016573011875152588,0.17992353439331055,-0.008065333589911461,0.0,0.0409216582775116,-0.04605548456311226,0.010898888111114502,0.09029626846313477,-0.07364704459905624,0.022356539964675903,0.15548276901245117,-0.08673024922609329,0.0701342225074768,0.14719560742378235,-0.01688319258391857,0.056113243103027344,0.0,-0.04915802180767059,0.06445485353469849,0.06146037578582764,-0.06681650131940842,0.07128232717514038,0.12808170914649963,-0.07191765308380127,0.12325853109359741,0.13721579313278198,-0.03195713832974434,0.11702990531921387,0.007015258073806763,-0.05667601153254509,0.11870533227920532,0.06425473093986511,-0.05774838104844093,0.11991065740585327,0.1285192370414734,-0.05307120829820633,0.17817574739456177,0.14920413494110107,-0.050652194768190384,0.17218643426895142,0.05023986101150513,-0.06187456473708153,0.16704392433166504,0.08198601007461548,-0.05487772077322006,0.16419047117233276,0.13059371709823608,-0.04705685004591942
E,0.1716514229774475,0.4388834834098816,-4.4561136292031733e-07,0.09764742851257324,0.4127550721168518,-0.02958086133003235,0.04462370276451111,0.33515316247940063,-0.05071161687374115,0.04505738615989685,0.24352669715881348,-0.07446709275245667,0.06450164318084717,0.1678031086921692,-0.09240483492612839,0.016927480697631836,0.17663836479187012,-0.010723404586315155,0.0,0.04047191143035889,-0.0502983033657074,0.008579611778259277,0.08913743495941162,-0.07988549768924713,0.019545257091522217,0.1529839038848877,-0.09446445107460022,0.06992912292480469,0.14523917436599731,-0.017766598612070084,0.05474841594696045,0.0,-0.05158970132470131,0.06251782178878784,0.059202879667282104,-0.07193424552679062,0.06975191831588745,0.12272632122039795,-0.07936035841703415,0.12238532304763794,0.135806143283844,-0.031513214111328125,0.11599981784820557,0.006817489862442017,-0.05755964294075966,0.11706346273422241,0.061596184968948364,-0.06098730117082596,0.11823421716690063,0.1242152750492096,-0.05826159566640854,0.17726224660873413,0.1470353901386261,-0.04918956756591797,0.1711256504058838,0.04806169867515564,-0.061462368816137314,0.16558384895324707,0.07913625240325928,-0.05625861883163452,0.16207629442214966,0.12751635909080505,-0.05003008246421814
E,0.17230069637298584,0.43885350227355957,-4.513760529789579e-07,0.0958939790725708,0.4116954803466797,-0.024152902886271477,0.04231038689613342,0.33062970638275146,-0.041396062821149826,0.04803711175918579,0.23879843950271606,-0.062089528888463974,0.07345777750015259,0.1696680784225464,-0.07772370427846909,0.01680728793144226,0.17878353595733643,-0.006811893079429865,0.0,0.04462862014770508,-0.04316789284348488,0.00897061824798584,0.0897645652294159,-0.07052620500326157,0.019395142793655396,0.15194150805473328,-0.0840626135468483,0.06971114873886108,0.14551874995231628,-0.015970302745699883,0.05423593521118164,0.0,-0.046357832849025726,0.06206411123275757,0.055380791425704956,-0.06473372131586075,0.06906497478485107,0.11968624591827393,-0.07127030193805695,0.12271052598953247,0.13591796159744263,-0.031170617789030075,0.1162182092666626,0.006863296031951904,-0.054879575967788696,0.11787599325180054,0.05991902947425842,-0.05765380337834358,0.11916780471801758,0.12290513515472412,-0.054821476340293884,0.17794638872146606,0.14883744716644287,-0.04986445605754852,0.17180520296096802,0.05052182078361511,-0.06105604022741318,0.1663215160369873,0.08030962944030762,-0.05526725947856903,0.16311103105545044,0.12892872095108032,-0.0487837940454483
E,0.16945067048072815,0.44103580713272095,-4.1968203845499374e-07,0.09295395016670227,0.4142441749572754,-0.025208482518792152,0.04125404357910156,0.3325018286705017,-0.042769450694322586,0.046717435121536255,0.23889851570129395,-0.063657745718956,0.07113102078437805,0.17029565572738647,-0.07974998652935028,0.01708623766899109,0.18029659986495972,-0.006003695074468851,0.0,0.045189499855041504,-0.0424913689494133,0.007251352071762085,0.08418333530426025,-0.07058099657297134,0.016818344593048096,0.14377433061599731,-0.08442376554012299,0.06976768374443054,0.14763182401657104,-0.014549794606864452,0.05417326092720032,0.0,-0.045915503054857254,0.06088265776634216,0.05124017596244812,-0.06619749218225479,0.06771984696388245,0.11530998349189758,-0.07361253350973129,0.12252745032310486,0.1381576657295227,-0.029229093343019485,0.11565318703651428,0.00630950927734375,-0.053404856473207474,0.11565455794334412,0.053646624088287354,-0.05881599336862564,0.11657610535621643,0.11566457152366638,-0.05750444903969765,0.17728355526924133,0.15084391832351685,-0.047427549958229065,0.17054447531700134,0.051802992820739746,-0.05853453651070595,0.1642800271511078,0.07670757174491882,-0.054367102682590485,0.16083034873008728,0.12320718169212341,-0.048988305032253265
E,0.17038506269454956,0.43965622782707214,-3.633535925473552e-07,0.09239453077316284,0.4118887484073639,-0.02449854463338852,0.03929722309112549,0.3281916081905365,-0.04108663275837898,0.04666489362716675,0.2345288097858429,-0.06106289476156235,0.07352262735366821,0.16700807213783264,-0.07657541334629059,0.016393303871154785,0.17497685551643372,-0.0033706529065966606,0.0,0.04339602589607239,-0.03760832920670509,0.00649455189704895,0.07448139786720276,-0.06520826369524002,0.015758156776428223,0.128859281539917,-0.07934118807315826,0.06806886196136475,0.1440565288066864,-0.011505160480737686,0.052590370178222656,0.0,-0.03982309252023697,0.06025242805480957,0.04203397035598755,-0.060355521738529205,0.06735950708389282,0.10032638907432556,-0.069401316344738,0.12035727500915527,0.13597026467323303,-0.025674819946289062,0.11313819885253906,0.00648006796836853,-0.04820997267961502,0.11494171619415283,0.049487531185150146,-0.05509728193283081,0.11687183380126953,0.1095069944858551,-0.05572964623570442,0.1753239631652832,0.14905062317848206,-0.04334811866283417,0.16839224100112915,0.04930475354194641,-0.05498332157731056,0.16266262531280518,0.07270750403404236,-0.05250382795929909,0.159407377243042,0.11980876326560974,-0.04867084324359894
E,0.17275553941726685,0.43314188718795776,-2.231470972446914e-07,0.09577548503875732,0.40396231412887573,-0.0255252867937088,0.04437631368637085,0.3237176537513733,-0.042240023612976074,0.049156904220581055,0.23123019933700562,-0.062034040689468384,0.07236158847808838,0.16031134128570557,-0.0784708634018898,0.020724713802337646,0.1712222695350647,-0.002378263045102358,0.0,0.05114263296127319,-0.03413274884223938,0.0038116872310638428,0.05842602252960205,-0.06132636219263077,0.015482693910598755,0.09174445271492004,-0.07618539035320282,0.07088905572891235,0.1381327509880066,-0.00984750036150217,0.05285614728927612,0.0,-0.03721729293465614,0.059470295906066895,0.02519911527633667,-0.05981557071208954,0.0691901445388794,0.07156014442443848,-0.07097075879573822,0.12285876274108887,0.12962374091148376,-0.02314133755862713,0.11408525705337524,0.002837628126144409,-0.04690731689333916,0.11613959074020386,0.038327306509017944,-0.05673886463046074,0.12120670080184937,0.09237369894981384,-0.05937516316771507,0.1778314709663391,0.14307290315628052,-0.039770130068063736,0.16990607976913452,0.04388391971588135,-0.05365343764424324,0.16419750452041626,0.06441497802734375,-0.05333206057548523,0.16328710317611694,0.10886827111244202,-0.0507931150496006
E,0.17161399126052856,0.43772390484809875,-2.398605829512235e-07,0.09709620475769043,0.4090896546840668,-0.023509951308369637,0.046908408403396606,0.3291531503200531,-0.039088036864995956,0.052417218685150146,0.2383708655834198,-0.058214958757162094,0.07525086402893066,0.16903164982795715,-0.0740092396736145,0.019816219806671143,0.1739005148410797,0.0001518557983217761,0.0,0.05479875206947327,-0.032199375331401825,0.0037046074867248535,0.06565234065055847,-0.059603817760944366,0.014310002326965332,0.10468623042106628,-0.07403837144374847,0.06994211673736572,0.14009740948677063,-0.008378694765269756,0.05175328254699707,0.0,-0.036279525607824326,0.05829733610153198,0.02911907434463501,-0.05837934464216232,0.06816965341567993,0.081236332654953,-0.06823106110095978,0.12258589267730713,0.13150611519813538,-0.02270675078034401,0.11450690031051636,0.004717081785202026,-0.04728609696030617,0.11521142721176147,0.045456916093826294,-0.056435562670230865,0.11878710985183716,0.10398361086845398,-0.057666048407554626,0.17836910486221313,0.14609161019325256,-0.040160197764635086,0.17119812965393066,0.04924356937408447,-0.05482996255159378,0.16427630186080933,0.0722150206565857,-0.0540742352604866,0.16223520040512085,0.11873844265937805,-0.05045599862933159
E,0.17186588048934937,0.4359583556652069,-2.643407128744002e-07,0.09582608938217163,0.4066934287548065,-0.025233764201402664,0.04513654112815857,0.3272925317287445,-0.041820406913757324,0.052034080028533936,0.23627528548240662,-0.06165929511189461,0.07551562786102295,0.16695848107337952,-0.07802872359752655,0.01917499303817749,0.17565950751304626,-0.0012752265902236104,0.0,0.055171579122543335,-0.034014489501714706,0.0037951767444610596,0.069548100233078,-0.06208115816116333,0.014427900314331055,0.10856911540031433,-0.07729832082986832,0.06936061382293701,0.1413903534412384,-0.0092192767187953,0.05119466781616211,0.0,-0.037100862711668015,0.05768013000488281,0.02988681197166443,-0.060115616768598557,0.06714332103729248,0.07984504103660583,-0.0712675154209137,0.12144917249679565,0.1319969892501831,-0.023110689595341682,0.11289507150650024,0.004107087850570679,-0.0468403622508049,0.11405158042907715,0.042989641427993774,-0.05676046013832092,0.11790543794631958,0.09908190369606018,-0.05938895046710968,0.1768510937690735,0.14501741528511047,-0.04036998003721237,0.1686636209487915,0.047295987606048584,-0.053640998899936676,0.16231757402420044,0.07076284289360046,-0.05299127846956253,0.1607871651649475,0.11651590466499329,-0.05041339248418808
E,0.1706070899963379,0.4355383515357971,-1.8470075247023487e-07,0.09451943635940552,0.4059537649154663,-0.023668065667152405,0.04434719681739807,0.3254778981208801,-0.038527291268110275,0.051170527935028076,0.23442792892456055,-0.05660656467080116,0.07528680562973022,0.16681045293807983,-0.07198315113782883,0.019807040691375732,0.17489629983901978,-0.0003304618876427412,0.0,0.06301441788673401,-0.030337104573845863,0.00036329030990600586,0.06361019611358643,-0.056613434106111526,0.009989142417907715,0.08961135149002075,-0.07126403599977493,0.06975936889648438,0.14006119966506958,-0.008674124255776405,0.05165815353393555,0.0,-0.035797011107206345,0.05534166097640991,0.01992666721343994,-0.05804188549518585,0.06478101015090942,0.06464427709579468,-0.06844128668308258,0.12175601720809937,0.13084125518798828,-0.022528039291501045,0.11326879262924194,0.0038691461086273193,-0.046577949076890945,0.11278730630874634,0.03800356388092041,-0.05706995353102684,0.11744856834411621,0.09185326099395752,-0.05957813188433647,0.17700976133346558,0.14478230476379395,-0.03948471322655678,0.16858142614364624,0.0474051833152771,-0.053495973348617554,0.16092783212661743,0.06703755259513855,-0.05344930663704872,0.15992224216461182,0.1105375587940216,-0.050827790051698685
E,0.17143642902374268,0.4365418553352356,-1.651037848660053e-07,0.09556663036346436,0.40775418281555176,-0.02553870715200901,0.04633218050003052,0.32597482204437256,-0.04062633216381073,0.05532163381576538,0.2333536148071289,-0.05864165723323822,0.08036869764328003,0.16556841135025024,-0.07395883649587631,0.020531177520751953,0.17570698261260986,-0.0006780477706342936,0.0,0.06756553053855896,-0.030626622959971428,0.0011917650699615479,0.06700825691223145,-0.05683142691850662,0.012039124965667725,0.08857250213623047,-0.0718018189072609,0.07055240869522095,0.13917189836502075,-0.008395180106163025,0.051590681076049805,0.0,-0.036438390612602234,0.055953800678253174,0.020759940147399902,-0.05876138433814049,0.06593948602676392,0.06379082798957825,-0.0687219500541687,0.1226850152015686,0.129469633102417,-0.02181863784790039,0.11408847570419312,0.0024588406085968018,-0.04761964827775955,0.11428838968276978,0.04063695669174194,-0.05773331969976425,0.11877274513244629,0.09501555562019348,-0.05924186483025551,0.17812401056289673,0.14413577318191528,-0.038469620048999786,0.17037546634674072,0.0467962920665741,-0.05406028777360916,0.16328424215316772,0.06931865215301514,-0.053946495056152344,0.16208958625793457,0.11339932680130005,-0.05079944059252739
E,0.16998988389968872,0.44247713685035706,-2.1910790337642538e-07,0.095489501953125,0.4144009053707123,-0.025195075199007988,0.04560178518295288,0.3351728618144989,-0.04156253859400749,0.0522194504737854,0.24411961436271667,-0.06107865646481514,0.07461023330688477,0.17423787713050842,-0.07743581384420395,0.020441532135009766,0.17765280604362488,-0.0023972669150680304,0.0,0.06589457392692566,-0.03529035672545433,0.00023993849754333496,0.075131356716156,-0.06307639181613922,0.010335326194763184,0.10811150074005127,-0.07809240370988846,0.07053256034851074,0.1412639617919922,-0.010656271129846573,0.052906155586242676,0.0,-0.03889342397451401,0.05539661645889282,0.025249004364013672,-0.060267142951488495,0.06434100866317749,0.07275113463401794,-0.06970271468162537,0.12255066633224487,0.13219121098518372,-0.02482534572482109,0.11466646194458008,0.002734452486038208,-0.04940977320075035,0.11356735229492188,0.04248616099357605,-0.05727657303214073,0.11733418703079224,0.0984051525592804,-0.05776632949709892,0.17725229263305664,0.1481538712978363,-0.0424409918487072,0.1693434715270996,0.05022910237312317,-0.05684676766395569,0.16103309392929077,0.07303184270858765,-0.05518542230129242,0.15883302688598633,0.11829087138175964,-0.05103723704814911
E,0.17221316695213318,0.4440545439720154,-1.5364740590939618e-07,0.09759601950645447,0.41190385818481445,-0.02589942142367363,0.051114827394485474,0.32865792512893677,-0.041554760187864304,0.059277504682540894,0.23646891117095947,-0.06017885357141495,0.07897135615348816,0.1658715009689331,-0.07610984146595001,0.022663027048110962,0.17958426475524902,-0.001056788256391883,0.0016470849514007568,0.07309231162071228,-0.03138074651360512,0.0,0.06778636574745178,-0.058499809354543686,0.010008633136749268,0.08353009819984436,-0.07442274689674377,0.07297781109809875,0.1428215503692627,-0.009132499806582928,0.056093066930770874,0.0,-0.03779898211359978,0.059089869260787964,0.02023494243621826,-0.0609862245619297,0.06877598166465759,0.062006980180740356,-0.07173081487417221,0.12517330050468445,0.13267245888710022,-0.022835897281765938,0.11766049265861511,0.000674903392791748,-0.04765554517507553,0.11611559987068176,0.035107970237731934,-0.05764961615204811,0.12075492739677429,0.08729153871536255,-0.05972684919834137,0.18015316128730774,0.14772379398345947,-0.039966221898794174,0.17288562655448914,0.048213183879852295,-0.05407929793000221,0.16383281350135803,0.06659567356109619,-0.05353105068206787,0.16183814406394958,0.10848164558410645,-0.05055919289588928
E,0.16858166456222534,0.4446997046470642,-2.2703014224134677e-07,0.09468477964401245,0.41487765312194824,-0.0271731149405241,0.048237383365631104,0.3308603763580322,-0.04414568468928337,0.06050765514373779,0.2386457324028015,-0.06364307552576065,0.08446305990219116,0.16939318180084229,-0.07994242012500763,0.019793033599853516,0.17820817232131958,-0.005218985956162214,8.20159912109375e-05,0.0639294683933258,-0.03741243854165077,0.0,0.0747724175453186,-0.06512310355901718,0.008871346712112427,0.10713711380958557,-0.08072035759687424,0.07084494829177856,0.14374315738677979,-0.012632588855922222,0.054774701595306396,0.0,-0.040593232959508896,0.05778801441192627,0.026691436767578125,-0.06312744319438934,0.06647205352783203,0.07348746061325073,-0.07404613494873047,0.12329709529876709,0.13655945658683777,-0.0257977694272995,0.11560320854187012,0.002731919288635254,-0.049802180379629135,0.11493021249771118,0.03721976280212402,-0.05970495194196701,0.11907434463500977,0.09098979830741882,-0.062421075999736786,0.17809605598449707,0.15421003103256226,-0.04243023321032524,0.16981405019760132,0.053905338048934937,-0.056910134851932526,0.16311103105545044,0.0710834264755249,-0.056698285043239594,0.16217434406280518,0.1129174530506134,-0.05421242117881775
E,0.172470360994339,0.4427460730075836,-1.9370894221992785e-07,0.09807971119880676,0.4118417203426361,-0.02610829845070839,0.051171690225601196,0.3272075951099396,-0.04204071685671806,0.06167522072792053,0.2347032129764557,-0.06084628030657768,0.08306238055229187,0.16489574313163757,-0.07660724222660065,0.022699624300003052,0.17845681309700012,-0.002989354310557246,0.0,0.06249752640724182,-0.03401220962405205,0.0009588003158569336,0.06922778487205505,-0.061732981353998184,0.011517703533172607,0.10163524746894836,-0.07736697047948837,0.07306119799613953,0.14213624596595764,-0.010001012124121189,0.054645687341690063,0.0012522339820861816,-0.03464370220899582,0.0590154230594635,0.016635268926620483,-0.058311253786087036,0.06936737895011902,0.05590745806694031,-0.07168018072843552,0.12453857064247131,0.13398432731628418,-0.022699711844325066,0.11500099301338196,0.0,-0.04488549008965492,0.11565372347831726,0.027007848024368286,-0.05726935714483261,0.1222369372844696,0.07892927527427673,-0.06270134449005127,0.17900046706199646,0.14990010857582092,-0.038747310638427734,0.1703273355960846,0.04948019981384277,-0.053413886576890945,0.16359028220176697,0.060764044523239136,-0.055442456156015396,0.16355040669441223,0.10097426176071167,-0.05488887056708336
E,0.16801896691322327,0.4477560520172119,-2.631998938795732e-07,0.09594789147377014,0.4191054105758667,-0.027536146342754364,0.04984524846076965,0.3367869257926941,-0.04551522433757782,0.06048479676246643,0.24602282047271729,-0.06639719754457474,0.08499249815940857,0.17692440748214722,-0.08388479053974152,0.019297748804092407,0.1815282702445984,-0.006415907759219408,0.00022476911544799805,0.06402403116226196,-0.04124569520354271,0.0,0.0838044285774231,-0.07027259469032288,0.008064299821853638,0.12392154335975647,-0.0860636904835701,0.07021781802177429,0.14605563879013062,-0.014333237893879414,0.056076377630233765,0.0,-0.04409126192331314,0.05842068791389465,0.036103248596191406,-0.06622478365898132,0.06593397259712219,0.08941233158111572,-0.07598443329334259,0.1231972873210907,0.1374029517173767,-0.028174415230751038,0.11595973372459412,0.003935396671295166,-0.05239252373576164,0.11480584740638733,0.047922104597091675,-0.05989524722099304,0.11807867884635925,0.10612690448760986,-0.060503602027893066,0.17841145396232605,0.1541995406150818,-0.04574068263173103,0.17104622721672058,0.05550605058670044,-0.059360917657613754,0.16227230429649353,0.07949772477149963,-0.05724821239709854,0.15960010886192322,0.12541517615318298,-0.05310630053281784
E,0.17255118489265442,0.4455786943435669,-3.124864633718971e-07,0.09981164336204529,0.419513463973999,-0.026007957756519318,0.05125591158866882,0.3366967439651489,-0.0431969054043293,0.06208416819572449,0.24512767791748047,-0.06331683695316315,0.08603176474571228,0.17849105596542358,-0.07983880490064621,0.022985249757766724,0.18090981245040894,-0.008077835664153099,0.0,0.058744996786117554,-0.04290932044386864,0.003695547580718994,0.08385437726974487,-0.07204299420118332,0.014755219221115112,0.13575759530067444,-0.0873188003897667,0.07424184679985046,0.1449865698814392,-0.015502535738050938,0.05675044655799866,0.0,-0.04151510074734688,0.06307759881019592,0.029825270175933838,-0.06333891302347183,0.07225564122200012,0.08072465658187866,-0.07490228861570358,0.12619081139564514,0.1370464563369751,-0.02861730195581913,0.11663356423377991,0.0038496851921081543,-0.04969116300344467,0.11799171566963196,0.0394725501537323,-0.05857166647911072,0.12226393818855286,0.09534084796905518,-0.06191646680235863,0.18070784211158752,0.15312212705612183,-0.04525013640522957,0.17220565676689148,0.053318023681640625,-0.056950557976961136,0.1654129922389984,0.07089382410049438,-0.05565015226602554,0.16326776146888733,0.1138337254524231,-0.0532030388712883
E,0.17182409763336182,0.448585569858551,-3.7384057804956683e-07,0.09930813312530518,0.42139673233032227,-0.02518646977841854,0.051508188247680664,0.3359431028366089,-0.04198729246854782,0.060566246509552,0.24552589654922485,-0.062069229781627655,0.0830640196800232,0.17851895093917847,-0.07822353392839432,0.023660004138946533,0.18309444189071655,-0.0073541803285479546,0.0,0.05831432342529297,-0.04380316659808159,0.002365708351135254,0.09262549877166748,-0.0733707919716835,0.012747108936309814,0.15093159675598145,-0.08843648433685303,0.07422471046447754,0.14814525842666626,-0.01561394240707159,0.056976497173309326,0.0,-0.043586865067481995,0.06199467182159424,0.03790667653083801,-0.06503502279520035,0.07061648368835449,0.09294483065605164,-0.07538525760173798,0.12559467554092407,0.14038968086242676,-0.029698649421334267,0.11599832773208618,0.00461992621421814,-0.05141234025359154,0.11618733406066895,0.0448702871799469,-0.05858495831489563,0.1194351315498352,0.10183665156364441,-0.06028001010417938,0.17959696054458618,0.15655899047851562,-0.047324471175670624,0.1712632179260254,0.054668158292770386,-0.05798259750008583,0.16380494832992554,0.07511958479881287,-0.05483594164252281,0.16109329462051392,0.11925762891769409,-0.051046598702669144
E,0.17302480340003967,0.4549442529678345,-4.170053102825477e-07,0.10141298174858093,0.42708367109298706,-0.02441694773733616,0.05328062176704407,0.34417617321014404,-0.04146227240562439,0.06185004115104675,0.2549070715904236,-0.06221863627433777,0.08248308300971985,0.18674498796463013,-0.07871749252080917,0.023704320192337036,0.18834298849105835,-0.007171289995312691,0.0,0.06220930814743042,-0.045668166130781174,0.00294339656829834,0.10484254360198975,-0.07624472677707672,0.012721270322799683,0.17080950736999512,-0.09132262319326401,0.07432028651237488,0.1523447036743164,-0.016393078491091728,0.05683836340904236,0.0,-0.046008527278900146,0.06298938393592834,0.044509708881378174,-0.06691198796033859,0.07085558772087097,0.10460299253463745,-0.0759466290473938,0.12568417191505432,0.14386537671089172,-0.03153559938073158,0.115488201379776,0.00779491662979126,-0.05367133393883705,0.11768987774848938,0.05494028329849243,-0.0582280196249485,0.1206035315990448,0.11463403701782227,-0.057502686977386475,0.17982712388038635,0.15982520580291748,-0.050323281437158585,0.17260542511940002,0.05653434991836548,-0.06016211584210396,0.16550514101982117,0.08118322491645813,-0.05474794656038284,0.16138878464698792,0.12742313742637634,-0.0490494966506958
E,0.17577481269836426,0.45234888792037964,-4.1633481373537506e-07,0.10349404811859131,0.424826443195343,-0.02698085457086563,0.054375022649765015,0.34549516439437866,-0.04669257998466492,0.05979287624359131,0.256324827671051,-0.0701381266117096,0.07853907346725464,0.1839720606803894,-0.08919472247362137,0.025496482849121094,0.18472856283187866,-0.009748872369527817,0.0,0.057719796895980835,-0.04956188425421715,0.004080235958099365,0.10114967823028564,-0.08138217031955719,0.01713460683822632,0.16881752014160156,-0.09722327440977097,0.07592982053756714,0.1484028697013855,-0.018201295286417007,0.05610284209251404,0.0,-0.047018371522426605,0.062325239181518555,0.043773114681243896,-0.06864311546087265,0.07197964191436768,0.10351422429084778,-0.07930084317922592,0.12805211544036865,0.13906240463256836,-0.03292067348957062,0.11667847633361816,0.002467244863510132,-0.05419681966304779,0.1184505820274353,0.049652040004730225,-0.05939606577157974,0.12229734659194946,0.1109045147895813,-0.060189928859472275,0.18295258283615112,0.15401434898376465,-0.05159705504775047,0.17514455318450928,0.05059337615966797,-0.061308152973651886,0.16726535558700562,0.07583874464035034,-0.05666377395391464,0.16327625513076782,0.12445881962776184,-0.05202741548418999
E,0.1783844232559204,0.4492579698562622,-4.2678942691054544e-07,0.10526460409164429,0.4219142198562622,-0.026677526533603668,0.05516800284385681,0.3450523614883423,-0.04632449895143509,0.057983219623565674,0.2554282546043396,-0.06961219757795334,0.07450079917907715,0.18044090270996094,-0.08833880722522736,0.025947391986846924,0.18538957834243774,-0.008092723786830902,0.0,0.061144351959228516,-0.04760988429188728,0.0035836100578308105,0.10054245591163635,-0.07878609746694565,0.016339272260665894,0.1613694429397583,-0.09435918927192688,0.07524150609970093,0.14781254529953003,-0.016819998621940613,0.05404070019721985,0.0,-0.04668394848704338,0.060860276222229004,0.04668119549751282,-0.06690947711467743,0.07077473402023315,0.10690045356750488,-0.07566893845796585,0.12705719470977783,0.13682249188423157,-0.03191891312599182,0.114082932472229,0.0016648173332214355,-0.05380447208881378,0.11668199300765991,0.05113089084625244,-0.05636242777109146,0.12050718069076538,0.11113378405570984,-0.05479878559708595,0.18185895681381226,0.15052270889282227,-0.051044709980487823,0.17294198274612427,0.04771691560745239,-0.060527507215738297,0.16597485542297363,0.07623198628425598,-0.053876057267189026,0.16251081228256226,0.12480676174163818,-0.04754767194390297
E,0.1766268014907837,0.4465189576148987,-3.943440276543697e-07,0.10186463594436646,0.41751086711883545,-0.0253759752959013,0.05065464973449707,0.338386595249176,-0.0438639335334301,0.05490139126777649,0.24773985147476196,-0.06608030945062637,0.07332867383956909,0.17388921976089478,-0.08431559056043625,0.025734663009643555,0.18624764680862427,-0.008405528031289577,0.0,0.06206744909286499,-0.0464317724108696,0.0013763606548309326,0.09257584810256958,-0.07657445967197418,0.01212221384048462,0.14725518226623535,-0.09196323156356812,0.07431679964065552,0.14860033988952637,-0.017669688910245895,0.05218788981437683,0.0006481409072875977,-0.04701303318142891,0.05897396802902222,0.042178571224212646,-0.06775742024183273,0.06887280941009521,0.10042890906333923,-0.07744571566581726,0.1257314682006836,0.13743937015533447,-0.032906919717788696,0.11200714111328125,0.0,-0.055218663066625595,0.11501449346542358,0.04395633935928345,-0.05983464792370796,0.11974525451660156,0.1035144031047821,-0.05997235327959061,0.1806076169013977,0.15139645338058472,-0.05188184604048729,0.17188823223114014,0.04711711406707764,-0.06230728328227997,0.1657348871231079,0.0713205337524414,-0.057356540113687515,0.16304081678390503,0.11987435817718506,-0.05255023017525673
E,0.17526793479919434,0.44807159900665283,-4.397881525619596e-07,0.09867507219314575,0.41906851530075073,-0.025701036676764488,0.04690715670585632,0.3393009901046753,-0.043985892087221146,0.048698604106903076,0.24858903884887695,-0.06632480025291443,0.06807667016983032,0.17558836936950684,-0.08367396146059036,0.029969453811645508,0.18151992559432983,-0.0027348347939550877,0.002888798713684082,0.0575372576713562,-0.041244398802518845,0.0,0.10325285792350769,-0.07254225015640259,0.011493921279907227,0.16800296306610107,-0.08838184177875519,0.07763278484344482,0.14598119258880615,-0.011256535537540913,0.05301937460899353,0.0014209449291229248,-0.040950044989585876,0.05251455307006836,0.045402079820632935,-0.06224311143159866,0.062558114528656,0.10329654812812805,-0.07186849415302277,0.12709373235702515,0.13640540838241577,-0.02645125426352024,0.11224478483200073,0.0,-0.048100464046001434,0.11016005277633667,0.043620139360427856,-0.052124377340078354,0.11541789770126343,0.10205328464508057,-0.05158531293272972,0.18066734075546265,0.15007847547531128,-0.045829012989997864,0.17274326086044312,0.046317875385284424,-0.055496275424957275,0.16307735443115234,0.06854262948036194,-0.05046945437788963,0.16018152236938477,0.11476203799247742,-0.04534420743584633
E,0.17214012145996094,0.44270604848861694,-4.079690256730828e-07,0.09548431634902954,0.4149736166000366,-0.026545865461230278,0.04279094934463501,0.3355565071105957,-0.04451579600572586,0.04464283585548401,0.242182195186615,-0.06573915481567383,0.0643383264541626,0.16797614097595215,-0.08197703212499619,0.02627202868461609,0.179815411567688,-0.003500360529869795,0.0007762610912322998,0.05471906065940857,-0.03913083299994469,0.0,0.09136050939559937,-0.06835711002349854,0.010543197393417358,0.14945769309997559,-0.08362732082605362,0.0742073655128479,0.1445465087890625,-0.010747154243290424,0.04827579855918884,0.0013935565948486328,-0.03856610134243965,0.05142974853515625,0.040733277797698975,-0.05997322127223015,0.06105625629425049,0.09457731246948242,-0.07056941092014313,0.12373238801956177,0.1356637179851532,-0.024348976090550423,0.10806876420974731,0.0,-0.04654109477996826,0.10936689376831055,0.03970605134963989,-0.05224411562085152,0.11481821537017822,0.09579780697822571,-0.05317170172929764,0.17754000425338745,0.1500142216682434,-0.041764792054891586,0.16977447271347046,0.046809613704681396,-0.05337001383304596,0.16315674781799316,0.06673818826675415,-0.05020103603601456,0.1607988476753235,0.11081469058990479,-0.046481311321258545
E,0.1729801595211029,0.43929505348205566,-3.5563448363973293e-07,0.09422311186790466,0.4090721607208252,-0.023398155346512794,0.04135042428970337,0.32388073205947876,-0.0379788875579834,0.04584118723869324,0.22882550954818726,-0.056352317333221436,0.06935068964958191,0.15771740674972534,-0.07027393579483032,0.02476397156715393,0.1759851574897766,0.003200097009539604,0.0,0.05283433198928833,-0.028625590726733208,0.001768261194229126,0.08364158868789673,-0.056305017322301865,0.012646228075027466,0.13736587762832642,-0.07123437523841858,0.07308372855186462,0.14030063152313232,-0.00452385563403368,0.04761555790901184,0.0015920400619506836,-0.028357205912470818,0.0510498583316803,0.031223207712173462,-0.05005883798003197,0.060275644063949585,0.0787198543548584,-0.061864323914051056,0.12300929427146912,0.13183221220970154,-0.01843271777033806,0.10770586133003235,0.0,-0.03866051882505417,0.1098378598690033,0.03659358620643616,-0.046433065086603165,0.11572888493537903,0.09156489372253418,-0.04918781667947769,0.1768682897090912,0.14641493558883667,-0.03592463582754135,0.16989240050315857,0.04588812589645386,-0.04774981737136841,0.1631876528263092,0.06517666578292847,-0.046398330479860306,0.1610334813594818,0.10906994342803955,-0.044021788984537125
E,0.17224878072738647,0.4400583505630493,-3.129493393316807e-07,0.09486663341522217,0.4090754985809326,-0.022229956462979317,0.04274812340736389,0.326694130897522,-0.03668399900197983,0.04224678874015808,0.23350286483764648,-0.055368512868881226,0.059677064418792725,0.15788650512695312,-0.07013653218746185,0.023862183094024658,0.17777425050735474,0.0051841880194842815,0.00011160969734191895,0.05565914511680603,-0.02643110230565071,0.0,0.07420945167541504,-0.053962044417858124,0.010160058736801147,0.11861610412597656,-0.06862525641918182,0.07171356678009033,0.1426945924758911,-0.0033462499268352985,0.048490166664123535,0.002216041088104248,-0.02955918200314045,0.05224895477294922,0.03230851888656616,-0.05241866782307625,0.06238245964050293,0.08317074179649353,-0.06370437890291214,0.12196224927902222,0.13357317447662354,-0.01785331964492798,0.10751253366470337,0.0,-0.03999416157603264,0.10867857933044434,0.0374218225479126,-0.04855886101722717,0.11521917581558228,0.09507137537002563,-0.050629373639822006,0.1760055422782898,0.14737462997436523,-0.035630472004413605,0.1684267520904541,0.04466885328292847,-0.04822298139333725,0.1605663299560547,0.062439173460006714,-0.04713333770632744,0.15872687101364136,0.1069386899471283,-0.04417670890688896
E,0.17486917972564697,0.43889421224594116,-2.1902189928368898e-07,0.09644269943237305,0.40704017877578735,-0.02246231958270073,0.04354125261306763,0.32594239711761475,-0.03637028858065605,0.042795002460479736,0.2327924370765686,-0.05428100377321243,0.06025761365890503,0.1561582088470459,-0.06897424161434174,0.023578733205795288,0.17746871709823608,0.007127861492335796,0.0,0.06322765350341797,-0.02197161689400673,0.0006337165832519531,0.06578028202056885,-0.0486086867749691,0.012307912111282349,0.09417212009429932,-0.06351970136165619,0.07210475206375122,0.1411726474761963,-0.0011360293719917536,0.05177569389343262,0.004989832639694214,-0.027060242369771004,0.05574685335159302,0.02828902006149292,-0.0507943332195282,0.06546717882156372,0.07478147745132446,-0.06257626414299011,0.12309646606445312,0.13078409433364868,-0.015201705507934093,0.11137574911117554,0.0,-0.03821146860718727,0.11295139789581299,0.03566810488700867,-0.048024244606494904,0.1202547550201416,0.09234088659286499,-0.050502710044384,0.17836356163024902,0.14388984441757202,-0.032410506159067154,0.17106419801712036,0.04327911138534546,-0.046179939061403275,0.16445928812026978,0.06210401654243469,-0.045753199607133865,0.16385823488235474,0.10712575912475586,-0.04281441494822502
E,0.17401719093322754,0.43739527463912964,-2.646881966938963e-07,0.09661096334457397,0.4067690968513489,-0.020763760432600975,0.0436745285987854,0.32695937156677246,-0.034321825951337814,0.04220113158226013,0.2344035506248474,-0.052212074398994446,0.05852097272872925,0.15859174728393555,-0.06651017814874649,0.025257080793380737,0.175756573677063,0.006995846051722765,0.0006076395511627197,0.05928581953048706,-0.023186713457107544,0.0,0.07127159833908081,-0.04956334829330444,0.010634094476699829,0.1093146800994873,-0.06341017037630081,0.07291120290756226,0.14046591520309448,-0.002471909625455737,0.052011847496032715,0.0022670328617095947,-0.028975224122405052,0.054045915603637695,0.029156118631362915,-0.050933048129081726,0.06346756219863892,0.08022725582122803,-0.06051978841423988,0.12387442588806152,0.13153833150863647,-0.01779818907380104,0.11234390735626221,0.0,-0.04069285839796066,0.11297613382339478,0.03667646646499634,-0.048281680792570114,0.11910378932952881,0.09264129400253296,-0.04875728860497475,0.178433358669281,0.14646899700164795,-0.03617163747549057,0.1717657446861267,0.04404515027999878,-0.04957595840096474,0.16443723440170288,0.06379389762878418,-0.04727951064705849,0.1631278395652771,0.10847118496894836,-0.04258374124765396
E,0.17403843998908997,0.4361581802368164,-2.556429308242514e-07,0.09683898091316223,0.40633314847946167,-0.02197144366800785,0.04273504018783569,0.32713156938552856,-0.03666868060827255,0.03791916370391846,0.23589271306991577,-0.05564449727535248,0.05107298493385315,0.15644532442092896,-0.07103600353002548,0.023509740829467773,0.17345452308654785,0.007554425857961178,0.0,0.055461347103118896,-0.02381308376789093,0.00032979249954223633,0.06507131457328796,-0.05149409547448158,0.012271225452423096,0.10234832763671875,-0.06620077043771744,0.07191720604896545,0.13922590017318726,-0.001728704897686839,0.052548617124557495,0.0021399259567260742,-0.029686108231544495,0.05480685830116272,0.02876114845275879,-0.05414777249097824,0.06401267647743225,0.07856792211532593,-0.06564918905496597,0.12306466698646545,0.12999477982521057,-0.017133835703134537,0.11216363310813904,0.0,-0.041173309087753296,0.11226454377174377,0.03579920530319214,-0.05100725218653679,0.11829736828804016,0.09156331419944763,-0.05317685380578041,0.17776641249656677,0.14335697889328003,-0.03558298945426941,0.17087480425834656,0.04444974660873413,-0.04915056377649307,0.1643088161945343,0.06307858228683472,-0.048040904104709625,0.163950115442276,0.105549156665802,-0.044553566724061966
E,0.1766715943813324,0.43443790078163147,-2.9418973213068966e-07,0.0988796055316925,0.4031539261341095,-0.020800555124878883,0.044240802526474,0.32367315888404846,-0.03478016331791878,0.03882762789726257,0.23049888014793396,-0.053174689412117004,0.05237331986427307,0.15358486771583557,-0.06743758171796799,0.02191886305809021,0.17588165402412415,0.008783627301454544,0.0,0.05083706974983215,-0.022856613621115685,0.00468483567237854,0.06413570046424866,-0.04967748001217842,0.01660102605819702,0.10398715734481812,-0.06357968598604202,0.07222357392311096,0.14187189936637878,-0.0012027820339426398,0.05408671498298645,0.0,-0.03176690638065338,0.06061401963233948,0.03674325346946716,-0.05487601086497307,0.06980302929878235,0.09370145201683044,-0.06361646205186844,0.12485376000404358,0.13186699151992798,-0.017301728948950768,0.11497703194618225,0.0005672872066497803,-0.042095962911844254,0.11668381094932556,0.041522324085235596,-0.048522111028432846,0.12061569094657898,0.09778851270675659,-0.047099754214286804,0.17992308735847473,0.14517882466316223,-0.03641004115343094,0.17273667454719543,0.04556465148925781,-0.04857184737920761,0.16743990778923035,0.06581136584281921,-0.04452304169535637,0.16632625460624695,0.10521379113197327,-0.03843110054731369
E,0.17570900917053223,0.4396207630634308,-3.7854658785363426e-07,0.09807693958282471,0.41220608353614807,-0.0199578944593668,0.0441056489944458,0.32870110869407654,-0.0331256128847599,0.03955662250518799,0.23375055193901062,-0.051204681396484375,0.053357601165771484,0.15764597058296204,-0.06487835943698883,0.02258002758026123,0.1783464252948761,0.008494645357131958,0.0,0.0492265522480011,-0.025185491889715195,0.004602015018463135,0.07462602853775024,-0.05227947607636452,0.016644179821014404,0.12508592009544373,-0.06532561033964157,0.07170474529266357,0.14402666687965393,-0.002005621325224638,0.05329924821853638,0.0,-0.03288460522890091,0.058362483978271484,0.04784068465232849,-0.05368565395474434,0.06689262390136719,0.11128678917884827,-0.06016623228788376,0.12351399660110474,0.1339845061302185,-0.018860766664147377,0.11229455471038818,0.0018749535083770752,-0.04335638880729675,0.11282020807266235,0.05171239376068115,-0.04756287857890129,0.11673879623413086,0.1136496365070343,-0.04429827630519867,0.17840445041656494,0.14713433384895325,-0.03885885700583458,0.17113524675369263,0.04506552219390869,-0.05015942081809044,0.16399765014648438,0.07189550995826721,-0.044679198414087296,0.1612645387649536,0.11846393346786499,-0.037400566041469574
E,0.17120268940925598,0.44640079140663147,-4.132430149184074e-07,0.09378519654273987,0.4151225984096527,-0.020497288554906845,0.04144078493118286,0.3301296532154083,-0.03368547186255455,0.03624418377876282,0.2376646101474762,-0.05187716335058212,0.05001768469810486,0.16298672556877136,-0.06542318314313889,0.021687954664230347,0.18167129158973694,0.00949089601635933,0.0,0.05143648386001587,-0.025012316182255745,0.0011237263679504395,0.08277058601379395,-0.052654068917036057,0.01186797022819519,0.13566824793815613,-0.06586051732301712,0.07034847140312195,0.14893683791160583,-0.0005923493299633265,0.05160161852836609,0.0,-0.033591605722904205,0.0528734028339386,0.0512218177318573,-0.0556991882622242,0.06203010678291321,0.1159740686416626,-0.06212630495429039,0.12162062525749207,0.1387038230895996,-0.017214052379131317,0.11050930619239807,0.0027326643466949463,-0.04217636212706566,0.10730120539665222,0.05068734288215637,-0.04833736643195152,0.11098846793174744,0.1121666431427002,-0.04583434388041496,0.17583021521568298,0.15040650963783264,-0.03710437938570976,0.16974952816963196,0.0475982129573822,-0.04720856249332428,0.16004464030265808,0.06860283017158508,-0.04311316832900047,0.15659233927726746,0.11067429184913635,-0.03691921383142471
E,0.17530709505081177,0.44737741351127625,-4.020861581466306e-07,0.09838026762008667,0.4157198369503021,-0.021910779178142548,0.04487419128417969,0.3329549729824066,-0.035683274269104004,0.03768834471702576,0.2377026379108429,-0.05410895124077797,0.04879838228225708,0.1586209237575531,-0.0675864964723587,0.02147310972213745,0.1874849498271942,0.008872061036527157,0.0,0.05661687254905701,-0.026248572394251823,0.004165917634963989,0.08074405789375305,-0.054104283452034,0.016614079475402832,0.1310933232307434,-0.06726798415184021,0.0698925256729126,0.15090695023536682,-0.0008531635394319892,0.04973405599594116,0.0,-0.03513370454311371,0.05517178773880005,0.050546735525131226,-0.05677996575832367,0.06524515151977539,0.11902597546577454,-0.062145885080099106,0.12147331237792969,0.13856291770935059,-0.017332807183265686,0.10821986198425293,0.0010135471820831299,-0.04323241859674454,0.10932958126068115,0.050805121660232544,-0.04705490916967392,0.11408001184463501,0.11408495903015137,-0.04233165457844734,0.17538893222808838,0.15019074082374573,-0.03721082955598831,0.1678449511528015,0.04684308171272278,-0.047504741698503494,0.16083276271820068,0.07065281271934509,-0.041445545852184296,0.15882885456085205,0.11480847001075745,-0.03345838934183121
E,0.1755141019821167,0.44353795051574707,-3.470602507604781e-07,0.09960240125656128,0.4108272194862366,-0.02611749991774559,0.04641604423522949,0.3252236843109131,-0.04073299467563629,0.0373786985874176,0.2299211025238037,-0.05921675264835358,0.04637745022773743,0.15005648136138916,-0.07300695776939392,0.02180466055870056,0.1806735396385193,0.008260464295744896,0.0,0.05269742012023926,-0.025795884430408478,0.003520369529724121,0.0692761242389679,-0.054595235735177994,0.016058146953582764,0.1131209135055542,-0.0692066177725792,0.07038384675979614,0.14575189352035522,0.0010818606242537498,0.052346885204315186,0.0,-0.03231749311089516,0.057557523250579834,0.044667065143585205,-0.057156048715114594,0.06699538230895996,0.10836169123649597,-0.06608466058969498,0.12164384126663208,0.1345583200454712,-0.013156820088624954,0.10980445146560669,0.0008572936058044434,-0.038696207106113434,0.10959279537200928,0.04361841082572937,-0.047477707266807556,0.11410742998123169,0.10479038953781128,-0.047238532453775406,0.1751112937927246,0.14608025550842285,-0.03103422187268734,0.16770678758621216,0.04464733600616455,-0.04203564673662186,0.15985631942749023,0.06448030471801758,-0.03981820493936539,0.15721982717514038,0.10784190893173218,-0.035303473472595215
E,0.17409652471542358,0.44036006927490234,-3.339361001053476e-07,0.09531468152999878,0.40075260400772095,-0.020968660712242126,0.0429709255695343,0.31604599952697754,-0.031956177204847336,0.03205996751785278,0.21892988681793213,-0.04792732372879982,0.03751543164253235,0.1388574242591858,-0.05951313301920891,0.021289587020874023,0.17758822441101074,0.01843009516596794,0.0,0.05489379167556763,-0.012060253880918026,0.00815543532371521,0.06687849760055542,-0.03847827762365341,0.02087801694869995,0.10245758295059204,-0.05208737403154373,0.06933271884918213,0.14185747504234314,0.009572838433086872,0.05102229118347168,0.0,-0.023536719381809235,0.06095576286315918,0.047523677349090576,-0.04706623777747154,0.0710834264755249,0.11212944984436035,-0.053762953728437424,0.12043994665145874,0.1296168565750122,-0.00614780280739069,0.10784345865249634,0.00120466947555542,-0.0324552021920681,0.11186397075653076,0.05130743980407715,-0.03818860277533531,0.11736083030700684,0.11372745037078857,-0.03411414474248886,0.173317551612854,0.14187020063400269,-0.025008171796798706,0.1644223928451538,0.043734461069107056,-0.03564118966460228,0.15914815664291382,0.07042533159255981,-0.030527811497449875,0.15845507383346558,0.11561495065689087,-0.022875353693962097
E,0.17661824822425842,0.4382745325565338,-3.7126335428183665e-07,0.09888038039207458,0.40324661135673523,-0.024731583893299103,0.0453474223613739,0.3195725977420807,-0.03870195522904396,0.03521221876144409,0.22345569729804993,-0.05643605440855026,0.042660027742385864,0.1424025297164917,-0.06925361603498459,0.021963655948638916,0.1809919774532318,0.009599384851753712,0.0,0.055193573236465454,-0.024167468771338463,0.007546335458755493,0.07264584302902222,-0.05238233506679535,0.019755780696868896,0.11473673582077026,-0.06662146747112274,0.07127919793128967,0.14348581433296204,0.002179579809308052,0.0517822802066803,0.0004163086414337158,-0.0325600802898407,0.060583680868148804,0.048197418451309204,-0.056087881326675415,0.07081088423728943,0.11376422643661499,-0.06303354352712631,0.12386325001716614,0.13039517402648926,-0.012294109910726547,0.11099401116371155,0.0,-0.03832099959254265,0.11401525139808655,0.04617151618003845,-0.043654389679431915,0.1192903220653534,0.10696300864219666,-0.040048979222774506,0.1776723563671112,0.1418369710445404,-0.03029039315879345,0.17046090960502625,0.045543521642684937,-0.04014644771814346,0.16360744833946228,0.06791481375694275,-0.03528865799307823,0.1618199646472931,0.10916125774383545,-0.02847149781882763
E,0.17436963319778442,0.4381865859031677,-3.0811179385636933e-07,0.09518676996231079,0.401616632938385,-0.022641899064183235,0.0403839647769928,0.31640154123306274,-0.03438683599233627,0.028146028518676758,0.22061055898666382,-0.050356265157461166,0.034660130739212036,0.14201748371124268,-0.06214581057429314,0.02091217041015625,0.17874205112457275,0.013800312764942646,0.0,0.059551239013671875,-0.01694876328110695,0.006750732660293579,0.06595641374588013,-0.04340064153075218,0.018715500831604004,0.09581485390663147,-0.05723574757575989,0.0708884596824646,0.14177986979484558,0.005497506354004145,0.05380815267562866,0.0,-0.029250796884298325,0.06209617853164673,0.04388701915740967,-0.05311550945043564,0.07211297750473022,0.10786318778991699,-0.05952490493655205,0.12334597110748291,0.12907040119171143,-0.009477191604673862,0.11264151334762573,0.001036524772644043,-0.03643270954489708,0.11445879936218262,0.04671621322631836,-0.042841505259275436,0.11930501461029053,0.10802459716796875,-0.03888050839304924,0.1770610213279724,0.1408243477344513,-0.027692634612321854,0.16947990655899048,0.046344488859176636,-0.03869291767477989,0.16159015893936157,0.06791499257087708,-0.03457511216402054,0.15950751304626465,0.10952320694923401,-0.027475625276565552
E,0.16930967569351196,0.4386293888092041,-3.166449005220784e-07,0.09216737747192383,0.3990563750267029,-0.022001387551426888,0.04057919979095459,0.3116030693054199,-0.03282904252409935,0.029954075813293457,0.21430784463882446,-0.047836314886808395,0.0340421199798584,0.13452821969985962,-0.05837807059288025,0.018786311149597168,0.17828655242919922,0.015353907831013203,0.0,0.05666166543960571,-0.014596981927752495,0.005342364311218262,0.06424486637115479,-0.040230073034763336,0.015433311462402344,0.09454816579818726,-0.05344186723232269,0.06761878728866577,0.14295518398284912,0.007412812206894159,0.0511171817779541,0.0,-0.02627682313323021,0.057760000228881836,0.04408067464828491,-0.049466848373413086,0.06636619567871094,0.10673931241035461,-0.0555771179497242,0.11887931823730469,0.1310405731201172,-0.007179941050708294,0.10887253284454346,0.0022770166397094727,-0.033207446336746216,0.1095547080039978,0.0475427508354187,-0.039457470178604126,0.11296099424362183,0.10693365335464478,-0.03567637503147125,0.17126792669296265,0.1430993378162384,-0.024984005838632584,0.16494321823120117,0.04706209897994995,-0.03520751744508743,0.1573718786239624,0.06757873296737671,-0.031127700582146645,0.1549896001815796,0.10679078102111816,-0.02429109811782837
E,0.17321938276290894,0.43533286452293396,-2.42753742440982e-07,0.09292489290237427,0.39278700947761536,-0.02288813702762127,0.03837764263153076,0.29441317915916443,-0.030775822699069977,0.028340280055999756,0.1886436641216278,-0.04218589887022972,0.03341943025588989,0.10807111859321594,-0.04945562034845352,0.018986940383911133,0.17447182536125183,0.020116189494729042,0.0,0.061444610357284546,-0.004997086711227894,0.00825345516204834,0.054279983043670654,-0.029074739664793015,0.02132725715637207,0.06821313500404358,-0.043051060289144516,0.06800293922424316,0.13676705956459045,0.013904798775911331,0.05039238929748535,0.0021844804286956787,-0.01617409661412239,0.06162339448928833,0.033346861600875854,-0.040128372609615326,0.07399046421051025,0.08818250894546509,-0.048276983201503754,0.11981260776519775,0.123128741979599,0.0010424035135656595,0.10819399356842041,0.0,-0.023160401731729507,0.11207360029220581,0.03590461611747742,-0.030891498550772667,0.1180911660194397,0.09058046340942383,-0.029163526371121407,0.17328590154647827,0.13271892070770264,-0.015243137255311012,0.16475248336791992,0.03991803526878357,-0.026028364896774292,0.15849429368972778,0.05905452370643616,-0.02340017817914486,0.15755510330200195,0.098804771900177,-0.01803714595735073
E,0.16852301359176636,0.4283038079738617,-1.743203768000967e-07,0.08844435214996338,0.383961945772171,-0.022279459983110428,0.03507876396179199,0.287709504365921,-0.028915777802467346,0.023594051599502563,0.18320950865745544,-0.03864719346165657,0.026088297367095947,0.10343840718269348,-0.04436562955379486,0.019351541996002197,0.16703131794929504,0.02444138191640377,0.0,0.05517721176147461,0.002676167758181691,0.007346421480178833,0.046491026878356934,-0.02039767988026142,0.019761621952056885,0.06157517433166504,-0.033992212265729904,0.06771445274353027,0.1327468454837799,0.01971748284995556,0.0506361722946167,0.0,-0.005878378637135029,0.061960697174072266,0.022663414478302002,-0.03160136938095093,0.07460284233093262,0.07030358910560608,-0.0424954816699028,0.11873430013656616,0.12152346968650818,0.008601672947406769,0.10935676097869873,0.0012962520122528076,-0.012724562548100948,0.1122215986251831,0.026972204446792603,-0.024295169860124588,0.11808991432189941,0.0753788948059082,-0.026485860347747803,0.17199623584747314,0.13209474086761475,-0.005592044442892075,0.1641520857810974,0.0408765971660614,-0.015394555404782295,0.15910255908966064,0.05098658800125122,-0.015008866786956787,0.15951871871948242,0.08355489373207092,-0.011717173270881176
E,0.17011305689811707,0.4208470582962036,-1.4876431464472262e-07,0.09248086810112,0.38085007667541504,-0.021726621314883232,0.04047137498855591,0.28984832763671875,-0.029799971729516983,0.03292042016983032,0.19006162881851196,-0.0404529832303524,0.04113975167274475,0.11355790495872498,-0.047432951629161835,0.020944863557815552,0.16519182920455933,0.018003355711698532,0.0,0.05826529860496521,-0.0030022086575627327,0.005052298307418823,0.04330718517303467,-0.02556590549647808,0.016089975833892822,0.052191466093063354,-0.03945799544453621,0.07143589854240417,0.1296088993549347,0.012507790699601173,0.05193313956260681,1.4692544937133789e-05,-0.012578360736370087,0.0619066059589386,0.016075998544692993,-0.03764428570866585,0.07492271065711975,0.06137683987617493,-0.048672813922166824,0.12422743439674377,0.11789420247077942,0.0012890666257590055,0.11292967200279236,0.0,-0.019802462309598923,0.11488977074623108,0.019777297973632812,-0.03165711835026741,0.12082234025001526,0.06574055552482605,-0.03448102995753288,0.17868658900260925,0.1285928189754486,-0.012805427424609661,0.17011293768882751,0.03967830538749695,-0.023506443947553635,0.1640130579471588,0.04449912905693054,-0.023891836404800415,0.1643473207950592,0.07381770014762878,-0.021313482895493507
E,0.16903340816497803,0.41987961530685425,-1.761531507327163e-07,0.09448188543319702,0.3798416256904602,-0.024395499378442764,0.04332426190376282,0.2883107662200928,-0.03334558755159378,0.030894607305526733,0.18618392944335938,-0.044262174516916275,0.036839812994003296,0.10532838106155396,-0.05082115903496742,0.020098626613616943,0.16921287775039673,0.01523169782012701,0.0,0.056331366300582886,-0.008170953020453453,0.0059465765953063965,0.04576355218887329,-0.03096395917236805,0.01644715666770935,0.06251829862594604,-0.04368986561894417,0.07065403461456299,0.1338948905467987,0.011740989051759243,0.05189406871795654,0.0,-0.015891283750534058,0.06138122081756592,0.02284073829650879,-0.04015899449586868,0.07289046049118042,0.07613232731819153,-0.04907012730836868,0.12362915277481079,0.12143880128860474,0.0022305494640022516,0.11330097913742065,0.0014874935150146484,-0.020581785589456558,0.11450529098510742,0.02775520086288452,-0.030924782156944275,0.11926788091659546,0.07956662774085999,-0.031326454132795334,0.1774730086326599,0.13062310218811035,-0.01022117305546999,0.16897088289260864,0.041129350662231445,-0.020893771201372147,0.16228628158569336,0.04882368445396423,-0.020067870616912842,0.16212576627731323,0.08143758773803711,-0.015847021713852882
E,0.1721336841583252,0.4153851270675659,-8.965737663402251e-08,0.09292775392532349,0.3707020878791809,-0.020766910165548325,0.038893312215805054,0.2794700264930725,-0.026700548827648163,0.022539407014846802,0.18123096227645874,-0.03490908071398735,0.024492651224136353,0.10590893030166626,-0.03966167941689491,0.020957857370376587,0.1671707034111023,0.019287070259451866,0.0,0.06435415148735046,0.000808417797088623,0.004817605018615723,0.03893321752548218,-0.01945934072136879,0.014849424362182617,0.03611314296722412,-0.03197062388062477,0.07255411148071289,0.1310022473335266,0.014895515516400337,0.05426269769668579,0.0026210546493530273,-0.009838485158979893,0.06333744525909424,0.015417903661727905,-0.03285544738173485,0.07518911361694336,0.05978810787200928,-0.04151049628853798,0.1263088583946228,0.1173095703125,0.005047650076448917,0.11433124542236328,0.0,-0.015770360827445984,0.11639618873596191,0.02010113000869751,-0.025563251227140427,0.12246334552764893,0.06669366359710693,-0.0259042140096426,0.18037593364715576,0.12558186054229736,-0.007497262209653854,0.17065727710723877,0.03746780753135681,-0.017580188810825348,0.16432082653045654,0.04270148277282715,-0.01670277863740921,0.16512882709503174,0.07292503118515015,-0.012439330108463764
E,0.17108827829360962,0.4111522436141968,-1.9581960941650323e-08,0.09271574020385742,0.3661625385284424,-0.02285849303007126,0.03775215148925781,0.27406740188598633,-0.027561472728848457,0.017685651779174805,0.17623364925384521,-0.0338289774954319,0.01693326234817505,0.10087218880653381,-0.03667115792632103,0.021854043006896973,0.16270101070404053,0.023921512067317963,0.0,0.06799453496932983,0.008945345878601074,0.0018153786659240723,0.03394818305969238,-0.010425538755953312,0.009343922138214111,0.020358026027679443,-0.023375047370791435,0.07238483428955078,0.127910315990448,0.0217061135917902,0.05342388153076172,0.0027932822704315186,-0.0022846153005957603,0.06146150827407837,0.010486364364624023,-0.027477173134684563,0.07263243198394775,0.05010831356048584,-0.0375223346054554,0.12459886074066162,0.1145782470703125,0.013940021395683289,0.11425334215164185,0.0,-0.006959285121411085,0.11501777172088623,0.014087319374084473,-0.019776854664087296,0.12066888809204102,0.05650100111961365,-0.021912317723035812,0.17830830812454224,0.12241145968437195,0.0034245483111590147,0.16977930068969727,0.03663793206214905,-0.007381134666502476,0.16359204053878784,0.03637656569480896,-0.00904404278844595,0.16475099325180054,0.06107908487319946,-0.006421166006475687
E,0.16466626524925232,0.4184143543243408,-7.576164762213011e-08,0.08716532588005066,0.38009029626846313,-0.025447476655244827,0.031793057918548584,0.2864599823951721,-0.0342935211956501,0.019075870513916016,0.18567997217178345,-0.04566016420722008,0.029146432876586914,0.10866805911064148,-0.05323779210448265,0.018488675355911255,0.16474485397338867,0.017085706815123558,0.0,0.06067436933517456,-0.006836649961769581,0.0023841261863708496,0.041724443435668945,-0.030358783900737762,0.01209208369255066,0.04893031716346741,-0.04388897120952606,0.06747916340827942,0.13185352087020874,0.013260341249406338,0.053549379110336304,0.0012049376964569092,-0.017244430258870125,0.05903121829032898,0.02374744415283203,-0.042248327285051346,0.06816324591636658,0.07617735862731934,-0.05027104541659355,0.11844637989997864,0.1204562783241272,0.003202685620635748,0.11062011122703552,0.0,-0.021907776594161987,0.11068573594093323,0.029674887657165527,-0.031612176448106766,0.1159808337688446,0.08365371823310852,-0.030126405879855156,0.17084601521492004,0.1313501000404358,-0.01016914937645197,0.16393700242042542,0.04064774513244629,-0.02323380671441555,0.15672895312309265,0.051319271326065063,-0.02275317907333374,0.15670433640480042,0.08638349175453186,-0.017525123432278633
E,0.1671527922153473,0.41479963064193726,-8.08359672532788e-08,0.09060654044151306,0.3725406527519226,-0.02453269250690937,0.03340005874633789,0.2793201804161072,-0.031087122857570648,0.01160883903503418,0.18104100227355957,-0.03994185850024223,0.010887831449508667,0.10382133722305298,-0.04516403377056122,0.020366698503494263,0.16449391841888428,0.02019348554313183,0.0,0.06611970067024231,6.020055934641277e-06,0.0003291666507720947,0.03914135694503784,-0.020876673981547356,0.00787210464477539,0.03171646595001221,-0.03381577506661415,0.07071474194526672,0.1305495798587799,0.01660902611911297,0.054209738969802856,0.0012659430503845215,-0.013743992894887924,0.059475868940353394,0.021446704864501953,-0.038553427904844284,0.06933262944221497,0.06899231672286987,-0.04623275622725487,0.12226894497871399,0.11840811371803284,0.006973935291171074,0.11451706290245056,0.0,-0.019612498581409454,0.11287286877632141,0.027026742696762085,-0.030870754271745682,0.11672958731651306,0.07793128490447998,-0.029767196625471115,0.17442026734352112,0.12795519828796387,-0.005570341367274523,0.1675768792629242,0.039000093936920166,-0.019670985639095306,0.1601925790309906,0.04618087410926819,-0.020508278161287308,0.16010460257530212,0.07784673571586609,-0.016122108325362206
E,0.16483622789382935,0.4170222282409668,-9.688841373645118e-08,0.08998990058898926,0.37924879789352417,-0.024491654708981514,0.033599644899368286,0.28614485263824463,-0.03222174942493439,0.01581186056137085,0.18787580728530884,-0.04285263270139694,0.018868178129196167,0.11436766386032104,-0.04998607188463211,0.018340229988098145,0.16650420427322388,0.017627475783228874,0.0,0.06285491585731506,-0.005331522319465876,0.0003045201301574707,0.04088541865348816,-0.02771177887916565,0.0077211856842041016,0.042160630226135254,-0.04095739871263504,0.06796926259994507,0.13300880789756775,0.012733831070363522,0.054155051708221436,0.0,-0.019149286672472954,0.05658596754074097,0.023557722568511963,-0.04405941069126129,0.06351178884506226,0.07575884461402893,-0.05149221792817116,0.11894744634628296,0.12168633937835693,0.0017117438837885857,0.11126154661178589,0.0010399818420410156,-0.025882259011268616,0.10858356952667236,0.031953275203704834,-0.03697255253791809,0.11190682649612427,0.08622395992279053,-0.03555028885602951,0.17076629400253296,0.1323046088218689,-0.012312197126448154,0.1628773808479309,0.04099160432815552,-0.02748016268014908,0.1549476981163025,0.05092683434486389,-0.028189770877361298,0.15479719638824463,0.08544641733169556,-0.023508263751864433
E,0.16430696845054626,0.4185147285461426,-1.2984693853468343e-07,0.08990123867988586,0.3769327998161316,-0.024876460433006287,0.03265267610549927,0.2813035249710083,-0.03209127485752106,0.01074761152267456,0.17975229024887085,-0.041941143572330475,0.011048346757888794,0.09917816519737244,-0.048124730587005615,0.01856595277786255,0.1692575216293335,0.017888491973280907,0.0,0.06638818979263306,-0.0059346784837543964,0.00012424588203430176,0.045703232288360596,-0.02793712355196476,0.007278531789779663,0.04520970582962036,-0.04044521227478981,0.06848415732383728,0.13443130254745483,0.013620849698781967,0.05457863211631775,0.0,-0.020092856138944626,0.05681464076042175,0.02833235263824463,-0.04409309849143028,0.0641043484210968,0.08267208933830261,-0.049593012779951096,0.11988165974617004,0.12155839800834656,0.00307791237719357,0.11272993683815002,0.0008272528648376465,-0.02577175572514534,0.10954412817955017,0.03667399287223816,-0.03497841954231262,0.11259612441062927,0.0919678807258606,-0.03114592283964157,0.17160865664482117,0.13100957870483398,-0.010439825244247913,0.16388186812400818,0.04165947437286377,-0.024985214695334435,0.1555030643939972,0.0555327832698822,-0.023915763944387436,0.1555791199207306,0.09134000539779663,-0.017463967204093933
E,0.16589760780334473,0.4195519983768463,-1.188518226058477e-07,0.08818352222442627,0.38007792830467224,-0.01983068510890007,0.0324266254901886,0.2878231704235077,-0.026242397725582123,0.017882436513900757,0.18952986598014832,-0.03637288883328438,0.021613627672195435,0.11480629444122314,-0.043129052966833115,0.016169369220733643,0.17170408368110657,0.0209969412535429,0.0,0.06718116998672485,-0.0014878751244395971,0.0004585683345794678,0.045354872941970825,-0.023028571158647537,0.008128583431243896,0.04443511366844177,-0.03557160496711731,0.06510645151138306,0.13798260688781738,0.013738623820245266,0.052093684673309326,0.0,-0.018570708110928535,0.055618107318878174,0.027625620365142822,-0.042171888053417206,0.0639297366142273,0.08093392848968506,-0.0478513278067112,0.11612242460250854,0.1257258653640747,0.0007873543072491884,0.10992550849914551,0.001892685890197754,-0.02637609653174877,0.10787582397460938,0.03634026646614075,-0.03550875186920166,0.11161762475967407,0.09031221270561218,-0.032338958233594894,0.16861027479171753,0.1357232928276062,-0.014784679748117924,0.1623571515083313,0.044201403856277466,-0.02813558466732502,0.15419411659240723,0.05652034282684326,-0.02673695981502533,0.1539386510848999,0.09046849608421326,-0.02056451328098774
E,0.16981017589569092,0.41733318567276,-6.500616223092948e-08,0.0917891263961792,0.3767544627189636,-0.02268373779952526,0.03568258881568909,0.28551632165908813,-0.02971445396542549,0.02272370457649231,0.18905377388000488,-0.0402289442718029,0.03305298089981079,0.1194692850112915,-0.047801025211811066,0.022640198469161987,0.16450828313827515,0.022098688408732414,0.0022454261779785156,0.06591126322746277,0.0021689634304493666,0.0,0.040280431509017944,-0.019029580056667328,0.0062808990478515625,0.032179057598114014,-0.032543085515499115,0.07074195146560669,0.13138291239738464,0.01637074537575245,0.05559879541397095,5.2422285079956055e-05,-0.013693534769117832,0.056263744831085205,0.021030426025390625,-0.03889879956841469,0.06373870372772217,0.06749114394187927,-0.04692783206701279,0.12068718671798706,0.12007343769073486,0.004720475059002638,0.11257922649383545,0.0,-0.021280130371451378,0.10918503999710083,0.0293940007686615,-0.0333932563662529,0.11367100477218628,0.08008599281311035,-0.033017348498106,0.17274373769760132,0.13041701912879944,-0.009865733794867992,0.16466689109802246,0.03980746865272522,-0.02328461781144142,0.1563107967376709,0.04948854446411133,-0.02405419573187828,0.1567840576171875,0.0820905864238739,-0.019842097535729408
E,0.16567844152450562,0.42264556884765625,-9.170761927634885e-08,0.08927744626998901,0.38476061820983887,-0.022516531869769096,0.0333651602268219,0.29168587923049927,-0.030596906319260597,0.022779345512390137,0.1954035758972168,-0.04263755679130554,0.0387798547744751,0.12917715311050415,-0.051790785044431686,0.020772337913513184,0.16510170698165894,0.01916675455868244,0.0018114149570465088,0.06487268209457397,-0.0027217515744268894,0.0,0.04441952705383301,-0.024875057861208916,0.006541997194290161,0.04437088966369629,-0.03852972388267517,0.06917649507522583,0.13225269317626953,0.012480641715228558,0.05462688207626343,0.0013432800769805908,-0.017514290288090706,0.05460762977600098,0.025586217641830444,-0.0415208525955677,0.0604282021522522,0.07682999968528748,-0.04892170801758766,0.11983996629714966,0.12169459462165833,-0.00015405348676722497,0.11101186275482178,0.0,-0.026123208925127983,0.10713005065917969,0.03618282079696655,-0.03608643636107445,0.11064612865447998,0.09366774559020996,-0.03431405872106552,0.17277032136917114,0.13319659233093262,-0.015872906893491745,0.164242684841156,0.04032176733016968,-0.029644334688782692,0.1553260087966919,0.05558916926383972,-0.029071025550365448,0.15518420934677124,0.09445640444755554,-0.023795045912265778
E,0.1662043035030365,0.4218069314956665,-1.1541165179096424e-07,0.0876857340335846,0.38148975372314453,-0.020836271345615387,0.03146103024482727,0.28764814138412476,-0.02769348956644535,0.022708892822265625,0.1902192234992981,-0.03864913433790207,0.03769758343696594,0.12361371517181396,-0.046401701867580414,0.018117278814315796,0.16826790571212769,0.02133757434785366,0.0011270344257354736,0.062263548374176025,-0.00025281624402850866,0.0,0.04250270128250122,-0.021511312574148178,0.006827294826507568,0.043606698513031006,-0.03425562381744385,0.06719020009040833,0.13503307104110718,0.014520285651087761,0.053144365549087524,0.00029015541076660156,-0.015626344829797745,0.05473259091377258,0.027444839477539062,-0.038606442511081696,0.061623066663742065,0.07992374897003174,-0.044813379645347595,0.11838927865028381,0.12380543351173401,0.0017534294165670872,0.1089034378528595,0.0,-0.023694051429629326,0.10605326294898987,0.03584623336791992,-0.032762207090854645,0.10973885655403137,0.09195128083229065,-0.030348125845193863,0.17145612835884094,0.1340712606906891,-0.013970906846225262,0.16422435641288757,0.04119592905044556,-0.026683486998081207,0.1558888852596283,0.05551785230636597,-0.025633934885263443,0.1551697552204132,0.09213632345199585,-0.02018781192600727
E,0.16758587956428528,0.423389196395874,-1.0749474910198842e-07,0.08903828263282776,0.38342350721359253,-0.02096262015402317,0.0320260226726532,0.28863370418548584,-0.028643982484936714,0.023829668760299683,0.19096046686172485,-0.04047206789255142,0.04213562607765198,0.12341344356536865,-0.04930902644991875,0.01978316903114319,0.16769981384277344,0.019604291766881943,0.001886218786239624,0.06201949715614319,-0.003235370386391878,0.0,0.04266488552093506,-0.025432396680116653,0.006693899631500244,0.045092105865478516,-0.03856857120990753,0.0678195059299469,0.13549819588661194,0.012400238774716854,0.05391937494277954,0.0,-0.01878751628100872,0.053805381059646606,0.025142312049865723,-0.04262721538543701,0.06048581004142761,0.0787239670753479,-0.04923337325453758,0.11850139498710632,0.12453502416610718,-0.0006856473628431559,0.1090492308139801,0.0013045966625213623,-0.026700403541326523,0.1051160991191864,0.03501260280609131,-0.036933451890945435,0.10915496945381165,0.09108549356460571,-0.03518541157245636,0.17158260941505432,0.1343335211277008,-0.016732612624764442,0.16361847519874573,0.04123026132583618,-0.03024224564433098,0.15472307801246643,0.05418086051940918,-0.030031131580471992,0.15447267889976501,0.09097495675086975,-0.024987606331706047
E,0.16773664951324463,0.4265930652618408,-1.8156052306039783e-07,0.0886417031288147,0.39144909381866455,-0.019786875694990158,0.03100407123565674,0.29433465003967285,-0.027119958773255348,0.032785236835479736,0.19545716047286987,-0.03881436586380005,0.057502686977386475,0.13169795274734497,-0.04711252823472023,0.015123188495635986,0.1698213815689087,0.017995299771428108,0.0,0.05655619502067566,-0.006635037250816822,0.002478480339050293,0.05009472370147705,-0.02889835648238659,0.011974751949310303,0.06675153970718384,-0.041259970515966415,0.06435376405715942,0.13747164607048035,0.009840313345193863,0.05188751220703125,0.0,-0.02078244648873806,0.05463379621505737,0.03389143943786621,-0.042590659111738205,0.06207573413848877,0.09249427914619446,-0.04782892391085625,0.11570096015930176,0.12707671523094177,-0.00435079587623477,0.10714811086654663,0.0061190128326416016,-0.029071662575006485,0.1058472990989685,0.045027852058410645,-0.037234533578157425,0.10958760976791382,0.10161879658699036,-0.034698858857154846,0.1692456603050232,0.13755857944488525,-0.02160225808620453,0.16245269775390625,0.04525303840637207,-0.033825162798166275,0.15552717447280884,0.06489145755767822,-0.03191325068473816,0.15529918670654297,0.10416406393051147,-0.026157934218645096
E,0.16571903228759766,0.42483723163604736,-1.8700256987358443e-07,0.08456015586853027,0.3805496096611023,-0.019787486642599106,0.02617555856704712,0.28626298904418945,-0.027102399617433548,0.017512500286102295,0.18791919946670532,-0.03873957693576813,0.03205901384353638,0.11653071641921997,-0.04690658301115036,0.016231238842010498,0.16560137271881104,0.02234414406120777,0.0,0.06063622236251831,-0.0014496294315904379,0.00048360228538513184,0.04712414741516113,-0.023929031565785408,0.008123695850372314,0.04997262358665466,-0.0370568223297596,0.06614118814468384,0.1343286633491516,0.014195856638252735,0.053797245025634766,0.0,-0.018763475120067596,0.0553889274597168,0.033618777990341187,-0.04160575941205025,0.06340813636779785,0.08902224898338318,-0.04657207056879997,0.11740392446517944,0.12425273656845093,-0.00020927820878569037,0.10988354682922363,0.005214869976043701,-0.02681180089712143,0.10620397329330444,0.03978472948074341,-0.034924089908599854,0.11012566089630127,0.09214967489242554,-0.031209483742713928,0.17046648263931274,0.13467919826507568,-0.017650438472628593,0.16310977935791016,0.04316282272338867,-0.029889797791838646,0.1539096236228943,0.05952185392379761,-0.02747909538447857,0.15291637182235718,0.09667062759399414,-0.020854776725172997
E,0.164282888174057,0.4274020195007324,-1.787773129535708e-07,0.08488896489143372,0.3884870409965515,-0.021233972162008286,0.025256186723709106,0.2944217920303345,-0.030709370970726013,0.025469690561294556,0.19588583707809448,-0.04412103444337845,0.05313447117805481,0.13024365901947021,-0.054007694125175476,0.011677831411361694,0.168043851852417,0.015201378613710403,0.0,0.056360483169555664,-0.010683184489607811,0.00122755765914917,0.05084487795829773,-0.03354828432202339,0.009221166372299194,0.0663386881351471,-0.046241164207458496,0.0622846782207489,0.13791218400001526,0.007702192757278681,0.05171307921409607,0.0,-0.025174276903271675,0.053013771772384644,0.03584414720535278,-0.04728598892688751,0.0600380003452301,0.09643754363059998,-0.05190741643309593,0.11468759179115295,0.12900954484939575,-0.005853414535522461,0.10760757327079773,0.008875131607055664,-0.031876787543296814,0.10485866665840149,0.044613659381866455,-0.04089950770139694,0.10776636004447937,0.10093569755554199,-0.0381397046148777,0.16901597380638123,0.14062416553497314,-0.022459601983428,0.16237732768058777,0.05016407370567322,-0.035261932760477066,0.15577581524848938,0.06344977021217346,-0.034478019922971725,0.15539905428886414,0.0984157919883728,-0.029129361733794212
E,0.16833731532096863,0.42517560720443726,-1.1743945549369528e-07,0.08655622601509094,0.388832151889801,-0.021298909559845924,0.027645796537399292,0.29049229621887207,-0.030554186552762985,0.032344162464141846,0.19359570741653442,-0.04370710253715515,0.06958112120628357,0.14041069149971008,-0.05417501553893089,0.013945847749710083,0.1657608151435852,0.013543961569666862,0.0004343688488006592,0.05834925174713135,-0.008882896974682808,0.0,0.04426443576812744,-0.029925910755991936,0.008293479681015015,0.048072218894958496,-0.042812950909137726,0.06493225693702698,0.13665544986724854,0.005765661597251892,0.05336195230484009,0.0,-0.024891525506973267,0.05423712730407715,0.02897721529006958,-0.046396590769290924,0.06309857964515686,0.08329719305038452,-0.05178050324320793,0.11723706126213074,0.12822353839874268,-0.0076547907665371895,0.10952427983283997,0.006041914224624634,-0.032348234206438065,0.10609033703804016,0.03565186262130737,-0.04325872287154198,0.11129942536354065,0.08914202451705933,-0.04276632145047188,0.17193278670310974,0.13866975903511047,-0.024212628602981567,0.16409513354301453,0.04462733864784241,-0.036926478147506714,0.1562606394290924,0.05616000294685364,-0.03778250142931938,0.1564660370349884,0.09358465671539307,-0.03445762023329735
E,0.16747671365737915,0.42953935265541077,-1.4895336164499895e-07,0.08545142412185669,0.39488497376441956,-0.021585140377283096,0.026077061891555786,0.29584774374961853,-0.031317852437496185,0.03371378779411316,0.19739791750907898,-0.04517485946416855,0.0731579065322876,0.14087074995040894,-0.05596037209033966,0.01402193307876587,0.17016837000846863,0.01319231279194355,0.0,0.058932989835739136,-0.013045946136116982,0.00012665987014770508,0.053340911865234375,-0.03600829467177391,0.008487194776535034,0.06833714246749878,-0.04895521327853203,0.06530201435089111,0.14038673043251038,0.004934759810566902,0.05424094200134277,0.0,-0.029380090534687042,0.05433923006057739,0.03524431586265564,-0.051965270191431046,0.062155961990356445,0.09630551934242249,-0.05645401403307915,0.1178024411201477,0.1314655840396881,-0.00931841041892767,0.11043059825897217,0.010420531034469604,-0.036402929574251175,0.10687702894210815,0.04660606384277344,-0.04648479074239731,0.11090332269668579,0.10344898700714111,-0.04413219913840294,0.17186778783798218,0.14191073179244995,-0.02674727886915207,0.16445016860961914,0.05139172077178955,-0.04009373486042023,0.15726321935653687,0.06638774275779724,-0.03987188637256622,0.1576850414276123,0.10267859697341919,-0.03498292341828346
E,0.16763973236083984,0.42859646677970886,-1.7720462608394882e-07,0.08359783887863159,0.38857975602149963,-0.017618026584386826,0.025142043828964233,0.29003623127937317,-0.025367390364408493,0.03286164999008179,0.19515559077262878,-0.03818148002028465,0.07073462009429932,0.14285027980804443,-0.048221223056316376,0.013019025325775146,0.16742345690727234,0.017835373058915138,0.0,0.05744326114654541,-0.005793645046651363,0.0009393990039825439,0.050136715173721313,-0.027277152985334396,0.008983373641967773,0.0591619610786438,-0.03976021707057953,0.06389719247817993,0.13761889934539795,0.007970564067363739,0.053331226110458374,0.0,-0.024462686851620674,0.054430484771728516,0.03765058517456055,-0.045934174209833145,0.06270772218704224,0.09703460335731506,-0.04999816045165062,0.11649060249328613,0.1283097267150879,-0.007575705647468567,0.10957974195480347,0.006956547498703003,-0.033317241817712784,0.10583370923995972,0.044105976819992065,-0.0430411733686924,0.10994040966033936,0.10098651051521301,-0.04061871021986008,0.17126566171646118,0.13836407661437988,-0.025987152010202408,0.16354858875274658,0.04466375708580017,-0.03813643380999565,0.15500909090042114,0.06283679604530334,-0.03704182803630829,0.1548093557357788,0.10363873839378357,-0.03168080374598503
E,0.17086297273635864,0.42664429545402527,-1.324175116224069e-07,0.08770114183425903,0.38687798380851746,-0.021109770983457565,0.030087053775787354,0.29143622517585754,-0.03079041838645935,0.03238523006439209,0.1938728392124176,-0.04491811618208885,0.06449306011199951,0.13145917654037476,-0.05637195706367493,0.01613035798072815,0.17012467980384827,0.015875831246376038,0.001290649175643921,0.06368839740753174,-0.00937848724424839,0.0,0.04733467102050781,-0.03288399428129196,0.008226752281188965,0.050404101610183716,-0.046760376542806625,0.06698495149612427,0.13893646001815796,0.007313675247132778,0.05424967408180237,0.0,-0.0278339684009552,0.05378836393356323,0.032093048095703125,-0.052574243396520615,0.06262248754501343,0.09216222167015076,-0.05860722437500954,0.11949169635772705,0.12813058495521545,-0.007098311558365822,0.1108294129371643,0.005046933889389038,-0.03623788803815842,0.10594826936721802,0.03875073790550232,-0.049269985407590866,0.11154067516326904,0.09755599498748779,-0.048357680439949036,0.17417460680007935,0.1366967260837555,-0.02441413700580597,0.16552656888961792,0.04225096106529236,-0.04012078046798706,0.15621298551559448,0.05752590298652649,-0.041898176074028015,0.15680855512619019,0.1008051335811615,-0.03795769810676575
E,0.17187097668647766,0.4301762580871582,-1.844848327436921e-07,0.08838316798210144,0.39327889680862427,-0.018137650564312935,0.027225881814956665,0.2938203811645508,-0.02552354335784912,0.030680745840072632,0.19695132970809937,-0.03804077208042145,0.06395116448402405,0.13824480772018433,-0.047785643488168716,0.014987021684646606,0.1700458526611328,0.018701570108532906,0.0011317431926727295,0.06062096357345581,-0.006915505044162273,0.0,0.05192619562149048,-0.029270458966493607,0.007567316293716431,0.06255516409873962,-0.04151693731546402,0.06542089581489563,0.13985079526901245,0.008936403319239616,0.05280861258506775,0.0,-0.02559608779847622,0.05331584811210632,0.041465699672698975,-0.04698062688112259,0.06222793459892273,0.10526931285858154,-0.04971420019865036,0.11806777119636536,0.13026916980743408,-0.006807616446167231,0.10932871699333191,0.007012665271759033,-0.034781262278556824,0.10555770993232727,0.04955720901489258,-0.04366682842373848,0.11064460873603821,0.11060810089111328,-0.0394228957593441,0.17314890027046204,0.1402658224105835,-0.025393690913915634,0.16385963559150696,0.04550224542617798,-0.03911473974585533,0.15571579337120056,0.06606036424636841,-0.03776003047823906,0.15663185715675354,0.10936102271080017,-0.031377486884593964
E,0.17466387152671814,0.4275466203689575,-1.5267394815055013e-07,0.08903846144676208,0.3880878686904907,-0.019404292106628418,0.02695813775062561,0.29096096754074097,-0.02745826169848442,0.02756991982460022,0.19301652908325195,-0.04004868492484093,0.05811622738838196,0.12976405024528503,-0.04980485513806343,0.016368716955184937,0.16905933618545532,0.017978256568312645,0.0006493330001831055,0.061370015144348145,-0.005679659079760313,0.0,0.04823106527328491,-0.02779313176870346,0.00860506296157837,0.053149908781051636,-0.040743693709373474,0.06732037663459778,0.1388142704963684,0.009361440315842628,0.055191367864608765,0.0,-0.02338198386132717,0.055852532386779785,0.03257584571838379,-0.04650532081723213,0.06507548689842224,0.09139978885650635,-0.05185253173112869,0.1197996437549591,0.12914475798606873,-0.005011893343180418,0.11180552840232849,0.0063863396644592285,-0.03143813833594322,0.10773846507072449,0.03814041614532471,-0.04317675903439522,0.1131269633769989,0.09462207555770874,-0.042180515825748444,0.17471668124198914,0.1385776698589325,-0.022251266986131668,0.16595235466957092,0.04514986276626587,-0.035756666213274,0.15733060240745544,0.05823451280593872,-0.036654602736234665,0.15759655833244324,0.09780019521713257,-0.03259097784757614
E,0.17470818758010864,0.4279118478298187,-1.2895308998395194e-07,0.08862465620040894,0.3884560167789459,-0.018847083672881126,0.027620553970336914,0.2906574308872223,-0.02630661614239216,0.03341519832611084,0.19471672177314758,-0.038695935159921646,0.06842517852783203,0.13757050037384033,-0.048614948987960815,0.017154961824417114,0.17242947220802307,0.019189810380339622,0.0009189248085021973,0.06626266241073608,-0.004677079617977142,0.0,0.05076590180397034,-0.027249742299318314,0.008105605840682983,0.05313056707382202,-0.04060104489326477,0.06753861904144287,0.1399690806865692,0.009798010811209679,0.05533301830291748,0.0,-0.02432744950056076,0.05621781945228577,0.03501725196838379,-0.04788607731461525,0.0649956464767456,0.09599253535270691,-0.0526101291179657,0.11984169483184814,0.1286027431488037,-0.005350043531507254,0.11127251386642456,0.005025774240493774,-0.03209623321890831,0.10819590091705322,0.042149245738983154,-0.042904872447252274,0.11362779140472412,0.10144084692001343,-0.040521178394556046,0.17446553707122803,0.13687872886657715,-0.023468783125281334,0.16541874408721924,0.043039530515670776,-0.03591986373066902,0.1570248007774353,0.06044870615005493,-0.035349346697330475,0.15734189748764038,0.102293461561203,-0.030003812164068222
E,0.17282888293266296,0.4307006597518921,-1.534862690277805e-07,0.08989289402961731,0.39133572578430176,-0.02020777203142643,0.029794633388519287,0.2950397729873657,-0.028846072033047676,0.026754766702651978,0.2003602385520935,-0.042126331478357315,0.053987205028533936,0.13903531432151794,-0.052646562457084656,0.019364863634109497,0.1714388132095337,0.017008468508720398,0.0029025375843048096,0.0643559992313385,-0.008120383135974407,0.0,0.05064532160758972,-0.030921583995223045,0.00656166672706604,0.05443662405014038,-0.044081445783376694,0.06941601634025574,0.14131081104278564,0.00796123780310154,0.056417614221572876,0.0,-0.02742486447095871,0.05537250638008118,0.03492957353591919,-0.051118310540914536,0.06387200951576233,0.09538102149963379,-0.05575486272573471,0.12110307812690735,0.13149085640907288,-0.006944959983229637,0.11293551325798035,0.0064955949783325195,-0.035321321338415146,0.10760131478309631,0.04146900773048401,-0.046695563942193985,0.11244311928749084,0.09929525852203369,-0.044421520084142685,0.17521581053733826,0.14119350910186768,-0.024800658226013184,0.1662077009677887,0.04657095670700073,-0.03875288739800453,0.1571383774280548,0.060505807399749756,-0.03907819837331772,0.15740564465522766,0.10034018754959106,-0.03414616361260414
E,0.1739911437034607,0.42693454027175903,-1.432933771639e-07,0.09010374546051025,0.3862437605857849,-0.021240299567580223,0.0287514328956604,0.2919020652770996,-0.03049067221581936,0.024355202913284302,0.1945488452911377,-0.04394632577896118,0.04753193259239197,0.125423401594162,-0.05458604916930199,0.017771542072296143,0.17322790622711182,0.016416408121585846,0.002109318971633911,0.06556075811386108,-0.009161246940493584,0.0,0.04728931188583374,-0.03254653513431549,0.006946653127670288,0.047987163066864014,-0.04616080969572067,0.06858706474304199,0.14235776662826538,0.008044032379984856,0.05511847138404846,0.0,-0.028876161202788353,0.05450469255447388,0.03389537334442139,-0.054282352328300476,0.06241506338119507,0.09604883193969727,-0.05984850600361824,0.12079071998596191,0.13153749704360962,-0.006127260625362396,0.11148220300674438,0.006766080856323242,-0.03643592819571495,0.10693347454071045,0.039807677268981934,-0.04940912127494812,0.1118742823600769,0.09797218441963196,-0.047845277935266495,0.17506641149520874,0.1402420997619629,-0.0230435598641634,0.16507983207702637,0.046488046646118164,-0.03920771926641464,0.15727508068084717,0.06009262800216675,-0.04087168723344803,0.15861064195632935,0.10004818439483643,-0.03651851415634155
E,0.1713416874408722,0.4295044541358948,-1.888320326770554e-07,0.08777394890785217,0.39245903491973877,-0.019852565601468086,0.025586247444152832,0.2986904978752136,-0.028861187398433685,0.022740155458450317,0.2040204405784607,-0.04284225031733513,0.05171620845794678,0.1405816674232483,-0.053952157497406006,0.018002450466156006,0.1721271276473999,0.016137463971972466,0.0012031495571136475,0.06523865461349487,-0.010466066189110279,0.0,0.0578838586807251,-0.03357059508562088,0.008072644472122192,0.06669178605079651,-0.04655581712722778,0.06825146079063416,0.14074170589447021,0.006519895512610674,0.05511346459388733,0.0,-0.029453037306666374,0.054363399744033813,0.04090633988380432,-0.051461417227983475,0.06258675456047058,0.10485601425170898,-0.05452670529484749,0.11997011303901672,0.13087379932403564,-0.00913062784820795,0.10977861285209656,0.007005453109741211,-0.03763570636510849,0.10576626658439636,0.04928851127624512,-0.045507192611694336,0.11108145117759705,0.1107712984085083,-0.040456388145685196,0.1735123097896576,0.14152175188064575,-0.0278729610145092,0.16421017050743103,0.04599177837371826,-0.041821062564849854,0.1550145447254181,0.06619834899902344,-0.039832524955272675,0.15496733784675598,0.11058551073074341,-0.03281994163990021
E,0.17224186658859253,0.4299624562263489,-2.1704711627990037e-07,0.08601576089859009,0.38925355672836304,-0.018671482801437378,0.025362640619277954,0.2927224636077881,-0.02740575186908245,0.026887178421020508,0.19452440738677979,-0.04103604704141617,0.05710786581039429,0.12852630019187927,-0.05161270499229431,0.01438191533088684,0.1686725616455078,0.01765584759414196,0.0006457865238189697,0.0598452091217041,-0.007870015688240528,0.0,0.054054200649261475,-0.0304416473954916,0.006803631782531738,0.06312930583953857,-0.04333018139004707,0.0654217004776001,0.13888701796531677,0.007820391096174717,0.0539286732673645,0.0,-0.02708136849105358,0.05340668559074402,0.041180551052093506,-0.04947199672460556,0.060752153396606445,0.10382145643234253,-0.053442634642124176,0.11803197860717773,0.12958785891532898,-0.007908173836767673,0.11066806316375732,0.00571104884147644,-0.03623764589428902,0.10576850175857544,0.04427251219749451,-0.04612843692302704,0.10986596345901489,0.10378730297088623,-0.042985089123249054,0.1731201410293579,0.13986432552337646,-0.02644032984972,0.164215087890625,0.04456484317779541,-0.040843233466148376,0.1551140546798706,0.06175050139427185,-0.040304034948349,0.15486586093902588,0.10367715358734131,-0.03466065600514412
E,0.17444181442260742,0.4314945340156555,-1.4637203094025608e-07,0.09086227416992188,0.39313173294067383,-0.01948169805109501,0.030765414237976074,0.29700034856796265,-0.028655847534537315,0.030206412076950073,0.2012639045715332,-0.04274975135922432,0.05962979793548584,0.1403799057006836,-0.05447378754615784,0.01923912763595581,0.17394685745239258,0.01566915772855282,0.002970457077026367,0.06726688146591187,-0.009461904875934124,0.0,0.051588863134384155,-0.03210195153951645,0.006567776203155518,0.05299270153045654,-0.045269981026649475,0.0694265365600586,0.14361834526062012,0.005696688778698444,0.05759495496749878,0.0,-0.029977278783917427,0.05676791071891785,0.03646034002304077,-0.05322832614183426,0.06466013193130493,0.09881538152694702,-0.05740179866552353,0.12123227119445801,0.13394784927368164,-0.009858744218945503,0.11294007301330566,0.006716817617416382,-0.03837204352021217,0.10851818323135376,0.0449908971786499,-0.048943303525447845,0.11402016878128052,0.10568618774414062,-0.0459672249853611,0.17571383714675903,0.1438201367855072,-0.028290726244449615,0.16626781225204468,0.04694563150405884,-0.042301859706640244,0.15731793642044067,0.06372526288032532,-0.04199311509728432,0.15790009498596191,0.10724151134490967,-0.03655951842665672
E,0.17480924725532532,0.4329882264137268,-2.1596488863906416e-07,0.09191372990608215,0.3984783887863159,-0.019208334386348724,0.03039085865020752,0.3018922805786133,-0.028028611093759537,0.027637213468551636,0.20535409450531006,-0.04186050966382027,0.054008424282073975,0.14043071866035461,-0.05280996859073639,0.018452495336532593,0.17508399486541748,0.014709677547216415,0.0028810203075408936,0.06275933980941772,-0.011861631646752357,0.0,0.05567198991775513,-0.03423720598220825,0.006107360124588013,0.06574678421020508,-0.04647556692361832,0.06900039315223694,0.14456123113632202,0.004630965646356344,0.05689898133277893,0.0,-0.031524740159511566,0.055748969316482544,0.0433981716632843,-0.053269270807504654,0.0638284981250763,0.10888111591339111,-0.05604062229394913,0.12110099196434021,0.13488465547561646,-0.011250998824834824,0.11184021830558777,0.008096575736999512,-0.040163639932870865,0.10743430256843567,0.05085843801498413,-0.04903528466820717,0.11336371302604675,0.11283755302429199,-0.044749800115823746,0.17539021372795105,0.1452021300792694,-0.029983429238200188,0.16569843888282776,0.0478096604347229,-0.044453974813222885,0.1566377580165863,0.06728613376617432,-0.04328831285238266,0.15772125124931335,0.11198768019676208,-0.037000805139541626
E,0.17273250222206116,0.43219301104545593,-2.2174729963353457e-07,0.08861586451530457,0.3900221288204193,-0.018496230244636536,0.0275706946849823,0.2935197055339813,-0.027299653738737106,0.026363641023635864,0.1955372393131256,-0.04127567261457443,0.05363738536834717,0.12653100490570068,-0.052194301038980484,0.01708298921585083,0.17329499125480652,0.018489794805645943,0.0015521049499511719,0.062287092208862305,-0.00848614051938057,0.0,0.05383381247520447,-0.03194165974855423,0.0055984556674957275,0.06179693341255188,-0.045008230954408646,0.06771335005760193,0.14222702383995056,0.008013704791665077,0.05583065748214722,0.0,-0.029124408960342407,0.05490651726722717,0.04195290803909302,-0.052313972264528275,0.06121578812599182,0.1059325635433197,-0.05594008043408394,0.11976656317710876,0.13183945417404175,-0.00849825982004404,0.112505704164505,0.007214546203613281,-0.0382193997502327,0.10760697722434998,0.04823753237724304,-0.04742646589875221,0.11088326573371887,0.10776969790458679,-0.04310235008597374,0.174090176820755,0.1408846378326416,-0.027813712134957314,0.16536137461662292,0.045725494623184204,-0.04165392369031906,0.15643855929374695,0.0659085214138031,-0.03971865400671959,0.15605226159095764,0.10853028297424316,-0.0329192653298378
E,0.17435041069984436,0.43019387125968933,-2.158146230613056e-07,0.09264424443244934,0.39298948645591736,-0.019668903201818466,0.03212735056877136,0.29828253388404846,-0.029906881973147392,0.029209822416305542,0.20415052771568298,-0.04507734999060631,0.057371050119400024,0.1404305398464203,-0.0569581538438797,0.018435686826705933,0.17165425419807434,0.014274748973548412,0.0025545060634613037,0.05507507920265198,-0.013664583675563335,0.0,0.0509050190448761,-0.03720429912209511,0.006646305322647095,0.06639915704727173,-0.049740903079509735,0.06851443648338318,0.14272069931030273,0.004640120081603527,0.05518454313278198,0.0,-0.03113282285630703,0.052925944328308105,0.04208973050117493,-0.053121358156204224,0.06014922261238098,0.10660141706466675,-0.05673413351178169,0.1204441487789154,0.1331060826778412,-0.011000542901456356,0.11030581593513489,0.005349218845367432,-0.03899792581796646,0.1048491895198822,0.04564487934112549,-0.047433581203222275,0.10977277159690857,0.10652163624763489,-0.043596234172582626,0.17497429251670837,0.14227160811424255,-0.029626594856381416,0.16465428471565247,0.04583904147148132,-0.04297957569360733,0.15556415915489197,0.06480014324188232,-0.04119584336876869,0.1562950313091278,0.10757240653038025,-0.03492178022861481
E,0.17404893040657043,0.4288492202758789,-1.4703321937759029e-07,0.08954134583473206,0.3898593783378601,-0.021706122905015945,0.02797892689704895,0.29510122537612915,-0.03231349587440491,0.0283147394657135,0.1989879608154297,-0.04736661911010742,0.0608161985874176,0.13434916734695435,-0.059619542211294174,0.019852280616760254,0.17062443494796753,0.014310261234641075,0.003240913152694702,0.06345269083976746,-0.012458547949790955,0.0,0.0484045147895813,-0.03619574382901192,0.005525708198547363,0.05176973342895508,-0.049782563000917435,0.07060238718986511,0.14041349291801453,0.005495862103998661,0.056981176137924194,0.0,-0.031288422644138336,0.05518805980682373,0.03668436408042908,-0.05487360805273056,0.06254050135612488,0.0989159643650055,-0.059150125831365585,0.12257155776023865,0.1307518482208252,-0.009326701983809471,0.11333277821540833,0.006315797567367554,-0.039289310574531555,0.10820689797401428,0.04342067241668701,-0.04977332055568695,0.11288204789161682,0.10274598002433777,-0.04640534147620201,0.17640593647956848,0.14033713936805725,-0.02715323120355606,0.16622081398963928,0.046368300914764404,-0.04230885952711105,0.15726003050804138,0.06451207399368286,-0.04177091643214226,0.15771892666816711,0.10758963227272034,-0.035778194665908813
E,0.17648941278457642,0.4278102517127991,-1.52018145627153e-07,0.09329885244369507,0.39109694957733154,-0.020329322665929794,0.032269954681396484,0.29446280002593994,-0.029065843671560287,0.028966188430786133,0.19626384973526,-0.042164552956819534,0.05274882912635803,0.12764930725097656,-0.05254422873258591,0.01970207691192627,0.17052948474884033,0.01647799462080002,0.003198862075805664,0.0664588212966919,-0.008382418192923069,0.0,0.04628080129623413,-0.031211333349347115,0.005730390548706055,0.04355764389038086,-0.04472644254565239,0.06994569301605225,0.13925883173942566,0.007419168949127197,0.05643123388290405,0.0,-0.02849574387073517,0.055879294872283936,0.03526580333709717,-0.05219024419784546,0.0635063648223877,0.09628811478614807,-0.05679745599627495,0.12173831462860107,0.12898242473602295,-0.00735442666336894,0.1130627989768982,0.004275709390640259,-0.03664407506585121,0.10871946811676025,0.03996351361274719,-0.047146473079919815,0.11347627639770508,0.09803986549377441,-0.04421176761388779,0.1758185625076294,0.13875821232795715,-0.02498839609324932,0.16678190231323242,0.04460930824279785,-0.040155719965696335,0.15811234712600708,0.05943790078163147,-0.04018387943506241,0.15839815139770508,0.09930455684661865,-0.03479595482349396
E,0.1753036379814148,0.4299989342689514,-1.4573144824225892e-07,0.09162873029708862,0.3938749432563782,-0.019984304904937744,0.029720336198806763,0.2967650890350342,-0.028253914788365364,0.02104818820953369,0.1971278190612793,-0.041183363646268845,0.042895376682281494,0.12894514203071594,-0.05144807696342468,0.020312070846557617,0.17172598838806152,0.017685826867818832,0.0023756027221679688,0.06421592831611633,-0.0072537134401500225,0.0,0.04534006118774414,-0.030392002314329147,0.0066519975662231445,0.04663640260696411,-0.04390167072415352,0.06950008869171143,0.14107021689414978,0.008764448575675488,0.05586135387420654,0.0,-0.025887204334139824,0.0559365451335907,0.030973851680755615,-0.05001853033900261,0.06424540281295776,0.09130886197090149,-0.05565052106976509,0.12069636583328247,0.13050326704978943,-0.00593786733224988,0.110523521900177,0.0040788352489471436,-0.034618739038705826,0.10712641477584839,0.03944021463394165,-0.04608673229813576,0.11345136165618896,0.10028982162475586,-0.04414689913392067,0.17470616102218628,0.13922739028930664,-0.023531189188361168,0.16482031345367432,0.04247567057609558,-0.03948434814810753,0.15606743097305298,0.05780765414237976,-0.04086413234472275,0.15715152025222778,0.10187292098999023,-0.036458227783441544
E,0.17685198783874512,0.42765069007873535,-1.1356591045341702e-07,0.09605830907821655,0.3898296356201172,-0.022735988721251488,0.0346602201461792,0.29680335521698,-0.03298163041472435,0.022520095109939575,0.20163637399673462,-0.04729245975613594,0.037982285022735596,0.1311059594154358,-0.05872676149010658,0.021553844213485718,0.1732807755470276,0.01462442334741354,0.0030272603034973145,0.06853118538856506,-0.01174885779619217,0.0,0.04469031095504761,-0.03591558709740639,0.006670892238616943,0.03961262106895447,-0.050241678953170776,0.0714195966720581,0.14138150215148926,0.006258103530853987,0.05698755383491516,0.0,-0.03138893470168114,0.05710715055465698,0.031145870685577393,-0.056706637144088745,0.06528085470199585,0.0905274748802185,-0.06242147088050842,0.1227576732635498,0.13011682033538818,-0.008050738833844662,0.11277008056640625,0.004396200180053711,-0.03879065066576004,0.10893696546554565,0.038765907287597656,-0.04982133209705353,0.11372071504592896,0.09682807326316833,-0.04698525741696358,0.17607396841049194,0.139009028673172,-0.025402067229151726,0.1660674810409546,0.04399305582046509,-0.04171736538410187,0.15788865089416504,0.05722507834434509,-0.042218610644340515,0.15839147567749023,0.0967089831829071,-0.036974355578422546
E,0.17531818151474,0.4271273612976074,-1.214384752756814e-07,0.09207397699356079,0.3863984942436218,-0.020917043089866638,0.03006511926651001,0.2900678515434265,-0.029608316719532013,0.020977497100830078,0.19413143396377563,-0.042519379407167435,0.04238829016685486,0.12725475430488586,-0.05257599428296089,0.01872873306274414,0.17061901092529297,0.01717829331755638,0.001398712396621704,0.06449621915817261,-0.006430442910641432,0.0,0.044918179512023926,-0.029041685163974762,0.006560564041137695,0.042710453271865845,-0.042884461581707,0.06881672143936157,0.13875669240951538,0.008866517804563046,0.05565807223320007,0.0,-0.025418691337108612,0.0569024384021759,0.03173351287841797,-0.049797460436820984,0.06425046920776367,0.09027549624443054,-0.05580787733197212,0.12055659294128418,0.12753605842590332,-0.005129859317094088,0.11111938953399658,0.002881556749343872,-0.03240419179201126,0.10844916105270386,0.036852896213531494,-0.04267841950058937,0.11317318677902222,0.0943419337272644,-0.04046402871608734,0.17448586225509644,0.1360577642917633,-0.022137807682156563,0.16502588987350464,0.042301446199417114,-0.03591447323560715,0.15729469060897827,0.055139243602752686,-0.035739049315452576,0.15778005123138428,0.09295409917831421,-0.030713165178894997
E,0.17612075805664062,0.4267631769180298,-9.244589449508567e-08,0.09281480312347412,0.38975048065185547,-0.022915000095963478,0.03130704164505005,0.2922949194908142,-0.032333094626665115,0.02546343207359314,0.19405633211135864,-0.045732539147138596,0.049271345138549805,0.12715083360671997,-0.0564495213329792,0.019316554069519043,0.17113810777664185,0.016453104093670845,0.0022306442260742188,0.06479892134666443,-0.008015451021492481,0.0,0.042495012283325195,-0.031777020543813705,0.0071288347244262695,0.04028743505477905,-0.046303920447826385,0.0690801739692688,0.1401534378528595,0.008924380876123905,0.05595865845680237,0.0,-0.026035981252789497,0.05642542243003845,0.029294312000274658,-0.05228087306022644,0.06438905000686646,0.08743777871131897,-0.05973779410123825,0.12076520919799805,0.1288924217224121,-0.0044704098254442215,0.11128103733062744,0.0036442577838897705,-0.033188335597515106,0.10778111219406128,0.035955071449279785,-0.04681793972849846,0.11336898803710938,0.0939902663230896,-0.04682245850563049,0.1751699447631836,0.13661691546440125,-0.020916756242513657,0.1653539538383484,0.04221081733703613,-0.03678760305047035,0.15778863430023193,0.055567383766174316,-0.03930271044373512,0.15925371646881104,0.0956811010837555,-0.03613434359431267
E,0.1740989089012146,0.4315335750579834,-1.4454811037012405e-07,0.08981108665466309,0.39771103858947754,-0.02220839634537697,0.025238901376724243,0.2960966229438782,-0.03132728487253189,0.019469797611236572,0.19619327783584595,-0.04479290172457695,0.04864063858985901,0.13080328702926636,-0.055425871163606644,0.019226908683776855,0.17238253355026245,0.013929983600974083,0.0024257898330688477,0.061188697814941406,-0.012387210503220558,0.0,0.04706728458404541,-0.035854678601026535,0.007665574550628662,0.05419427156448364,-0.04924595355987549,0.06870049238204956,0.14268487691879272,0.005885908845812082,0.05530285835266113,0.0,-0.029445895925164223,0.054326534271240234,0.03344261646270752,-0.053018245846033096,0.06302839517593384,0.09554499387741089,-0.05816763639450073,0.12038356065750122,0.1333751380443573,-0.008244461379945278,0.11009079217910767,0.0053792595863342285,-0.03662404790520668,0.10531091690063477,0.040534794330596924,-0.048052314668893814,0.1116756796836853,0.10149556398391724,-0.046380702406167984,0.17502731084823608,0.14222422242164612,-0.025555115193128586,0.1646135449409485,0.043920814990997314,-0.040949590504169464,0.15541750192642212,0.05869552493095398,-0.04251168668270111,0.1563873291015625,0.10237875580787659,-0.038616929203271866
E,0.1729741096496582,0.4347783327102661,-1.6709816463844618e-07,0.08768558502197266,0.3970800042152405,-0.020164769142866135,0.02692347764968872,0.2993406057357788,-0.029780203476548195,0.031127214431762695,0.19920724630355835,-0.0443330779671669,0.06452840566635132,0.13603806495666504,-0.05605597421526909,0.01747840642929077,0.17413979768753052,0.015870435163378716,0.0015793442726135254,0.06102639436721802,-0.011320837773382664,0.0,0.05106663703918457,-0.03525911644101143,0.00777849555015564,0.06059029698371887,-0.04860938712954521,0.06827127933502197,0.14438650012016296,0.006385695189237595,0.05684012174606323,0.0,-0.02961922436952591,0.05613797903060913,0.03938072919845581,-0.05313657224178314,0.06403172016143799,0.10294944047927856,-0.057696375995874405,0.120120108127594,0.13517555594444275,-0.009086066856980324,0.11187964677810669,0.00747603178024292,-0.03712546080350876,0.10772842168807983,0.047050654888153076,-0.04729198291897774,0.11320924758911133,0.10837391018867493,-0.04439341649413109,0.1746564507484436,0.14494135975837708,-0.02769559621810913,0.16595792770385742,0.04748666286468506,-0.04120761156082153,0.15688425302505493,0.06418648362159729,-0.04090932384133339,0.1567959189414978,0.10710638761520386,-0.03568560630083084
E,0.1731431782245636,0.43341585993766785,-2.0484385743202438e-07,0.0886676013469696,0.3970696032047272,-0.01946805603802204,0.027394622564315796,0.3009229600429535,-0.028556810691952705,0.026872366666793823,0.20136293768882751,-0.04253719374537468,0.05349054932594299,0.13463249802589417,-0.053345631808042526,0.01630803942680359,0.17530104517936707,0.01627141796052456,0.0018115341663360596,0.06072506308555603,-0.010758263990283012,0.0,0.05251094698905945,-0.03380175679922104,0.006515562534332275,0.06300356984138489,-0.04629409313201904,0.06686559319496155,0.1445181667804718,0.0066527798771858215,0.05490827560424805,0.0,-0.029620476067066193,0.05464717745780945,0.042556971311569214,-0.05176849290728569,0.06241759657859802,0.10802614688873291,-0.05482511967420578,0.11872097849845886,0.13463550806045532,-0.00893606711179018,0.1094389259815216,0.007064610719680786,-0.03761620074510574,0.1060660183429718,0.04815682768821716,-0.045971035957336426,0.11142173409461975,0.10918983817100525,-0.04140637069940567,0.17279037833213806,0.14451894164085388,-0.02746756561100483,0.1633748710155487,0.047108858823776245,-0.04142861068248749,0.1554224193096161,0.0648794174194336,-0.03978027403354645,0.1561225950717926,0.1068287193775177,-0.03318914771080017
E,0.17295962572097778,0.433248370885849,-1.7438993893392762e-07,0.08937519788742065,0.397232323884964,-0.021516410633921623,0.028428733348846436,0.30232664942741394,-0.03150956705212593,0.026576131582260132,0.20168283581733704,-0.045857369899749756,0.05378752946853638,0.13186591863632202,-0.05729060620069504,0.018762856721878052,0.17264589667320251,0.015309391543269157,0.0029992759227752686,0.06490281224250793,-0.010385164991021156,0.0,0.05188921093940735,-0.03328873962163925,0.005848705768585205,0.055592864751815796,-0.046544674783945084,0.06939595937728882,0.14148223400115967,0.006525836884975433,0.05709719657897949,0.0,-0.028792232275009155,0.05649334192276001,0.038068026304244995,-0.05162263289093971,0.06399613618850708,0.099416583776474,-0.05588555708527565,0.12112176418304443,0.13206252455711365,-0.008222207427024841,0.11282408237457275,0.007346093654632568,-0.0368320606648922,0.10875815153121948,0.04638215899467468,-0.0463174544274807,0.11358499526977539,0.10564646124839783,-0.042897701263427734,0.17477947473526,0.14250776171684265,-0.026035288348793983,0.16537266969680786,0.04666677117347717,-0.04025783762335777,0.15641289949417114,0.06501981616020203,-0.039274170994758606,0.15642136335372925,0.10866031050682068,-0.03338168188929558
E,0.17252546548843384,0.4317963719367981,-1.8845383920051972e-07,0.08822435140609741,0.3934175372123718,-0.01962793432176113,0.027536630630493164,0.2971763014793396,-0.028627628460526466,0.027248859405517578,0.19917750358581543,-0.04242342337965965,0.056939125061035156,0.13609278202056885,-0.05321769043803215,0.016812026500701904,0.17099779844284058,0.017125217244029045,0.0021408796310424805,0.06039893627166748,-0.0074918437749147415,0.0,0.04987025260925293,-0.029887406155467033,0.00646662712097168,0.05772891640663147,-0.04282631725072861,0.0673709511756897,0.140638530254364,0.00782099924981594,0.05588087439537048,0.0,-0.025859113782644272,0.05555388331413269,0.038857877254486084,-0.048471175134181976,0.06344783306121826,0.10136201977729797,-0.053099386394023895,0.11964178085327148,0.1313374936580658,-0.007316539529711008,0.11124879121780396,0.0075005292892456055,-0.03412913903594017,0.10741579532623291,0.045083582401275635,-0.04461810365319252,0.11293679475784302,0.10495936870574951,-0.04254816472530365,0.17441010475158691,0.14165052771568298,-0.025411194190382957,0.16610580682754517,0.044661879539489746,-0.03878003731369972,0.1569618582725525,0.06112825870513916,-0.038790468126535416,0.15697699785232544,0.10491117835044861,-0.034026745706796646
E,0.17476725578308105,0.42838066816329956,-1.4174584350712394e-07,0.09023678302764893,0.39140188694000244,-0.020669177174568176,0.03047463297843933,0.29623377323150635,-0.030176138505339622,0.031030118465423584,0.1972804069519043,-0.04429490119218826,0.059199631214141846,0.130977600812912,-0.055710744112730026,0.019086450338363647,0.17068397998809814,0.017165284603834152,0.002229243516921997,0.06315064430236816,-0.007716631516814232,0.0,0.04445594549179077,-0.031053576618433,0.006683081388473511,0.042922019958496094,-0.04503579065203667,0.06910532712936401,0.13961383700370789,0.008179862052202225,0.05602329969406128,0.0,-0.02722611092031002,0.0558585524559021,0.03399428725242615,-0.051887236535549164,0.06394660472869873,0.0931609570980072,-0.05773681402206421,0.12034493684768677,0.12936529517173767,-0.0066075874492526054,0.11147403717041016,0.003723710775375366,-0.03531383350491524,0.10732638835906982,0.039004743099212646,-0.0468679778277874,0.11248451471328735,0.0973176658153534,-0.04504460096359253,0.1737956404685974,0.138726145029068,-0.024393223226070404,0.16490495204925537,0.042871952056884766,-0.03951787203550339,0.1557890772819519,0.05712941288948059,-0.04042791575193405,0.15581738948822021,0.09823229908943176,-0.03590289503335953
E,0.1739700436592102,0.42563164234161377,-1.229202126751261e-07,0.08975714445114136,0.3868030905723572,-0.020403608679771423,0.029540032148361206,0.29115718603134155,-0.029066048562526703,0.024393081665039062,0.19259363412857056,-0.0421653613448143,0.04797184467315674,0.12643790245056152,-0.05267855525016785,0.01997554302215576,0.1705569624900818,0.01741320639848709,0.0016059577465057373,0.06446069478988647,-0.006388236302882433,0.0,0.043611228466033936,-0.029192179441452026,0.007067084312438965,0.040963172912597656,-0.04313304275274277,0.06974828243255615,0.1395111083984375,0.00867074728012085,0.05541065335273743,0.0,-0.02551417425274849,0.056610822677612305,0.030132442712783813,-0.05028854310512543,0.06484699249267578,0.08747118711471558,-0.056773681193590164,0.12119078636169434,0.12894046306610107,-0.0057065049186348915,0.11090898513793945,0.004104256629943848,-0.03361578285694122,0.10803365707397461,0.03738847374916077,-0.045261260122060776,0.11332064867019653,0.09445443749427795,-0.04397623986005783,0.17502695322036743,0.13804098963737488,-0.022985853254795074,0.16494888067245483,0.04351776838302612,-0.037773292511701584,0.15706855058670044,0.057178616523742676,-0.03870883211493492,0.15800559520721436,0.09693306684494019,-0.03450560197234154
E,0.1703275740146637,0.4269152879714966,-1.6939728197939985e-07,0.08794572949409485,0.39219486713409424,-0.023019079118967056,0.025826722383499146,0.29188287258148193,-0.03157927468419075,0.01645997166633606,0.1899377703666687,-0.043824452906847,0.0337885320186615,0.11744356155395508,-0.05276009067893028,0.017838269472122192,0.16772198677062988,0.01610943116247654,0.001399308443069458,0.058804214000701904,-0.010127670131623745,0.0,0.04604107141494751,-0.03377504274249077,0.007605522871017456,0.05595424771308899,-0.046958670020103455,0.06771162152290344,0.13738220930099487,0.009354623034596443,0.05492299795150757,0.0,-0.02490110509097576,0.05517461895942688,0.03384178876876831,-0.0488048791885376,0.06270614266395569,0.09426969289779663,-0.05454074218869209,0.11921456456184387,0.12810570001602173,-0.003691666526719928,0.10940685868263245,0.006746649742126465,-0.031876277178525925,0.1058320701122284,0.04266887903213501,-0.04270566999912262,0.11106780171394348,0.10102462768554688,-0.0408964678645134,0.1730039417743683,0.13744515180587769,-0.019846061244606972,0.16358867287635803,0.04389280080795288,-0.03523761034011841,0.15587171912193298,0.060087621212005615,-0.036050766706466675,0.15686509013175964,0.10091066360473633,-0.031492188572883606
E,0.1703709363937378,0.42774641513824463,-1.377708400696065e-07,0.08684653043746948,0.3898427486419678,-0.02131323702633381,0.027201592922210693,0.2928082346916199,-0.030278198421001434,0.027110576629638672,0.1937847137451172,-0.04350375384092331,0.055741965770721436,0.13075849413871765,-0.05374181643128395,0.016678214073181152,0.16863489151000977,0.017084138467907906,0.0014998018741607666,0.05994230508804321,-0.007236419711261988,0.0,0.043802082538604736,-0.029929937794804573,0.007189810276031494,0.04695752263069153,-0.04328787699341774,0.0674850344657898,0.13855746388435364,0.009184546768665314,0.055009931325912476,0.0,-0.02445831149816513,0.05542778968811035,0.033047616481781006,-0.04808415099978447,0.0634913444519043,0.09219339489936829,-0.05363139137625694,0.1192355751991272,0.1288195550441742,-0.004632322583347559,0.11031216382980347,0.005405068397521973,-0.03150423988699913,0.10685724020004272,0.039582759141922,-0.04239868372678757,0.11204451322555542,0.09728851914405823,-0.04064410552382469,0.17293137311935425,0.13815149664878845,-0.021595191210508347,0.16479569673538208,0.04351234436035156,-0.035197556018829346,0.15641707181930542,0.057631731033325195,-0.03579724580049515,0.15635758638381958,0.098134845495224,-0.03144439309835434
E,0.1715133786201477,0.4331011176109314,-1.6922565748700436e-07,0.0909416675567627,0.4003828763961792,-0.021820710971951485,0.029409945011138916,0.30422407388687134,-0.032574303448200226,0.02584993839263916,0.2055796980857849,-0.04751288890838623,0.05476948618888855,0.14024975895881653,-0.05927015841007233,0.01779109239578247,0.17191821336746216,0.011480482295155525,0.0024004578590393066,0.06012308597564697,-0.015730487182736397,0.0,0.04862809181213379,-0.03885120153427124,0.007153362035751343,0.05796128511428833,-0.05169996619224548,0.06854778528213501,0.14222881197929382,0.0028531556017696857,0.055871784687042236,0.0,-0.033025600016117096,0.05416834354400635,0.037585556507110596,-0.05475399270653725,0.061799824237823486,0.10231155157089233,-0.05811982601881027,0.12056839466094971,0.13312304019927979,-0.011736773885786533,0.1107720136642456,0.007432371377944946,-0.04011642187833786,0.10615599155426025,0.04515331983566284,-0.048737023025751114,0.11153101921081543,0.10591676831245422,-0.0448591522872448,0.1744895577430725,0.14350706338882446,-0.029515467584133148,0.16537326574325562,0.0483059287071228,-0.04447553679347038,0.1563335657119751,0.06372538208961487,-0.04419248551130295,0.15659481287002563,0.10581988096237183,-0.03866042196750641
E,0.17213034629821777,0.4309499263763428,-1.8541548740813596e-07,0.08704525232315063,0.3929564356803894,-0.01954847015440464,0.026355326175689697,0.2974981665611267,-0.028487062081694603,0.025720953941345215,0.19990068674087524,-0.04234903305768967,0.053126394748687744,0.1342378556728363,-0.05338885262608528,0.01714533567428589,0.17043662071228027,0.017781568691134453,0.002187758684158325,0.061840057373046875,-0.006656893528997898,0.0,0.04893195629119873,-0.02913796715438366,0.006458878517150879,0.052415549755096436,-0.042406633496284485,0.06731873750686646,0.13944560289382935,0.008246094919741154,0.055510908365249634,0.0,-0.025706050917506218,0.055154621601104736,0.03897887468338013,-0.04875880852341652,0.06302469968795776,0.10063996911048889,-0.05380863696336746,0.11914181709289551,0.1300332248210907,-0.007157209329307079,0.11136150360107422,0.005881667137145996,-0.03483569249510765,0.10688358545303345,0.044220030307769775,-0.045807868242263794,0.11210745573043823,0.10454270243644714,-0.0439639575779438,0.17370128631591797,0.14028486609458923,-0.025452733039855957,0.16560661792755127,0.042646169662475586,-0.039794277399778366,0.15552359819412231,0.06048780679702759,-0.040164899080991745,0.15480798482894897,0.1062471866607666,-0.035569723695516586
E,0.1711266040802002,0.43092429637908936,-1.738415704721774e-07,0.08751779794692993,0.39441943168640137,-0.02014509215950966,0.02677401900291443,0.2965388298034668,-0.029560066759586334,0.026048779487609863,0.1978747844696045,-0.043669428676366806,0.05558297038078308,0.13300052285194397,-0.054871607571840286,0.018090128898620605,0.16956061124801636,0.015112831257283688,0.0027327537536621094,0.057805418968200684,-0.010854164138436317,0.0,0.04576423764228821,-0.03395520895719528,0.006613641977310181,0.053455740213394165,-0.047059331089258194,0.06804603338241577,0.14051491022109985,0.00609125941991806,0.055637896060943604,0.0,-0.028227658942341805,0.05408996343612671,0.036280691623687744,-0.0507432296872139,0.061627089977264404,0.09825575351715088,-0.05544217303395271,0.11948692798614502,0.13168182969093323,-0.008798772469162941,0.11016201972961426,0.004594624042510986,-0.03606461361050606,0.10528808832168579,0.041501402854919434,-0.045548923313617706,0.11088889837265015,0.10200643539428711,-0.042889028787612915,0.1737714409828186,0.14165076613426208,-0.026772771030664444,0.16466373205184937,0.04434904456138611,-0.04095100238919258,0.15502458810806274,0.061410993337631226,-0.040709275752305984,0.15496772527694702,0.1058630645275116,-0.035646308213472366
E,0.1738927960395813,0.42719948291778564,-1.4764670197564556e-07,0.08911478519439697,0.39045262336730957,-0.020434057340025902,0.028590112924575806,0.293636679649353,-0.029344813898205757,0.02559596300125122,0.19529986381530762,-0.04269934073090553,0.05108949542045593,0.12898212671279907,-0.05323674529790878,0.01961579918861389,0.16988450288772583,0.016435684636235237,0.0026047825813293457,0.06068384647369385,-0.00737319141626358,0.0,0.04270339012145996,-0.029754625633358955,0.006811231374740601,0.044074416160583496,-0.04312537983059883,0.0694999098777771,0.13929429650306702,0.007943077012896538,0.05555981397628784,0.0,-0.0249932911247015,0.05532902479171753,0.032039791345596313,-0.04863441735506058,0.06346601247787476,0.09110218286514282,-0.054741647094488144,0.12068372964859009,0.12925350666046143,-0.006245558150112629,0.10998356342315674,0.004137486219406128,-0.0328310988843441,0.10613113641738892,0.037873029708862305,-0.04414524510502815,0.11226868629455566,0.09641516208648682,-0.0432005450129509,0.17445814609527588,0.1383165717124939,-0.023425064980983734,0.16490167379379272,0.042046427726745605,-0.03757179155945778,0.1562899947166443,0.05621775984764099,-0.03869108483195305,0.1572638750076294,0.09837472438812256,-0.03493194282054901
E,0.17374935746192932,0.42824047803878784,-1.1045774783724482e-07,0.08922895789146423,0.3945515751838684,-0.02199920453131199,0.027094781398773193,0.2933952808380127,-0.030628016218543053,0.03114911913871765,0.19302505254745483,-0.04348874092102051,0.06723150610923767,0.13391727209091187,-0.05370199680328369,0.016291022300720215,0.1699742078781128,0.016000879928469658,0.0007475316524505615,0.06337153911590576,-0.008079406805336475,0.0,0.044665396213531494,-0.030612105503678322,0.008514314889907837,0.046233952045440674,-0.04414986073970795,0.06632134318351746,0.13898491859436035,0.008071755059063435,0.05381113290786743,0.0,-0.025575198233127594,0.05556270480155945,0.03340679407119751,-0.04855436831712723,0.06491860747337341,0.09387284517288208,-0.05362392216920853,0.1182335913181305,0.12903434038162231,-0.005853467155247927,0.1091635525226593,0.004388153553009033,-0.03333216905593872,0.10676851868629456,0.04076355695724487,-0.04452652856707573,0.11327382922172546,0.10087847709655762,-0.042900267988443375,0.17311957478523254,0.13760846853256226,-0.023002376779913902,0.16420218348503113,0.04289567470550537,-0.03775584697723389,0.15656748414039612,0.06064122915267944,-0.038960110396146774,0.15761801600456238,0.10489583015441895,-0.03501112014055252
E,0.17388272285461426,0.4326927959918976,-1.7701327692520863e-07,0.09057456254959106,0.39816388487815857,-0.021181045100092888,0.02958458662033081,0.3014802038669586,-0.03005528822541237,0.024196505546569824,0.20074930787086487,-0.043500084429979324,0.04585158824920654,0.13156726956367493,-0.05394125357270241,0.01945275068283081,0.17399868369102478,0.016379497945308685,0.0023824572563171387,0.06358566880226135,-0.010096077807247639,0.0,0.05023810267448425,-0.03323693573474884,0.007032811641693115,0.055903613567352295,-0.046140313148498535,0.06875157356262207,0.14240840077400208,0.007712786551564932,0.05556690692901611,0.0,-0.028291387483477592,0.05536416172981262,0.03915342688560486,-0.05115744471549988,0.06388896703720093,0.1023416817188263,-0.05499381199479103,0.11991643905639648,0.13197213411331177,-0.00703892856836319,0.10989397764205933,0.005752593278884888,-0.036391936242580414,0.10606950521469116,0.04818388819694519,-0.045734621584415436,0.11242997646331787,0.11033907532691956,-0.04175300896167755,0.1737005114555359,0.1409405767917633,-0.02486463636159897,0.16325652599334717,0.04470545053482056,-0.04023681581020355,0.15357941389083862,0.06560468673706055,-0.039812613278627396,0.15444302558898926,0.11205354332923889,-0.03383662924170494
E,0.17437121272087097,0.4279784560203552,-1.4014882765422954e-07,0.08756962418556213,0.3883156180381775,-0.01994325779378414,0.026032596826553345,0.29062455892562866,-0.02812967263162136,0.026416867971420288,0.19174784421920776,-0.04087565839290619,0.0574815571308136,0.13063651323318481,-0.050931479781866074,0.01719832420349121,0.16912519931793213,0.019069286063313484,0.0017404258251190186,0.06107127666473389,-0.0035966846626251936,0.0,0.04403787851333618,-0.02576308324933052,0.006750702857971191,0.04521656036376953,-0.039301976561546326,0.0676288902759552,0.13963446021080017,0.010496288537979126,0.05577346682548523,0.0,-0.022048797458410263,0.05641719698905945,0.031591564416885376,-0.04623911529779434,0.0645621120929718,0.08946764469146729,-0.052666835486888885,0.11953452229499817,0.130143404006958,-0.0038038783241063356,0.11153963208198547,0.006552398204803467,-0.02977433055639267,0.10789522528648376,0.037365615367889404,-0.04250592365860939,0.11327692866325378,0.0935552716255188,-0.04252194985747337,0.1742001473903656,0.13937172293663025,-0.021088914945721626,0.16518214344978333,0.044146835803985596,-0.03403322398662567,0.1569211781024933,0.056806087493896484,-0.03548808768391609,0.15771004557609558,0.09708890318870544,-0.03225305303931236
E,0.17138364911079407,0.429709792137146,-1.6298659488711564e-07,0.08839598298072815,0.39387500286102295,-0.02154824696481228,0.02613958716392517,0.2947331666946411,-0.030754048377275467,0.02217942476272583,0.1945279836654663,-0.04422542825341225,0.04893568158149719,0.12792760133743286,-0.05462625250220299,0.017698198556900024,0.16936582326889038,0.015200294554233551,0.0008637011051177979,0.05967992544174194,-0.011436110362410545,0.0,0.04735928773880005,-0.034974031150341034,0.008022159337997437,0.056504130363464355,-0.04807857796549797,0.06744536757469177,0.13977190852165222,0.007122142240405083,0.05447947978973389,0.0,-0.028183333575725555,0.05507311224937439,0.03568735718727112,-0.051269128918647766,0.06310918927192688,0.09797605872154236,-0.05576717481017113,0.11904105544090271,0.13066521286964417,-0.007048629689961672,0.10945954918861389,0.006955057382583618,-0.03576716035604477,0.1065431535243988,0.04518777132034302,-0.04579349607229233,0.11211928725242615,0.1055695116519928,-0.04272313043475151,0.173036128282547,0.14017990231513977,-0.02428651973605156,0.1633126437664032,0.04579281806945801,-0.03956740349531174,0.15564551949501038,0.06316632032394409,-0.0398377999663353,0.1564849317073822,0.10542255640029907,-0.03460851311683655
E,0.17459559440612793,0.4278276860713959,-1.3962416289814428e-07,0.09020566940307617,0.3906871974468231,-0.019255200400948524,0.030110478401184082,0.2965690791606903,-0.028537672013044357,0.030423104763031006,0.20170417428016663,-0.042603787034749985,0.06109434366226196,0.141109436750412,-0.05418553948402405,0.018605828285217285,0.16937050223350525,0.015919914469122887,0.002806037664413452,0.0628921389579773,-0.007277387194335461,0.0,0.04478117823600769,-0.02910943143069744,0.006230056285858154,0.04194837808609009,-0.042556412518024445,0.06923162937164307,0.13893401622772217,0.006138142663985491,0.056608617305755615,0.0,-0.027449574321508408,0.055280476808547974,0.034472376108169556,-0.05018789321184158,0.06264817714691162,0.09356984496116638,-0.055205896496772766,0.12119561433792114,0.12910351157188416,-0.00911584123969078,0.11229807138442993,0.003139793872833252,-0.03607925400137901,0.10759031772613525,0.03790143132209778,-0.04642532765865326,0.11266881227493286,0.09594550728797913,-0.04438029229640961,0.17557793855667114,0.13889890909194946,-0.027280675247311592,0.1663651466369629,0.04232862591743469,-0.04105573892593384,0.1573486328125,0.05678027868270874,-0.04095487669110298,0.15758442878723145,0.09824544191360474,-0.03615947067737579
E,0.1726452112197876,0.4309220314025879,-1.6010498882224056e-07,0.08909416198730469,0.3929864168167114,-0.020271457731723785,0.027261793613433838,0.2924045920372009,-0.027080010622739792,0.02030673623085022,0.19477146863937378,-0.03857909142971039,0.04385334253311157,0.13084536790847778,-0.04735520854592323,0.019461750984191895,0.17138737440109253,0.020121702924370766,0.0027421116828918457,0.06492233276367188,-0.004150330554693937,0.0,0.04836532473564148,-0.026239892467856407,0.006367027759552002,0.048970311880111694,-0.03905176743865013,0.06862032413482666,0.1409175992012024,0.011480938643217087,0.05524972081184387,0.0,-0.02448957972228527,0.054498493671417236,0.03796476125717163,-0.04795816168189049,0.0626710057258606,0.10054787993431091,-0.05179492011666298,0.12012267112731934,0.1307392418384552,-0.003210522932931781,0.11057418584823608,0.006528377532958984,-0.03280550613999367,0.10591256618499756,0.04565936326980591,-0.04378315061330795,0.1114649772644043,0.10545802116394043,-0.040604863315820694,0.17433053255081177,0.13981062173843384,-0.020814312621951103,0.16460680961608887,0.04512813687324524,-0.036192886531353,0.15598618984222412,0.06385967135429382,-0.036688826978206635,0.1574307680130005,0.10695520043373108,-0.031423021107912064
E,0.173101544380188,0.43040981888771057,-1.6636414557069656e-07,0.09028840065002441,0.39244094491004944,-0.02019946277141571,0.03048306703567505,0.29487690329551697,-0.029147129505872726,0.024809420108795166,0.19812873005867004,-0.04271620884537697,0.04732587933540344,0.13051629066467285,-0.05352962762117386,0.019814997911453247,0.16810819506645203,0.016862690448760986,0.004132360219955444,0.05958181619644165,-0.008003326132893562,0.0,0.04258576035499573,-0.030790049582719803,0.004629373550415039,0.04445463418960571,-0.04401843994855881,0.06988710165023804,0.13919726014137268,0.007913751527667046,0.056172311305999756,0.0,-0.026767505332827568,0.054410696029663086,0.03462672233581543,-0.05048830062150955,0.06186610460281372,0.0950857400894165,-0.05580207705497742,0.12158834934234619,0.1302640438079834,-0.006832972168922424,0.11195290088653564,0.00477263331413269,-0.03523712977766991,0.10634458065032959,0.03850802779197693,-0.046717628836631775,0.11156952381134033,0.09685462713241577,-0.044967737048864365,0.17613106966018677,0.13998201489448547,-0.024432161822915077,0.16625815629959106,0.0425393283367157,-0.039508942514657974,0.15689152479171753,0.05409964919090271,-0.040539197623729706,0.1572139859199524,0.09434622526168823,-0.036141522228717804
E,0.17361980676651,0.431556761264801,-1.7315758782388002e-07,0.09212034940719604,0.3985605835914612,-0.01855587027966976,0.030322253704071045,0.3009845018386841,-0.026358282193541527,0.02706846594810486,0.2078579068183899,-0.03908579796552658,0.052978515625,0.15148857235908508,-0.04905490204691887,0.017391681671142578,0.17160195112228394,0.015335709787905216,0.002347588539123535,0.059245944023132324,-0.009584163315594196,0.0,0.04726240038871765,-0.03130147233605385,0.00578153133392334,0.05573195219039917,-0.043409429490566254,0.06744503974914551,0.14152291417121887,0.0056710438802838326,0.05510035157203674,0.0,-0.02794194594025612,0.055234432220458984,0.03910481929779053,-0.04892290383577347,0.062200188636779785,0.10177770256996155,-0.0522344633936882,0.11950409412384033,0.13132882118225098,-0.009638072922825813,0.10973197221755981,0.006066858768463135,-0.03604903817176819,0.10643088817596436,0.047117263078689575,-0.044293541461229324,0.11112117767333984,0.10765138268470764,-0.04071701318025589,0.1742696762084961,0.14050453901290894,-0.027873674407601357,0.16550391912460327,0.04457390308380127,-0.040779244154691696,0.1572808027267456,0.06337317824363708,-0.039504025131464005,0.1573081612586975,0.10551905632019043,-0.033849216997623444
E,0.17407813668251038,0.4303973317146301,-1.6013358106192754e-07,0.0907924473285675,0.3916395306587219,-0.020384997129440308,0.02896106243133545,0.29635703563690186,-0.029236404225230217,0.022218048572540283,0.20052462816238403,-0.04259505867958069,0.044450730085372925,0.13199809193611145,-0.05298743396997452,0.020137041807174683,0.17169725894927979,0.01706775650382042,0.0033852756023406982,0.06383916735649109,-0.008272369392216206,0.0,0.04724377393722534,-0.030881226062774658,0.0061581432819366455,0.049468278884887695,-0.043650753796100616,0.06982883810997009,0.14118215441703796,0.008390340022742748,0.0565628707408905,0.0,-0.027404338121414185,0.05502969026565552,0.0361081063747406,-0.05031168460845947,0.06287708878517151,0.09928742051124573,-0.05407145991921425,0.12150028347969055,0.1310424506664276,-0.006228897720575333,0.11221233010292053,0.005706787109375,-0.034966930747032166,0.10699012875556946,0.040250301361083984,-0.04511664807796478,0.11220821738243103,0.09848654270172119,-0.04184586927294731,0.17560932040214539,0.14028751850128174,-0.023767581209540367,0.16664400696754456,0.04476875066757202,-0.03833555057644844,0.1580691635608673,0.05868721008300781,-0.038138799369335175,0.1588052213191986,0.09891253709793091,-0.032503705471754074
E,0.171269953250885,0.4292377233505249,-1.8921052458154008e-07,0.0872793197631836,0.3899831175804138,-0.01860060729086399,0.02694043517112732,0.29563695192337036,-0.027990175411105156,0.02660849690437317,0.20261359214782715,-0.04233454167842865,0.055304378271102905,0.14013472199440002,-0.05378063768148422,0.01740071177482605,0.169866144657135,0.015685848891735077,0.0016836822032928467,0.05738955736160278,-0.010806044563651085,0.0,0.049570560455322266,-0.03400428593158722,0.007181942462921143,0.06112226843833923,-0.04683980718255043,0.06752800941467285,0.14090704917907715,0.005866686347872019,0.054685115814208984,0.0,-0.02902757190167904,0.05421113967895508,0.04027193784713745,-0.05167071148753166,0.06229120492935181,0.10390353202819824,-0.0559530109167099,0.11929184198379517,0.1322789490222931,-0.009682588279247284,0.10940271615982056,0.006833374500274658,-0.03704895079135895,0.10555273294448853,0.04512488842010498,-0.046519335359334946,0.11101752519607544,0.105264812707901,-0.043479304760694504,0.17383414506912231,0.14341780543327332,-0.028045805171132088,0.16414576768875122,0.04773622751235962,-0.04153284430503845,0.15621072053909302,0.063113272190094,-0.04064945876598358,0.1570831537246704,0.10352033376693726,-0.03498637303709984
E,0.1767985224723816,0.42820286750793457,-1.5566160982416477e-07,0.09214144945144653,0.39108115434646606,-0.018618272617459297,0.030571073293685913,0.29235517978668213,-0.02602754533290863,0.03235110640525818,0.19522058963775635,-0.038461968302726746,0.06198891997337341,0.1331251561641693,-0.04831993207335472,0.01889568567276001,0.1706508994102478,0.018985778093338013,0.0018838047981262207,0.06266394257545471,-0.0047842939384281635,0.0,0.04664957523345947,-0.02714531496167183,0.00826910138130188,0.05020374059677124,-0.04016818478703499,0.0687943696975708,0.13962692022323608,0.00960024818778038,0.055553555488586426,0.0,-0.023544397205114365,0.05508983135223389,0.03383094072341919,-0.046886809170246124,0.06390994787216187,0.09529033303260803,-0.052073102444410324,0.12075161933898926,0.12938207387924194,-0.005512576084583998,0.11139708757400513,0.0033881664276123047,-0.03200149163603783,0.10732775926589966,0.038604736328125,-0.04351627826690674,0.11363524198532104,0.09892472624778748,-0.042177751660346985,0.17575222253799438,0.13846972584724426,-0.023528100922703743,0.16627687215805054,0.041594862937927246,-0.03726191818714142,0.15720683336257935,0.0569724440574646,-0.03809105232357979,0.15787696838378906,0.10045236349105835,-0.03384174779057503
E,0.17486268281936646,0.43113380670547485,-1.802729059363628e-07,0.09052062034606934,0.3944724202156067,-0.019238470122218132,0.02736714482307434,0.2972715497016907,-0.026935897767543793,0.024807095527648926,0.20159775018692017,-0.03970714285969734,0.052450031042099,0.1389872431755066,-0.049634162336587906,0.020321637392044067,0.17052876949310303,0.019037896767258644,0.0026628077030181885,0.061207085847854614,-0.0069592613726854324,0.0,0.05012813210487366,-0.030099883675575256,0.007560849189758301,0.05931100249290466,-0.04291442409157753,0.06974589824676514,0.13982069492340088,0.00970845203846693,0.05643764138221741,0.0,-0.025988072156906128,0.05512654781341553,0.03805357217788696,-0.04915403947234154,0.06374430656433105,0.10170027613639832,-0.05305169150233269,0.12114745378494263,0.12940514087677002,-0.005759141873568296,0.11143761873245239,0.0067626237869262695,-0.03441603481769562,0.10678517818450928,0.0458989143371582,-0.04492776468396187,0.11267226934432983,0.10650712251663208,-0.041774898767471313,0.17502754926681519,0.13800403475761414,-0.024183733388781548,0.16478753089904785,0.04449868202209473,-0.03874173015356064,0.15594148635864258,0.06365302205085754,-0.03868693858385086,0.15712344646453857,0.10734546184539795,-0.03306686878204346
E,0.17484748363494873,0.43101435899734497,-2.0604615258434933e-07,0.09121805429458618,0.39288216829299927,-0.018468938767910004,0.02929133176803589,0.29443424940109253,-0.025974474847316742,0.028365999460220337,0.1976361870765686,-0.03850238397717476,0.052856117486953735,0.13193747401237488,-0.048100605607032776,0.018563538789749146,0.17184078693389893,0.0177645031362772,0.0018247663974761963,0.05990546941757202,-0.008014759048819542,0.0,0.05072769522666931,-0.030810803174972534,0.00847598910331726,0.061364561319351196,-0.04332703351974487,0.06854915618896484,0.14229291677474976,0.008216554298996925,0.0554485023021698,0.0,-0.026165666058659554,0.05434522032737732,0.03812205791473389,-0.049083855003118515,0.06320786476135254,0.10118740797042847,-0.05360721796751022,0.12051272392272949,0.13349616527557373,-0.007227684836834669,0.1115272045135498,0.006818652153015137,-0.03481977805495262,0.10645163059234619,0.04319357872009277,-0.04600625857710838,0.11220836639404297,0.10283517837524414,-0.04419168829917908,0.1756974458694458,0.1435432732105255,-0.025452394038438797,0.16664540767669678,0.04548555612564087,-0.039462726563215256,0.15735125541687012,0.06070595979690552,-0.03997616097331047,0.15749943256378174,0.10297399759292603,-0.03546964004635811
E,0.17217645049095154,0.43379026651382446,-2.448289819767524e-07,0.08816298842430115,0.39454448223114014,-0.017710061743855476,0.026545971632003784,0.2992100715637207,-0.025633493438363075,0.02368783950805664,0.20237016677856445,-0.038991570472717285,0.047420501708984375,0.13538315892219543,-0.049169447273015976,0.01748061180114746,0.17224955558776855,0.019396912306547165,0.0016666650772094727,0.05974853038787842,-0.007486922666430473,0.0,0.0569080114364624,-0.030508432537317276,0.0070368945598602295,0.07152962684631348,-0.04272766411304474,0.06786158680915833,0.14197248220443726,0.009116648696362972,0.05591145157814026,0.0,-0.026652824133634567,0.05488273501396179,0.04531097412109375,-0.04873664304614067,0.06240913271903992,0.11185026168823242,-0.05162699893116951,0.11972025036811829,0.1326158046722412,-0.007208200171589851,0.11092564463615417,0.007771134376525879,-0.03539329767227173,0.10663554072380066,0.05187499523162842,-0.0436662994325161,0.11160066723823547,0.11460179090499878,-0.038888994604349136,0.1738913357257843,0.14306706190109253,-0.026377663016319275,0.16417327523231506,0.04657268524169922,-0.03965062275528908,0.1552427113056183,0.06782463192939758,-0.037515122443437576,0.15551987290382385,0.11294806003570557,-0.03044375777244568
E,0.17628154158592224,0.4230552911758423,-1.8935874379621964e-07,0.09018257260322571,0.38244175910949707,-0.01920797862112522,0.028453320264816284,0.29165929555892944,-0.02887684665620327,0.029175132513046265,0.19576042890548706,-0.04310999810695648,0.057364821434020996,0.12968134880065918,-0.05424251779913902,0.01794952154159546,0.16667789220809937,0.017069024965167046,0.0005183219909667969,0.05862152576446533,-0.007238134276121855,0.0,0.04723387956619263,-0.029961422085762024,0.008078128099441528,0.05170845985412598,-0.04350048303604126,0.06908223032951355,0.13505640625953674,0.007728167809545994,0.05529162287712097,0.0,-0.02498253993690014,0.05539235472679138,0.03275704383850098,-0.047925401479005814,0.06378552317619324,0.08940035104751587,-0.053674500435590744,0.12102195620536804,0.12396493554115295,-0.007430485915392637,0.11229470372200012,0.0037500858306884766,-0.03293546289205551,0.10787418484687805,0.03440338373184204,-0.04260890558362007,0.11233595013618469,0.08762454986572266,-0.04095366969704628,0.1750718653202057,0.13214778900146484,-0.025614814832806587,0.1656225621700287,0.03969228267669678,-0.037632767111063004,0.15690162777900696,0.05447143316268921,-0.036210525780916214,0.15680167078971863,0.09371238946914673,-0.03090527467429638
E,0.1715364158153534,0.4276901185512543,-1.8500401210985729e-07,0.090239018201828,0.3938293159008026,-0.021874621510505676,0.02693524956703186,0.30176612734794617,-0.031869035214185715,0.018120646476745605,0.20576009154319763,-0.046404093503952026,0.04138070344924927,0.1378849446773529,-0.05778737738728523,0.019680529832839966,0.169598788022995,0.014861301518976688,0.0011749863624572754,0.06303808093070984,-0.01367699634283781,0.0,0.053489625453948975,-0.037887416779994965,0.008463829755783081,0.06458631157875061,-0.05087663233280182,0.06897786259651184,0.13830694556236267,0.006430371198803186,0.055267274379730225,0.0,-0.030877450481057167,0.054982393980026245,0.04110783338546753,-0.05311822518706322,0.06279000639915466,0.10719671845436096,-0.05598434433341026,0.12027618288993835,0.12832799553871155,-0.008395561017096043,0.11006096005439758,0.0066963136196136475,-0.03883182257413864,0.10634812712669373,0.050700873136520386,-0.04683716967701912,0.11155977845191956,0.11417365074157715,-0.04128243774175644,0.17389371991157532,0.13801831007003784,-0.026368403807282448,0.16403737664222717,0.04379025101661682,-0.04237985610961914,0.1552211344242096,0.06544151902198792,-0.04113660752773285,0.1550571620464325,0.1114482581615448,-0.034038662910461426
E,0.1735113263130188,0.4232984483242035,-1.7146074071661133e-07,0.08926606178283691,0.38482043147087097,-0.02071785368025303,0.02858462929725647,0.29343149065971375,-0.030627747997641563,0.02728283405303955,0.19516971707344055,-0.04472651332616806,0.05481418967247009,0.12703001499176025,-0.05576591566205025,0.01824513077735901,0.16733989119529724,0.015802592039108276,0.0022515952587127686,0.061659544706344604,-0.008966175839304924,0.0,0.045797258615493774,-0.03155092895030975,0.005919218063354492,0.04714679718017578,-0.044793687760829926,0.06856471300125122,0.13552486896514893,0.007295230869203806,0.05548471212387085,0.0,-0.02661471627652645,0.05498075485229492,0.034837812185287476,-0.048958998173475266,0.062038421630859375,0.09428972005844116,-0.053487956523895264,0.12010252475738525,0.12475493550300598,-0.00708149466663599,0.11246585845947266,0.003344327211380005,-0.03461820259690285,0.10792046785354614,0.03759032487869263,-0.044080477207899094,0.11160999536514282,0.09420165419578552,-0.041187968105077744,0.17370831966400146,0.1339314877986908,-0.024439474567770958,0.16578638553619385,0.04077151417732239,-0.03827777877449989,0.15691256523132324,0.05663445591926575,-0.037365421652793884,0.15608614683151245,0.09839573502540588,-0.031660690903663635
E,0.1727440357208252,0.4290536642074585,-1.1645661857073719e-07,0.08977210521697998,0.39430344104766846,-0.02112795226275921,0.028658777475357056,0.2949458360671997,-0.030161768198013306,0.030584871768951416,0.19789880514144897,-0.04352956265211105,0.06479263305664062,0.13909649848937988,-0.05432310700416565,0.019882768392562866,0.17179346084594727,0.014208515174686909,0.0033742785453796387,0.06492733955383301,-0.010990062728524208,0.0,0.04780858755111694,-0.033548761159181595,0.007035195827484131,0.05005127191543579,-0.046660229563713074,0.06969505548477173,0.1417652666568756,0.005657961126416922,0.056229472160339355,0.0,-0.029300246387720108,0.05526113510131836,0.03373080492019653,-0.05187937989830971,0.0637979507446289,0.09477460384368896,-0.055969394743442535,0.12110066413879395,0.13215932250022888,-0.008716534823179245,0.11190307140350342,0.005879640579223633,-0.03635246306657791,0.10743117332458496,0.041548460721969604,-0.04648236557841301,0.11304187774658203,0.10036668181419373,-0.043782006949186325,0.17523068189620972,0.14161047339439392,-0.02625158056616783,0.16717034578323364,0.046511292457580566,-0.040121693164110184,0.158522367477417,0.06117427349090576,-0.04043140634894371,0.15875810384750366,0.10144829750061035,-0.0357806421816349
E,0.17555856704711914,0.4251553416252136,-1.1218419615488529e-07,0.09190434217453003,0.38736051321029663,-0.021593069657683372,0.03110906481742859,0.2923696041107178,-0.030873997136950493,0.02965867519378662,0.1952030062675476,-0.04445360600948334,0.05852881073951721,0.13024693727493286,-0.05527820810675621,0.020334571599960327,0.16728222370147705,0.017714885994791985,0.002236992120742798,0.06268268823623657,-0.006092241499572992,0.0,0.04100596904754639,-0.029316429048776627,0.00813332200050354,0.038456469774246216,-0.04341476410627365,0.06987643241882324,0.13621920347213745,0.009884144179522991,0.056193023920059204,0.0,-0.02339037135243416,0.056651949882507324,0.03050011396408081,-0.047934163361787796,0.06581968069076538,0.08846104145050049,-0.054505571722984314,0.12104016542434692,0.12579813599586487,-0.003857341594994068,0.1117505431175232,0.00220295786857605,-0.03072000853717327,0.10782849788665771,0.03510436415672302,-0.04273909702897072,0.11399310827255249,0.0934537947177887,-0.04204099625349045,0.17498469352722168,0.13515150547027588,-0.020743127912282944,0.16624116897583008,0.041117697954177856,-0.03494614362716675,0.15746700763702393,0.05465620756149292,-0.036455731838941574,0.15818911790847778,0.09572792053222656,-0.03278525173664093
E,0.17706525325775146,0.42708414793014526,-1.279915267105025e-07,0.09458142518997192,0.3918151259422302,-0.021131761372089386,0.033586859703063965,0.294772207736969,-0.029797665774822235,0.03222954273223877,0.19614923000335693,-0.042891647666692734,0.06168186664581299,0.130987286567688,-0.05331561714410782,0.020337998867034912,0.17151761054992676,0.017496727406978607,0.002353966236114502,0.06569066643714905,-0.007354377303272486,0.0,0.04618087410926819,-0.030584068968892097,0.007100135087966919,0.046770066022872925,-0.04430283606052399,0.06997191905975342,0.1399795413017273,0.009064572863280773,0.0558219850063324,0.0,-0.026531320065259933,0.05540695786476135,0.03375235199928284,-0.05125020444393158,0.06301093101501465,0.09565579891204834,-0.056708768010139465,0.12156891822814941,0.1286931037902832,-0.005252406466752291,0.1113017201423645,0.004152536392211914,-0.03461466729640961,0.1075289249420166,0.04091233015060425,-0.04678836092352867,0.11297911405563354,0.1011037528514862,-0.044965967535972595,0.17589187622070312,0.13709470629692078,-0.022491052746772766,0.16627627611160278,0.04344707727432251,-0.038391388952732086,0.15869158506393433,0.05941781401634216,-0.0398859940469265,0.16025465726852417,0.10033023357391357,-0.03551024571061134
E,0.17451149225234985,0.427432119846344,-1.0877599976311103e-07,0.0935106873512268,0.38858848810195923,-0.019972503185272217,0.03498920798301697,0.29596996307373047,-0.029741598293185234,0.0318741500377655,0.2020208239555359,-0.044252313673496246,0.05929043889045715,0.14013820886611938,-0.05634041130542755,0.02178475260734558,0.17031025886535645,0.0158211849629879,0.0032348036766052246,0.06686344742774963,-0.009112945757806301,0.0,0.0443914532661438,-0.032673854380846024,0.0072476863861083984,0.04158681631088257,-0.046862341463565826,0.07199281454086304,0.13915422558784485,0.006189006380736828,0.05706709623336792,0.0,-0.02910030446946621,0.056379348039627075,0.029103338718414307,-0.05359165742993355,0.06544727087020874,0.08832776546478271,-0.05942590907216072,0.1237567663192749,0.1287212073802948,-0.009083017706871033,0.11310631036758423,0.0046651363372802734,-0.037830282002687454,0.10887104272842407,0.03788372874259949,-0.049277324229478836,0.11484766006469727,0.0963674783706665,-0.04733194038271904,0.1773982048034668,0.13842415809631348,-0.027250751852989197,0.16736674308776855,0.04369926452636719,-0.04231308028101921,0.15801525115966797,0.057895660400390625,-0.042812690138816833,0.15862655639648438,0.10015049576759338,-0.03796209394931793
E,0.17230373620986938,0.4287712275981903,-1.9553921504211758e-07,0.09133636951446533,0.3959788382053375,-0.02179751731455326,0.02984696626663208,0.3023465573787689,-0.03262753039598465,0.026475995779037476,0.20715036988258362,-0.047841593623161316,0.05267634987831116,0.1413799226284027,-0.05941646918654442,0.0168115496635437,0.1681211292743683,0.013250647112727165,0.0018944740295410156,0.05014559626579285,-0.015252107754349709,0.0,0.04748570919036865,-0.03951572999358177,0.008822917938232422,0.07006272673606873,-0.05206109583377838,0.06751543283462524,0.13934451341629028,0.005507549736648798,0.05482494831085205,0.0,-0.02836884930729866,0.0530986487865448,0.038316577672958374,-0.05114920064806938,0.0611879825592041,0.10149058699607849,-0.05643872544169426,0.11967068910598755,0.13049718737602234,-0.008557923138141632,0.10947489738464355,0.00703778862953186,-0.0354241281747818,0.10441213846206665,0.04558110237121582,-0.04567590728402138,0.10991472005844116,0.10643431544303894,-0.04397210851311684,0.17416930198669434,0.14013928174972534,-0.02571769244968891,0.16380435228347778,0.043766796588897705,-0.03976926952600479,0.1545109748840332,0.0615997314453125,-0.040009040385484695,0.1549896001815796,0.1051625907421112,-0.03536555916070938
E,0.1733250617980957,0.42452114820480347,-1.438082648519412e-07,0.08791881799697876,0.38753610849380493,-0.022183610126376152,0.027334988117218018,0.2922708988189697,-0.03141084685921669,0.029286116361618042,0.19326508045196533,-0.04464785009622574,0.05923575162887573,0.12737753987312317,-0.05485253408551216,0.0168764591217041,0.1684650182723999,0.017275085672736168,0.000859677791595459,0.06023266911506653,-0.006663687992841005,0.0,0.044874876737594604,-0.029654035344719887,0.0077710747718811035,0.048134028911590576,-0.043463315814733505,0.06746679544448853,0.1369866132736206,0.009839503094553947,0.053941935300827026,0.0,-0.023315930739045143,0.05508419871330261,0.032025694847106934,-0.04813515394926071,0.06429040431976318,0.08958256244659424,-0.055078230798244476,0.11917591094970703,0.12667259573936462,-0.003617482027038932,0.10973721742630005,0.0050144195556640625,-0.03083895705640316,0.10644418001174927,0.03716886043548584,-0.04416067525744438,0.11255407333374023,0.09363853931427002,-0.04446973651647568,0.17345017194747925,0.13525912165641785,-0.02011498436331749,0.16388875246047974,0.04209616780281067,-0.03464154154062271,0.1554785966873169,0.057473212480545044,-0.036705382168293,0.15627813339233398,0.09928750991821289,-0.033601030707359314
E,0.17405560612678528,0.42771315574645996,-1.1236227948074884e-07,0.0915132462978363,0.394603967666626,-0.02304854989051819,0.030135303735733032,0.29843807220458984,-0.03324566408991814,0.027591288089752197,0.19959253072738647,-0.0475071519613266,0.0559212863445282,0.13421866297721863,-0.05916566029191017,0.019565939903259277,0.170329749584198,0.013190039433538914,0.0029122531414031982,0.0643039345741272,-0.013045309111475945,0.0,0.0442865788936615,-0.03701439127326012,0.008618533611297607,0.04753232002258301,-0.05085204169154167,0.06920328736305237,0.1396174430847168,0.005477334372699261,0.055844515562057495,0.0,-0.029599234461784363,0.05565941333770752,0.030554741621017456,-0.05377013236284256,0.06537017226219177,0.09192422032356262,-0.05955665931105614,0.12077990174293518,0.1298414170742035,-0.008262968622148037,0.11131247878074646,0.005313217639923096,-0.037038594484329224,0.10731813311576843,0.040038466453552246,-0.04929215833544731,0.11432698369026184,0.10110670328140259,-0.04813336953520775,0.17535611987113953,0.13908928632736206,-0.02517736330628395,0.16542193293571472,0.042144566774368286,-0.041284915059804916,0.1564737856388092,0.05755308270454407,-0.04348929598927498,0.1572013795375824,0.1026374101638794,-0.03991486132144928
E,0.1758749783039093,0.42478373646736145,-6.958148901503591e-08,0.0916655957698822,0.38567915558815,-0.02216251939535141,0.032019078731536865,0.29165247082710266,-0.030766436830163002,0.030141770839691162,0.19311878085136414,-0.04340159147977829,0.054708003997802734,0.1239733099937439,-0.053427793085575104,0.019852668046951294,0.1691112220287323,0.020313268527388573,0.0016485154628753662,0.06823429465293884,-0.0016353786922991276,0.0,0.04068073630332947,-0.024486947804689407,0.008614987134933472,0.030319899320602417,-0.0391327440738678,0.06986317038536072,0.13636669516563416,0.012945334427058697,0.055786699056625366,0.0,-0.020327264443039894,0.05655011534690857,0.0256655216217041,-0.04676506668329239,0.06580653786659241,0.08034846186637878,-0.05485253781080246,0.12105616927146912,0.12457984685897827,-0.00030700693605467677,0.11206445097923279,0.0006320774555206299,-0.02819373458623886,0.10823580622673035,0.030165761709213257,-0.04267265647649765,0.11435958743095398,0.0865422785282135,-0.04354703798890114,0.1750023066997528,0.1328723430633545,-0.016565414145588875,0.1658899486064911,0.0396709144115448,-0.03221115469932556,0.15799418091773987,0.05171594023704529,-0.03535556048154831,0.15934959053993225,0.09139516949653625,-0.032756704837083817
E,0.17646390199661255,0.4249798655509949,-6.683982434196878e-08,0.09354978799819946,0.39095640182495117,-0.02228432521224022,0.03276914358139038,0.29428690671920776,-0.03178456425666809,0.0338558554649353,0.19676339626312256,-0.04547017440199852,0.0691763162612915,0.13729751110076904,-0.056646473705768585,0.02055525779724121,0.16735893487930298,0.01583060622215271,0.0017545819282531738,0.06370574235916138,-0.007787761278450489,0.0,0.03966730833053589,-0.031124690547585487,0.009304016828536987,0.038072288036346436,-0.04543912410736084,0.07022649049758911,0.13594600558280945,0.008257750421762466,0.055740952491760254,0.0,-0.02458317019045353,0.05641469359397888,0.025024890899658203,-0.04950305074453354,0.06629824638366699,0.08260354399681091,-0.05673101171851158,0.12180453538894653,0.12466615438461304,-0.005162916146218777,0.11155962944030762,0.000847935676574707,-0.03202449902892113,0.10815173387527466,0.03128683567047119,-0.04551384970545769,0.1151917576789856,0.09082990884780884,-0.045977264642715454,0.17629820108413696,0.13243991136550903,-0.021780088543891907,0.1666339635848999,0.038113296031951904,-0.036921486258506775,0.15800893306732178,0.050437211990356445,-0.039913520216941833,0.1588955521583557,0.09276562929153442,-0.0373128205537796
E,0.1750306487083435,0.4263799786567688,-6.58189449609381e-08,0.09258061647415161,0.39230453968048096,-0.024496234953403473,0.032051920890808105,0.29721760749816895,-0.035236209630966187,0.02682042121887207,0.19940000772476196,-0.04971691593527794,0.05171880125999451,0.13404294848442078,-0.0615839846432209,0.019884705543518066,0.16863375902175903,0.014520999975502491,0.002634704113006592,0.06414395570755005,-0.011300872080028057,0.0,0.03936922550201416,-0.03627234697341919,0.00864902138710022,0.03878295421600342,-0.0511636957526207,0.07003790140151978,0.13773104548454285,0.007703340612351894,0.057112157344818115,0.0,-0.027578789740800858,0.057225584983825684,0.025459885597229004,-0.05450405552983284,0.06653404235839844,0.08376741409301758,-0.06269904226064682,0.12156355381011963,0.1270725429058075,-0.005220222752541304,0.11241620779037476,0.0037636756896972656,-0.03496916592121124,0.10831743478775024,0.035016387701034546,-0.05034029856324196,0.11498546600341797,0.09526956081390381,-0.05140315368771553,0.1758173704147339,0.13508939743041992,-0.021264217793941498,0.16605931520462036,0.03971964120864868,-0.0387667715549469,0.15786802768707275,0.05246374011039734,-0.04314224421977997,0.15931415557861328,0.0955115556716919,-0.04106704518198967
E,0.17628508806228638,0.4213484823703766,-3.0806461381871486e-08,0.0910610556602478,0.38222673535346985,-0.02329622209072113,0.02856537699699402,0.28697362542152405,-0.031998638063669205,0.02142319083213806,0.18742206692695618,-0.04442494362592697,0.04603031277656555,0.12022557854652405,-0.054230496287345886,0.019751787185668945,0.16521283984184265,0.019944345578551292,0.001353621482849121,0.06651163101196289,-0.0018755800556391478,0.0,0.0342077910900116,-0.025342319160699844,0.008744955062866211,0.022240787744522095,-0.04060281440615654,0.0699644684791565,0.13281896710395813,0.013593113981187344,0.055549561977386475,0.0006139278411865234,-0.019054541364312172,0.05737391114234924,0.018805593252182007,-0.046229004859924316,0.06696605682373047,0.07043713331222534,-0.05543535575270653,0.12126725912094116,0.12105682492256165,0.0012670360738411546,0.1113693118095398,0.0,-0.02667948603630066,0.1085326075553894,0.02451401948928833,-0.042216651141643524,0.11496162414550781,0.0805588960647583,-0.04394044354557991,0.1749478578567505,0.1283026933670044,-0.014166828244924545,0.1646878719329834,0.035984963178634644,-0.03095627948641777,0.1567569375038147,0.04402977228164673,-0.03561994433403015,0.15772587060928345,0.0826621949672699,-0.03396442532539368
E,0.17232215404510498,0.42389315366744995,-5.60230439816678e-08,0.08952534198760986,0.390494167804718,-0.02118736319243908,0.02869775891304016,0.2935914993286133,-0.02993393875658512,0.02851983904838562,0.19662809371948242,-0.04311540350317955,0.05943959951400757,0.13780197501182556,-0.05406338348984718,0.01818731427192688,0.16624975204467773,0.017234666272997856,0.0,0.06546133756637573,-0.006835258100181818,6.520748138427734e-05,0.041754305362701416,-0.03038240410387516,0.010141372680664062,0.040538400411605835,-0.044454582035541534,0.06778573989868164,0.13509643077850342,0.009310950525105,0.0542372465133667,0.0,-0.023827629163861275,0.05659961700439453,0.02542567253112793,-0.04839841648936272,0.0666038990020752,0.08335188031196594,-0.05486706644296646,0.11928057670593262,0.12415072321891785,-0.004462495446205139,0.1095283031463623,0.0019866228103637695,-0.03204580023884773,0.10765343904495239,0.035170286893844604,-0.044679272919893265,0.1150009036064148,0.09560871124267578,-0.04382187873125076,0.17356204986572266,0.1319252848625183,-0.021312814205884933,0.16378271579742432,0.03786814212799072,-0.03679050877690315,0.15623843669891357,0.05179351568222046,-0.039053965359926224,0.15772265195846558,0.09381058812141418,-0.03543034940958023
E,0.1743815541267395,0.41939711570739746,-7.299885140810147e-08,0.09267842769622803,0.38012009859085083,-0.02365531399846077,0.030425429344177246,0.289317786693573,-0.03344893082976341,0.01600325107574463,0.19453412294387817,-0.04691113904118538,0.03164023160934448,0.12438690662384033,-0.057541050016880035,0.02060312032699585,0.16409343481063843,0.01915360428392887,0.0027232766151428223,0.06742823123931885,-0.004984640516340733,0.0,0.03796088695526123,-0.029253507032990456,0.00717124342918396,0.028372764587402344,-0.044383127242326736,0.07075172662734985,0.133042573928833,0.012242385186254978,0.05577397346496582,0.0,-0.02381659485399723,0.0572790801525116,0.025411933660507202,-0.051069870591163635,0.06599634885787964,0.08099988102912903,-0.05890100449323654,0.12193930149078369,0.12194818258285522,-0.0008093405631370842,0.11243587732315063,0.0020498037338256836,-0.031736359000205994,0.10949259996414185,0.031677424907684326,-0.04589565098285675,0.11469411849975586,0.0884920060634613,-0.045340217649936676,0.1754881739616394,0.13001421093940735,-0.01684226281940937,0.1653822660446167,0.03769052028656006,-0.03465091064572334,0.1577480435371399,0.049218207597732544,-0.03780505433678627,0.1582161784172058,0.08869463205337524,-0.03437072038650513
E,0.17349880933761597,0.4185441732406616,-2.586182112906954e-08,0.08813118934631348,0.384818434715271,-0.02348935417830944,0.025548994541168213,0.289620578289032,-0.033015646040439606,0.022066831588745117,0.19362765550613403,-0.04636913537979126,0.05132025480270386,0.13521915674209595,-0.05765364691615105,0.017577558755874634,0.16373950242996216,0.016742082312703133,0.00029093027114868164,0.0692390501499176,-0.005974702537059784,0.0,0.03840091824531555,-0.02952480874955654,0.008863449096679688,0.027157247066497803,-0.04484390839934349,0.06789243221282959,0.13239818811416626,0.00944169145077467,0.05395054817199707,0.0,-0.02456614002585411,0.058043718338012695,0.022287368774414062,-0.05118194594979286,0.06802064180374146,0.07671725749969482,-0.05948510020971298,0.11947649717330933,0.12143036723136902,-0.003708977485075593,0.1109011173248291,0.00017321109771728516,-0.03384179621934891,0.1101149320602417,0.030775636434555054,-0.04962511360645294,0.11691689491271973,0.09061604738235474,-0.0506754145026207,0.1739903688430786,0.12860500812530518,-0.019853800535202026,0.16422098875045776,0.0353967547416687,-0.03861478716135025,0.1577121615409851,0.049921393394470215,-0.04356535151600838,0.15915453433990479,0.09422296285629272,-0.041691988706588745
E,0.1721254587173462,0.42111116647720337,-3.41640209455818e-08,0.08564227819442749,0.3874579071998596,-0.024040184915065765,0.02339211106300354,0.295589804649353,-0.03531799092888832,0.017550230026245117,0.1998564600944519,-0.05035066604614258,0.04442670941352844,0.13885682821273804,-0.06308771669864655,0.018307894468307495,0.1617525815963745,0.01455669291317463,0.000856548547744751,0.06799060106277466,-0.010632128454744816,0.0,0.0405825674533844,-0.035636309534311295,0.00876191258430481,0.032783567905426025,-0.05121153965592384,0.0688512921333313,0.13146355748176575,0.007137862499803305,0.055544108152389526,0.0,-0.027835197746753693,0.05882519483566284,0.022356539964675903,-0.054145053029060364,0.06852215528488159,0.07595840096473694,-0.06207668036222458,0.12005716562271118,0.12152305245399475,-0.0062894378788769245,0.11182230710983276,0.0015904903411865234,-0.036442019045352936,0.11058717966079712,0.03326272964477539,-0.05014300346374512,0.11770540475845337,0.0929732620716095,-0.0496184416115284,0.1743628978729248,0.13002899289131165,-0.02294102869927883,0.16499507427215576,0.03597736358642578,-0.04074028506875038,0.15689367055892944,0.049854785203933716,-0.04400080069899559,0.1569480299949646,0.09374362230300903,-0.04079770669341087
E,0.173225998878479,0.4205096364021301,-8.294977504874623e-08,0.08863496780395508,0.3895300030708313,-0.026118667796254158,0.0239524245262146,0.29738372564315796,-0.03740035369992256,0.009833544492721558,0.20070505142211914,-0.05200568214058876,0.026149064302444458,0.13172253966331482,-0.06383393704891205,0.019471824169158936,0.16229212284088135,0.014436185359954834,0.0016873478889465332,0.06607282161712646,-0.012273277156054974,0.0,0.04204291105270386,-0.0377434641122818,0.008047819137573242,0.039005815982818604,-0.053025636821985245,0.06967419385910034,0.13249453902244568,0.008253388106822968,0.05483254790306091,0.0,-0.028455382212996483,0.05847132205963135,0.028980344533920288,-0.05517691746354103,0.0678754448890686,0.08604973554611206,-0.06273689866065979,0.12068766355514526,0.12286722660064697,-0.004320739768445492,0.11124199628829956,0.0024971365928649902,-0.03647380694746971,0.10976541042327881,0.03892791271209717,-0.05005151405930519,0.11594200134277344,0.10039499402046204,-0.04891384392976761,0.174851655960083,0.13141155242919922,-0.020076865330338478,0.1650654673576355,0.03765451908111572,-0.03926082327961922,0.15683025121688843,0.0561656653881073,-0.04251374304294586,0.15623247623443604,0.10292047262191772,-0.03898932412266731
E,0.16909712553024292,0.42347729206085205,-7.376301169870203e-08,0.07899802923202515,0.38940519094467163,-0.023625243455171585,0.013725966215133667,0.2944900393486023,-0.033737100660800934,0.013155072927474976,0.1977488398551941,-0.04812741279602051,0.045763999223709106,0.1381143033504486,-0.06027459353208542,0.01511305570602417,0.1651039719581604,0.017163017764687538,0.0004273355007171631,0.06860464811325073,-0.008290251716971397,0.0,0.04807037115097046,-0.03307865932583809,0.007983088493347168,0.04452356696128845,-0.0484166145324707,0.06619155406951904,0.13494357466697693,0.009189639240503311,0.05526033043861389,0.0,-0.02732568047940731,0.059130966663360596,0.03157031536102295,-0.053911689668893814,0.06822007894515991,0.0891980528831482,-0.06100180745124817,0.11757928133010864,0.12507057189941406,-0.004997373092919588,0.11213123798370361,0.0033766627311706543,-0.03611736372113228,0.11073511838912964,0.04188370704650879,-0.04945038631558418,0.11629116535186768,0.10447949171066284,-0.04787071421742439,0.17218536138534546,0.13358139991760254,-0.022399604320526123,0.16403889656066895,0.03839939832687378,-0.039304982870817184,0.15570056438446045,0.05790829658508301,-0.04134880751371384,0.15476500988006592,0.10511451959609985,-0.03727548196911812
E,0.16663682460784912,0.4312402009963989,-1.371370501601632e-07,0.07876777648925781,0.4006471037864685,-0.02384105883538723,0.01436460018157959,0.3077191710472107,-0.03683662787079811,0.018771618604660034,0.2107347846031189,-0.05429650843143463,0.06623810529708862,0.1633886992931366,-0.0690198540687561,0.01376330852508545,0.1654144525527954,0.010497618466615677,0.002341926097869873,0.05939990282058716,-0.018445473164319992,0.0,0.054705798625946045,-0.04343060404062271,0.005671262741088867,0.06779247522354126,-0.057659123092889786,0.06534039974212646,0.13862350583076477,0.0018145993817597628,0.05709576606750488,0.0,-0.03510655090212822,0.05710643529891968,0.03893682360649109,-0.0573061965405941,0.06455212831497192,0.10132431983947754,-0.0610329769551754,0.1170654296875,0.13192594051361084,-0.013252285309135914,0.1129269003868103,0.008191883563995361,-0.04204827919602394,0.10930126905441284,0.05033373832702637,-0.05048030614852905,0.11430031061172485,0.11369401216506958,-0.04592078924179077,0.1719036102294922,0.14300286769866943,-0.03205282241106033,0.16505199670791626,0.045797646045684814,-0.04534166306257248,0.155029296875,0.06597599387168884,-0.04411514103412628,0.15356141328811646,0.1134600043296814,-0.03820321336388588
E,0.16525188088417053,0.43363526463508606,-1.9089966940555314e-07,0.07817736268043518,0.4010808765888214,-0.02272137440741062,0.013514548540115356,0.3087950646877289,-0.03512599319219589,0.015546739101409912,0.2142387330532074,-0.05230584368109703,0.05868247151374817,0.16635861992835999,-0.06649363040924072,0.012382984161376953,0.16431322693824768,0.012580075301229954,0.002011895179748535,0.055763185024261475,-0.016914203763008118,0.0,0.05633962154388428,-0.0422934852540493,0.005777686834335327,0.07522794604301453,-0.05626126378774643,0.0641387403011322,0.13782042264938354,0.0033700293861329556,0.05645230412483215,0.0,-0.03357662633061409,0.056129664182662964,0.043473273515701294,-0.05594369396567345,0.06271979212760925,0.10816052556037903,-0.05962609872221947,0.11619529128074646,0.13078337907791138,-0.01233235839754343,0.1117267906665802,0.00802561640739441,-0.04042377322912216,0.10785064101219177,0.051756441593170166,-0.04855179786682129,0.11223319172859192,0.11565762758255005,-0.044066864997148514,0.17116263508796692,0.14161327481269836,-0.031680621206760406,0.16335752606391907,0.046140074729919434,-0.04379389062523842,0.15404018759727478,0.0682208240032196,-0.0415804423391819,0.1532258689403534,0.11565455794334412,-0.03514945134520531
E,0.1663438081741333,0.43532273173332214,-2.0247927068339777e-07,0.07779121398925781,0.4027487337589264,-0.023689910769462585,0.011573702096939087,0.31105777621269226,-0.036424700170755386,0.01583915948867798,0.21479067206382751,-0.05377599224448204,0.06375694274902344,0.16656902432441711,-0.06803829222917557,0.011537432670593262,0.165420800447464,0.01222433615475893,0.0022674202919006348,0.05762156844139099,-0.016834059730172157,0.0,0.06066390872001648,-0.04202762618660927,0.005575627088546753,0.07937559485435486,-0.05636453256011009,0.0636715292930603,0.13792046904563904,0.0034023290500044823,0.056599318981170654,0.0,-0.03333801403641701,0.05559617280960083,0.04580181837081909,-0.05547761917114258,0.061825692653656006,0.11034071445465088,-0.059213731437921524,0.11588513851165771,0.13080376386642456,-0.012027437798678875,0.11201894283294678,0.007188528776168823,-0.040137287229299545,0.10717576742172241,0.051491349935531616,-0.04846928268671036,0.1113315224647522,0.1155717670917511,-0.044245559722185135,0.17105942964553833,0.14220857620239258,-0.03119466081261635,0.16353636980056763,0.0459839403629303,-0.04340692609548569,0.15323108434677124,0.06858375668525696,-0.041516613215208054,0.15179318189620972,0.11703813076019287,-0.035462137311697006
E,0.16545796394348145,0.4379032254219055,-2.7282746373202826e-07,0.07773983478546143,0.4043852686882019,-0.021489441394805908,0.012339681386947632,0.3161804676055908,-0.03380351513624191,0.014415174722671509,0.2204960584640503,-0.051275674253702164,0.057644426822662354,0.1697487235069275,-0.06545063108205795,0.012715160846710205,0.16851109266281128,0.012940909713506699,0.0031062662601470947,0.054511845111846924,-0.018413633108139038,0.0,0.06540781259536743,-0.04404163733124733,0.005277574062347412,0.09326815605163574,-0.05759190768003464,0.06420320272445679,0.14109432697296143,0.003034524852409959,0.056133270263671875,0.0,-0.03508296236395836,0.05499064922332764,0.05287271738052368,-0.056219443678855896,0.06165820360183716,0.12080639600753784,-0.058577146381139755,0.11622840166091919,0.1336078643798828,-0.013569318689405918,0.1111443042755127,0.00798332691192627,-0.04195525497198105,0.10617542266845703,0.056624531745910645,-0.04803812876343727,0.1109158992767334,0.12168017029762268,-0.04198428988456726,0.1713416576385498,0.14482948184013367,-0.03380117192864418,0.16349822282791138,0.04785066843032837,-0.04535654932260513,0.153120756149292,0.07256096601486206,-0.04188878461718559,0.15223807096481323,0.12097319960594177,-0.03451698645949364
E,0.16400650143623352,0.4423364996910095,-3.0257947969403176e-07,0.07438620924949646,0.4067503809928894,-0.02196386456489563,0.009161770343780518,0.31546032428741455,-0.03404571861028671,0.01276811957359314,0.21984022855758667,-0.05172961577773094,0.05716261267662048,0.17137908935546875,-0.06587471067905426,0.01052674651145935,0.1673194169998169,0.015722477808594704,0.002029716968536377,0.054167747497558594,-0.016119545325636864,0.0,0.07373517751693726,-0.04234350845217705,0.0059545934200286865,0.10566127300262451,-0.0562676340341568,0.06278780102729797,0.14034238457679749,0.00578747084364295,0.05582955479621887,0.0,-0.03284364938735962,0.05337062478065491,0.057022422552108765,-0.05474870651960373,0.05928418040275574,0.1261143684387207,-0.05742461606860161,0.11507710814476013,0.13331180810928345,-0.011257296428084373,0.11015799641609192,0.008646488189697266,-0.039763472974300385,0.10378995537757874,0.060418158769607544,-0.046443916857242584,0.10778084397315979,0.1271912157535553,-0.04052814096212387,0.1698170006275177,0.14503136277198792,-0.03210993856191635,0.16153135895729065,0.047898709774017334,-0.04285155609250069,0.14947345852851868,0.07417473196983337,-0.03941204026341438,0.14735516905784607,0.12352165579795837,-0.03218912333250046
E,0.1615544557571411,0.4417828917503357,-3.229529283999e-07,0.07372677326202393,0.40784895420074463,-0.023747144266963005,0.007974326610565186,0.31729012727737427,-0.0378432422876358,0.0120697021484375,0.2234235405921936,-0.05716032534837723,0.056992173194885254,0.17400431632995605,-0.07267071306705475,0.010115891695022583,0.16680768132209778,0.01139440480619669,0.001707911491394043,0.050544917583465576,-0.023334085941314697,0.0,0.07506793737411499,-0.050669897347688675,0.006717860698699951,0.11398497223854065,-0.0643429309129715,0.06292974948883057,0.1409299075603485,0.0020578433759510517,0.05529451370239258,0.0,-0.03781014680862427,0.053727567195892334,0.06056731939315796,-0.05877607688307762,0.06016838550567627,0.1311725676059723,-0.0605015903711319,0.1157422661781311,0.1352866291999817,-0.014623328112065792,0.11035770177841187,0.009331226348876953,-0.04445760324597359,0.10497772693634033,0.06413590908050537,-0.04957833141088486,0.10872626304626465,0.13157972693443298,-0.04237273707985878,0.17047488689422607,0.14819732308387756,-0.03512600436806679,0.1614810824394226,0.050611138343811035,-0.046688418835401535,0.1511738896369934,0.08028528094291687,-0.04193440452218056,0.14996129274368286,0.13021516799926758,-0.03350108489394188
E,0.16473138332366943,0.4390198588371277,-3.2354162726733193e-07,0.07517462968826294,0.404577374458313,-0.02233721874654293,0.008143454790115356,0.31413304805755615,-0.03491062670946121,0.013021200895309448,0.21726131439208984,-0.05260453745722771,0.057343125343322754,0.16676634550094604,-0.06660399585962296,0.00932970643043518,0.16523754596710205,0.013039520010352135,0.0008888840675354004,0.05241924524307251,-0.01896514929831028,0.0,0.07187974452972412,-0.044998787343502045,0.0073868632316589355,0.10510388016700745,-0.0587274394929409,0.06197160482406616,0.13785317540168762,0.0036078256089240313,0.054538846015930176,0.0,-0.03389629349112511,0.05365478992462158,0.05725020170211792,-0.05406603962182999,0.060092270374298096,0.12635600566864014,-0.056085579097270966,0.11487811803817749,0.13106763362884521,-0.012873559258878231,0.10986936092376709,0.00848853588104248,-0.040833938866853714,0.1047397255897522,0.060814231634140015,-0.04544020816683769,0.10805654525756836,0.12716910243034363,-0.03868130221962929,0.17008453607559204,0.14340826869010925,-0.033163778483867645,0.16248446702957153,0.04728960990905762,-0.04414266720414162,0.15140235424041748,0.07567057013511658,-0.039455827325582504,0.14871948957443237,0.12590813636779785,-0.03144796937704086
E,0.16042548418045044,0.44456571340560913,-3.46917147453496e-07,0.07330125570297241,0.4111710786819458,-0.021411696448922157,0.008435845375061035,0.31662601232528687,-0.03299308940768242,0.011295825242996216,0.22163712978363037,-0.05030696094036102,0.052165329456329346,0.17298009991645813,-0.06383486837148666,0.009094804525375366,0.1694156527519226,0.015775728970766068,0.001139223575592041,0.05377542972564697,-0.018623605370521545,0.0,0.08041608333587646,-0.04584253206849098,0.007611989974975586,0.12213283777236938,-0.059135738760232925,0.060904502868652344,0.14208361506462097,0.005667790770530701,0.0540924072265625,0.0,-0.034298766404390335,0.052079975605010986,0.06142908334732056,-0.05524411424994469,0.05894315242767334,0.13471060991287231,-0.05627935752272606,0.11354494094848633,0.13507142663002014,-0.011821337044239044,0.10876375436782837,0.010809898376464844,-0.04134887084364891,0.10308873653411865,0.06657350063323975,-0.04614676162600517,0.10722225904464722,0.13423827290534973,-0.03833702579140663,0.16829568147659302,0.14683791995048523,-0.033062998205423355,0.16040688753128052,0.05177587270736694,-0.04388362914323807,0.1494695544242859,0.08203956484794617,-0.03880308195948601,0.14815205335617065,0.13127905130386353,-0.02999858185648918
E,0.15945380926132202,0.43984705209732056,-3.506382029172528e-07,0.07087469100952148,0.4044296145439148,-0.02477024495601654,0.005733311176300049,0.3181051015853882,-0.03994830325245857,0.01055106520652771,0.22242200374603271,-0.059625547379255295,0.05188453197479248,0.16373085975646973,-0.07515272498130798,0.0067175328731536865,0.16609546542167664,0.010095669887959957,0.000291287899017334,0.05156797170639038,-0.025022143498063087,0.0,0.07760423421859741,-0.052823249250650406,0.007810056209564209,0.11754173040390015,-0.06691412627696991,0.059677720069885254,0.13770946860313416,0.001597358612343669,0.0526270866394043,0.0,-0.03794976696372032,0.05188697576522827,0.06266146898269653,-0.05877850949764252,0.057985544204711914,0.13416028022766113,-0.06081794574856758,0.11282074451446533,0.1311090886592865,-0.014335667714476585,0.10920345783233643,0.011312544345855713,-0.04469847306609154,0.10400670766830444,0.0661853551864624,-0.04966164007782936,0.10626071691513062,0.13277274370193481,-0.04271726310253143,0.16753458976745605,0.14464935660362244,-0.033934593200683594,0.1599699854850769,0.05180665850639343,-0.04630010575056076,0.15059804916381836,0.08513510227203369,-0.04111615940928459,0.14870530366897583,0.13627642393112183,-0.0323650948703289
E,0.16103595495224,0.43901848793029785,-3.5504294260135794e-07,0.07349008321762085,0.40280473232269287,-0.024913713335990906,0.006871581077575684,0.30989962816238403,-0.03915313258767128,0.013717442750930786,0.21148329973220825,-0.05827954784035683,0.061695873737335205,0.15902924537658691,-0.07305189967155457,0.007452636957168579,0.16534921526908875,0.013110359199345112,0.0,0.050790756940841675,-0.022526582702994347,0.00037020444869995117,0.08010655641555786,-0.05071564391255379,0.010319441556930542,0.12345150113105774,-0.06469885259866714,0.0594366192817688,0.13769075274467468,0.004813977051526308,0.0526868999004364,0.0,-0.03512626513838768,0.05070790648460388,0.06239756941795349,-0.05557430908083916,0.05762428045272827,0.13523238897323608,-0.056754667311906815,0.11272400617599487,0.1315591037273407,-0.011401069350540638,0.10895144939422607,0.010524570941925049,-0.0418284609913826,0.10248613357543945,0.06563696265220642,-0.04676005244255066,0.10507810115814209,0.13331392407417297,-0.03919818252325058,0.16780126094818115,0.14444082975387573,-0.031544603407382965,0.15975910425186157,0.050166934728622437,-0.043457385152578354,0.1490786075592041,0.0820317268371582,-0.03855887055397034,0.14724040031433105,0.13309305906295776,-0.02988983690738678
E,0.16320925951004028,0.4364868104457855,-3.0448487109424605e-07,0.07634896039962769,0.39971283078193665,-0.023338934406638145,0.011837989091873169,0.30607494711875916,-0.035858944058418274,0.018259525299072266,0.21030160784721375,-0.05347372964024544,0.06258368492126465,0.1542297899723053,-0.0676155686378479,0.012823671102523804,0.16577988862991333,0.015214708633720875,0.002134352922439575,0.05602690577507019,-0.017892904579639435,0.0,0.07084330916404724,-0.04461396113038063,0.00843474268913269,0.10112014412879944,-0.058220021426677704,0.0638466477394104,0.13827380537986755,0.006226217839866877,0.0549263060092926,0.0,-0.03451978415250778,0.05128607153892517,0.058740586042404175,-0.056582726538181305,0.05750983953475952,0.13071081042289734,-0.058224692940711975,0.1163104772567749,0.13197889924049377,-0.010161916725337505,0.11215943098068237,0.01034080982208252,-0.04264890402555466,0.10465019941329956,0.06394502520561218,-0.050470948219299316,0.1076880693435669,0.131201833486557,-0.04397745802998543,0.17086273431777954,0.14439457654953003,-0.029965193942189217,0.16181325912475586,0.05002275109291077,-0.044075530022382736,0.15083712339401245,0.0813145637512207,-0.041025374084711075,0.14994442462921143,0.13279035687446594,-0.03305615484714508
E,0.16629016399383545,0.4334786534309387,-2.896763646731415e-07,0.07996094226837158,0.40007686614990234,-0.024865420535206795,0.014464139938354492,0.30719029903411865,-0.03831039369106293,0.01886633038520813,0.21043843030929565,-0.05591561645269394,0.06262069940567017,0.1517334282398224,-0.06975506246089935,0.012815654277801514,0.16703027486801147,0.010904444381594658,0.0019029080867767334,0.057581305503845215,-0.02063734084367752,0.0,0.06745946407318115,-0.045565005391836166,0.0081825852394104,0.08982336521148682,-0.05882013589143753,0.06468695402145386,0.13785803318023682,0.0025102337822318077,0.05557510256767273,0.0,-0.037788018584251404,0.05199834704399109,0.0580497682094574,-0.05802164971828461,0.05825984477996826,0.12822914123535156,-0.05864974483847618,0.11748123168945312,0.1305028200149536,-0.013001535087823868,0.11347359418869019,0.011328846216201782,-0.04508218914270401,0.1063651442527771,0.06312963366508484,-0.05130154639482498,0.10900819301605225,0.1272977590560913,-0.04423937201499939,0.1720229983329773,0.14243531227111816,-0.03203408047556877,0.16386353969573975,0.05005455017089844,-0.04657100886106491,0.15347760915756226,0.08194690942764282,-0.04298393055796623,0.1527147889137268,0.13264647126197815,-0.03482716903090477
E,0.16798213124275208,0.4316944479942322,-2.825494220815017e-07,0.0816715657711029,0.3976580500602722,-0.02143527753651142,0.016787409782409668,0.2980896234512329,-0.03162972256541252,0.02983871102333069,0.20118200778961182,-0.04672342911362648,0.08008810877799988,0.15310025215148926,-0.058261938393116,0.013093888759613037,0.16288074851036072,0.014795582741498947,0.002149254083633423,0.051754117012023926,-0.015469693578779697,0.0,0.06419509649276733,-0.03943536803126335,0.008588939905166626,0.09426248073577881,-0.05140247195959091,0.06527021527290344,0.1355302929878235,0.005931792315095663,0.05724895000457764,0.0,-0.03113097883760929,0.05398279428482056,0.05613553524017334,-0.04959901049733162,0.060528576374053955,0.1266343891620636,-0.0494563952088356,0.1183035671710968,0.1293426752090454,-0.010031633079051971,0.11512604355812073,0.01192396879196167,-0.038010258227586746,0.1080676019191742,0.06256923079490662,-0.043403513729572296,0.11087802052497864,0.12654605507850647,-0.036670222878456116,0.17284992337226868,0.14133551716804504,-0.029568694531917572,0.16521427035331726,0.05033522844314575,-0.04036494717001915,0.15458360314369202,0.08012822270393372,-0.0359761044383049,0.15323522686958313,0.12927913665771484,-0.027935031801462173
E,0.16888445615768433,0.4326367974281311,-2.6543287390268233e-07,0.08201968669891357,0.39273983240127563,-0.02021455019712448,0.0186040997505188,0.2931656241416931,-0.03041575662791729,0.029019922018051147,0.19701480865478516,-0.04596515744924545,0.07779884338378906,0.14411863684654236,-0.058147840201854706,0.014440178871154785,0.16364330053329468,0.017061298713088036,0.002611875534057617,0.05442321300506592,-0.013266392983496189,0.0,0.06245535612106323,-0.037787072360515594,0.008422046899795532,0.08656933903694153,-0.050313543528318405,0.06556844711303711,0.13642722368240356,0.007326750084757805,0.05681717395782471,0.0,-0.030903823673725128,0.05269366502761841,0.052314698696136475,-0.050939202308654785,0.05997535586357117,0.1216866672039032,-0.05155321583151817,0.1181747317314148,0.12936508655548096,-0.009409788995981216,0.11453104019165039,0.009729623794555664,-0.038982003927230835,0.10683876276016235,0.05756944417953491,-0.04575572535395622,0.11065924167633057,0.12167561054229736,-0.03925923630595207,0.17298156023025513,0.14055663347244263,-0.029534999281167984,0.16463226079940796,0.046030193567276,-0.041838712990283966,0.15359103679656982,0.07380712032318115,-0.038325510919094086,0.15270072221755981,0.12409389019012451,-0.030395058915019035
E,0.1738193929195404,0.4278811812400818,-1.9710545018369885e-07,0.087470144033432,0.39054161310195923,-0.022730596363544464,0.023787647485733032,0.2934008240699768,-0.03409774601459503,0.03206440806388855,0.19952797889709473,-0.05011565610766411,0.07952430844306946,0.14801812171936035,-0.06303293257951736,0.017234086990356445,0.1631535291671753,0.013848443515598774,0.0038867294788360596,0.05599445104598999,-0.01510742586106062,0.0,0.05105876922607422,-0.039199914783239365,0.0085715651512146,0.063762366771698,-0.05229790508747101,0.06851497292518616,0.1361592411994934,0.0052136811427772045,0.05874505639076233,0.0,-0.033713534474372864,0.05424317717552185,0.04681289196014404,-0.05486122891306877,0.061993181705474854,0.11418098211288452,-0.05663584545254707,0.12116816639900208,0.12880918383598328,-0.010224247351288795,0.11704131960868835,0.007119894027709961,-0.040785644203424454,0.10903498530387878,0.049554258584976196,-0.04956483095884323,0.11365476250648499,0.11217361688613892,-0.04469422623515129,0.1759842336177826,0.1392691731452942,-0.029130063951015472,0.16808190941810608,0.04399600625038147,-0.04329891502857208,0.15720602869987488,0.06820964813232422,-0.041942376643419266,0.15713098645210266,0.11751574277877808,-0.03562028706073761
E,0.16990938782691956,0.42804402112960815,-1.5382721585410764e-07,0.08274683356285095,0.3866470456123352,-0.02348199486732483,0.022887617349624634,0.28958654403686523,-0.03690926358103752,0.0367124080657959,0.19652581214904785,-0.05522814393043518,0.08767864108085632,0.14605757594108582,-0.07055868208408356,0.014057815074920654,0.16734635829925537,0.011325636878609657,0.0009450018405914307,0.058039575815200806,-0.02116810344159603,0.0,0.05662962794303894,-0.04807325080037117,0.011672109365463257,0.0746389627456665,-0.06241427734494209,0.06695863604545593,0.1389794945716858,0.002247623633593321,0.05742582678794861,0.0,-0.038400083780288696,0.055803507566452026,0.04432690143585205,-0.061941105872392654,0.06453004479408264,0.11175867915153503,-0.06550119072198868,0.12060120701789856,0.13073939085006714,-0.013742309994995594,0.11512932181358337,0.00652998685836792,-0.04550602287054062,0.11001399159431458,0.050520747900009155,-0.05513622611761093,0.11524638533592224,0.11612549424171448,-0.05071033537387848,0.1748025119304657,0.14078018069267273,-0.0332474522292614,0.16559556126594543,0.04589420557022095,-0.04811582341790199,0.156592458486557,0.07239559292793274,-0.04682143032550812,0.156728595495224,0.12372094392776489,-0.040431730449199677
E,0.17359450459480286,0.42942100763320923,-1.7711499822326005e-07,0.08942434191703796,0.3912033438682556,-0.023006079718470573,0.028628438711166382,0.29753953218460083,-0.035446181893348694,0.031527429819107056,0.20244956016540527,-0.052383698523044586,0.07056131958961487,0.1408531665802002,-0.06651028245687485,0.02151903510093689,0.16841894388198853,0.011449302546679974,0.005351513624191284,0.06439867615699768,-0.018874764442443848,0.0,0.05403149127960205,-0.043393537402153015,0.008541017770767212,0.059580087661743164,-0.05673670768737793,0.07179799675941467,0.13915866613388062,0.002184698823839426,0.06128916144371033,0.0,-0.03883124142885208,0.05620500445365906,0.044934093952178955,-0.06017206236720085,0.0638505220413208,0.1122383177280426,-0.06140846759080887,0.12345495820045471,0.1304333209991455,-0.01372472383081913,0.11859682202339172,0.007811129093170166,-0.04690512642264366,0.1107046902179718,0.051266252994537354,-0.05449507012963295,0.11558529734611511,0.11407053470611572,-0.04787184298038483,0.1769104301929474,0.1406019926071167,-0.03297451138496399,0.1677354872226715,0.04555824398994446,-0.049247510731220245,0.15765807032585144,0.06950592994689941,-0.04718087241053581,0.15822657942771912,0.11840206384658813,-0.03959640488028526
E,0.17329877614974976,0.43056827783584595,-1.322008245097095e-07,0.08694922924041748,0.39183616638183594,-0.022871093824505806,0.025183886289596558,0.29373735189437866,-0.03507503122091293,0.03761112689971924,0.20214658975601196,-0.05234839394688606,0.08974742889404297,0.1585773527622223,-0.06726965308189392,0.018934249877929688,0.16792213916778564,0.011680420488119125,0.0046427249908447266,0.060520291328430176,-0.017699506133794785,0.0,0.05039161443710327,-0.042239610105752945,0.0076663196086883545,0.05724751949310303,-0.05595586448907852,0.07013487815856934,0.14068612456321716,0.002134916139766574,0.0604424774646759,0.0,-0.03841715678572655,0.056186944246292114,0.045694559812545776,-0.06060640886425972,0.06354013085365295,0.11427906155586243,-0.062480758875608444,0.12214106321334839,0.1325950026512146,-0.013911750167608261,0.11737406253814697,0.006607770919799805,-0.04569092392921448,0.110157310962677,0.05221068859100342,-0.05488971993327141,0.11562347412109375,0.11886033415794373,-0.04946650564670563,0.17600011825561523,0.14251381158828735,-0.03346286341547966,0.16688519716262817,0.04671037197113037,-0.048342254012823105,0.15661829710006714,0.07151967287063599,-0.04711562767624855,0.15759247541427612,0.12291154265403748,-0.04048958048224449
E,0.17369583249092102,0.4325610399246216,-1.8949720015370985e-07,0.08567926287651062,0.39720892906188965,-0.02227146551012993,0.022036224603652954,0.29964303970336914,-0.033955976366996765,0.032423585653305054,0.20614778995513916,-0.0509025938808918,0.08402058482170105,0.1636468768119812,-0.06524904072284698,0.01827836036682129,0.1655547320842743,0.012960879132151604,0.0058058202266693115,0.05809018015861511,-0.016477541998028755,0.0,0.05817770957946777,-0.04074499383568764,0.005618572235107422,0.07313555479049683,-0.053999193012714386,0.06982454657554626,0.13835957646369934,0.002988290973007679,0.06256723403930664,0.0,-0.03615555167198181,0.05684614181518555,0.04837542772293091,-0.057129472494125366,0.06329762935638428,0.11708188056945801,-0.05848591402173042,0.12206223607063293,0.1312800943851471,-0.01369869988411665,0.11840888857841492,0.009349822998046875,-0.04416409507393837,0.11021509766578674,0.05656832456588745,-0.05273691192269325,0.11538305878639221,0.12325781583786011,-0.04716334491968155,0.17650696635246277,0.1419217586517334,-0.033967524766922,0.16679081320762634,0.04515087604522705,-0.04749734327197075,0.15449461340904236,0.07089710235595703,-0.04557407647371292,0.1544506847858429,0.12466225028038025,-0.03866475075483322
E,0.17538341879844666,0.4337196350097656,-1.807289038424642e-07,0.08550605177879333,0.39779359102249146,-0.022608861327171326,0.022971004247665405,0.2988840341567993,-0.03413550928235054,0.03387343883514404,0.20373111963272095,-0.050760943442583084,0.08420524001121521,0.1641286015510559,-0.0649162009358406,0.018034160137176514,0.16553035378456116,0.013038347475230694,0.00615653395652771,0.057655513286590576,-0.015503870323300362,0.0,0.05678972601890564,-0.04043310135602951,0.005512624979019165,0.07129353284835815,-0.054822199046611786,0.0691322386264801,0.13845235109329224,0.003215464996173978,0.06265714764595032,0.0,-0.03457555174827576,0.05566570162773132,0.04231137037277222,-0.05737792328000069,0.06173911690711975,0.10726761817932129,-0.06137022376060486,0.12097963690757751,0.13133037090301514,-0.013202862814068794,0.11867818236351013,0.008302688598632812,-0.04263809695839882,0.1089344322681427,0.049447834491729736,-0.05425753816962242,0.1143936812877655,0.1139805018901825,-0.05188506469130516,0.17583158612251282,0.14195549488067627,-0.033271998167037964,0.1662100851535797,0.04540693759918213,-0.04698324203491211,0.152769535779953,0.06680852174758911,-0.04749840125441551,0.15343806147575378,0.11958271265029907,-0.04305502027273178
E,0.17295998334884644,0.43629205226898193,-2.121068263249981e-07,0.08418941497802734,0.40028393268585205,-0.019715996459126472,0.02301698923110962,0.2959557771682739,-0.029117034748196602,0.03922551870346069,0.20494145154953003,-0.0444355383515358,0.09075093269348145,0.17322543263435364,-0.05753684788942337,0.017996281385421753,0.1668057143688202,0.014334848150610924,0.005340397357940674,0.05588233470916748,-0.014189541339874268,0.0,0.06235659122467041,-0.03805921599268913,0.0066070556640625,0.08360642194747925,-0.05123218894004822,0.06947457790374756,0.14023545384407043,0.00306457607075572,0.06312006711959839,0.0,-0.033764299005270004,0.0561482310295105,0.047513604164123535,-0.054657693952322006,0.06259465217590332,0.11465445160865784,-0.057032424956560135,0.12150990962982178,0.13366833329200745,-0.014756760559976101,0.11764585971832275,0.009570598602294922,-0.04200752079486847,0.10857480764389038,0.056308865547180176,-0.05089203640818596,0.11503243446350098,0.12136819958686829,-0.046993523836135864,0.17588043212890625,0.14502093195915222,-0.03625040501356125,0.1661287546157837,0.04761040210723877,-0.04714061692357063,0.1525551676750183,0.07339245080947876,-0.04521200805902481,0.15337282419204712,0.126501202583313,-0.03952737897634506
E,0.1768072247505188,0.4335966110229492,-1.56194857936498e-07,0.08682602643966675,0.3963676691055298,-0.023175587877631187,0.025654077529907227,0.2952658534049988,-0.034892093390226364,0.039951860904693604,0.20102518796920776,-0.051865577697753906,0.09468680620193481,0.16494399309158325,-0.06669885665178299,0.021609842777252197,0.1670142412185669,0.012165655381977558,0.007726550102233887,0.061183929443359375,-0.015934687107801437,0.0,0.058407485485076904,-0.04040561616420746,0.00580945611000061,0.06945949792861938,-0.054745402187108994,0.07205343246459961,0.13962149620056152,0.002424700418487191,0.06435146927833557,0.0,-0.03440320864319801,0.05550476908683777,0.0418093204498291,-0.05608906224370003,0.061829715967178345,0.10578078031539917,-0.05961756780743599,0.12358260154724121,0.1323167383670807,-0.013950344175100327,0.11963987350463867,0.004783451557159424,-0.042625587433576584,0.10792309045791626,0.04790070652961731,-0.05301240459084511,0.11388230323791504,0.11349579691886902,-0.05005394294857979,0.17823100090026855,0.14292606711387634,-0.03415501117706299,0.16874384880065918,0.04367130994796753,-0.0467802956700325,0.1536770462989807,0.06677526235580444,-0.046210482716560364,0.15432208776474,0.1213909387588501,-0.04137051850557327
E,0.1755240559577942,0.4357014298439026,-1.9588098609801818e-07,0.08722996711730957,0.40051066875457764,-0.02142949402332306,0.027261316776275635,0.30162477493286133,-0.0329044945538044,0.04067981243133545,0.20968151092529297,-0.04982709512114525,0.08702415227890015,0.1640612781047821,-0.06416105479001999,0.020809829235076904,0.17110282182693481,0.011215629056096077,0.007893413305282593,0.058233827352523804,-0.01960543543100357,0.0,0.06490370631217957,-0.045351479202508926,0.0043652355670928955,0.08989256620407104,-0.05923379957675934,0.0710068941116333,0.14384174346923828,0.0006008933996781707,0.06386137008666992,0.0,-0.03617292642593384,0.05496987700462341,0.04198276996612549,-0.05867726728320122,0.06003314256668091,0.10759943723678589,-0.0631265863776207,0.122261643409729,0.1369786560535431,-0.016579989343881607,0.11803549528121948,0.00813215970993042,-0.04467734694480896,0.1076861023902893,0.05170160531997681,-0.05502552539110184,0.11326056718826294,0.11701220273971558,-0.052691273391246796,0.1765318512916565,0.14890235662460327,-0.037380557507276535,0.16815173625946045,0.05048471689224243,-0.05045696720480919,0.15396690368652344,0.07297632098197937,-0.050016239285469055,0.15409022569656372,0.12550869584083557,-0.04524165019392967
E,0.1775430142879486,0.4379439651966095,-2.0266772082777607e-07,0.08913710713386536,0.40232548117637634,-0.024152256548404694,0.029447227716445923,0.30290254950523376,-0.037708986550569534,0.043387800455093384,0.2094312608242035,-0.056232016533613205,0.09322986006736755,0.1663193702697754,-0.07186715304851532,0.023603886365890503,0.16968533396720886,0.008278252556920052,0.010535746812820435,0.05758652091026306,-0.02474711835384369,0.0,0.06680327653884888,-0.052044108510017395,0.0037321150302886963,0.09440082311630249,-0.06674384325742722,0.07404741644859314,0.1426803171634674,-0.0014166745822876692,0.06764483451843262,0.0,-0.03978383541107178,0.055736392736434937,0.041400521993637085,-0.06257826089859009,0.06033909320831299,0.10636082291603088,-0.06721080839633942,0.12559720873832703,0.13638272881507874,-0.01804998703300953,0.12212970852851868,0.008931398391723633,-0.04734402149915695,0.10919126868247986,0.0513530969619751,-0.058153703808784485,0.11453261971473694,0.11611592769622803,-0.05600197985768318,0.17996516823768616,0.14856812357902527,-0.038606975227594376,0.1710168421268463,0.05176761746406555,-0.05205202102661133,0.15556827187538147,0.07352310419082642,-0.05213497206568718,0.15615704655647278,0.12566232681274414,-0.04778510704636574
E,0.18017089366912842,0.4363738000392914,-2.3224671963362198e-07,0.09364229440689087,0.40090635418891907,-0.022359544411301613,0.03447610139846802,0.30494382977485657,-0.03546490892767906,0.044071704149246216,0.2129327356815338,-0.05360718071460724,0.08525657653808594,0.15671372413635254,-0.06871278584003448,0.02919745445251465,0.17396163940429688,0.007814383134245872,0.01323312520980835,0.06086689233779907,-0.026209449395537376,0.0,0.07327395677566528,-0.05404333397746086,0.003075212240219116,0.10596084594726562,-0.06854359805583954,0.07748699188232422,0.1459370255470276,-0.002350864000618458,0.06816411018371582,0.0,-0.039072562009096146,0.052921026945114136,0.03678545355796814,-0.06215191259980202,0.05591157078742981,0.09915199875831604,-0.06807520240545273,0.12724441289901733,0.13895004987716675,-0.019154490903019905,0.12159323692321777,0.005685240030288696,-0.047606438398361206,0.10690867900848389,0.045442134141922,-0.057874925434589386,0.11145395040512085,0.10921722650527954,-0.05643928050994873,0.18015724420547485,0.15161284804344177,-0.0395536832511425,0.1698586344718933,0.05345067381858826,-0.05345446243882179,0.1543601155281067,0.07367828488349915,-0.05300081893801689,0.15508931875228882,0.12419861555099487,-0.048533860594034195
E,0.17980781197547913,0.43235960602760315,-1.0879159617616097e-07,0.09221908450126648,0.395701140165329,-0.02365838550031185,0.033358097076416016,0.29857006669044495,-0.034842707216739655,0.044291913509368896,0.2054111659526825,-0.05039900913834572,0.08524170517921448,0.14700216054916382,-0.06384512782096863,0.023999840021133423,0.1717895269393921,0.010079718194901943,0.00909721851348877,0.06912225484848022,-0.017494376748800278,0.0,0.06244426965713501,-0.04277472943067551,0.003987818956375122,0.07185369729995728,-0.058146145194768906,0.0741950273513794,0.14323171973228455,0.0011277293087914586,0.06425356864929199,0.0,-0.033193618059158325,0.053386807441711426,0.023865461349487305,-0.05879921838641167,0.05839267373085022,0.0758330225944519,-0.06775873899459839,0.12537720799446106,0.1357671320438385,-0.013930687680840492,0.11894521117210388,0.0062396228313446045,-0.04274558648467064,0.10568782687187195,0.039844512939453125,-0.05811142548918724,0.11118826270103455,0.100531667470932,-0.06051059439778328,0.17969796061515808,0.1478930115699768,-0.03235388547182083,0.16875538229942322,0.05090087652206421,-0.04861806705594063,0.15355989336967468,0.06789058446884155,-0.05214044824242592,0.15435776114463806,0.11704465746879578,-0.050807561725378036
E,0.1787438988685608,0.4279704689979553,-6.315470102435938e-08,0.09243261814117432,0.390957772731781,-0.025209536775946617,0.0367906391620636,0.2935348153114319,-0.03691556677222252,0.05071118474006653,0.19833749532699585,-0.052292924374341965,0.09007960557937622,0.13890647888183594,-0.06566665321588516,0.02125614881515503,0.16965609788894653,0.00932711735367775,0.008119344711303711,0.07231849431991577,-0.016409652307629585,0.0,0.06065261363983154,-0.04110337421298027,0.003825843334197998,0.06244492530822754,-0.05693932995200157,0.07167187333106995,0.14033693075180054,0.0015531146200373769,0.06169271469116211,0.0,-0.03203874081373215,0.05183631181716919,0.01941162347793579,-0.0581684447824955,0.056965768337249756,0.06705868244171143,-0.06799112260341644,0.12325811386108398,0.13186824321746826,-0.012217573821544647,0.1163792610168457,0.0034471750259399414,-0.041156619787216187,0.10422635078430176,0.03489917516708374,-0.057777613401412964,0.11012482643127441,0.09395581483840942,-0.06113414093852043,0.17827999591827393,0.14272716641426086,-0.02939216047525406,0.16751700639724731,0.04537481069564819,-0.04673443362116814,0.1527172327041626,0.06096583604812622,-0.05186183378100395,0.1530756950378418,0.10908859968185425,-0.05165942758321762
E,0.18059858679771423,0.4263879060745239,-4.198119896159369e-08,0.09660682082176208,0.39344537258148193,-0.02557409182190895,0.04187306761741638,0.2976893186569214,-0.037157442420721054,0.051269203424453735,0.20209217071533203,-0.05235898122191429,0.08624306321144104,0.1414983570575714,-0.06553984433412552,0.02552703022956848,0.17149412631988525,0.0076285130344331264,0.007935017347335815,0.07308071851730347,-0.01866818778216839,0.0,0.05799862742424011,-0.04349314048886299,0.006056278944015503,0.06029045581817627,-0.058903295546770096,0.07464447617530823,0.14037325978279114,6.148288230178878e-05,0.06251317262649536,0.0,-0.032678354531526566,0.05259695649147034,0.017131388187408447,-0.057930320501327515,0.059492290019989014,0.06536957621574402,-0.06727147102355957,0.1255931556224823,0.1313108205795288,-0.01345120556652546,0.11733552813529968,0.0015149414539337158,-0.04126059636473656,0.10510697960853577,0.032806187868118286,-0.05641259625554085,0.11312428116798401,0.09181457757949829,-0.059243910014629364,0.17978176474571228,0.1429547369480133,-0.03050943836569786,0.16891130805015564,0.045734286308288574,-0.04718063026666641,0.15387973189353943,0.06257897615432739,-0.051201269030570984,0.15615889430046082,0.11203104257583618,-0.050212081521749496
E,0.18210160732269287,0.4275917112827301,-6.782215677958447e-08,0.09880375862121582,0.39741912484169006,-0.0259298924356699,0.04260212182998657,0.2999812662601471,-0.036765675991773605,0.05131518840789795,0.20123490691184998,-0.051139529794454575,0.08672213554382324,0.13926512002944946,-0.06305714696645737,0.025682568550109863,0.17467579245567322,0.007519401144236326,0.008648097515106201,0.07332322001457214,-0.018419809639453888,0.0,0.059374839067459106,-0.04192746803164482,0.005484819412231445,0.061751753091812134,-0.056311216205358505,0.07415473461151123,0.1428242325782776,0.0004189827595837414,0.06205481290817261,0.0,-0.032484978437423706,0.05247354507446289,0.022822588682174683,-0.055515043437480927,0.060156792402267456,0.07444041967391968,-0.06250547617673874,0.12447798252105713,0.13312631845474243,-0.012716435827314854,0.11578452587127686,0.0016588866710662842,-0.03994327038526535,0.10374540090560913,0.035905689001083374,-0.05208927392959595,0.11222147941589355,0.09468725323677063,-0.052489493042230606,0.1780053973197937,0.1441163420677185,-0.02956036664545536,0.16662836074829102,0.04495364427566528,-0.044926613569259644,0.15043407678604126,0.061778366565704346,-0.04701128602027893,0.15180176496505737,0.1099805235862732,-0.04447927698493004
E,0.18156570196151733,0.4232982397079468,-9.602752371051793e-09,0.09781241416931152,0.39268720149993896,-0.027512790635228157,0.04333654046058655,0.2977898120880127,-0.03900972008705139,0.0524897575378418,0.19839167594909668,-0.0533243753015995,0.08141589164733887,0.12872162461280823,-0.0652463510632515,0.02258908748626709,0.17021262645721436,0.0075020696967840195,0.005364179611206055,0.07080957293510437,-0.015676390379667282,0.0,0.04997068643569946,-0.03866759315133095,0.007022678852081299,0.044904232025146484,-0.053731925785541534,0.07156053185462952,0.13752108812332153,0.0020624601747840643,0.05720433592796326,0.00178450345993042,-0.02657761611044407,0.05089402198791504,0.01287543773651123,-0.0509926900267601,0.05900260806083679,0.05210673809051514,-0.0616341307759285,0.1221306324005127,0.12740576267242432,-0.009331260807812214,0.11054927110671997,0.0,-0.03477397933602333,0.10170221328735352,0.029225289821624756,-0.04928970709443092,0.11132913827896118,0.08465218544006348,-0.053034305572509766,0.17635506391525269,0.13727977871894836,-0.024357642978429794,0.16398537158966064,0.0380326509475708,-0.0406600721180439,0.14948177337646484,0.053920358419418335,-0.04475504532456398,0.15107691287994385,0.10227847099304199,-0.04432118311524391
E,0.18170595169067383,0.42184412479400635,7.75505082373229e-09,0.09625327587127686,0.3916280269622803,-0.028421269729733467,0.043414682149887085,0.29471421241760254,-0.04062149301171303,0.06060183048248291,0.19557976722717285,-0.055677421391010284,0.10075831413269043,0.13881728053092957,-0.06833253055810928,0.023197025060653687,0.16879016160964966,0.006473717279732227,0.005347907543182373,0.06728476285934448,-0.01814650185406208,0.0,0.05144587159156799,-0.041637107729911804,0.008988410234451294,0.0529404878616333,-0.05641068518161774,0.07162141799926758,0.13624581694602966,0.0012883007293567061,0.055831700563430786,0.0005042850971221924,-0.027792898938059807,0.04950064420700073,0.014343500137329102,-0.051402509212493896,0.060081154108047485,0.05565071105957031,-0.06085711345076561,0.12203401327133179,0.12613683938980103,-0.010160736739635468,0.10930740833282471,0.0,-0.035291969776153564,0.10055595636367798,0.029507964849472046,-0.04940793663263321,0.11200803518295288,0.08348596096038818,-0.05248033627867699,0.1762945055961609,0.13550212979316711,-0.02554198168218136,0.16413724422454834,0.035900622606277466,-0.040993332862854004,0.149813711643219,0.05170333385467529,-0.044695500284433365,0.15281003713607788,0.09980815649032593,-0.04383908212184906
E,0.18197640776634216,0.4202502965927124,-3.7766675120565196e-08,0.09804919362068176,0.3895392417907715,-0.025139758363366127,0.044973134994506836,0.30004918575286865,-0.03657091408967972,0.05812513828277588,0.20349788665771484,-0.0513775460422039,0.08987829089164734,0.13759645819664001,-0.06408190727233887,0.023144811391830444,0.16873237490653992,0.00910292100161314,0.004122257232666016,0.06906959414482117,-0.014654175378382206,0.0,0.05182152986526489,-0.03806314617395401,0.009198307991027832,0.05121168494224548,-0.05299580097198486,0.07091343402862549,0.13567975163459778,0.0024545062333345413,0.05444931983947754,0.0006692409515380859,-0.02618223801255226,0.050281137228012085,0.0165560245513916,-0.05016094073653221,0.060748666524887085,0.059758543968200684,-0.060003772377967834,0.12094059586524963,0.12497448921203613,-0.01004183478653431,0.10730573534965515,0.0,-0.03495864197611809,0.10001268982887268,0.03080064058303833,-0.04849639907479286,0.11052629351615906,0.08521470427513123,-0.05138925835490227,0.17550048232078552,0.13518857955932617,-0.026051197201013565,0.16217383742332458,0.0357397198677063,-0.04191230610013008,0.14870604872703552,0.052698105573654175,-0.04506799951195717,0.1507444679737091,0.10021710395812988,-0.04373364895582199
E,0.18216153979301453,0.42100992798805237,-7.117611744433816e-08,0.09844031929969788,0.39125964045524597,-0.02436305209994316,0.045137256383895874,0.2995058000087738,-0.03553931042551994,0.062040895223617554,0.2028329074382782,-0.05018477141857147,0.10019287467002869,0.14283043146133423,-0.06257744133472443,0.023405849933624268,0.16797178983688354,0.008976970799267292,0.005556285381317139,0.06633260846138,-0.015020029619336128,0.0,0.057182490825653076,-0.03798443078994751,0.007688343524932861,0.06425252556800842,-0.05229063704609871,0.07135894894599915,0.13596779108047485,0.0020068385638296604,0.05572208762168884,0.0,-0.026219170540571213,0.050079792737960815,0.02011430263519287,-0.04864191636443138,0.059542834758758545,0.06525623798370361,-0.057209860533475876,0.12155517935752869,0.12607654929161072,-0.010875672101974487,0.10863950848579407,0.0015340149402618408,-0.035183608531951904,0.10077008605003357,0.03446337580680847,-0.04759034514427185,0.11020347476005554,0.08852031826972961,-0.049705080687999725,0.176120787858963,0.1366036832332611,-0.027262834832072258,0.16336902976036072,0.037442147731781006,-0.0419342927634716,0.14989396929740906,0.056774288415908813,-0.043975263833999634,0.1516183316707611,0.10481640696525574,-0.04205487668514252
E,0.18245252966880798,0.41966843605041504,-1.0017181040211653e-07,0.0989595353603363,0.38948220014572144,-0.023415355011820793,0.046599239110946655,0.3018091320991516,-0.03474009409546852,0.06071704626083374,0.20725703239440918,-0.049851808696985245,0.092383474111557,0.14334115386009216,-0.06278886646032333,0.02325671911239624,0.16525405645370483,0.010814394801855087,0.0051157474517822266,0.06456926465034485,-0.014038298279047012,0.0,0.054813504219055176,-0.0381811186671257,0.007205277681350708,0.06146237254142761,-0.0530480295419693,0.07153859734535217,0.13360369205474854,0.0031679943203926086,0.05567532777786255,0.0,-0.026084529235959053,0.05101671814918518,0.020030975341796875,-0.04994409158825874,0.06095036864280701,0.06470465660095215,-0.05940430983901024,0.12221178412437439,0.12302058935165405,-0.010440923273563385,0.1098422110080719,0.0012753009796142578,-0.035705532878637314,0.1023610532283783,0.0346280038356781,-0.04891667142510414,0.11119404435157776,0.08874154090881348,-0.051360104233026505,0.17754027247428894,0.13233071565628052,-0.027419276535511017,0.16461756825447083,0.03343722224235535,-0.042471371591091156,0.15158137679100037,0.053963035345077515,-0.04462125897407532,0.1526264250278473,0.10237082839012146,-0.04261678829789162
E,0.1815727949142456,0.41783562302589417,-4.965565736370081e-08,0.09741801023483276,0.3859159052371979,-0.023393038660287857,0.04552340507507324,0.2996580898761749,-0.034284863620996475,0.05818590521812439,0.2048654854297638,-0.04860750958323479,0.08785134553909302,0.13900506496429443,-0.06112774461507797,0.021828830242156982,0.166329026222229,0.011286287568509579,0.00427594780921936,0.0712595283985138,-0.010350117459893227,0.0,0.05221650004386902,-0.03327137976884842,0.006660729646682739,0.04666605591773987,-0.04867694899439812,0.07033613324165344,0.13397997617721558,0.004078037105500698,0.054404884576797485,0.0026314854621887207,-0.022995105013251305,0.05018839240074158,0.015326648950576782,-0.047502804547548294,0.05864629149436951,0.0538630485534668,-0.058491338044404984,0.12099611759185791,0.1227467954158783,-0.008659955114126205,0.10869866609573364,0.0,-0.0330103300511837,0.10179167985916138,0.027935683727264404,-0.047772977501153946,0.11009883880615234,0.07997626066207886,-0.051855865865945816,0.17624002695083618,0.13164502382278442,-0.024589719250798225,0.16304290294647217,0.033253371715545654,-0.03996638208627701,0.15069741010665894,0.04948604106903076,-0.043291013687849045,0.1515401005744934,0.09539768099784851,-0.0423399843275547
E,0.18104401230812073,0.41578954458236694,-2.523175268720479e-08,0.0974021852016449,0.38509464263916016,-0.024375010281801224,0.04571795463562012,0.2974722385406494,-0.03501323610544205,0.061007022857666016,0.2014986276626587,-0.04887271672487259,0.09456858038902283,0.13940826058387756,-0.06066988408565521,0.02124384045600891,0.1646977663040161,0.011121277697384357,0.003882288932800293,0.06831085681915283,-0.010580332018435001,0.0,0.049373745918273926,-0.03326106071472168,0.007841736078262329,0.04671502113342285,-0.048149026930332184,0.06986352801322937,0.1322641372680664,0.0046707806177437305,0.05356884002685547,0.002234816551208496,-0.02245449274778366,0.048717349767684937,0.014387190341949463,-0.04634144902229309,0.058009207248687744,0.05407258868217468,-0.056451451033353806,0.12071523070335388,0.12120509147644043,-0.00753320986405015,0.10851678252220154,0.0,-0.0316360667347908,0.10144492983818054,0.026906490325927734,-0.04600290209054947,0.11088284850120544,0.07827156782150269,-0.0495326928794384,0.17607882618904114,0.13009187579154968,-0.023140672594308853,0.16333147883415222,0.03287696838378906,-0.03822516277432442,0.15071913599967957,0.048063069581985474,-0.04151994362473488,0.152217298746109,0.09340429306030273,-0.0403752438724041
E,0.1809411644935608,0.41288191080093384,-1.9803794160111465e-08,0.09779870510101318,0.38258326053619385,-0.02423415333032608,0.047228485345840454,0.2944665551185608,-0.03524722158908844,0.06338489055633545,0.19923746585845947,-0.049497656524181366,0.09909981489181519,0.13937222957611084,-0.061768367886543274,0.021372705698013306,0.1645185351371765,0.009652276523411274,0.0031798481941223145,0.06750333309173584,-0.012555382214486599,0.0,0.04817652702331543,-0.035464413464069366,0.009103745222091675,0.04650557041168213,-0.05041848123073578,0.06971350312232971,0.13201674818992615,0.003112145932391286,0.053191930055618286,0.0020630955696105957,-0.023627333343029022,0.04944884777069092,0.01376315951347351,-0.04748541861772537,0.05912324786186218,0.053983867168426514,-0.05800887569785118,0.12033557891845703,0.12117302417755127,-0.009089961647987366,0.10780692100524902,0.0,-0.032819971442222595,0.10119205713272095,0.02646803855895996,-0.04778400808572769,0.1103559136390686,0.07834899425506592,-0.05214102193713188,0.17549186944961548,0.13027334213256836,-0.02464280277490616,0.16351181268692017,0.03252816200256348,-0.03987087681889534,0.15108299255371094,0.04724055528640747,-0.043945979326963425,0.15206313133239746,0.09318488836288452,-0.043602243065834045
E,0.1805500090122223,0.41420555114746094,-3.05473228934261e-08,0.09833112359046936,0.3843004107475281,-0.022048650309443474,0.04749363660812378,0.2941009998321533,-0.03177451342344284,0.06268000602722168,0.19919860363006592,-0.04523127153515816,0.09936580061912537,0.14273342490196228,-0.056920647621154785,0.022615104913711548,0.16427966952323914,0.01148383691906929,0.003675699234008789,0.06587103009223938,-0.010356358252465725,0.0,0.04655832052230835,-0.03305036574602127,0.008149653673171997,0.04719987511634827,-0.04761640727519989,0.0706632137298584,0.13240736722946167,0.004047115333378315,0.05393943190574646,0.002910315990447998,-0.02227143943309784,0.04971599578857422,0.01413428783416748,-0.04557401314377785,0.058604031801223755,0.055610984563827515,-0.05556034669280052,0.12148341536521912,0.12166780233383179,-0.008934756740927696,0.10927662253379822,0.0,-0.03255245462059975,0.10217782855033875,0.027478039264678955,-0.04721754044294357,0.11060252785682678,0.0810781717300415,-0.05121740326285362,0.1767323911190033,0.13043707609176636,-0.025077935308218002,0.1646415889263153,0.03334462642669678,-0.04021680727601051,0.1523664891719818,0.04967856407165527,-0.04388730973005295,0.15338799357414246,0.09692442417144775,-0.04311400651931763
E,0.17970922589302063,0.4135626554489136,-2.9414648494707762e-08,0.09793135523796082,0.3849371671676636,-0.023988137021660805,0.04588112235069275,0.2951129674911499,-0.03509882465004921,0.06304627656936646,0.19802284240722656,-0.04949318990111351,0.10232695937156677,0.1407562494277954,-0.06205734238028526,0.022137463092803955,0.1651129126548767,0.0077949948608875275,0.003708362579345703,0.0668843686580658,-0.015462487936019897,0.0,0.04846486449241638,-0.03847094252705574,0.008460372686386108,0.050305455923080444,-0.05300508067011833,0.0699644386768341,0.1322925090789795,0.0009876907570287585,0.05339619517326355,0.0013220906257629395,-0.0264699999243021,0.04942828416824341,0.013112455606460571,-0.04932883754372597,0.05867964029312134,0.05577880144119263,-0.05865364149212837,0.12047633528709412,0.12161320447921753,-0.01145306695252657,0.10807254910469055,0.0,-0.035971686244010925,0.10145393013954163,0.02750188112258911,-0.05001755803823471,0.10961541533470154,0.08127006888389587,-0.05324867367744446,0.17530754208564758,0.13120532035827637,-0.02720140665769577,0.16243323683738708,0.03377479314804077,-0.04291592910885811,0.15117010474205017,0.04812270402908325,-0.04638927802443504,0.15268239378929138,0.0940248966217041,-0.04529396444559097
E,0.18179869651794434,0.4126773178577423,-3.251710722906864e-08,0.10013419389724731,0.38318130373954773,-0.023925287649035454,0.0489535927772522,0.29552510380744934,-0.034322384744882584,0.06290987133979797,0.19952622056007385,-0.04775753244757652,0.09507334232330322,0.1373685598373413,-0.05920248478651047,0.021167993545532227,0.16367679834365845,0.010474743321537971,0.0023750662803649902,0.06623333692550659,-0.010639562271535397,0.0,0.046838968992233276,-0.03294485807418823,0.008335769176483154,0.04489070177078247,-0.04755675047636032,0.06926581263542175,0.131465882062912,0.0042304787784814835,0.05078589916229248,0.002997666597366333,-0.02095792442560196,0.04833221435546875,0.013238966464996338,-0.04423176869750023,0.058098673820495605,0.05209392309188843,-0.05462570860981941,0.12031489610671997,0.12048467993736267,-0.007606255356222391,0.106242835521698,0.0,-0.030203308910131454,0.10105389356613159,0.025016427040100098,-0.044586751610040665,0.10992121696472168,0.07531881332397461,-0.048944905400276184,0.17619866132736206,0.129154235124588,-0.022750044241547585,0.1627715826034546,0.03175634145736694,-0.03740505874156952,0.1520715355873108,0.047379523515701294,-0.04087310656905174,0.15371811389923096,0.09282651543617249,-0.040244732052087784
E,0.18355050683021545,0.41046926379203796,-7.354685305216435e-09,0.09925320744514465,0.38117191195487976,-0.022169383242726326,0.046878039836883545,0.29183146357536316,-0.031363364309072495,0.06305480003356934,0.19378098845481873,-0.04387824982404709,0.10054031014442444,0.1366947591304779,-0.054579101502895355,0.021528661251068115,0.16193920373916626,0.012712294235825539,0.0018597245216369629,0.06681361794471741,-0.006623018998652697,0.0,0.04540631175041199,-0.02792370691895485,0.008717983961105347,0.04278382658958435,-0.042076028883457184,0.06989935040473938,0.1283877193927765,0.006177069153636694,0.04907873272895813,0.005990922451019287,-0.016252033412456512,0.04688432812690735,0.008410155773162842,-0.03855545446276665,0.05677708983421326,0.04093262553215027,-0.04919099435210228,0.12093660235404968,0.11681193113327026,-0.005884731654077768,0.1052381694316864,0.0,-0.026965176686644554,0.10125520825386047,0.021003752946853638,-0.04108540341258049,0.11054286360740662,0.06942909955978394,-0.0456419438123703,0.1765318214893341,0.12444055080413818,-0.021184474229812622,0.16255834698677063,0.0280897319316864,-0.035265423357486725,0.15280744433403015,0.03960803151130676,-0.03865925222635269,0.1548117697238922,0.08187839388847351,-0.03804847598075867
E,0.18448185920715332,0.4101411700248718,-1.9377534243858463e-08,0.10088014602661133,0.379574716091156,-0.019583923742175102,0.04972490668296814,0.29519712924957275,-0.02791197970509529,0.06260737776756287,0.20086008310317993,-0.04020203277468681,0.09355282783508301,0.13902899622917175,-0.050831444561481476,0.02147287130355835,0.1639775037765503,0.016108239069581032,0.0010797381401062012,0.07007467746734619,-0.004026578739285469,0.0,0.047577083110809326,-0.026254428550601006,0.009549051523208618,0.04488062858581543,-0.04057003930211067,0.06867006421089172,0.12984362244606018,0.008429116569459438,0.04671090841293335,0.00564342737197876,-0.014867507852613926,0.0472072958946228,0.011774510145187378,-0.03838445991277695,0.059221357107162476,0.04856857657432556,-0.049177031964063644,0.11963242292404175,0.11625409126281738,-0.004568004980683327,0.10342681407928467,0.0,-0.025932107120752335,0.1008063554763794,0.02501899003982544,-0.040105585008859634,0.11140936613082886,0.07547017931938171,-0.04429292678833008,0.17628425359725952,0.12271329760551453,-0.0205434188246727,0.16224342584609985,0.02636447548866272,-0.03471812233328819,0.15272873640060425,0.04288175702095032,-0.03770862892270088,0.15505141019821167,0.08908224105834961,-0.03642468899488449
E,0.18649142980575562,0.41038352251052856,-7.296012682900255e-08,0.10391122102737427,0.38454222679138184,-0.020667292177677155,0.049439460039138794,0.2985832095146179,-0.030050599947571754,0.06190222501754761,0.20239055156707764,-0.043152570724487305,0.09393703937530518,0.1394519805908203,-0.05426444113254547,0.02292683720588684,0.16416025161743164,0.011666067875921726,0.0012958347797393799,0.06676635146141052,-0.010952738113701344,0.0,0.05143195390701294,-0.03357313573360443,0.010115832090377808,0.05795854330062866,-0.047237664461135864,0.07009649276733398,0.1293170154094696,0.00414190674200654,0.04837000370025635,0.003428637981414795,-0.020664483308792114,0.049694180488586426,0.016369163990020752,-0.04234807565808296,0.06160610914230347,0.059036046266555786,-0.05117110162973404,0.1211388111114502,0.1162378191947937,-0.008853128179907799,0.1044432520866394,0.0,-0.030773557722568512,0.10358500480651855,0.03010106086730957,-0.0419660285115242,0.11406546831130981,0.08250084519386292,-0.043850503861904144,0.1773117184638977,0.12372303009033203,-0.024991299957036972,0.163720965385437,0.027644962072372437,-0.038873035460710526,0.1556987762451172,0.046848177909851074,-0.03996424376964569,0.15814214944839478,0.09295636415481567,-0.03721509873867035
E,0.18752652406692505,0.41043931245803833,-8.021392261525762e-08,0.10548096895217896,0.3862375020980835,-0.021337134763598442,0.05013841390609741,0.30012714862823486,-0.03149428218603134,0.06012415885925293,0.2031511664390564,-0.04534956067800522,0.09186005592346191,0.1386949121952057,-0.05719269439578056,0.02453821897506714,0.16783693432807922,0.008844075724482536,0.0024811625480651855,0.06827014684677124,-0.014024874195456505,0.0,0.05205565690994263,-0.036029331386089325,0.009019315242767334,0.056856513023376465,-0.04933926463127136,0.0717121958732605,0.13214480876922607,0.0012768068118020892,0.04938969016075134,0.002974897623062134,-0.024740800261497498,0.04967835545539856,0.016477525234222412,-0.0459107868373394,0.06074979901313782,0.06065371632575989,-0.05400474742054939,0.12277042865753174,0.11865594983100891,-0.011631857603788376,0.10547667741775513,0.0,-0.034454237669706345,0.10429716110229492,0.030591607093811035,-0.045305050909519196,0.11435407400131226,0.0847349762916565,-0.046616341918706894,0.17874813079833984,0.12537497282028198,-0.027626488357782364,0.1651729941368103,0.028984278440475464,-0.04170447587966919,0.15725970268249512,0.0464015007019043,-0.042718306183815,0.15974485874176025,0.09200063347816467,-0.03986462950706482
E,0.18704640865325928,0.4101199507713318,-6.196231794319829e-08,0.10449099540710449,0.3841080665588379,-0.021157242357730865,0.05000638961791992,0.29993361234664917,-0.03118622861802578,0.058259814977645874,0.20361506938934326,-0.04475453123450279,0.08577609062194824,0.13637292385101318,-0.056349772959947586,0.02522510290145874,0.16753315925598145,0.01052725687623024,0.0027251243591308594,0.07086384296417236,-0.01084885559976101,0.0,0.05181571841239929,-0.03264973685145378,0.00847586989402771,0.052383363246917725,-0.046345777809619904,0.07199129462242126,0.13164404034614563,0.0033319962676614523,0.048616886138916016,0.0051062703132629395,-0.02075742930173874,0.04947316646575928,0.01443016529083252,-0.04265576973557472,0.06059882044792175,0.053704679012298584,-0.05223563686013222,0.12262064218521118,0.1182824969291687,-0.009085634723305702,0.10403478145599365,0.0,-0.030824633315205574,0.10358744859695435,0.02775689959526062,-0.042436905205249786,0.11430341005325317,0.08029383420944214,-0.044965844601392746,0.1787639856338501,0.12488454580307007,-0.024516243487596512,0.1645517349243164,0.028357267379760742,-0.03844766318798065,0.1568162441253662,0.044077515602111816,-0.03997558355331421,0.1592763066291809,0.08874794840812683,-0.03775527700781822
E,0.18635597825050354,0.41017740964889526,-1.1003008637544553e-07,0.10302504897117615,0.3827208876609802,-0.018796028569340706,0.04858502745628357,0.2987334728240967,-0.02853153645992279,0.05995103716850281,0.2046789526939392,-0.0425896942615509,0.09025236964225769,0.14033371210098267,-0.054618075489997864,0.024313777685165405,0.1669682264328003,0.011393767781555653,0.0014726817607879639,0.06377935409545898,-0.012127233669161797,0.0,0.05367159843444824,-0.03502208739519119,0.009548097848892212,0.06651297211647034,-0.048503581434488297,0.0715499222278595,0.13230076432228088,0.00280270935036242,0.04853084683418274,0.004101395606994629,-0.021811405196785927,0.0499628484249115,0.01782280206680298,-0.04413382336497307,0.06134903430938721,0.060959309339523315,-0.0538928285241127,0.122499018907547,0.1192314624786377,-0.0110628018155694,0.10423561930656433,0.0,-0.032574743032455444,0.10384181141853333,0.02984336018562317,-0.044363245368003845,0.11406919360160828,0.08406394720077515,-0.047099605202674866,0.17869719862937927,0.1264132261276245,-0.02778784930706024,0.16445353627204895,0.029171139001846313,-0.0411732941865921,0.1564270555973053,0.04604750871658325,-0.04248790815472603,0.15833845734596252,0.09191367030143738,-0.04023319482803345
E,0.1892520785331726,0.4131363332271576,-7.862263373681344e-08,0.10486781597137451,0.38487711548805237,-0.019837940111756325,0.04943469166755676,0.3002465069293976,-0.029169708490371704,0.06065604090690613,0.20386192202568054,-0.0426693893969059,0.09150916337966919,0.13754823803901672,-0.05439946427941322,0.025152206420898438,0.16809555888175964,0.013207387179136276,0.002784043550491333,0.07226437330245972,-0.00816691480576992,0.0,0.05689987540245056,-0.03020292893052101,0.008045345544815063,0.06027013063430786,-0.0440928116440773,0.07242721319198608,0.13164985179901123,0.005166942719370127,0.05000704526901245,0.007156878709793091,-0.018773846328258514,0.05035972595214844,0.017355769872665405,-0.04083238169550896,0.06086626648902893,0.05673745274543762,-0.0505283959209919,0.12353134155273438,0.11788249015808105,-0.008251894265413284,0.10481470823287964,0.0,-0.030297905206680298,0.10425180196762085,0.030628055334091187,-0.04197695851325989,0.11530828475952148,0.08566057682037354,-0.04431824013590813,0.18008404970169067,0.1250307261943817,-0.024657830595970154,0.1647050976753235,0.028682798147201538,-0.039233867079019547,0.1564701795578003,0.04745033383369446,-0.04079306125640869,0.15919864177703857,0.09559363126754761,-0.03839046135544777
E,0.18880385160446167,0.4100227355957031,-7.98157770987018e-08,0.10456860065460205,0.3841997981071472,-0.02034974843263626,0.04812076687812805,0.298004686832428,-0.03004579059779644,0.06011125445365906,0.2010086178779602,-0.043630026280879974,0.09305679798126221,0.1367540955543518,-0.05514892563223839,0.02454352378845215,0.16679707169532776,0.011076693423092365,0.0020265579223632812,0.0682300329208374,-0.011170720681548119,0.0,0.055275171995162964,-0.03319326788187027,0.008596211671829224,0.06387388706207275,-0.04657134786248207,0.07145223021507263,0.1311141848564148,0.0034115836024284363,0.04768708348274231,0.005965620279312134,-0.020154187455773354,0.04917782545089722,0.015660464763641357,-0.04154383763670921,0.0602380633354187,0.05537649989128113,-0.05088864639401436,0.12256187200546265,0.11764970421791077,-0.009625679813325405,0.10241734981536865,0.0,-0.030906476080417633,0.10367727279663086,0.028043478727340698,-0.04197610542178154,0.11486822366714478,0.0806969404220581,-0.044228196144104004,0.17889606952667236,0.12432530522346497,-0.025711456313729286,0.16359984874725342,0.028195083141326904,-0.039438001811504364,0.1569727659225464,0.04448691010475159,-0.04050816595554352,0.1602078080177307,0.0894935131072998,-0.037991855293512344
E,0.18986612558364868,0.4117479920387268,-8.286793473644138e-08,0.10593974590301514,0.3854318857192993,-0.020973332226276398,0.05081930756568909,0.2995235323905945,-0.030617376789450645,0.06076046824455261,0.2034551501274109,-0.04399360716342926,0.09015834331512451,0.13701960444450378,-0.055358897894620895,0.026392102241516113,0.16878703236579895,0.01090311910957098,0.00371474027633667,0.07186079025268555,-0.011306710541248322,0.0,0.05723536014556885,-0.03375036269426346,0.007639437913894653,0.06253281235694885,-0.04766473174095154,0.07359069585800171,0.1328659951686859,0.003488884773105383,0.04918351769447327,0.006970018148422241,-0.02094433642923832,0.04913532733917236,0.016648530960083008,-0.043625492602586746,0.060561567544937134,0.056032806634902954,-0.053708937019109726,0.12463021278381348,0.11934605240821838,-0.009234431199729443,0.10399842262268066,0.0,-0.031237658113241196,0.10349041223526001,0.02673405408859253,-0.04388711601495743,0.11546266078948975,0.07944115996360779,-0.04705093428492546,0.18087422847747803,0.12628233432769775,-0.024976732209324837,0.16514909267425537,0.029195457696914673,-0.039428919553756714,0.15717673301696777,0.04369562864303589,-0.041788499802351,0.16060781478881836,0.08860373497009277,-0.04008689150214195
E,0.19036221504211426,0.41294634342193604,-9.756533358995512e-08,0.10555970668792725,0.38702237606048584,-0.019835680723190308,0.04950898885726929,0.30115628242492676,-0.029231727123260498,0.06037202477455139,0.20550131797790527,-0.04283647984266281,0.09205132722854614,0.14028438925743103,-0.05441882833838463,0.027073919773101807,0.1691780984401703,0.011790091171860695,0.0033212006092071533,0.07050228118896484,-0.011632760986685753,0.0,0.05704677104949951,-0.03481268510222435,0.008363604545593262,0.06712406873703003,-0.04865989089012146,0.07397645711898804,0.13249874114990234,0.0036209712270647287,0.04965969920158386,0.006862521171569824,-0.020829522982239723,0.04973003268241882,0.01813417673110962,-0.04328780248761177,0.06074449419975281,0.06087186932563782,-0.05314715579152107,0.12486326694488525,0.11814361810684204,-0.009969348087906837,0.10469263792037964,0.0,-0.031412795186042786,0.1040312647819519,0.02896982431411743,-0.04344252869486809,0.11536425352096558,0.08365523815155029,-0.04628589004278183,0.18088221549987793,0.12454313039779663,-0.026626629754900932,0.1654670238494873,0.027966320514678955,-0.04032402113080025,0.15702903270721436,0.04440748691558838,-0.0419866219162941,0.15979814529418945,0.09115862846374512,-0.039822932332754135
E,0.19011682271957397,0.41123518347740173,-1.0178687404049924e-07,0.10552394390106201,0.3846988379955292,-0.019566718488931656,0.04927009344100952,0.29746946692466736,-0.028379816561937332,0.060942113399505615,0.2007996141910553,-0.04132595285773277,0.09396040439605713,0.13788020610809326,-0.052448466420173645,0.02585136890411377,0.16782081127166748,0.012095817364752293,0.0025565624237060547,0.0709708034992218,-0.009976331144571304,0.0,0.057103633880615234,-0.032247185707092285,0.007830381393432617,0.06410852074623108,-0.045964501798152924,0.07305741310119629,0.1314423382282257,0.0039857481606304646,0.048357605934143066,0.007081896066665649,-0.01962030865252018,0.050048649311065674,0.017630577087402344,-0.041614290326833725,0.06127887964248657,0.05755153298377991,-0.051411841064691544,0.12419980764389038,0.11707261204719543,-0.009420289658010006,0.10339885950088501,0.0,-0.03063921071588993,0.10425835847854614,0.028274565935134888,-0.04257459565997124,0.11547166109085083,0.08135133981704712,-0.04545171186327934,0.18039315938949585,0.12283796072006226,-0.02583242952823639,0.1644766926765442,0.02572759985923767,-0.03929804265499115,0.15776002407073975,0.04178944230079651,-0.04085425287485123,0.1611865758895874,0.08734798431396484,-0.03884878009557724
E,0.190460205078125,0.40984195470809937,-9.557518865221937e-08,0.10604113340377808,0.38472622632980347,-0.020761458203196526,0.0492701530456543,0.296919047832489,-0.030923351645469666,0.06295514106750488,0.2020810842514038,-0.044785916805267334,0.09828227758407593,0.14211755990982056,-0.05658464878797531,0.025203406810760498,0.16596925258636475,0.008756502531468868,0.002134084701538086,0.06721946597099304,-0.014130471274256706,0.0,0.0569610595703125,-0.03643511235713959,0.007952362298965454,0.06822845339775085,-0.049971479922533035,0.07308244705200195,0.13099297881126404,0.0011588403722271323,0.048839062452316284,0.006669849157333374,-0.022774716839194298,0.051083773374557495,0.01801985502243042,-0.044159699231386185,0.0620996356010437,0.058550238609313965,-0.053646188229322433,0.12447643280029297,0.11779230833053589,-0.011748733930289745,0.1036844253540039,0.0,-0.03300166502594948,0.10562348365783691,0.02692246437072754,-0.044441528618335724,0.11703246831893921,0.07996225357055664,-0.04711337760090828,0.18072760105133057,0.12387287616729736,-0.02775268629193306,0.1646411418914795,0.027645409107208252,-0.0417398177087307,0.15872764587402344,0.04149425029754639,-0.04346652701497078,0.16234338283538818,0.08505842089653015,-0.04153132811188698
E,0.19286423921585083,0.4107629656791687,-6.725215229153036e-08,0.10806047916412354,0.38502854108810425,-0.021460991352796555,0.05130544304847717,0.2966983914375305,-0.03158276900649071,0.06371358036994934,0.20114094018936157,-0.04540221393108368,0.09873688220977783,0.13943809270858765,-0.05728306993842125,0.02655571699142456,0.16731160879135132,0.009154286235570908,0.0031637251377105713,0.07272827625274658,-0.01323238480836153,0.0,0.05727273225784302,-0.035595428198575974,0.007800549268722534,0.06263667345046997,-0.04957688972353935,0.07435467839241028,0.13092809915542603,0.0017986653838306665,0.0495990514755249,0.008206754922866821,-0.022694237530231476,0.05148479342460632,0.01681944727897644,-0.04471926763653755,0.06293678283691406,0.05606451630592346,-0.0544385202229023,0.12575364112854004,0.11709755659103394,-0.01088538859039545,0.10421645641326904,0.0,-0.032818663865327835,0.10611188411712646,0.025250673294067383,-0.04496096447110176,0.11841213703155518,0.07819223403930664,-0.04778238385915756,0.181909441947937,0.12321943044662476,-0.02675705775618553,0.1673235297203064,0.02729254961013794,-0.04156004637479782,0.16102951765060425,0.039138197898864746,-0.04413779452443123,0.16441375017166138,0.08264124393463135,-0.04250144213438034
E,0.19219762086868286,0.4125630259513855,-7.627001963328439e-08,0.10777652263641357,0.38662004470825195,-0.02128874510526657,0.05131810903549194,0.2972678542137146,-0.03193299099802971,0.06495052576065063,0.2019243836402893,-0.04641854390501976,0.10227423906326294,0.14372828602790833,-0.05863521620631218,0.02581503987312317,0.1670111119747162,0.009646558202803135,0.0026955008506774902,0.07005929946899414,-0.013877700082957745,0.0,0.06055891513824463,-0.03680741786956787,0.008404344320297241,0.07296097278594971,-0.05068764090538025,0.07379341125488281,0.13032111525535583,0.001966402865946293,0.04900363087654114,0.008375555276870728,-0.022191813215613365,0.050475090742111206,0.018679767847061157,-0.04333321750164032,0.06188991665840149,0.058505624532699585,-0.05249491706490517,0.12545442581176758,0.11622098088264465,-0.011310698464512825,0.10418027639389038,0.0,-0.03264636918902397,0.10659158229827881,0.027019083499908447,-0.04323102533817291,0.11960381269454956,0.0802355408668518,-0.045095574110746384,0.18192464113235474,0.12175774574279785,-0.02796493098139763,0.1673961877822876,0.027155935764312744,-0.04205472767353058,0.16099923849105835,0.04027026891708374,-0.04358570650219917,0.1648845076560974,0.08380645513534546,-0.04123799502849579
E,0.19447964429855347,0.41461411118507385,-5.34514548178322e-08,0.10956072807312012,0.3896097242832184,-0.021324817091226578,0.052159667015075684,0.30173686146736145,-0.031240642070770264,0.06126996874809265,0.20831510424613953,-0.04481324553489685,0.09306520223617554,0.14628684520721436,-0.05611877888441086,0.026175886392593384,0.1679287850856781,0.010741917416453362,0.0037956833839416504,0.07500168681144714,-0.011823651380836964,0.0,0.05887871980667114,-0.03482363373041153,0.006906688213348389,0.06348741054534912,-0.04916057735681534,0.07519534230232239,0.1303650438785553,0.00333482981659472,0.05105912685394287,0.00775417685508728,-0.02148110792040825,0.0522686243057251,0.01436874270439148,-0.04431609436869621,0.06372126936912537,0.051951706409454346,-0.05437967926263809,0.1271466612815857,0.11536750197410583,-0.009466385468840599,0.10623002052307129,0.0,-0.03155721724033356,0.10774201154708862,0.02519524097442627,-0.04417894408106804,0.12098371982574463,0.0785137414932251,-0.046952150762081146,0.18375492095947266,0.11975961923599243,-0.025467973202466965,0.1701887845993042,0.024884909391403198,-0.040143173187971115,0.16290390491485596,0.035312652587890625,-0.04300760105252266,0.16616690158843994,0.07737106084823608,-0.04127608612179756
E,0.1948542594909668,0.4149295687675476,-7.929389056471337e-08,0.10773295164108276,0.3901529908180237,-0.020969323813915253,0.04803061485290527,0.2984299063682556,-0.030895907431840897,0.06338566541671753,0.20346659421920776,-0.0449431873857975,0.10666191577911377,0.15316376090049744,-0.05682085081934929,0.023407340049743652,0.16536816954612732,0.011160575784742832,0.0022163987159729004,0.06920251250267029,-0.012003637850284576,0.0,0.05905783176422119,-0.03473181650042534,0.008615076541900635,0.07105723023414612,-0.04865120351314545,0.0732278823852539,0.12849092483520508,0.0030807710718363523,0.05023390054702759,0.006160259246826172,-0.022496603429317474,0.053292423486709595,0.0203285813331604,-0.04397435858845711,0.06576117873191833,0.0647267997264862,-0.05258820578455925,0.12562930583953857,0.11421510577201843,-0.010693039745092392,0.10606306791305542,0.0,-0.03289887681603432,0.10847264528274536,0.028335094451904297,-0.044769760221242905,0.12165611982345581,0.0841752290725708,-0.046791985630989075,0.18225204944610596,0.11876142024993896,-0.02788693830370903,0.16911190748214722,0.023742496967315674,-0.042546555399894714,0.16227006912231445,0.03563949465751648,-0.04552784562110901,0.1656404733657837,0.08021435141563416,-0.04395801201462746
E,0.19507798552513123,0.41510245203971863,-3.4029323359163755e-08,0.10732248425483704,0.38683435320854187,-0.023273468017578125,0.049172550439834595,0.2929026186466217,-0.03394804522395134,0.06517753005027771,0.19663628935813904,-0.048323459923267365,0.10895904898643494,0.14454618096351624,-0.06075077876448631,0.025563210248947144,0.16482213139533997,0.010546540841460228,0.003955364227294922,0.07409495115280151,-0.011239392682909966,0.0,0.05872917175292969,-0.03381231427192688,0.0069821178913116455,0.06126120686531067,-0.0486256368458271,0.07538652420043945,0.1280483901500702,0.0035006022080779076,0.05317756533622742,0.0075112879276275635,-0.021962381899356842,0.05423930287361145,0.017750710248947144,-0.04475724697113037,0.0653596818447113,0.056633979082107544,-0.05477675050497055,0.1278471052646637,0.11414283514022827,-0.009227284230291843,0.10857656598091125,0.0,-0.03185124322772026,0.10929426550865173,0.024731963872909546,-0.04567147046327591,0.12227943539619446,0.07861742377281189,-0.04912835359573364,0.1843452751636505,0.11922475695610046,-0.025485767051577568,0.17094650864601135,0.02440837025642395,-0.0400390550494194,0.16264685988426208,0.033170491456985474,-0.04396602138876915,0.16553428769111633,0.0754770040512085,-0.0433649867773056
E,0.1929754912853241,0.41419464349746704,-3.206984455772499e-09,0.10501500964164734,0.38538992404937744,-0.02252906747162342,0.047835081815719604,0.2907600998878479,-0.0330321304500103,0.06699973344802856,0.19503778219223022,-0.047369468957185745,0.11442431807518005,0.14820605516433716,-0.05965985730290413,0.024197250604629517,0.16256177425384521,0.010864796116948128,0.003475010395050049,0.07143250107765198,-0.011768893338739872,0.0,0.0569307804107666,-0.034583140164613724,0.00861409306526184,0.06341582536697388,-0.04888281598687172,0.07424584031105042,0.1258714199066162,0.0037290267646312714,0.05236005783081055,0.006758958101272583,-0.021578088402748108,0.052789002656936646,0.01304316520690918,-0.043691400438547134,0.06493869423866272,0.05093786120414734,-0.05305223539471626,0.126724511384964,0.11236262321472168,-0.009260319173336029,0.10898283123970032,0.0,-0.03199508786201477,0.10960403084754944,0.024178892374038696,-0.04585276171565056,0.12325552105903625,0.0791807770729065,-0.04899708926677704,0.18314632773399353,0.11708846688270569,-0.025792503729462624,0.17232772707939148,0.022822529077529907,-0.04080545902252197,0.1649673879146576,0.030911177396774292,-0.0452033206820488,0.16853991150856018,0.07396513223648071,-0.04458806663751602
E,0.1930045187473297,0.41499337553977966,-5.128748092886326e-09,0.10469123721122742,0.3842204511165619,-0.02162913791835308,0.04694107174873352,0.28751829266548157,-0.030907107517123222,0.06864553689956665,0.19068798422813416,-0.044036757200956345,0.11991837620735168,0.1516033411026001,-0.05531468242406845,0.023034214973449707,0.16344541311264038,0.012857616879045963,0.0026882290840148926,0.0748089849948883,-0.007804793771356344,0.0,0.057520121335983276,-0.0291850995272398,0.008673548698425293,0.057790607213974,-0.043197061866521835,0.07408076524734497,0.12656962871551514,0.005700172856450081,0.053743183612823486,0.008395731449127197,-0.019162843003869057,0.05547165870666504,0.015312165021896362,-0.04009471833705902,0.06776183843612671,0.052052825689315796,-0.04841182380914688,0.12718066573143005,0.1121765673160553,-0.007216120604425669,0.11126163601875305,0.0,-0.029697172343730927,0.11239776015281677,0.023810923099517822,-0.04258383810520172,0.1254991590976715,0.07816633582115173,-0.04470476880669594,0.1835409700870514,0.11520984768867493,-0.023708442226052284,0.17267587780952454,0.021362125873565674,-0.03836153447628021,0.16549333930015564,0.028660446405410767,-0.04239606112241745,0.16849401593208313,0.07021501660346985,-0.04142271354794502
E,0.192374587059021,0.4131377935409546,-5.336552533208305e-08,0.10462462902069092,0.3885061740875244,-0.02241024374961853,0.0451028048992157,0.2951180934906006,-0.03348230570554733,0.06546029448509216,0.19868463277816772,-0.04833945631980896,0.1144607663154602,0.15102916955947876,-0.06076184660196304,0.024124741554260254,0.16173219680786133,0.00907338410615921,0.0029431581497192383,0.06519466638565063,-0.015917431563138962,0.0,0.05712902545928955,-0.03947656601667404,0.009578555822372437,0.07391762733459473,-0.05310916155576706,0.0749373733997345,0.12644556164741516,0.002212891820818186,0.05372732877731323,0.005129069089889526,-0.02442384883761406,0.0554986298084259,0.01882338523864746,-0.04587387293577194,0.06814470887184143,0.06393617391586304,-0.05400572717189789,0.12782913446426392,0.11341023445129395,-0.010585859417915344,0.11044186353683472,0.0,-0.03386757895350456,0.11155492067337036,0.026668637990951538,-0.04626957327127457,0.12435948848724365,0.08375895023345947,-0.04791494831442833,0.18410557508468628,0.11778849363327026,-0.02686760388314724,0.17288613319396973,0.02221420407295227,-0.04177599027752876,0.1658521294593811,0.02948051691055298,-0.04518870636820793,0.16858267784118652,0.0717780590057373,-0.043483082205057144
E,0.19169870018959045,0.419600248336792,-2.7104768207664165e-08,0.10325703024864197,0.3881697654724121,-0.02171742171049118,0.04529392719268799,0.29466813802719116,-0.032061975449323654,0.06266239285469055,0.1997603178024292,-0.046351294964551926,0.10853889584541321,0.14860644936561584,-0.059057269245386124,0.027685493230819702,0.16420352458953857,0.010325327515602112,0.005397528409957886,0.0758371651172638,-0.012893241830170155,0.0,0.05583524703979492,-0.036504123359918594,0.007566303014755249,0.05715054273605347,-0.051428359001874924,0.07798641920089722,0.12899082899093628,0.0026847131084650755,0.057327836751937866,0.007990211248397827,-0.025411896407604218,0.056407779455184937,0.014701664447784424,-0.05002417415380478,0.06821867823600769,0.05564475059509277,-0.06026870012283325,0.13063034415245056,0.1155652403831482,-0.010440253652632236,0.11393812298774719,0.0,-0.03515493497252464,0.11195448040962219,0.0198441743850708,-0.05143796280026436,0.12415853142738342,0.0760946273803711,-0.055287256836891174,0.18663135170936584,0.11993733048439026,-0.026812203228473663,0.17487922310829163,0.021942853927612305,-0.043087437748909,0.16579005122184753,0.01990365982055664,-0.04924566671252251,0.16779813170433044,0.058042943477630615,-0.0493304505944252
E,0.18673071265220642,0.41851797699928284,-9.107208853720294e-08,0.09955129027366638,0.39106854796409607,-0.023863868787884712,0.040512293577194214,0.29971835017204285,-0.0376158207654953,0.059584230184555054,0.20628193020820618,-0.054926563054323196,0.1064927875995636,0.1544451117515564,-0.06986641138792038,0.024236440658569336,0.160783588886261,0.0036899286787956953,0.00460931658744812,0.06045687198638916,-0.02649610862135887,0.0,0.05278828740119934,-0.053221121430397034,0.009275287389755249,0.07293388247489929,-0.06767414510250092,0.07564100623130798,0.12878510355949402,-0.003428079653531313,0.057148367166519165,0.0,-0.03658568114042282,0.0562557578086853,0.019499480724334717,-0.0615747906267643,0.06808364391326904,0.07296022772789001,-0.07012470811605453,0.12909546494483948,0.1184450089931488,-0.016342323273420334,0.11386653780937195,0.001194596290588379,-0.04348277300596237,0.11134693026542664,0.02624574303627014,-0.05824550241231918,0.12160184979438782,0.08533075451850891,-0.059801388531923294,0.18515810370445251,0.12614014744758606,-0.03254681080579758,0.17335334420204163,0.024703025817871094,-0.04869750142097473,0.16373220086097717,0.022168368101119995,-0.053153444081544876,0.163697749376297,0.05892437696456909,-0.05136647820472717
E,0.1859891712665558,0.4236834943294525,-1.3581424695985334e-07,0.09681609272956848,0.39245012402534485,-0.024053486064076424,0.035392820835113525,0.296781986951828,-0.03730923309922218,0.05355134606361389,0.2013244926929474,-0.05467119440436363,0.10586217045783997,0.15379536151885986,-0.0693579763174057,0.022703886032104492,0.15835431218147278,0.009592434391379356,0.006139695644378662,0.05876585841178894,-0.020323147997260094,0.0,0.05372235178947449,-0.04700285196304321,0.006786525249481201,0.0719943642616272,-0.06171834096312523,0.07492253184318542,0.12899205088615417,0.0022395839914679527,0.059613972902297974,0.0,-0.03442823514342308,0.055751651525497437,0.029422134160995483,-0.059895023703575134,0.06522241234779358,0.09044930338859558,-0.06679392606019974,0.12819871306419373,0.11855211853981018,-0.011454825289547443,0.11519977450370789,0.001050412654876709,-0.040234144777059555,0.10872694849967957,0.031411945819854736,-0.054566461592912674,0.11620596051216125,0.09518638253211975,-0.05423503369092941,0.18389448523521423,0.1237814724445343,-0.028738021850585938,0.17099007964134216,0.024017691612243652,-0.04415540769696236,0.15901151299476624,0.025359272956848145,-0.04805662855505943,0.15799668431282043,0.0649433434009552,-0.045374397188425064
E,0.1843385100364685,0.4242653548717499,-1.7077314851121628e-07,0.09814965724945068,0.3954983055591583,-0.023475121706724167,0.03641819953918457,0.3031391203403473,-0.036691758781671524,0.051146090030670166,0.2085089385509491,-0.05408087000250816,0.09759777784347534,0.15462368726730347,-0.06872197985649109,0.02143263816833496,0.16027480363845825,0.008137604221701622,0.004581153392791748,0.05965331196784973,-0.022213641554117203,0.0,0.05618387460708618,-0.04901300370693207,0.00828009843826294,0.076739102602005,-0.06365548819303513,0.07305771112442017,0.129978209733963,0.00014455168275162578,0.05712592601776123,0.0,-0.035765908658504486,0.054830729961395264,0.03111022710800171,-0.06078280881047249,0.06530851125717163,0.09311532974243164,-0.06786233186721802,0.12608873844146729,0.11955252289772034,-0.014024587348103523,0.11328619718551636,0.002131849527359009,-0.04188329726457596,0.10786372423171997,0.033608049154281616,-0.054995086044073105,0.11561441421508789,0.09647038578987122,-0.054601095616817474,0.18197429180145264,0.12607166171073914,-0.031747717410326004,0.16976004838943481,0.02556389570236206,-0.04635358974337578,0.157972514629364,0.027166515588760376,-0.0492418110370636,0.15627562999725342,0.06626927852630615,-0.04630624130368233
E,0.18333637714385986,0.4234468936920166,-2.2645538422239042e-07,0.09696269035339355,0.3952178955078125,-0.0242292657494545,0.03512388467788696,0.3016068935394287,-0.03795377165079117,0.05041772127151489,0.20614904165267944,-0.05593915656208992,0.09881788492202759,0.15350767970085144,-0.07076521962881088,0.022059857845306396,0.1600378155708313,0.007644682191312313,0.0065781474113464355,0.05468100309371948,-0.025327231734991074,0.0,0.05934232473373413,-0.05343399941921234,0.007050573825836182,0.09058529138565063,-0.06801293045282364,0.07322520017623901,0.13116449117660522,4.8541940486757085e-05,0.05776190757751465,0.0,-0.037486810237169266,0.05319663882255554,0.037290602922439575,-0.06258058547973633,0.0634080171585083,0.104979008436203,-0.06913628429174423,0.12580060958862305,0.12160515785217285,-0.014151052571833134,0.11232149600982666,0.0027894973754882812,-0.042788490653038025,0.10510385036468506,0.03504997491836548,-0.05634579062461853,0.11316025257110596,0.09979754686355591,-0.05594613030552864,0.18126684427261353,0.1287047266960144,-0.03198887035250664,0.16874760389328003,0.027415156364440918,-0.04648770019412041,0.15602463483810425,0.028172850608825684,-0.04974761977791786,0.15490442514419556,0.06831479072570801,-0.047069303691387177
E,0.18580520153045654,0.42204928398132324,-1.4820597016296233e-07,0.09867185354232788,0.3926255702972412,-0.024810347706079483,0.03581815958023071,0.3015440106391907,-0.03897137567400932,0.04597321152687073,0.2056686282157898,-0.05715625360608101,0.09197109937667847,0.14688479900360107,-0.0727410688996315,0.025312095880508423,0.16019445657730103,0.00632892781868577,0.007447391748428345,0.06014835834503174,-0.024792592972517014,0.0,0.04920521378517151,-0.05249198153614998,0.006368845701217651,0.06606179475784302,-0.06788808852434158,0.07551339268684387,0.1296568214893341,-0.0012995790457352996,0.05865129828453064,0.0,-0.0384296178817749,0.05385741591453552,0.026959717273712158,-0.06498139351606369,0.06400206685066223,0.08927983045578003,-0.07329046726226807,0.12797999382019043,0.11925339698791504,-0.015172239392995834,0.11383259296417236,0.0005635619163513184,-0.04476179927587509,0.10628849267959595,0.0276678204536438,-0.060542698949575424,0.11489242315292358,0.09108743071556091,-0.061766140162944794,0.18370741605758667,0.1256917119026184,-0.03252050653100014,0.17149418592453003,0.02341356873512268,-0.048892419785261154,0.158483624458313,0.018738478422164917,-0.054033566266298294,0.15730255842208862,0.056524068117141724,-0.05259240046143532
E,0.1865220069885254,0.42309385538101196,-1.5828574362330983e-07,0.10046207904815674,0.39428621530532837,-0.02274208329617977,0.03732374310493469,0.30906713008880615,-0.03667714074254036,0.0413910448551178,0.21817243099212646,-0.05522208660840988,0.08161938190460205,0.1579264998435974,-0.07077378034591675,0.027341485023498535,0.16258278489112854,0.009201002307236195,0.008542358875274658,0.057253092527389526,-0.02378375269472599,0.0,0.0529344379901886,-0.05270964652299881,0.0062906742095947266,0.07918968796730042,-0.06764820218086243,0.0766044557094574,0.13295713067054749,0.000747727055568248,0.057795166969299316,0.0,-0.03589813411235809,0.05136105418205261,0.02856612205505371,-0.06216020882129669,0.06182599067687988,0.09191727638244629,-0.06985430419445038,0.12820667028427124,0.12265503406524658,-0.014075874350965023,0.11295568943023682,0.0039650797843933105,-0.041924793273210526,0.1043274998664856,0.03236353397369385,-0.05558188632130623,0.11280792951583862,0.09392604231834412,-0.0554710328578949,0.18362057209014893,0.12911957502365112,-0.032375186681747437,0.1711598038673401,0.0280265212059021,-0.04609481245279312,0.15766340494155884,0.02522951364517212,-0.04865846037864685,0.15631675720214844,0.061081379652023315,-0.04537687078118324
E,0.18844398856163025,0.42313534021377563,-2.0041736092935025e-07,0.10251358151435852,0.3959341049194336,-0.023274606093764305,0.03888857364654541,0.3084413409233093,-0.03704025596380234,0.044701963663101196,0.21459007263183594,-0.05528867989778519,0.0857362151145935,0.1551644206047058,-0.07045339792966843,0.0253068208694458,0.16064020991325378,0.008896464481949806,0.007074266672134399,0.05571815371513367,-0.02359415963292122,0.0,0.052353113889694214,-0.05209693685173988,0.00650671124458313,0.0769968032836914,-0.06715383380651474,0.07613372802734375,0.13092711567878723,0.0005408476572483778,0.058109015226364136,0.0,-0.0367419496178627,0.05342298746109009,0.03368234634399414,-0.06278161704540253,0.06379231810569763,0.09913715720176697,-0.0701984390616417,0.12840893864631653,0.1202535331249237,-0.014220491982996464,0.11320289969444275,0.0014473199844360352,-0.04224902763962746,0.10526731610298157,0.03201889991760254,-0.05571591481566429,0.11355671286582947,0.09483015537261963,-0.05547391623258591,0.18429496884346008,0.1261347532272339,-0.03254754841327667,0.1710071861743927,0.024478673934936523,-0.04613492637872696,0.15672627091407776,0.022719502449035645,-0.04878837615251541,0.15480723977088928,0.059786468744277954,-0.04574821889400482
E,0.18906918168067932,0.4233340322971344,-1.7091596760110406e-07,0.10217300057411194,0.39617714285850525,-0.02436128631234169,0.03870776295661926,0.31139567494392395,-0.03910672292113304,0.04157420992851257,0.2183118760585785,-0.058241091668605804,0.079670250415802,0.15481382608413696,-0.07426366209983826,0.0267849862575531,0.16283518075942993,0.007925543934106827,0.008385896682739258,0.05561468005180359,-0.025475990027189255,0.0,0.04954719543457031,-0.05496024340391159,0.006613940000534058,0.07492366433143616,-0.07042846828699112,0.07652458548545837,0.1321984827518463,8.281281043309718e-05,0.05786207318305969,0.0,-0.03706735000014305,0.05146703124046326,0.029679149389266968,-0.06441497802734375,0.06218501925468445,0.0942598283290863,-0.073248490691185,0.12804904580116272,0.12041875720024109,-0.014263770543038845,0.11197713017463684,0.0021788477897644043,-0.042292699217796326,0.10255452990531921,0.030280739068984985,-0.05724509060382843,0.11177322268486023,0.09287792444229126,-0.058438654989004135,0.1834348738193512,0.1252334713935852,-0.03221959248185158,0.16962870955467224,0.023380666971206665,-0.046252381056547165,0.1546688973903656,0.02096971869468689,-0.04993082582950592,0.15313079953193665,0.05947822332382202,-0.04776039347052574
E,0.18777155876159668,0.4257262349128723,-1.7578466326995112e-07,0.10085725784301758,0.3972366452217102,-0.023949608206748962,0.03810524940490723,0.31019890308380127,-0.03800566494464874,0.04238376021385193,0.21813982725143433,-0.05648215115070343,0.07922309637069702,0.15476775169372559,-0.07211550325155258,0.026019781827926636,0.16308200359344482,0.008467261679470539,0.007823467254638672,0.05883327126502991,-0.02409967966377735,0.0,0.051387906074523926,-0.05306004360318184,0.006303519010543823,0.07242101430892944,-0.06856824457645416,0.07630670070648193,0.13312479853630066,0.0002769410493783653,0.057786375284194946,0.0,-0.03792322427034378,0.05247470736503601,0.030667096376419067,-0.06562238186597824,0.06333202123641968,0.09550699591636658,-0.07415702193975449,0.12837707996368408,0.12181320786476135,-0.014244728721678257,0.11296999454498291,0.0011950135231018066,-0.043151918798685074,0.10447520017623901,0.029100358486175537,-0.058464761823415756,0.11322391033172607,0.09146583080291748,-0.059414587914943695,0.18426209688186646,0.1271325945854187,-0.032274555414915085,0.17084592580795288,0.02394622564315796,-0.04686806723475456,0.15668898820877075,0.020947277545928955,-0.0507662370800972,0.15488475561141968,0.05828207731246948,-0.04853309690952301
E,0.18642356991767883,0.4260295033454895,-1.8629785358825757e-07,0.10074201226234436,0.39727461338043213,-0.024182286113500595,0.03791704773902893,0.3122580647468567,-0.0387163981795311,0.041015446186065674,0.21960371732711792,-0.057448677718639374,0.07732740044593811,0.15651530027389526,-0.0731617659330368,0.024475395679473877,0.16308066248893738,0.007593517657369375,0.007151395082473755,0.05678877234458923,-0.024902116507291794,0.0,0.052513688802719116,-0.05382557958364487,0.006519019603729248,0.0773589015007019,-0.06938198208808899,0.0752103328704834,0.13289490342140198,-0.00029482145328074694,0.056625694036483765,0.0,-0.03711419925093651,0.05126535892486572,0.03006500005722046,-0.0645049512386322,0.061529070138931274,0.09423884749412537,-0.07364271581172943,0.12729981541633606,0.12200278043746948,-0.014523855410516262,0.11168429255485535,0.003188908100128174,-0.04249035194516182,0.1033107340335846,0.030326664447784424,-0.0580102875828743,0.11191126704216003,0.09242147207260132,-0.05981423333287239,0.18298116326332092,0.1283232569694519,-0.0322817899286747,0.16961756348609924,0.026451945304870605,-0.04671561345458031,0.155122309923172,0.022856831550598145,-0.05125424265861511,0.15279802680015564,0.06018710136413574,-0.049917954951524734
E,0.18729016184806824,0.42378485202789307,-1.9743571044728014e-07,0.1009623110294342,0.3948964476585388,-0.025310249999165535,0.03690534830093384,0.31040018796920776,-0.04095419868826866,0.038200706243515015,0.21834754943847656,-0.060628775507211685,0.07485932111740112,0.1525467038154602,-0.07676731050014496,0.0235346257686615,0.15984201431274414,0.00731204729527235,0.006105601787567139,0.05117619037628174,-0.02606676146388054,0.0,0.04809063673019409,-0.05523684248328209,0.007762700319290161,0.0751802921295166,-0.07051753997802734,0.07430103421211243,0.13063210248947144,0.00025299208937212825,0.05666482448577881,0.0006464123725891113,-0.03668311983346939,0.05249282717704773,0.0323699414730072,-0.06367360800504684,0.06397739052772522,0.09684434533119202,-0.0726204589009285,0.12664231657981873,0.11965346336364746,-0.013455790467560291,0.11109444499015808,0.0,-0.04163336008787155,0.10299649834632874,0.02691560983657837,-0.05645490065217018,0.1123822033405304,0.08934783935546875,-0.057762954384088516,0.1827532947063446,0.124691903591156,-0.03076007403433323,0.16862520575523376,0.0221136212348938,-0.04559424892067909,0.1545415222644806,0.017476975917816162,-0.049902211874723434,0.15300562977790833,0.05411851406097412,-0.04816613346338272
E,0.1873040795326233,0.42399168014526367,-1.7321464440556156e-07,0.10034292936325073,0.39690297842025757,-0.02432258054614067,0.03624987602233887,0.3117144703865051,-0.03865320608019829,0.0389859676361084,0.21857470273971558,-0.05705412104725838,0.07511097192764282,0.15390026569366455,-0.0723595842719078,0.024369537830352783,0.16371619701385498,0.008120468817651272,0.006358027458190918,0.05860733985900879,-0.024149222299456596,0.0,0.05075353384017944,-0.05247673764824867,0.0071745216846466064,0.07086607813835144,-0.06745915114879608,0.07498952746391296,0.1329532265663147,0.0007013364229351282,0.056049466133117676,0.0,-0.037383370101451874,0.05160611867904663,0.030737370252609253,-0.06420979648828506,0.062744140625,0.0956510603427887,-0.071843720972538,0.1270785927772522,0.12108561396598816,-0.01305594015866518,0.11098980903625488,0.0015234947204589844,-0.04171878471970558,0.10288846492767334,0.028464555740356445,-0.05586329102516174,0.11117219924926758,0.08984604477882385,-0.055831797420978546,0.1827283501625061,0.1261003315448761,-0.0303337499499321,0.16903406381607056,0.024735212326049805,-0.04482477530837059,0.15479791164398193,0.01968446373939514,-0.048408593982458115,0.15192437171936035,0.05380260944366455,-0.04577096551656723
E,0.18796193599700928,0.4249866306781769,-1.8271241231104796e-07,0.10220307111740112,0.3982318937778473,-0.024376463145017624,0.038489580154418945,0.3125161826610565,-0.0387609526515007,0.04010295867919922,0.22019639611244202,-0.05724380537867546,0.0746990442276001,0.15517869591712952,-0.07256638258695602,0.02450549602508545,0.16320741176605225,0.007390186656266451,0.006510794162750244,0.05669558048248291,-0.02475014515221119,0.0,0.0504244863986969,-0.05276881530880928,0.007255196571350098,0.07237407565116882,-0.06757137179374695,0.07526031136512756,0.13255873322486877,-0.0002885894209612161,0.056903302669525146,0.0,-0.037584997713565826,0.05237007141113281,0.03106871247291565,-0.06403878331184387,0.06328144669532776,0.09538087248802185,-0.07190244644880295,0.12743228673934937,0.12109768390655518,-0.014314244501292706,0.11178886890411377,0.00193825364112854,-0.04258078336715698,0.10398745536804199,0.029780924320220947,-0.056733179837465286,0.1128419041633606,0.09106385707855225,-0.0571468323469162,0.1832866668701172,0.12667164206504822,-0.031850554049015045,0.16952860355377197,0.02479448914527893,-0.046288203448057175,0.15555065870285034,0.021334797143936157,-0.04978843778371811,0.1537926197052002,0.0572066605091095,-0.04732590541243553
E,0.18632927536964417,0.42663678526878357,-1.980398423029328e-07,0.09980526566505432,0.39753493666648865,-0.024584922939538956,0.037829041481018066,0.31413474678993225,-0.03997857868671417,0.039087921380996704,0.22460737824440002,-0.059703756123781204,0.07119014859199524,0.15713968873023987,-0.07621713727712631,0.02559521794319153,0.16298040747642517,0.007964578457176685,0.007159054279327393,0.054479897022247314,-0.02657332457602024,0.0,0.050397515296936035,-0.05714503675699234,0.007444888353347778,0.07686766982078552,-0.07316751033067703,0.07585397362709045,0.13242176175117493,8.31455981824547e-05,0.05685216188430786,0.0,-0.03799918293952942,0.051417022943496704,0.03085845708847046,-0.06681948155164719,0.06205344200134277,0.09482452273368835,-0.07677500694990158,0.12741878628730774,0.12028464674949646,-0.014362870715558529,0.11156699061393738,0.0006556212902069092,-0.04247741401195526,0.10246548056602478,0.02698621153831482,-0.05818217992782593,0.11134317517280579,0.08827850222587585,-0.06013798713684082,0.18290570378303528,0.12517216801643372,-0.03242229297757149,0.1692465841770172,0.023493558168411255,-0.0464613102376461,0.1539120376110077,0.018918126821517944,-0.05070946365594864,0.1509697139263153,0.05483004450798035,-0.049063969403505325
E,0.18708693981170654,0.42748573422431946,-1.9119244143439573e-07,0.10349494218826294,0.40027323365211487,-0.025737494230270386,0.040484845638275146,0.318769246339798,-0.0418291874229908,0.03728485107421875,0.22891971468925476,-0.06199828162789345,0.06595569849014282,0.15854153037071228,-0.07863067090511322,0.026065319776535034,0.16616913676261902,0.006200226955115795,0.006475090980529785,0.05475077033042908,-0.028457999229431152,0.0,0.05128100514411926,-0.05874404311180115,0.008317172527313232,0.07891860604286194,-0.07438454777002335,0.07619926333427429,0.1352883279323578,-0.00097641785396263,0.05684101581573486,0.0,-0.038819294422864914,0.05112004280090332,0.03078201413154602,-0.0674467384815216,0.06165608763694763,0.09514448046684265,-0.0773124247789383,0.12754201889038086,0.12322455644607544,-0.014706920832395554,0.11147415637969971,0.002047210931777954,-0.04260280355811119,0.10201358795166016,0.02831128239631653,-0.05798931047320366,0.11057460308074951,0.08955395221710205,-0.05986415222287178,0.1828305721282959,0.12854808568954468,-0.0320701077580452,0.1699489951133728,0.025907248258590698,-0.045876771211624146,0.15475213527679443,0.01932460069656372,-0.049990102648735046,0.1515597701072693,0.05333155393600464,-0.04835321381688118
E,0.18851250410079956,0.42664214968681335,-1.5308658873891545e-07,0.10270088911056519,0.40039655566215515,-0.02621721290051937,0.038574665784835815,0.31700727343559265,-0.04164635017514229,0.039954155683517456,0.22533586621284485,-0.061247196048498154,0.07514223456382751,0.15804776549339294,-0.07778283208608627,0.025815635919570923,0.16433513164520264,0.008086184971034527,0.0073607563972473145,0.059351712465286255,-0.024584297090768814,0.0,0.05002334713935852,-0.05428162217140198,0.008051037788391113,0.06959059834480286,-0.07052533328533173,0.07630723714828491,0.132442444562912,0.0007952671148814261,0.057585060596466064,0.0,-0.036881543695926666,0.051797449588775635,0.03091895580291748,-0.0655108243227005,0.06285864114761353,0.09538617730140686,-0.07514217495918274,0.1277245283126831,0.12014183402061462,-0.013093942776322365,0.11191660165786743,0.0014964044094085693,-0.041626088321208954,0.10247009992599487,0.03031674027442932,-0.05743451789021492,0.11159384250640869,0.09278401732444763,-0.05908960476517677,0.1831466555595398,0.12571978569030762,-0.030698401853442192,0.16933292150497437,0.023851335048675537,-0.04496608301997185,0.1543247103691101,0.021154314279556274,-0.04894612729549408,0.15233147144317627,0.05887004733085632,-0.0470288060605526
E,0.18595591187477112,0.4284645915031433,-1.6421869020177837e-07,0.09837278723716736,0.3986341953277588,-0.024648889899253845,0.03432804346084595,0.31539207696914673,-0.0405174158513546,0.03739193081855774,0.22400397062301636,-0.06094855070114136,0.07625657320022583,0.16142624616622925,-0.07843266427516937,0.025098532438278198,0.16227570176124573,0.00888802856206894,0.00675240159034729,0.056436240673065186,-0.02546829916536808,0.0,0.049470603466033936,-0.056392770260572433,0.007668256759643555,0.07319647073745728,-0.07287563383579254,0.0758177638053894,0.1318204700946808,0.000702672463376075,0.05721670389175415,0.0,-0.03788520023226738,0.052188992500305176,0.03037285804748535,-0.06695307046175003,0.063021719455719,0.09574663639068604,-0.07656241953372955,0.12751033902168274,0.12003323435783386,-0.014114159159362316,0.11232104897499084,0.0017128586769104004,-0.04264872148633003,0.10289248824119568,0.029528498649597168,-0.05820448696613312,0.11087718605995178,0.092476487159729,-0.05939929559826851,0.18285605311393738,0.12558507919311523,-0.032620158046483994,0.16876521706581116,0.02479010820388794,-0.04605833441019058,0.1530570685863495,0.0199853777885437,-0.04963565617799759,0.14981117844581604,0.05584096908569336,-0.047350816428661346
E,0.18676221370697021,0.43290773034095764,-1.331084291678053e-07,0.09760373830795288,0.40050557255744934,-0.023999910801649094,0.03230583667755127,0.3150372803211212,-0.039860278367996216,0.0347629189491272,0.22332671284675598,-0.0603519007563591,0.07820016145706177,0.16416782140731812,-0.07796637713909149,0.026371508836746216,0.16509586572647095,0.008259238675236702,0.009264528751373291,0.05797809362411499,-0.0260465070605278,0.0,0.049534380435943604,-0.05632929876446724,0.005135297775268555,0.0715303122997284,-0.07224400341510773,0.077048659324646,0.13518956303596497,-9.371828127768822e-06,0.05756959319114685,0.0,-0.038997210562229156,0.05033019185066223,0.027945250272750854,-0.06663781404495239,0.060383141040802,0.09372550249099731,-0.07448717206716537,0.12919074296951294,0.12429249286651611,-0.014751147478818893,0.11238539218902588,0.0028714239597320557,-0.04342002794146538,0.1020512580871582,0.029667049646377563,-0.05697748810052872,0.10951638221740723,0.09297123551368713,-0.05601920932531357,0.18484771251678467,0.1305936872959137,-0.03315705806016922,0.17021888494491577,0.02805018424987793,-0.04637651517987251,0.1539018154144287,0.01944229006767273,-0.04881969466805458,0.149713397026062,0.05176323652267456,-0.04519803076982498
E,0.18422341346740723,0.43264296650886536,-8.73656560429481e-08,0.09470802545547485,0.3992186486721039,-0.0244400966912508,0.029453933238983154,0.317145973443985,-0.04081983119249344,0.03251230716705322,0.22615620493888855,-0.06205921247601509,0.07720619440078735,0.16736650466918945,-0.08075741678476334,0.026210308074951172,0.16496488451957703,0.009707236662507057,0.007848858833312988,0.06360742449760437,-0.02321358397603035,0.0,0.04907256364822388,-0.053091928362846375,0.006471723318099976,0.060987621545791626,-0.06960881501436234,0.07705053687095642,0.13274100422859192,0.0014081144472584128,0.05636301636695862,0.0,-0.03853961080312729,0.05053645372390747,0.02833816409111023,-0.06696195900440216,0.0610659122467041,0.09361395239830017,-0.07506512105464935,0.1284620761871338,0.11992555856704712,-0.013377301394939423,0.11129087209701538,0.0009674131870269775,-0.04382931813597679,0.1018209457397461,0.031410425901412964,-0.05794358626008034,0.10945379734039307,0.09674736857414246,-0.056563861668109894,0.18286532163619995,0.1252351701259613,-0.031809527426958084,0.16909366846084595,0.02405819296836853,-0.046287164092063904,0.15392422676086426,0.01801362633705139,-0.04911646246910095,0.15025097131729126,0.05273345112800598,-0.045361921191215515
E,0.1840812861919403,0.4372186064720154,-1.0480179213345764e-07,0.09326156973838806,0.40379852056503296,-0.02357582189142704,0.025186270475387573,0.3170921206474304,-0.0390317402780056,0.029627084732055664,0.22201919555664062,-0.059570539742708206,0.08085957169532776,0.17228662967681885,-0.07758747786283493,0.02601185441017151,0.16333535313606262,0.010623051784932613,0.008511871099472046,0.05997467041015625,-0.021320268511772156,0.0,0.04604405164718628,-0.05024425685405731,0.006757885217666626,0.059025734663009644,-0.06644818186759949,0.07679203152656555,0.13297727704048157,0.00205484451726079,0.05912888050079346,0.0,-0.03723316639661789,0.05190938711166382,0.029601365327835083,-0.06389820575714111,0.06198543310165405,0.09609845280647278,-0.07090780138969421,0.12798205018043518,0.12136480212211609,-0.013071555644273758,0.11278191208839417,0.0013988614082336426,-0.04266119375824928,0.10139289498329163,0.032452404499053955,-0.05562489852309227,0.10850903391838074,0.09869933128356934,-0.05362377315759659,0.182085782289505,0.12665438652038574,-0.03199291601777077,0.16899588704109192,0.023341894149780273,-0.04576217010617256,0.1522628366947174,0.016866624355316162,-0.04849104955792427,0.14806219935417175,0.05215328931808472,-0.04495451971888542
E,0.18048983812332153,0.4385794401168823,-7.505308730060278e-08,0.08956301212310791,0.4036332368850708,-0.022711874917149544,0.02272513508796692,0.31881773471832275,-0.037563472986221313,0.02640432119369507,0.22436976432800293,-0.05745496600866318,0.07251623272895813,0.17249009013175964,-0.07519260048866272,0.02559855580329895,0.15937843918800354,0.011874490417540073,0.008803576231002808,0.05868738889694214,-0.018883222714066505,0.0,0.04198813438415527,-0.048544663935899734,0.005632072687149048,0.053140878677368164,-0.06599234789609909,0.07657834887504578,0.13046422600746155,0.0028959903866052628,0.057259827852249146,0.0,-0.033789511770009995,0.04932510852813721,0.01958245038986206,-0.06221523880958557,0.05791831016540527,0.0773167610168457,-0.07249529659748077,0.12708306312561035,0.12006506323814392,-0.012500512413680553,0.11192280054092407,0.0014467835426330566,-0.04099621996283531,0.1008726954460144,0.026252716779708862,-0.0565277524292469,0.10799896717071533,0.08905485272407532,-0.057787343859672546,0.180669367313385,0.12668883800506592,-0.03162335976958275,0.16852444410324097,0.023697197437286377,-0.04638979211449623,0.1529066562652588,0.015334367752075195,-0.05124644562602043,0.1489681601524353,0.049793541431427,-0.049885343760252
E,0.17760804295539856,0.4415011405944824,-8.586361843754275e-08,0.0860198438167572,0.40826886892318726,-0.021981192752718925,0.018971532583236694,0.3226926922798157,-0.03557135537266731,0.025209397077560425,0.22662001848220825,-0.05451153963804245,0.0724467933177948,0.17813923954963684,-0.07122162729501724,0.0259610116481781,0.1607879400253296,0.015619455836713314,0.009440064430236816,0.06176993250846863,-0.014279093593358994,0.0,0.04549089074134827,-0.04365812987089157,0.005450218915939331,0.05771982669830322,-0.06095583364367485,0.07667592167854309,0.13037535548210144,0.0064661381766200066,0.057788193225860596,0.0,-0.02981596253812313,0.04815220832824707,0.020647555589675903,-0.05838068947196007,0.05585068464279175,0.07995975017547607,-0.06852967292070389,0.12692031264305115,0.11961260437965393,-0.009294675663113594,0.11182478070259094,0.002644479274749756,-0.0384095162153244,0.09879693388938904,0.03024965524673462,-0.054981980472803116,0.1047830879688263,0.09479856491088867,-0.0564802885055542,0.18025627732276917,0.12600097060203552,-0.028635192662477493,0.1677323877811432,0.022999048233032227,-0.0435350276529789,0.1509641706943512,0.01797431707382202,-0.04868418723344803,0.14695170521736145,0.055468618869781494,-0.04739020764827728
E,0.17917603254318237,0.4407085180282593,-5.986961326698292e-08,0.08580976724624634,0.4073256850242615,-0.02360360510647297,0.020129293203353882,0.32317835092544556,-0.03742840513586998,0.023542165756225586,0.225455641746521,-0.05597648397088051,0.06213602423667908,0.1641554832458496,-0.0720183402299881,0.026741623878479004,0.1604638695716858,0.01629781909286976,0.007768362760543823,0.06281185150146484,-0.01224999688565731,0.0,0.039416372776031494,-0.041609518229961395,0.006503582000732422,0.044191598892211914,-0.059386301785707474,0.0780407190322876,0.1293931007385254,0.00833662785589695,0.059342145919799805,0.0,-0.026911411434412003,0.05109259486198425,0.016206324100494385,-0.05706576257944107,0.058757126331329346,0.07229572534561157,-0.06896103173494339,0.12805664539337158,0.11839398741722107,-0.006199763156473637,0.11368858814239502,0.002094835042953491,-0.034990448504686356,0.1013447642326355,0.026370644569396973,-0.05270763859152794,0.10707688331604004,0.0895237922668457,-0.055534474551677704,0.18095862865447998,0.12516486644744873,-0.024291113018989563,0.16887712478637695,0.023753821849822998,-0.03986964002251625,0.15279161930084229,0.016470730304718018,-0.0457339733839035,0.14865314960479736,0.051546573638916016,-0.04494501277804375
E,0.1715083122253418,0.44143444299697876,-3.1843491399285995e-08,0.08060026168823242,0.4048200249671936,-0.02227368950843811,0.01461520791053772,0.319968044757843,-0.03451785072684288,0.0163610577583313,0.22228151559829712,-0.05158494412899017,0.055579036474227905,0.16126766800880432,-0.06607979536056519,0.021019279956817627,0.16290369629859924,0.018189197406172752,0.005036830902099609,0.07621133327484131,-0.00861912127584219,0.0,0.057077109813690186,-0.036877959966659546,0.009345829486846924,0.06387385725975037,-0.05457793548703194,0.06917297840118408,0.12797069549560547,0.01028475258499384,0.045091867446899414,0.008298337459564209,-0.018790382891893387,0.029533863067626953,0.006513148546218872,-0.045788660645484924,0.031201720237731934,0.045495450496673584,-0.058972474187612534,0.11896800994873047,0.11583131551742554,-0.0046917772851884365,0.10018640756607056,0.0,-0.031488243490457535,0.08619147539138794,0.016976863145828247,-0.048676807433366776,0.09094643592834473,0.07580763101577759,-0.053169459104537964,0.17325180768966675,0.12261474132537842,-0.023234045132994652,0.16134124994277954,0.01850074529647827,-0.03944100812077522,0.14355581998825073,0.010881781578063965,-0.046149905771017075,0.13700652122497559,0.047535240650177,-0.047126322984695435
E,0.17582851648330688,0.44492998719215393,-5.036606154362744e-08,0.08424079418182373,0.410393625497818,-0.019951585680246353,0.018582582473754883,0.32484492659568787,-0.03231088072061539,0.025570690631866455,0.22810718417167664,-0.04996536299586296,0.0670451819896698,0.16579225659370422,-0.06508571654558182,0.025176405906677246,0.16064998507499695,0.017589785158634186,0.008437275886535645,0.06418126821517944,-0.009678260423243046,0.0,0.042788177728652954,-0.03776786848902702,0.003851592540740967,0.04968714714050293,-0.05477374419569969,0.0744594931602478,0.12951353192329407,0.008221539668738842,0.05284780263900757,0.004014432430267334,-0.022005081176757812,0.04021480679512024,0.013291418552398682,-0.048115041106939316,0.04244968295097351,0.06288647651672363,-0.0590173564851284,0.12374168634414673,0.11826547980308533,-0.007634694688022137,0.10662859678268433,0.0,-0.0319417268037796,0.0932852029800415,0.021477729082107544,-0.04525094851851463,0.09697949886322021,0.08212801814079285,-0.04673563316464424,0.1770106554031372,0.12492761015892029,-0.027192333713173866,0.16404569149017334,0.02014365792274475,-0.04058389738202095,0.14649546146392822,0.013096421957015991,-0.043978217989206314,0.14001542329788208,0.04845455288887024,-0.042071156203746796
E,0.17405319213867188,0.4466751217842102,-7.499021847934273e-08,0.08229464292526245,0.41165781021118164,-0.020673206076025963,0.018693238496780396,0.3243390917778015,-0.033466313034296036,0.027830153703689575,0.22594022750854492,-0.05144638568162918,0.06906184554100037,0.16388404369354248,-0.06666035950183868,0.02797606587409973,0.15923431515693665,0.017045505344867706,0.011170387268066406,0.05825918912887573,-0.011560157872736454,0.0,0.0402146577835083,-0.04030949994921684,0.002551257610321045,0.05426520109176636,-0.05705059692263603,0.07672637701034546,0.1282881200313568,0.00800315011292696,0.05538630485534668,0.0,-0.022829566150903702,0.04054352641105652,0.008783578872680664,-0.04951171204447746,0.042130619287490845,0.061131685972213745,-0.06060368940234184,0.12552911043167114,0.11845338344573975,-0.007756978273391724,0.10859888792037964,0.00028651952743530273,-0.032404575496912,0.09321862459182739,0.02042996883392334,-0.047010816633701324,0.09571564197540283,0.08064192533493042,-0.04945216327905655,0.17786884307861328,0.12679937481880188,-0.02723171003162861,0.16529595851898193,0.021475642919540405,-0.04090886563062668,0.146506667137146,0.013225555419921875,-0.04534602165222168,0.13895493745803833,0.04790651798248291,-0.0442345105111599
E,0.175155371427536,0.4498513340950012,-6.944532060515485e-08,0.08174881339073181,0.41298943758010864,-0.020242374390363693,0.01659253239631653,0.3269328474998474,-0.03261213377118111,0.026461899280548096,0.22555029392242432,-0.050189826637506485,0.07342571020126343,0.1656213402748108,-0.06498111039400101,0.028544247150421143,0.15868455171585083,0.018944449722766876,0.010340571403503418,0.05707395076751709,-0.008698505349457264,0.0,0.03515058755874634,-0.037959564477205276,0.0029582679271698,0.05034780502319336,-0.05517149716615677,0.0777016282081604,0.1277797818183899,0.00984219927340746,0.05644640326499939,0.0,-0.01970509998500347,0.04462429881095886,0.0077024102210998535,-0.04733286798000336,0.04821866750717163,0.06336429715156555,-0.05919961258769035,0.12687286734580994,0.11830264329910278,-0.005795105826109648,0.11038997769355774,0.001580357551574707,-0.028741804882884026,0.09679880738258362,0.018305301666259766,-0.044113438576459885,0.10029640793800354,0.08008107542991638,-0.047483891248703,0.17952439188957214,0.12828591465950012,-0.025211429223418236,0.1675051748752594,0.024529635906219482,-0.037768106907606125,0.1497555673122406,0.014719128608703613,-0.04219330847263336,0.14319244027137756,0.051313579082489014,-0.041106194257736206
E,0.17437264323234558,0.4459511637687683,-4.2929151788939635e-08,0.08106580376625061,0.40568262338638306,-0.01937621831893921,0.01702454686164856,0.32055169343948364,-0.031053265556693077,0.02683892846107483,0.21878767013549805,-0.04773741587996483,0.07454577088356018,0.15903159976005554,-0.06171155348420143,0.027664750814437866,0.156520813703537,0.020370256155729294,0.010027170181274414,0.05805081129074097,-0.004401734098792076,0.0,0.032444268465042114,-0.03215464577078819,0.002526789903640747,0.043315112590789795,-0.049251656979322433,0.07661882042884827,0.12514090538024902,0.011359692551195621,0.054021745920181274,0.002223968505859375,-0.014499234966933727,0.04131507873535156,0.0003463923931121826,-0.04143007472157478,0.043200910091400146,0.047337353229522705,-0.05476804077625275,0.12605562806129456,0.1153886616230011,-0.004071836359798908,0.10872659087181091,0.0,-0.02576627768576145,0.0947478711605072,0.011102885007858276,-0.04201719909906387,0.0972680151462555,0.06993812322616577,-0.04714945703744888,0.17930123209953308,0.1251409351825714,-0.023086410015821457,0.1666739284992218,0.022167325019836426,-0.036143749952316284,0.1487458050251007,0.008901268243789673,-0.04156537726521492,0.1413572132587433,0.04323464632034302,-0.04176560416817665
E,0.174973726272583,0.4479804039001465,-6.054287382539769e-08,0.08194249868392944,0.4119192957878113,-0.019538627937436104,0.017337054014205933,0.3238982558250427,-0.030988071113824844,0.028742343187332153,0.22330135107040405,-0.047622617334127426,0.0746622085571289,0.16147524118423462,-0.06158954277634621,0.029132604598999023,0.1595839560031891,0.01861005648970604,0.010849714279174805,0.0613703727722168,-0.006810700986534357,0.0,0.038189083337783813,-0.03374556079506874,0.002196192741394043,0.0479903519153595,-0.04998377710580826,0.07732680439949036,0.12815171480178833,0.009536722674965858,0.05336830019950867,0.0026254355907440186,-0.017259741201996803,0.03897649049758911,0.0051305294036865234,-0.04241107404232025,0.0404072105884552,0.052812427282333374,-0.05370374768972397,0.12614089250564575,0.11860343813896179,-0.005989852827042341,0.10762852430343628,0.0,-0.028418850153684616,0.09332048892974854,0.016006290912628174,-0.04246240854263306,0.09657895565032959,0.07515454292297363,-0.04540039226412773,0.17908042669296265,0.12796157598495483,-0.025162946432828903,0.16606664657592773,0.021814346313476562,-0.03850124776363373,0.14757829904556274,0.011323481798171997,-0.042740598320961,0.14026552438735962,0.04614248871803284,-0.04173976555466652
E,0.17271435260772705,0.4454239308834076,-6.210859027078186e-08,0.07912734150886536,0.40208324790000916,-0.018984278663992882,0.01610773801803589,0.3195084035396576,-0.030915802344679832,0.026697933673858643,0.2211221158504486,-0.04830391705036163,0.07404628396034241,0.16121917963027954,-0.06284280866384506,0.02682971954345703,0.15559187531471252,0.021871792152523994,0.009607702493667603,0.05714336037635803,-0.004248203709721565,0.0,0.036960482597351074,-0.032571885734796524,0.0031315386295318604,0.05100086331367493,-0.04960000142455101,0.07570710778236389,0.12420055270195007,0.012527084909379482,0.052465587854385376,0.0008958876132965088,-0.013912534341216087,0.039334386587142944,0.00490880012512207,-0.04006262123584747,0.0413040816783905,0.0524614155292511,-0.05249016359448433,0.1246911883354187,0.11459282040596008,-0.0035556757356971502,0.10737234354019165,0.0,-0.025603260844945908,0.09390825033187866,0.0161573588848114,-0.04012276232242584,0.09734505414962769,0.07469365000724792,-0.043612416833639145,0.1776829957962036,0.12452566623687744,-0.02333073876798153,0.1653437614440918,0.02081272006034851,-0.035451747477054596,0.14792972803115845,0.011032462120056152,-0.03911735117435455,0.14121025800704956,0.04569348692893982,-0.03795918822288513
E,0.17731720209121704,0.44720929861068726,-6.938104490927799e-08,0.08526667952537537,0.4110751152038574,-0.01992829144001007,0.020524322986602783,0.32407617568969727,-0.03157436475157738,0.029944151639938354,0.22175896167755127,-0.04830954596400261,0.0747067928314209,0.15898001194000244,-0.062080997973680496,0.02967125177383423,0.15736183524131775,0.020072154700756073,0.009652942419052124,0.0577506422996521,-0.00648092944175005,0.0,0.03359752893447876,-0.03499414026737213,0.0030545294284820557,0.04622882604598999,-0.05184030160307884,0.0781298279762268,0.12590205669403076,0.011399269104003906,0.054410964250564575,0.0015825629234313965,-0.015762338414788246,0.042877405881881714,0.005451500415802002,-0.042233213782310486,0.045951008796691895,0.05532962083816528,-0.05429942533373833,0.12702995538711548,0.11554643511772156,-0.003878261661157012,0.1088058352470398,0.0,-0.02586762234568596,0.09568017721176147,0.015721678733825684,-0.04033411294221878,0.09923911094665527,0.07521653175354004,-0.04368836432695389,0.18007385730743408,0.12407994270324707,-0.022903289645910263,0.1669355034828186,0.020403683185577393,-0.0350874625146389,0.14889168739318848,0.010781586170196533,-0.03887290135025978,0.141823410987854,0.046545833349227905,-0.037651609629392624
E,0.17236605286598206,0.447934627532959,-6.060956536657613e-08,0.07856449484825134,0.405023455619812,-0.017587125301361084,0.017169922590255737,0.32054126262664795,-0.02880583144724369,0.027577608823776245,0.2227182388305664,-0.04570882394909859,0.06966257095336914,0.15863049030303955,-0.05982792377471924,0.029491394758224487,0.1563907265663147,0.0231771357357502,0.010386556386947632,0.05942124128341675,-0.0023408604320138693,0.0,0.03491485118865967,-0.030281996354460716,0.002370595932006836,0.04467880725860596,-0.047081612050533295,0.078208327293396,0.12503796815872192,0.013124259188771248,0.05543166399002075,0.0012310147285461426,-0.013931557536125183,0.042926937341690063,0.0039408206939697266,-0.040473274886608124,0.04553362727165222,0.05264008045196533,-0.05249065160751343,0.12662175297737122,0.11505052447319031,-0.003379394533112645,0.10895970463752747,0.0,-0.025435948744416237,0.0951109230518341,0.014972031116485596,-0.03912598639726639,0.0983976423740387,0.0733485221862793,-0.04168550297617912,0.17863187193870544,0.12467437982559204,-0.023442424833774567,0.16575655341148376,0.020653128623962402,-0.03577001765370369,0.14746174216270447,0.009795904159545898,-0.038678865879774094,0.14002904295921326,0.043873757123947144,-0.03647405281662941
E,0.17308467626571655,0.44397634267807007,-5.455648022234527e-08,0.08101800084114075,0.40582340955734253,-0.018472913652658463,0.01814591884613037,0.32221078872680664,-0.029657823964953423,0.028028517961502075,0.22463834285736084,-0.04593069851398468,0.07044357061386108,0.16374284029006958,-0.05925440043210983,0.028569668531417847,0.1553511619567871,0.021122630685567856,0.009201228618621826,0.05945265293121338,-0.003107780823484063,0.0,0.03304767608642578,-0.029859237372875214,0.002790510654449463,0.04142206907272339,-0.04607279226183891,0.07731789350509644,0.12388774752616882,0.01216278038918972,0.053012073040008545,0.0028201937675476074,-0.012769856490194798,0.04255440831184387,0.001655876636505127,-0.03785122558474541,0.04587903618812561,0.046367496252059937,-0.04965253546833992,0.12607061862945557,0.11400699615478516,-0.00314873899333179,0.10791563987731934,0.0,-0.024297034367918968,0.09614211320877075,0.013409167528152466,-0.037470340728759766,0.09934741258621216,0.07052364945411682,-0.0402025543153286,0.1784449815750122,0.12334972620010376,-0.021983187645673752,0.1655489206314087,0.020592987537384033,-0.03449297323822975,0.14927136898040771,0.010112941265106201,-0.0375378355383873,0.14269989728927612,0.04407256841659546,-0.035641223192214966
E,0.17295122146606445,0.44517093896865845,-6.90959822691184e-08,0.08138060569763184,0.4079551100730896,-0.01879650168120861,0.020442426204681396,0.32417720556259155,-0.030802857130765915,0.02976912260055542,0.22657692432403564,-0.04794687777757645,0.06769472360610962,0.15852078795433044,-0.06210726872086525,0.03147149085998535,0.157935231924057,0.019593944773077965,0.009799659252166748,0.05847656726837158,-0.007843779399991035,0.0,0.0318257212638855,-0.03672529757022858,0.0031822621822357178,0.04340720176696777,-0.05335387960076332,0.0797787606716156,0.12626343965530396,0.010063695721328259,0.05538129806518555,0.0005273818969726562,-0.017886998131871223,0.044445574283599854,0.0016914010047912598,-0.04484502226114273,0.0482945442199707,0.05176377296447754,-0.05677071958780289,0.127815842628479,0.11631998419761658,-0.005837106145918369,0.1093326210975647,0.0,-0.02812325209379196,0.09595292806625366,0.012764334678649902,-0.04158453270792961,0.0990632176399231,0.07024931907653809,-0.04399334266781807,0.1794520616531372,0.12601923942565918,-0.02533036656677723,0.1660565733909607,0.02185860276222229,-0.03796779736876488,0.14851093292236328,0.010085701942443848,-0.04065999761223793,0.14136219024658203,0.043976008892059326,-0.03811163455247879
E,0.174536794424057,0.44279026985168457,-5.9289060772016455e-08,0.08380401134490967,0.4050862789154053,-0.019170572981238365,0.022239625453948975,0.325603187084198,-0.03063902072608471,0.027925848960876465,0.22988808155059814,-0.046907223761081696,0.06304821372032166,0.16196924448013306,-0.059896498918533325,0.03190317749977112,0.15664026141166687,0.022369522601366043,0.010759741067886353,0.06107980012893677,-0.0012231324799358845,0.0,0.034309208393096924,-0.02787812612950802,0.0019349753856658936,0.04079329967498779,-0.04419326409697533,0.07934406399726868,0.12448713183403015,0.014130929484963417,0.05260747671127319,0.004460066556930542,-0.01015882845968008,0.0410541296005249,0.002087116241455078,-0.03606773540377617,0.044318825006484985,0.0445975661277771,-0.04879605770111084,0.12670794129371643,0.11422926187515259,-0.000533681595697999,0.10705462098121643,0.0,-0.021052919328212738,0.09419980645179749,0.011033087968826294,-0.034528348594903946,0.09723910689353943,0.06577795743942261,-0.03791843354701996,0.17813196778297424,0.12353777885437012,-0.018743209540843964,0.16495868563652039,0.021334707736968994,-0.031114652752876282,0.14784273505210876,0.009717464447021484,-0.03441965579986572,0.14065316319465637,0.041833460330963135,-0.03282487392425537
E,0.17330223321914673,0.4444533586502075,-7.032783599925096e-08,0.08366084098815918,0.41206449270248413,-0.020233966410160065,0.022410869598388672,0.3286515474319458,-0.03171122446656227,0.02946034073829651,0.23117321729660034,-0.04770725592970848,0.06515878438949585,0.16312247514724731,-0.06066379323601723,0.03478598594665527,0.15911799669265747,0.01875215582549572,0.010864287614822388,0.0635184645652771,-0.0073333000764250755,0.0,0.0334010124206543,-0.03515082597732544,0.0027012228965759277,0.03955844044685364,-0.05162244662642479,0.08282828330993652,0.12690231204032898,0.010362047702074051,0.0566839873790741,0.003133833408355713,-0.017690792679786682,0.04513368010520935,0.0012652873992919922,-0.04420327767729759,0.04853552579879761,0.048986464738845825,-0.05567894130945206,0.13040435314178467,0.11700186133384705,-0.004432345740497112,0.11055314540863037,0.0,-0.02722851373255253,0.09614375233650208,0.009484052658081055,-0.040218234062194824,0.09768223762512207,0.0639289915561676,-0.04214856028556824,0.18154048919677734,0.12774032354354858,-0.022854072973132133,0.16780591011047363,0.02366653084754944,-0.03678407147526741,0.1497439742088318,0.009085923433303833,-0.040155697613954544,0.14116114377975464,0.03876996040344238,-0.03787488862872124
E,0.17191553115844727,0.44283542037010193,-8.600536460789954e-08,0.08535498380661011,0.41140833497047424,-0.02227993682026863,0.025764286518096924,0.32914671301841736,-0.03489601984620094,0.030151069164276123,0.2335401475429535,-0.05178888887166977,0.060665905475616455,0.16085180640220642,-0.06541524827480316,0.03443032503128052,0.15939635038375854,0.01853121630847454,0.010832130908966064,0.060981959104537964,-0.00849778950214386,0.0,0.03096887469291687,-0.03737850859761238,0.0034846365451812744,0.03991618752479553,-0.05432647094130516,0.08182474970817566,0.12726065516471863,0.010682581923902035,0.05675503611564636,0.002697378396987915,-0.018042314797639847,0.046173691749572754,0.0019618570804595947,-0.04670769348740578,0.05072498321533203,0.05197903513908386,-0.059856075793504715,0.12898188829421997,0.11701324582099915,-0.003803105792030692,0.11033046245574951,0.0,-0.026699259877204895,0.09651890397071838,0.0076243579387664795,-0.041769832372665405,0.09967142343521118,0.06250396370887756,-0.04557261988520622,0.1803368330001831,0.1267414391040802,-0.02210661768913269,0.16766178607940674,0.02305886149406433,-0.03637892007827759,0.15034282207489014,0.008758187294006348,-0.04114245995879173,0.1436983346939087,0.04161760210990906,-0.04008327051997185
E,0.17147615551948547,0.44067028164863586,-8.763505121578419e-08,0.08390936255455017,0.4114246666431427,-0.021262871101498604,0.023280948400497437,0.33171549439430237,-0.0330403670668602,0.028114497661590576,0.23574694991111755,-0.04908515140414238,0.05700644850730896,0.1638866364955902,-0.06179773434996605,0.033621788024902344,0.15963295102119446,0.019574906677007675,0.011732131242752075,0.06247425079345703,-0.0070793661288917065,0.0,0.03351894021034241,-0.035622306168079376,0.0018388032913208008,0.043458908796310425,-0.052204351872205734,0.0810457170009613,0.12729927897453308,0.011947543360292912,0.055588215589523315,0.0032353997230529785,-0.01649857498705387,0.04437536001205444,0.002031952142715454,-0.044637542217969894,0.04856318235397339,0.05223682522773743,-0.05731753259897232,0.12777206301689148,0.11662450432777405,-0.002249391283839941,0.10899093747138977,0.0,-0.02540917880833149,0.09581431746482849,0.008745282888412476,-0.040157221257686615,0.09930211305618286,0.06468656659126282,-0.04342278093099594,0.17889758944511414,0.1256517767906189,-0.02008502185344696,0.16641351580619812,0.02272316813468933,-0.03471696004271507,0.1500730812549591,0.008988767862319946,-0.03949691355228424,0.14399608969688416,0.04135134816169739,-0.038219232112169266
E,0.17187529802322388,0.4437195360660553,-8.600772360978226e-08,0.08432099223136902,0.41360703110694885,-0.02119486778974533,0.024017930030822754,0.3311542570590973,-0.032684292644262314,0.02801889181137085,0.23489883542060852,-0.04858073592185974,0.05833715200424194,0.1631755530834198,-0.061280637979507446,0.035723865032196045,0.16081106662750244,0.020873144268989563,0.013245612382888794,0.06353095173835754,-0.005590843502432108,0.0,0.033340901136398315,-0.03394072875380516,0.0015267729759216309,0.044029802083969116,-0.050311777740716934,0.08247244358062744,0.12891587615013123,0.012948740273714066,0.05662757158279419,0.005084902048110962,-0.015614503994584084,0.043003618717193604,4.729628562927246e-05,-0.04380875825881958,0.04605311155319214,0.049626290798187256,-0.05630673095583916,0.1294463872909546,0.11847969889640808,-0.0017329104011878371,0.11018109321594238,0.0,-0.025490911677479744,0.09438773989677429,0.005090564489364624,-0.04077615216374397,0.09682130813598633,0.06040528416633606,-0.044091638177633286,0.18157917261123657,0.12762990593910217,-0.020032787695527077,0.16820669174194336,0.02443602681159973,-0.03560657799243927,0.1502043604850769,0.0070684850215911865,-0.04103485122323036,0.14290666580200195,0.03729274868965149,-0.03987188637256622
E,0.17310106754302979,0.43906623125076294,-7.323817641236019e-08,0.08669322729110718,0.40986770391464233,-0.02299800142645836,0.026199817657470703,0.3337945342063904,-0.03613584488630295,0.02836519479751587,0.23939818143844604,-0.05350343510508537,0.055337101221084595,0.165390282869339,-0.06750914454460144,0.03463223576545715,0.16068467497825623,0.019474413245916367,0.011015444993972778,0.06267166137695312,-0.007751788012683392,0.0,0.03312686085700989,-0.037184715270996094,0.0032128989696502686,0.04372134804725647,-0.054537978023290634,0.08167585730552673,0.1277596354484558,0.011732404120266438,0.05571889877319336,0.003750026226043701,-0.01767973229289055,0.04539397358894348,0.0,-0.047608401626348495,0.05010700225830078,0.05092579126358032,-0.061637479811906815,0.12838393449783325,0.11693790555000305,-0.0028662090189754963,0.10949206352233887,3.7670135498046875e-05,-0.02690202184021473,0.09619948267936707,0.00528484582901001,-0.043216146528720856,0.09884926676750183,0.06099921464920044,-0.04768264666199684,0.17949575185775757,0.12645626068115234,-0.02121744491159916,0.16703695058822632,0.024198055267333984,-0.03715329244732857,0.15090066194534302,0.008774548768997192,-0.04292461648583412,0.14450782537460327,0.040797531604766846,-0.04227854311466217
E,0.17317944765090942,0.4405654966831207,-1.02348188590895e-07,0.08696219325065613,0.4112052619457245,-0.02207021415233612,0.02663281559944153,0.33129385113716125,-0.034611064940690994,0.03040066361427307,0.23515471816062927,-0.05172659084200859,0.05965730547904968,0.16103589534759521,-0.06548665463924408,0.03694272041320801,0.1623850166797638,0.01877940259873867,0.013860166072845459,0.06083229184150696,-0.010740951634943485,0.0,0.034375548362731934,-0.04100942239165306,0.002697587013244629,0.053140878677368164,-0.05773041024804115,0.0831429660320282,0.12928080558776855,0.01089549995958805,0.05592656135559082,0.002817898988723755,-0.019566401839256287,0.04090017080307007,0.0007257759571075439,-0.04909902438521385,0.044412046670913696,0.0555550754070282,-0.06223870813846588,0.12935513257980347,0.11779987812042236,-0.003967425785958767,0.10919290781021118,0.0,-0.028372595086693764,0.09226968884468079,0.007138460874557495,-0.045094117522239685,0.09519714117050171,0.06529340147972107,-0.049426525831222534,0.18044263124465942,0.1258610188961029,-0.022564228624105453,0.1676802635192871,0.0228540301322937,-0.038017868995666504,0.14849549531936646,0.006945163011550903,-0.044350918382406235,0.14063644409179688,0.04038324952125549,-0.0440240278840065
E,0.17072409391403198,0.4430254101753235,-1.2333786969520588e-07,0.08430260419845581,0.4116838574409485,-0.022273017093539238,0.025214970111846924,0.33060187101364136,-0.035585079342126846,0.031005442142486572,0.23389434814453125,-0.05381108820438385,0.06272462010383606,0.16085359454154968,-0.06863609701395035,0.03423401713371277,0.16232112050056458,0.019035575911402702,0.012203902006149292,0.058441162109375,-0.011874753050506115,0.0,0.036715418100357056,-0.042855750769376755,0.005241036415100098,0.05726051330566406,-0.05974430963397026,0.0810806155204773,0.12981495261192322,0.01083203312009573,0.057195305824279785,0.0004584193229675293,-0.02143036387860775,0.04371336102485657,0.00858733057975769,-0.05094427615404129,0.049501657485961914,0.06751275062561035,-0.06296859681606293,0.12778621912002563,0.11887028813362122,-0.004405430052429438,0.10969531536102295,0.0,-0.029390709474682808,0.09349232912063599,0.014757335186004639,-0.04446101561188698,0.09804660081863403,0.07483702898025513,-0.04694169759750366,0.17887723445892334,0.12748867273330688,-0.023486819118261337,0.1664329171180725,0.023878276348114014,-0.037677913904190063,0.14785021543502808,0.012937366962432861,-0.04178560525178909,0.142076313495636,0.04900580644607544,-0.03963490203022957
E,0.17157363891601562,0.4396960139274597,-1.3705820833820326e-07,0.08591821789741516,0.41065895557403564,-0.022577278316020966,0.02515864372253418,0.3338242173194885,-0.035798341035842896,0.02671980857849121,0.24074578285217285,-0.05400049313902855,0.055270761251449585,0.167587012052536,-0.06885676831007004,0.03496050834655762,0.16518834233283997,0.01862623542547226,0.012224018573760986,0.06160104274749756,-0.01198912225663662,0.0,0.03900706768035889,-0.04204901307821274,0.004789382219314575,0.05887413024902344,-0.05845776945352554,0.08172956109046936,0.13160711526870728,0.010192004963755608,0.05641618371009827,0.0019069314002990723,-0.02326218970119953,0.04231974482536316,0.008054375648498535,-0.05282819643616676,0.047215014696121216,0.06732571125030518,-0.06457871198654175,0.12831342220306396,0.11913421750068665,-0.005388492718338966,0.10831403732299805,0.0,-0.031947359442710876,0.09217333793640137,0.014751076698303223,-0.04769552871584892,0.09594079852104187,0.07520031929016113,-0.05020355060696602,0.17860150337219238,0.1265009641647339,-0.024684177711606026,0.1645132303237915,0.02450963854789734,-0.04047374799847603,0.14624518156051636,0.013776302337646484,-0.04534953087568283,0.14046669006347656,0.048671066761016846,-0.04349781200289726
E,0.17294013500213623,0.4406382739543915,-1.1843205527384271e-07,0.08537948131561279,0.4101180136203766,-0.022373439744114876,0.0243380069732666,0.33065083622932434,-0.03532516211271286,0.028576701879501343,0.23529890179634094,-0.053110938519239426,0.06002694368362427,0.16287735104560852,-0.06761077046394348,0.034859687089920044,0.1634160876274109,0.018897147849202156,0.012389183044433594,0.062290191650390625,-0.011089298874139786,0.0,0.03889909386634827,-0.04120562970638275,0.0053299665451049805,0.05727660655975342,-0.05788123607635498,0.08135545253753662,0.130240797996521,0.010834047570824623,0.055155038833618164,0.003631502389907837,-0.021357432007789612,0.04147571325302124,0.007391691207885742,-0.050921227782964706,0.047569990158081055,0.06399771571159363,-0.06331931799650192,0.12799757719039917,0.11830118298530579,-0.004324581939727068,0.10767662525177002,0.0,-0.030072985216975212,0.09223130345344543,0.012296468019485474,-0.04667965695261955,0.0978999137878418,0.07226857542991638,-0.05031157284975052,0.17910617589950562,0.12549498677253723,-0.02322673238813877,0.16510802507400513,0.02330067753791809,-0.03899938240647316,0.146914541721344,0.012222737073898315,-0.04492957144975662,0.1418355107307434,0.04867413640022278,-0.04413140192627907
E,0.1743229329586029,0.4378264546394348,-6.643069383471811e-08,0.08580195903778076,0.40301769971847534,-0.021232247352600098,0.02498975396156311,0.32558590173721313,-0.03276348114013672,0.028134256601333618,0.230740487575531,-0.04917275533080101,0.060172051191329956,0.1597258448600769,-0.06267793476581573,0.034409135580062866,0.16400086879730225,0.022114338353276253,0.011680185794830322,0.06879037618637085,-0.003021395532414317,0.0,0.03928905725479126,-0.030757594853639603,0.004005730152130127,0.04533463716506958,-0.047587379813194275,0.08084580302238464,0.1292744278907776,0.013763281516730785,0.053123146295547485,0.006495177745819092,-0.014246140606701374,0.03950205445289612,0.001476585865020752,-0.04304303973913193,0.043772101402282715,0.047814905643463135,-0.05668335407972336,0.12770840525627136,0.11644178628921509,-0.0013961492804810405,0.10623827576637268,0.0,-0.025191158056259155,0.09165185689926147,0.00787895917892456,-0.04251502454280853,0.09643056988716125,0.06479084491729736,-0.04762394353747368,0.17925909161567688,0.12356424331665039,-0.020185498520731926,0.1640770137310028,0.020593881607055664,-0.03571700677275658,0.14640989899635315,0.007857978343963623,-0.04204221069812775,0.14112678170204163,0.04362308979034424,-0.04209797829389572
E,0.17402055859565735,0.4343731105327606,-7.545452263002517e-08,0.08767861127853394,0.3998998701572418,-0.01769639179110527,0.028117090463638306,0.3225298225879669,-0.02647280879318714,0.029335349798202515,0.22901228070259094,-0.040611762553453445,0.05455946922302246,0.1589178442955017,-0.05191793292760849,0.035478949546813965,0.1614096760749817,0.028164619579911232,0.01208987832069397,0.0715373158454895,0.006868396885693073,0.0,0.04118254780769348,-0.01831265352666378,0.0021842122077941895,0.041899263858795166,-0.03433425351977348,0.08046615123748779,0.12670466303825378,0.018594255670905113,0.05129888653755188,0.008879095315933228,-0.00662336265668273,0.03778955340385437,0.0020548999309539795,-0.03337383270263672,0.041272878646850586,0.04366406798362732,-0.046322014182806015,0.12626144289970398,0.11336496472358704,0.0022868828382343054,0.10314437747001648,0.0,-0.02052631787955761,0.08882403373718262,0.008179962635040283,-0.03617341071367264,0.09241548180580139,0.061904966831207275,-0.04050609469413757,0.1768035590648651,0.11985599994659424,-0.017359571531414986,0.16210845112800598,0.017598628997802734,-0.0330439992249012,0.14507630467414856,0.006217867136001587,-0.03861367702484131,0.13957807421684265,0.04056364297866821,-0.038316309452056885
E,0.17266100645065308,0.43208956718444824,-8.149871177920431e-08,0.088040292263031,0.4045735001564026,-0.020684268325567245,0.0267200767993927,0.32790106534957886,-0.031129108741879463,0.027783095836639404,0.23370200395584106,-0.04633450508117676,0.055520981550216675,0.16294199228286743,-0.058415140956640244,0.03400412201881409,0.16145646572113037,0.022323869168758392,0.010767698287963867,0.07010400295257568,-0.001865800702944398,0.0,0.041166335344314575,-0.02780907228589058,0.0033005177974700928,0.0457305908203125,-0.043343886733055115,0.07941246032714844,0.1268736720085144,0.014123441651463509,0.051390111446380615,0.005826383829116821,-0.014615505933761597,0.039687395095825195,0.005197972059249878,-0.04119880497455597,0.04434654116630554,0.05384647846221924,-0.05218062177300453,0.12544584274291992,0.11374437808990479,-0.0008277161396108568,0.10313296318054199,0.0,-0.02574373222887516,0.090050607919693,0.014194607734680176,-0.04004957526922226,0.09367725253105164,0.070803701877594,-0.04198334366083145,0.1757766604423523,0.12054172158241272,-0.019277164712548256,0.16085946559906006,0.01830318570137024,-0.03556811064481735,0.14415186643600464,0.009524405002593994,-0.04028226062655449,0.13830554485321045,0.044176340103149414,-0.03850323334336281
E,0.17352139949798584,0.4319603145122528,-8.522414418621338e-08,0.08897867798805237,0.4036463797092438,-0.021654324606060982,0.02751752734184265,0.3270523250102997,-0.03262000530958176,0.028339743614196777,0.2341378629207611,-0.04845111444592476,0.0534401535987854,0.16096848249435425,-0.0614042691886425,0.03361523151397705,0.164250910282135,0.022461703047156334,0.011180967092514038,0.07309642434120178,-0.0022681234404444695,0.0,0.04426687955856323,-0.028839463368058205,0.003907442092895508,0.049433231353759766,-0.045005954802036285,0.0788167417049408,0.12871524691581726,0.013938148505985737,0.04921466112136841,0.00883367657661438,-0.016109591349959373,0.03549385070800781,0.004142671823501587,-0.044645488262176514,0.03918465971946716,0.05041167140007019,-0.05750434100627899,0.1251438856124878,0.11500582098960876,-0.0017438704380765557,0.10096639394760132,0.0,-0.02978728897869587,0.08730798959732056,0.012714385986328125,-0.048320189118385315,0.09175586700439453,0.07085087895393372,-0.05308932811021805,0.17644405364990234,0.12089267373085022,-0.020640350878238678,0.15893584489822388,0.018811523914337158,-0.04065995663404465,0.1426403522491455,0.013042181730270386,-0.04840762913227081,0.13850539922714233,0.052907317876815796,-0.04881919175386429
E,0.173579603433609,0.43446213006973267,-4.4619699934855817e-08,0.08634492754936218,0.4078249931335449,-0.022648079320788383,0.022362947463989258,0.32839685678482056,-0.033556777983903885,0.025283128023147583,0.23022127151489258,-0.04866866394877434,0.05732753872871399,0.15783452987670898,-0.06091928109526634,0.031131595373153687,0.16437232494354248,0.018672693520784378,0.01116400957107544,0.0741904079914093,-0.00557955726981163,0.0,0.04158759117126465,-0.031512971967458725,0.0036531686782836914,0.042197972536087036,-0.0474761463701725,0.07734960317611694,0.12805411219596863,0.011286955326795578,0.04964914917945862,0.008588552474975586,-0.01712154597043991,0.03601008653640747,0.0009253919124603271,-0.04393539950251579,0.040397435426712036,0.04330861568450928,-0.05608028173446655,0.12454226613044739,0.11428812146186829,-0.0029597384855151176,0.10293999314308167,0.0,-0.028915511444211006,0.08893665671348572,0.00875505805015564,-0.0462125688791275,0.09347373247146606,0.06378644704818726,-0.050679877400398254,0.17620673775672913,0.12003660202026367,-0.02068438194692135,0.1611892282962799,0.015971720218658447,-0.03901691362261772,0.14461222290992737,0.0038373470306396484,-0.04666011407971382,0.139602392911911,0.038801491260528564,-0.04729851335287094
E,0.17147862911224365,0.4339362382888794,-8.460533962306727e-08,0.08490866422653198,0.4029346704483032,-0.02027941681444645,0.023659884929656982,0.32767432928085327,-0.031212495639920235,0.02531588077545166,0.23329293727874756,-0.047071423381567,0.0517536997795105,0.16248169541358948,-0.06005189195275307,0.030995815992355347,0.16151556372642517,0.022600069642066956,0.009418070316314697,0.07012304663658142,-0.0021122402977198362,0.0,0.04455345869064331,-0.02927744947373867,0.0051753222942352295,0.05138212442398071,-0.04587285965681076,0.0769590437412262,0.12609300017356873,0.013904636725783348,0.049255430698394775,0.006527930498123169,-0.01432143896818161,0.03868839144706726,0.006261646747589111,-0.042430292814970016,0.04468870162963867,0.052226364612579346,-0.05548572167754173,0.12360531091690063,0.11218127608299255,-0.0015492098173126578,0.10170072317123413,0.0,-0.025993073359131813,0.09006339311599731,0.013004809617996216,-0.042809389531612396,0.09573549032211304,0.06918585300445557,-0.04743523150682449,0.17486679553985596,0.11803144216537476,-0.020467743277549744,0.1602623462677002,0.01657801866531372,-0.036509014666080475,0.14513897895812988,0.008607566356658936,-0.04275957867503166,0.1412469744682312,0.04512917995452881,-0.04284529387950897
E,0.17086327075958252,0.4272944927215576,-6.646674677313058e-08,0.08362817764282227,0.39350956678390503,-0.020633386448025703,0.02344927191734314,0.31915318965911865,-0.031127365306019783,0.02518877387046814,0.22822195291519165,-0.04669884964823723,0.04985359311103821,0.15721428394317627,-0.059399913996458054,0.030433297157287598,0.1591583490371704,0.0266956128180027,0.009440779685974121,0.0730738639831543,0.004489724058657885,0.0,0.046472400426864624,-0.021047431975603104,0.00530928373336792,0.04746556282043457,-0.03737521171569824,0.07566821575164795,0.123904287815094,0.018375936895608902,0.04651650786399841,0.010361731052398682,-0.009173153899610043,0.03459721803665161,0.007095754146575928,-0.037187136709690094,0.03897184133529663,0.04736897349357605,-0.050645556300878525,0.12198054790496826,0.1102866530418396,0.0028563099913299084,0.09791642427444458,0.0,-0.023299923166632652,0.08589926362037659,0.013293951749801636,-0.04129859805107117,0.09115082025527954,0.06892463564872742,-0.0463523305952549,0.1732509732246399,0.11483520269393921,-0.015908289700746536,0.15690183639526367,0.01481086015701294,-0.03384130820631981,0.14171451330184937,0.010323971509933472,-0.04088078811764717,0.13819032907485962,0.04863569140434265,-0.04143240302801132
E,0.1692199409008026,0.4250275492668152,-4.6331461334148116e-08,0.0829823911190033,0.3959065079689026,-0.021437538787722588,0.02164936065673828,0.3213016390800476,-0.0323311910033226,0.023608922958374023,0.22804737091064453,-0.047614436596632004,0.04984965920448303,0.1572083830833435,-0.060251384973526,0.02834358811378479,0.1563049554824829,0.021666379645466805,0.008594542741775513,0.07202914357185364,-0.0012842834694311023,0.0,0.04188716411590576,-0.02695992961525917,0.003931909799575806,0.04028654098510742,-0.043361254036426544,0.07469919323921204,0.12139791250228882,0.013615863397717476,0.04898586869239807,0.006842106580734253,-0.014894265681505203,0.03942254185676575,0.003155231475830078,-0.042667731642723083,0.04455879330635071,0.044847726821899414,-0.055459052324295044,0.12161538004875183,0.10830181837081909,-0.0011915267677977681,0.1006568968296051,0.0,-0.027635803446173668,0.0896730124950409,0.011301100254058838,-0.04538482427597046,0.09406062960624695,0.06521177291870117,-0.050046227872371674,0.17289415001869202,0.11459696292877197,-0.019285205751657486,0.1594153344631195,0.01466137170791626,-0.03783561289310455,0.14567962288856506,0.004535257816314697,-0.04545670375227928,0.14154508709907532,0.037614256143569946,-0.04616190120577812
E,0.17015358805656433,0.41626060009002686,-5.120162072103085e-08,0.0862271785736084,0.38787126541137695,-0.02010108157992363,0.024879813194274902,0.3166487216949463,-0.030306823551654816,0.01907309889793396,0.23025786876678467,-0.04512936249375343,0.037371158599853516,0.16362246870994568,-0.0572018101811409,0.02716425061225891,0.15684151649475098,0.021962691098451614,0.007782667875289917,0.0727895200252533,0.0005394473555497825,0.0,0.046565234661102295,-0.023171890527009964,0.0047821104526519775,0.04783862829208374,-0.0381479375064373,0.07293620705604553,0.12117409706115723,0.013565522618591785,0.044303953647613525,0.010255873203277588,-0.01234777458012104,0.03275594115257263,0.002970457077026367,-0.03683442622423172,0.035596102476119995,0.04029896855354309,-0.048274628818035126,0.12082043290138245,0.10826081037521362,-0.0017189283389598131,0.09644970297813416,0.0,-0.027556123211979866,0.08734548091888428,0.0107688307762146,-0.04253033176064491,0.09233954548835754,0.06324499845504761,-0.045737940818071365,0.1730343997478485,0.11383354663848877,-0.020001571625471115,0.15832826495170593,0.014475196599960327,-0.03848603367805481,0.14529618620872498,0.008328050374984741,-0.043802231550216675,0.14163479208946228,0.04371875524520874,-0.04305943101644516
E,0.16461175680160522,0.41915178298950195,-4.3276894956534306e-08,0.0777706503868103,0.3893578052520752,-0.02258133701980114,0.017184466123580933,0.3181893229484558,-0.03526381030678749,0.018519163131713867,0.22585707902908325,-0.05193760618567467,0.040374547243118286,0.15125447511672974,-0.06579428911209106,0.02546781301498413,0.15505358576774597,0.016694651916623116,0.007657915353775024,0.06664460897445679,-0.009743141010403633,0.0,0.03950664401054382,-0.03685147687792778,0.004637360572814941,0.043042778968811035,-0.052970148622989655,0.07300078868865967,0.12082627415657043,0.00948823057115078,0.05141866207122803,0.0027917027473449707,-0.020507153123617172,0.04334115982055664,0.004985451698303223,-0.046954259276390076,0.04906436800956726,0.05080747604370117,-0.05799286812543869,0.12084007263183594,0.10882613062858582,-0.00441971980035305,0.1036495566368103,0.0,-0.030426010489463806,0.09364736080169678,0.014654755592346191,-0.04406701400876045,0.09813898801803589,0.06762802600860596,-0.045617278665304184,0.1721552610397339,0.11696368455886841,-0.021778017282485962,0.16070616245269775,0.018462061882019043,-0.03882865235209465,0.14618146419525146,0.011144876480102539,-0.04307946190237999,0.14068573713302612,0.0441318154335022,-0.040957171469926834
E,0.16794341802597046,0.41881197690963745,-7.434893145585875e-09,0.07917571067810059,0.3876539468765259,-0.019616173580288887,0.016767680644989014,0.3141804337501526,-0.02883068285882473,0.01589953899383545,0.2226623296737671,-0.042310554534196854,0.04052996635437012,0.15290766954421997,-0.05311892554163933,0.024491488933563232,0.15767115354537964,0.023620009422302246,0.0069657862186431885,0.07553127408027649,0.003985429182648659,0.0,0.04297006130218506,-0.01917484775185585,0.0051950812339782715,0.03551900386810303,-0.03454022482037544,0.07161599397659302,0.12245187163352966,0.01586022600531578,0.045826494693756104,0.012395411729812622,-0.008231368847191334,0.03443881869316101,0.0,-0.03281163051724434,0.03720903396606445,0.029811084270477295,-0.044941261410713196,0.12017285823822021,0.10993635654449463,0.0014637710992246866,0.0987597107887268,0.0009565055370330811,-0.022582510486245155,0.08908712863922119,0.0066550374031066895,-0.037334103137254715,0.09394460916519165,0.054334670305252075,-0.040843721479177475,0.1729399561882019,0.11680382490158081,-0.016007738187909126,0.1610240936279297,0.016627907752990723,-0.0333542563021183,0.14786416292190552,0.003649085760116577,-0.03899325057864189,0.14358949661254883,0.031515538692474365,-0.038665346801280975
E,0.1734662652015686,0.41334667801856995,1.3309128910066192e-08,0.0869174599647522,0.3875439465045929,-0.02061977982521057,0.022551119327545166,0.31580331921577454,-0.029817190021276474,0.01663234829902649,0.22581204771995544,-0.04312370717525482,0.033909767866134644,0.15459215641021729,-0.05378911271691322,0.027902334928512573,0.15760266780853271,0.023607607930898666,0.00812944769859314,0.07887348532676697,0.0060148537158966064,0.0,0.045471370220184326,-0.015888793393969536,0.0015073120594024658,0.02946367859840393,-0.031511448323726654,0.07518941164016724,0.12094736099243164,0.01602048985660076,0.0502018928527832,0.011932075023651123,-0.008043498732149601,0.04139891266822815,0.006326228380203247,-0.031607430428266525,0.04489666223526001,0.037409424781799316,-0.04281952232122421,0.12328445911407471,0.10705065727233887,0.0019128613639622927,0.10124325752258301,0.0,-0.022447049617767334,0.09211665391921997,0.01204681396484375,-0.035147033631801605,0.09661191701889038,0.06024006009101868,-0.03694644570350647,0.1749483346939087,0.11138957738876343,-0.01540886890143156,0.16142034530639648,0.012137681245803833,-0.033104654401540756,0.14806807041168213,0.005595177412033081,-0.03726097568869591,0.14475518465042114,0.0367225706577301,-0.035699985921382904
E,0.16943088173866272,0.41488349437713623,-1.662114001987902e-08,0.08275625109672546,0.39166200160980225,-0.020017538219690323,0.018761873245239258,0.31999707221984863,-0.028759246692061424,0.01247665286064148,0.22921448945999146,-0.041825175285339355,0.02945190668106079,0.15720853209495544,-0.052591774612665176,0.026843398809432983,0.1588975191116333,0.023176493123173714,0.008173912763595581,0.081714928150177,0.004564117640256882,0.0,0.049739062786102295,-0.01775691658258438,0.0016193091869354248,0.0347825288772583,-0.03349766507744789,0.07398712635040283,0.1216115653514862,0.014978241175413132,0.04946252703666687,0.011934638023376465,-0.011116216890513897,0.038518160581588745,0.008792638778686523,-0.03559085726737976,0.04041913151741028,0.04216468334197998,-0.04668840765953064,0.12171116471290588,0.10758581757545471,0.0003796183445956558,0.09977880120277405,0.0,-0.025921616703271866,0.08954694867134094,0.014555096626281738,-0.039512962102890015,0.0930090844631195,0.06466928124427795,-0.041147228330373764,0.17304769158363342,0.11310979723930359,-0.017300959676504135,0.15911278128623962,0.01310509443283081,-0.036653365939855576,0.14589080214500427,0.006333261728286743,-0.041771240532398224,0.1415368616580963,0.037767231464385986,-0.04043188318610191
E,0.16846224665641785,0.41603782773017883,5.606247910350248e-09,0.08274632692337036,0.3921147882938385,-0.02290371246635914,0.01836496591567993,0.321880966424942,-0.03461406007409096,0.011618643999099731,0.23427262902259827,-0.050038088113069534,0.029327720403671265,0.16033992171287537,-0.06332670897245407,0.02819707989692688,0.1600428819656372,0.01645476371049881,0.008335649967193604,0.08094123005867004,-0.004967760760337114,0.0,0.045745253562927246,-0.02897045761346817,0.0018070042133331299,0.03055301308631897,-0.045558735728263855,0.07646888494491577,0.12239053845405579,0.00865317601710558,0.052886128425598145,0.010854393243789673,-0.019245171919465065,0.045161038637161255,0.005369752645492554,-0.04458410665392876,0.05001130700111389,0.03978493809700012,-0.056192547082901,0.12493661046028137,0.10844773054122925,-0.0054723238572478294,0.10449138283729553,0.0,-0.031586963683366776,0.09599032998085022,0.009911000728607178,-0.04424064978957176,0.10017123818397522,0.05717536807060242,-0.0458194874227047,0.17616412043571472,0.11565747857093811,-0.023005547001957893,0.16290786862373352,0.017806679010391235,-0.04192991927266121,0.15039673447608948,0.008097708225250244,-0.04603569209575653,0.14609834551811218,0.03613510727882385,-0.044144149869680405
E,0.17970481514930725,0.40659087896347046,1.798864701640923e-08,0.096973717212677,0.38444483280181885,-0.024672510102391243,0.03135278820991516,0.3181827664375305,-0.03654680773615837,0.013945341110229492,0.2366902232170105,-0.051350101828575134,0.023152410984039307,0.16978618502616882,-0.06408125162124634,0.03143283724784851,0.16005679965019226,0.01261307206004858,0.008275091648101807,0.08163291215896606,-0.007250976283103228,0.0,0.047280848026275635,-0.03002508357167244,0.0020649731159210205,0.031090199947357178,-0.04605913162231445,0.08038103580474854,0.12030649185180664,0.006122251972556114,0.054665714502334595,0.01099395751953125,-0.020702337846159935,0.04728981852531433,0.003327995538711548,-0.044906135648489,0.05295366048812866,0.03495943546295166,-0.055986907333135605,0.13113722205162048,0.10525929927825928,-0.006562161725014448,0.10811862349510193,0.0,-0.03199693560600281,0.10105732083320618,0.006232649087905884,-0.044321827590465546,0.10726919770240784,0.049814075231552124,-0.046026598662137985,0.18497714400291443,0.11147958040237427,-0.022610079497098923,0.1711547076702118,0.015866518020629883,-0.04038739949464798,0.15871331095695496,0.0061103105545043945,-0.04357212409377098,0.1562945544719696,0.03299883008003235,-0.04141908138990402
E,0.16892284154891968,0.4081379771232605,3.386246305581153e-08,0.08349308371543884,0.38809067010879517,-0.020975232124328613,0.018539756536483765,0.3201856017112732,-0.03034302033483982,0.009590595960617065,0.22971081733703613,-0.04324297606945038,0.026636183261871338,0.15712133049964905,-0.053809210658073425,0.025561988353729248,0.16084396839141846,0.019948676228523254,0.006293654441833496,0.08257594704627991,0.0025671860203146935,0.0,0.04587221145629883,-0.01913953386247158,0.002914249897003174,0.025397807359695435,-0.03510706126689911,0.07332539558410645,0.12102910876274109,0.012956973165273666,0.04888653755187988,0.015342414379119873,-0.008434406481683254,0.04210588335990906,0.004265099763870239,-0.03072284907102585,0.04599827527999878,0.026027441024780273,-0.042714428156614304,0.1217050552368164,0.10582387447357178,-0.00030021992279216647,0.09964913129806519,0.0,-0.022842660546302795,0.09373873472213745,0.0062972307205200195,-0.03395241126418114,0.09901034832000732,0.04838043451309204,-0.03609773889183998,0.17361211776733398,0.10976845026016235,-0.01682976447045803,0.16029804944992065,0.011878788471221924,-0.03405136242508888,0.1479087471961975,0.003046751022338867,-0.03753059357404709,0.14293891191482544,0.031111568212509155,-0.036189354956150055
E,0.17513135075569153,0.400125116109848,5.661133783974037e-08,0.09091463685035706,0.38522228598594666,-0.023652229458093643,0.02478775382041931,0.3227522671222687,-0.03502359613776207,0.007492542266845703,0.24735072255134583,-0.04907722398638725,0.021185249090194702,0.189258873462677,-0.0614805594086647,0.027152061462402344,0.16079166531562805,0.007996995002031326,0.00614657998085022,0.0849437415599823,-0.011587311513721943,0.0,0.050782203674316406,-0.03350076451897621,0.003395587205886841,0.03463345766067505,-0.04899229109287262,0.07760453224182129,0.12007549405097961,0.0016248030588030815,0.052766889333724976,0.012583941221237183,-0.022645942866802216,0.044349730014801025,0.0,-0.04468492791056633,0.04887846112251282,0.02426162362098694,-0.05557869002223015,0.12969329953193665,0.10531285405158997,-0.010501859709620476,0.10773655772209167,0.0005699098110198975,-0.03519482538104057,0.10204270482063293,0.003636687994003296,-0.04749900475144386,0.10937067866325378,0.0453605055809021,-0.04974342882633209,0.18402042984962463,0.1121123731136322,-0.025769060477614403,0.17227604985237122,0.01578691601753235,-0.044530630111694336,0.15937981009483337,0.0032924115657806396,-0.04882432520389557,0.15519562363624573,0.029833883047103882,-0.04759741201996803
E,0.1717132329940796,0.4033440947532654,7.296622328567537e-08,0.08648577332496643,0.38668155670166016,-0.021417785435914993,0.02098381519317627,0.3214567303657532,-0.030780714005231857,0.007182061672210693,0.2399541139602661,-0.04302588105201721,0.02437269687652588,0.17608025670051575,-0.053742218762636185,0.026153236627578735,0.1630466878414154,0.013263975270092487,0.0059642791748046875,0.08758115768432617,-0.0033392624463886023,0.0,0.04832559823989868,-0.024092605337500572,0.0022425949573516846,0.025551021099090576,-0.03978049010038376,0.0762164294719696,0.12250247597694397,0.006449665408581495,0.051790714263916016,0.017919838428497314,-0.015057988464832306,0.04462382197380066,0.0,-0.037275079637765884,0.04811254143714905,0.018152505159378052,-0.049367040395736694,0.12739455699920654,0.10736837983131409,-0.005981971509754658,0.10625791549682617,0.003129243850708008,-0.029512133449316025,0.10255074501037598,0.0017678141593933105,-0.0424358993768692,0.10980522632598877,0.04045701026916504,-0.045731984078884125,0.1815209984779358,0.11310023069381714,-0.02136038988828659,0.16949325799942017,0.01751101016998291,-0.04029453918337822,0.15947848558425903,0.0031890571117401123,-0.045210275799036026,0.15644198656082153,0.02727442979812622,-0.044734079390764236
E,0.17710110545158386,0.3981582820415497,8.093434900047214e-08,0.09302523732185364,0.38391074538230896,-0.022709641605615616,0.025950580835342407,0.320504754781723,-0.032627224922180176,0.006802290678024292,0.24227014183998108,-0.044847775250673294,0.02030596137046814,0.18237432837486267,-0.05552399158477783,0.027534931898117065,0.16341260075569153,0.010049191303551197,0.006574451923370361,0.08815240859985352,-0.00632914574816823,0.0,0.04964417219161987,-0.026525668799877167,0.0015729069709777832,0.027325958013534546,-0.041798464953899384,0.07774880528450012,0.12222215533256531,0.004103012382984161,0.05255541205406189,0.0195329487323761,-0.01667499914765358,0.04395604133605957,0.0,-0.03774396702647209,0.04612603783607483,0.015085965394973755,-0.049539968371391296,0.13015034794807434,0.10633203387260437,-0.007486442569643259,0.10832193493843079,0.0029715001583099365,-0.030698712915182114,0.10362854599952698,0.00036588311195373535,-0.04314066097140312,0.11078521609306335,0.03719338774681091,-0.04649924859404564,0.18563947081565857,0.11090043187141418,-0.022046903148293495,0.1733711063861847,0.015729278326034546,-0.04072710871696472,0.16200384497642517,0.0018005669116973877,-0.04538525268435478,0.15890219807624817,0.02586185932159424,-0.04500337317585945
E,0.1690807342529297,0.40647125244140625,1.2249358860572102e-07,0.08203208446502686,0.39491599798202515,-0.023443913087248802,0.014751195907592773,0.3325037956237793,-0.03370602801442146,0.0,0.2517584562301636,-0.04586553946137428,0.01701757311820984,0.18661320209503174,-0.05629124119877815,0.023269861936569214,0.17368242144584656,0.008866137824952602,0.005454301834106445,0.09972861409187317,-0.008263267576694489,0.0005057156085968018,0.05691075325012207,-0.029493950307369232,0.0028263330459594727,0.03002762794494629,-0.04586079344153404,0.07264918088912964,0.13115262985229492,0.00340383592993021,0.04639360308647156,0.03276163339614868,-0.016106680035591125,0.03574562072753906,0.0036107897758483887,-0.03754005953669548,0.03536728024482727,0.008429646492004395,-0.051436930894851685,0.12451767921447754,0.1143871545791626,-0.007968430407345295,0.10251379013061523,0.00965803861618042,-0.032319582998752594,0.09700411558151245,0.0,-0.046952877193689346,0.10293471813201904,0.034168511629104614,-0.05262028053402901,0.1802545189857483,0.11730211973190308,-0.022244121879339218,0.16863811016082764,0.021244317293167114,-0.0443071685731411,0.15703868865966797,0.002956569194793701,-0.05201907083392143,0.15185070037841797,0.02620336413383484,-0.05395660921931267
E,0.15700647234916687,0.40487784147262573,1.1002224198364274e-07,0.07170644402503967,0.3887137770652771,-0.021926412358880043,0.007270187139511108,0.3175400495529175,-0.03211953118443489,0.000827103853225708,0.22796976566314697,-0.045203935354948044,0.026669859886169434,0.16195470094680786,-0.056655872613191605,0.020053744316101074,0.1622287929058075,0.012145440094172955,0.004271328449249268,0.08570677042007446,-0.008243091404438019,0.0,0.04253998398780823,-0.03181978315114975,0.0046627819538116455,0.024298369884490967,-0.04814993217587471,0.0691203773021698,0.12498745322227478,0.005987698212265968,0.046340763568878174,0.020547866821289062,-0.01741321012377739,0.03832468390464783,0.0,-0.041462838649749756,0.04043230414390564,0.020638644695281982,-0.054634977132081985,0.11819776892662048,0.11097574234008789,-0.005888999439775944,0.1012105643749237,0.0031670331954956055,-0.030545135959982872,0.0948232114315033,0.0010223388671875,-0.04462572559714317,0.09895327687263489,0.04322183132171631,-0.048467036336660385,0.1698136031627655,0.1166372299194336,-0.02077857218682766,0.159752756357193,0.019882678985595703,-0.04106604680418968,0.14871034026145935,0.003039240837097168,-0.04741672798991203,0.1430605947971344,0.027270019054412842,-0.047519244253635406
E,0.1730850338935852,0.3904300332069397,5.8280736681126655e-08,0.08705213665962219,0.3795406222343445,-0.025642430409789085,0.01901993155479431,0.32391947507858276,-0.03855462372303009,0.00044602155685424805,0.2500796318054199,-0.053266942501068115,0.013815701007843018,0.191567063331604,-0.06632880866527557,0.02841249108314514,0.15837782621383667,0.004468789789825678,0.006770342588424683,0.08341127634048462,-0.014899774454534054,0.0,0.048612356185913086,-0.037077538669109344,0.0021904706954956055,0.03318154811859131,-0.05293061211705208,0.07881373167037964,0.11774003505706787,-0.00010030554403783754,0.05157512426376343,0.018371492624282837,-0.02207360975444317,0.04091155529022217,0.0,-0.043953247368335724,0.041288018226623535,0.01717197895050049,-0.056482281535863876,0.13191044330596924,0.10166937112808228,-0.010483733378350735,0.10931563377380371,0.000768512487411499,-0.03406255319714546,0.101936936378479,0.00048482418060302734,-0.04678206145763397,0.10627007484436035,0.040070295333862305,-0.05041893944144249,0.1874890923500061,0.10563802719116211,-0.0240312609821558,0.17603951692581177,0.013996422290802002,-0.04315314069390297,0.16263049840927124,0.002939194440841675,-0.04815841466188431,0.15696406364440918,0.030505776405334473,-0.04779965057969093
E,0.1763436198234558,0.39302560687065125,1.1874776362219563e-07,0.09095937013626099,0.3811512887477875,-0.027174999937415123,0.023055613040924072,0.32463279366493225,-0.04041703790426254,0.001504659652709961,0.2515202462673187,-0.054770518094301224,0.01464959979057312,0.1928480565547943,-0.06765606254339218,0.028529226779937744,0.16366618871688843,0.0006993850111030042,0.006838619709014893,0.08951467275619507,-0.018935730680823326,0.0,0.050762444734573364,-0.041102152317762375,0.001200169324874878,0.029883891344070435,-0.057126484811306,0.08054420351982117,0.12201577425003052,-0.0030945241451263428,0.05545738339424133,0.021479099988937378,-0.02706678956747055,0.0452597439289093,0.0,-0.05015776306390762,0.04582631587982178,0.014590948820114136,-0.0630265474319458,0.13522768020629883,0.10497027635574341,-0.012448441237211227,0.11387956142425537,0.003822416067123413,-0.037633948028087616,0.10840904712677002,6.461143493652344e-05,-0.05201088264584541,0.11462652683258057,0.03791210055351257,-0.056238751858472824,0.19201010465621948,0.10840365290641785,-0.024935076013207436,0.18153226375579834,0.016145795583724976,-0.0453215017914772,0.16918158531188965,0.0012365281581878662,-0.05176640674471855,0.16449272632598877,0.026044458150863647,-0.05215136706829071
E,0.17355602979660034,0.40526384115219116,1.708185948245955e-07,0.08526203036308289,0.391185462474823,-0.02332121506333351,0.018211960792541504,0.3301679491996765,-0.0346825085580349,0.0032842159271240234,0.25142568349838257,-0.04737630859017372,0.021058499813079834,0.19019654393196106,-0.05855701118707657,0.022952020168304443,0.17336389422416687,0.006409562658518553,0.003484398126602173,0.09829676151275635,-0.01009994838386774,0.0,0.05436035990715027,-0.03067733906209469,0.002509385347366333,0.025982201099395752,-0.0463864840567112,0.07606428861618042,0.13168585300445557,0.0018176535377278924,0.05257540941238403,0.03621676564216614,-0.016031429171562195,0.04676932096481323,0.006788372993469238,-0.03627477586269379,0.04926115274429321,0.009337931871414185,-0.04927776753902435,0.13071519136428833,0.114560067653656,-0.008239847607910633,0.11187398433685303,0.01604771614074707,-0.029042847454547882,0.10820239782333374,0.0,-0.040853746235370636,0.11315667629241943,0.025128066539764404,-0.04517064616084099,0.1874207854270935,0.11792531609535217,-0.021293383091688156,0.1779383420944214,0.02766472101211548,-0.03904355317354202,0.168040931224823,0.004638850688934326,-0.043582700192928314,0.16293615102767944,0.018019884824752808,-0.043524958193302155
E,0.1569538712501526,0.40315133333206177,1.353713940943635e-07,0.07108181715011597,0.38553279638290405,-0.02156040444970131,0.006480753421783447,0.3186420798301697,-0.03214645013213158,0.0005685091018676758,0.23267018795013428,-0.04537681117653847,0.02696320414543152,0.16685542464256287,-0.056957244873046875,0.020779818296432495,0.16015496850013733,0.012585218995809555,0.0044370293617248535,0.08478829264640808,-0.004380162339657545,0.0,0.040912747383117676,-0.025668250396847725,0.0020317435264587402,0.015989959239959717,-0.04144065082073212,0.07070612907409668,0.12331193685531616,0.006937437225133181,0.047626107931137085,0.023135125637054443,-0.013775900937616825,0.041391968727111816,0.0028515756130218506,-0.0364052876830101,0.044173240661621094,0.019262611865997314,-0.049083199352025986,0.12065953016281128,0.10885626077651978,-0.0040598358027637005,0.10333555936813354,0.003696352243423462,-0.026241900399327278,0.09760135412216187,0.0,-0.03895933926105499,0.1015247106552124,0.03824812173843384,-0.042212847620248795,0.1723915934562683,0.1140429675579071,-0.01806640438735485,0.16303396224975586,0.01947963237762451,-0.03674501180648804,0.15191727876663208,0.002225041389465332,-0.0422203503549099,0.14623421430587769,0.02455049753189087,-0.04169871285557747
E,0.17220255732536316,0.3924369215965271,6.863217549835099e-08,0.08949869871139526,0.38094574213027954,-0.024144861847162247,0.021594226360321045,0.3176687955856323,-0.03599252551794052,0.0052641332149505615,0.23711925745010376,-0.049956247210502625,0.021485090255737305,0.17598289251327515,-0.06228550150990486,0.02464863657951355,0.15922066569328308,0.0070312898606061935,0.0043256282806396484,0.0831834077835083,-0.013508301228284836,0.0,0.04246097803115845,-0.03634980693459511,0.004028409719467163,0.025345444679260254,-0.05202494189143181,0.07625001668930054,0.1199987530708313,0.0015684779500588775,0.05247703194618225,0.01600402593612671,-0.022816605865955353,0.04811728000640869,0.0025664567947387695,-0.046100322157144547,0.053480952978134155,0.030115485191345215,-0.0578102245926857,0.1289254128932953,0.10391628742218018,-0.009443758055567741,0.1098235547542572,0.00012969970703125,-0.03348498418927193,0.10567614436149597,0.0,-0.04614333435893059,0.1114591658115387,0.041191160678863525,-0.04886441305279732,0.1832960546016693,0.1082504391670227,-0.023555010557174683,0.17176643013954163,0.016614317893981934,-0.04239468649029732,0.16121134161949158,0.003942638635635376,-0.04708268865942955,0.15794548392295837,0.030273616313934326,-0.045948728919029236
E,0.18367445468902588,0.4038887619972229,1.279120454000804e-07,0.09664222598075867,0.38947534561157227,-0.024653421714901924,0.02837231755256653,0.3257793188095093,-0.035365231335163116,0.010244220495223999,0.24594569206237793,-0.04745060205459595,0.025626420974731445,0.18382641673088074,-0.05797409266233444,0.030868172645568848,0.1743336021900177,0.0060896906070411205,0.007627904415130615,0.09890270233154297,-0.010656045749783516,0.000186920166015625,0.05659979581832886,-0.03131317347288132,0.0,0.02969604730606079,-0.04717002436518669,0.08164826035499573,0.1323581039905548,0.0014052193146198988,0.05546388030052185,0.034404754638671875,-0.018256444483995438,0.04641228914260864,0.007035702466964722,-0.039467018097639084,0.04785427451133728,0.013269901275634766,-0.05267540365457535,0.13519227504730225,0.11534884572029114,-0.009005868807435036,0.11274319887161255,0.01368016004562378,-0.031769219785928726,0.10813933610916138,0.0,-0.045769840478897095,0.1153939962387085,0.02900180220603943,-0.05121523514389992,0.19193994998931885,0.11816805601119995,-0.022500652819871902,0.18063563108444214,0.023833394050598145,-0.04175771027803421,0.1697741150856018,0.003972232341766357,-0.047915536910295486,0.16695702075958252,0.023799359798431396,-0.04904003441333771
E,0.17470797896385193,0.4015226364135742,1.683659576201535e-07,0.09196236729621887,0.38772130012512207,-0.02410827949643135,0.025036931037902832,0.32370805740356445,-0.03576989471912384,0.004266530275344849,0.24332034587860107,-0.04889756441116333,0.01974734663963318,0.1816609501838684,-0.0603882297873497,0.025276094675064087,0.1699405312538147,0.0060135358944535255,0.005420953035354614,0.09326237440109253,-0.010668819770216942,0.0,0.047656357288360596,-0.03096005879342556,0.0004076063632965088,0.021184265613555908,-0.046248603612184525,0.07737341523170471,0.12858730554580688,0.0014253477565944195,0.05402055382728577,0.03012758493423462,-0.018681980669498444,0.048336416482925415,0.005056619644165039,-0.040004681795835495,0.05085030198097229,0.017602622509002686,-0.05264929309487343,0.1311722695827484,0.11118963360786438,-0.008503933437168598,0.1128300130367279,0.009441494941711426,-0.031178178265690804,0.10812631249427795,0.0,-0.04390554502606392,0.1121884286403656,0.033694565296173096,-0.04800470545887947,0.1868889033794403,0.11320176720619202,-0.021302832290530205,0.17651912569999695,0.021527588367462158,-0.04047977924346924,0.16570016741752625,0.004247993230819702,-0.04578135907649994,0.1606089174747467,0.025883853435516357,-0.04569070041179657
E,0.17935508489608765,0.4002860188484192,1.785097651918477e-07,0.09958881139755249,0.3859357237815857,-0.023992976173758507,0.03264954686164856,0.32476192712783813,-0.03555352985858917,0.006513714790344238,0.2512296438217163,-0.04838082194328308,0.017084091901779175,0.19457638263702393,-0.059471651911735535,0.027071714401245117,0.17206454277038574,0.003939246293157339,0.006064414978027344,0.09526523947715759,-0.013039136305451393,0.0,0.05163201689720154,-0.033077456057071686,0.0007634758949279785,0.027851760387420654,-0.04781854897737503,0.07765713334083557,0.131394624710083,-0.00043833639938384295,0.052986979484558105,0.03281503915786743,-0.020040364935994148,0.0450420081615448,0.0048392415046691895,-0.040234971791505814,0.046464890241622925,0.013773739337921143,-0.05230947211384773,0.13163304328918457,0.11472558975219727,-0.010156755335628986,0.1127551794052124,0.012547433376312256,-0.03281165286898613,0.1082109808921814,0.0,-0.04531609266996384,0.11330538988113403,0.031356245279312134,-0.04930109158158302,0.1876094937324524,0.11846399307250977,-0.022659307345747948,0.17864453792572021,0.025259822607040405,-0.04189551621675491,0.16792118549346924,0.0040881335735321045,-0.04714132472872734,0.16314852237701416,0.022150903940200806,-0.04698673635721207
E,0.1758052110671997,0.3977312445640564,1.482195841617795e-07,0.10271945595741272,0.3775850534439087,-0.019668646156787872,0.0381510853767395,0.3097354769706726,-0.028424516320228577,0.00863221287727356,0.2397577166557312,-0.03901498392224312,0.007234632968902588,0.19553253054618835,-0.048860691487789154,0.029798924922943115,0.16351312398910522,0.0031515033915638924,0.0059105753898620605,0.08727538585662842,-0.015348921529948711,0.0,0.04742583632469177,-0.03588731214404106,0.0022483468055725098,0.031013011932373047,-0.04959593713283539,0.0785837173461914,0.12647587060928345,-0.003135930746793747,0.05572149157524109,0.019178330898284912,-0.02604263834655285,0.05006915330886841,0.003710448741912842,-0.04633556306362152,0.05415409803390503,0.029416322708129883,-0.0557938851416111,0.12973231077194214,0.11446815729141235,-0.013860732316970825,0.11434191465377808,0.005935966968536377,-0.036867205053567886,0.11199945211410522,0.0,-0.048051755875349045,0.11900514364242554,0.03610008955001831,-0.049972839653491974,0.18230020999908447,0.12605533003807068,-0.02693246491253376,0.17573082447052002,0.028915822505950928,-0.04430949315428734,0.1672866940498352,0.010016083717346191,-0.04751426726579666,0.16566181182861328,0.02691936492919922,-0.04549216851592064
E,0.17682701349258423,0.3917345404624939,2.1990982190800423e-07,0.12722939252853394,0.3299841284751892,-0.013533221557736397,0.06961575150489807,0.2502712607383728,-0.02000901661813259,0.02639138698577881,0.194880872964859,-0.030072633177042007,0.002340167760848999,0.17537742853164673,-0.04017503187060356,0.039307594299316406,0.14469516277313232,0.00801394134759903,0.011971652507781982,0.06886455416679382,-0.011794032528996468,0.0006313920021057129,0.03459236025810242,-0.03376251086592674,0.0,0.022018015384674072,-0.04819817841053009,0.06713268160820007,0.133256196975708,-0.0011067524319514632,0.04661297798156738,0.022991657257080078,-0.024657314643263817,0.03942766785621643,0.0,-0.04557390138506889,0.043642789125442505,0.016044259071350098,-0.0564332976937294,0.10115689039230347,0.14485028386116028,-0.014624001458287239,0.08525741100311279,0.033532410860061646,-0.03841586783528328,0.08891052007675171,0.022140800952911377,-0.05129515752196312,0.10258233547210693,0.05263909697532654,-0.05536574497818947,0.1388656497001648,0.17913970351219177,-0.029931245371699333,0.13449853658676147,0.08364138007164001,-0.04758515954017639,0.13443785905838013,0.0581187903881073,-0.0524413026869297,0.14143890142440796,0.06571438908576965,-0.053047388792037964
E,0.17287516593933105,0.3981355130672455,1.1333914073929918e-07,0.09149894118309021,0.38627538084983826,-0.021539194509387016,0.02659398317337036,0.31849971413612366,-0.03131655231118202,0.004820287227630615,0.2442774474620819,-0.043269529938697815,0.012432396411895752,0.1966387927532196,-0.054384853690862656,0.0293998122215271,0.16206508874893188,0.0034177866764366627,0.007403135299682617,0.08357048034667969,-0.017583923414349556,0.0,0.04543545842170715,-0.04034234583377838,0.0019216537475585938,0.034726858139038086,-0.055187586694955826,0.08049693703651428,0.12200015783309937,-0.002708102110773325,0.05974811315536499,0.012340158224105835,-0.029220733791589737,0.04860013723373413,0.0007182657718658447,-0.052755340933799744,0.049494922161102295,0.0334811806678772,-0.0635785236954689,0.13303077220916748,0.10772469639778137,-0.0136501369997859,0.11810535192489624,0.0,-0.03977179899811745,0.10905218124389648,0.0018160641193389893,-0.05364185944199562,0.11378341913223267,0.046523988246917725,-0.05617869272828102,0.18844479322433472,0.11605200171470642,-0.027113810181617737,0.18092018365859985,0.02173188328742981,-0.04660676419734955,0.1662386655807495,0.005308181047439575,-0.05197456479072571,0.1597425937652588,0.027910321950912476,-0.0509084090590477
E,0.1651867926120758,0.4039456844329834,-3.6166110106705673e-08,0.08517396450042725,0.3867305517196655,-0.0183156318962574,0.02154862880706787,0.3172411322593689,-0.027164390310645103,0.011249929666519165,0.2339053750038147,-0.04009711742401123,0.028821825981140137,0.17130127549171448,-0.05159136652946472,0.02800881862640381,0.15879175066947937,0.015311159193515778,0.0087069571018219,0.08124721050262451,-0.004795996006578207,0.0,0.04570204019546509,-0.027074607089161873,0.0008427202701568604,0.030935168266296387,-0.042382657527923584,0.07801839709281921,0.12088662385940552,0.005783672444522381,0.05741426348686218,0.009920120239257812,-0.02216271124780178,0.04896792769432068,0.010247349739074707,-0.04592983424663544,0.05198174715042114,0.04808834195137024,-0.055628206580877304,0.1270488202571869,0.10652139782905579,-0.009009036235511303,0.10945764183998108,0.0,-0.03557412326335907,0.10108605027198792,0.01475435495376587,-0.04684758931398392,0.1051817238330841,0.0628858208656311,-0.04671351984143257,0.17893144488334656,0.11382651329040527,-0.026584461331367493,0.1667584478855133,0.019157052040100098,-0.04504416137933731,0.15340957045555115,0.011857300996780396,-0.047849591821432114,0.1484232246875763,0.039723992347717285,-0.04478676989674568
E,0.16301807761192322,0.40941697359085083,-1.2856918374382076e-07,0.08509060740470886,0.38989466428756714,-0.01870140992105007,0.025087028741836548,0.3183119297027588,-0.027854841202497482,0.01670771837234497,0.23252063989639282,-0.04162569344043732,0.026441484689712524,0.1669030487537384,-0.05304093658924103,0.032777637243270874,0.15474063158035278,0.017475100234150887,0.012735605239868164,0.06800499558448792,-0.009545819833874702,0.0,0.04272294044494629,-0.03601783141493797,0.0015194714069366455,0.048160284757614136,-0.05102968215942383,0.08042380213737488,0.11971867084503174,0.0075759924948215485,0.06079232692718506,0.0,-0.024833085015416145,0.04712763428688049,0.009412288665771484,-0.05008542537689209,0.050164639949798584,0.060963332653045654,-0.05812740698456764,0.1278432309627533,0.10785692930221558,-0.008496634662151337,0.11089023947715759,0.0003383159637451172,-0.035485558211803436,0.097266286611557,0.02227574586868286,-0.04581771790981293,0.10050880908966064,0.07504308223724365,-0.04363856464624405,0.17787525057792664,0.1179589331150055,-0.027833344414830208,0.16623792052268982,0.02172103524208069,-0.04417787119746208,0.1496938169002533,0.018235743045806885,-0.04545950889587402,0.14456328749656677,0.05003967881202698,-0.040509965270757675
E,0.16295021772384644,0.4154047966003418,-1.3207589688590815e-07,0.08445340394973755,0.3901287913322449,-0.01895965449512005,0.025146037340164185,0.3207721710205078,-0.028214367106556892,0.01672998070716858,0.23558658361434937,-0.04211043566465378,0.025644361972808838,0.16954255104064941,-0.053231384605169296,0.03099772334098816,0.1562984585762024,0.018991956487298012,0.01156926155090332,0.06894519925117493,-0.007361452095210552,0.0,0.040045320987701416,-0.0338774211704731,0.002236306667327881,0.04384279251098633,-0.049069199711084366,0.07822024822235107,0.1214563250541687,0.009518833830952644,0.05911433696746826,0.0,-0.021938834339380264,0.047106385231018066,0.005970120429992676,-0.04695780947804451,0.050436198711395264,0.05843210220336914,-0.0551983118057251,0.12555646896362305,0.10985973477363586,-0.006401725113391876,0.10905987024307251,0.0016286969184875488,-0.03239374980330467,0.09679597616195679,0.021764039993286133,-0.043034423142671585,0.10020536184310913,0.07589095830917358,-0.04157823324203491,0.17574244737625122,0.12029567360877991,-0.025702452287077904,0.16573309898376465,0.02334854006767273,-0.041481729596853256,0.1488901972770691,0.0203092098236084,-0.043306052684783936,0.14253467321395874,0.055239707231521606,-0.03907809406518936
E,0.1688653528690338,0.42868396639823914,-1.7541327679282404e-07,0.0871080756187439,0.4043271839618683,-0.02250507101416588,0.02581655979156494,0.3336063325405121,-0.03735215216875076,0.019782602787017822,0.2444763481616974,-0.0566660612821579,0.039215922355651855,0.16960498690605164,-0.07190173864364624,0.03364405035972595,0.1602843999862671,0.01409111637622118,0.013021528720855713,0.05859491229057312,-0.01944376714527607,0.0,0.04450318217277527,-0.0497843399643898,0.004937916994094849,0.07153329253196716,-0.06516507267951965,0.08040052652359009,0.12841612100601196,0.005788104608654976,0.06157958507537842,0.0023489296436309814,-0.026368295773863792,0.04512348771095276,0.015749484300613403,-0.05182122439146042,0.04898223280906677,0.0725392997264862,-0.06080767884850502,0.128530353307724,0.11736243963241577,-0.009680879302322865,0.11375442147254944,0.0,-0.03447095677256584,0.09620845317840576,0.02238038182258606,-0.044979143887758255,0.09941542148590088,0.08071717619895935,-0.04428752511739731,0.17990705370903015,0.12547576427459717,-0.02904687263071537,0.16736218333244324,0.02902129292488098,-0.04305366799235344,0.14769139885902405,0.026818424463272095,-0.044558245688676834,0.14099612832069397,0.06409797072410583,-0.04020985588431358
E,0.171346515417099,0.436807245016098,-1.838129009001932e-07,0.08699303865432739,0.40632376074790955,-0.022931920364499092,0.028178393840789795,0.33497896790504456,-0.037444233894348145,0.024063020944595337,0.24468693137168884,-0.05680665373802185,0.042118966579437256,0.16660404205322266,-0.07224661856889725,0.03733554482460022,0.1628265380859375,0.016917433589696884,0.01585257053375244,0.0602986216545105,-0.0179563220590353,0.0,0.046473026275634766,-0.04987470060586929,0.0042261481285095215,0.07215681672096252,-0.06602414697408676,0.08274808526039124,0.13131111860275269,0.008280238136649132,0.0626768171787262,0.0,-0.026942381635308266,0.045389801263809204,0.015904754400253296,-0.055104706436395645,0.05171427130699158,0.07520386576652527,-0.06486231088638306,0.12996283173561096,0.12065190076828003,-0.007906329818069935,0.11457130312919617,0.0018656551837921143,-0.03498337045311928,0.0966046154499054,0.024272620677947998,-0.04819204658269882,0.10312506556510925,0.08271387219429016,-0.04838920757174492,0.18166926503181458,0.12860652804374695,-0.028057219460606575,0.16978022456169128,0.02587619423866272,-0.042080339044332504,0.1492922008037567,0.022032976150512695,-0.04459225386381149,0.1444026529788971,0.0595952570438385,-0.04094601050019264
E,0.18767836689949036,0.4436675012111664,-3.886359252192051e-07,0.10694262385368347,0.4207410514354706,-0.022563569247722626,0.04122644662857056,0.34743818640708923,-0.039827968925237656,0.025677591562271118,0.2606715261936188,-0.06280488520860672,0.04948964715003967,0.200105220079422,-0.08080188184976578,0.051460832357406616,0.1620146930217743,0.006331923883408308,0.027654826641082764,0.04324743151664734,-0.03418545052409172,0.0012899935245513916,0.057234615087509155,-0.06390835344791412,0.0,0.1056458055973053,-0.07669465988874435,0.09447643160820007,0.1357773244380951,-0.003600835567340255,0.0702710747718811,0.0,-0.04153039678931236,0.046995311975479126,0.04673832654953003,-0.05852346122264862,0.053500205278396606,0.11162266135215759,-0.05847509950399399,0.139458566904068,0.12790822982788086,-0.021290022879838943,0.11767128109931946,0.005139678716659546,-0.04853691905736923,0.09452199935913086,0.05187654495239258,-0.048936955630779266,0.1005786657333374,0.11440971493721008,-0.03961809724569321,0.18958166241645813,0.13727876543998718,-0.04343600198626518,0.17398527264595032,0.03777185082435608,-0.05459379777312279,0.14564523100852966,0.04792264103889465,-0.04987150803208351,0.13788875937461853,0.08913502097129822,-0.040873751044273376
E,0.19002854824066162,0.4498884379863739,-4.088328751095105e-07,0.10803735256195068,0.42191949486732483,-0.018507754430174828,0.044532209634780884,0.34415504336357117,-0.03250440955162048,0.03304806351661682,0.25570228695869446,-0.05300229787826538,0.061466872692108154,0.20173826813697815,-0.06888248771429062,0.054159849882125854,0.16275525093078613,0.010986183770000935,0.02815425395965576,0.047465384006500244,-0.026335809379816055,0.0009716451168060303,0.0637265145778656,-0.05373411625623703,0.0,0.11096113920211792,-0.06543333828449249,0.09603312611579895,0.13764309883117676,-0.0007389759412035346,0.07224032282829285,0.0,-0.03738739341497421,0.046185851097106934,0.04984602332115173,-0.05391635745763779,0.05137631297111511,0.11794108152389526,-0.05358187109231949,0.14076781272888184,0.13040009140968323,-0.019732961431145668,0.1209854781627655,0.006768256425857544,-0.04589081555604935,0.09461653232574463,0.05646422505378723,-0.046763017773628235,0.09978452324867249,0.1215483546257019,-0.037665627896785736,0.19088959693908691,0.1388765275478363,-0.04293565824627876,0.17758965492248535,0.0332237184047699,-0.0522364042699337,0.1472265124320984,0.0449998676776886,-0.046949416399002075,0.13875889778137207,0.08986997604370117,-0.03789389133453369
E,0.1971774399280548,0.4517427682876587,-3.4950753047269245e-07,0.10886958241462708,0.4242370128631592,-0.021468689665198326,0.042665332555770874,0.35269272327423096,-0.04039468243718147,0.03256630897521973,0.26795846223831177,-0.06539791822433472,0.07042509317398071,0.22363710403442383,-0.08564547449350357,0.050966233015060425,0.1669984757900238,0.003289382439106703,0.029905855655670166,0.03995919227600098,-0.03826373815536499,0.0016730427742004395,0.06263461709022522,-0.06857206672430038,0.0,0.11468750238418579,-0.08230467885732651,0.09546592831611633,0.14744824171066284,-0.008587269112467766,0.0773431658744812,0.0,-0.049327149987220764,0.049290984869003296,0.047054171562194824,-0.06775826960802078,0.054328709840774536,0.11526542901992798,-0.06897608935832977,0.14172014594078064,0.1428450345993042,-0.028082886710762978,0.12656918168067932,0.009902000427246094,-0.05445365235209465,0.09742510318756104,0.0511624813079834,-0.057684917002916336,0.10122853517532349,0.11354368925094604,-0.05131446570158005,0.19365635514259338,0.15115982294082642,-0.05225143954157829,0.17993810772895813,0.044017672538757324,-0.06081938371062279,0.14758530259132385,0.053075432777404785,-0.05727820843458176,0.13784608244895935,0.0962103009223938,-0.0505121648311615
E,0.19356200098991394,0.45483869314193726,-3.503374159663508e-07,0.10552981495857239,0.4248735308647156,-0.01860669255256653,0.04109790921211243,0.3493814468383789,-0.03529926389455795,0.03397127985954285,0.2628023028373718,-0.05848156660795212,0.07278189063072205,0.22021302580833435,-0.07747771590948105,0.05005091428756714,0.16659075021743774,0.006292333826422691,0.02904599905014038,0.04117298126220703,-0.03333345428109169,0.0017433762550354004,0.06512027978897095,-0.06306160986423492,0.0,0.11745953559875488,-0.07671217620372772,0.09559917449951172,0.14606505632400513,-0.00663035036996007,0.07684820890426636,0.0,-0.04520706087350845,0.049205929040908813,0.04752516746520996,-0.06326542794704437,0.05413833260536194,0.11608675122261047,-0.06473560631275177,0.14231356978416443,0.14165633916854858,-0.02679583616554737,0.12607988715171814,0.00987192988395691,-0.051675233989953995,0.09796851873397827,0.05254006385803223,-0.05479401350021362,0.10221737623214722,0.1151961088180542,-0.04874701797962189,0.19456717371940613,0.1510390043258667,-0.05138136446475983,0.18044129014015198,0.04400897026062012,-0.05902383103966713,0.14876648783683777,0.054525792598724365,-0.05497559905052185,0.13945940136909485,0.0982867181301117,-0.04811495542526245
E,0.1919187307357788,0.45491862297058105,-4.12662870985514e-07,0.10196170210838318,0.4251515865325928,-0.021629352122545242,0.0345613956451416,0.3511320948600769,-0.04227268695831299,0.021347492933273315,0.2675924301147461,-0.06996510922908783,0.07007491588592529,0.23331177234649658,-0.09297656267881393,0.050115883350372314,0.16475477814674377,0.0035433946177363396,0.030398249626159668,0.032857656478881836,-0.04019022732973099,0.0,0.071576327085495,-0.07132381200790405,0.0022895336151123047,0.13529738783836365,-0.08575984090566635,0.09342688322067261,0.14912757277488708,-0.009118455462157726,0.07278358936309814,0.0,-0.052361227571964264,0.04157102108001709,0.057808637619018555,-0.06906292587518692,0.0480765700340271,0.12935200333595276,-0.06853832304477692,0.13807892799377441,0.1474698781967163,-0.03005652315914631,0.12033039331436157,0.010957181453704834,-0.0576595664024353,0.0867789089679718,0.05946928262710571,-0.05911784619092941,0.08860072493553162,0.12666332721710205,-0.05109121650457382,0.1883111596107483,0.15688163042068481,-0.056040309369564056,0.1716078519821167,0.047605156898498535,-0.06546218693256378,0.1353321075439453,0.05997210741043091,-0.06209370493888855,0.12245064973831177,0.10568401217460632,-0.05544717237353325
E,0.1888219118118286,0.4529021382331848,-3.679992630623019e-07,0.09975585341453552,0.42106831073760986,-0.020567936822772026,0.03460359573364258,0.3498397469520569,-0.04045480117201805,0.01884022355079651,0.27055925130844116,-0.06720927357673645,0.060437142848968506,0.23397785425186157,-0.08933530002832413,0.04793369770050049,0.16449236869812012,0.004975860007107258,0.028498172760009766,0.03399014472961426,-0.03733157366514206,0.0,0.06721746921539307,-0.06781124323606491,0.0007458925247192383,0.12403959035873413,-0.08176777511835098,0.09160533547401428,0.1480153203010559,-0.0074825105257332325,0.07122737169265747,0.0,-0.049023475497961044,0.041504353284835815,0.05462086200714111,-0.06584306061267853,0.0479869544506073,0.12182307243347168,-0.06574960798025131,0.13640356063842773,0.145807147026062,-0.027844863012433052,0.1196136474609375,0.009700804948806763,-0.05431097745895386,0.08794164657592773,0.0559917688369751,-0.05543137341737747,0.09063422679901123,0.12005388736724854,-0.04738527536392212,0.1870444416999817,0.1564849317073822,-0.053042761981487274,0.172177255153656,0.048550426959991455,-0.06142357364296913,0.13673102855682373,0.05803599953651428,-0.057355113327503204,0.12421923875808716,0.10043057799339294,-0.050228461623191833
E,0.18718057870864868,0.4581260681152344,-4.320843913774297e-07,0.0933603048324585,0.42125219106674194,-0.018778493627905846,0.026533693075180054,0.3475003242492676,-0.03718401491641998,0.008279144763946533,0.2640646696090698,-0.06362558156251907,0.05602234601974487,0.2312096357345581,-0.0847320407629013,0.04441344738006592,0.16571959853172302,0.013760431669652462,0.029698610305786133,0.03121185302734375,-0.029888581484556198,0.0,0.07458993792533875,-0.06049269437789917,0.0027171671390533447,0.1395454704761505,-0.0742683857679367,0.086703360080719,0.1500398814678192,0.0001435889134882018,0.06878027319908142,0.0,-0.044039253145456314,0.0343855619430542,0.05996870994567871,-0.06072967126965523,0.03867635130882263,0.13167685270309448,-0.059385135769844055,0.13013648986816406,0.14811232686042786,-0.022282922640442848,0.11398988962173462,0.015018820762634277,-0.04983767867088318,0.07783153653144836,0.06462669372558594,-0.05059865862131119,0.07774090766906738,0.13038748502731323,-0.04123666509985924,0.17848944664001465,0.15755349397659302,-0.04978764429688454,0.16214823722839355,0.05105602741241455,-0.05699106678366661,0.12460356950759888,0.05941265821456909,-0.052859704941511154,0.11001944541931152,0.09872075915336609,-0.045500144362449646
E,0.1905287206172943,0.4548833966255188,-3.730047239969281e-07,0.09586653113365173,0.41802144050598145,-0.019506284967064857,0.027731627225875854,0.34634679555892944,-0.039327412843704224,0.0041467249393463135,0.2634214758872986,-0.06661166250705719,0.05162665247917175,0.2315695881843567,-0.08867936581373215,0.04691609740257263,0.1663849949836731,0.010340068489313126,0.030475914478302002,0.03288745880126953,-0.03230907395482063,0.0,0.07184785604476929,-0.062230706214904785,0.001727759838104248,0.1319100260734558,-0.07594646513462067,0.08905029296875,0.15076452493667603,-0.0026019213255494833,0.06875225901603699,0.0,-0.04545454680919647,0.03578132390975952,0.05808117985725403,-0.06093856692314148,0.041201502084732056,0.12528961896896362,-0.05923394113779068,0.13201746344566345,0.14789420366287231,-0.02394009567797184,0.1142626702785492,0.011881887912750244,-0.05068528652191162,0.07979664206504822,0.058471620082855225,-0.05005251243710518,0.08052361011505127,0.12169155478477478,-0.04014114290475845,0.17988553643226624,0.15831464529037476,-0.05034096911549568,0.16455164551734924,0.05131453275680542,-0.05773539841175079,0.12941119074821472,0.054527342319488525,-0.053317975252866745,0.1162542998790741,0.09017956256866455,-0.0458654947578907
E,0.19691643118858337,0.45934903621673584,-4.072612966865563e-07,0.10060551762580872,0.42254960536956787,-0.015690652653574944,0.03348064422607422,0.3508296012878418,-0.03326847776770592,0.015571683645248413,0.2647794485092163,-0.05937332659959793,0.07008850574493408,0.24062234163284302,-0.0804673284292221,0.052785784006118774,0.17047026753425598,0.015296529047191143,0.03731575608253479,0.03509247303009033,-0.0250958651304245,0.0012534558773040771,0.0749778151512146,-0.0553654320538044,0.0,0.13848906755447388,-0.070574551820755,0.08942010998725891,0.1538335084915161,1.5275110854418017e-05,0.06912979483604431,0.0,-0.038278814405202866,0.028883397579193115,0.052928924560546875,-0.054238833487033844,0.030573338270187378,0.12184512615203857,-0.05538751557469368,0.12873873114585876,0.14995473623275757,-0.023440126329660416,0.11141958832740784,0.008960962295532227,-0.046014778316020966,0.06985318660736084,0.05580931901931763,-0.04717289283871651,0.06787228584289551,0.12286308407783508,-0.04086935147643089,0.17415758967399597,0.15881767868995667,-0.05209039896726608,0.15562018752098083,0.04869532585144043,-0.05739593505859375,0.11416569352149963,0.06080460548400879,-0.0536029115319252,0.09823498129844666,0.10809594392776489,-0.04818601906299591
E,0.19855785369873047,0.46007391810417175,-3.9157697528935387e-07,0.1019216775894165,0.41966256499290466,-0.012572376057505608,0.03520292043685913,0.3474087417125702,-0.027980932965874672,0.017563968896865845,0.26685425639152527,-0.052504606544971466,0.0674578845500946,0.24184241890907288,-0.07258163392543793,0.05515769124031067,0.16767939925193787,0.02104303427040577,0.03815889358520508,0.038110166788101196,-0.018216164782643318,0.0026437342166900635,0.07606276869773865,-0.048724573105573654,0.0,0.13405397534370422,-0.06426083296537399,0.09218621253967285,0.15098869800567627,0.004543469287455082,0.07070231437683105,0.0,-0.033315885812044144,0.031420499086380005,0.05136069655418396,-0.050457291305065155,0.03297242522239685,0.11720010638237,-0.05252101644873619,0.13136333227157593,0.1477014720439911,-0.0200195349752903,0.11318176984786987,0.008956462144851685,-0.0426236055791378,0.07286494970321655,0.05308601260185242,-0.044516682624816895,0.07063505053520203,0.11710894107818604,-0.0385596789419651,0.1763019561767578,0.15785571932792664,-0.04949274659156799,0.1589154601097107,0.04828575253486633,-0.054805174469947815,0.11896109580993652,0.05470702052116394,-0.05129605531692505,0.10308593511581421,0.09627747535705566,-0.045969679951667786
E,0.2039782702922821,0.45253467559814453,-4.5614152099915373e-07,0.10622915625572205,0.41681212186813354,-0.010965927504003048,0.03812101483345032,0.3411349058151245,-0.024076810106635094,0.019364267587661743,0.2578161358833313,-0.04724802449345589,0.06481972336769104,0.22644054889678955,-0.06554930657148361,0.05601471662521362,0.1681329309940338,0.02616848610341549,0.03467562794685364,0.04317083954811096,-0.011440142057836056,0.0,0.0850667953491211,-0.04065500199794769,0.0036442577838897705,0.14785218238830566,-0.055428579449653625,0.088111013174057,0.14556699991226196,0.009151807054877281,0.06364983320236206,0.0,-0.026566047221422195,0.023231804370880127,0.054593950510025024,-0.0426887609064579,0.026327401399612427,0.12245491147041321,-0.04438009113073349,0.1236676275730133,0.13579964637756348,-0.01619833894073963,0.10228905081748962,0.0017364919185638428,-0.03790894150733948,0.05998143553733826,0.04899105429649353,-0.04022517427802086,0.058494746685028076,0.11630302667617798,-0.034882742911577225,0.1646096408367157,0.13899055123329163,-0.04638540372252464,0.1431451141834259,0.03313171863555908,-0.05069250240921974,0.10229656100273132,0.042988091707229614,-0.046766843646764755,0.08770743012428284,0.08919736742973328,-0.041379086673259735
E,0.21022039651870728,0.45168742537498474,-4.2302178826503223e-07,0.1104394793510437,0.41475537419319153,-0.010136790573596954,0.042294710874557495,0.3413693606853485,-0.0224767979234457,0.02297985553741455,0.25751110911369324,-0.04495266079902649,0.0696592628955841,0.22128865122795105,-0.0629742294549942,0.058801084756851196,0.16711881756782532,0.029382947832345963,0.037295907735824585,0.046422094106674194,-0.007368850987404585,0.00029534101486206055,0.08419117331504822,-0.03758645057678223,0.0,0.1416616141796112,-0.05364151671528816,0.09126871824264526,0.14468494057655334,0.011966901831328869,0.06570553779602051,0.0005950629711151123,-0.024114122614264488,0.02382829785346985,0.053102701902389526,-0.04211734980344772,0.025885462760925293,0.11965397000312805,-0.04534139856696129,0.12720441818237305,0.13516059517860413,-0.013761069625616074,0.10606032609939575,0.0,-0.03676096722483635,0.06209638714790344,0.046160370111465454,-0.04111194983124733,0.05981281399726868,0.11365249752998352,-0.03692343086004257,0.16941094398498535,0.13891679048538208,-0.044227130711078644,0.14843565225601196,0.03177669644355774,-0.05102820694446564,0.105396568775177,0.04018869996070862,-0.04936027526855469,0.0887826681137085,0.08592841029167175,-0.04527251049876213
E,0.20086783170700073,0.4533396363258362,-4.5777483137499075e-07,0.10357564687728882,0.41384780406951904,-0.00791117548942566,0.03844010829925537,0.33775389194488525,-0.019666261970996857,0.020235687494277954,0.2556754946708679,-0.04210364818572998,0.06359362602233887,0.21896007657051086,-0.0603259839117527,0.05386015772819519,0.1710166335105896,0.02999085560441017,0.032414257526397705,0.0507129430770874,-0.00794991198927164,0.0,0.0937156081199646,-0.03930738940834999,0.005378007888793945,0.15807852149009705,-0.0554506815969944,0.08463263511657715,0.14625900983810425,0.011767453514039516,0.0588533878326416,0.002863585948944092,-0.024569371715188026,0.01900884509086609,0.05414623022079468,-0.043771252036094666,0.023264527320861816,0.12469059228897095,-0.047690872102975845,0.11898642778396606,0.13450020551681519,-0.014464045874774456,0.09700101613998413,0.0,-0.03636247292160988,0.055076152086257935,0.04382580518722534,-0.0410057008266449,0.05474132299423218,0.1123095154762268,-0.03720039501786232,0.1591634750366211,0.13635596632957458,-0.045207515358924866,0.13637787103652954,0.03176259994506836,-0.04998789355158806,0.09571421146392822,0.03761923313140869,-0.047216106206178665,0.08079618215560913,0.08135604858398438,-0.042486753314733505
E,0.20083996653556824,0.4518553614616394,-4.4197193460604467e-07,0.10436996817588806,0.41382020711898804,-0.007501532323658466,0.03975209593772888,0.3377153277397156,-0.018059365451335907,0.022061437368392944,0.2562605142593384,-0.039298199117183685,0.06397083401679993,0.2180832028388977,-0.056350547820329666,0.05736115574836731,0.1657353937625885,0.03152616694569588,0.0352531373500824,0.0456884503364563,-0.003803819417953491,0.0,0.08438998460769653,-0.03310243412852287,0.001225203275680542,0.14229342341423035,-0.048495810478925705,0.08840528130531311,0.14343279600143433,0.01362263411283493,0.0616590678691864,0.0016962885856628418,-0.020475678145885468,0.02106529474258423,0.05459696054458618,-0.03801807761192322,0.024096935987472534,0.12091124057769775,-0.04129002243280411,0.12243595719337463,0.13346999883651733,-0.01223793439567089,0.09991565346717834,0.0,-0.033194057643413544,0.056673288345336914,0.0461176335811615,-0.036814138293266296,0.05480611324310303,0.11314111948013306,-0.03278515487909317,0.16199609637260437,0.13693612813949585,-0.04259591922163963,0.140920490026474,0.032546430826187134,-0.047730717808008194,0.09896901249885559,0.04311800003051758,-0.044920340180397034,0.08315679430961609,0.0899573564529419,-0.04033970087766647
E,0.20151245594024658,0.4485830068588257,-4.826680992664478e-07,0.10489773750305176,0.40684372186660767,-0.004552236758172512,0.04180002212524414,0.3274046778678894,-0.014332912862300873,0.022728562355041504,0.24931460618972778,-0.03536194935441017,0.06094390153884888,0.21447321772575378,-0.05224950239062309,0.06001150608062744,0.1632739007472992,0.032548315823078156,0.036480844020843506,0.0414482057094574,-0.004285847302526236,0.0,0.08151647448539734,-0.033834993839263916,0.0015079379081726074,0.14158809185028076,-0.04889065772294998,0.09051567316055298,0.1423703134059906,0.012745418585836887,0.06172800064086914,0.0,-0.024016428738832474,0.019866764545440674,0.05437284708023071,-0.04223944619297981,0.02278575301170349,0.12253451347351074,-0.04495459794998169,0.12442249059677124,0.13376101851463318,-0.014808746054768562,0.09934961795806885,0.00028020143508911133,-0.037260815501213074,0.05506086349487305,0.045582324266433716,-0.04076417163014412,0.052161216735839844,0.11179396510124207,-0.03595122694969177,0.16323161125183105,0.13848555088043213,-0.046497903764247894,0.14003044366836548,0.035014569759368896,-0.05144881829619408,0.09838271141052246,0.04288262128829956,-0.04783496633172035,0.08269286155700684,0.08528569340705872,-0.042407914996147156
E,0.1992868185043335,0.4503989815711975,-4.645523858926026e-07,0.1041637659072876,0.41029852628707886,-0.004614706616848707,0.04178395867347717,0.3294932246208191,-0.01354668103158474,0.023930132389068604,0.25217241048812866,-0.03351709619164467,0.0589258074760437,0.21106299757957458,-0.04952731356024742,0.05967354774475098,0.16214606165885925,0.031999699771404266,0.03826528787612915,0.040200650691986084,-0.004363752901554108,0.0012838244438171387,0.07503610849380493,-0.03344247490167618,0.0,0.1322060227394104,-0.047787539660930634,0.0910680890083313,0.1418527364730835,0.012904894538223743,0.0645214319229126,0.0,-0.023438341915607452,0.022250860929489136,0.05181717872619629,-0.04126240313053131,0.023336827754974365,0.11932840943336487,-0.04346834868192673,0.1250096559524536,0.13355645537376404,-0.01379763800650835,0.10163581371307373,0.0012182295322418213,-0.0362289734184742,0.05738753080368042,0.04503399133682251,-0.039428237825632095,0.05340665578842163,0.11028897762298584,-0.034141767770051956,0.163935124874115,0.13850906491279602,-0.04454948008060455,0.14215165376663208,0.03406643867492676,-0.04991593584418297,0.1002272367477417,0.04117608070373535,-0.04619506374001503,0.0833541750907898,0.08290261030197144,-0.04034202918410301
E,0.19857743382453918,0.44976866245269775,-4.408429958857596e-07,0.10447648167610168,0.4066441059112549,-0.005763157270848751,0.04199737310409546,0.32623088359832764,-0.016158349812030792,0.02463933825492859,0.2461698055267334,-0.03708066791296005,0.06445929408073425,0.21013325452804565,-0.053971488028764725,0.06032624840736389,0.15806099772453308,0.02997170388698578,0.03966495394706726,0.037502288818359375,-0.005751274526119232,0.0021136999130249023,0.07197347283363342,-0.03504592925310135,0.0,0.13008418679237366,-0.05012425780296326,0.09129384160041809,0.1392449140548706,0.01150241494178772,0.06554034352302551,0.0,-0.023525530472397804,0.02391490340232849,0.04839316010475159,-0.04142215847969055,0.024029821157455444,0.11584901809692383,-0.04455561563372612,0.12467196583747864,0.13266950845718384,-0.014512131921947002,0.10134747624397278,0.0024100542068481445,-0.035783372819423676,0.056831032037734985,0.04335126280784607,-0.03984680399298668,0.05107301473617554,0.10876351594924927,-0.03603560850024223,0.16308286786079407,0.1394033432006836,-0.04467099532485008,0.1405041515827179,0.03879439830780029,-0.05065477639436722,0.09879866242408752,0.04285004734992981,-0.04876767471432686,0.08059313893318176,0.08266294002532959,-0.04457477480173111
E,0.19927063584327698,0.44812870025634766,-4.340445514117164e-07,0.10533484816551208,0.4079517126083374,-0.008017506450414658,0.041083455085754395,0.32596349716186523,-0.018760692328214645,0.02420365810394287,0.24207890033721924,-0.0394565686583519,0.0676298439502716,0.20772498846054077,-0.05591963604092598,0.060529500246047974,0.16014063358306885,0.026797283440828323,0.03974279761314392,0.038065969944000244,-0.009434239938855171,0.002122044563293457,0.0719774067401886,-0.03803315758705139,0.0,0.1293969750404358,-0.05235579237341881,0.09218135476112366,0.1407882273197174,0.00972078088670969,0.06718364357948303,0.0,-0.026770396158099174,0.025690317153930664,0.04971480369567871,-0.04402549937367439,0.026684105396270752,0.11768782138824463,-0.045911677181720734,0.12578502297401428,0.13331007957458496,-0.014973538927733898,0.10334226489067078,0.002588033676147461,-0.03770048916339874,0.05967220664024353,0.04537302255630493,-0.04156254604458809,0.055549293756484985,0.11163228750228882,-0.03668509051203728,0.16432419419288635,0.1381230652332306,-0.043922148644924164,0.1421976387500763,0.03690993785858154,-0.05054832622408867,0.10109201073646545,0.040211379528045654,-0.04905743896961212,0.08423712849617004,0.07923820614814758,-0.0447305403649807
E,0.19598892331123352,0.44962263107299805,-4.0714925830798165e-07,0.10328289866447449,0.40466707944869995,-0.006741607096046209,0.04169377684593201,0.3243708610534668,-0.01832641288638115,0.025833457708358765,0.2449135184288025,-0.04008081182837486,0.06888720393180847,0.21314692497253418,-0.05801615118980408,0.06295761466026306,0.1555686593055725,0.02893824316561222,0.044147640466690063,0.037187784910202026,-0.006824714131653309,0.005257517099380493,0.06599527597427368,-0.03667733445763588,0.0,0.12106519937515259,-0.052208006381988525,0.0942830741405487,0.13778197765350342,0.010936971753835678,0.07071307301521301,0.0,-0.024177344515919685,0.02873733639717102,0.04345047473907471,-0.04304857552051544,0.026397705078125,0.11009874939918518,-0.04688304290175438,0.1276971399784088,0.13181185722351074,-0.01448468491435051,0.10753408074378967,0.0022450685501098633,-0.03555845096707344,0.06268325448036194,0.037822067737579346,-0.040326159447431564,0.05450984835624695,0.10173746943473816,-0.03690531477332115,0.16580304503440857,0.1392180323600769,-0.04410107061266899,0.14474549889564514,0.038955479860305786,-0.05023103579878807,0.10329601168632507,0.03706943988800049,-0.048957522958517075,0.083192378282547,0.07178717851638794,-0.04501338303089142
E,0.19435596466064453,0.45026490092277527,-4.351560676241206e-07,0.1008879542350769,0.4050375521183014,-0.007749693468213081,0.03756639361381531,0.320150762796402,-0.018403690308332443,0.022837042808532715,0.23582449555397034,-0.039059992879629135,0.06852692365646362,0.20584681630134583,-0.055655092000961304,0.06346350908279419,0.1565796434879303,0.02768636867403984,0.04654431343078613,0.03408750891685486,-0.008731596171855927,0.0071194469928741455,0.06459745764732361,-0.0379374623298645,0.0,0.12094894051551819,-0.05270341783761978,0.09522199630737305,0.1392894983291626,0.010556500405073166,0.0719602108001709,0.0,-0.026706067845225334,0.02972114086151123,0.04775145649909973,-0.04520505294203758,0.027633070945739746,0.11510840058326721,-0.0477415956556797,0.12804287672042847,0.132860004901886,-0.014131205156445503,0.10726797580718994,0.0018984973430633545,-0.037359148263931274,0.06322169303894043,0.04212081432342529,-0.042107630521059036,0.05646234750747681,0.10763901472091675,-0.03744087368249893,0.165627121925354,0.1386125683784485,-0.04301160201430321,0.14428716897964478,0.03729936480522156,-0.04962599650025368,0.10328012704849243,0.03543117642402649,-0.048573169857263565,0.08426129817962646,0.06970509886741638,-0.04442581161856651
E,0.19059604406356812,0.4496387839317322,-4.4400923115972546e-07,0.09842550754547119,0.4057759642601013,-0.008239537477493286,0.03556308150291443,0.321652889251709,-0.01949758268892765,0.020396709442138672,0.23973560333251953,-0.040749289095401764,0.06539541482925415,0.20997151732444763,-0.057830050587654114,0.060317933559417725,0.15677064657211304,0.02549891732633114,0.04062137007713318,0.03655543923377991,-0.011505627073347569,0.002896726131439209,0.07032907009124756,-0.04022844135761261,0.0,0.12774866819381714,-0.05441901832818985,0.0920296311378479,0.13927826285362244,0.00852279830724001,0.06730407476425171,0.0,-0.030202165246009827,0.02584385871887207,0.05184817314147949,-0.04816732183098793,0.026526063680648804,0.1204022765159607,-0.04958389699459076,0.12538284063339233,0.13329923152923584,-0.015867285430431366,0.10431426763534546,0.0001742839813232422,-0.04048802703619003,0.060369670391082764,0.043679893016815186,-0.04438603296875954,0.055290818214416504,0.11097118258476257,-0.03842674568295479,0.16320455074310303,0.14019685983657837,-0.04438047856092453,0.14259332418441772,0.036789774894714355,-0.052132122218608856,0.10048794746398926,0.03434652090072632,-0.05098867788910866,0.0810583233833313,0.06769192218780518,-0.04626103490591049
E,0.19100934267044067,0.4502949118614197,-4.736776020308753e-07,0.09769827127456665,0.40438324213027954,-0.007646236568689346,0.03555604815483093,0.31888628005981445,-0.018626239150762558,0.01942858099937439,0.2367660403251648,-0.0400756374001503,0.06371665000915527,0.20830872654914856,-0.05722090229392052,0.06091278791427612,0.15701350569725037,0.028129424899816513,0.041495174169540405,0.03621971607208252,-0.009248736314475536,0.002972215414047241,0.0728360116481781,-0.03828882426023483,0.0,0.13219818472862244,-0.05260969698429108,0.09246724843978882,0.13920068740844727,0.0104885995388031,0.06681692600250244,0.001103520393371582,-0.028380172327160835,0.024131685495376587,0.05491355061531067,-0.04645233601331711,0.024918586015701294,0.12393385171890259,-0.04787555709481239,0.12545520067214966,0.13241595029830933,-0.014827029779553413,0.1023176908493042,0.0,-0.039792802184820175,0.05738264322280884,0.045226067304611206,-0.04368072748184204,0.052878499031066895,0.113401859998703,-0.037492260336875916,0.16290193796157837,0.1375691294670105,-0.04426238313317299,0.14069277048110962,0.034311115741729736,-0.05184560269117355,0.09756916761398315,0.03404673933982849,-0.05024540051817894,0.07863736152648926,0.07022392749786377,-0.04510148987174034
E,0.19006425142288208,0.4494176208972931,-4.6540955622731417e-07,0.09713518619537354,0.4066219627857208,-0.007412906736135483,0.034536004066467285,0.3201318085193634,-0.017428308725357056,0.019214153289794922,0.2373351752758026,-0.037781085819005966,0.062187910079956055,0.20781105756759644,-0.05415920540690422,0.059912025928497314,0.15876543521881104,0.026708174496889114,0.041181087493896484,0.0368179976940155,-0.009989630430936813,0.003130972385406494,0.0725727379322052,-0.038340311497449875,0.0,0.13286417722702026,-0.05219453573226929,0.0912320613861084,0.1401510238647461,0.009188464842736721,0.0654745101928711,0.0,-0.02826356701552868,0.023262470960617065,0.05137759447097778,-0.04551330581307411,0.02427580952644348,0.12092903256416321,-0.04675328731536865,0.12438958883285522,0.13265666365623474,-0.015910865738987923,0.10007882118225098,0.0008328258991241455,-0.039987239986658096,0.05616027116775513,0.04476732015609741,-0.043744467198848724,0.052560240030288696,0.11240383982658386,-0.03797876462340355,0.1623174548149109,0.1366468369960785,-0.0450853556394577,0.13805943727493286,0.034256547689437866,-0.052360836416482925,0.09644156694412231,0.03975924849510193,-0.050322361290454865,0.08005839586257935,0.08176979422569275,-0.04521283134818077
E,0.19134867191314697,0.4515969753265381,-4.523721202076558e-07,0.09709495306015015,0.4062703847885132,-0.007266330532729626,0.03461894392967224,0.32176876068115234,-0.01789972558617592,0.017374634742736816,0.2389765977859497,-0.038804542273283005,0.06086015701293945,0.21011507511138916,-0.0553329698741436,0.06129813194274902,0.15843477845191956,0.028628334403038025,0.04373103380203247,0.03597992658615112,-0.007272777613252401,0.004294633865356445,0.06895178556442261,-0.036129239946603775,0.0,0.12862718105316162,-0.05078796297311783,0.09135907888412476,0.13988354802131653,0.011043563485145569,0.06690651178359985,0.0,-0.024705037474632263,0.02373257279396057,0.046037912368774414,-0.04271532595157623,0.0228269100189209,0.11427286267280579,-0.045477427542209625,0.12314468622207642,0.1316240131855011,-0.014094212092459202,0.10010743141174316,0.0010020136833190918,-0.03576360642910004,0.05526316165924072,0.04005849361419678,-0.0399995818734169,0.04987916350364685,0.10645446181297302,-0.03566167131066322,0.15963208675384521,0.13534709811210632,-0.04349605366587639,0.13654810190200806,0.033878058195114136,-0.04916377365589142,0.09492218494415283,0.03530365228652954,-0.04735783115029335,0.07696616649627686,0.07522565126419067,-0.04297459498047829
E,0.18789824843406677,0.4503389596939087,-4.68464122604928e-07,0.09366670250892639,0.4093932509422302,-0.0074029224924743176,0.029403984546661377,0.3238394856452942,-0.017365671694278717,0.011143863201141357,0.24145853519439697,-0.03752133995294571,0.05137017369270325,0.20768600702285767,-0.05331592261791229,0.05679020285606384,0.15730631351470947,0.02898562327027321,0.038683414459228516,0.0359688401222229,-0.008382509462535381,0.0018556714057922363,0.07016411423683167,-0.037870701402425766,0.0,0.13147372007369995,-0.05230573192238808,0.08633777499198914,0.13723430037498474,0.011651349253952503,0.058849185705184937,0.0009159445762634277,-0.026590853929519653,0.016890496015548706,0.04864466190338135,-0.045566949993371964,0.0175895094871521,0.11824893951416016,-0.04805666208267212,0.11801204085350037,0.12858575582504272,-0.013527308590710163,0.0915999710559845,0.0,-0.038167521357536316,0.047944068908691406,0.03867614269256592,-0.043307896703481674,0.043241411447525024,0.10410827398300171,-0.038438037037849426,0.15469399094581604,0.13208863139152527,-0.04271063208580017,0.12957969307899475,0.030934035778045654,-0.05000657960772514,0.08795729279518127,0.02544155716896057,-0.04893053323030472,0.06855812668800354,0.056172728538513184,-0.044535472989082336
E,0.19054463505744934,0.4523419141769409,-4.5240383883538016e-07,0.09531381726264954,0.4049938917160034,-0.005399779882282019,0.033409327268600464,0.3223741054534912,-0.01535230502486229,0.011326998472213745,0.24268507957458496,-0.0361611545085907,0.04893088340759277,0.209194153547287,-0.05253748968243599,0.06111273169517517,0.15658748149871826,0.03177003562450409,0.04411306977272034,0.033748626708984375,-0.004815010353922844,0.004385620355606079,0.0661664605140686,-0.03419490531086922,0.0,0.1252651810646057,-0.04880756884813309,0.09032240509986877,0.1394297480583191,0.013297841884195805,0.06448414921760559,0.0,-0.023989100009202957,0.020744532346725464,0.047989726066589355,-0.04315108433365822,0.020273596048355103,0.11636218428611755,-0.04607018455862999,0.1215181052684784,0.13221389055252075,-0.012724046595394611,0.09736499190330505,0.0007241964340209961,-0.035775598138570786,0.05183979868888855,0.040532827377319336,-0.04022550955414772,0.046430885791778564,0.10704183578491211,-0.03531716763973236,0.15678372979164124,0.1374848484992981,-0.04275618866086006,0.13294944167137146,0.03431046009063721,-0.04876423627138138,0.0904867947101593,0.03124338388442993,-0.046673715114593506,0.07121673226356506,0.06560659408569336,-0.0416368767619133
E,0.18908923864364624,0.45174145698547363,-4.5638253709512355e-07,0.09451240301132202,0.4044908881187439,-0.004028936382383108,0.03164571523666382,0.3203195333480835,-0.012220833450555801,0.010526686906814575,0.24006837606430054,-0.03153860196471214,0.047867536544799805,0.20564544200897217,-0.046750038862228394,0.05919772386550903,0.1584545373916626,0.03418118134140968,0.0417083203792572,0.036210477352142334,-0.001465173321776092,0.004307270050048828,0.06868919730186462,-0.030515456572175026,0.0,0.12823987007141113,-0.04487919062376022,0.08838260173797607,0.14070594310760498,0.015453762374818325,0.06411820650100708,0.0,-0.020880719646811485,0.021001428365707397,0.04558229446411133,-0.04013628512620926,0.018748432397842407,0.11425554752349854,-0.04317176342010498,0.11973875761032104,0.13359180092811584,-0.010824909433722496,0.09579628705978394,0.0041380226612091064,-0.033432621508836746,0.05167263746261597,0.04392710328102112,-0.03837843984365463,0.0457739531993866,0.10997706651687622,-0.033723533153533936,0.1552686095237732,0.13896673917770386,-0.04093759134411812,0.12930315732955933,0.03946623206138611,-0.045990366488695145,0.0879979133605957,0.038836896419525146,-0.04359889402985573,0.06966811418533325,0.07388079166412354,-0.03856578841805458
E,0.18980517983436584,0.45040416717529297,-4.657467798097059e-07,0.09475758671760559,0.40202921628952026,-0.003349769627675414,0.03313794732093811,0.31993359327316284,-0.01176374964416027,0.01054421067237854,0.24139708280563354,-0.03153979405760765,0.044968992471694946,0.20599821209907532,-0.04717177152633667,0.060993343591690063,0.15729153156280518,0.03510793298482895,0.041913747787475586,0.03504753112792969,-0.00032115529756993055,0.0038229525089263916,0.06771525740623474,-0.029218515381217003,0.0,0.12606602907180786,-0.04361772537231445,0.08993199467658997,0.14007437229156494,0.015916677191853523,0.06359168887138367,0.0,-0.020536696538329124,0.02009144425392151,0.04827892780303955,-0.03978617489337921,0.018559187650680542,0.11632141470909119,-0.04278719797730446,0.12092408537864685,0.13289347290992737,-0.010734953917562962,0.09604844450950623,0.0022683441638946533,-0.0330798476934433,0.051172882318496704,0.04301324486732483,-0.037440139800310135,0.045201897621154785,0.10895711183547974,-0.03256003558635712,0.15572133660316467,0.13836747407913208,-0.0412282757461071,0.13024094700813293,0.037768006324768066,-0.046282995492219925,0.08829322457313538,0.03771781921386719,-0.04350227117538452,0.06937649846076965,0.07285171747207642,-0.038142964243888855
E,0.18716657161712646,0.4510077238082886,-4.473131411941722e-07,0.09310513734817505,0.4063704013824463,-0.006532583385705948,0.03045409917831421,0.3226602077484131,-0.016999172046780586,0.012293100357055664,0.24220138788223267,-0.0377991758286953,0.05413833260536194,0.21382027864456177,-0.05451930686831474,0.057154953479766846,0.15771952271461487,0.027419378980994225,0.039633363485336304,0.03597092628479004,-0.008937343955039978,0.0027830898761749268,0.07076302170753479,-0.03769062086939812,0.0,0.1314452588558197,-0.052011944353580475,0.08750951290130615,0.14027449488639832,0.009578841738402843,0.06171739101409912,0.0,-0.02834470383822918,0.020272374153137207,0.048990488052368164,-0.046941693872213364,0.020190417766571045,0.11944347620010376,-0.04916415363550186,0.11985766887664795,0.13414743542671204,-0.01558202039450407,0.09525328874588013,0.002470076084136963,-0.03907027095556259,0.05208122730255127,0.04377114772796631,-0.04366888105869293,0.04704749584197998,0.1114223301410675,-0.03865208476781845,0.15687203407287598,0.1408177614212036,-0.04473698139190674,0.13270676136016846,0.03871440887451172,-0.05138974264264107,0.09139102697372437,0.03578317165374756,-0.05015748366713524,0.07229828834533691,0.06945142149925232,-0.0457521453499794
E,0.18991044163703918,0.45115840435028076,-4.860813191953639e-07,0.09699490666389465,0.40853017568588257,-0.006779238115996122,0.0325261652469635,0.324299156665802,-0.016908196732401848,0.011927992105484009,0.24124932289123535,-0.03743685781955719,0.0522802472114563,0.2111586034297943,-0.053533848375082016,0.06022539734840393,0.16031795740127563,0.028217943385243416,0.03879818320274353,0.037846922874450684,-0.007670994382351637,0.0012532472610473633,0.0744553804397583,-0.03591525927186012,0.0,0.13599726557731628,-0.0499139279127121,0.09003773331642151,0.14132577180862427,0.010326615534722805,0.0616784393787384,0.000368654727935791,-0.026662975549697876,0.01919981837272644,0.05168899893760681,-0.044173628091812134,0.020013242959976196,0.121955007314682,-0.045745596289634705,0.1215955913066864,0.13306677341461182,-0.015059590339660645,0.09484174847602844,0.0,-0.0376666896045208,0.05048102140426636,0.04267996549606323,-0.0413091816008091,0.046603381633758545,0.11071640253067017,-0.03590812161564827,0.15723976492881775,0.13677722215652466,-0.04461629316210747,0.130899578332901,0.034425973892211914,-0.05050114542245865,0.0890103280544281,0.03626906871795654,-0.04832254722714424,0.0719391405582428,0.07535171508789062,-0.043378233909606934
E,0.18880000710487366,0.44954240322113037,-5.063345724920509e-07,0.09375229477882385,0.4016352891921997,-0.0038141212426126003,0.03060460090637207,0.3188692331314087,-0.012665022164583206,0.008627861738204956,0.238511860370636,-0.03290052339434624,0.04638266563415527,0.20605915784835815,-0.0489211305975914,0.061152487993240356,0.158733069896698,0.03351466357707977,0.038694828748703,0.03739902377128601,-0.0020695144776254892,0.0011190474033355713,0.07524675130844116,-0.030461769551038742,0.0,0.1372430920600891,-0.04450680688023567,0.08971777558326721,0.1405963897705078,0.014215178787708282,0.05952063202857971,0.0015662908554077148,-0.022661646828055382,0.016434043645858765,0.05490303039550781,-0.041016362607479095,0.017320305109024048,0.12537303566932678,-0.04309949278831482,0.12024697661399841,0.1318950355052948,-0.01262116339057684,0.09186658263206482,0.0,-0.03562501445412636,0.04693084955215454,0.04401957988739014,-0.03976430371403694,0.043087542057037354,0.11273643374443054,-0.0344555601477623,0.1546415388584137,0.13485565781593323,-0.0433284156024456,0.12657484412193298,0.03407183289527893,-0.049092210829257965,0.08492669463157654,0.03828251361846924,-0.04635344073176384,0.06864187121391296,0.0788770318031311,-0.04087092727422714
E,0.1882191300392151,0.44790470600128174,-4.944257057104551e-07,0.0939818024635315,0.4005853533744812,-0.00547925615683198,0.03145778179168701,0.3191532492637634,-0.01551768183708191,0.00863155722618103,0.24030035734176636,-0.03657013922929764,0.0457933247089386,0.20813071727752686,-0.053330112248659134,0.05984961986541748,0.15854349732398987,0.030802439898252487,0.038264840841293335,0.037658751010894775,-0.0057779778726398945,0.0008638203144073486,0.07556557655334473,-0.03459155187010765,0.0,0.13776403665542603,-0.048785846680402756,0.08874744176864624,0.14002513885498047,0.01228158175945282,0.059456467628479004,0.0016650557518005371,-0.025645442306995392,0.016255736351013184,0.05494251847267151,-0.044248536229133606,0.017103493213653564,0.12571895122528076,-0.046349748969078064,0.11970347166061401,0.1311870813369751,-0.013789459131658077,0.09257102012634277,0.0,-0.03778338059782982,0.047750324010849,0.044989824295043945,-0.04198317229747772,0.044067949056625366,0.11412012577056885,-0.03647478669881821,0.15471357107162476,0.13431289792060852,-0.04377099871635437,0.1278335452079773,0.033748507499694824,-0.050095655024051666,0.08608025312423706,0.03909310698509216,-0.04746365174651146,0.06953555345535278,0.08019587397575378,-0.041896749287843704
E,0.18784046173095703,0.447894424200058,-4.6138856646393833e-07,0.09405356645584106,0.4009002149105072,-0.0046399482525885105,0.03176543116569519,0.3192509114742279,-0.01428603008389473,0.009234517812728882,0.23995408415794373,-0.03453287109732628,0.045968055725097656,0.20733502507209778,-0.05042709782719612,0.0607033371925354,0.15489926934242249,0.030855027958750725,0.041781604290008545,0.03292146325111389,-0.004943793639540672,0.0033437609672546387,0.0646716058254242,-0.03375750407576561,0.0,0.124962717294693,-0.04795542359352112,0.08948063850402832,0.1376018226146698,0.012618987821042538,0.06141388416290283,0.0,-0.024442041292786598,0.018847554922103882,0.04620593786239624,-0.04351763054728508,0.018191486597061157,0.11629423499107361,-0.04625209793448448,0.11997944116592407,0.13032469153404236,-0.012903636321425438,0.09310555458068848,0.0024252235889434814,-0.035293228924274445,0.04902249574661255,0.039943695068359375,-0.040124520659446716,0.0432070791721344,0.10593768954277039,-0.035612065345048904,0.15469777584075928,0.13513967394828796,-0.04228483512997627,0.12982547283172607,0.035587579011917114,-0.048275552690029144,0.08811438083648682,0.03051617741584778,-0.0469261035323143,0.06782346963882446,0.0625971257686615,-0.04243527352809906
E,0.18773391842842102,0.44929876923561096,-4.6076516468929185e-07,0.09361115097999573,0.4027407467365265,-0.003992263227701187,0.031134188175201416,0.3196491301059723,-0.013036280870437622,0.010611236095428467,0.23897400498390198,-0.0329144112765789,0.04936772584915161,0.20925575494766235,-0.048653457313776016,0.06115874648094177,0.15615051984786987,0.03164621442556381,0.04116281867027283,0.03410401940345764,-0.003571393433958292,0.0034284889698028564,0.06627067923545837,-0.03194548562169075,0.0,0.12623238563537598,-0.045959681272506714,0.09022864699363708,0.13928544521331787,0.01285305991768837,0.06322947144508362,0.0,-0.023576486855745316,0.020632565021514893,0.0462857186794281,-0.04231368005275726,0.01887446641921997,0.11510437726974487,-0.04486214742064476,0.12085053324699402,0.13252422213554382,-0.013174585998058319,0.09522470831871033,0.003470391035079956,-0.03514359891414642,0.051192790269851685,0.04158884286880493,-0.03980077803134918,0.044726043939590454,0.10705062747001648,-0.03518780320882797,0.1554040014743805,0.1379496455192566,-0.04306180775165558,0.1299246847629547,0.03860732913017273,-0.048293136060237885,0.08868011832237244,0.03374484181404114,-0.04642583802342415,0.06905856728553772,0.06503257155418396,-0.04174021631479263
E,0.18587207794189453,0.4454804062843323,-4.7475558062615164e-07,0.09020084142684937,0.3980793356895447,-0.00493534654378891,0.026391714811325073,0.313617467880249,-0.014537603594362736,0.006542891263961792,0.23288744688034058,-0.03510706126689911,0.046317070722579956,0.204177588224411,-0.051589567214250565,0.05621093511581421,0.1559676229953766,0.03133177012205124,0.036779820919036865,0.03491392731666565,-0.005334137938916683,0.0011433660984039307,0.0700865089893341,-0.03467070683836937,0.0,0.13200318813323975,-0.04927905648946762,0.085898756980896,0.1378997564315796,0.012196320109069347,0.05888223648071289,0.0,-0.025877710431814194,0.017541497945785522,0.04747217893600464,-0.04566654935479164,0.017682045698165894,0.1182192862033844,-0.048753052949905396,0.11720871925354004,0.1300378143787384,-0.014538619667291641,0.09038400650024414,0.000957787036895752,-0.038509927690029144,0.046961456537246704,0.040329933166503906,-0.0443161316215992,0.042258262634277344,0.10780155658721924,-0.04005352780222893,0.15250307321548462,0.1339631974697113,-0.045121945440769196,0.12448722124099731,0.034082651138305664,-0.0517176128923893,0.08388936519622803,0.032101720571517944,-0.050365276634693146,0.06645172834396362,0.06718641519546509,-0.045948125422000885
E,0.18701156973838806,0.4443664848804474,-4.6053912683419185e-07,0.09157624840736389,0.4001775085926056,-0.006239623297005892,0.028522193431854248,0.3184080421924591,-0.016449494287371635,0.0055030882358551025,0.23970183730125427,-0.037251703441143036,0.0423947274684906,0.2070848047733307,-0.053699005395174026,0.0564788281917572,0.15489783883094788,0.03012983128428459,0.037461429834365845,0.034023016691207886,-0.006894688121974468,0.0013171732425689697,0.06837800145149231,-0.03636850416660309,0.0,0.12952008843421936,-0.05087694525718689,0.08562096953392029,0.13696539402008057,0.012035316787660122,0.058677107095718384,0.0,-0.026512833312153816,0.017766565084457397,0.04849788546562195,-0.046408381313085556,0.01878565549850464,0.11894521117210388,-0.04929899796843529,0.11664780974388123,0.12954774498939514,-0.013617206364870071,0.09043672680854797,0.001207500696182251,-0.037811439484357834,0.047274619340896606,0.04138916730880737,-0.043316613882780075,0.04308730363845825,0.10879510641098022,-0.038704611361026764,0.15175387263298035,0.13462740182876587,-0.04320033639669418,0.12580052018165588,0.03401076793670654,-0.050082165747880936,0.08485051989555359,0.031401365995407104,-0.04872538894414902,0.06668934226036072,0.0656508207321167,-0.04398738965392113
E,0.18923798203468323,0.444880872964859,-4.637118706796173e-07,0.09297981858253479,0.3985559642314911,-0.004634593613445759,0.02859768271446228,0.31682339310646057,-0.01445314846932888,0.008076757192611694,0.2369755208492279,-0.03514144569635391,0.047973453998565674,0.20649614930152893,-0.05168113857507706,0.059341102838516235,0.15479776263237,0.031704388558864594,0.0392509400844574,0.033314138650894165,-0.00452483631670475,0.002259969711303711,0.06787225604057312,-0.03378203138709068,0.0,0.12903434038162231,-0.04840094596147537,0.08912733197212219,0.1375289261341095,0.01259774062782526,0.061379462480545044,0.0,-0.02470802329480648,0.019438952207565308,0.04776677489280701,-0.04431753605604172,0.01911938190460205,0.11777320504188538,-0.04744675010442734,0.12008294463157654,0.1303543746471405,-0.014010739512741566,0.09294626116752625,0.0020827949047088623,-0.03698192164301872,0.04858478903770447,0.04112836718559265,-0.04235649108886719,0.042953550815582275,0.10737481713294983,-0.03807589411735535,0.1546325385570526,0.13517263531684875,-0.044476740062236786,0.12607142329216003,0.037040263414382935,-0.050296004861593246,0.0849091112613678,0.035429686307907104,-0.048461854457855225,0.066915363073349,0.06932991743087769,-0.04373839497566223
E,0.18691760301589966,0.44306743144989014,-4.713860732863395e-07,0.09179943799972534,0.39813631772994995,-0.006097686477005482,0.02885386347770691,0.318359911441803,-0.01662183180451393,0.005783885717391968,0.24128353595733643,-0.03763778880238533,0.04196786880493164,0.20954006910324097,-0.054296720772981644,0.05818718671798706,0.15422940254211426,0.02858472242951393,0.038478851318359375,0.03182095289230347,-0.008359096013009548,0.001720517873764038,0.06874978542327881,-0.037471093237400055,0.0,0.13055604696273804,-0.05178045853972435,0.08728444576263428,0.13699033856391907,0.010614246129989624,0.05852252244949341,0.0,-0.02771672047674656,0.017400145530700684,0.05083209276199341,-0.047139834612607956,0.01872074604034424,0.12128561735153198,-0.049758702516555786,0.11789798736572266,0.12975063920021057,-0.014746726490557194,0.08982908725738525,0.00244748592376709,-0.03837643563747406,0.04671740531921387,0.04451489448547363,-0.043073784559965134,0.04284736514091492,0.11138510704040527,-0.03803122788667679,0.15250098705291748,0.1343594193458557,-0.04400808364152908,0.1251031756401062,0.03534683585166931,-0.05016845464706421,0.08446067571640015,0.03650197386741638,-0.04799646511673927,0.06737816333770752,0.07266175746917725,-0.04274943470954895
E,0.18591845035552979,0.4446447491645813,-4.6031928491174767e-07,0.09043711423873901,0.3988035321235657,-0.004694502800703049,0.027180075645446777,0.31688767671585083,-0.014668465591967106,0.006950855255126953,0.23746418952941895,-0.03532370924949646,0.04679861664772034,0.20789191126823425,-0.05181516334414482,0.05603748559951782,0.1564335823059082,0.02964019775390625,0.03718337416648865,0.03425908088684082,-0.0071174572221934795,0.0010523200035095215,0.06968969106674194,-0.03616837412118912,0.0,0.13197487592697144,-0.050446491688489914,0.08638900518417358,0.1387939453125,0.010670510120689869,0.059759557247161865,0.0,-0.027120469138026237,0.017863869667053223,0.04800969362258911,-0.04627779498696327,0.017976462841033936,0.1191745400428772,-0.04886900633573532,0.11800128221511841,0.13186711072921753,-0.01564548723399639,0.09196829795837402,0.0027788281440734863,-0.038890160620212555,0.047709107398986816,0.04201221466064453,-0.04405951499938965,0.0422855019569397,0.10873907804489136,-0.03955264389514923,0.15302079916000366,0.1372670829296112,-0.04573409631848335,0.125083327293396,0.03863823413848877,-0.051972921937704086,0.08405691385269165,0.037274688482284546,-0.05020423233509064,0.06625539064407349,0.0715111494064331,-0.045370396226644516
E,0.18692412972450256,0.4444177746772766,-4.684108603214554e-07,0.09129634499549866,0.39832907915115356,-0.0040954286232590675,0.02806919813156128,0.31607747077941895,-0.013642525300383568,0.007344752550125122,0.23654091358184814,-0.03403953090310097,0.04628702998161316,0.20605409145355225,-0.050233181565999985,0.05700978636741638,0.1562349796295166,0.030970178544521332,0.037185609340667725,0.03457212448120117,-0.005396723281592131,0.0008848607540130615,0.06962430477142334,-0.03427538648247719,0.0,0.13149350881576538,-0.048450302332639694,0.08715203404426575,0.13846474885940552,0.011762029491364956,0.06009683012962341,0.0,-0.025673797354102135,0.018056005239486694,0.048191577196121216,-0.0447658933699131,0.018220603466033936,0.11897438764572144,-0.04730655252933502,0.1186080276966095,0.1312502920627594,-0.014793973416090012,0.09232315421104431,0.0021077096462249756,-0.03767049312591553,0.047733694314956665,0.040973663330078125,-0.04274741932749748,0.04212960600852966,0.10742190480232239,-0.03824429586529732,0.1533431112766266,0.1363668143749237,-0.04511689022183418,0.12543347477912903,0.03755521774291992,-0.051073282957077026,0.08383306860923767,0.035236895084381104,-0.04920976236462593,0.06542423367500305,0.06883394718170166,-0.0443393774330616
E,0.18892362713813782,0.44346243143081665,-4.843194005843543e-07,0.09294775128364563,0.3978099226951599,-0.005012094043195248,0.028555184602737427,0.31547433137893677,-0.014910120517015457,0.008090108633041382,0.23436391353607178,-0.03571382537484169,0.04875749349594116,0.2058989405632019,-0.0521978996694088,0.05804833769798279,0.15615233778953552,0.030675997957587242,0.03695628046989441,0.03315854072570801,-0.006134498864412308,0.0007196366786956787,0.07096600532531738,-0.03507797420024872,0.0,0.13352569937705994,-0.04941214621067047,0.08799150586128235,0.1382894515991211,0.011627661064267159,0.0597321093082428,0.0,-0.026595190167427063,0.017459005117416382,0.05130720138549805,-0.045594148337841034,0.017883777618408203,0.1218036413192749,-0.04797428473830223,0.11920890212059021,0.1302836835384369,-0.014989569783210754,0.09213104844093323,0.0009336173534393311,-0.038704123347997665,0.04724055528640747,0.04294705390930176,-0.043659985065460205,0.04204589128494263,0.11021557450294495,-0.03878937289118767,0.1539376676082611,0.1338338851928711,-0.045505624264478683,0.12518927454948425,0.03482478857040405,-0.05147523805499077,0.08369407057762146,0.03488379716873169,-0.0495598241686821,0.06618949770927429,0.06972742080688477,-0.04472479596734047
E,0.18847468495368958,0.4430558681488037,-4.7263566216315667e-07,0.09217169880867004,0.3996337652206421,-0.006352701224386692,0.028596490621566772,0.3200518488883972,-0.016699757426977158,0.005321532487869263,0.2397555708885193,-0.037676598876714706,0.043023496866226196,0.2088002860546112,-0.054112426936626434,0.05646786093711853,0.1575184166431427,0.02979317307472229,0.03685241937637329,0.03457865118980408,-0.007103616371750832,0.00026342272758483887,0.07367292046546936,-0.03593660891056061,0.0,0.13542583584785461,-0.05027342215180397,0.08570751547813416,0.13925376534461975,0.011679158546030521,0.05901440978050232,0.0,-0.02644120529294014,0.01657310128211975,0.05227300524711609,-0.04514971002936363,0.018072694540023804,0.12212306261062622,-0.04743342474102974,0.11684617400169373,0.13108152151107788,-0.014038019813597202,0.09181550145149231,0.0009856224060058594,-0.03796477988362312,0.04683959484100342,0.045201241970062256,-0.0423707477748394,0.0430070161819458,0.11330583691596985,-0.03712160885334015,0.15193918347358704,0.1348894238471985,-0.043761059641838074,0.12539610266685486,0.03490900993347168,-0.05012396723031998,0.08365693688392639,0.03870820999145508,-0.04796329513192177,0.06703886389732361,0.07718056440353394,-0.04279739409685135
E,0.18875247240066528,0.441540002822876,-4.991811692889314e-07,0.09203040599822998,0.3944130539894104,-0.0038003167137503624,0.03035011887550354,0.31293755769729614,-0.012474114075303078,0.004381954669952393,0.23684555292129517,-0.03236725553870201,0.03616085648536682,0.20308640599250793,-0.0476716086268425,0.06078881025314331,0.15160226821899414,0.03434531018137932,0.0395529568195343,0.03297102451324463,-0.0015497981803491712,0.0010679960250854492,0.07171779870986938,-0.030306870117783546,0.0,0.1339862048625946,-0.0443703792989254,0.08890408277511597,0.13367465138435364,0.01550647895783186,0.05909603834152222,0.0001728832721710205,-0.02152748592197895,0.015001356601715088,0.05368936061859131,-0.04059750586748123,0.01635420322418213,0.1242755651473999,-0.04308765381574631,0.11885476112365723,0.12541019916534424,-0.010819830000400543,0.09094589948654175,0.0,-0.03398691862821579,0.04446440935134888,0.04290705919265747,-0.03854196146130562,0.04003000259399414,0.10984385013580322,-0.03332369029521942,0.1523386836051941,0.12908995151519775,-0.04092728719115257,0.1268082857131958,0.027797043323516846,-0.04687012359499931,0.08386349678039551,0.02847611904144287,-0.04421919584274292,0.06561362743377686,0.06569933891296387,-0.03842035308480263
E,0.18573954701423645,0.44276708364486694,-4.860656872551772e-07,0.09057381749153137,0.39597541093826294,-0.004555919207632542,0.027681469917297363,0.3131839632987976,-0.013656173832714558,0.005438476800918579,0.23343908786773682,-0.03368445485830307,0.04256051778793335,0.2015470564365387,-0.049336083233356476,0.05812391638755798,0.15449026226997375,0.0321982242166996,0.038282573223114014,0.033954769372940063,-0.004134435672312975,0.0013876259326934814,0.07204008102416992,-0.03286072239279747,0.0,0.13461452722549438,-0.046835824847221375,0.08755835890769958,0.13680917024612427,0.013452230021357536,0.06003066897392273,0.0,-0.02437121421098709,0.017424434423446655,0.0512654185295105,-0.043361108750104904,0.017783910036087036,0.12153556942939758,-0.04557473957538605,0.11825135350227356,0.1288657784461975,-0.012797108851373196,0.09165903925895691,0.00043076276779174805,-0.03660248592495918,0.047416627407073975,0.042530179023742676,-0.04127420857548714,0.04284477233886719,0.10960876941680908,-0.03590158745646477,0.15267309546470642,0.13261550664901733,-0.042826857417821884,0.12520846724510193,0.03343448042869568,-0.04895038157701492,0.08402279019355774,0.03234213590621948,-0.046682823449373245,0.06646135449409485,0.06641939282417297,-0.04127059876918793
E,0.18354961276054382,0.44160130620002747,-4.868359155807411e-07,0.09049156308174133,0.39645400643348694,-0.007427392993122339,0.029193967580795288,0.3157288134098053,-0.01846742257475853,0.005735546350479126,0.2385452687740326,-0.03974192962050438,0.0419098436832428,0.2060924470424652,-0.05638716742396355,0.056331902742385864,0.15431031584739685,0.026721060276031494,0.03603675961494446,0.036383360624313354,-0.010796806775033474,0.0,0.0779934823513031,-0.039492055773735046,0.0011430978775024414,0.1414509117603302,-0.05315658450126648,0.08657404780387878,0.13625392317771912,0.009636672213673592,0.059305042028427124,0.0,-0.03041902743279934,0.017390340566635132,0.05520698428153992,-0.0490679070353508,0.02048388123512268,0.12808376550674438,-0.05011143162846565,0.11813494563102722,0.12867498397827148,-0.014828192070126534,0.0920044481754303,0.0009012520313262939,-0.04036929830908775,0.04791542887687683,0.046140044927597046,-0.044727716594934464,0.04537248611450195,0.11525005102157593,-0.03832651302218437,0.15357902646064758,0.13253948092460632,-0.043148286640644073,0.12890329957008362,0.03259235620498657,-0.050810858607292175,0.08647653460502625,0.03303065896034241,-0.04912124201655388,0.06859633326530457,0.07005223631858826,-0.04343734681606293
E,0.18612581491470337,0.4420928359031677,-5.137134166943724e-07,0.09218078851699829,0.3967926502227783,-0.004706268664449453,0.028570473194122314,0.31321513652801514,-0.013513727113604546,0.005825221538543701,0.23241740465164185,-0.03326652944087982,0.04346400499343872,0.20366895198822021,-0.04857935383915901,0.058951377868652344,0.15693730115890503,0.03101961687207222,0.03755587339401245,0.03609001636505127,-0.0049975281581282616,0.00021830201148986816,0.07632410526275635,-0.03273594379425049,0.0,0.1393679976463318,-0.04600777477025986,0.08815765380859375,0.1385256052017212,0.012715866789221764,0.05889004468917847,0.001914680004119873,-0.02554282918572426,0.01607435941696167,0.05740976333618164,-0.043315090239048004,0.018461942672729492,0.12902158498764038,-0.04417959973216057,0.11863762140274048,0.12927183508872986,-0.013001225888729095,0.09021669626235962,0.0,-0.03731890395283699,0.04568898677825928,0.04580599069595337,-0.04137428104877472,0.04338076710700989,0.1149287223815918,-0.03505426272749901,0.152948260307312,0.13039842247962952,-0.042471930384635925,0.12545281648635864,0.030228853225708008,-0.04884662479162216,0.08331435918807983,0.032684266567230225,-0.04647085443139076,0.06699872016906738,0.07149285078048706,-0.04072403907775879
E,0.1851058304309845,0.4410954713821411,-5.225019208410231e-07,0.09090915322303772,0.3954695463180542,-0.004146256484091282,0.028988808393478394,0.3123279809951782,-0.01265809778124094,0.007115960121154785,0.23380017280578613,-0.03217601031064987,0.042284220457077026,0.200769305229187,-0.04720134288072586,0.05998024344444275,0.15524739027023315,0.03205757588148117,0.03702083230018616,0.03500264883041382,-0.0041626268066465855,0.0,0.07596364617347717,-0.03262260556221008,0.0001234114170074463,0.13927561044692993,-0.04634903371334076,0.08847066760063171,0.13746365904808044,0.013457882218062878,0.0590151846408844,0.0016175508499145508,-0.02416905201971531,0.0158119797706604,0.0564115047454834,-0.04283377528190613,0.017603546380996704,0.12712708115577698,-0.044775351881980896,0.11838051676750183,0.1283297836780548,-0.012531233951449394,0.09080281853675842,0.0,-0.03570909798145294,0.04585424065589905,0.04524219036102295,-0.039602600038051605,0.04272916913032532,0.11316800117492676,-0.0338452123105526,0.1519990861415863,0.1301794946193695,-0.0423264354467392,0.12439706921577454,0.03143012523651123,-0.04769636318087578,0.08244934678077698,0.035299479961395264,-0.0445307157933712,0.06619235873222351,0.07404595613479614,-0.03852656111121178
E,0.18227040767669678,0.4395693242549896,-5.180320385989035e-07,0.08853816986083984,0.39320412278175354,-0.005078398156911135,0.027149945497512817,0.3109847605228424,-0.014430569484829903,0.006078988313674927,0.23290249705314636,-0.03460920602083206,0.04249635338783264,0.20037728548049927,-0.05030684545636177,0.0579105019569397,0.1542624533176422,0.03050597384572029,0.03577116131782532,0.0348736047744751,-0.006438296288251877,0.0,0.07648125290870667,-0.035289864987134933,0.0009301900863647461,0.14022570848464966,-0.049138858914375305,0.08685636520385742,0.13657784461975098,0.012353844940662384,0.057661235332489014,0.0017721056938171387,-0.026269977912306786,0.015751689672470093,0.05684533715248108,-0.045388344675302505,0.01814281940460205,0.12774735689163208,-0.04734017699956894,0.11712896823883057,0.12742748856544495,-0.013199622742831707,0.08958292007446289,0.0,-0.03709825873374939,0.045808643102645874,0.04517337679862976,-0.04119103029370308,0.04313552379608154,0.11293938755989075,-0.03525065630674362,0.15114253759384155,0.12925171852111816,-0.04257198050618172,0.12337058782577515,0.03113052248954773,-0.04822303354740143,0.08167004585266113,0.0339016318321228,-0.04522744193673134,0.06505411863327026,0.07135921716690063,-0.03918564319610596
E,0.18192234635353088,0.4391557574272156,-4.920481728731829e-07,0.08987799286842346,0.3942042589187622,-0.006623324006795883,0.02792927622795105,0.31123578548431396,-0.016954271122813225,0.007229477167129517,0.23245316743850708,-0.03744588419795036,0.04495123028755188,0.2032427191734314,-0.053613752126693726,0.05587330460548401,0.1554889976978302,0.025767754763364792,0.034480541944503784,0.03751179575920105,-0.011441853828728199,0.0,0.07833242416381836,-0.03996744379401207,0.0024521350860595703,0.14194491505622864,-0.05359875038266182,0.08642157912254333,0.13680490851402283,0.008527189493179321,0.05761632323265076,0.0009697675704956055,-0.03065619058907032,0.01693350076675415,0.05367147922515869,-0.0492015965282917,0.019998699426651,0.12500274181365967,-0.05066435784101486,0.11855867505073547,0.12847858667373657,-0.015894709154963493,0.0913364589214325,0.0,-0.04065098240971565,0.04877370595932007,0.04288417100906372,-0.04504120722413063,0.04636254906654358,0.11050143837928772,-0.03912784159183502,0.15452387928962708,0.13181281089782715,-0.044099945574998856,0.12865737080574036,0.032123059034347534,-0.05131625384092331,0.0873728096485138,0.030190378427505493,-0.04973264038562775,0.06964072585105896,0.06460896134376526,-0.044537413865327835
E,0.184545636177063,0.44050535559654236,-5.017633384341025e-07,0.0912122130393982,0.3943389356136322,-0.00522755179554224,0.028368741273880005,0.3108597695827484,-0.01433743629604578,0.006487548351287842,0.23118945956230164,-0.034054432064294815,0.043952882289886475,0.20178532600402832,-0.04933832958340645,0.05804097652435303,0.15572750568389893,0.030083343386650085,0.03575894236564636,0.03738066554069519,-0.00605722377076745,0.0,0.0763762891292572,-0.03440948948264122,0.0010137557983398438,0.138569176197052,-0.048180971294641495,0.08780151605606079,0.13709834218025208,0.01221422478556633,0.05881094932556152,0.0021694600582122803,-0.0258733332157135,0.016901999711990356,0.0542123019695282,-0.04448002949357033,0.018803566694259644,0.12460684776306152,-0.0463581383228302,0.118960440158844,0.12822726368904114,-0.013003475032746792,0.09134674072265625,0.0,-0.036894574761390686,0.04720407724380493,0.042363137006759644,-0.04148320481181145,0.043741375207901,0.10966968536376953,-0.03601795434951782,0.15382879972457886,0.13049763441085815,-0.04201216995716095,0.1277340054512024,0.030508369207382202,-0.04826696217060089,0.08547389507293701,0.029460757970809937,-0.04643702134490013,0.06712543964385986,0.0651216208934784,-0.04139889404177666
E,0.18505313992500305,0.43863779306411743,-5.256678150544758e-07,0.09095838665962219,0.39338499307632446,-0.005244614090770483,0.02791157364845276,0.30992501974105835,-0.014586716890335083,0.00624433159828186,0.23012232780456543,-0.03459695354104042,0.04346922039985657,0.20031896233558655,-0.05018716678023338,0.05808904767036438,0.15569227933883667,0.028236033394932747,0.03469690680503845,0.03524434566497803,-0.008909200318157673,0.0,0.0800783634185791,-0.037149470299482346,0.002220451831817627,0.14446806907653809,-0.05063316971063614,0.08787408471107483,0.1370094120502472,0.009993319399654865,0.05725756287574768,0.0013834834098815918,-0.02922765724360943,0.015939682722091675,0.058593928813934326,-0.04749413952231407,0.019418865442276,0.12993121147155762,-0.04864440858364105,0.11897358298301697,0.12803295254707336,-0.015559064224362373,0.08950486779212952,0.0,-0.04041912406682968,0.04630550742149353,0.0471155047416687,-0.044284023344516754,0.04469206929206848,0.11551743745803833,-0.03785259276628494,0.15390941500663757,0.12978821992874146,-0.044831983745098114,0.12594226002693176,0.03038114309310913,-0.05142387002706528,0.08476373553276062,0.033539026975631714,-0.04878244176506996,0.06909677386283875,0.071194589138031,-0.04282190278172493
E,0.18581998348236084,0.4378730058670044,-5.258842179500789e-07,0.09200400114059448,0.39234161376953125,-0.005843771155923605,0.029559671878814697,0.31187474727630615,-0.015570336952805519,0.006895899772644043,0.23366153240203857,-0.035863909870386124,0.04347464442253113,0.20086342096328735,-0.05174791067838669,0.0585135817527771,0.15636253356933594,0.027677277103066444,0.034800827503204346,0.03804650902748108,-0.009239180013537407,0.0,0.0832250714302063,-0.03758884593844414,0.0027685165405273438,0.14708393812179565,-0.05130389332771301,0.08805733919143677,0.13683801889419556,0.00991553533822298,0.05713522434234619,0.0018442273139953613,-0.029541388154029846,0.015716761350631714,0.05990707874298096,-0.0481712743639946,0.01933172345161438,0.13167312741279602,-0.049527622759342194,0.1192481517791748,0.12724319100379944,-0.015073733404278755,0.08986812829971313,0.0,-0.04007640480995178,0.046484559774398804,0.047833770513534546,-0.044242728501558304,0.044729411602020264,0.11671009659767151,-0.03799717128276825,0.15449512004852295,0.12901663780212402,-0.04380430653691292,0.12724173069000244,0.029910176992416382,-0.05084948241710663,0.08538806438446045,0.034094154834747314,-0.048600271344184875,0.06892472505569458,0.0732443630695343,-0.04280132055282593
E,0.1858910620212555,0.4370383620262146,-5.247118224360747e-07,0.0923435389995575,0.3920501470565796,-0.005966274067759514,0.030609130859375,0.31075870990753174,-0.015280473046004772,0.008455723524093628,0.23228120803833008,-0.03519725427031517,0.044943928718566895,0.19866925477981567,-0.05045927315950394,0.06022372841835022,0.1554470956325531,0.028403839096426964,0.035658448934555054,0.03680640459060669,-0.007811978459358215,0.0,0.08212637901306152,-0.03533804416656494,0.003622084856033325,0.14555618166923523,-0.048543915152549744,0.08946862816810608,0.13688236474990845,0.010902236215770245,0.05895230174064636,0.0012254714965820312,-0.027289004996418953,0.016921520233154297,0.05892482399940491,-0.04489734023809433,0.021700888872146606,0.12940043210983276,-0.04586503282189369,0.12031319737434387,0.1281391978263855,-0.01391514576971531,0.0915851891040802,0.0,-0.038035277277231216,0.04645940661430359,0.047557294368743896,-0.04155329242348671,0.04506528377532959,0.11609771847724915,-0.03520924225449562,0.1545042097568512,0.1303231120109558,-0.0425724983215332,0.1276291310787201,0.030017554759979248,-0.04951699450612068,0.0844511091709137,0.03613758087158203,-0.047079600393772125,0.06858405470848083,0.07817834615707397,-0.0411645881831646
E,0.18582791090011597,0.4380543828010559,-5.360809041121684e-07,0.0923890471458435,0.3938458561897278,-0.0058660805225372314,0.029714643955230713,0.31074631214141846,-0.014995506033301353,0.007630109786987305,0.23129916191101074,-0.034819941967725754,0.043839067220687866,0.20044922828674316,-0.050021760165691376,0.06061899662017822,0.1576903760433197,0.028182510286569595,0.03554868698120117,0.03712648153305054,-0.008737970143556595,0.0,0.08425396680831909,-0.03636085242033005,0.0031775832176208496,0.14891952276229858,-0.049383800476789474,0.08980405330657959,0.1390622854232788,0.010551540181040764,0.05852222442626953,0.0025583505630493164,-0.0286196731030941,0.01614367961883545,0.06196799874305725,-0.04631730169057846,0.020691633224487305,0.13306865096092224,-0.04691461846232414,0.12060433626174927,0.12973561882972717,-0.014438880607485771,0.09124261140823364,0.0,-0.03966236487030983,0.0462929904460907,0.04912698268890381,-0.04314373806118965,0.04523631930351257,0.11828750371932983,-0.036205973476171494,0.15489894151687622,0.1307472586631775,-0.04317428544163704,0.12679845094680786,0.030162394046783447,-0.05021355301141739,0.08401620388031006,0.03679633140563965,-0.04745584726333618,0.06893801689147949,0.07791316509246826,-0.0411805622279644
E,0.18410027027130127,0.4376220107078552,-5.557191684602003e-07,0.09217679500579834,0.3953130841255188,-0.007118312641978264,0.029225826263427734,0.31268996000289917,-0.016861291602253914,0.007288217544555664,0.23345476388931274,-0.03683529049158096,0.044198304414749146,0.2009822428226471,-0.05206380411982536,0.057578861713409424,0.15746161341667175,0.02571425773203373,0.032242655754089355,0.04121994972229004,-0.011413601227104664,0.0,0.09192153811454773,-0.03902243822813034,0.006746113300323486,0.15835541486740112,-0.051921114325523376,0.08723723888397217,0.1377125382423401,0.009151695296168327,0.055953145027160645,0.0037326812744140625,-0.03068866766989231,0.0163080096244812,0.06545418500900269,-0.04816688969731331,0.02293655276298523,0.1392272710800171,-0.04826221242547035,0.11872148513793945,0.12802210450172424,-0.014704486355185509,0.08932644128799438,0.0,-0.04041730612516403,0.046380847692489624,0.050406843423843384,-0.043990544974803925,0.046264439821243286,0.1213117241859436,-0.036842960864305496,0.15419608354568481,0.1289694607257843,-0.042314399033784866,0.12830352783203125,0.028755515813827515,-0.050083063542842865,0.08583414554595947,0.03242307901382446,-0.048215027898550034,0.06914234161376953,0.07212775945663452,-0.04234127327799797
E,0.18390503525733948,0.43828389048576355,-5.451910851661523e-07,0.09088608622550964,0.39584121108055115,-0.006727396510541439,0.026977211236953735,0.3122473657131195,-0.016180861741304398,0.006030529737472534,0.23088538646697998,-0.036064062267541885,0.04551607370376587,0.201318621635437,-0.05119353532791138,0.057089000940322876,0.15771004557609558,0.02640676312148571,0.03283223509788513,0.03884446620941162,-0.010638541541993618,0.0,0.09023404121398926,-0.03781997412443161,0.004947572946548462,0.15628275275230408,-0.050444770604372025,0.0866481363773346,0.13840195536613464,0.009456171654164791,0.05627360939979553,0.0024863481521606445,-0.030080480501055717,0.015644729137420654,0.06508573889732361,-0.0466802641749382,0.02069157361984253,0.13766619563102722,-0.0461379773914814,0.11776795983314514,0.12889507412910461,-0.014888152480125427,0.08863875269889832,0.0,-0.04067711904644966,0.04516047239303589,0.052457839250564575,-0.04365517199039459,0.0444188117980957,0.12295109033584595,-0.03591908887028694,0.1528637707233429,0.12999075651168823,-0.04298841208219528,0.12631502747535706,0.02956494688987732,-0.05029520019888878,0.08410927653312683,0.03714480996131897,-0.04765523225069046,0.06845203042030334,0.07897493243217468,-0.04127226769924164
E,0.18594065308570862,0.4362042248249054,-5.611901201518776e-07,0.09245768189430237,0.39118143916130066,-0.006419723853468895,0.028221338987350464,0.30896690487861633,-0.01621055416762829,0.007092684507369995,0.22888389229774475,-0.036438439041376114,0.046506524085998535,0.20005792379379272,-0.052104588598012924,0.05634930729866028,0.15517392754554749,0.027737932279706,0.0309431254863739,0.042494505643844604,-0.009527790360152721,0.0,0.09471884369850159,-0.03799331560730934,0.0059906840324401855,0.16079890727996826,-0.05168372765183449,0.08678916096687317,0.13445234298706055,0.010580583475530148,0.05500957369804382,0.004722505807876587,-0.029046671465039253,0.01579532027244568,0.06592381000518799,-0.047184329479932785,0.02099508047103882,0.13847506046295166,-0.04813813418149948,0.11882677674293518,0.12418261170387268,-0.013982378877699375,0.08959022164344788,0.0,-0.03944164887070656,0.04748216271400452,0.04981696605682373,-0.04341727867722511,0.04661029577255249,0.11935952305793762,-0.036775436252355576,0.15492728352546692,0.12512320280075073,-0.04227983579039574,0.1291760504245758,0.026571124792099,-0.048987384885549545,0.08819761872291565,0.030397385358810425,-0.04666993021965027,0.07205525040626526,0.06846603751182556,-0.04088648408651352
E,0.18491783738136292,0.4346681833267212,-5.4509240499101e-07,0.09159627556800842,0.3900233507156372,-0.006274035666137934,0.02758258581161499,0.3076097369194031,-0.016002722084522247,0.006424754858016968,0.22827452421188354,-0.036006856709718704,0.04615473747253418,0.19893455505371094,-0.051486700773239136,0.056560248136520386,0.15406674146652222,0.026990104466676712,0.032164424657821655,0.04068690538406372,-0.010080482810735703,0.0,0.09039992094039917,-0.03839446231722832,0.004567831754684448,0.15586134791374207,-0.051985736936330795,0.0872516930103302,0.1335867941379547,0.009894213639199734,0.05636987090110779,0.0032238364219665527,-0.029298515990376472,0.016172707080841064,0.062481433153152466,-0.047239724546670914,0.020394206047058105,0.13449060916900635,-0.04816976934671402,0.11929944157600403,0.12372642755508423,-0.014474844560027122,0.09054312109947205,0.0,-0.03936222195625305,0.04782387614250183,0.04779237508773804,-0.043307919055223465,0.04606366157531738,0.11621248722076416,-0.03687458857893944,0.15520337224006653,0.12538686394691467,-0.04256515949964523,0.12976399064064026,0.02751535177230835,-0.049090344458818436,0.08826717734336853,0.029620110988616943,-0.046843670308589935,0.07099881768226624,0.06609928607940674,-0.04117424786090851
E,0.18326908349990845,0.43599581718444824,-5.433946625998942e-07,0.09129148721694946,0.3915519118309021,-0.007138282526284456,0.028755664825439453,0.3105739951133728,-0.01758643239736557,0.009904742240905762,0.2316734790802002,-0.038386598229408264,0.05055868625640869,0.20212993025779724,-0.054674237966537476,0.05336630344390869,0.15798470377922058,0.026526443660259247,0.03021034598350525,0.04548335075378418,-0.01186377089470625,0.0,0.09809258580207825,-0.04042676091194153,0.0061292946338653564,0.16445401310920715,-0.05382601171731949,0.08494716882705688,0.13708865642547607,0.009701607748866081,0.05494797229766846,0.005539834499359131,-0.03171287104487419,0.016794204711914062,0.06806516647338867,-0.04998501017689705,0.022478222846984863,0.14113813638687134,-0.050283461809158325,0.11833912134170532,0.12674441933631897,-0.014583432115614414,0.09075355529785156,0.0,-0.041911449283361435,0.04975569248199463,0.05152416229248047,-0.04604167118668556,0.04954296350479126,0.12169641256332397,-0.03871193528175354,0.15626978874206543,0.1274586021900177,-0.04252297431230545,0.13130521774291992,0.02890506386756897,-0.05089637264609337,0.08997315168380737,0.03259691596031189,-0.04931698366999626,0.07335466146469116,0.07010304927825928,-0.04348725453019142
E,0.18577733635902405,0.43581241369247437,-5.45546924968221e-07,0.09146198630332947,0.39147335290908813,-0.005623836535960436,0.027928799390792847,0.30802661180496216,-0.014969432726502419,0.008685171604156494,0.22661468386650085,-0.034890010952949524,0.05082610249519348,0.2004973292350769,-0.05033276230096817,0.05651000142097473,0.15609315037727356,0.028447560966014862,0.03344684839248657,0.04014694690704346,-0.008472810499370098,0.0,0.08797332644462585,-0.03634718805551529,0.0032216012477874756,0.15290150046348572,-0.049657419323921204,0.08743074536323547,0.13559457659721375,0.010920034721493721,0.05710682272911072,0.003976881504058838,-0.028718113899230957,0.017131775617599487,0.06446260213851929,-0.046370409429073334,0.021590441465377808,0.13701355457305908,-0.046725012362003326,0.11993786692619324,0.12497881054878235,-0.013938996940851212,0.09117218852043152,0.0,-0.03946992754936218,0.04863420128822327,0.04968467354774475,-0.04337386414408684,0.047553837299346924,0.11948862671852112,-0.036431051790714264,0.15675774216651917,0.12509483098983765,-0.04248743876814842,0.13095417618751526,0.02664405107498169,-0.04954320192337036,0.08866670727729797,0.029280483722686768,-0.04750892519950867,0.07132962346076965,0.06720966100692749,-0.04171714931726456
E,0.18355172872543335,0.4342964291572571,-5.213692588768026e-07,0.09073793888092041,0.38989466428756714,-0.00622223038226366,0.02701789140701294,0.3090020418167114,-0.01603640243411064,0.007966786623001099,0.22978729009628296,-0.03601563349366188,0.04970857501029968,0.19863766431808472,-0.05157935991883278,0.0558205246925354,0.15509194135665894,0.024681249633431435,0.033809125423431396,0.037832438945770264,-0.012286863289773464,0.0,0.08591458201408386,-0.039852142333984375,0.0027417540550231934,0.15053486824035645,-0.052890509366989136,0.08748340606689453,0.13571864366531372,0.007629262749105692,0.05847066640853882,0.0016563236713409424,-0.03180314600467682,0.01819753646850586,0.061097919940948486,-0.04905585199594498,0.022497087717056274,0.13322728872299194,-0.04932105913758278,0.12019813060760498,0.12670069932937622,-0.016453437507152557,0.09276396036148071,0.0,-0.041709017008543015,0.05074799060821533,0.04927775263786316,-0.04485456272959709,0.05015450716018677,0.11853885650634766,-0.037585411220788956,0.15682446956634521,0.12839898467063904,-0.044182632118463516,0.1318766474723816,0.02820754051208496,-0.05141483619809151,0.09084588289260864,0.031412750482559204,-0.0489482618868351,0.0751379132270813,0.0688626766204834,-0.04277779906988144
E,0.18543612957000732,0.43364959955215454,-5.717201361221669e-07,0.09209507703781128,0.38763123750686646,-0.0053013949654996395,0.028649985790252686,0.3061768412590027,-0.014645475894212723,0.00666886568069458,0.2280675768852234,-0.034821897745132446,0.04473713040351868,0.19913434982299805,-0.05048009008169174,0.05594974756240845,0.15765255689620972,0.027899838984012604,0.031379103660583496,0.04196131229400635,-0.009691905230283737,0.0,0.09554240107536316,-0.03779204189777374,0.005215823650360107,0.16232475638389587,-0.05097176879644394,0.08638906478881836,0.13757634162902832,0.010155413299798965,0.055046021938323975,0.005157798528671265,-0.030156031250953674,0.015825092792510986,0.06871804594993591,-0.04802797734737396,0.02162480354309082,0.14183291792869568,-0.048363279551267624,0.11852115392684937,0.1268790066242218,-0.014874720014631748,0.08901327848434448,0.0,-0.04105686768889427,0.04707857966423035,0.05281323194503784,-0.044483114033937454,0.04736623167991638,0.12361165881156921,-0.03698866069316864,0.15472066402435303,0.12653887271881104,-0.04345865920186043,0.1284293532371521,0.02664247155189514,-0.0504663921892643,0.08642548322677612,0.034399449825286865,-0.047423720359802246,0.07081413269042969,0.07595476508140564,-0.04080969840288162
E,0.1846129298210144,0.432192325592041,-5.321994649420958e-07,0.09121394157409668,0.38738447427749634,-0.00584507267922163,0.028230756521224976,0.3056352138519287,-0.01567527838051319,0.008292555809020996,0.22674572467803955,-0.03577883914113045,0.048422276973724365,0.19674938917160034,-0.051401298493146896,0.05662882328033447,0.15434589982032776,0.02510274574160576,0.0331382155418396,0.037326037883758545,-0.01266233716160059,0.0,0.08674472570419312,-0.04057043418288231,0.003046393394470215,0.15206009149551392,-0.053551819175481796,0.08782225847244263,0.13471058011054993,0.007926411926746368,0.057553112506866455,0.0015909671783447266,-0.032859914004802704,0.017614781856536865,0.06294092535972595,-0.050534915179014206,0.022008419036865234,0.13549894094467163,-0.050556544214487076,0.12017369270324707,0.12531214952468872,-0.016297869384288788,0.09155797958374023,0.0,-0.04264862835407257,0.049469560384750366,0.05040532350540161,-0.04623807966709137,0.048256635665893555,0.11996182799339294,-0.03874632343649864,0.15657258033752441,0.1269059181213379,-0.04409337788820267,0.13208937644958496,0.02756500244140625,-0.051903046667575836,0.09058946371078491,0.02798670530319214,-0.05003730207681656,0.07327377796173096,0.0627058744430542,-0.04400210082530975
E,0.18269410729408264,0.43398433923721313,-5.385466579355125e-07,0.09037372469902039,0.38925814628601074,-0.006434103474020958,0.027823418378829956,0.3087809681892395,-0.016808636486530304,0.008630454540252686,0.22980141639709473,-0.03738773614168167,0.04920104146003723,0.19761916995048523,-0.05344458669424057,0.053940027952194214,0.15747863054275513,0.02472146600484848,0.030885398387908936,0.042372703552246094,-0.013429122976958752,0.0,0.09401094913482666,-0.041314780712127686,0.005411356687545776,0.15966033935546875,-0.05417951941490173,0.08570685982704163,0.13687846064567566,0.007729877717792988,0.056046634912490845,0.0034006237983703613,-0.03359276428818703,0.017516344785690308,0.0646633505821228,-0.05144891142845154,0.022538840770721436,0.13717815279960632,-0.05140896141529083,0.11887237429618835,0.12666559219360352,-0.016385599970817566,0.09068623185157776,0.0,-0.04322373867034912,0.04993286728858948,0.05003601312637329,-0.04695852845907211,0.04922747611999512,0.11929476261138916,-0.039425335824489594,0.1562577784061432,0.127484530210495,-0.04401291534304619,0.13091591000556946,0.028776347637176514,-0.051816996186971664,0.0898112952709198,0.028737872838974,-0.04988310486078262,0.07251033186912537,0.06219816207885742,-0.04381551221013069
E,0.18276765942573547,0.4321719706058502,-5.367826929614239e-07,0.09104523062705994,0.38772109150886536,-0.006660091690719128,0.028186768293380737,0.30724021792411804,-0.017190780490636826,0.007950693368911743,0.228376567363739,-0.037834182381629944,0.049255043268203735,0.19847536087036133,-0.05390980467200279,0.056936413049697876,0.15353083610534668,0.023490114137530327,0.0347825288772583,0.03416004776954651,-0.014717894606292248,0.0,0.08317169547080994,-0.04227587953209877,0.0015035569667816162,0.14847368001937866,-0.05488244444131851,0.08838191628456116,0.1349533200263977,0.0065813916735351086,0.05776122212409973,0.0014299750328063965,-0.034383777529001236,0.016993075609207153,0.06324267387390137,-0.051383811980485916,0.020311981439590454,0.13503733277320862,-0.050954364240169525,0.12086156010627747,0.1259307861328125,-0.017469437792897224,0.09160783886909485,0.0,-0.04411691427230835,0.049094945192337036,0.050635844469070435,-0.047047220170497894,0.04722660779953003,0.11978897452354431,-0.03904134780168533,0.15721341967582703,0.12713903188705444,-0.04510793462395668,0.1305854618549347,0.027696341276168823,-0.05277274549007416,0.08967968821525574,0.02949473261833191,-0.050218597054481506,0.0734921395778656,0.06449466943740845,-0.043676573783159256
E,0.1800936460494995,0.4345662593841553,-5.505237936631602e-07,0.0882575511932373,0.38879644870758057,-0.0062538208439946175,0.02584877610206604,0.30713629722595215,-0.016529522836208344,0.007319271564483643,0.2281297743320465,-0.037134282290935516,0.04896637797355652,0.1996825933456421,-0.0533478781580925,0.05393862724304199,0.15770962834358215,0.023537075147032738,0.03256669640541077,0.03983944654464722,-0.015028474852442741,0.0,0.09189140796661377,-0.043100617825984955,0.0037288665771484375,0.15952005982398987,-0.056038372218608856,0.08560389280319214,0.13806277513504028,0.0064234244637191296,0.05717957019805908,0.003589451313018799,-0.03517293557524681,0.017073720693588257,0.06537944078445435,-0.05304494872689247,0.02149820327758789,0.13900262117385864,-0.05312983691692352,0.11861962080001831,0.12801873683929443,-0.01776532642543316,0.0920211672782898,0.0,-0.044838692992925644,0.049707233905792236,0.05073922872543335,-0.04883715882897377,0.048590123653411865,0.1214570701122284,-0.0415571890771389,0.156122624874115,0.1284237504005432,-0.045447446405887604,0.13184750080108643,0.028419315814971924,-0.053468476980924606,0.08975422382354736,0.03189718723297119,-0.051579590886831284,0.0725398063659668,0.06978359818458557,-0.04562687873840332
E,0.18487852811813354,0.43806594610214233,-5.476571232065908e-07,0.09084200859069824,0.39411455392837524,-0.005945087410509586,0.027984201908111572,0.30995839834213257,-0.015360426157712936,0.009231209754943848,0.22991949319839478,-0.035362228751182556,0.051105231046676636,0.2061178982257843,-0.05087919905781746,0.05856025218963623,0.15966525673866272,0.026254821568727493,0.03416717052459717,0.04147976636886597,-0.010349001735448837,0.0,0.09279701113700867,-0.03741081431508064,0.0036326348781585693,0.15879154205322266,-0.05027713254094124,0.08913344144821167,0.13995712995529175,0.00870597641915083,0.05752742290496826,0.005689740180969238,-0.030303237959742546,0.016396552324295044,0.06895768642425537,-0.04675453156232834,0.02201622724533081,0.1406119167804718,-0.046413883566856384,0.12135940790176392,0.12937229871749878,-0.01602141186594963,0.09184783697128296,0.0,-0.0411251075565815,0.04858332872390747,0.05258661508560181,-0.04336744174361229,0.049370914697647095,0.12288734316825867,-0.03542132303118706,0.15756642818450928,0.1291988492012024,-0.044473882764577866,0.13029175996780396,0.028537601232528687,-0.05099348723888397,0.08810192346572876,0.03951093554496765,-0.04709450900554657,0.07461798191070557,0.08413970470428467,-0.04002496227622032
E,0.18625643849372864,0.43545711040496826,-5.808699938825157e-07,0.09223148226737976,0.3890235424041748,-0.00501065282151103,0.029377728700637817,0.30613017082214355,-0.014116737991571426,0.008870065212249756,0.2266215682029724,-0.03404105827212334,0.04815018177032471,0.19720333814620972,-0.04958542063832283,0.05751726031303406,0.15719753503799438,0.02845100872218609,0.03181123733520508,0.04280203580856323,-0.008532864041626453,0.0,0.0961487889289856,-0.03646457940340042,0.004923909902572632,0.16190874576568604,-0.04975849762558937,0.08810105919837952,0.13733065128326416,0.010711191222071648,0.055311769247055054,0.006369292736053467,-0.029377250000834465,0.016889721155166626,0.07062351703643799,-0.047516174614429474,0.02333196997642517,0.1430818736553192,-0.04809063673019409,0.12055537104606628,0.1267697513103485,-0.01418219693005085,0.09021368622779846,0.0,-0.03994474560022354,0.04872012138366699,0.05243724584579468,-0.04341188073158264,0.049108654260635376,0.123089998960495,-0.03603731840848923,0.15712407231330872,0.12658801674842834,-0.04263489693403244,0.1301901638507843,0.026924312114715576,-0.04925263673067093,0.08886846899986267,0.032026052474975586,-0.046289242804050446,0.07335874438285828,0.07109686732292175,-0.03980784863233566
E,0.1877773404121399,0.43490850925445557,-5.290827971293766e-07,0.09390944242477417,0.3900490403175354,-0.006427816580981016,0.030170917510986328,0.30851078033447266,-0.016395943239331245,0.009242981672286987,0.22808590531349182,-0.036591436713933945,0.04990309476852417,0.19733014702796936,-0.052289679646492004,0.058066487312316895,0.15785780549049377,0.025990037247538567,0.033861130475997925,0.041627734899520874,-0.011280611157417297,0.0,0.08990621566772461,-0.03936995565891266,0.0033824145793914795,0.15399107336997986,-0.052893321961164474,0.08927369117736816,0.13751235604286194,0.008931898511946201,0.05928981304168701,0.0030385255813598633,-0.03112485446035862,0.018534749746322632,0.06289505958557129,-0.048946771770715714,0.023177415132522583,0.13453245162963867,-0.04947807267308235,0.12211930751800537,0.1275237798690796,-0.015293371863663197,0.09434878826141357,0.0,-0.04098469763994217,0.051168471574783325,0.04934200644493103,-0.044721633195877075,0.05022704601287842,0.11878040432929993,-0.03781416267156601,0.15925073623657227,0.12860554456710815,-0.04323061928153038,0.13420641422271729,0.029569566249847412,-0.05084853246808052,0.09165400266647339,0.032859206199645996,-0.04906785488128662,0.07462871074676514,0.07093119621276855,-0.04340972751379013
E,0.18806535005569458,0.4353634715080261,-5.420037041403702e-07,0.09500473737716675,0.3906688690185547,-0.0052499626763165,0.03258556127548218,0.30952996015548706,-0.01480386033654213,0.011443227529525757,0.2299748659133911,-0.03475360944867134,0.0499688982963562,0.19831064343452454,-0.050172656774520874,0.058995962142944336,0.1577417552471161,0.026952289044857025,0.034056127071380615,0.04194241762161255,-0.010404559783637524,0.0,0.09050273895263672,-0.03834942728281021,0.0038874149322509766,0.15430700778961182,-0.05162128433585167,0.08989560604095459,0.13764038681983948,0.009334663860499859,0.059192121028900146,0.003603041172027588,-0.030716342851519585,0.0186079740524292,0.06318151950836182,-0.04848215728998184,0.02346360683441162,0.13381236791610718,-0.049027394503355026,0.12242347002029419,0.1274464726448059,-0.01537384558469057,0.09404760599136353,0.0,-0.04089151695370674,0.050688713788986206,0.04832136631011963,-0.044303007423877716,0.04941749572753906,0.11644062399864197,-0.0372430756688118,0.1591833233833313,0.1280079185962677,-0.043700188398361206,0.13406723737716675,0.02801501750946045,-0.05093242600560188,0.09169012308120728,0.028101801872253418,-0.04885801300406456,0.07443457841873169,0.06248614192008972,-0.04303448647260666
E,0.1857801079750061,0.4353691637516022,-5.469539132718637e-07,0.09197574853897095,0.38925519585609436,-0.004795521963387728,0.02954009175300598,0.3074078857898712,-0.014198722317814827,0.009815186262130737,0.2282802164554596,-0.03410130366683006,0.05077609419822693,0.19862529635429382,-0.04940256103873253,0.05874955654144287,0.15352782607078552,0.02838672697544098,0.033538639545440674,0.03964659571647644,-0.009011869318783283,0.0,0.09042057394981384,-0.03703209385275841,0.004453867673873901,0.15522980690002441,-0.0502239391207695,0.08990234136581421,0.134332537651062,0.010472462512552738,0.05867260694503784,0.002205461263656616,-0.029670942574739456,0.01810920238494873,0.06323185563087463,-0.04747796803712845,0.02285909652709961,0.1345405876636505,-0.0477684885263443,0.1224602460861206,0.1252003312110901,-0.01462466549128294,0.09358870983123779,0.0,-0.03992287814617157,0.05050414800643921,0.04839959740638733,-0.04312489554286003,0.0489630401134491,0.11581960320472717,-0.03573356941342354,0.1585700511932373,0.1275641918182373,-0.043322328478097916,0.13229018449783325,0.02917143702507019,-0.04962751269340515,0.09082096815109253,0.02773723006248474,-0.046892523765563965,0.07401680946350098,0.05876997113227844,-0.040572576224803925
E,0.1834343671798706,0.4371221363544464,-5.457832799038442e-07,0.09102267026901245,0.39171722531318665,-0.005726292263716459,0.028474777936935425,0.30868932604789734,-0.015344885177910328,0.00991964340209961,0.22847160696983337,-0.03539425879716873,0.050747454166412354,0.20114073157310486,-0.05112969130277634,0.05562323331832886,0.15857023000717163,0.026562366634607315,0.030750751495361328,0.0444682240486145,-0.010450320318341255,0.0,0.09631386399269104,-0.038260892033576965,0.006167560815811157,0.16158753633499146,-0.05149254575371742,0.08694738149642944,0.13810276985168457,0.009039037860929966,0.0570528507232666,0.004158049821853638,-0.03058699704706669,0.01873716711997986,0.06504729390144348,-0.048225440084934235,0.024527013301849365,0.13669338822364807,-0.048589300364255905,0.12002581357955933,0.12780997157096863,-0.015584420412778854,0.0928613543510437,0.0,-0.04072313383221626,0.051721155643463135,0.05018076300621033,-0.04404484108090401,0.051681071519851685,0.11913880705833435,-0.03692708536982536,0.15719544887542725,0.1286177933216095,-0.04383116587996483,0.13119864463806152,0.030626147985458374,-0.05006038770079613,0.0907278060913086,0.036659449338912964,-0.047016408294439316,0.07605844736099243,0.07549101114273071,-0.04069586098194122
E,0.18614500761032104,0.43534570932388306,-5.558648012993217e-07,0.0927852988243103,0.3892509341239929,-0.005713167600333691,0.02997112274169922,0.30539077520370483,-0.01549485046416521,0.010013848543167114,0.22375255823135376,-0.03578999638557434,0.051025450229644775,0.19854354858398438,-0.051506418734788895,0.05777168273925781,0.15450343489646912,0.028026476502418518,0.03319650888442993,0.03913086652755737,-0.009466098621487617,0.0,0.08962622284889221,-0.037720274180173874,0.0035479068756103516,0.1537598967552185,-0.051306646317243576,0.08849853277206421,0.13488739728927612,0.010254858992993832,0.05755627155303955,0.0029791593551635742,-0.029976800084114075,0.017916232347488403,0.06451410055160522,-0.047824110835790634,0.022585660219192505,0.13513824343681335,-0.04829750955104828,0.12091392278671265,0.12543681263923645,-0.01485033892095089,0.09244143962860107,0.0,-0.04056701436638832,0.05013403296470642,0.05011570453643799,-0.043991267681121826,0.04873257875442505,0.11851590871810913,-0.03670375049114227,0.15727078914642334,0.12694507837295532,-0.043687351047992706,0.13103753328323364,0.028567999601364136,-0.050246939063072205,0.08956730365753174,0.029756546020507812,-0.04771111160516739,0.07293552160263062,0.06428661942481995,-0.04162178933620453
E,0.18596521019935608,0.4367913603782654,-5.332442469807575e-07,0.09325799345970154,0.39102643728256226,-0.006064948625862598,0.031152576208114624,0.3100773096084595,-0.0160736832767725,0.011871308088302612,0.23013293743133545,-0.03643658012151718,0.05288168787956238,0.2019505500793457,-0.05247828736901283,0.057628244161605835,0.15982401371002197,0.026129208505153656,0.03320297598838806,0.043631553649902344,-0.010072815231978893,0.0,0.09288385510444641,-0.037927884608507156,0.004737645387649536,0.15690693259239197,-0.05179949849843979,0.08811435103416443,0.13969740271568298,0.008659178391098976,0.05800589919090271,0.005629211664199829,-0.029302546754479408,0.018418878316879272,0.06420129537582397,-0.04698947072029114,0.024441391229629517,0.13435161113739014,-0.048582933843135834,0.12058904767036438,0.12890967726707458,-0.015883026644587517,0.09325006604194641,0.0,-0.039692528545856476,0.050212353467941284,0.04881444573402405,-0.04303255304694176,0.05030694603919983,0.1176689863204956,-0.03696746006608009,0.1572137176990509,0.1286192536354065,-0.044183459132909775,0.13018521666526794,0.029494404792785645,-0.05017644539475441,0.08844336867332458,0.038491785526275635,-0.04716237634420395,0.07450488209724426,0.08143386244773865,-0.0414116270840168
E,0.18704986572265625,0.4380239248275757,-5.424086566563346e-07,0.095725417137146,0.3947608470916748,-0.0068102506920695305,0.03468814492225647,0.3138440251350403,-0.01713438704609871,0.015299797058105469,0.2340933084487915,-0.037850622087717056,0.055134475231170654,0.20406338572502136,-0.05398959293961525,0.060390353202819824,0.1602737307548523,0.026194926351308823,0.033151090145111084,0.04522708058357239,-0.011035829782485962,0.0,0.09567639231681824,-0.03886966034770012,0.006997734308242798,0.16000792384147644,-0.05215417221188545,0.0905347466468811,0.14035412669181824,0.008669134229421616,0.058699846267700195,0.005439341068267822,-0.030535992234945297,0.019455790519714355,0.06664559245109558,-0.04777780547738075,0.027677983045578003,0.13688144087791443,-0.048088300973176956,0.12296295166015625,0.12973305583000183,-0.016152875497937202,0.09446126222610474,0.0,-0.04098629951477051,0.05131185054779053,0.05067753791809082,-0.04360968619585037,0.053324222564697266,0.11971771717071533,-0.036242302507162094,0.15955305099487305,0.12950170040130615,-0.0448555126786232,0.1310638189315796,0.030304253101348877,-0.05127139016985893,0.08813631534576416,0.03851497173309326,-0.04791678860783577,0.07491511106491089,0.08032247424125671,-0.041301023215055466
E,0.1859458088874817,0.4400508999824524,-5.68305210890685e-07,0.09372872114181519,0.39447176456451416,-0.00663595600053668,0.03273653984069824,0.3115657567977905,-0.016494233161211014,0.013515084981918335,0.23085328936576843,-0.036958444863557816,0.05475693941116333,0.2032681405544281,-0.05272198095917702,0.06065034866333008,0.15818515419960022,0.02843187004327774,0.0334450900554657,0.04464063048362732,-0.008650856092572212,0.0,0.09780949354171753,-0.03657222539186478,0.005639135837554932,0.1618674397468567,-0.050152551382780075,0.09056967496871948,0.1381930708885193,0.01086429413408041,0.05838954448699951,0.005293548107147217,-0.029265664517879486,0.01844879984855652,0.06971114873886108,-0.046921513974666595,0.025032848119735718,0.1405702829360962,-0.04712410643696785,0.12280046939849854,0.1280328333377838,-0.0141598554328084,0.0933542251586914,0.0,-0.03998135030269623,0.049838244915008545,0.05234020948410034,-0.0430220402777195,0.049976348876953125,0.12159571051597595,-0.035407811403274536,0.1592910885810852,0.12884405255317688,-0.04305858910083771,0.1325383186340332,0.029220640659332275,-0.04991420730948448,0.08966714143753052,0.03494638204574585,-0.04707558453083038,0.07437688112258911,0.07464781403541565,-0.04062870144844055
E,0.18356192111968994,0.4400572180747986,-5.556477731261111e-07,0.0924292802810669,0.39430415630340576,-0.00651213712990284,0.030749797821044922,0.30990368127822876,-0.01649509370326996,0.013330817222595215,0.2286606729030609,-0.03698234260082245,0.05520671606063843,0.2018079161643982,-0.05289875715970993,0.05767333507537842,0.1578664779663086,0.02648504450917244,0.03322261571884155,0.04222032427787781,-0.011198045685887337,0.0,0.09587526321411133,-0.03889090195298195,0.00568053126335144,0.16133803129196167,-0.05197053775191307,0.08896070718765259,0.13877546787261963,0.008744795806705952,0.060080111026763916,0.00293886661529541,-0.03150505572557449,0.019471585750579834,0.06564992666244507,-0.04868466407060623,0.025097548961639404,0.13683754205703735,-0.048515308648347855,0.12209737300872803,0.12995705008506775,-0.016363883391022682,0.0957564115524292,0.0,-0.04244595393538475,0.051825106143951416,0.051862478256225586,-0.04549092799425125,0.0510481595993042,0.12154421210289001,-0.03789526969194412,0.1591111421585083,0.1320822834968567,-0.04520554468035698,0.13259857892990112,0.032660841941833496,-0.05226012319326401,0.09020626544952393,0.03916442394256592,-0.04935552924871445,0.07557129859924316,0.07883301377296448,-0.04286683350801468
E,0.18557369709014893,0.4419529438018799,-5.754515086664469e-07,0.09138864278793335,0.3962205648422241,-0.004992722067981958,0.0301363468170166,0.30752187967300415,-0.013783254660665989,0.013946712017059326,0.22490736842155457,-0.03368019312620163,0.05574190616607666,0.20394647121429443,-0.04915260151028633,0.05773615837097168,0.15981242060661316,0.029117122292518616,0.03232622146606445,0.04401671886444092,-0.008053258992731571,0.0,0.10046368837356567,-0.035481009632349014,0.007497310638427734,0.1677088439464569,-0.0484735481441021,0.08849310874938965,0.1396327018737793,0.01035052165389061,0.059167563915252686,0.003338754177093506,-0.029486890882253647,0.01886230707168579,0.068696528673172,-0.046042636036872864,0.02668684720993042,0.14217880368232727,-0.04524288326501846,0.1215897798538208,0.1301499903202057,-0.015843985602259636,0.0938948392868042,0.0,-0.04172180965542793,0.04990571737289429,0.054279178380966187,-0.0445132739841938,0.05163794755935669,0.12555551528930664,-0.03659605234861374,0.15887081623077393,0.13137775659561157,-0.04575898125767708,0.1319759488105774,0.030590802431106567,-0.05261729285120964,0.08895105123519897,0.04220786690711975,-0.04917728900909424,0.07631957530975342,0.0879133939743042,-0.04231258109211922
E,0.1870649755001068,0.440604567527771,-5.572428563027643e-07,0.09354600310325623,0.394553542137146,-0.004718335811048746,0.03133091330528259,0.3087347745895386,-0.01372741349041462,0.011490881443023682,0.22697609663009644,-0.033563558012247086,0.04975596070289612,0.2016601860523224,-0.04917140677571297,0.05927535891532898,0.15845206379890442,0.02785530872642994,0.034833312034606934,0.03952866792678833,-0.008498131297528744,0.0,0.09075406193733215,-0.03602954372763634,0.0039314329624176025,0.1563035547733307,-0.04947352409362793,0.08963993191719055,0.1398741602897644,0.00909802783280611,0.05977776646614075,0.002266108989715576,-0.0284867100417614,0.01800176501274109,0.0621260404586792,-0.04518536850810051,0.02323150634765625,0.13318273425102234,-0.04596582055091858,0.12229809165000916,0.13134437799453735,-0.016842611134052277,0.09405168890953064,0.0,-0.04074866324663162,0.048985451459884644,0.05046537518501282,-0.04356741905212402,0.04867735505104065,0.12003538012504578,-0.0370873399078846,0.15923282504081726,0.13298538327217102,-0.04650478810071945,0.13116934895515442,0.031075596809387207,-0.052644841372966766,0.08796140551567078,0.04392075538635254,-0.049020916223526,0.0743388831615448,0.09058138728141785,-0.042830996215343475
E,0.18858462572097778,0.44087469577789307,-5.524742050511122e-07,0.09496927261352539,0.3952397108078003,-0.005848500411957502,0.032074958086013794,0.31028085947036743,-0.01578710228204727,0.013451606035232544,0.22912567853927612,-0.0365142822265625,0.05533194541931152,0.20384955406188965,-0.052736468613147736,0.0604899525642395,0.15679779648780823,0.026578832417726517,0.035888612270355225,0.03676480054855347,-0.011564361862838268,0.0,0.08900445699691772,-0.039527781307697296,0.00354158878326416,0.1554390788078308,-0.05271615460515022,0.09109824895858765,0.13887137174606323,0.007921461947262287,0.0617523193359375,0.0008987188339233398,-0.03192833811044693,0.018725693225860596,0.06351152062416077,-0.04888283088803291,0.023365378379821777,0.1355736255645752,-0.048823144286870956,0.12366867065429688,0.13059481978416443,-0.01814880594611168,0.09630310535430908,0.0,-0.04403397813439369,0.05043184757232666,0.05286899209022522,-0.046922944486141205,0.049858689308166504,0.12327685952186584,-0.03942160680890083,0.16014784574508667,0.13239282369613647,-0.04797884449362755,0.13102096319198608,0.03129452466964722,-0.05479683354496956,0.088004469871521,0.04353368282318115,-0.05105378106236458,0.07551074028015137,0.0886547863483429,-0.04409340023994446
E,0.18681243062019348,0.44269633293151855,-5.30282022737083e-07,0.09279420971870422,0.39431118965148926,-0.006212259642779827,0.03076881170272827,0.309597909450531,-0.016610020771622658,0.012701064348220825,0.22843825817108154,-0.03754814341664314,0.055047303438186646,0.20192131400108337,-0.053909506648778915,0.05972966551780701,0.15339481830596924,0.02682267129421234,0.03647938370704651,0.035306692123413086,-0.010930446907877922,0.0,0.08616608381271362,-0.03903215005993843,0.0017594993114471436,0.1509644091129303,-0.052586618810892105,0.09089139103889465,0.13601845502853394,0.008577566593885422,0.06178197264671326,0.0,-0.03088679350912571,0.018917590379714966,0.061940670013427734,-0.04793515056371689,0.022080928087234497,0.13235262036323547,-0.04817669093608856,0.12382254004478455,0.12930843234062195,-0.017068445682525635,0.09719321131706238,0.0008611083030700684,-0.04241853579878807,0.05147632956504822,0.052330195903778076,-0.04519423097372055,0.04856979846954346,0.121408611536026,-0.03783359006047249,0.16060957312583923,0.13414758443832397,-0.046555519104003906,0.13402703404426575,0.033997029066085815,-0.05326462537050247,0.09164926409721375,0.04139000177383423,-0.04998801648616791,0.07650426030158997,0.08137685060501099,-0.04339844360947609
E,0.18715780973434448,0.44114041328430176,-5.585418989539903e-07,0.09283804893493652,0.39236217737197876,-0.00494002690538764,0.031177788972854614,0.31002962589263916,-0.014835845679044724,0.013784229755401611,0.23087012767791748,-0.035727761685848236,0.05382955074310303,0.20356905460357666,-0.052414823323488235,0.05846607685089111,0.1579183042049408,0.027469249442219734,0.03312826156616211,0.04022645950317383,-0.010387870483100414,0.0,0.09333264827728271,-0.03883511945605278,0.004994481801986694,0.1591309905052185,-0.052552856504917145,0.0896075963973999,0.1391642689704895,0.008661327883601189,0.058967530727386475,0.002778291702270508,-0.03121577575802803,0.018818378448486328,0.0655863881111145,-0.049065738916397095,0.024829119443893433,0.1369914710521698,-0.04984944686293602,0.12270098924636841,0.1304320991039276,-0.017404304817318916,0.09545975923538208,0.0,-0.04282476752996445,0.05145728588104248,0.05188322067260742,-0.04591912776231766,0.050839900970458984,0.12170445919036865,-0.038781359791755676,0.159931480884552,0.1325226128101349,-0.04715736210346222,0.13296091556549072,0.031671375036239624,-0.05361023172736168,0.09049034118652344,0.0412539541721344,-0.05009230226278305,0.07626771926879883,0.08371639251708984,-0.04346528649330139
E,0.18568813800811768,0.4397844076156616,-5.699412781723368e-07,0.09245997667312622,0.3948315978050232,-0.005697493441402912,0.029883086681365967,0.3103100657463074,-0.015414946712553501,0.012014508247375488,0.22930586338043213,-0.0358152873814106,0.05331462621688843,0.20312020182609558,-0.05183032900094986,0.05678975582122803,0.15888291597366333,0.025519099086523056,0.031690776348114014,0.040606915950775146,-0.012548468075692654,0.0,0.09688606858253479,-0.04036065563559532,0.0072419047355651855,0.16440346837043762,-0.05347680673003197,0.08825111389160156,0.13904646039009094,0.007228034548461437,0.058075666427612305,0.0017188191413879395,-0.03285231068730354,0.018369078636169434,0.06604698300361633,-0.04970892518758774,0.02561327815055847,0.13875097036361694,-0.04952574521303177,0.12187838554382324,0.12995561957359314,-0.018334072083234787,0.09423607587814331,0.0,-0.04424449801445007,0.0507911741733551,0.05326128005981445,-0.04730170965194702,0.051248371601104736,0.12339192628860474,-0.03992071747779846,0.15973395109176636,0.13134440779685974,-0.04755121096968651,0.13290268182754517,0.030509769916534424,-0.05447494611144066,0.09054487943649292,0.04117652773857117,-0.0512835830450058,0.07688266038894653,0.08446228504180908,-0.04478706046938896
E,0.18723911046981812,0.4381822347640991,-5.740785695707018e-07,0.09378188848495483,0.3926813006401062,-0.005416883621364832,0.03102278709411621,0.3088415265083313,-0.014492161571979523,0.012755125761032104,0.22803592681884766,-0.034408144652843475,0.05398029088973999,0.2007446587085724,-0.04997643083333969,0.05823791027069092,0.1558147370815277,0.027610911056399345,0.03222492337226868,0.04065704345703125,-0.009630309417843819,0.0,0.09740406274795532,-0.037314996123313904,0.006137669086456299,0.16325706243515015,-0.050522878766059875,0.08928155899047852,0.13624951243400574,0.009303009137511253,0.059070885181427,0.0001952648162841797,-0.029726622626185417,0.01892465353012085,0.064206063747406,-0.04646221175789833,0.024959564208984375,0.13547608256340027,-0.04646934196352959,0.1224675178527832,0.12774288654327393,-0.01632515713572502,0.0942157506942749,0.0,-0.04160265997052193,0.05091744661331177,0.05444154143333435,-0.044246770441532135,0.05153664946556091,0.12404775619506836,-0.036730486899614334,0.159926176071167,0.13018521666526794,-0.04565953463315964,0.13353818655014038,0.02903294563293457,-0.052010755985975266,0.09075093269348145,0.042078375816345215,-0.04820054769515991,0.0770721435546875,0.08738261461257935,-0.04136718809604645
E,0.1899869441986084,0.4398755431175232,-5.620941010420211e-07,0.09718447923660278,0.3982049822807312,-0.008796237409114838,0.03350341320037842,0.31688737869262695,-0.019688554108142853,0.01793089509010315,0.23488378524780273,-0.0410044863820076,0.06248515844345093,0.20723822712898254,-0.057799648493528366,0.055633604526519775,0.16178840398788452,0.0250853318721056,0.02881559729576111,0.04660874605178833,-0.01358651090413332,0.0,0.10521680116653442,-0.041992995887994766,0.00882500410079956,0.17015445232391357,-0.05557837709784508,0.08805632591247559,0.14030569791793823,0.008046039380133152,0.057292163372039795,0.0042927563190460205,-0.032956313341856,0.021311849355697632,0.0716780424118042,-0.04997473210096359,0.030184417963027954,0.1415804922580719,-0.049533769488334656,0.122467041015625,0.1295115351676941,-0.016695275902748108,0.09522455930709839,0.0,-0.04337448254227638,0.0557636022567749,0.05768826603889465,-0.04541394114494324,0.05893850326538086,0.12716925144195557,-0.03682469576597214,0.16187232732772827,0.12931686639785767,-0.045515481382608414,0.13663607835769653,0.028090089559555054,-0.052283864468336105,0.09545457363128662,0.04161578416824341,-0.0484820194542408,0.08307760953903198,0.08557698130607605,-0.04138356074690819
E,0.19445639848709106,0.44006770849227905,-5.396910864874371e-07,0.10078579187393188,0.39928483963012695,-0.008627363480627537,0.036752521991729736,0.3179071545600891,-0.019381824880838394,0.021999508142471313,0.23496270179748535,-0.04041486606001854,0.06929439306259155,0.20538756251335144,-0.056891754269599915,0.056612610816955566,0.1611400842666626,0.025852300226688385,0.03006953001022339,0.04304206371307373,-0.01175699569284916,0.0,0.09973466396331787,-0.03974898159503937,0.007697999477386475,0.1633625328540802,-0.053385064005851746,0.09009146690368652,0.1410229206085205,0.008799382485449314,0.061116695404052734,0.0032408833503723145,-0.030458884313702583,0.024766862392425537,0.06901144981384277,-0.047511059790849686,0.033413827419281006,0.13855335116386414,-0.047803379595279694,0.12580925226211548,0.13105639815330505,-0.015875140205025673,0.1013944149017334,0.0,-0.040657367557287216,0.06035661697387695,0.05617183446884155,-0.04295724630355835,0.062218666076660156,0.12559226155281067,-0.035501137375831604,0.1665869951248169,0.13155698776245117,-0.04467001184821129,0.14086997509002686,0.03096693754196167,-0.05024934187531471,0.09892648458480835,0.0482880175113678,-0.046127356588840485,0.08682215213775635,0.09573259949684143,-0.0393577478826046
E,0.19407105445861816,0.44154202938079834,-5.266311973173288e-07,0.09841156005859375,0.40156304836273193,-0.009348000399768353,0.03290170431137085,0.3183472752571106,-0.02065601386129856,0.022261828184127808,0.23380780220031738,-0.04192785173654556,0.07404971122741699,0.20385387539863586,-0.0587577186524868,0.052806973457336426,0.16056224703788757,0.025162948295474052,0.027794331312179565,0.04097026586532593,-0.012949791736900806,0.0,0.09795650839805603,-0.04168974235653877,0.007568567991256714,0.16290989518165588,-0.05574886500835419,0.08796924352645874,0.1406347155570984,0.008469062857329845,0.06125509738922119,0.002075105905532837,-0.030825961381196976,0.02680400013923645,0.06682783365249634,-0.048884425312280655,0.03547123074531555,0.13690441846847534,-0.050040632486343384,0.1251123547554016,0.1307501494884491,-0.015892749652266502,0.10385638475418091,0.0,-0.04040278121829033,0.06419521570205688,0.05403566360473633,-0.043865520507097244,0.06516313552856445,0.12280389666557312,-0.03734121099114418,0.16756564378738403,0.13140317797660828,-0.04439164325594902,0.14270591735839844,0.031143486499786377,-0.049473006278276443,0.10325312614440918,0.04496586322784424,-0.04565590247511864,0.09168070554733276,0.08868008852005005,-0.039274074137210846
E,0.19930681586265564,0.44157442450523376,-5.280096502247034e-07,0.10223463177680969,0.4053409993648529,-0.010190182365477085,0.03498503565788269,0.3222106397151947,-0.021879911422729492,0.026286929845809937,0.23527362942695618,-0.043209318071603775,0.08040234446525574,0.202790766954422,-0.06020072102546692,0.05280721187591553,0.16484549641609192,0.02283947542309761,0.02620282769203186,0.04420611262321472,-0.01531804259866476,0.0,0.1011987030506134,-0.04422924295067787,0.008541017770767212,0.16683438420295715,-0.05851661041378975,0.08887073397636414,0.14327651262283325,0.006643299944698811,0.06050211191177368,0.004613727331161499,-0.03211904689669609,0.027898788452148438,0.0688638687133789,-0.05010399594902992,0.037750422954559326,0.13899686932563782,-0.05163713917136192,0.1270463764667511,0.13200730085372925,-0.017177483066916466,0.10432323813438416,0.0,-0.041543032974004745,0.06614169478416443,0.05377283692359924,-0.04529908299446106,0.0679602324962616,0.12280958890914917,-0.03929631784558296,0.17103424668312073,0.13115763664245605,-0.045159559696912766,0.14592424035072327,0.029947429895401,-0.050796397030353546,0.10691723227500916,0.04338589310646057,-0.047478482127189636,0.09540507197380066,0.08802944421768188,-0.04160412773489952
E,0.20434078574180603,0.4398970603942871,-5.020603452976502e-07,0.10445621609687805,0.40562134981155396,-0.010735045187175274,0.036141276359558105,0.32500314712524414,-0.022922245785593987,0.029226094484329224,0.2362486720085144,-0.04464324191212654,0.0844745934009552,0.202940434217453,-0.06222015619277954,0.05174413323402405,0.1674165427684784,0.022444643080234528,0.024460524320602417,0.04622715711593628,-0.01571068912744522,0.0,0.10177016258239746,-0.04492707550525665,0.0076818764209747314,0.16660788655281067,-0.05939633026719093,0.08866879343986511,0.14472568035125732,0.006523451302200556,0.05948397517204285,0.00585627555847168,-0.03180087357759476,0.02958899736404419,0.06932437419891357,-0.050035204738378525,0.03962007164955139,0.138179212808609,-0.05201441049575806,0.1275371015071869,0.1323077380657196,-0.017044251784682274,0.10468068718910217,0.0,-0.04100537672638893,0.0689871609210968,0.053356170654296875,-0.04501192644238472,0.0714397132396698,0.12137740850448608,-0.039357904344797134,0.1725941002368927,0.1299704909324646,-0.044837914407253265,0.14808234572410583,0.02694535255432129,-0.04996311292052269,0.11089316010475159,0.040198951959609985,-0.04649019613862038,0.10032173991203308,0.08410996198654175,-0.04068299010396004
E,0.20734333992004395,0.4389467239379883,-4.915322620036022e-07,0.107155442237854,0.40700387954711914,-0.011583222076296806,0.03829306364059448,0.32598525285720825,-0.023432424291968346,0.03209027647972107,0.23548364639282227,-0.044612202793359756,0.08739614486694336,0.20097529888153076,-0.061657994985580444,0.05218440294265747,0.16816389560699463,0.022045107558369637,0.023899167776107788,0.04720813035964966,-0.015207300893962383,0.0,0.10213351249694824,-0.04406866431236267,0.008234381675720215,0.1672457456588745,-0.05860051512718201,0.08923399448394775,0.1445961892604828,0.0065335677936673164,0.05905088782310486,0.005015254020690918,-0.03051651455461979,0.029792368412017822,0.06824281811714172,-0.048290252685546875,0.040673017501831055,0.13855582475662231,-0.050452280789613724,0.12861359119415283,0.13238626718521118,-0.01668989472091198,0.10388702154159546,0.0,-0.03994593396782875,0.0694972574710846,0.054859936237335205,-0.04414881020784378,0.07424074411392212,0.12437063455581665,-0.03904685378074646,0.17488890886306763,0.13016951084136963,-0.044302210211753845,0.15016615390777588,0.02638709545135498,-0.049930114299058914,0.11209648847579956,0.04230374097824097,-0.04726627841591835,0.10205930471420288,0.09046882390975952,-0.042225565761327744
E,0.2116684913635254,0.4362584352493286,-4.734908713999175e-07,0.11155027151107788,0.40611809492111206,-0.011695120483636856,0.041452646255493164,0.3258649706840515,-0.02383812703192234,0.0376143753528595,0.23480629920959473,-0.045220471918582916,0.0942339301109314,0.202173113822937,-0.06275074928998947,0.05025887489318848,0.16794312000274658,0.02241404727101326,0.01989227533340454,0.05139562487602234,-0.014445655979216099,0.0,0.10195410251617432,-0.043978411704301834,0.010780006647109985,0.1653170883655548,-0.05907170847058296,0.0884973406791687,0.14156514406204224,0.006865871604532003,0.05659592151641846,0.006542563438415527,-0.029103901237249374,0.031856030225753784,0.06577569246292114,-0.04740377143025398,0.043939948081970215,0.13472503423690796,-0.05046824738383293,0.12942421436309814,0.12799227237701416,-0.016423605382442474,0.10279422998428345,0.0,-0.03885982930660248,0.07311892509460449,0.05124729871749878,-0.0437258780002594,0.07934069633483887,0.11870372295379639,-0.0395074337720871,0.1771431565284729,0.12485015392303467,-0.044160839170217514,0.1531493067741394,0.021032661199569702,-0.04938092082738876,0.11866384744644165,0.03273671865463257,-0.04700735956430435,0.10970425605773926,0.07792165875434875,-0.04249568283557892
E,0.2132321298122406,0.4347052574157715,-4.574220611175406e-07,0.11247774958610535,0.4058266878128052,-0.010343349538743496,0.04263550043106079,0.3250182867050171,-0.021163541823625565,0.03986942768096924,0.23353880643844604,-0.04137649014592171,0.09483125805854797,0.19824624061584473,-0.057982321828603745,0.051303595304489136,0.16734036803245544,0.024843789637088776,0.019689738750457764,0.05190432071685791,-0.011087475344538689,0.0,0.0979553759098053,-0.040461212396621704,0.010680347681045532,0.1587795913219452,-0.05547146126627922,0.08958032727241516,0.13996300101280212,0.008869758807122707,0.05629006028175354,0.006279647350311279,-0.026427168399095535,0.03256344795227051,0.06242203712463379,-0.04542863368988037,0.04533317685127258,0.13090956211090088,-0.04902470484375954,0.13069447875022888,0.12523555755615234,-0.01472322829067707,0.10236421227455139,0.0,-0.03649146854877472,0.0742361843585968,0.048320651054382324,-0.041957784444093704,0.08185836672782898,0.11421054601669312,-0.03825795277953148,0.17882570624351501,0.12069600820541382,-0.04269060492515564,0.153912752866745,0.01827937364578247,-0.04726102575659752,0.120684415102005,0.027739644050598145,-0.044833358377218246,0.11298486590385437,0.07052204012870789,-0.04037231206893921
E,0.21067187190055847,0.4349548816680908,-4.392952348553081e-07,0.1100681722164154,0.4050440788269043,-0.010613830760121346,0.04250103235244751,0.3239469528198242,-0.021602502092719078,0.041061222553253174,0.23326218128204346,-0.04179757460951805,0.09370312094688416,0.19665029644966125,-0.05851837992668152,0.051515787839889526,0.16761857271194458,0.023498522117733955,0.019385963678359985,0.050579726696014404,-0.012425597757101059,0.0,0.09437987208366394,-0.04130833223462105,0.010716855525970459,0.15355470776557922,-0.05574766546487808,0.0898488461971283,0.139970064163208,0.007945017889142036,0.054756999015808105,0.0057610273361206055,-0.027788477018475533,0.0324971079826355,0.06214958429336548,-0.046484317630529404,0.046482741832733154,0.12993720173835754,-0.049476783722639084,0.1310887634754181,0.12544649839401245,-0.015127734281122684,0.1001029908657074,0.0,-0.03741128370165825,0.0732208788394928,0.04818302392959595,-0.04249672591686249,0.08179822564125061,0.113170325756073,-0.03818686306476593,0.17932119965553284,0.12109199166297913,-0.04246985912322998,0.15494319796562195,0.017090946435928345,-0.04747917503118515,0.12239101529121399,0.02461981773376465,-0.04499540477991104,0.11450085043907166,0.06519874930381775,-0.04022062197327614
E,0.21060824394226074,0.434754341840744,-4.375918649657251e-07,0.11161530017852783,0.4060652554035187,-0.01083112321794033,0.04441720247268677,0.32424792647361755,-0.021642133593559265,0.042030930519104004,0.2331746518611908,-0.041473906487226486,0.09212392568588257,0.19286218285560608,-0.05789140239357948,0.05272635817527771,0.1687077283859253,0.021831592544913292,0.019265979528427124,0.05119243264198303,-0.014746279455721378,0.0,0.08899596333503723,-0.043819040060043335,0.010287225246429443,0.1467176377773285,-0.05790409818291664,0.09095072746276855,0.14069607853889465,0.006631471682339907,0.0556066632270813,0.005987614393234253,-0.029613148421049118,0.034721165895462036,0.059361279010772705,-0.048407066613435745,0.04920071363449097,0.12707927823066711,-0.05119393765926361,0.13275176286697388,0.12577131390571594,-0.01598563976585865,0.10098928213119507,0.0,-0.03908374533057213,0.0757373571395874,0.046570032835006714,-0.044331785291433334,0.08546900749206543,0.11107653379440308,-0.03989445045590401,0.18170315027236938,0.121233731508255,-0.04275824874639511,0.157476007938385,0.016802847385406494,-0.04893620312213898,0.12533092498779297,0.02421271800994873,-0.04682960361242294,0.11786842346191406,0.06585642695426941,-0.041981399059295654
E,0.21557766199111938,0.4331287145614624,-4.262970207946637e-07,0.1152576208114624,0.405550479888916,-0.011154664680361748,0.04858773946762085,0.32034844160079956,-0.0208269152790308,0.04769212007522583,0.2280239462852478,-0.03947817161679268,0.09562349319458008,0.18884417414665222,-0.05497743934392929,0.054675132036209106,0.1700267493724823,0.024315401911735535,0.018749207258224487,0.057003140449523926,-0.011110393330454826,0.0,0.0894322395324707,-0.04031434282660484,0.010278135538101196,0.14107954502105713,-0.05482085049152374,0.09345948696136475,0.14061394333839417,0.009423905052244663,0.05644017457962036,0.00821945071220398,-0.02619144693017006,0.03689718246459961,0.058915674686431885,-0.046651966869831085,0.05274859070777893,0.12380823493003845,-0.05069315806031227,0.13586574792861938,0.12498307228088379,-0.012887178920209408,0.10360819101333618,0.0,-0.03587013855576515,0.07905638217926025,0.04356735944747925,-0.04320206120610237,0.09019529819488525,0.10601136088371277,-0.040242090821266174,0.18550318479537964,0.12055778503417969,-0.039349619299173355,0.16174358129501343,0.015926897525787354,-0.04551805183291435,0.12954264879226685,0.02059432864189148,-0.04472542181611061,0.12233823537826538,0.06098812818527222,-0.04098700359463692
E,0.2114577293395996,0.4330665171146393,-4.318632136346423e-07,0.11275529861450195,0.40473029017448425,-0.010077517479658127,0.047544896602630615,0.32017436623573303,-0.019307542592287064,0.04756772518157959,0.229038804769516,-0.037617214024066925,0.09449976682662964,0.18519479036331177,-0.05277188867330551,0.0546211302280426,0.1700991988182068,0.02415287122130394,0.01760348677635193,0.057251960039138794,-0.011218903586268425,0.0,0.08959689736366272,-0.04000224173069,0.010921627283096313,0.14212200045585632,-0.053911350667476654,0.09280848503112793,0.14023834466934204,0.00924177747219801,0.05403962731361389,0.01013597846031189,-0.02565561793744564,0.03625103831291199,0.0625922679901123,-0.04521040618419647,0.053087830543518066,0.128228098154068,-0.048641644418239594,0.1351756453514099,0.12439891695976257,-0.012941150926053524,0.10060733556747437,0.0,-0.03575899451971054,0.07770240306854248,0.04638990759849548,-0.04173221439123154,0.09005892276763916,0.11015424132347107,-0.03771291673183441,0.18481242656707764,0.12008878588676453,-0.03912767395377159,0.16079086065292358,0.01636296510696411,-0.045856818556785583,0.128074049949646,0.022859960794448853,-0.0446256548166275,0.12063336372375488,0.06464084982872009,-0.0402023084461689
E,0.21083202958106995,0.4317060112953186,-4.245853801876365e-07,0.11169508099555969,0.40344125032424927,-0.010900932364165783,0.04681697487831116,0.320651113986969,-0.02080616168677807,0.04569163918495178,0.22913694381713867,-0.03954373672604561,0.09084013104438782,0.18454089760780334,-0.05506810173392296,0.05344948172569275,0.16969212889671326,0.0231840331107378,0.018607884645462036,0.05663749575614929,-0.012620312161743641,0.0,0.08814150094985962,-0.04185502603650093,0.009659141302108765,0.1397559642791748,-0.05610625818371773,0.09223374724388123,0.1401556134223938,0.008267302997410297,0.05633321404457092,0.0072650909423828125,-0.027436314150691032,0.03669324517250061,0.05677914619445801,-0.047888725996017456,0.051854342222213745,0.12180548906326294,-0.05186033621430397,0.13497748970985413,0.12455195188522339,-0.013907982967793941,0.10338106751441956,0.0,-0.03716344013810158,0.07957687973976135,0.04312765598297119,-0.04401838406920433,0.09103688597679138,0.1053546667098999,-0.04058447480201721,0.18530049920082092,0.12081137299537659,-0.04012664034962654,0.16202226281166077,0.016352534294128418,-0.04704040661454201,0.1295730173587799,0.02072453498840332,-0.04608413204550743,0.12190940976142883,0.061196327209472656,-0.041874371469020844
E,0.21046122908592224,0.43433475494384766,-4.043456272029289e-07,0.11044159531593323,0.40433621406555176,-0.01166255958378315,0.04559466242790222,0.3194999694824219,-0.022015538066625595,0.04621049761772156,0.22747385501861572,-0.040971238166093826,0.09515902400016785,0.1882750689983368,-0.056670717895030975,0.05279025435447693,0.16766351461410522,0.022750960662961006,0.01966652274131775,0.053877830505371094,-0.013246636837720871,0.0,0.08546984195709229,-0.04286601394414902,0.0082913339138031,0.1369868516921997,-0.05753003805875778,0.0926995575428009,0.1396767497062683,0.00801461935043335,0.059173762798309326,0.005178511142730713,-0.028339972719550133,0.03854098916053772,0.05497419834136963,-0.04925063997507095,0.052876830101013184,0.12129592895507812,-0.05332502722740173,0.13607463240623474,0.12556439638137817,-0.014049887657165527,0.10764840245246887,0.0,-0.0374845415353775,0.08250579237937927,0.042225807905197144,-0.0452490895986557,0.09294012188911438,0.10527625679969788,-0.042289260774850845,0.18687447905540466,0.12305697798728943,-0.040273647755384445,0.16601762175559998,0.01692214608192444,-0.0472501777112484,0.13320818543434143,0.019437074661254883,-0.04713229462504387,0.12511113286018372,0.059525102376937866,-0.04353759065270424
E,0.20859742164611816,0.4354913830757141,-4.1696449670780567e-07,0.10980463027954102,0.4057188630104065,-0.011565018445253372,0.04459547996520996,0.321763813495636,-0.021876053884625435,0.043678492307662964,0.22982007265090942,-0.04072314128279686,0.08892786502838135,0.18636709451675415,-0.05626456066966057,0.05266866087913513,0.16943079233169556,0.021406564861536026,0.019859790802001953,0.053256213665008545,-0.01437660213559866,0.0,0.0851270854473114,-0.0430828258395195,0.007843375205993652,0.13683319091796875,-0.056919749826192856,0.09242814779281616,0.14117273688316345,0.006815772969275713,0.058871686458587646,0.006010472774505615,-0.028988635167479515,0.038883328437805176,0.05745279788970947,-0.04847893491387367,0.05330166220664978,0.1234205961227417,-0.05159660428762436,0.13572096824645996,0.12687236070632935,-0.014999455772340298,0.10672986507415771,0.0,-0.0382685624063015,0.08274728059768677,0.044857680797576904,-0.04404953122138977,0.093655526638031,0.1078224778175354,-0.039796099066734314,0.18637633323669434,0.12429451942443848,-0.04087089002132416,0.1653488278388977,0.017373234033584595,-0.04747743159532547,0.13336801528930664,0.02251175045967102,-0.0457189604640007,0.12612348794937134,0.06319689750671387,-0.040929242968559265
E,0.20431476831436157,0.436524361371994,-4.146028516061051e-07,0.10646611452102661,0.40304329991340637,-0.01131715252995491,0.04469031095504761,0.3158000409603119,-0.02145020291209221,0.04478195309638977,0.2236902117729187,-0.040268316864967346,0.08666181564331055,0.17719364166259766,-0.05594255030155182,0.05494454503059387,0.1645810604095459,0.02243097312748432,0.023460596799850464,0.047353118658065796,-0.014452989213168621,0.0,0.07530471682548523,-0.04412684217095375,0.004572957754135132,0.12620553374290466,-0.05832846462726593,0.09418797492980957,0.1390509307384491,0.007502459920942783,0.06137526035308838,0.0025751888751983643,-0.029838165268301964,0.03931295871734619,0.050689488649368286,-0.051539670675992966,0.05220791697502136,0.11712804436683655,-0.05597081407904625,0.13694483041763306,0.1273045837879181,-0.014691730961203575,0.10848897695541382,0.0,-0.03963334485888481,0.08311611413955688,0.04222521185874939,-0.04778941720724106,0.09327614307403564,0.10551300644874573,-0.0447889119386673,0.18707215785980225,0.12608850002288818,-0.04080865904688835,0.16561347246170044,0.018473118543624878,-0.04901439696550369,0.1333257555961609,0.021928727626800537,-0.04893779382109642,0.12580084800720215,0.06275445222854614,-0.04506509378552437
E,0.19907847046852112,0.4425753653049469,-4.207852555282443e-07,0.10430219769477844,0.4064381420612335,-0.010949119925498962,0.04163241386413574,0.31634870171546936,-0.02070043236017227,0.03990432620048523,0.2241424322128296,-0.03906382620334625,0.08164176344871521,0.1756615936756134,-0.054115574806928635,0.04998594522476196,0.16219580173492432,0.022907165810465813,0.020511597394943237,0.04596725106239319,-0.013801644556224346,0.0,0.07115593552589417,-0.04310689866542816,0.004574328660964966,0.12049475312232971,-0.05679509788751602,0.09081289172172546,0.13732761144638062,0.007820851169526577,0.061309248208999634,0.001244187355041504,-0.030176011845469475,0.041476696729660034,0.050667256116867065,-0.05154744163155556,0.05284208059310913,0.11943987011909485,-0.054996803402900696,0.13551858067512512,0.12701115012168884,-0.014436195604503155,0.11040601134300232,0.0,-0.04024096950888634,0.08689072728157043,0.043304234743118286,-0.04741482064127922,0.09524932503700256,0.10791748762130737,-0.04298364371061325,0.18718388676643372,0.12920862436294556,-0.04044662043452263,0.16783937811851501,0.021592408418655396,-0.04884304106235504,0.13688257336616516,0.021637320518493652,-0.047979433089494705,0.12808862328529358,0.057916849851608276,-0.04310024902224541
E,0.18993684649467468,0.4510841965675354,-4.3566359408941935e-07,0.09833034873008728,0.41203927993774414,-0.012260815128684044,0.036904335021972656,0.31834328174591064,-0.022720342501997948,0.03499951958656311,0.22420454025268555,-0.04157968610525131,0.07491180300712585,0.1702178418636322,-0.056709080934524536,0.046646565198898315,0.16236266493797302,0.0207349956035614,0.019505172967910767,0.03972169756889343,-0.018322132527828217,0.0,0.06720161437988281,-0.04918144643306732,0.004405796527862549,0.1231851577758789,-0.06319501250982285,0.08771559596061707,0.14023494720458984,0.006218522787094116,0.05951264500617981,0.0008710920810699463,-0.03281767666339874,0.039361000061035156,0.04882630705833435,-0.05544070526957512,0.049104511737823486,0.11910539865493774,-0.05992315709590912,0.13271787762641907,0.1321476399898529,-0.015686091035604477,0.10890159010887146,0.0,-0.042243920266628265,0.08553281426429749,0.040476322174072266,-0.05043216794729233,0.092550128698349,0.10613235831260681,-0.04699328914284706,0.18485578894615173,0.13673245906829834,-0.04136340692639351,0.1670030653476715,0.027232110500335693,-0.050999924540519714,0.13727673888206482,0.025808870792388916,-0.05118207633495331,0.12780353426933289,0.06234091520309448,-0.04704476147890091
E,0.18604376912117004,0.4555726647377014,-3.926305964796484e-07,0.09618189930915833,0.41798222064971924,-0.0180532056838274,0.03362211585044861,0.3236479163169861,-0.03105730377137661,0.03062012791633606,0.22851267457008362,-0.051171332597732544,0.0669795572757721,0.16998225450515747,-0.06710824370384216,0.040034353733062744,0.16509655117988586,0.016467206180095673,0.016911834478378296,0.04134368896484375,-0.02399110235273838,0.0,0.06355223059654236,-0.05622075870633125,0.004790693521499634,0.11806127429008484,-0.07085967063903809,0.08425918221473694,0.14078950881958008,0.004722581245005131,0.05951002240180969,0.0,-0.037027593702077866,0.04066106677055359,0.045851707458496094,-0.06329890340566635,0.048604816198349,0.11829209327697754,-0.06948966532945633,0.13092663884162903,0.13182848691940308,-0.0146384472027421,0.11036220192909241,0.0005044341087341309,-0.04358689859509468,0.089129239320755,0.0367068350315094,-0.05587784945964813,0.09480580687522888,0.1031574010848999,-0.054491762071847916,0.182987242937088,0.13762477040290833,-0.03783385828137398,0.16752901673316956,0.030754506587982178,-0.04955624043941498,0.14289900660514832,0.02317512035369873,-0.05261702835559845,0.13483008742332458,0.05495893955230713,-0.050005361437797546
E,0.18294945359230042,0.4568352997303009,-4.305777849822334e-07,0.0925503671169281,0.41835126280784607,-0.01640816032886505,0.02977702021598816,0.3288750946521759,-0.029272643849253654,0.026475995779037476,0.23653510212898254,-0.04955502972006798,0.053031593561172485,0.1680985987186432,-0.06538309156894684,0.036569029092788696,0.16410616040229797,0.017182866111397743,0.014102369546890259,0.037479013204574585,-0.022898739203810692,0.0,0.06493827700614929,-0.05470171943306923,0.006005287170410156,0.12271782755851746,-0.06885857880115509,0.08172604441642761,0.14005333185195923,0.00483288848772645,0.05738827586174011,0.0006005465984344482,-0.0351252481341362,0.040234774351119995,0.05029752850532532,-0.06080653518438339,0.04753503203392029,0.12239193916320801,-0.06741944700479507,0.12840154767036438,0.13043904304504395,-0.015087161213159561,0.10778596997261047,0.0,-0.0429849810898304,0.08718833327293396,0.03963574767112732,-0.053975410759449005,0.09201499819755554,0.10646972060203552,-0.05243193358182907,0.1805315911769867,0.13527238368988037,-0.038585297763347626,0.1658230721950531,0.027095884084701538,-0.04985257238149643,0.14212700724601746,0.025005221366882324,-0.051302291452884674,0.13403883576393127,0.060538291931152344,-0.04763359948992729
E,0.17863810062408447,0.461581826210022,-4.266388771156926e-07,0.08934789896011353,0.4226951003074646,-0.019314885139465332,0.029432058334350586,0.3326914310455322,-0.034059423953294754,0.028295189142227173,0.24005722999572754,-0.05569076165556908,0.054665207862854004,0.16976723074913025,-0.07257454842329025,0.03613665699958801,0.1642443835735321,0.014758042059838772,0.014407336711883545,0.038870930671691895,-0.027085894718766212,0.0,0.06905022263526917,-0.06040606275200844,0.005744874477386475,0.12821251153945923,-0.07545263320207596,0.08172136545181274,0.14086249470710754,0.0033433344215154648,0.05899471044540405,0.0,-0.03839858993887901,0.04007112979888916,0.05062299966812134,-0.06549788266420364,0.04541444778442383,0.12311482429504395,-0.07281162589788437,0.1284787654876709,0.13298624753952026,-0.015858015045523643,0.1102973222732544,0.0016732215881347656,-0.04480797052383423,0.08882737159729004,0.04159337282180786,-0.056610073894262314,0.09206008911132812,0.10830897092819214,-0.05539754405617714,0.18017196655273438,0.14074015617370605,-0.038916852325201035,0.16778498888015747,0.03330272436141968,-0.05088217929005623,0.14372187852859497,0.030027806758880615,-0.05313361436128616,0.1341547966003418,0.06423968076705933,-0.04988299682736397
E,0.1789996325969696,0.45890891551971436,-4.431553293215984e-07,0.08929792046546936,0.4216548204421997,-0.019226210191845894,0.027522295713424683,0.32956767082214355,-0.033025261014699936,0.02814421057701111,0.23453441262245178,-0.053498294204473495,0.06131407618522644,0.17048975825309753,-0.06932273507118225,0.03396260738372803,0.1635279357433319,0.01347177941352129,0.012322157621383667,0.04065987467765808,-0.02612297236919403,0.0,0.07107031345367432,-0.057315148413181305,0.007212609052658081,0.12949663400650024,-0.07140035927295685,0.08088907599449158,0.138423353433609,0.0023849871940910816,0.05799570679664612,0.0,-0.03696838766336441,0.04234650731086731,0.05203324556350708,-0.061105236411094666,0.05044326186180115,0.1260676383972168,-0.0666530653834343,0.12908217310905457,0.1302747130393982,-0.016299521550536156,0.10950389504432678,0.000539928674697876,-0.044272929430007935,0.0907503068447113,0.04146254062652588,-0.05420980229973793,0.09615358710289001,0.10964703559875488,-0.05180678889155388,0.1814037263393402,0.13781791925430298,-0.03879481181502342,0.16781219840049744,0.029734432697296143,-0.05075564980506897,0.1458928883075714,0.02616363763809204,-0.052071720361709595,0.13879790902137756,0.06123554706573486,-0.048126932233572006
E,0.17787578701972961,0.4584827125072479,-4.346243258623872e-07,0.08850273489952087,0.42100170254707336,-0.018583038821816444,0.026509582996368408,0.330371230840683,-0.03205738216638565,0.024924784898757935,0.23609527945518494,-0.052390437573194504,0.057253867387771606,0.1714583933353424,-0.06802289932966232,0.03428789973258972,0.16419687867164612,0.01486856397241354,0.012487679719924927,0.04142385721206665,-0.024418216198682785,0.0,0.071461021900177,-0.05558229610323906,0.007185786962509155,0.12953728437423706,-0.06970231235027313,0.0806034505367279,0.1390557587146759,0.003565986640751362,0.05802294611930847,0.0,-0.035642314702272415,0.04168012738227844,0.0506037175655365,-0.060167331248521805,0.0487651526927948,0.1240185797214508,-0.06598810106515884,0.128444105386734,0.1304870843887329,-0.01527880597859621,0.1095375120639801,0.00018402934074401855,-0.042900051921606064,0.09047338366508484,0.04009619355201721,-0.05305880308151245,0.0951976478099823,0.10781031847000122,-0.050861816853284836,0.18089458346366882,0.13786029815673828,-0.037905290722846985,0.16821494698524475,0.030528336763381958,-0.04945670813322067,0.14550569653511047,0.027410537004470825,-0.05085092782974243,0.13717147707939148,0.06272664666175842,-0.04699670523405075
E,0.17806509137153625,0.4596986174583435,-4.213866304780822e-07,0.08936336636543274,0.42234236001968384,-0.020702151581645012,0.028968513011932373,0.33180761337280273,-0.035584915429353714,0.028461456298828125,0.2375667691230774,-0.05696389824151993,0.0587519109249115,0.16938182711601257,-0.07348927110433578,0.035399019718170166,0.16370820999145508,0.013585141859948635,0.013911962509155273,0.03982895612716675,-0.026888692751526833,0.0,0.07031041383743286,-0.059315379709005356,0.006426304578781128,0.12913265824317932,-0.07424379885196686,0.08162495493888855,0.13951092958450317,0.003067251294851303,0.05961713194847107,0.0,-0.03669414296746254,0.04176667332649231,0.04939627647399902,-0.0630982518196106,0.04782727360725403,0.12061235308647156,-0.07065869122743607,0.12909308075904846,0.13172221183776855,-0.015210123732686043,0.11159947514533997,0.0014255642890930176,-0.043255653232336044,0.0909486711025238,0.040549635887145996,-0.0554887130856514,0.09485754370689392,0.10721564292907715,-0.055105242878198624,0.181192547082901,0.13966435194015503,-0.037382710725069046,0.16886386275291443,0.03307998180389404,-0.04940851405262947,0.1457372009754181,0.03133586049079895,-0.052143197506666183,0.1377260386943817,0.06781324744224548,-0.04949531331658363
E,0.17562860250473022,0.45773187279701233,-4.3879498434762354e-07,0.08630400896072388,0.4192955195903778,-0.01822245866060257,0.026216715574264526,0.3275505602359772,-0.03123556077480316,0.024005234241485596,0.23380765318870544,-0.051222819834947586,0.0538637638092041,0.169683039188385,-0.06660570204257965,0.032013654708862305,0.16446495056152344,0.015799790620803833,0.011765062808990479,0.041151344776153564,-0.023203112185001373,0.0,0.07064288854598999,-0.05392998456954956,0.007232725620269775,0.1272985339164734,-0.0676611140370369,0.0786864161491394,0.13920345902442932,0.004442524164915085,0.05736947059631348,0.0,-0.03544619306921959,0.04156738519668579,0.052699387073516846,-0.06023293361067772,0.049119651317596436,0.12680396437644958,-0.06573066115379333,0.1263527274131775,0.13035711646080017,-0.014398889616131783,0.10771721601486206,0.0015488266944885254,-0.04248785227537155,0.08832168579101562,0.04370841383934021,-0.053099069744348526,0.0929836630821228,0.11210396885871887,-0.05085407942533493,0.1783672571182251,0.1371181309223175,-0.03690651059150696,0.1658647656440735,0.029867500066757202,-0.048169996589422226,0.14302855730056763,0.0268917977809906,-0.049640171229839325,0.13485699892044067,0.06154179573059082,-0.04583574831485748
E,0.1784134805202484,0.45965075492858887,-4.113162503927015e-07,0.08861014246940613,0.4212682247161865,-0.018263429403305054,0.026905089616775513,0.3272243142127991,-0.03139697387814522,0.027144134044647217,0.2318790853023529,-0.05150416120886803,0.06159880757331848,0.17236226797103882,-0.06720567494630814,0.03440180420875549,0.16575774550437927,0.013964311219751835,0.012790203094482422,0.041864871978759766,-0.025774942710995674,0.0,0.06955739855766296,-0.056734755635261536,0.006256073713302612,0.12579411268234253,-0.07053850591182709,0.08112141489982605,0.14099961519241333,0.0023603655863553286,0.0594005286693573,0.0,-0.03805806487798691,0.04241779446601868,0.050874173641204834,-0.0622810535132885,0.048764556646347046,0.12512323260307312,-0.0672326609492302,0.1291985809803009,0.13295558094978333,-0.016706354916095734,0.11105182766914368,0.0015093684196472168,-0.04488874599337578,0.09131762385368347,0.04233890771865845,-0.05478142946958542,0.09541460871696472,0.110491544008255,-0.05194950848817825,0.18128147721290588,0.14115554094314575,-0.03958763927221298,0.16947945952415466,0.03329947590827942,-0.051057420670986176,0.14625784754753113,0.029834061861038208,-0.052506402134895325,0.1373790204524994,0.0642884373664856,-0.04863373935222626
E,0.1796780824661255,0.4583262801170349,-4.409197345012217e-07,0.0898125171661377,0.42143887281417847,-0.018202850595116615,0.027122557163238525,0.3297349810600281,-0.031141115352511406,0.02801668643951416,0.23359569907188416,-0.0510425940155983,0.06257468461990356,0.17081183195114136,-0.06629569083452225,0.03470408916473389,0.16426560282707214,0.014741940423846245,0.012018799781799316,0.04050785303115845,-0.0244459081441164,0.0,0.07262155413627625,-0.05549051612615585,0.007409214973449707,0.13166210055351257,-0.06960748136043549,0.08109092712402344,0.13919582962989807,0.003362139454111457,0.058010756969451904,0.0,-0.035385411232709885,0.04181385040283203,0.05155065655708313,-0.05981632322072983,0.048852741718292236,0.12399959564208984,-0.06583859771490097,0.1287711262702942,0.13086044788360596,-0.015514180064201355,0.10977095365524292,0.0009002089500427246,-0.04303577542304993,0.09026730060577393,0.042962074279785156,-0.05329693853855133,0.09484690427780151,0.11115431785583496,-0.05131412297487259,0.18108117580413818,0.13859033584594727,-0.03816913068294525,0.16815388202667236,0.03131246566772461,-0.04991856589913368,0.14533507823944092,0.030828654766082764,-0.05156700313091278,0.13759011030197144,0.06790152192115784,-0.04799938574433327
E,0.177649587392807,0.46062421798706055,-4.497566976624512e-07,0.08843681216239929,0.42252761125564575,-0.0183874499052763,0.027991920709609985,0.32905685901641846,-0.03140160068869591,0.02742627263069153,0.2336585521697998,-0.05133775994181633,0.06065019965171814,0.1724739372730255,-0.06654957681894302,0.03470718860626221,0.16314637660980225,0.0150101063773036,0.013690441846847534,0.03778797388076782,-0.024526678025722504,0.0,0.07034137845039368,-0.05546524003148079,0.006024152040481567,0.12993502616882324,-0.06920556724071503,0.08102908730506897,0.13995158672332764,0.0036540140863507986,0.0597861111164093,0.0,-0.03634324297308922,0.04174569249153137,0.053928256034851074,-0.060645874589681625,0.04820850491523743,0.12793868780136108,-0.06587498635053635,0.12846621870994568,0.13301140069961548,-0.01524360291659832,0.11059960722923279,0.0027284622192382812,-0.043488312512636185,0.08951643109321594,0.045689940452575684,-0.05378833785653114,0.09345540404319763,0.11424365639686584,-0.051249049603939056,0.18012884259223938,0.14157378673553467,-0.03789415955543518,0.1682623326778412,0.03304293751716614,-0.049407958984375,0.1441815197467804,0.029626846313476562,-0.05091637745499611,0.13538357615470886,0.06424233317375183,-0.047012731432914734
E,0.17933058738708496,0.45870596170425415,-4.31969510827912e-07,0.08994388580322266,0.42121148109436035,-0.01725168712437153,0.02926144003868103,0.3288806676864624,-0.029530270025134087,0.028301119804382324,0.23476648330688477,-0.048962853848934174,0.058943092823028564,0.1715785264968872,-0.0638594701886177,0.035308778285980225,0.16454672813415527,0.01694665290415287,0.012468427419662476,0.042528748512268066,-0.021712882444262505,0.0,0.07078135013580322,-0.052365560084581375,0.007505089044570923,0.12684962153434753,-0.06604710221290588,0.08133554458618164,0.13919204473495483,0.005116119049489498,0.05862480401992798,0.0,-0.03372557461261749,0.04118150472640991,0.04967197775840759,-0.05815821513533592,0.04786187410354614,0.12223875522613525,-0.06368402391672134,0.12894099950790405,0.13087815046310425,-0.014151332899928093,0.11020249128341675,0.0016002058982849121,-0.041704580187797546,0.09000635147094727,0.042462825775146484,-0.05198513716459274,0.09433847665786743,0.10978204011917114,-0.04966209456324577,0.18097305297851562,0.1387764811515808,-0.037084583193063736,0.16860496997833252,0.03136441111564636,-0.048529334366321564,0.145274817943573,0.030437946319580078,-0.049734294414520264,0.13728010654449463,0.0672290027141571,-0.04560459777712822
E,0.17977496981620789,0.46131908893585205,-4.2636548869268154e-07,0.0901096761226654,0.42261403799057007,-0.019884847104549408,0.030513107776641846,0.33013492822647095,-0.03402284160256386,0.03164634108543396,0.23562991619110107,-0.05477695167064667,0.06355473399162292,0.16952210664749146,-0.07064501196146011,0.03641831874847412,0.16294440627098083,0.01500228513032198,0.013976812362670898,0.03812935948371887,-0.02504793182015419,0.0,0.0695904791355133,-0.057635702192783356,0.00613752007484436,0.12913799285888672,-0.07283011823892593,0.08223769068717957,0.13974279165267944,0.004332012962549925,0.05949518084526062,0.0,-0.03472172096371651,0.04170951247215271,0.0487673282623291,-0.06098289042711258,0.047997742891311646,0.11945810914039612,-0.0686984732747078,0.1294175684452057,0.13283202052116394,-0.014077640138566494,0.11143997311592102,0.001100093126296997,-0.041126444935798645,0.09150692820549011,0.038096845149993896,-0.05277493968605995,0.09606924653053284,0.10342764854431152,-0.05229654535651207,0.1814996302127838,0.14199641346931458,-0.03646419569849968,0.16980049014091492,0.0346960723400116,-0.04774124547839165,0.1468406617641449,0.029639244079589844,-0.05012715980410576,0.13833847641944885,0.06338098645210266,-0.04743686690926552
E,0.17772901058197021,0.4609641432762146,-4.5878499577156617e-07,0.0903463363647461,0.42463767528533936,-0.01890018954873085,0.029029756784439087,0.3324251174926758,-0.032603919506073,0.027510464191436768,0.23747014999389648,-0.053026601672172546,0.057296931743621826,0.17097091674804688,-0.06843730807304382,0.03364291787147522,0.16300761699676514,0.01350994873791933,0.011887311935424805,0.03777840733528137,-0.0265286173671484,0.0,0.07225704193115234,-0.0576423816382885,0.0075553059577941895,0.1329902708530426,-0.07139752060174942,0.08006799221038818,0.13914617896080017,0.0025371587835252285,0.057435572147369385,0.0,-0.03690306469798088,0.040799617767333984,0.05353635549545288,-0.060864146798849106,0.04783487319946289,0.12678921222686768,-0.06619291752576828,0.12768781185150146,0.13177835941314697,-0.016018031165003777,0.10849928855895996,0.002706080675125122,-0.04373667761683464,0.08861255645751953,0.044918715953826904,-0.05331893637776375,0.0926867127418518,0.11203226447105408,-0.050696250051259995,0.17925238609313965,0.1399502158164978,-0.03833087161183357,0.16631919145584106,0.03226158022880554,-0.04967062547802925,0.14388269186019897,0.030277907848358154,-0.05062578245997429,0.13645672798156738,0.06520131230354309,-0.04639535769820213
E,0.17836010456085205,0.46143823862075806,-4.4832231083091756e-07,0.09014886617660522,0.42195868492126465,-0.019229883328080177,0.031220197677612305,0.3308699131011963,-0.033598750829696655,0.031099677085876465,0.23760300874710083,-0.054773055016994476,0.06032747030258179,0.16943955421447754,-0.07097020745277405,0.03483164310455322,0.1619604229927063,0.014722581952810287,0.013071775436401367,0.037981510162353516,-0.025752661749720573,0.0,0.07143038511276245,-0.05790507793426514,0.006367087364196777,0.13114464282989502,-0.07244254648685455,0.08071273565292358,0.13862410187721252,0.0037259801756590605,0.05801820755004883,0.0,-0.03588704392313957,0.040854811668395996,0.05183827877044678,-0.06104008108377457,0.04770451784133911,0.12343606352806091,-0.06748739629983902,0.1281954050064087,0.1310606598854065,-0.015003309585154057,0.10949057340621948,0.0011854767799377441,-0.042782898992300034,0.08939909934997559,0.041320472955703735,-0.053220540285110474,0.093808114528656,0.10728573799133301,-0.05135404318571091,0.1800665259361267,0.1386529505252838,-0.037577155977487564,0.16745012998580933,0.031332314014434814,-0.04890710115432739,0.1446235179901123,0.027671098709106445,-0.05023058131337166,0.13674265146255493,0.061489224433898926,-0.046381883323192596
E,0.1792224943637848,0.4585847407579422,-4.441405110355845e-07,0.0903482735157013,0.4218422919511795,-0.01946166716516018,0.029247194528579712,0.3325769454240799,-0.033705566078424454,0.03009769320487976,0.2373264878988266,-0.05459916964173317,0.06195917725563049,0.17029504477977753,-0.07057595998048782,0.03444680571556091,0.16346536576747894,0.013013703748583794,0.0120106041431427,0.03941105306148529,-0.02663414739072323,0.0,0.0713394433259964,-0.057230930775403976,0.0075019896030426025,0.12906883656978607,-0.07087741792201996,0.08077111840248108,0.13829030096530914,0.0021119669545441866,0.05711826682090759,0.0,-0.03633023425936699,0.041211873292922974,0.05305542051792145,-0.05896143615245819,0.04885682463645935,0.12492485344409943,-0.06372657418251038,0.12837299704551697,0.1304101198911667,-0.01649775356054306,0.10768011212348938,0.002994552254676819,-0.04458475112915039,0.08877041935920715,0.04747726023197174,-0.05281555652618408,0.09407851099967957,0.11462260782718658,-0.04917670786380768,0.18021151423454285,0.13757671415805817,-0.03890575096011162,0.1653711497783661,0.029733672738075256,-0.05099757760763168,0.14382943511009216,0.033929213881492615,-0.050786253064870834,0.13843783736228943,0.07420076429843903,-0.04552008584141731
E,0.17875319719314575,0.4613885283470154,-3.6070215969630226e-07,0.09186708927154541,0.4246036410331726,-0.02151065692305565,0.03326132893562317,0.3311089277267456,-0.0361214354634285,0.03383058309555054,0.23708009719848633,-0.056453805416822433,0.06929248571395874,0.1740437150001526,-0.07208865135908127,0.03526586294174194,0.1659386157989502,0.011474639177322388,0.01424473524093628,0.043624043464660645,-0.026769082993268967,0.0,0.069247305393219,-0.05829264596104622,0.007099151611328125,0.12694618105888367,-0.073109470307827,0.08175253868103027,0.14075303077697754,0.0022533440496772528,0.05990183353424072,0.0,-0.03337559849023819,0.04181486368179321,0.03920510411262512,-0.05820249766111374,0.04889470338821411,0.1083315908908844,-0.06575515121221542,0.1302112340927124,0.13414207100868225,-0.014362681657075882,0.11126691102981567,0.0038439035415649414,-0.03864476829767227,0.0918266773223877,0.03451275825500488,-0.049975041300058365,0.09758204221725464,0.09816399216651917,-0.05011902004480362,0.18256843090057373,0.14356139302253723,-0.03503500297665596,0.16981446743011475,0.03700685501098633,-0.0452369824051857,0.14752346277236938,0.030574291944503784,-0.04726799950003624,0.14120745658874512,0.06514197587966919,-0.04453006014227867
E,0.17888498306274414,0.4548857659101486,-3.14133302481423e-07,0.09271031618118286,0.41940169036388397,-0.022564612329006195,0.033925533294677734,0.33181361854076385,-0.03805937618017197,0.03110826015472412,0.24005363881587982,-0.058582909405231476,0.0591503381729126,0.16728456318378448,-0.07476316392421722,0.03426867723464966,0.16897957026958466,0.009897753596305847,0.013408690690994263,0.048142209649086,-0.026457609608769417,0.0,0.059168025851249695,-0.057879332453012466,0.006123989820480347,0.10705326497554779,-0.0732133686542511,0.0806397795677185,0.1406775563955307,0.001552160014398396,0.059916019439697266,0.0,-0.031483229249715805,0.045185089111328125,0.030178114771842957,-0.05764058977365494,0.05188554525375366,0.09576044976711273,-0.06743371486663818,0.12878870964050293,0.13218657672405243,-0.013748837634921074,0.11194771528244019,0.0036258846521377563,-0.036317724734544754,0.09543639421463013,0.028240665793418884,-0.048801239579916,0.10165971517562866,0.09021265804767609,-0.05099629610776901,0.18085986375808716,0.14119164645671844,-0.03298436105251312,0.16824108362197876,0.03652097284793854,-0.043140921741724014,0.14761972427368164,0.03149773180484772,-0.04540525749325752,0.14229035377502441,0.06898488104343414,-0.043341126292943954
E,0.1718321442604065,0.44280123710632324,-2.2169253099946218e-07,0.0876384973526001,0.406402051448822,-0.020704014226794243,0.03329598903656006,0.32515186071395874,-0.03453486040234566,0.026724517345428467,0.23242124915122986,-0.053083132952451706,0.040059447288513184,0.15377601981163025,-0.06783397495746613,0.021513521671295166,0.16072770953178406,0.016708681359887123,0.001573324203491211,0.04968130588531494,-0.012357404455542564,0.0,0.04110443592071533,-0.040823083370923996,0.010159671306610107,0.061882615089416504,-0.05636068806052208,0.07042783498764038,0.13200417160987854,0.008766128681600094,0.05129510164260864,0.0003141164779663086,-0.020362023264169693,0.049275994300842285,0.024039149284362793,-0.04582231864333153,0.05786561965942383,0.08053645491600037,-0.05613604933023453,0.1205015778541565,0.12218692898750305,-0.00560511089861393,0.10568481683731079,0.0,-0.02702495828270912,0.0983472466468811,0.023867309093475342,-0.03762775659561157,0.10392844676971436,0.0813102126121521,-0.03860655054450035,0.17348343133926392,0.13006645441055298,-0.023567715659737587,0.1614416241645813,0.026436835527420044,-0.03415939584374428,0.14552974700927734,0.023166745901107788,-0.03503236919641495,0.139085054397583,0.058592408895492554,-0.03175627067685127
E,0.17786577343940735,0.43159547448158264,-1.3458911496400106e-07,0.0943080484867096,0.4037715494632721,-0.0191730335354805,0.03542402386665344,0.3192588984966278,-0.02952883578836918,0.03922203183174133,0.21746599674224854,-0.043768662959337234,0.06838443875312805,0.1487342119216919,-0.05497400462627411,0.0180966854095459,0.16298016905784607,0.015990523621439934,0.0,0.05238637328147888,-0.00585275748744607,0.0061272382736206055,0.03548726439476013,-0.02923455461859703,0.019220203161239624,0.049161821603775024,-0.04343392699956894,0.06741562485694885,0.1283910870552063,0.008831518702208996,0.045526474714279175,0.004954427480697632,-0.012318873777985573,0.0567033588886261,0.01295289397239685,-0.03449495509266853,0.07028654217720032,0.05719327926635742,-0.04562193527817726,0.11879155039787292,0.11570918560028076,-0.00384409143589437,0.10060146450996399,0.0,-0.022557420656085014,0.10796615481376648,0.017873793840408325,-0.032266248017549515,0.11883768439292908,0.07042860984802246,-0.03437061607837677,0.17290881276130676,0.12160643935203552,-0.019671516492962837,0.1573629081249237,0.020209908485412598,-0.03281068056821823,0.15332558751106262,0.020829051733016968,-0.03412590175867081,0.15513917803764343,0.05752962827682495,-0.031573958694934845
E,0.17366492748260498,0.4307682514190674,-1.8004335800014815e-08,0.09020549058914185,0.40130704641342163,-0.025642728433012962,0.03399944305419922,0.3092477321624756,-0.04015042260289192,0.057446062564849854,0.20827889442443848,-0.05634353682398796,0.10251909494400024,0.15514922142028809,-0.0693841353058815,0.011427998542785645,0.15861713886260986,0.00011107186583103612,0.0,0.03790193796157837,-0.024640951305627823,0.016177773475646973,0.024249672889709473,-0.05050541087985039,0.03425288200378418,0.04339200258255005,-0.06740199029445648,0.06405794620513916,0.1265105903148651,-0.0036856248043477535,0.04899221658706665,0.0034587979316711426,-0.024572482332587242,0.06701427698135376,0.00453561544418335,-0.04798787087202072,0.08057248592376709,0.03838580846786499,-0.06285572052001953,0.11631512641906738,0.11614328622817993,-0.012828747741878033,0.10359549522399902,0.0,-0.030649691820144653,0.11798429489135742,0.012273192405700684,-0.04156371206045151,0.1302167773246765,0.06019487977027893,-0.04673471674323082,0.16979390382766724,0.12413966655731201,-0.025740765035152435,0.15797579288482666,0.02647516131401062,-0.039803650230169296,0.15909379720687866,0.022571265697479248,-0.043329477310180664,0.16126501560211182,0.05250215530395508,-0.04373279958963394
E,0.16461718082427979,0.4375496506690979,7.49214805750853e-08,0.08641654253005981,0.4065549373626709,-0.03186412528157234,0.034967124462127686,0.312050461769104,-0.048775751143693924,0.06121528148651123,0.21124491095542908,-0.0646863728761673,0.10339182615280151,0.15553441643714905,-0.07712774723768234,0.006520867347717285,0.16063770651817322,-0.011734944768249989,0.0,0.04479449987411499,-0.036065395921468735,0.021388351917266846,0.03101557493209839,-0.061003878712654114,0.04017549753189087,0.042566537857055664,-0.078367680311203,0.060263872146606445,0.13120442628860474,-0.011955893598496914,0.04815036058425903,0.013921737670898438,-0.02996334247291088,0.06725138425827026,0.0,-0.0522448755800724,0.07972437143325806,0.01113167405128479,-0.06908300518989563,0.11300820112228394,0.12530478835105896,-0.0175469983369112,0.10487997531890869,0.014837801456451416,-0.03553508594632149,0.1210070252418518,0.00913962721824646,-0.04811377823352814,0.13445401191711426,0.036269932985305786,-0.056310683488845825,0.16677379608154297,0.13776886463165283,-0.027025433257222176,0.15766596794128418,0.04563403129577637,-0.04276585951447487,0.16121184825897217,0.025640159845352173,-0.04876088723540306,0.16411375999450684,0.03219574689865112,-0.05213163420557976
E,0.1599401831626892,0.43319961428642273,9.595916594662413e-08,0.08488547801971436,0.40353116393089294,-0.034073807299137115,0.03844916820526123,0.310780793428421,-0.05203786864876747,0.06586307287216187,0.21218129992485046,-0.06829366832971573,0.10380077362060547,0.15395838022232056,-0.08077806234359741,0.007950186729431152,0.15957900881767273,-0.01646263338625431,0.0,0.04010078310966492,-0.04667302221059799,0.025152623653411865,0.017394453287124634,-0.07569673657417297,0.049603164196014404,0.026648610830307007,-0.0944591611623764,0.06135672330856323,0.13059258460998535,-0.016421003267169,0.05403977632522583,0.01474812626838684,-0.03976470232009888,0.07823234796524048,0.0,-0.06474688649177551,0.09422290325164795,0.012547999620437622,-0.08258694410324097,0.11315101385116577,0.12486061453819275,-0.022165756672620773,0.10773247480392456,0.014137089252471924,-0.04558312147855759,0.12729746103286743,0.007180243730545044,-0.05961045250296593,0.14322882890701294,0.032099395990371704,-0.06798113137483597,0.16730129718780518,0.13637706637382507,-0.03181799501180649,0.16063201427459717,0.04638633131980896,-0.052491482347249985,0.16695082187652588,0.031414538621902466,-0.05930151417851448,0.17120885848999023,0.04272213578224182,-0.06236548349261284
E,0.14303553104400635,0.4425431191921234,8.65824816287386e-08,0.07361429929733276,0.41355136036872864,-0.037710633128881454,0.033325135707855225,0.3219115436077118,-0.05970229580998421,0.05940353870391846,0.22932252287864685,-0.08026880770921707,0.08967083692550659,0.16561761498451233,-0.09657399356365204,0.008584260940551758,0.16000789403915405,-0.020440109074115753,0.0,0.028766006231307983,-0.057107653468847275,0.027831435203552246,0.015028446912765503,-0.09078875929117203,0.053001582622528076,0.04596507549285889,-0.110129214823246,0.06286662817001343,0.13525131344795227,-0.02044861577451229,0.05854254961013794,0.006269469857215881,-0.04879670590162277,0.08555704355239868,0.0,-0.07949816435575485,0.10048198699951172,0.02835175395011902,-0.10026827454566956,0.11323273181915283,0.13340240716934204,-0.026671864092350006,0.1130831241607666,0.016644060611724854,-0.05043904483318329,0.13232141733169556,0.014928996562957764,-0.06790903955698013,0.14507150650024414,0.04989752173423767,-0.07880629599094391,0.1651090383529663,0.14823368191719055,-0.037133920937776566,0.16191613674163818,0.05249270796775818,-0.05415455251932144,0.16976237297058105,0.04011550545692444,-0.060228750109672546,0.17276525497436523,0.060252875089645386,-0.06355547159910202
E,0.1407751441001892,0.44717392325401306,1.3904808859876994e-08,0.07029271125793457,0.4210366904735565,-0.04467913880944252,0.03141754865646362,0.3223589360713959,-0.06783920526504517,0.05866086483001709,0.2277623414993286,-0.08857504278421402,0.0890539288520813,0.16229119896888733,-0.10443578660488129,0.0028928518295288086,0.16225174069404602,-0.02005803771317005,0.0,0.024373739957809448,-0.05815820395946503,0.03518569469451904,0.021315187215805054,-0.09376237541437149,0.06114077568054199,0.06253769993782043,-0.11398905515670776,0.05774182081222534,0.13695651292800903,-0.016532890498638153,0.054254353046417236,0.0,-0.04793327674269676,0.09178388118743896,0.005359336733818054,-0.08357083797454834,0.11058598756790161,0.04427555203437805,-0.1069703921675682,0.10787302255630493,0.13297998905181885,-0.02004481852054596,0.10767585039138794,0.008670493960380554,-0.0481087900698185,0.136030912399292,0.011004030704498291,-0.07244382053613663,0.15156352519989014,0.0535351037979126,-0.0871213972568512,0.15915364027023315,0.14450523257255554,-0.027941318228840828,0.1566559076309204,0.04047751426696777,-0.049481336027383804,0.17277520895004272,0.03568926453590393,-0.06064693629741669,0.1798551082611084,0.0674009919166565,-0.06743708997964859
E,0.12714886665344238,0.4523378759622574,3.2292472695871766e-08,0.06263375282287598,0.4215167313814163,-0.049475815147161484,0.029008328914642334,0.3238399773836136,-0.07492674887180328,0.05620157718658447,0.23137594759464264,-0.09672822058200836,0.08668261766433716,0.16805164515972137,-0.11332123726606369,0.0,0.1582307368516922,-0.028445260599255562,0.0012919306755065918,0.016649186611175537,-0.06598392874002457,0.03805500268936157,0.01832866668701172,-0.10012458264827728,0.06407290697097778,0.06478025019168854,-0.11933517456054688,0.05542200803756714,0.1377152055501938,-0.022545212879776955,0.056483685970306396,0.0,-0.05374119430780411,0.09419119358062744,0.007682293653488159,-0.08943013846874237,0.11233299970626831,0.048808351159095764,-0.11319702863693237,0.10573673248291016,0.13717849552631378,-0.023600853979587555,0.10855811834335327,0.014093145728111267,-0.05088760331273079,0.13764339685440063,0.014384746551513672,-0.07705030590295792,0.1537846326828003,0.05614335834980011,-0.09358425438404083,0.15609437227249146,0.15132828056812286,-0.02925122156739235,0.1550126075744629,0.048624321818351746,-0.04953831061720848,0.17159020900726318,0.0412532240152359,-0.06167629733681679,0.17906063795089722,0.07284392416477203,-0.06979476660490036
E,0.12143480777740479,0.45567643642425537,9.597092542890096e-08,0.05722755193710327,0.42028021812438965,-0.05483188107609749,0.02648758888244629,0.31676697731018066,-0.07964137196540833,0.05741739273071289,0.22329169511795044,-0.0989343598484993,0.09068763256072998,0.16470244526863098,-0.11252585053443909,0.0,0.1543932557106018,-0.029286349192261696,0.004123866558074951,0.012796804308891296,-0.06605727970600128,0.04126840829849243,0.010899722576141357,-0.09958798438310623,0.06830471754074097,0.05344685912132263,-0.11791735142469406,0.054299235343933105,0.13838481903076172,-0.018699362874031067,0.05723839998245239,0.0,-0.04858625307679176,0.09588229656219482,0.004116147756576538,-0.08252062648534775,0.1172974705696106,0.042213648557662964,-0.10443427413702011,0.10306060314178467,0.14119118452072144,-0.01588546857237816,0.10723632574081421,0.019237875938415527,-0.04375256970524788,0.13924455642700195,0.016368553042411804,-0.07169400155544281,0.1584267020225525,0.05355316400527954,-0.0885215550661087,0.15100622177124023,0.15605801343917847,-0.018047956749796867,0.15090543031692505,0.05696532130241394,-0.04004191607236862,0.17114931344985962,0.04932326078414917,-0.054623641073703766,0.18256103992462158,0.07781356573104858,-0.06367360055446625
E,0.12252664566040039,0.4598368704319,1.4807294945740068e-08,0.058725714683532715,0.42744842171669006,-0.05080366134643555,0.02795124053955078,0.32347002625465393,-0.07515030354261398,0.05460447072982788,0.22885096073150635,-0.09562170505523682,0.08556288480758667,0.16492578387260437,-0.11068429052829742,0.0,0.1647508442401886,-0.02854955568909645,0.0032317042350769043,0.019132137298583984,-0.06601247936487198,0.04134726524353027,0.020132705569267273,-0.0990920215845108,0.06695771217346191,0.06801167130470276,-0.11684581637382507,0.05357426404953003,0.14646852016448975,-0.02124032936990261,0.05550748109817505,0.0,-0.053598761558532715,0.0971408486366272,0.011186912655830383,-0.0891171246767044,0.11754810810089111,0.05957841873168945,-0.11171121895313263,0.10173910856246948,0.14507967233657837,-0.021046793088316917,0.1043243408203125,0.015195325016975403,-0.05083192139863968,0.13929742574691772,0.01864480972290039,-0.07941260188817978,0.15803325176239014,0.0684034526348114,-0.09626168757677078,0.14887231588363647,0.15639033913612366,-0.02530837617814541,0.14786666631698608,0.04819241166114807,-0.04921094328165054,0.17117005586624146,0.04339319467544556,-0.06430747359991074,0.18329668045043945,0.08303770422935486,-0.07364945113658905
E,0.12089815735816956,0.4591817259788513,3.356231914608543e-08,0.060283511877059937,0.4286300539970398,-0.05018718168139458,0.030043035745620728,0.3310326933860779,-0.07557294517755508,0.053648561239242554,0.23923933506011963,-0.09714469313621521,0.0786261260509491,0.17487215995788574,-0.11326467245817184,0.0,0.16546082496643066,-0.0316305048763752,0.0037687718868255615,0.017511174082756042,-0.07042846828699112,0.04464182257652283,0.02109895646572113,-0.1040533185005188,0.07180240750312805,0.06841152906417847,-0.12177294492721558,0.054916709661483765,0.14606130123138428,-0.024852080270648003,0.05711504817008972,0.0,-0.057206254452466965,0.09963259100914001,0.010022565722465515,-0.0918189063668251,0.12073728442192078,0.055086106061935425,-0.1136585995554924,0.1040056049823761,0.14488080143928528,-0.024973001331090927,0.10688468813896179,0.017941609025001526,-0.0528562031686306,0.14196541905403137,0.020528554916381836,-0.07880133390426636,0.16037574410438538,0.06460767984390259,-0.09417550265789032,0.1515912115573883,0.15752285718917847,-0.02972513623535633,0.1521940529346466,0.05127793550491333,-0.05032287538051605,0.17511406540870667,0.04339182376861572,-0.06264440715312958,0.18649056553840637,0.07658374309539795,-0.07019204646348953
E,0.12174063920974731,0.46223685145378113,7.497949638946011e-08,0.06252378225326538,0.4319888651371002,-0.05756764858961105,0.03502047061920166,0.33212223649024963,-0.08384454250335693,0.06072288751602173,0.23562344908714294,-0.10440301150083542,0.08588629961013794,0.169186532497406,-0.11877816170454025,0.0,0.17101308703422546,-0.03666234761476517,0.0060538649559021,0.019342422485351562,-0.07599876075983047,0.047469496726989746,0.022286444902420044,-0.10938849300146103,0.07458174228668213,0.06981536746025085,-0.1265641152858734,0.054030418395996094,0.14987021684646606,-0.0253578070551157,0.05558973550796509,0.0,-0.05701839178800583,0.09926503896713257,0.006648063659667969,-0.09148348122835159,0.12274044752120972,0.0504128634929657,-0.11344891041517258,0.10212117433547974,0.14694485068321228,-0.02170628309249878,0.10453104972839355,0.01797756552696228,-0.05057389289140701,0.1420663595199585,0.019102856516838074,-0.07876516878604889,0.16335642337799072,0.06292220950126648,-0.09551632404327393,0.14807558059692383,0.15713080763816833,-0.023164767771959305,0.14636129140853882,0.05218315124511719,-0.04569672420620918,0.17220675945281982,0.04604822397232056,-0.06038719788193703,0.187053382396698,0.0824381411075592,-0.06936883926391602
E,0.11705046892166138,0.4601198732852936,1.646247937969747e-08,0.06127196550369263,0.4284157454967499,-0.05196632072329521,0.03457111120223999,0.33151498436927795,-0.07688881456851959,0.05604851245880127,0.23690688610076904,-0.09704814851284027,0.0782199501991272,0.16662871837615967,-0.11116103082895279,0.0,0.16918465495109558,-0.0341910757124424,0.004571110010147095,0.018032819032669067,-0.07129953056573868,0.045060932636260986,0.024616360664367676,-0.10220003128051758,0.07105076313018799,0.07683774828910828,-0.11762107163667679,0.05294620990753174,0.148727685213089,-0.025509629398584366,0.055680811405181885,0.0,-0.0568283349275589,0.0993773341178894,0.011859029531478882,-0.09019871056079865,0.12166392803192139,0.061555415391922,-0.11086488515138626,0.09998476505279541,0.1461254358291626,-0.023594029247760773,0.10356718301773071,0.018242165446281433,-0.050897613167762756,0.14125847816467285,0.02152150869369507,-0.07681508362293243,0.16163593530654907,0.06823804974555969,-0.0921567976474762,0.1450892686843872,0.15686669945716858,-0.02623104862868786,0.1450505256652832,0.05148497223854065,-0.0466686375439167,0.17074257135391235,0.045422881841659546,-0.05890059098601341,0.184844970703125,0.08329543471336365,-0.06626183539628983
E,0.11476030945777893,0.4653625637292862,-2.2514317521427074e-08,0.058154135942459106,0.43292440474033356,-0.05072680860757828,0.03317919373512268,0.3353261500597,-0.0733490064740181,0.05814060568809509,0.240301713347435,-0.09132814407348633,0.08053061366081238,0.1702566295862198,-0.10341350734233856,0.0,0.17455945909023285,-0.0325566865503788,0.0069453418254852295,0.021847322583198547,-0.07056128978729248,0.04921647906303406,0.028046056628227234,-0.10245635360479355,0.07625815272331238,0.07869617640972137,-0.11844541877508163,0.05307343602180481,0.15284959971904755,-0.025037070736289024,0.05516943335533142,0.0,-0.05642024055123329,0.10164520144462585,0.012957185506820679,-0.09109573811292648,0.12590286135673523,0.06412221491336823,-0.11265005171298981,0.0994924008846283,0.14910711348056793,-0.024354711174964905,0.1017889678478241,0.016879871487617493,-0.0522431805729866,0.14212766289710999,0.023669227957725525,-0.08018915355205536,0.16334721446037292,0.07251875102519989,-0.09673552960157394,0.14422491192817688,0.16068048775196075,-0.028190502896904945,0.14350661635398865,0.05107983946800232,-0.049554843455553055,0.17188367247581482,0.048083290457725525,-0.06305454671382904,0.18676498532295227,0.0913924127817154,-0.07129044830799103
E,0.10895225405693054,0.4657909870147705,-1.4188290542449522e-08,0.054231852293014526,0.4327564239501953,-0.05190577358007431,0.03186562657356262,0.33632683753967285,-0.0772821307182312,0.058840006589889526,0.24316784739494324,-0.09830938279628754,0.08093908429145813,0.173733651638031,-0.113933265209198,0.0,0.17024007439613342,-0.0351252406835556,0.005394726991653442,0.019853219389915466,-0.07375096529722214,0.045737773180007935,0.027996838092803955,-0.1069294884800911,0.07231554388999939,0.07949212193489075,-0.12416880577802658,0.052542656660079956,0.1499110758304596,-0.02723897621035576,0.055466026067733765,0.0,-0.06042538955807686,0.10165587067604065,0.013088136911392212,-0.09694747626781464,0.1262013018131256,0.0637737512588501,-0.11983729898929596,0.09816280007362366,0.1479075849056244,-0.025949625298380852,0.10168251395225525,0.017347097396850586,-0.05383265018463135,0.14191016554832458,0.022584468126296997,-0.0822271928191185,0.16383519768714905,0.07080888748168945,-0.0995282307267189,0.14151069521903992,0.16086739301681519,-0.029335975646972656,0.14270010590553284,0.053393423557281494,-0.050334472209215164,0.17058560252189636,0.04819971323013306,-0.06446034461259842,0.18617239594459534,0.08761349320411682,-0.0734674260020256
E,0.10444426536560059,0.4650912582874298,-2.2011430900192863e-08,0.0531388521194458,0.43033280968666077,-0.050875745713710785,0.032260119915008545,0.33670857548713684,-0.07417422533035278,0.057965099811553955,0.2461690604686737,-0.09260006248950958,0.08131062984466553,0.1785595417022705,-0.105331189930439,0.0,0.16741672158241272,-0.03427065908908844,0.00967252254486084,0.01623094081878662,-0.07169054448604584,0.051684021949768066,0.023220360279083252,-0.10308609157800674,0.07914400100708008,0.07389286160469055,-0.11911747604608536,0.05045396089553833,0.1484760344028473,-0.025752145797014236,0.05846142768859863,0.0,-0.05793799087405205,0.10617297887802124,0.01355530321598053,-0.0924215167760849,0.1317482590675354,0.06417804956436157,-0.11372308433055878,0.09540921449661255,0.14660164713859558,-0.023816771805286407,0.10269361734390259,0.017422080039978027,-0.05145104601979256,0.1437762975692749,0.02365848422050476,-0.07897952944040298,0.16618245840072632,0.0701991617679596,-0.09549760818481445,0.13827663660049438,0.15969964861869812,-0.02643466554582119,0.14082396030426025,0.05482766032218933,-0.04822235181927681,0.16938233375549316,0.0519336462020874,-0.06276760250329971,0.18556809425354004,0.09215801954269409,-0.07173092663288116
E,0.0993453860282898,0.4661807417869568,-3.6643701406546825e-08,0.04868638515472412,0.42967796325683594,-0.04968506097793579,0.027732551097869873,0.33558976650238037,-0.07225527614355087,0.05327481031417847,0.24687567353248596,-0.09035372734069824,0.07697659730911255,0.17807817459106445,-0.10301618278026581,0.0,0.16345298290252686,-0.030316952615976334,0.008254766464233398,0.015488281846046448,-0.06799155473709106,0.04782932996749878,0.02112409472465515,-0.10095401853322983,0.07538878917694092,0.07211601734161377,-0.11805657297372818,0.04946058988571167,0.1470833420753479,-0.022569701075553894,0.05721151828765869,0.0,-0.0560271292924881,0.10293275117874146,0.014618843793869019,-0.09321378171443939,0.12793093919754028,0.06779405474662781,-0.1159886047244072,0.09335333108901978,0.14699900150299072,-0.021445579826831818,0.10137534141540527,0.016703322529792786,-0.049859970808029175,0.1408860683441162,0.02429802715778351,-0.07969027757644653,0.16186058521270752,0.073699951171875,-0.09750023484230042,0.13507330417633057,0.1622508466243744,-0.024767696857452393,0.13929909467697144,0.0571209192276001,-0.047599054872989655,0.1670634150505066,0.05444149672985077,-0.06390216946601868,0.1822614073753357,0.09585714340209961,-0.0739315077662468
E,0.09302759170532227,0.4680021107196808,-8.435628728875599e-08,0.04057765007019043,0.4296901524066925,-0.04561686888337135,0.02165663242340088,0.33702072501182556,-0.06590927392244339,0.05026900768280029,0.25108662247657776,-0.08218158781528473,0.07296007871627808,0.18750125169754028,-0.09282432496547699,0.0,0.15968716144561768,-0.027209075167775154,0.009048283100128174,0.01407080888748169,-0.06488639861345291,0.048616886138916016,0.02040858566761017,-0.0982387512922287,0.07517427206039429,0.07070103287696838,-0.11547748744487762,0.050514817237854004,0.1457408368587494,-0.021110529080033302,0.058591485023498535,0.0,-0.05298610404133797,0.1030346155166626,0.015227451920509338,-0.08878597617149353,0.12617039680480957,0.06803512573242188,-0.11101774126291275,0.09437519311904907,0.14635804295539856,-0.021585354581475258,0.10352939367294312,0.01695360243320465,-0.048185959458351135,0.1413424015045166,0.025822654366493225,-0.07656870782375336,0.1605166792869568,0.07531559467315674,-0.09376794099807739,0.13687598705291748,0.16212895512580872,-0.026467083021998405,0.1430705189704895,0.05935350060462952,-0.04793936386704445,0.16969943046569824,0.05578227341175079,-0.0639030709862709,0.1832764744758606,0.09504088759422302,-0.07390142977237701
E,0.09036999940872192,0.46991756558418274,-8.613216806452328e-08,0.03997904062271118,0.43122997879981995,-0.045562513172626495,0.02296602725982666,0.3370892107486725,-0.06429968029260635,0.05201303958892822,0.24892571568489075,-0.07843063771724701,0.0760582685470581,0.185124933719635,-0.08649883419275284,0.0,0.16126859188079834,-0.027509259060025215,0.01129215955734253,0.015006884932518005,-0.06344020366668701,0.05361396074295044,0.022742420434951782,-0.09441770613193512,0.08023560047149658,0.0734952986240387,-0.11013676971197128,0.05045926570892334,0.1467812955379486,-0.020670749247074127,0.061260104179382324,0.0,-0.050958506762981415,0.10802066326141357,0.017019614577293396,-0.08462399244308472,0.1306610107421875,0.07067766785621643,-0.10546544194221497,0.09411227703094482,0.14773401618003845,-0.02031656540930271,0.10535943508148193,0.018686100840568542,-0.04623357951641083,0.1451479196548462,0.02973054349422455,-0.07358863949775696,0.16343748569488525,0.07848507165908813,-0.09013422578573227,0.13558608293533325,0.16464829444885254,-0.024248281493782997,0.14411473274230957,0.05976986885070801,-0.04534190893173218,0.17219042778015137,0.057035893201828,-0.06086348369717598,0.18477553129196167,0.09696456789970398,-0.07063018530607224
E,0.08859729766845703,0.46841961145401,-2.982007529794828e-08,0.04046112298965454,0.42927032709121704,-0.05025636777281761,0.024271607398986816,0.33419185876846313,-0.07185155153274536,0.053340017795562744,0.24412620067596436,-0.08812110126018524,0.07866090536117554,0.17724257707595825,-0.09821335226297379,0.0,0.16054272651672363,-0.03252981975674629,0.013290047645568848,0.01402042806148529,-0.06875148415565491,0.05350768566131592,0.01957888901233673,-0.09915225207805634,0.07908594608306885,0.07142031192779541,-0.1145160049200058,0.05058389902114868,0.1456725299358368,-0.023590411990880966,0.06239485740661621,0.0,-0.054186344146728516,0.106686532497406,0.013167455792427063,-0.088431216776371,0.12825942039489746,0.06482243537902832,-0.11015276610851288,0.09451240301132202,0.14737269282341003,-0.02131936512887478,0.10681307315826416,0.02023470401763916,-0.04800143465399742,0.14612209796905518,0.02841523289680481,-0.07675044238567352,0.16392922401428223,0.07670825719833374,-0.09466217458248138,0.1356838345527649,0.16469034552574158,-0.02355489879846573,0.14528465270996094,0.060770183801651,-0.04519279673695564,0.17304503917694092,0.05819937586784363,-0.06158548593521118,0.18492811918258667,0.09916669130325317,-0.07227566838264465
E,0.08883386850357056,0.46979694068431854,-7.112043221013664e-08,0.03671318292617798,0.43155787885189056,-0.04643084108829498,0.01954948902130127,0.3356458395719528,-0.06589940190315247,0.04915797710418701,0.24462254345417023,-0.08078683912754059,0.0746656060218811,0.17862360179424286,-0.08951912820339203,0.0,0.16386590898036957,-0.029511719942092896,0.012513995170593262,0.01566500961780548,-0.06632546335458755,0.05431723594665527,0.02244669198989868,-0.09731937944889069,0.08071935176849365,0.074119433760643,-0.11285361647605896,0.05179715156555176,0.1478838473558426,-0.02279590629041195,0.06320518255233765,0.0,-0.05307930335402489,0.10852360725402832,0.015362948179244995,-0.08640196919441223,0.12989580631256104,0.06856660544872284,-0.10738935321569443,0.0959743857383728,0.14853496849536896,-0.022688159719109535,0.10681802034378052,0.018033742904663086,-0.04911177232861519,0.14619874954223633,0.02833881974220276,-0.07649315893650055,0.16373968124389648,0.07792417705059052,-0.0932902991771698,0.13769006729125977,0.16542492806911469,-0.026914257556200027,0.14620858430862427,0.05802460014820099,-0.04846635088324547,0.17464125156402588,0.05576854944229126,-0.06381034106016159,0.18635785579681396,0.09806506335735321,-0.07358032464981079
E,0.08885276317596436,0.47055137157440186,-2.3136390581157684e-08,0.03761589527130127,0.4285377860069275,-0.051306966692209244,0.021845459938049316,0.33173561096191406,-0.07052446156740189,0.051268815994262695,0.23870599269866943,-0.08336462825536728,0.07596129179000854,0.17262819409370422,-0.08937877416610718,0.0,0.1605965495109558,-0.031214382499456406,0.013719916343688965,0.01513586938381195,-0.06672567874193192,0.05506002902984619,0.018363699316978455,-0.09718019515275955,0.08172053098678589,0.06886708736419678,-0.11258459091186523,0.05188232660293579,0.14573267102241516,-0.020865559577941895,0.06337696313858032,0.0,-0.05052527040243149,0.10672461986541748,0.01024465262889862,-0.08505570888519287,0.12755179405212402,0.0609455406665802,-0.10716339200735092,0.09640198945999146,0.14720481634140015,-0.017412567511200905,0.10793828964233398,0.01843540370464325,-0.0448746383190155,0.1459815502166748,0.026236295700073242,-0.07529159635305405,0.16237306594848633,0.07463586330413818,-0.09412870556116104,0.1382519006729126,0.16441822052001953,-0.018442705273628235,0.14687246084213257,0.05959911644458771,-0.04200340807437897,0.17425191402435303,0.05825072526931763,-0.06012957543134689,0.18518495559692383,0.1009594202041626,-0.07174863666296005
E,0.09222650527954102,0.471195325255394,-4.4682199273893275e-08,0.04008084535598755,0.43203888833522797,-0.0464630052447319,0.02147543430328369,0.33722589910030365,-0.06599707901477814,0.049289703369140625,0.24514932930469513,-0.08048991858959198,0.0730675458908081,0.1791544407606125,-0.08850709348917007,0.0,0.16576401889324188,-0.032467879354953766,0.013564467430114746,0.01713980734348297,-0.06884203106164932,0.05833333730697632,0.02416318655014038,-0.09839777648448944,0.08530271053314209,0.07632987201213837,-0.11282021552324295,0.051765620708465576,0.14968456327915192,-0.025380415841937065,0.06384658813476562,0.0,-0.05596023052930832,0.11121654510498047,0.014708295464515686,-0.08837427943944931,0.13275295495986938,0.0682702511548996,-0.10858092457056046,0.09589111804962158,0.15001173317432404,-0.024586299434304237,0.10744768381118774,0.019208014011383057,-0.05161258578300476,0.14889389276504517,0.030673012137413025,-0.07846751064062119,0.16656452417373657,0.08156870305538177,-0.09467465430498123,0.1371970772743225,0.16617844998836517,-0.02802533656358719,0.14471960067749023,0.061470165848731995,-0.050260357558727264,0.1741669774055481,0.06109149754047394,-0.0656411200761795,0.18620485067367554,0.10466431081295013,-0.0752391368150711
E,0.08784741163253784,0.4703610986471176,-6.010746034235126e-08,0.03805363178253174,0.4315178245306015,-0.04676437005400658,0.022447705268859863,0.33605681359767914,-0.06581325829029083,0.052086472511291504,0.24598254263401031,-0.07995819300413132,0.07765138149261475,0.18226639926433563,-0.08799600601196289,0.0,0.16337154805660248,-0.029192015528678894,0.01219475269317627,0.01555439829826355,-0.06578962504863739,0.05373120307922363,0.020546212792396545,-0.09680037200450897,0.08041483163833618,0.07001562416553497,-0.11266467720270157,0.05097472667694092,0.1475757509469986,-0.022093333303928375,0.06186091899871826,0.0,-0.05233568325638771,0.10679268836975098,0.012393921613693237,-0.08570326864719391,0.12871623039245605,0.061824604868888855,-0.10685919225215912,0.09482812881469727,0.14891113340854645,-0.021666718646883965,0.10617810487747192,0.019866183400154114,-0.04873292148113251,0.1457081437110901,0.028757378458976746,-0.07631820440292358,0.1640470027923584,0.07533545792102814,-0.09325481951236725,0.13663023710250854,0.16649605333805084,-0.02554498426616192,0.14499807357788086,0.06324763596057892,-0.048121463507413864,0.17287826538085938,0.06076060235500336,-0.06412585079669952,0.18521606922149658,0.09992121160030365,-0.07428252696990967
E,0.09459805488586426,0.46959997713565826,-5.120898816102226e-09,0.04425692558288574,0.4301411658525467,-0.05263002589344978,0.028147220611572266,0.33145011961460114,-0.07183362543582916,0.05656152963638306,0.2367778867483139,-0.08439681679010391,0.08080381155014038,0.17219360172748566,-0.09004416316747665,0.0,0.16408683359622955,-0.03164676949381828,0.015236318111419678,0.015547975897789001,-0.06708193570375443,0.05902749300003052,0.01961272954940796,-0.0970350056886673,0.08691591024398804,0.06745012104511261,-0.11211775243282318,0.051692962646484375,0.14802484214305878,-0.02013130486011505,0.06471270322799683,0.0,-0.049609940499067307,0.11024540662765503,0.011036291718482971,-0.08240324258804321,0.13227301836013794,0.059181153774261475,-0.10306579619646072,0.09652382135391235,0.14816583693027496,-0.015763722360134125,0.10829955339431763,0.018589362502098083,-0.043828826397657394,0.14921921491622925,0.027525126934051514,-0.07280576974153519,0.168035626411438,0.07443170249462128,-0.09006527811288834,0.13863146305084229,0.1624654084444046,-0.016006523743271828,0.14641571044921875,0.05834202468395233,-0.04016990587115288,0.17580699920654297,0.05830769240856171,-0.05761206895112991,0.18881529569625854,0.10053808987140656,-0.06828930228948593
E,0.09308922290802002,0.46678653359413147,-3.633995149243674e-08,0.04131126403808594,0.43235984444618225,-0.049681685864925385,0.022159278392791748,0.33809956908226013,-0.07071772962808609,0.05180084705352783,0.24583974480628967,-0.08625824749469757,0.07555675506591797,0.18100407719612122,-0.09560543298721313,0.0,0.16604989767074585,-0.03574875369668007,0.013013958930969238,0.015958040952682495,-0.07272478938102722,0.0560225248336792,0.0217149555683136,-0.10246966034173965,0.0827944278717041,0.07151830196380615,-0.11731203645467758,0.05174553394317627,0.14904722571372986,-0.0275527723133564,0.06370913982391357,0.0,-0.058735281229019165,0.10987812280654907,0.01418103277683258,-0.09127824008464813,0.13165485858917236,0.06471318006515503,-0.11170199513435364,0.09593045711517334,0.1484866440296173,-0.02597869373857975,0.10700035095214844,0.019369393587112427,-0.05383037403225899,0.14746665954589844,0.029402434825897217,-0.08111430704593658,0.16594696044921875,0.07733818888664246,-0.09763195365667343,0.13768833875656128,0.16310399770736694,-0.028896747156977654,0.14478957653045654,0.05974724888801575,-0.05205552279949188,0.1733400821685791,0.05927783250808716,-0.06801412999629974,0.18555748462677002,0.10173869132995605,-0.07804020494222641
E,0.09888190031051636,0.4671403020620346,-2.3954886962940236e-09,0.043430864810943604,0.42918388545513153,-0.04921051487326622,0.02467477321624756,0.3344017118215561,-0.06767011433839798,0.05524200201034546,0.24217580258846283,-0.08021624386310577,0.07754546403884888,0.17926184833049774,-0.08626335859298706,0.0,0.16419453918933868,-0.030171070247888565,0.013610243797302246,0.01723933219909668,-0.06702012568712234,0.05688583850860596,0.01847006380558014,-0.0981166735291481,0.08673310279846191,0.06284768879413605,-0.11380941420793533,0.053099751472473145,0.14686380326747894,-0.021188970655202866,0.06494289636611938,0.0,-0.05101475492119789,0.1101372241973877,0.008653461933135986,-0.08291994035243988,0.1339857578277588,0.054107874631881714,-0.10274451971054077,0.09886378049850464,0.1460231989622116,-0.019317928701639175,0.1101108193397522,0.01841701567173004,-0.047006383538246155,0.14959681034088135,0.02706371247768402,-0.07317085564136505,0.16887450218200684,0.07089443504810333,-0.08835050463676453,0.14232409000396729,0.16054262220859528,-0.022070160135626793,0.14968085289001465,0.05691613256931305,-0.04521994665265083,0.17735016345977783,0.05617661774158478,-0.05999595671892166,0.18969440460205078,0.09541891515254974,-0.0685075893998146
E,0.09735190868377686,0.46529968082904816,2.687613154250812e-08,0.04469931125640869,0.43231864273548126,-0.055857982486486435,0.025741934776306152,0.33689452707767487,-0.07923918962478638,0.05678153038024902,0.2435423582792282,-0.09625560790300369,0.08003365993499756,0.17594726383686066,-0.10704484581947327,0.0,0.16673965752124786,-0.03740723803639412,0.01528918743133545,0.016849085688591003,-0.07562732696533203,0.05933743715286255,0.020039811730384827,-0.10718947649002075,0.08680641651153564,0.06834138929843903,-0.12312280386686325,0.053034424781799316,0.1490498036146164,-0.026376359164714813,0.06477707624435425,0.0,-0.05916645750403404,0.11210030317306519,0.013011112809181213,-0.09381836652755737,0.1352170705795288,0.06335712969303131,-0.11521931737661362,0.09873569011688232,0.1478230208158493,-0.022591199725866318,0.10933536291122437,0.019672051072120667,-0.05204199254512787,0.15072041749954224,0.028820917010307312,-0.08125218749046326,0.16965711116790771,0.07616077363491058,-0.09849729388952255,0.14110827445983887,0.1615145057439804,-0.023729028180241585,0.14808052778244019,0.05590732395648956,-0.04754611849784851,0.17745476961135864,0.05621461570262909,-0.06391042470932007,0.19032245874404907,0.10011167824268341,-0.07393447309732437
E,0.09847372770309448,0.46726052463054657,-1.7643456473592778e-08,0.044019341468811035,0.4352554529905319,-0.04956257715821266,0.02434086799621582,0.3435554951429367,-0.07132072746753693,0.05347543954849243,0.2512020915746689,-0.08816938102245331,0.0736008882522583,0.18457825481891632,-0.09895066171884537,0.0,0.17080171406269073,-0.03249163180589676,0.012297570705413818,0.020350635051727295,-0.0701829046010971,0.056684792041778564,0.028673559427261353,-0.10143885761499405,0.08409351110458374,0.07754082977771759,-0.11726806312799454,0.052232563495635986,0.1498291939496994,-0.024630596861243248,0.06250953674316406,0.0,-0.05590585246682167,0.11121368408203125,0.016116753220558167,-0.0886465460062027,0.1349245309829712,0.06623522937297821,-0.10875759273767471,0.0972474217414856,0.14721150696277618,-0.02360272780060768,0.10598605871200562,0.017330482602119446,-0.050715040415525436,0.14917421340942383,0.028459399938583374,-0.07613201439380646,0.1695656180381775,0.07474760711193085,-0.09111413359642029,0.13957178592681885,0.16177691519260406,-0.02722598798573017,0.14528721570968628,0.05689521133899689,-0.04891595616936684,0.17544519901275635,0.05687360465526581,-0.06255944818258286,0.18918204307556152,0.09681953489780426,-0.07064330577850342
E,0.09759467840194702,0.4676214009523392,-1.7440783040001406e-08,0.045533597469329834,0.43444837629795074,-0.050500091165304184,0.02629023790359497,0.34166504442691803,-0.07278615981340408,0.05309915542602539,0.2508666664361954,-0.0900098904967308,0.07364815473556519,0.18502716720104218,-0.10127422958612442,0.0,0.16837437450885773,-0.03379376232624054,0.011398792266845703,0.016875237226486206,-0.07128170132637024,0.055341362953186035,0.025208458304405212,-0.10234835743904114,0.0827903151512146,0.07466460764408112,-0.11810752004384995,0.05154383182525635,0.14893342554569244,-0.025280805304646492,0.06284761428833008,0.0,-0.05691581964492798,0.11203968524932861,0.015682131052017212,-0.08977402746677399,0.13657790422439575,0.06461285054683685,-0.10985147207975388,0.0963929295539856,0.14737136662006378,-0.0234992615878582,0.10602229833602905,0.018246322870254517,-0.0505405031144619,0.14838850498199463,0.027886077761650085,-0.07547564804553986,0.16937470436096191,0.07233740389347076,-0.09022700041532516,0.1388639211654663,0.1622408777475357,-0.026400243863463402,0.1448206901550293,0.057145968079566956,-0.04762212559580803,0.1740710735321045,0.05621613562107086,-0.06044040620326996,0.18820995092391968,0.09427638351917267,-0.06798382848501205
E,0.10015085339546204,0.4666959345340729,-1.849284281263408e-08,0.04529663920402527,0.43647733330726624,-0.05224241316318512,0.02430298924446106,0.34319642186164856,-0.07409095019102097,0.052460700273513794,0.25077271461486816,-0.09034638106822968,0.07135835289955139,0.18410301208496094,-0.1005743071436882,0.0,0.1690298318862915,-0.03531361371278763,0.009580105543136597,0.019543886184692383,-0.07396652549505234,0.05388805270195007,0.02596716582775116,-0.1058400571346283,0.08289656043052673,0.07447591423988342,-0.12191633880138397,0.052218109369277954,0.1486356258392334,-0.026379359886050224,0.06191745400428772,0.0,-0.059321288019418716,0.1112419068813324,0.014901161193847656,-0.09313005954027176,0.13701573014259338,0.0635545551776886,-0.11370150744915009,0.09701678156852722,0.14625141024589539,-0.024545270949602127,0.10611549019813538,0.017782017588615417,-0.053847137838602066,0.14908835291862488,0.028172656893730164,-0.08121395856142044,0.17071589827537537,0.07329604029655457,-0.09710700809955597,0.13961300253868103,0.16043758392333984,-0.027452394366264343,0.1454004943370819,0.05520161986351013,-0.050792522728443146,0.17517152428627014,0.055488258600234985,-0.06567635387182236,0.1892094910144806,0.09597352147102356,-0.07452252507209778
E,0.1020861268043518,0.4667363464832306,-2.7180822925743087e-08,0.04523652791976929,0.4355250298976898,-0.04824657365679741,0.023403823375701904,0.3457741439342499,-0.07093943655490875,0.051272451877593994,0.254967600107193,-0.08928512036800385,0.06949692964553833,0.1892484724521637,-0.10179788619279861,0.0,0.16988295316696167,-0.03266879916191101,0.010412216186523438,0.01992553472518921,-0.07121553272008896,0.053622424602508545,0.027212053537368774,-0.10352271050214767,0.08081203699111938,0.07520142197608948,-0.12029870599508286,0.0528944730758667,0.14995086193084717,-0.026255426928400993,0.06217682361602783,0.0,-0.05865440517663956,0.10999971628189087,0.015370532870292664,-0.09203861653804779,0.13296723365783691,0.06398752331733704,-0.11282186955213547,0.09837251901626587,0.14831259846687317,-0.026500368490815163,0.10665595531463623,0.017147913575172424,-0.05426748842000961,0.14789879322052002,0.027071937918663025,-0.07870427519083023,0.16775274276733398,0.07262036204338074,-0.09324143081903458,0.14213788509368896,0.16304248571395874,-0.031353842467069626,0.14783018827438354,0.05663540959358215,-0.053253162652254105,0.17613983154296875,0.05456197261810303,-0.06594719737768173,0.18910175561904907,0.09149172902107239,-0.07351938635110855
E,0.1031474769115448,0.46156181395053864,1.7290334497488402e-08,0.04890671372413635,0.43485815823078156,-0.05130133777856827,0.026495903730392456,0.3455432802438736,-0.07495912164449692,0.05358871817588806,0.25449366867542267,-0.09344591200351715,0.07133844494819641,0.1903379112482071,-0.10601846873760223,0.0,0.17040307819843292,-0.037449683994054794,0.010566383600234985,0.021203741431236267,-0.07626339048147202,0.05374607443809509,0.023850545287132263,-0.10791075229644775,0.08194348216056824,0.0698685497045517,-0.12418899685144424,0.05275002121925354,0.1494835466146469,-0.029234055429697037,0.060264915227890015,0.0,-0.0623069629073143,0.10763689875602722,0.011441037058830261,-0.09549801051616669,0.13133713603019714,0.05816061794757843,-0.11626769602298737,0.09826168417930603,0.1460139900445938,-0.027768194675445557,0.10552355647087097,0.01688145101070404,-0.05713547766208649,0.14757677912712097,0.024037957191467285,-0.08326274156570435,0.1688741147518158,0.06850744783878326,-0.09875054657459259,0.1420626938343048,0.1573423594236374,-0.030986296012997627,0.14812502264976501,0.053370311856269836,-0.05478932335972786,0.17723891139030457,0.050161972641944885,-0.06978092342615128,0.19162502884864807,0.08606372773647308,-0.07899448275566101
E,0.11164683103561401,0.4633459746837616,-8.648224358864809e-09,0.051564574241638184,0.4385453760623932,-0.04925428330898285,0.025643467903137207,0.3509295880794525,-0.07310963422060013,0.053309082984924316,0.2598687410354614,-0.09246799349784851,0.07325035333633423,0.1939331293106079,-0.10620272904634476,0.0,0.1760958731174469,-0.03674600273370743,0.006908595561981201,0.02513858675956726,-0.07719844579696655,0.05214488506317139,0.032294824719429016,-0.11027395725250244,0.08138608932495117,0.08225864171981812,-0.12708231806755066,0.05391818284988403,0.1527886688709259,-0.030586091801524162,0.05982613563537598,0.0,-0.06453859061002731,0.11084496974945068,0.015569448471069336,-0.09790428727865219,0.13663089275360107,0.06698769330978394,-0.11835689097642899,0.09999799728393555,0.14949333667755127,-0.03110077790915966,0.1056169867515564,0.016484469175338745,-0.06042923033237457,0.14968329668045044,0.02632714807987213,-0.08502191305160522,0.17236393690109253,0.07412385940551758,-0.09931680560112,0.14399677515029907,0.16311445832252502,-0.03619275987148285,0.1471264362335205,0.056247979402542114,-0.05988673120737076,0.17702728509902954,0.054695576429367065,-0.07292500883340836,0.1919422745704651,0.09427225589752197,-0.0804625079035759
E,0.11156058311462402,0.46360984444618225,-4.0667018197382276e-08,0.05249756574630737,0.4362085163593292,-0.05490609258413315,0.027363359928131104,0.34636518359184265,-0.08014491200447083,0.053819119930267334,0.2549763023853302,-0.09977080672979355,0.07526552677154541,0.18860074877738953,-0.11323259025812149,0.0,0.17132315039634705,-0.039180122315883636,0.011274397373199463,0.01942574977874756,-0.07895733416080475,0.05548751354217529,0.033584460616111755,-0.11116618663072586,0.08238774538040161,0.08800855278968811,-0.12751449644565582,0.05293768644332886,0.14916959404945374,-0.029949598014354706,0.06235736608505249,0.0,-0.06496196240186691,0.1135096549987793,0.020446255803108215,-0.10034047812223434,0.13874053955078125,0.07228812575340271,-0.12157469987869263,0.09826374053955078,0.14493808150291443,-0.02767716720700264,0.10620987415313721,0.016307294368743896,-0.057081807404756546,0.15017634630203247,0.027712926268577576,-0.08348283916711807,0.17235535383224487,0.07392778992652893,-0.09871524572372437,0.14168065786361694,0.15767326951026917,-0.030365759506821632,0.14369702339172363,0.05332297086715698,-0.05220809951424599,0.17300492525100708,0.05404949188232422,-0.06498254090547562,0.18727737665176392,0.09457775950431824,-0.07244179397821426
E,0.11518430709838867,0.4608910083770752,2.615998306865208e-09,0.05595952272415161,0.4381673336029053,-0.053953804075717926,0.0278434157371521,0.3512148857116699,-0.0821041390299797,0.05244988203048706,0.25884413719177246,-0.10554101318120956,0.06882894039154053,0.18788141012191772,-0.12339374423027039,0.0,0.17569273710250854,-0.041988108307123184,0.008973956108093262,0.023094400763511658,-0.08412088453769684,0.053285419940948486,0.03293490409851074,-0.11864206194877625,0.08097386360168457,0.08381924033164978,-0.1367516815662384,0.0531042218208313,0.15074315667152405,-0.03424324095249176,0.05911010503768921,0.0,-0.07094747573137283,0.1111593246459961,0.017970010638237,-0.1070626974105835,0.13686668872833252,0.06826043128967285,-0.12939421832561493,0.09915924072265625,0.14548945426940918,-0.033167704939842224,0.10376405715942383,0.014458313584327698,-0.06359896063804626,0.1488838791847229,0.02489037811756134,-0.08909676223993301,0.1720973253250122,0.07286185026168823,-0.10419187694787979,0.14318960905075073,0.1571175456047058,-0.03703412413597107,0.1451771855354309,0.051273882389068604,-0.060446836054325104,0.17508989572525024,0.051833271980285645,-0.07354308664798737,0.19011515378952026,0.0920068621635437,-0.08139733225107193
E,0.1222996711730957,0.4594559818506241,-3.105393941993384e-09,0.05823397636413574,0.4370722323656082,-0.048224300146102905,0.027933359146118164,0.3512736111879349,-0.07350260019302368,0.05296438932418823,0.2582918852567673,-0.09515168517827988,0.06889897584915161,0.18943943083286285,-0.11135921627283096,0.0,0.17757849395275116,-0.03542666509747505,0.007289856672286987,0.026397287845611572,-0.07664863020181656,0.048894524574279785,0.032382845878601074,-0.11101725697517395,0.07644164562225342,0.08081875741481781,-0.12904416024684906,0.0538860559463501,0.1515173763036728,-0.030383707955479622,0.05750167369842529,0.0,-0.06559556722640991,0.10647135972976685,0.015138953924179077,-0.1000458300113678,0.13176488876342773,0.0639045387506485,-0.12114454805850983,0.10134577751159668,0.14573420584201813,-0.031830739229917526,0.10447198152542114,0.01246035099029541,-0.060785382986068726,0.14661180973052979,0.02198168635368347,-0.08368481695652008,0.1690271496772766,0.06863681972026825,-0.09704603254795074,0.14766764640808105,0.15730972588062286,-0.03793562576174736,0.1510336995124817,0.0516439825296402,-0.0599956139922142,0.17794418334960938,0.05080796778202057,-0.07125690579414368,0.1913905143737793,0.0876244455575943,-0.07775600254535675
E,0.1256321668624878,0.45960475504398346,4.399334585514225e-08,0.06009155511856079,0.441391721367836,-0.05144842341542244,0.027021199464797974,0.35676784813404083,-0.08056686073541641,0.054408907890319824,0.2615658789873123,-0.10557949542999268,0.07664984464645386,0.19260774552822113,-0.1249670535326004,0.0,0.1819988638162613,-0.043322693556547165,0.005293428897857666,0.027997612953186035,-0.08909253776073456,0.04798156023025513,0.03342059254646301,-0.1260678470134735,0.0768386721611023,0.08086372911930084,-0.14552085101604462,0.05529981851577759,0.15379004180431366,-0.038222331553697586,0.05690723657608032,0.0,-0.0755794495344162,0.10592591762542725,0.0127640962600708,-0.10840096324682236,0.1305454969406128,0.059011682868003845,-0.12861494719982147,0.10390394926071167,0.14650140702724457,-0.04012732952833176,0.10558289289474487,0.010539203882217407,-0.0712316632270813,0.14816278219223022,0.020015209913253784,-0.09093815833330154,0.17049121856689453,0.06576330959796906,-0.10203713923692703,0.1514788269996643,0.15591339766979218,-0.047187622636556625,0.1549072265625,0.052178218960762024,-0.07082251459360123,0.1817857027053833,0.05267991125583649,-0.08038205653429031,0.19430673122406006,0.08989070355892181,-0.08541569858789444
E,0.14261111617088318,0.4506888836622238,4.5293312211924786e-08,0.07439461350440979,0.4378182739019394,-0.052548106759786606,0.036937713623046875,0.3539094775915146,-0.08306392282247543,0.06186458468437195,0.2569653242826462,-0.10927444696426392,0.08182910084724426,0.1855449229478836,-0.1294558346271515,0.0,0.18197153508663177,-0.04501217603683472,0.0005811154842376709,0.030508920550346375,-0.08993158489465714,0.04227152466773987,0.038987502455711365,-0.12539765238761902,0.07028159499168396,0.08397345244884491,-0.1446935534477234,0.05510708689689636,0.14913327991962433,-0.03905097022652626,0.0543578565120697,0.0,-0.07386104017496109,0.10203227400779724,0.012607872486114502,-0.10232705622911453,0.12444844841957092,0.05288250744342804,-0.12071125954389572,0.10555151104927063,0.13783232867717743,-0.04022588953375816,0.10400280356407166,0.004294365644454956,-0.07122346013784409,0.1473551094532013,0.019834980368614197,-0.08489714562892914,0.16853460669517517,0.06395228207111359,-0.09234508872032166,0.1538783609867096,0.14346857368946075,-0.04666652902960777,0.15438738465309143,0.04236327111721039,-0.07161328196525574,0.18204835057258606,0.0520738810300827,-0.0776958167552948,0.19468608498573303,0.09116317331790924,-0.07995960861444473
E,0.14551964402198792,0.4565419554710388,1.2326181852984064e-08,0.07794353365898132,0.44257593154907227,-0.05325199291110039,0.03885611891746521,0.35442090034484863,-0.08488619327545166,0.06146875023841858,0.2580128312110901,-0.11266116052865982,0.0831233561038971,0.18590083718299866,-0.13431061804294586,0.0,0.18926584720611572,-0.04547471925616264,0.0005153417587280273,0.03263762593269348,-0.0933348685503006,0.04604652523994446,0.0423358678817749,-0.1302797645330429,0.0734807550907135,0.09482067823410034,-0.14932183921337128,0.056732624769210815,0.15693292021751404,-0.04073096439242363,0.053413182497024536,0.0,-0.07906355708837509,0.1033581793308258,0.019993633031845093,-0.11024720966815948,0.12212499976158142,0.06903254985809326,-0.12891745567321777,0.1084076464176178,0.14678895473480225,-0.04315122961997986,0.10658964514732361,0.00918261706829071,-0.07515386492013931,0.14841660857200623,0.03105151653289795,-0.08934728056192398,0.16375097632408142,0.08121427893638611,-0.09620412439107895,0.15896406769752502,0.15570423007011414,-0.05090320482850075,0.16030392050743103,0.04892188310623169,-0.07325857132673264,0.18429014086723328,0.05987060070037842,-0.07778223603963852,0.18993929028511047,0.10277295112609863,-0.07932741194963455
E,0.15776652097702026,0.4555516988039017,-1.3538881660224433e-07,0.08743858337402344,0.4407525807619095,-0.04623118042945862,0.044687479734420776,0.3555954843759537,-0.07555019110441208,0.06717950105667114,0.2601986676454544,-0.10255664587020874,0.09137743711471558,0.19151590764522552,-0.12313804030418396,0.005980193614959717,0.18937332928180695,-0.039390407502651215,0.0,0.03897126019001007,-0.08658497035503387,0.04424223303794861,0.06349043548107147,-0.12226855754852295,0.0690234899520874,0.12302075326442719,-0.1404019147157669,0.061722636222839355,0.1522667557001114,-0.03852732479572296,0.05483454465866089,0.0,-0.07321392744779587,0.10399848222732544,0.03390650451183319,-0.09780257940292358,0.11881780624389648,0.0877419263124466,-0.11182291060686111,0.11417311429977417,0.13851620256900787,-0.0446946807205677,0.11081826686859131,0.003934040665626526,-0.07237284630537033,0.15081411600112915,0.040123775601387024,-0.07631395757198334,0.1587187647819519,0.09384177625179291,-0.07664522528648376,0.16580718755722046,0.14731259644031525,-0.05621420964598656,0.16835838556289673,0.04335726797580719,-0.07291202247142792,0.18923157453536987,0.06630684435367584,-0.06873714923858643,0.18722885847091675,0.112919881939888,-0.06436329334974289
E,0.1609921157360077,0.45660676062107086,-1.461849024053663e-07,0.0907416045665741,0.44296593964099884,-0.046712491661310196,0.04703375697135925,0.3573162108659744,-0.07674245536327362,0.06872209906578064,0.25955887138843536,-0.10473386198282242,0.09445574879646301,0.19195754826068878,-0.12636500597000122,0.005919545888900757,0.19037018716335297,-0.03883673623204231,0.0,0.040768519043922424,-0.0870000496506691,0.03936311602592468,0.0652814656496048,-0.12331440299749374,0.058510422706604004,0.12525837123394012,-0.1416136771440506,0.061024606227874756,0.15313313901424408,-0.038059577345848083,0.05248120427131653,0.0,-0.07328788191080093,0.09787121415138245,0.03652036190032959,-0.09647645056247711,0.10826930403709412,0.09154163300991058,-0.1089189350605011,0.11364391446113586,0.13979528844356537,-0.0444619283080101,0.1095254123210907,0.005629643797874451,-0.07237113267183304,0.1465456187725067,0.04883585870265961,-0.07304034382104874,0.15023228526115417,0.10603351891040802,-0.07046244293451309,0.16514477133750916,0.14969046413898468,-0.056397125124931335,0.1673879325389862,0.04413224756717682,-0.07212340831756592,0.1866985261440277,0.07059256732463837,-0.06528839468955994,0.18252238631248474,0.11790458858013153,-0.058644820004701614
E,0.16858476400375366,0.44712725281715393,-1.278737187249135e-07,0.09998911619186401,0.4320468604564667,-0.045917149633169174,0.05279037356376648,0.3470057547092438,-0.0743410512804985,0.07163769006729126,0.2489684522151947,-0.10056145489215851,0.1021430492401123,0.18842095136642456,-0.11999098211526871,0.008314430713653564,0.18465012311935425,-0.03508150950074196,0.0,0.04332846403121948,-0.08155904710292816,0.036301374435424805,0.06630739569664001,-0.11494313180446625,0.055629074573516846,0.1265033781528473,-0.1308128982782364,0.06131577491760254,0.14599496126174927,-0.033225659281015396,0.050087571144104004,0.0,-0.06790425628423691,0.09316414594650269,0.03264299035072327,-0.08771785348653793,0.1056566834449768,0.08702269196510315,-0.09656766802072525,0.11340487003326416,0.13043075799942017,-0.03873635455965996,0.10867941379547119,0.005785539746284485,-0.06592382490634918,0.14272421598434448,0.050334393978118896,-0.06321590393781662,0.14449375867843628,0.10561469197273254,-0.05771578848361969,0.16534727811813354,0.1375083029270172,-0.04997028782963753,0.1706753373146057,0.04074302315711975,-0.06446761637926102,0.1869531273841858,0.07117775082588196,-0.05608517676591873,0.17918193340301514,0.11666715145111084,-0.047903887927532196
E,0.17373153567314148,0.4464155584573746,-1.9762298109071708e-07,0.10328307747840881,0.4324290305376053,-0.03858719393610954,0.054070353507995605,0.3530423790216446,-0.06520448625087738,0.06949898600578308,0.25862322747707367,-0.0912608727812767,0.09370121359825134,0.19262804090976715,-0.1112043634057045,0.013002127408981323,0.18195192515850067,-0.029920581728219986,0.0,0.04164792597293854,-0.07397954165935516,0.03166988492012024,0.06676764786243439,-0.10687468945980072,0.04840710759162903,0.13035209476947784,-0.122807577252388,0.0676761269569397,0.1452525109052658,-0.03205282241106033,0.052675873041152954,0.0,-0.06287521868944168,0.08932748436927795,0.031540632247924805,-0.08263812959194183,0.09780243039131165,0.08637474477291107,-0.09322454780340195,0.12053635716438293,0.1331307739019394,-0.04080233722925186,0.11362472176551819,0.007800191640853882,-0.06335464864969254,0.14206132292747498,0.05013407766819,-0.06053592637181282,0.14211753010749817,0.10634459555149078,-0.05707426369190216,0.1739448606967926,0.14439891278743744,-0.05476580560207367,0.17661073803901672,0.04614202678203583,-0.06653458625078201,0.18960848450660706,0.07420371472835541,-0.057507291436195374,0.18157640099525452,0.11959753930568695,-0.049976643174886703
E,0.18286603689193726,0.4474797248840332,-2.2483017403374106e-07,0.10845947265625,0.431804358959198,-0.03353039547801018,0.05699571967124939,0.34957242012023926,-0.05623403191566467,0.07344388961791992,0.2529044449329376,-0.07950077950954437,0.1037365198135376,0.18970108032226562,-0.09713735431432724,0.015771478414535522,0.1843753457069397,-0.020474864169955254,0.0,0.045718371868133545,-0.05991921201348305,0.02974909543991089,0.0701855719089508,-0.09168795496225357,0.04630059003829956,0.13114038109779358,-0.10818306356668472,0.07006135582923889,0.14385026693344116,-0.024097803980112076,0.05170410871505737,0.0,-0.04970436543226242,0.08539023995399475,0.026022493839263916,-0.06983554363250732,0.0950729250907898,0.07800757884979248,-0.08212800323963165,0.12322306632995605,0.12939667701721191,-0.033966291695833206,0.1116325855255127,0.004031762480735779,-0.051990460604429245,0.13811516761779785,0.0379413366317749,-0.05186930298805237,0.1409451961517334,0.09177759289741516,-0.05158761888742447,0.17811918258666992,0.13900089263916016,-0.04875344783067703,0.17651033401489258,0.04077589511871338,-0.05789980664849281,0.18759888410568237,0.06344342231750488,-0.05050104483962059,0.18180280923843384,0.10790801048278809,-0.04504024237394333
E,0.1845301389694214,0.4473840892314911,-2.73419317409207e-07,0.10999822616577148,0.4302743971347809,-0.032442543655633926,0.05754363536834717,0.3463471233844757,-0.05524721369147301,0.07379722595214844,0.25010594725608826,-0.07921847701072693,0.1050463318824768,0.18701806664466858,-0.09800070524215698,0.016930729150772095,0.18318137526512146,-0.021751249209046364,0.0,0.04412791132926941,-0.06283946335315704,0.02968493103981018,0.07328614592552185,-0.09529445320367813,0.046767354011535645,0.13808107376098633,-0.1117575392127037,0.07078555226325989,0.14486822485923767,-0.026554584503173828,0.0514180064201355,0.0,-0.053756315261125565,0.08586293458938599,0.03140172362327576,-0.0739341527223587,0.09632366895675659,0.08678171038627625,-0.0856814906001091,0.12397265434265137,0.131291925907135,-0.03743741288781166,0.11178767681121826,0.005111247301101685,-0.05674881115555763,0.13907283544540405,0.04465416073799133,-0.05576487258076668,0.14260894060134888,0.1022491455078125,-0.054237764328718185,0.17832374572753906,0.141282856464386,-0.05308841913938522,0.1741790771484375,0.040225207805633545,-0.062296006828546524,0.18656158447265625,0.06581094861030579,-0.05351034924387932,0.18282121419906616,0.11305657029151917,-0.04683656990528107
E,0.18746942281723022,0.4472575783729553,-3.1611438089385047e-07,0.11233389377593994,0.4290502071380615,-0.03354477882385254,0.059706658124923706,0.3474264144897461,-0.057384442538022995,0.07452929019927979,0.2534940242767334,-0.08240735530853271,0.1015627384185791,0.1873481273651123,-0.10185990482568741,0.01885521411895752,0.1814608871936798,-0.021342501044273376,0.0,0.04428458213806152,-0.06410658359527588,0.02899986505508423,0.07821643352508545,-0.09790629148483276,0.04617345333099365,0.14490875601768494,-0.11510217934846878,0.07177233695983887,0.14337581396102905,-0.026070091873407364,0.05098715424537659,0.0,-0.05527334287762642,0.08606401085853577,0.035786956548690796,-0.07669641822576523,0.09735947847366333,0.09363240003585815,-0.08882651478052139,0.12456119060516357,0.12935954332351685,-0.037200309336185455,0.11002838611602783,0.003364384174346924,-0.05732537806034088,0.13773274421691895,0.043927133083343506,-0.05633605644106865,0.14218145608901978,0.10247355699539185,-0.05451570451259613,0.17906343936920166,0.13843554258346558,-0.05328667536377907,0.1728774905204773,0.03791487216949463,-0.0626358762383461,0.18513590097427368,0.06292718648910522,-0.053900133818387985,0.1816319227218628,0.11007854342460632,-0.04710923507809639
E,0.18698745965957642,0.44601133465766907,-3.275688982284919e-07,0.1106688380241394,0.4251786768436432,-0.030413918197155,0.05684608221054077,0.3435409367084503,-0.05268601328134537,0.06770873069763184,0.24905216693878174,-0.07678665220737457,0.09075814485549927,0.17996886372566223,-0.09551452845335007,0.019898205995559692,0.1780480444431305,-0.016331320628523827,0.0,0.04215368628501892,-0.05779777467250824,0.024456828832626343,0.07503381371498108,-0.09143178164958954,0.040523648262023926,0.1413446068763733,-0.10849583894014359,0.07261040806770325,0.14179912209510803,-0.022222688421607018,0.051485687494277954,0.0,-0.04919707030057907,0.08017808198928833,0.029765397310256958,-0.07048133760690689,0.09066241979598999,0.08403739333152771,-0.08311387151479721,0.1253565549850464,0.12974342703819275,-0.034549325704574585,0.11151736974716187,0.0035769641399383545,-0.052623406052589417,0.13368725776672363,0.0355171263217926,-0.05298546329140663,0.13778162002563477,0.08908012509346008,-0.052726078778505325,0.1803259253501892,0.13932138681411743,-0.05153869092464447,0.17231470346450806,0.037080317735672,-0.05875110626220703,0.1819247603416443,0.05510088801383972,-0.05001332238316536,0.1791543960571289,0.09809038043022156,-0.043656960129737854
E,0.1859528124332428,0.44630229473114014,-2.9465243756021664e-07,0.10909697413444519,0.4247644543647766,-0.02988111600279808,0.05659756064414978,0.3422952890396118,-0.05174709111452103,0.06786951422691345,0.2478826344013214,-0.0753556564450264,0.09173044562339783,0.17833346128463745,-0.09383583813905716,0.01918184757232666,0.17721304297447205,-0.01489122025668621,0.0,0.042527347803115845,-0.05475686118006706,0.024397969245910645,0.06962180137634277,-0.08791504055261612,0.04083755612373352,0.1321064829826355,-0.10513000935316086,0.07209852337837219,0.14033639430999756,-0.020858775824308395,0.05031886696815491,0.0,-0.04642558470368385,0.078406423330307,0.024239778518676758,-0.06871747225522995,0.08900263905525208,0.07584664225578308,-0.08268574625253677,0.12487998604774475,0.1291639804840088,-0.03308487683534622,0.11084571480751038,0.003749459981918335,-0.05056407302618027,0.1318604052066803,0.02967745065689087,-0.05353695526719093,0.13616511225700378,0.08063310384750366,-0.05548125132918358,0.18027541041374207,0.14065542817115784,-0.04976392164826393,0.17246899008750916,0.0404508113861084,-0.05731560289859772,0.18077608942985535,0.05403637886047363,-0.05056774616241455,0.17774829268455505,0.09484109282493591,-0.0458478108048439
E,0.1895962953567505,0.43923646211624146,-3.0934461392462254e-07,0.110862135887146,0.4185749292373657,-0.0303422249853611,0.05454567074775696,0.33704066276550293,-0.052177321165800095,0.06363826990127563,0.2402816116809845,-0.07519975304603577,0.08779066801071167,0.16836708784103394,-0.09287451207637787,0.021212786436080933,0.17758521437644958,-0.01776517927646637,0.0,0.04338720440864563,-0.056914348155260086,0.025170624256134033,0.07229068875312805,-0.08866403996944427,0.04155319929122925,0.13517627120018005,-0.1051117554306984,0.07435342669487,0.1398317813873291,-0.022881781682372093,0.05118352174758911,0.0,-0.04789872094988823,0.08042830228805542,0.026009857654571533,-0.06868752092123032,0.09050577878952026,0.07715407013893127,-0.08177421987056732,0.12700361013412476,0.12768036127090454,-0.03399305418133736,0.11205172538757324,0.003961816430091858,-0.05145188421010971,0.13406336307525635,0.030825018882751465,-0.05256913602352142,0.1384832262992859,0.08083689212799072,-0.05334047973155975,0.18232041597366333,0.13721266388893127,-0.049460094422101974,0.17228519916534424,0.03826427459716797,-0.057101305574178696,0.1821134090423584,0.05159538984298706,-0.04917736351490021,0.18016517162322998,0.09015229344367981,-0.04363027587532997
E,0.19269803166389465,0.438184529542923,-3.496278679904208e-07,0.11301502585411072,0.4192669689655304,-0.029294602572917938,0.055976659059524536,0.33311334252357483,-0.0494530089199543,0.0636429488658905,0.23384696245193481,-0.07109785825014114,0.08348795771598816,0.161539226770401,-0.08712267875671387,0.019969820976257324,0.1806219518184662,-0.015218880027532578,0.0,0.04225406050682068,-0.055232446640729904,0.02507561445236206,0.07396286725997925,-0.08700002729892731,0.0391404926776886,0.13976159691810608,-0.10289402306079865,0.07300752401351929,0.14166712760925293,-0.02080599218606949,0.050207823514938354,0.0,-0.04734176769852638,0.07931742072105408,0.030549675226211548,-0.06781686842441559,0.08785375952720642,0.08584985136985779,-0.07967692613601685,0.12581822276115417,0.12730064988136292,-0.032574787735939026,0.10993984341621399,0.002485141158103943,-0.05088867247104645,0.13216856122016907,0.035327374935150146,-0.05051397532224655,0.13507136702537537,0.0887860655784607,-0.049517981708049774,0.18028709292411804,0.13463661074638367,-0.048686303198337555,0.17097631096839905,0.03481438755989075,-0.05632670223712921,0.18091997504234314,0.053952574729919434,-0.047185175120830536,0.17807534337043762,0.09661293029785156,-0.04033160209655762
E,0.18848073482513428,0.4389564096927643,-3.8228878906920727e-07,0.10864675045013428,0.4157104790210724,-0.026861807331442833,0.05341082811355591,0.3298729360103607,-0.04600580409169197,0.06163164973258972,0.23257383704185486,-0.06708008050918579,0.07826918363571167,0.1614934504032135,-0.08268938213586807,0.01734822988510132,0.17740923166275024,-0.01213127188384533,0.0,0.04485395550727844,-0.05211849883198738,0.02450999617576599,0.07925650477409363,-0.0844155102968216,0.03779909014701843,0.14433398842811584,-0.10070984065532684,0.07019734382629395,0.13845303654670715,-0.019123071804642677,0.048816293478012085,0.0,-0.04597385600209236,0.07737225294113159,0.03410020470619202,-0.06644560396671295,0.08545917272567749,0.08920446038246155,-0.0778822973370552,0.12298417091369629,0.12421020865440369,-0.03219343349337578,0.10947591066360474,0.003395587205886841,-0.05008578300476074,0.13116484880447388,0.03704860806465149,-0.04929450526833534,0.1344580054283142,0.08933454751968384,-0.047802310436964035,0.17850404977798462,0.13271859288215637,-0.04948803037405014,0.16929024457931519,0.03568270802497864,-0.05549441650509834,0.17867690324783325,0.05460682511329651,-0.04537577927112579,0.17605739831924438,0.09467896819114685,-0.037895701825618744
E,0.19368278980255127,0.43702469766139984,-4.035264851154352e-07,0.11310309171676636,0.41468940675258636,-0.0254205409437418,0.05407524108886719,0.3279934972524643,-0.043084003031253815,0.06191560626029968,0.22904284298419952,-0.06303013861179352,0.08630120754241943,0.16146241128444672,-0.07743644714355469,0.019690334796905518,0.18109185993671417,-0.012310839258134365,0.0,0.04113344848155975,-0.05023074895143509,0.02831527590751648,0.077121302485466,-0.08004187792539597,0.04227641224861145,0.14196451008319855,-0.09501007199287415,0.07296466827392578,0.1435994654893875,-0.019543053582310677,0.05111426115036011,0.0,-0.04530734568834305,0.08106476068496704,0.03975854814052582,-0.06346827000379562,0.08762305974960327,0.09831742942333221,-0.07324875891208649,0.1261981725692749,0.12919794023036957,-0.03258538618683815,0.11226725578308105,0.003634244203567505,-0.05007198452949524,0.13325762748718262,0.04357217252254486,-0.04798389971256256,0.13463962078094482,0.09942410886287689,-0.04546601325273514,0.18205982446670532,0.13649849593639374,-0.049671515822410583,0.17264556884765625,0.03721247613430023,-0.05572058632969856,0.180586576461792,0.06171853840351105,-0.04509653523564339,0.17644572257995605,0.10598041117191315,-0.03735066577792168
E,0.19424426555633545,0.43817195296287537,-3.844801028662914e-07,0.1129412055015564,0.41436710953712463,-0.02515272982418537,0.05450296401977539,0.3299976885318756,-0.04288875684142113,0.059521645307540894,0.23028618097305298,-0.06331835687160492,0.0803866982460022,0.15800732374191284,-0.07823754101991653,0.019470155239105225,0.17789742350578308,-0.008058438077569008,0.0,0.04106590151786804,-0.045655202120542526,0.02432703971862793,0.07357233762741089,-0.07601869851350784,0.03828245401382446,0.13592037558555603,-0.09122911840677261,0.07219922542572021,0.14038339257240295,-0.015739111229777336,0.05194514989852905,0.0,-0.04153630882501602,0.07749384641647339,0.0354824960231781,-0.06086781993508339,0.08500945568084717,0.09200063347816467,-0.07123507559299469,0.12557554244995117,0.12538495659828186,-0.029590746387839317,0.11306411027908325,0.0018986612558364868,-0.0477256178855896,0.1305333971977234,0.03931400179862976,-0.04772016406059265,0.13304805755615234,0.09429797530174255,-0.04619617387652397,0.18205004930496216,0.13149121403694153,-0.04745304957032204,0.17100036144256592,0.031764596700668335,-0.053953368216753006,0.17670661211013794,0.05611157417297363,-0.04428112134337425,0.17412781715393066,0.10179361701011658,-0.03678450360894203
E,0.19687044620513916,0.4366336613893509,-4.1502036651763774e-07,0.11466628313064575,0.41360606253147125,-0.023696674033999443,0.05590471625328064,0.33280159533023834,-0.04087946191430092,0.057602107524871826,0.23581339418888092,-0.06117425113916397,0.07492876052856445,0.1596268266439438,-0.07600496709346771,0.020107567310333252,0.17806093394756317,-0.005760442465543747,0.0,0.04061000049114227,-0.04145165905356407,0.02261003851890564,0.07558126747608185,-0.0699939876794815,0.03616023063659668,0.13665007054805756,-0.08414097130298615,0.07283276319503784,0.14226721227169037,-0.014032026752829552,0.05427858233451843,0.0,-0.03967871516942978,0.07702797651290894,0.042032673954963684,-0.05804000049829483,0.08372664451599121,0.1027308851480484,-0.06706946343183517,0.12621337175369263,0.12821422517299652,-0.028338667005300522,0.1144593358039856,0.004739254713058472,-0.04651501029729843,0.12988495826721191,0.047661617398262024,-0.04659898951649666,0.13227742910385132,0.10590432584285736,-0.04454975202679634,0.18284469842910767,0.1349688321352005,-0.04642285034060478,0.17078691720962524,0.03253002464771271,-0.053032852709293365,0.17550897598266602,0.05944584310054779,-0.04362894594669342,0.17324113845825195,0.10716740787029266,-0.03603897616267204
E,0.2007984220981598,0.4310775697231293,-3.9736355006425583e-07,0.11727651953697205,0.409785658121109,-0.023563120514154434,0.0569586455821991,0.3243716061115265,-0.03945484012365341,0.058547019958496094,0.22398188710212708,-0.058375176042318344,0.07662907242774963,0.14913654327392578,-0.07196909934282303,0.02162310481071472,0.17739775776863098,-0.0042716022580862045,0.0,0.04044061899185181,-0.03837409242987633,0.023602932691574097,0.07021096348762512,-0.06625105440616608,0.038501888513565063,0.12869441509246826,-0.0803074985742569,0.07431253790855408,0.1404014527797699,-0.0119784502312541,0.05326387286186218,0.0,-0.03653755038976669,0.07763519883155823,0.039966195821762085,-0.055012088268995285,0.08624240756034851,0.10044410824775696,-0.06437339633703232,0.1278601586818695,0.12632670998573303,-0.02564665488898754,0.11347374320030212,0.001232251524925232,-0.043503183871507645,0.12964484095573425,0.04180052876472473,-0.044542018324136734,0.13419941067695618,0.10111987590789795,-0.04311222955584526,0.1842506229877472,0.13306227326393127,-0.043011102825403214,0.1705056130886078,0.029829174280166626,-0.050221726298332214,0.17522040009498596,0.05255460739135742,-0.042236778885126114,0.17449423670768738,0.09896168112754822,-0.0356014221906662
E,0.20336207747459412,0.42632806301116943,-3.665628582893987e-07,0.12016496062278748,0.4076455235481262,-0.023777354508638382,0.05875900387763977,0.3277131915092468,-0.040140166878700256,0.05711755156517029,0.2293444275856018,-0.059523891657590866,0.07054069638252258,0.15242865681648254,-0.07378819584846497,0.023707836866378784,0.17375752329826355,-0.0035971205215901136,0.0,0.044147491455078125,-0.03786217421293259,0.01966118812561035,0.0673990249633789,-0.06544782221317291,0.035764873027801514,0.11845719814300537,-0.07916813343763351,0.07508084177970886,0.13670745491981506,-0.011372492648661137,0.05518099665641785,0.0007159113883972168,-0.03778093680739403,0.07813063263893127,0.042055219411849976,-0.05534789338707924,0.08852609992027283,0.10158157348632812,-0.06289596110582352,0.12797489762306213,0.12224081158638,-0.025293637067079544,0.11364391446113586,0.0,-0.04464791342616081,0.12895932793617249,0.0429593026638031,-0.044135525822639465,0.13504263758659363,0.10082140564918518,-0.040792785584926605,0.1843383014202118,0.1287098228931427,-0.04295999929308891,0.1714613139629364,0.028005987405776978,-0.05092405155301094,0.17526772618293762,0.05365142226219177,-0.042118605226278305,0.17494067549705505,0.09949168562889099,-0.034215014427900314
E,0.20373380184173584,0.4237968325614929,-2.6122131657757564e-07,0.1207626461982727,0.4061887860298157,-0.022576119750738144,0.05937531590461731,0.3269498348236084,-0.03764699399471283,0.05488833785057068,0.2281477153301239,-0.05616484582424164,0.0685398280620575,0.149476557970047,-0.07070157676935196,0.02694147825241089,0.17330503463745117,0.0003370482299942523,0.0,0.04759460687637329,-0.03136567771434784,0.01490175724029541,0.05091366171836853,-0.05803197994828224,0.031503766775131226,0.08950036764144897,-0.07148751616477966,0.07771235704421997,0.1365739107131958,-0.007561062462627888,0.05532112717628479,0.0017530322074890137,-0.034137990325689316,0.07373577356338501,0.03168672323226929,-0.05377022922039032,0.0845302939414978,0.08883166313171387,-0.06213308125734329,0.13042962551116943,0.12220454216003418,-0.021366117522120476,0.115109384059906,0.0,-0.04205092415213585,0.12697076797485352,0.03621482849121094,-0.04596719518303871,0.13439607620239258,0.09354975819587708,-0.04476550593972206,0.18700313568115234,0.12824779748916626,-0.03858397901058197,0.17310559749603271,0.02749425172805786,-0.04872363805770874,0.17440146207809448,0.048380047082901,-0.043648917227983475,0.1747695803642273,0.09420716762542725,-0.037713803350925446
E,0.19531658291816711,0.4276611804962158,-2.7578047934184724e-07,0.11311283707618713,0.40886247158050537,-0.019964708015322685,0.051665663719177246,0.3304520845413208,-0.03436126559972763,0.04466012120246887,0.23412522673606873,-0.05300620570778847,0.058893054723739624,0.15512213110923767,-0.06778869032859802,0.02530968189239502,0.17382439970970154,0.0024784684646874666,0.0,0.047819286584854126,-0.030627433210611343,0.011844635009765625,0.0527472198009491,-0.05728795379400253,0.027706801891326904,0.09349262714385986,-0.0698944553732872,0.07477119565010071,0.1388877034187317,-0.007250960450619459,0.05445834994316101,0.0,-0.03621657192707062,0.06912079453468323,0.03418007493019104,-0.05519522726535797,0.07953473925590515,0.09506925940513611,-0.061319075524806976,0.12659791111946106,0.1263112723827362,-0.02287355251610279,0.1122082769870758,0.0010557770729064941,-0.045326441526412964,0.12191954255104065,0.03980046510696411,-0.048209454864263535,0.13007530570030212,0.09820300340652466,-0.04477240517735481,0.18260112404823303,0.13406577706336975,-0.041676074266433716,0.17013093829154968,0.03177285194396973,-0.052257027477025986,0.1698877513408661,0.05215463042259216,-0.04634258523583412,0.17077836394309998,0.0973736047744751,-0.03885815665125847
E,0.19200512766838074,0.42712944746017456,-3.273859476848884e-07,0.11095914244651794,0.40899211168289185,-0.021915392950177193,0.05145677924156189,0.3297368884086609,-0.03669491037726402,0.0424233078956604,0.23350989818572998,-0.05530233681201935,0.0520668625831604,0.1528700292110443,-0.06953258067369461,0.024716585874557495,0.17296218872070312,0.002068478614091873,0.0,0.04691779613494873,-0.030246935784816742,0.009040206670761108,0.059210002422332764,-0.05634664371609688,0.02254614233970642,0.10139703750610352,-0.06896710395812988,0.07426378130912781,0.1382652223110199,-0.006366251967847347,0.05278322100639343,0.0,-0.03447209298610687,0.06478503346443176,0.03883159160614014,-0.053403690457344055,0.07480958104133606,0.09866952896118164,-0.0600116029381752,0.12580004334449768,0.1254427433013916,-0.020838437601923943,0.10919573903083801,0.00016301870346069336,-0.0420997217297554,0.1163078248500824,0.040512025356292725,-0.04540175944566727,0.1241978108882904,0.09859791398048401,-0.04293766990303993,0.18115010857582092,0.13217902183532715,-0.03871079906821251,0.1674337089061737,0.029063791036605835,-0.048409353941679,0.1646004021167755,0.05109506845474243,-0.0432547889649868,0.16440370678901672,0.09778612852096558,-0.03693607449531555
E,0.19364750385284424,0.4252137541770935,-3.316711172374198e-07,0.11400145292282104,0.40961283445358276,-0.022281408309936523,0.05352538824081421,0.3308507800102234,-0.037616558372974396,0.04422485828399658,0.23430028557777405,-0.05684139207005501,0.053535908460617065,0.1545787751674652,-0.07152381539344788,0.02549150586128235,0.17219915986061096,-0.0001603111159056425,0.0,0.04068276286125183,-0.034295033663511276,0.014108151197433472,0.053039759397506714,-0.06047888472676277,0.030672550201416016,0.09806966781616211,-0.07251012325286865,0.07617461681365967,0.13875126838684082,-0.00860018003731966,0.05657586455345154,0.0,-0.038816384971141815,0.07177871465682983,0.04380917549133301,-0.05723455920815468,0.08113563060760498,0.10653093457221985,-0.06276259571313858,0.12830227613449097,0.12655958533287048,-0.02320140041410923,0.11456120014190674,0.0024271011352539062,-0.04664793238043785,0.12371158599853516,0.04760974645614624,-0.04915580153465271,0.13028788566589355,0.10747319459915161,-0.04529200494289398,0.18336749076843262,0.13375085592269897,-0.0410783588886261,0.17134040594100952,0.031809985637664795,-0.05194464698433876,0.1706838607788086,0.0553320050239563,-0.046279679983854294,0.17017310857772827,0.10095641016960144,-0.03904735669493675
E,0.1934749186038971,0.42311710119247437,-3.37326099497659e-07,0.11279764771461487,0.40515953302383423,-0.02295508049428463,0.05411559343338013,0.3279292583465576,-0.03971393406391144,0.046225547790527344,0.23253294825553894,-0.060104452073574066,0.057877957820892334,0.1532977819442749,-0.07535052299499512,0.025239288806915283,0.1710304319858551,-0.0019487912068143487,0.0,0.03621363639831543,-0.03688666224479675,0.015196681022644043,0.05706396698951721,-0.06391505897045135,0.031061559915542603,0.10895556211471558,-0.07636038213968277,0.07617363333702087,0.1384466290473938,-0.009668958373367786,0.05564677715301514,0.0,-0.03795284777879715,0.07093349099159241,0.04176044464111328,-0.056131958961486816,0.08018234372138977,0.10234498977661133,-0.06276693940162659,0.12809303402900696,0.12669476866722107,-0.02362479642033577,0.1136956512928009,0.0023395419120788574,-0.04470952972769737,0.12232235074043274,0.04475271701812744,-0.04642069712281227,0.1285504400730133,0.10342463850975037,-0.04327269643545151,0.18385371565818787,0.13307297229766846,-0.0410761684179306,0.17181506752967834,0.03152301907539368,-0.05022561177611351,0.17053309082984924,0.0534137487411499,-0.04394922032952309,0.1690201461315155,0.09838813543319702,-0.03696773946285248
E,0.1926543116569519,0.42764832079410553,-3.7124962659618177e-07,0.11253631114959717,0.40876413881778717,-0.020689746364951134,0.05271315574645996,0.32849039137363434,-0.035164643079042435,0.04496169090270996,0.23297862708568573,-0.05365833640098572,0.05567580461502075,0.15561522543430328,-0.06752171367406845,0.024117112159729004,0.17558060586452484,0.00021974813716951758,0.0,0.04134513437747955,-0.034219663590192795,0.013645946979522705,0.06017293035984039,-0.060415320098400116,0.028517603874206543,0.11038069427013397,-0.07225458323955536,0.0750003457069397,0.1410837322473526,-0.008511395193636417,0.05593845248222351,0.0,-0.03803924098610878,0.07086789608001709,0.044853463768959045,-0.05594208091497421,0.0796576738357544,0.10774706304073334,-0.06140356883406639,0.12676888704299927,0.12855620682239532,-0.023246735334396362,0.1129986047744751,0.0027236491441726685,-0.04556964710354805,0.12176519632339478,0.046907201409339905,-0.04731770232319832,0.12819904088974,0.10657019913196564,-0.0433024987578392,0.18166041374206543,0.13565059006214142,-0.04117896407842636,0.17023062705993652,0.034389302134513855,-0.050951335579156876,0.16915243864059448,0.05604530870914459,-0.04472814127802849,0.16845661401748657,0.10015280544757843,-0.03736991807818413
E,0.19192048907279968,0.4238594174385071,-3.465705162852828e-07,0.11182668805122375,0.406938374042511,-0.023240303620696068,0.05341702699661255,0.3284238576889038,-0.03928244486451149,0.0430656373500824,0.23294901847839355,-0.058980051428079605,0.0527803897857666,0.15414679050445557,-0.07372314482927322,0.023751676082611084,0.17364400625228882,-0.0012063361937180161,0.0,0.03789794445037842,-0.0362992137670517,0.014420479536056519,0.058236122131347656,-0.06289845705032349,0.030003845691680908,0.10837513208389282,-0.07489810138940811,0.07524481415748596,0.1405106484889984,-0.008777392096817493,0.05598542094230652,0.0,-0.03918936848640442,0.07059958577156067,0.04590719938278198,-0.057985689491033554,0.0796796977519989,0.10816827416419983,-0.06391061842441559,0.12739405035972595,0.12814447283744812,-0.02257661148905754,0.11354127526283264,0.002623617649078369,-0.045844268053770065,0.12161442637443542,0.0477772057056427,-0.048433735966682434,0.12771686911582947,0.10758382081985474,-0.04471609741449356,0.1826905906200409,0.13413006067276,-0.03968774899840355,0.17045220732688904,0.03202158212661743,-0.04995213821530342,0.1694604456424713,0.054717957973480225,-0.0441804975271225,0.1688230335712433,0.09918755292892456,-0.03700393810868263
E,0.19210714101791382,0.4224289059638977,-3.3561892109901237e-07,0.11184108257293701,0.40596121549606323,-0.021262152120471,0.052482932806015015,0.32772356271743774,-0.03609814494848251,0.04320025444030762,0.2318185269832611,-0.05487438663840294,0.05530744791030884,0.15381523966789246,-0.06919770687818527,0.024755656719207764,0.17094790935516357,0.00035179511178284883,0.0,0.03947126865386963,-0.03212694451212883,0.013393223285675049,0.05399075150489807,-0.05739825591444969,0.02865046262741089,0.09864860773086548,-0.06933586299419403,0.07545018196105957,0.1386111080646515,-0.00800370890647173,0.05628955364227295,0.0,-0.036655280739068985,0.06992942094802856,0.04278925061225891,-0.05514400452375412,0.07819175720214844,0.10411038994789124,-0.06154942139983177,0.12722724676132202,0.1270310878753662,-0.02221585437655449,0.11357241868972778,0.0023277103900909424,-0.0447777658700943,0.120993971824646,0.04535192251205444,-0.048694927245378494,0.12698209285736084,0.10496753454208374,-0.04637129604816437,0.1824910044670105,0.1345156729221344,-0.03951561078429222,0.1709727644920349,0.03227674961090088,-0.05025103688240051,0.16932880878448486,0.054018259048461914,-0.0458587184548378,0.16818088293075562,0.09940040111541748,-0.03995785862207413
E,0.19194701313972473,0.421417772769928,-3.4935067105834605e-07,0.11189624667167664,0.4043394923210144,-0.021493110805749893,0.05305197834968567,0.32614976167678833,-0.03652321174740791,0.04265037178993225,0.23056796193122864,-0.055453263223171234,0.05331838130950928,0.1528140902519226,-0.06960846483707428,0.025181323289871216,0.17240607738494873,-6.781000411137938e-05,0.0,0.037584662437438965,-0.03382018208503723,0.014133721590042114,0.05667990446090698,-0.05959253013134003,0.02931991219520569,0.10623914003372192,-0.07123451679944992,0.07571253180503845,0.13975399732589722,-0.007991442456841469,0.05612364411354065,0.0,-0.036867596209049225,0.07069018483161926,0.04351344704627991,-0.05502665415406227,0.07928535342216492,0.10488304495811462,-0.060937777161598206,0.12719503045082092,0.12782445549964905,-0.02188480831682682,0.1126352846622467,0.0023463964462280273,-0.04406817629933357,0.12124696373939514,0.04552429914474487,-0.046669118106365204,0.12788644433021545,0.10493656992912292,-0.04328063875436783,0.18220558762550354,0.13418802618980408,-0.03893522545695305,0.16926494240760803,0.03191208839416504,-0.04896686226129532,0.16812148690223694,0.05320778489112854,-0.04348782077431679,0.16743823885917664,0.09776291251182556,-0.03663725405931473
E,0.1903071105480194,0.4226238429546356,-3.3355104278598446e-07,0.11036571860313416,0.40236005187034607,-0.021310929208993912,0.05237811803817749,0.3224864900112152,-0.03594522923231125,0.04429689049720764,0.22826412320137024,-0.05443700775504112,0.054684072732925415,0.151149719953537,-0.06846322119235992,0.024276763200759888,0.17138731479644775,0.0009803480934351683,0.0,0.03997349739074707,-0.0319766141474247,0.01470997929573059,0.05409151315689087,-0.05790475755929947,0.03036060929298401,0.09882161021232605,-0.07016199827194214,0.07480445504188538,0.13823845982551575,-0.007154648657888174,0.05521601438522339,0.0,-0.03581143543124199,0.07037755846977234,0.04198208451271057,-0.054410211741924286,0.079122394323349,0.10226643085479736,-0.06086433678865433,0.12654563784599304,0.12664997577667236,-0.021236445754766464,0.11303594708442688,0.0023383796215057373,-0.04371623322367668,0.1217254102230072,0.04511076211929321,-0.04698260501027107,0.128358393907547,0.10421371459960938,-0.04417290911078453,0.18210479617118835,0.13416510820388794,-0.03844926878809929,0.1705566942691803,0.03293851017951965,-0.04907343164086342,0.16953566670417786,0.055276721715927124,-0.04403961822390556,0.1687609851360321,0.1005125641822815,-0.03760433942079544
E,0.19064566493034363,0.4199693650007248,-3.1884988516139856e-07,0.11106577515602112,0.4022791236639023,-0.022377563640475273,0.05346083641052246,0.32497529685497284,-0.03808455541729927,0.044165462255477905,0.22964690625667572,-0.057193320244550705,0.05330502986907959,0.15075643360614777,-0.07153361290693283,0.023906320333480835,0.17000503838062286,-0.0013435431756079197,0.0,0.03814946115016937,-0.03426862880587578,0.01499098539352417,0.05267523229122162,-0.05969446152448654,0.030733108520507812,0.09828324615955353,-0.07142972201108932,0.07470062375068665,0.13686133921146393,-0.008584320545196533,0.054581254720687866,0.0,-0.03683481737971306,0.07049039006233215,0.040887102484703064,-0.05481451749801636,0.08043870329856873,0.10169713199138641,-0.060810916125774384,0.1268703043460846,0.1250448375940323,-0.021690119057893753,0.11295172572135925,0.0031390637159347534,-0.043669335544109344,0.12236741185188293,0.045017585158348083,-0.04642874374985695,0.12949320673942566,0.10393370687961578,-0.04324450343847275,0.18185535073280334,0.13194362819194794,-0.0379665344953537,0.16983643174171448,0.03241191804409027,-0.048552848398685455,0.16874751448631287,0.05322025716304779,-0.04365824908018112,0.16785064339637756,0.09783028066158295,-0.03707752749323845
E,0.19054296612739563,0.41988758742809296,-3.107162172000244e-07,0.11211231350898743,0.4013672322034836,-0.022738300263881683,0.05265262722969055,0.3240860551595688,-0.0384969525039196,0.0439622700214386,0.22990109026432037,-0.057594627141952515,0.05698314309120178,0.15268675982952118,-0.07207298278808594,0.022568702697753906,0.17036540806293488,-0.0014585328754037619,0.0,0.04153607785701752,-0.03458188846707344,0.014432668685913086,0.0554937869310379,-0.06010570377111435,0.029665321111679077,0.09878571331501007,-0.07213211059570312,0.07347968220710754,0.13733799755573273,-0.009051083587110043,0.05454930663108826,0.0,-0.03824513033032417,0.07039621472358704,0.04236184060573578,-0.05588294938206673,0.07994762063026428,0.10213623940944672,-0.06122298166155815,0.12586626410484314,0.12531886994838715,-0.02260269969701767,0.11350712180137634,0.00358600914478302,-0.04516778141260147,0.12264922261238098,0.046167001128196716,-0.04718438908457756,0.12879613041877747,0.10358230769634247,-0.043256234377622604,0.1813647449016571,0.1322939246892929,-0.03940374031662941,0.17038092017173767,0.033446475863456726,-0.04968687519431114,0.16998574137687683,0.05512629449367523,-0.04381899535655975,0.16921266913414001,0.09792034327983856,-0.03661532700061798
E,0.1925598382949829,0.41916900873184204,-3.1830677471589297e-07,0.11326462030410767,0.40152209997177124,-0.023002687841653824,0.05268526077270508,0.32189375162124634,-0.03807146102190018,0.043761998414993286,0.22553175687789917,-0.056761641055345535,0.05859029293060303,0.14771956205368042,-0.07104502618312836,0.024100512266159058,0.17086058855056763,-0.0002477432426530868,0.0,0.04218870401382446,-0.03321261331439018,0.013090014457702637,0.054287493228912354,-0.05859774351119995,0.028019964694976807,0.09549325704574585,-0.07069895416498184,0.07472211122512817,0.13651636242866516,-0.007893937639892101,0.05514329671859741,0.0,-0.03764582425355911,0.07013332843780518,0.043350160121917725,-0.05580729991197586,0.07961887121200562,0.10409221053123474,-0.06130324304103851,0.12698495388031006,0.12313896417617798,-0.02158926986157894,0.11381465196609497,0.0013584494590759277,-0.04562091827392578,0.12250792980194092,0.047318726778030396,-0.048456113785505295,0.12897855043411255,0.1075599193572998,-0.044484782963991165,0.18222320079803467,0.1292157769203186,-0.03852883353829384,0.17043077945709229,0.028044044971466064,-0.05051476135849953,0.1696711778640747,0.051841169595718384,-0.04552451893687248,0.16924339532852173,0.09784775972366333,-0.038511618971824646
E,0.19273224472999573,0.4192095696926117,-3.248757423079951e-07,0.1137755811214447,0.4029814898967743,-0.022560592740774155,0.05437317490577698,0.3261827528476715,-0.03889071196317673,0.045453935861587524,0.2306266725063324,-0.05887598916888237,0.05865207314491272,0.1522287130355835,-0.07407832145690918,0.02589300274848938,0.1693917214870453,-0.0017750788247212768,0.0,0.03786879777908325,-0.036128930747509,0.01572573184967041,0.05564713478088379,-0.06243067607283592,0.03199157118797302,0.10401159524917603,-0.07454092800617218,0.07632574439048767,0.13698339462280273,-0.009461837820708752,0.0553835928440094,0.0,-0.038466449826955795,0.07213994860649109,0.042947202920913696,-0.056497443467378616,0.0817243754863739,0.10343089699745178,-0.06247469782829285,0.12828806042671204,0.1252080500125885,-0.023193152621388435,0.11428609490394592,0.0023810267448425293,-0.04598226025700569,0.12423589825630188,0.04791069030761719,-0.04799942299723625,0.13036921620368958,0.10776403546333313,-0.04419776424765587,0.18383386731147766,0.1323561668395996,-0.04018913581967354,0.17275097966194153,0.031947821378707886,-0.05123457685112953,0.17283931374549866,0.05561545491218567,-0.04576244577765465,0.1716037094593048,0.10069885849952698,-0.03876972943544388
E,0.18992051482200623,0.41830506920814514,-3.2540640404477017e-07,0.11038413643836975,0.39764222502708435,-0.0232778862118721,0.052258700132369995,0.321124404668808,-0.03953012451529503,0.04552730917930603,0.227046400308609,-0.05894056335091591,0.05767962336540222,0.14883095026016235,-0.07368365675210953,0.0229475200176239,0.16947630047798157,-0.0023247080389410257,0.0,0.04300582408905029,-0.03530048951506615,0.013561338186264038,0.058675557374954224,-0.06119811534881592,0.028232306241989136,0.10285663604736328,-0.07384368032217026,0.07322081923484802,0.13460499048233032,-0.009668064303696156,0.05250638723373413,0.0,-0.03717917576432228,0.0685095489025116,0.04155030846595764,-0.05440569296479225,0.0780574381351471,0.09998396039009094,-0.060590777546167374,0.12521561980247498,0.12198039889335632,-0.022965993732213974,0.11132946610450745,0.0015086829662322998,-0.04420213773846626,0.12115845084190369,0.044994205236434937,-0.04513443261384964,0.12786468863487244,0.10265538096427917,-0.041516296565532684,0.18082526326179504,0.1294659972190857,-0.03971586003899574,0.17010417580604553,0.03190609812736511,-0.04955221340060234,0.1699756681919098,0.05640169978141785,-0.04306529462337494,0.16902509331703186,0.10145238041877747,-0.03596329689025879
E,0.191348135471344,0.42013727128505707,-3.2597921517663053e-07,0.11177247762680054,0.40305690467357635,-0.021856611594557762,0.050609588623046875,0.3245904892683029,-0.03732749819755554,0.04395747184753418,0.2284604161977768,-0.05607448145747185,0.05909383296966553,0.15138192474842072,-0.07002272456884384,0.02296668291091919,0.17238585650920868,-0.00290507054887712,0.0,0.0406908243894577,-0.03636319562792778,0.017318904399871826,0.05720348656177521,-0.061619967222213745,0.03281441330909729,0.10511289536952972,-0.07322820276021957,0.07380425930023193,0.13824711740016937,-0.010646738111972809,0.054084956645965576,0.0,-0.03858238086104393,0.07237964868545532,0.04185722768306732,-0.055057939141988754,0.08157825469970703,0.10251088440418243,-0.060061194002628326,0.126193106174469,0.1259997934103012,-0.024213286116719246,0.11321347951889038,0.0036683380603790283,-0.04576517641544342,0.12456518411636353,0.046706125140190125,-0.046326424926519394,0.13041847944259644,0.10470224916934967,-0.041825611144304276,0.18148267269134521,0.1333458572626114,-0.04098058119416237,0.17124861478805542,0.035199686884880066,-0.05104197561740875,0.17253118753433228,0.05724556744098663,-0.04441023990511894,0.17168903350830078,0.10000239312648773,-0.03671598806977272
E,0.19036626815795898,0.4215295612812042,-3.288591301497945e-07,0.1106652021408081,0.4022580683231354,-0.02095283940434456,0.05030900239944458,0.3240821063518524,-0.035751137882471085,0.043564796447753906,0.2293091118335724,-0.05433756485581398,0.058096468448638916,0.15178066492080688,-0.06863239407539368,0.023846298456192017,0.17015540599822998,-5.256965596345253e-05,0.0,0.043916136026382446,-0.03253043442964554,0.014217615127563477,0.05801600217819214,-0.05778943747282028,0.0291900634765625,0.10102531313896179,-0.06996247172355652,0.07375895977020264,0.13591840863227844,-0.00870100874453783,0.05327719449996948,0.0,-0.03714429587125778,0.06976747512817383,0.042595356702804565,-0.05469026044011116,0.0795333981513977,0.10369017720222473,-0.06016550958156586,0.12543565034866333,0.123501718044281,-0.023112742230296135,0.11145251989364624,0.002748847007751465,-0.045604053884744644,0.12178558111190796,0.04769071936607361,-0.047193121165037155,0.12874096632003784,0.10711988806724548,-0.04291532561182976,0.1804412603378296,0.13111934065818787,-0.04064791277050972,0.16824597120285034,0.03211641311645508,-0.051330823451280594,0.16902637481689453,0.055353641510009766,-0.04508257657289505,0.16935312747955322,0.1001935601234436,-0.03748590499162674
E,0.19200390577316284,0.419894203543663,-3.271407535976323e-07,0.11203265190124512,0.40124039351940155,-0.02194836549460888,0.050649434328079224,0.3227977603673935,-0.037321217358112335,0.04250115156173706,0.2267509549856186,-0.0562945157289505,0.055584073066711426,0.1467553824186325,-0.0708448588848114,0.02529287338256836,0.16950179636478424,-0.0012599403271451592,0.0,0.040362730622291565,-0.03392472118139267,0.013434350490570068,0.05379690229892731,-0.059203773736953735,0.028686732053756714,0.09679774940013885,-0.0712398886680603,0.0754549503326416,0.13621588051319122,-0.009185326285660267,0.05539005994796753,0.0,-0.03748830780386925,0.07026243209838867,0.04146774113178253,-0.05535849556326866,0.0796511173248291,0.10069935023784637,-0.061475109308958054,0.1272454857826233,0.12408821284770966,-0.022948550060391426,0.1136014461517334,0.0002525895833969116,-0.04515540227293968,0.12216335535049438,0.0430159717798233,-0.047425154596567154,0.12890708446502686,0.10143838822841644,-0.04408644884824753,0.1820073127746582,0.1311340183019638,-0.03988458961248398,0.16999953985214233,0.029953762888908386,-0.05044162645936012,0.16936755180358887,0.051563963294029236,-0.04484941065311432,0.16937506198883057,0.09530512988567352,-0.03799809515476227
E,0.1915389895439148,0.4185979515314102,-3.017911751612701e-07,0.11158233880996704,0.400495782494545,-0.021641433238983154,0.05174267292022705,0.3218870311975479,-0.03669416159391403,0.04381492733955383,0.2258903533220291,-0.05560244992375374,0.0567590594291687,0.14741744101047516,-0.07001683861017227,0.024273812770843506,0.16825611889362335,0.0008893504855223,0.0,0.038270965218544006,-0.031883180141448975,0.01434338092803955,0.04983927309513092,-0.057350870221853256,0.030043214559555054,0.09301124513149261,-0.06927919387817383,0.07450604438781738,0.13556627929210663,-0.007065168581902981,0.054563164710998535,0.0,-0.0358259491622448,0.07073301076889038,0.04108406603336334,-0.05397232621908188,0.08058136701583862,0.10252939164638519,-0.0597369559109211,0.12646615505218506,0.12327785789966583,-0.021005867049098015,0.11215484142303467,0.0029357224702835083,-0.04321136698126793,0.1220133900642395,0.046422794461250305,-0.045535407960414886,0.12877625226974487,0.10562105476856232,-0.04174685478210449,0.18146026134490967,0.12968449294567108,-0.03817714378237724,0.16888666152954102,0.030312493443489075,-0.04862499609589577,0.16845279932022095,0.0516122430562973,-0.04319925233721733,0.16782772541046143,0.09558780491352081,-0.036153439432382584
E,0.19282516837120056,0.4181888997554779,-2.7626666110336373e-07,0.11290636658668518,0.3992122709751129,-0.02360394038259983,0.053327471017837524,0.3217097818851471,-0.039683081209659576,0.0446455180644989,0.22655519843101501,-0.05902807042002678,0.05615851283073425,0.1465863287448883,-0.07411825656890869,0.023815184831619263,0.17002975940704346,-0.001179149723611772,0.0,0.044277042150497437,-0.033826351165771484,0.012516915798187256,0.05134138464927673,-0.05964868888258934,0.027077704668045044,0.08864787220954895,-0.07232808321714401,0.07422414422035217,0.13621917366981506,-0.008540770970284939,0.053591638803482056,0.0,-0.037955302745103836,0.06878945231437683,0.03847399353981018,-0.05713308975100517,0.07830998301506042,0.09634658694267273,-0.06386309862136841,0.1265309751033783,0.12349531054496765,-0.02183236926794052,0.11299124360084534,0.0008600950241088867,-0.045478496700525284,0.12179586291313171,0.042853713035583496,-0.0493023507297039,0.12818077206611633,0.10083761811256409,-0.04658414423465729,0.1821710765361786,0.13010147213935852,-0.03835929557681084,0.17105135321617126,0.030544817447662354,-0.05028676614165306,0.1705789864063263,0.05196097493171692,-0.04600909352302551,0.16995355486869812,0.09525558352470398,-0.03984272480010986
E,0.1912747621536255,0.41849538683891296,-3.3129836651824007e-07,0.11160069704055786,0.4012163579463959,-0.021649857982993126,0.050614237785339355,0.3231044113636017,-0.037179868668317795,0.04252755641937256,0.22720074653625488,-0.056602030992507935,0.05716049671173096,0.14976534247398376,-0.07133646309375763,0.024330615997314453,0.1707020401954651,-0.0013518331106752157,0.0,0.037958353757858276,-0.03570421412587166,0.015585392713546753,0.05714070796966553,-0.061548925936222076,0.03143778443336487,0.10594242811203003,-0.07327397167682648,0.07486474514007568,0.1386343538761139,-0.009586618281900883,0.054071247577667236,0.0,-0.039513152092695236,0.06996709108352661,0.04480186104774475,-0.057495880872011185,0.0795474648475647,0.10684549808502197,-0.06285528093576431,0.12656038999557495,0.1268303096294403,-0.023785870522260666,0.11236196756362915,0.00385206937789917,-0.04722979664802551,0.1221017837524414,0.050284773111343384,-0.049356065690517426,0.12888771295547485,0.11068779230117798,-0.045025620609521866,0.18188637495040894,0.1331137716770172,-0.04112221300601959,0.16952812671661377,0.03319278359413147,-0.052098121494054794,0.16975253820419312,0.055609047412872314,-0.04651245102286339,0.16977834701538086,0.09911945462226868,-0.03923119232058525
E,0.19144654273986816,0.4201171398162842,-3.381084354714403e-07,0.1122007966041565,0.39913010597229004,-0.021677110344171524,0.052101314067840576,0.3204473853111267,-0.036916401237249374,0.04533112049102783,0.22549870610237122,-0.05596654489636421,0.059312522411346436,0.1481066346168518,-0.0705064982175827,0.024285107851028442,0.17054328322410583,-0.00044425352825783193,0.0,0.04088777303695679,-0.0342625193297863,0.014019578695297241,0.05669093132019043,-0.06001776456832886,0.02940651774406433,0.10154548287391663,-0.07207027822732925,0.0745309591293335,0.13724935054779053,-0.008871577680110931,0.055483341217041016,0.0,-0.038587216287851334,0.07129687070846558,0.04569524526596069,-0.05604586750268936,0.08026301860809326,0.1062680184841156,-0.06120883300900459,0.12622559070587158,0.12501519918441772,-0.023305311799049377,0.11375045776367188,0.002573341131210327,-0.046515386551618576,0.12311691045761108,0.04883819818496704,-0.0476713553071022,0.12942004203796387,0.10762983560562134,-0.043064408004283905,0.1814662218093872,0.13211792707443237,-0.040972597897052765,0.17084914445877075,0.03197827935218811,-0.051594238728284836,0.17117393016815186,0.0569952130317688,-0.04490811750292778,0.17107027769088745,0.10146147012710571,-0.03708382323384285
E,0.1923648715019226,0.41489607095718384,-3.0159128527884604e-07,0.11190605163574219,0.3958292603492737,-0.02031484618782997,0.05175203084945679,0.3175455331802368,-0.034486930817365646,0.044158935546875,0.22229641675949097,-0.052843280136585236,0.05913519859313965,0.14595165848731995,-0.06719844788312912,0.025442183017730713,0.16764912009239197,0.0018681057263165712,0.0,0.040185630321502686,-0.029979774728417397,0.013019263744354248,0.049725890159606934,-0.05502110347151756,0.028625667095184326,0.09057587385177612,-0.06699548661708832,0.07514113187789917,0.1343698501586914,-0.006698782090097666,0.05431026220321655,0.0,-0.0347350537776947,0.06896209716796875,0.039058685302734375,-0.05283312872052193,0.07841354608535767,0.09835898876190186,-0.05895958095788956,0.12687736749649048,0.12174829840660095,-0.021059826016426086,0.11187565326690674,0.0012174248695373535,-0.04368709400296211,0.12079125642776489,0.04458731412887573,-0.046862173825502396,0.12773972749710083,0.10376560688018799,-0.04375423491001129,0.18218207359313965,0.1280883550643921,-0.03844623640179634,0.1693163514137268,0.02857038378715515,-0.04985674098134041,0.16843080520629883,0.05129897594451904,-0.045121025294065475,0.1682005524635315,0.09649902582168579,-0.03860167786478996
E,0.19383680820465088,0.41579222679138184,-2.9547945246122254e-07,0.11425292491912842,0.3983834385871887,-0.02073235809803009,0.05344659090042114,0.321206271648407,-0.035200126469135284,0.043726056814193726,0.22552168369293213,-0.0536520816385746,0.0578463077545166,0.1481938362121582,-0.06807034462690353,0.02567136287689209,0.16944265365600586,0.0014528529718518257,0.0,0.0444452166557312,-0.03070412017405033,0.012903332710266113,0.05235183238983154,-0.055647123605012894,0.028218567371368408,0.09052571654319763,-0.06747814267873764,0.07546532154083252,0.13513123989105225,-0.007181623950600624,0.05450797080993652,0.0,-0.036739278584718704,0.06934463977813721,0.040428996086120605,-0.055028606206178665,0.07900112867355347,0.1002126932144165,-0.06027033552527428,0.1273861527442932,0.12176916003227234,-0.021569669246673584,0.11345350742340088,0.0015138983726501465,-0.04552078992128372,0.12218117713928223,0.04565632343292236,-0.0486602745950222,0.1286829710006714,0.10456198453903198,-0.04456744343042374,0.1823939085006714,0.1279023289680481,-0.03892640024423599,0.17017805576324463,0.029813379049301147,-0.05074162408709526,0.16952145099639893,0.05129283666610718,-0.04584347829222679,0.16939854621887207,0.09408479928970337,-0.03864287957549095
E,0.1920088529586792,0.4146866798400879,-2.827606806476979e-07,0.11316931247711182,0.3976658582687378,-0.022687658667564392,0.053357094526290894,0.32169830799102783,-0.038504958152770996,0.04360395669937134,0.2268601655960083,-0.057770684361457825,0.05482339859008789,0.14829349517822266,-0.0727526992559433,0.024775296449661255,0.1695636510848999,-0.0010876769665628672,0.0,0.04451844096183777,-0.03447619825601578,0.01196262240409851,0.05154013633728027,-0.06032552942633629,0.02725696563720703,0.09067803621292114,-0.07250964641571045,0.0742565393447876,0.1357799470424652,-0.008888306096196175,0.05265563726425171,0.0,-0.03908775374293327,0.06775552034378052,0.039510101079940796,-0.057492513209581375,0.07804334163665771,0.09873950481414795,-0.06293058395385742,0.12600243091583252,0.12288707494735718,-0.02259703166782856,0.11176329851150513,0.0014863014221191406,-0.046607326716184616,0.12117040157318115,0.04388454556465149,-0.04920680820941925,0.12830567359924316,0.10164880752563477,-0.04508320242166519,0.18105220794677734,0.12913188338279724,-0.03947693482041359,0.16935157775878906,0.0306951105594635,-0.05123870074748993,0.16920709609985352,0.05186912417411804,-0.04601016640663147,0.16903603076934814,0.09413307905197144,-0.038756515830755234
E,0.19226524233818054,0.41482289135456085,-2.991985468270286e-07,0.1133563220500946,0.3966289311647415,-0.02287440560758114,0.05288439989089966,0.3210500031709671,-0.039186034351587296,0.04357507824897766,0.22556547820568085,-0.059045545756816864,0.05537572503089905,0.1457054764032364,-0.07432383298873901,0.025037109851837158,0.17050106823444366,-0.001360685913823545,0.0,0.0406583696603775,-0.03622853010892868,0.014620214700698853,0.05333952605724335,-0.06281879544258118,0.031025677919387817,0.09811006486415863,-0.0750957503914833,0.07460454106330872,0.13721643388271332,-0.009076974354684353,0.05259403586387634,0.0,-0.0398542620241642,0.06891831755638123,0.041190579533576965,-0.05875387787818909,0.07921770215034485,0.10104979574680328,-0.06462078541517258,0.1261245310306549,0.12477190792560577,-0.022892646491527557,0.11174824833869934,0.0021516233682632446,-0.04760153591632843,0.12174686789512634,0.04666595160961151,-0.05023215338587761,0.12867161631584167,0.1056700199842453,-0.046067774295806885,0.18149593472480774,0.1310112625360489,-0.03987247869372368,0.1697935163974762,0.033352211117744446,-0.05219022184610367,0.1701069176197052,0.056109264492988586,-0.047077082097530365,0.16989341378211975,0.09934456646442413,-0.03987720608711243
E,0.1932714581489563,0.4119262993335724,-2.976207440497092e-07,0.11417299509048462,0.3942040503025055,-0.02238050475716591,0.05368727445602417,0.31925222277641296,-0.03882888704538345,0.045472294092178345,0.2247684895992279,-0.05892811343073845,0.05973249673843384,0.14725670218467712,-0.07459889352321625,0.02621123194694519,0.1682644486427307,-0.0025034835562109947,0.0,0.03837069869041443,-0.03679467737674713,0.01498955488204956,0.05001264810562134,-0.06296239793300629,0.03181487321853638,0.09454134106636047,-0.07511742413043976,0.07618749141693115,0.1356165111064911,-0.010415243916213512,0.0544452965259552,0.0,-0.04019860923290253,0.07061833143234253,0.04129323363304138,-0.05844670161604881,0.08041000366210938,0.10151711106300354,-0.0643724575638771,0.12791365385055542,0.12365284562110901,-0.024277152493596077,0.11357581615447998,0.002368137240409851,-0.04838794097304344,0.12289804220199585,0.04639354348182678,-0.05128312110900879,0.12966889142990112,0.1058746874332428,-0.04765082523226738,0.18331581354141235,0.13004544377326965,-0.0412059985101223,0.1707935929298401,0.03161501884460449,-0.05345936119556427,0.17078077793121338,0.054109781980514526,-0.04852127283811569,0.1709686517715454,0.09828725457191467,-0.04160463809967041
E,0.19202077388763428,0.413588210940361,-3.093999225711741e-07,0.11275982856750488,0.39570437371730804,-0.020584501326084137,0.05265986919403076,0.31865040957927704,-0.03526194393634796,0.04482361674308777,0.2250337153673172,-0.05383812636137009,0.059292376041412354,0.14962653815746307,-0.06848511844873428,0.025179535150527954,0.16958679258823395,-0.0009511211537756026,0.0,0.04215820133686066,-0.03357789292931557,0.01250004768371582,0.051831409335136414,-0.05843888595700264,0.02760520577430725,0.09184180200099945,-0.07015318423509598,0.07512509822845459,0.13682027161121368,-0.009765936993062496,0.054877281188964844,0.0,-0.039823856204748154,0.06868070363998413,0.04196213185787201,-0.05802951753139496,0.0775415301322937,0.10212348401546478,-0.06349597126245499,0.126764714717865,0.12471400201320648,-0.024180710315704346,0.11297255754470825,0.00256192684173584,-0.04857516661286354,0.12094771862030029,0.046096667647361755,-0.052251387387514114,0.12772297859191895,0.10475434362888336,-0.048787761479616165,0.18184417486190796,0.1315845102071762,-0.04144185036420822,0.1692255139350891,0.032233938574790955,-0.053604237735271454,0.16841107606887817,0.053443655371665955,-0.049025170505046844,0.16888612508773804,0.09627120196819305,-0.04231749475002289
E,0.19444751739501953,0.40914130210876465,-2.9968197168273036e-07,0.11510378122329712,0.3919512629508972,-0.021086037158966064,0.05498003959655762,0.31610721349716187,-0.035952188074588776,0.04456457495689392,0.22138521075248718,-0.05483375862240791,0.05821114778518677,0.14384588599205017,-0.06948018819093704,0.026718556880950928,0.1669105589389801,0.0009343733545392752,0.0,0.03895926475524902,-0.03217322379350662,0.01264345645904541,0.048037320375442505,-0.05737749859690666,0.028655588626861572,0.08915194869041443,-0.0688791573047638,0.07623821496963501,0.13343265652656555,-0.007204802241176367,0.05428597331047058,0.0,-0.03718941658735275,0.06808745861053467,0.04145842790603638,-0.0554351732134819,0.07791268825531006,0.10135382413864136,-0.060646481812000275,0.12792015075683594,0.12019884586334229,-0.02120889350771904,0.11271357536315918,0.0013851523399353027,-0.04574177786707878,0.12069898843765259,0.046866774559020996,-0.048826850950717926,0.12784451246261597,0.10616475343704224,-0.04458504542708397,0.18291831016540527,0.1255165934562683,-0.03813862055540085,0.17004907131195068,0.027969300746917725,-0.0504317469894886,0.16887199878692627,0.05178844928741455,-0.04548932611942291,0.16936755180358887,0.09628337621688843,-0.03808922320604324
E,0.19585800170898438,0.4066489338874817,-3.0424507713178173e-07,0.11653381586074829,0.3892626166343689,-0.020253725349903107,0.05693924427032471,0.3152502775192261,-0.03502733260393143,0.04670637845993042,0.22138404846191406,-0.05378472059965134,0.057792842388153076,0.1439705193042755,-0.06841613352298737,0.026487916707992554,0.16716471314430237,0.0008391262963414192,0.0,0.0419212281703949,-0.03147932514548302,0.012268632650375366,0.05110013484954834,-0.056186411529779434,0.02786850929260254,0.09114831686019897,-0.06760929524898529,0.07587742805480957,0.13300329446792603,-0.007752685807645321,0.05400902032852173,0.0,-0.036890700459480286,0.06849867105484009,0.0419079065322876,-0.05449901148676872,0.07818132638931274,0.10164296627044678,-0.059556666761636734,0.1276472806930542,0.11968648433685303,-0.02200538106262684,0.11242944002151489,0.00036728382110595703,-0.04578675702214241,0.12090349197387695,0.04561358690261841,-0.04828045889735222,0.12775588035583496,0.10459727048873901,-0.04404241591691971,0.1826302409172058,0.1256301999092102,-0.039087068289518356,0.17029863595962524,0.028598308563232422,-0.050712890923023224,0.16922730207443237,0.052754342555999756,-0.045159582048654556,0.16928023099899292,0.09709736704826355,-0.037623368203639984
E,0.1959138810634613,0.40769532322883606,-2.911296235197369e-07,0.11571601033210754,0.3914830982685089,-0.02029702439904213,0.0551910400390625,0.31528201699256897,-0.03466923534870148,0.04427403211593628,0.22049960494041443,-0.053183820098638535,0.05745595693588257,0.1432448923587799,-0.06771959364414215,0.027449816465377808,0.16879814863204956,0.0016576877096667886,0.0,0.04313284158706665,-0.03127193823456764,0.011028796434402466,0.05101075768470764,-0.05632619187235832,0.025957435369491577,0.09123465418815613,-0.06769970804452896,0.07642588019371033,0.13431495428085327,-0.007027717307209969,0.0529712438583374,0.0,-0.03747917711734772,0.06647297739982605,0.039849668741226196,-0.05609510466456413,0.07679447531700134,0.10033544898033142,-0.061127908527851105,0.1279146373271942,0.12033289670944214,-0.021471448242664337,0.11148181557655334,0.00039514899253845215,-0.046830493956804276,0.11948207020759583,0.044319093227386475,-0.0509374663233757,0.1270882785320282,0.10394468903541565,-0.04687412828207016,0.1829083263874054,0.12487226724624634,-0.03864842653274536,0.16866961121559143,0.02667301893234253,-0.05178758129477501,0.16757270693778992,0.04818066954612732,-0.047553058713674545,0.16852834820747375,0.09209400415420532,-0.04031529277563095
E,0.19502472877502441,0.4057970643043518,-2.741978164522152e-07,0.11380594968795776,0.38978397846221924,-0.019937286153435707,0.054474472999572754,0.3137565851211548,-0.03316739201545715,0.04371654987335205,0.2184404730796814,-0.050586484372615814,0.053086549043655396,0.14087828993797302,-0.06432075053453445,0.026924997568130493,0.1665317416191101,0.004976535681635141,0.0,0.045389533042907715,-0.02611350640654564,0.009046375751495361,0.045173853635787964,-0.05080360174179077,0.023587286472320557,0.07709771394729614,-0.06256686896085739,0.07478678226470947,0.13146081566810608,-0.0035893539898097515,0.05148562788963318,0.0010691583156585693,-0.033571287989616394,0.06422442197799683,0.038986921310424805,-0.05279424041509628,0.07482689619064331,0.09798285365104675,-0.05834225192666054,0.1255631446838379,0.11728808283805847,-0.017906557768583298,0.1089409589767456,0.0,-0.04307062178850174,0.1166033148765564,0.04316720366477966,-0.04773206636309624,0.12485045194625854,0.10185986757278442,-0.04414603114128113,0.18027198314666748,0.12204861640930176,-0.03496626764535904,0.1658678650856018,0.025759518146514893,-0.048111844807863235,0.1639576554298401,0.04804164171218872,-0.04430916905403137,0.1648140549659729,0.09203231334686279,-0.03745318204164505
E,0.19429510831832886,0.4049593508243561,-2.560786640515289e-07,0.11290520429611206,0.3883747160434723,-0.01984517090022564,0.052614063024520874,0.3143285810947418,-0.03337973356246948,0.041799306869506836,0.22030597925186157,-0.05130172148346901,0.05389201641082764,0.14382365345954895,-0.06559611856937408,0.02763316035270691,0.16590669751167297,0.005683843046426773,0.0,0.04664427042007446,-0.026429278776049614,0.008963227272033691,0.045962005853652954,-0.05191602185368538,0.023803889751434326,0.07735621929168701,-0.06412467360496521,0.07509392499923706,0.13102051615715027,-0.0033898113761097193,0.05141627788543701,0.0,-0.03585245460271835,0.06448334455490112,0.039998143911361694,-0.05611801892518997,0.07552164793014526,0.10028302669525146,-0.0612373873591423,0.125396728515625,0.11710807681083679,-0.018290314823389053,0.10878968238830566,0.00033524632453918457,-0.045292507857084274,0.11741185188293457,0.04520919919013977,-0.04997019097208977,0.12600189447402954,0.1039789617061615,-0.04530123248696327,0.17996513843536377,0.12270981073379517,-0.035931847989559174,0.16611313819885254,0.027846723794937134,-0.04974495619535446,0.16547006368637085,0.04950407147407532,-0.04580477997660637,0.166748046875,0.09110230207443237,-0.03830261528491974
E,0.1961565613746643,0.40322160720825195,-2.7346908382241963e-07,0.11643999814987183,0.3893982768058777,-0.02103184536099434,0.05573996901512146,0.31231552362442017,-0.03445550054311752,0.04465007781982422,0.21582072973251343,-0.05179930105805397,0.05427873134613037,0.13671377301216125,-0.06516436487436295,0.027844935655593872,0.16391509771347046,0.004859954584389925,0.0,0.040153324604034424,-0.026897868141531944,0.008899331092834473,0.04109013080596924,-0.05186332017183304,0.023680508136749268,0.07538485527038574,-0.06343486160039902,0.0759044885635376,0.13112899661064148,-0.0027686352841556072,0.053159117698669434,0.0,-0.03340896964073181,0.06502610445022583,0.037266045808792114,-0.0533711314201355,0.07555931806564331,0.09531077742576599,-0.059333641082048416,0.12681680917739868,0.11808273196220398,-0.016349688172340393,0.11089205741882324,0.00018778443336486816,-0.042176663875579834,0.11732155084609985,0.04161083698272705,-0.04821797087788582,0.12527120113372803,0.09922033548355103,-0.045439302921295166,0.18197298049926758,0.12267747521400452,-0.03267327696084976,0.1682993769645691,0.025906801223754883,-0.04647412523627281,0.16599607467651367,0.04585832357406616,-0.04393933713436127,0.16661208868026733,0.08785420656204224,-0.03789589926600456
E,0.19262012839317322,0.40635399520397186,-2.624867363465455e-07,0.11160734295845032,0.3900456875562668,-0.019941920414566994,0.0515131950378418,0.31590406596660614,-0.03380398452281952,0.03949078917503357,0.2220218926668167,-0.05202822387218475,0.0510517954826355,0.14416827261447906,-0.06671515852212906,0.02796265482902527,0.16522251069545746,0.004813500214368105,0.0,0.04598711431026459,-0.02754904143512249,0.007528096437454224,0.04530583322048187,-0.052756570279598236,0.02160733938217163,0.07651416957378387,-0.06462042033672333,0.07532986998558044,0.13190849125385284,-0.004388506058603525,0.05205625295639038,0.0,-0.03692510351538658,0.06418147683143616,0.04015727341175079,-0.05677071213722229,0.07470664381980896,0.09971435368061066,-0.06158468872308731,0.12575939297676086,0.11903606355190277,-0.019388334825634956,0.10982879996299744,0.0015983879566192627,-0.04666578024625778,0.11757847666740417,0.04575882852077484,-0.051520463079214096,0.12554660439491272,0.10393615067005157,-0.04696187004446983,0.18030551075935364,0.12495793402194977,-0.037091080099344254,0.1671442687511444,0.02822922170162201,-0.05119139701128006,0.16585955023765564,0.049593910574913025,-0.04740038141608238,0.16639146208763123,0.0917067676782608,-0.039968788623809814
E,0.19470363855361938,0.40459001064300537,-2.6088827098647016e-07,0.11382848024368286,0.3896368741989136,-0.01999419927597046,0.05398064851760864,0.31365954875946045,-0.03319024294614792,0.04358118772506714,0.21820974349975586,-0.050642773509025574,0.05556240677833557,0.14111173152923584,-0.06440583616495132,0.02735188603401184,0.16463616490364075,0.006168522872030735,0.0,0.04483625292778015,-0.0248135793954134,0.0068350136280059814,0.04380330443382263,-0.049298107624053955,0.020500004291534424,0.07572221755981445,-0.0607365220785141,0.07515305280685425,0.1306602656841278,-0.002241675276309252,0.05168861150741577,0.0,-0.03236658126115799,0.06234687566757202,0.03612792491912842,-0.051725201308727264,0.07259005308151245,0.09434115886688232,-0.05705155059695244,0.12616366147994995,0.11687833070755005,-0.01649646833539009,0.10971885919570923,0.0002592802047729492,-0.04221414029598236,0.11588513851165771,0.042513638734817505,-0.04775966703891754,0.1234624981880188,0.10072249174118042,-0.04432043805718422,0.18091672658920288,0.1214606761932373,-0.03345811739563942,0.16739106178283691,0.024190247058868408,-0.04722057655453682,0.16452372074127197,0.04521644115447998,-0.04426880553364754,0.16460663080215454,0.08870959281921387,-0.037710148841142654
E,0.19294428825378418,0.40605658292770386,-2.3628678036402562e-07,0.11213874816894531,0.3888275623321533,-0.020846016705036163,0.052579253911972046,0.3137810230255127,-0.03438423573970795,0.04047882556915283,0.21974444389343262,-0.05206788331270218,0.05009615421295166,0.14049339294433594,-0.06630192697048187,0.026283085346221924,0.16602477431297302,0.006990686058998108,0.0,0.0506477952003479,-0.023722894489765167,0.005651205778121948,0.04414725303649902,-0.04878886044025421,0.018294453620910645,0.06684073805809021,-0.06140631437301636,0.07369452714920044,0.13176864385604858,-0.0017829252174124122,0.05048245191574097,0.0006139874458312988,-0.034434858709573746,0.061440885066986084,0.03919288516044617,-0.05571290850639343,0.07224130630493164,0.09694230556488037,-0.0615433044731617,0.1242293119430542,0.11781695485115051,-0.01637033000588417,0.10846006870269775,0.0,-0.04378644376993179,0.11476683616638184,0.0430431067943573,-0.050076112151145935,0.12292313575744629,0.10032874345779419,-0.046466000378131866,0.17901039123535156,0.12293857336044312,-0.03372480347752571,0.16540002822875977,0.026171505451202393,-0.04790493845939636,0.16292119026184082,0.04586637020111084,-0.045163240283727646,0.16348546743392944,0.08645111322402954,-0.03863004222512245
E,0.1930719017982483,0.40642398595809937,-2.4311131596732594e-07,0.11232614517211914,0.390292763710022,-0.01985081285238266,0.05371704697608948,0.3147464394569397,-0.03300350159406662,0.04105943441390991,0.2199680507183075,-0.050518572330474854,0.04938259720802307,0.14189088344573975,-0.06444884091615677,0.027145862579345703,0.1647692322731018,0.0076674590818583965,0.0,0.046108782291412354,-0.02373066172003746,0.0080033540725708,0.042424023151397705,-0.049067430198192596,0.022517621517181396,0.07129177451133728,-0.0611790269613266,0.07440662384033203,0.13023924827575684,-0.0011714687570929527,0.050845444202423096,0.0,-0.03295004367828369,0.06335657835006714,0.03720700740814209,-0.0537450946867466,0.07461482286453247,0.09617528319358826,-0.059371545910835266,0.12488007545471191,0.1165507435798645,-0.015883225947618484,0.10825741291046143,0.0002579689025878906,-0.042560648173093796,0.11631333827972412,0.04330122470855713,-0.04806205630302429,0.12468963861465454,0.10139945149421692,-0.04401567950844765,0.17902082204818726,0.12204352021217346,-0.033311329782009125,0.165538489818573,0.026461005210876465,-0.04702620953321457,0.16421496868133545,0.04633417725563049,-0.04364512488245964,0.1648845672607422,0.08732840418815613,-0.03652038797736168
E,0.1941491961479187,0.4025232493877411,-2.7214178999201977e-07,0.11423033475875854,0.38612452149391174,-0.02010255493223667,0.05568841099739075,0.31190070509910583,-0.033793795853853226,0.045547276735305786,0.21818608045578003,-0.05170431733131409,0.05418214201927185,0.14129632711410522,-0.06570415198802948,0.027896076440811157,0.16544193029403687,0.004943546839058399,0.0,0.0425698459148407,-0.02720533311367035,0.010164648294448853,0.04480624198913574,-0.05234002694487572,0.026186347007751465,0.0800807774066925,-0.0640217512845993,0.0753399133682251,0.13142648339271545,-0.0035563050769269466,0.05191904306411743,0.0,-0.035029325634241104,0.06591331958770752,0.039991915225982666,-0.054975029081106186,0.07736265659332275,0.09954255819320679,-0.06049651652574539,0.12584912776947021,0.11795803904533386,-0.01790427789092064,0.10979676246643066,0.0008994638919830322,-0.04425669088959694,0.11814165115356445,0.04489275813102722,-0.04941060021519661,0.12613695859909058,0.10301890969276428,-0.04567892849445343,0.18052726984024048,0.1228528618812561,-0.034904077649116516,0.16757434606552124,0.027355998754501343,-0.04850662127137184,0.16613799333572388,0.048508286476135254,-0.04498990997672081,0.16642248630523682,0.09006437659263611,-0.03812437877058983
E,0.19356805086135864,0.4046676903963089,-3.1167593306236085e-07,0.11273491382598877,0.3878353387117386,-0.017140666022896767,0.05382037162780762,0.31031717360019684,-0.028828976675868034,0.04232525825500488,0.21623630821704865,-0.04545356705784798,0.05266296863555908,0.14215479791164398,-0.05824621766805649,0.027440965175628662,0.16620753705501556,0.008017894811928272,0.0,0.04105521738529205,-0.02368132397532463,0.010973542928695679,0.04968242347240448,-0.04821981489658356,0.025915443897247314,0.0899360328912735,-0.059189438819885254,0.07523888349533081,0.13245339691638947,-0.0018126399954780936,0.05200040340423584,0.0,-0.0328550711274147,0.06483852863311768,0.0425192266702652,-0.05222848057746887,0.07543587684631348,0.10445140302181244,-0.05691586062312126,0.12592440843582153,0.11899228394031525,-0.017367415130138397,0.10915607213973999,0.0006724894046783447,-0.04340045526623726,0.1166580319404602,0.046817436814308167,-0.048204805701971054,0.1241559386253357,0.10702596604824066,-0.0437452495098114,0.1800270676612854,0.1242498904466629,-0.035352300852537155,0.16636228561401367,0.027832254767417908,-0.0486682765185833,0.16452091932296753,0.05024294555187225,-0.04470100626349449,0.16504120826721191,0.09369434416294098,-0.03715648874640465
E,0.19410324096679688,0.40429699420928955,-2.3473469923374068e-07,0.11339306831359863,0.3885689973831177,-0.021635347977280617,0.05453193187713623,0.3127325773239136,-0.03525928780436516,0.043984562158584595,0.21759003400802612,-0.05263470113277435,0.0542563796043396,0.14018747210502625,-0.06640633195638657,0.026130318641662598,0.16658276319503784,0.004713629372417927,0.0,0.048058897256851196,-0.02551686018705368,0.0071007609367370605,0.045366525650024414,-0.04971771687269211,0.02036339044570923,0.07302200794219971,-0.0613960325717926,0.07371413707733154,0.13207009434700012,-0.0029742885380983353,0.05009451508522034,0.0002484321594238281,-0.03306616470217705,0.061552226543426514,0.03630930185317993,-0.052398696541786194,0.07239639759063721,0.09374776482582092,-0.05762320011854172,0.12469041347503662,0.1181107759475708,-0.016461728140711784,0.1075361967086792,0.0,-0.04209224134683609,0.11437177658081055,0.04232287406921387,-0.04743604362010956,0.12257087230682373,0.09982937574386597,-0.043883658945560455,0.179573655128479,0.12301641702651978,-0.03278132528066635,0.16548091173171997,0.02598002552986145,-0.04656756669282913,0.16374647617340088,0.04769131541252136,-0.04334449768066406,0.16517847776412964,0.09079506993293762,-0.036607202142477036
E,0.1928071677684784,0.4093313068151474,-2.3328435361236188e-07,0.11381527781486511,0.3932744711637497,-0.02244747430086136,0.05437999963760376,0.3178088515996933,-0.03723916783928871,0.041555315256118774,0.22335200011730194,-0.05590866506099701,0.05117976665496826,0.14365674555301666,-0.07085758447647095,0.027396738529205322,0.16620858013629913,0.004522944334894419,0.0,0.04859901964664459,-0.02753978781402111,0.006216555833816528,0.046360746026039124,-0.0534847192466259,0.019796282052993774,0.07564155757427216,-0.06610475480556488,0.07447585463523865,0.1334526091814041,-0.0033166364300996065,0.05023229122161865,0.0012111663818359375,-0.034869179129600525,0.06121453642845154,0.03694264590740204,-0.055607590824365616,0.07245108485221863,0.09475599229335785,-0.061685312539339066,0.1250586211681366,0.12049929797649384,-0.01719611883163452,0.10842546820640564,0.0,-0.04349077492952347,0.11515417695045471,0.041703805327415466,-0.04940743371844292,0.12374100089073181,0.10015751421451569,-0.046246662735939026,0.18013933300971985,0.12606321275234222,-0.03410996496677399,0.1668466031551361,0.028525039553642273,-0.048285145312547684,0.16459563374519348,0.049298956990242004,-0.04581151530146599,0.1652033030986786,0.09298078715801239,-0.03967738151550293
E,0.19192862510681152,0.40785282850265503,-2.5126016112153593e-07,0.11158066987991333,0.39023399353027344,-0.021137163043022156,0.052755266427993774,0.31393224000930786,-0.03471498191356659,0.04178416728973389,0.21923193335533142,-0.05239858850836754,0.05149078369140625,0.1417238712310791,-0.06633876264095306,0.025172382593154907,0.16804072260856628,0.0056992447935044765,0.0,0.0473596453666687,-0.025769516825675964,0.0077661871910095215,0.04486870765686035,-0.05065698176622391,0.02158111333847046,0.07389289140701294,-0.06248997524380684,0.07278227806091309,0.1337297260761261,-0.00255208695307374,0.04971465468406677,0.0,-0.035009391605854034,0.06194239854812622,0.03918659687042236,-0.05545712262392044,0.07324999570846558,0.0990753173828125,-0.06060212478041649,0.12367624044418335,0.11990007758140564,-0.0166707132011652,0.10752785205841064,0.0010298043489456177,-0.04416019469499588,0.11480987071990967,0.04509240388870239,-0.05000440776348114,0.12316912412643433,0.10404568910598755,-0.04593779146671295,0.17864280939102173,0.12485095858573914,-0.03350624814629555,0.16544890403747559,0.027307838201522827,-0.04804730415344238,0.1632063388824463,0.04762303829193115,-0.045142363756895065,0.16391205787658691,0.08942383527755737,-0.0382545031607151
E,0.19418099522590637,0.40850143134593964,-2.602311326427298e-07,0.11401090025901794,0.3921285718679428,-0.02109525166451931,0.054885655641555786,0.31649188697338104,-0.035748954862356186,0.04309621453285217,0.2229655534029007,-0.05457860976457596,0.05437096953392029,0.14480437338352203,-0.06945134699344635,0.028077691793441772,0.16619448363780975,0.004334344994276762,0.0,0.042262688279151917,-0.028844866901636124,0.010702699422836304,0.045657798647880554,-0.05499720200896263,0.026532083749771118,0.08351586759090424,-0.06706314533948898,0.07628056406974792,0.1336124688386917,-0.003934026230126619,0.05300873517990112,0.0,-0.0357339009642601,0.06669887900352478,0.037800416350364685,-0.05646329000592232,0.07771119475364685,0.09817110002040863,-0.06251714378595352,0.12727370858192444,0.12073172628879547,-0.018227333202958107,0.11128959059715271,0.002213403582572937,-0.044664863497018814,0.11941692233085632,0.04431082308292389,-0.05080548673868179,0.12724122405052185,0.1032990962266922,-0.04774414375424385,0.18208923935890198,0.12577803432941437,-0.03530687838792801,0.16880974173545837,0.028689727187156677,-0.04934060201048851,0.1677965223789215,0.04927738010883331,-0.04654839262366295,0.16839709877967834,0.09264470636844635,-0.04013151302933693
E,0.19572696089744568,0.40656039118766785,-2.43129676391618e-07,0.1138705313205719,0.3898877203464508,-0.019063666462898254,0.05601489543914795,0.3149113953113556,-0.03272018954157829,0.045499324798583984,0.22073569893836975,-0.05063556879758835,0.05489158630371094,0.14322352409362793,-0.06487199664115906,0.028774112462997437,0.16531869769096375,0.005675544496625662,0.0,0.0424923300743103,-0.0253736712038517,0.010887056589126587,0.03889396786689758,-0.05056754872202873,0.026976019144058228,0.07311412692070007,-0.06228552758693695,0.07718440890312195,0.13123446702957153,-0.002904421417042613,0.05385321378707886,0.0003766864538192749,-0.031596265733242035,0.06791684031486511,0.03213191032409668,-0.0515165701508522,0.0786261260509491,0.09123668074607849,-0.05808863788843155,0.12827637791633606,0.11775088310241699,-0.017175376415252686,0.11167940497398376,0.0,-0.04116130620241165,0.11992594599723816,0.03760889172554016,-0.04698015749454498,0.12763038277626038,0.09574928879737854,-0.044666312634944916,0.18265482783317566,0.12270063161849976,-0.034093741327524185,0.16938909888267517,0.025618314743041992,-0.04689469188451767,0.16779401898384094,0.04305192828178406,-0.043890051543712616,0.1676746904850006,0.08556675910949707,-0.03772381693124771
E,0.19087472558021545,0.40673500299453735,-2.079970613522164e-07,0.110433429479599,0.3887483477592468,-0.021205758675932884,0.054709553718566895,0.3119489550590515,-0.03485594689846039,0.04441705346107483,0.21954914927482605,-0.05229441821575165,0.05396023392677307,0.14453646540641785,-0.06626706570386887,0.026690781116485596,0.16308647394180298,0.00542472442612052,0.0,0.04592391848564148,-0.02434523217380047,0.007669210433959961,0.03853851556777954,-0.049421150237321854,0.020883023738861084,0.06623661518096924,-0.06189991161227226,0.07483169436454773,0.1306035816669464,-0.002130985725671053,0.049708664417266846,0.0,-0.031260449439287186,0.06395766139030457,0.028907358646392822,-0.05259434133768082,0.0759333074092865,0.08533680438995361,-0.06015140935778618,0.12603577971458435,0.11817619204521179,-0.015345637686550617,0.1086588203907013,0.00013834238052368164,-0.040503326803445816,0.1175905168056488,0.035419851541519165,-0.048814915120601654,0.12600120902061462,0.09267187118530273,-0.047883857041597366,0.18129763007164001,0.12409615516662598,-0.03126629441976547,0.16959521174430847,0.02557194232940674,-0.04569023475050926,0.16855260729789734,0.04009747505187988,-0.04518283158540726,0.1682015359401703,0.08200249075889587,-0.040747322142124176
E,0.1943405270576477,0.4071342349052429,-2.6227951366308844e-07,0.11257541179656982,0.39357179403305054,-0.019278451800346375,0.05479621887207031,0.31750261783599854,-0.032418180257081985,0.04353296756744385,0.22255805134773254,-0.04965999349951744,0.050882309675216675,0.14505535364151,-0.06293647736310959,0.02935931086540222,0.1639266312122345,0.005984426010400057,0.0,0.04334080219268799,-0.02470683678984642,0.009668827056884766,0.041835278272628784,-0.049518223851919174,0.025066107511520386,0.07695478200912476,-0.06114095821976662,0.077475905418396,0.13015079498291016,-0.002514959778636694,0.05218365788459778,0.0,-0.03137122839689255,0.06777042150497437,0.033076703548431396,-0.05140162259340286,0.08039826154708862,0.09269207715988159,-0.05783313885331154,0.12854290008544922,0.11724206805229187,-0.016704440116882324,0.11007124185562134,0.0015946626663208008,-0.04090706259012222,0.1202656626701355,0.038155317306518555,-0.04730411246418953,0.12935411930084229,0.09556412696838379,-0.045192915946245193,0.18305641412734985,0.1229894757270813,-0.033544983714818954,0.1711220145225525,0.02474510669708252,-0.046892520040273666,0.1701289415359497,0.03990250825881958,-0.044963449239730835,0.16975486278533936,0.08248001337051392,-0.03946807235479355
E,0.19326698780059814,0.4084476828575134,-2.5238691137019487e-07,0.11227226257324219,0.393760621547699,-0.018922189250588417,0.05352550745010376,0.3168315291404724,-0.031436920166015625,0.04116341471672058,0.22292739152908325,-0.04784998297691345,0.05025777220726013,0.14737701416015625,-0.06043776497244835,0.027131885290145874,0.16301921010017395,0.006850832607597113,0.0,0.046299517154693604,-0.022600708529353142,0.009011656045913696,0.04242050647735596,-0.04705015942454338,0.022790074348449707,0.07450371980667114,-0.05897633358836174,0.07635289430618286,0.12972211837768555,-0.001565351733006537,0.05156484246253967,0.0,-0.029901668429374695,0.06724733114242554,0.030543237924575806,-0.050165824592113495,0.07912731170654297,0.08803156018257141,-0.056952279061079025,0.1279171109199524,0.11780202388763428,-0.015494328923523426,0.11117744445800781,0.0023537278175354004,-0.03968018293380737,0.12135672569274902,0.036164700984954834,-0.04681936651468277,0.12930506467819214,0.0919373631477356,-0.04522249847650528,0.18319952487945557,0.12474268674850464,-0.03195396438241005,0.17388170957565308,0.02714097499847412,-0.04534480720758438,0.17324453592300415,0.03723865747451782,-0.04427652060985565,0.17161625623703003,0.07446295022964478,-0.03954603150486946
E,0.1922614574432373,0.409373015165329,-2.4688290523045e-07,0.1113019585609436,0.39351364970207214,-0.021636882796883583,0.05370432138442993,0.3184105455875397,-0.036668725311756134,0.040984004735946655,0.22598454356193542,-0.055293548852205276,0.051047444343566895,0.14980855584144592,-0.06960458308458328,0.02765113115310669,0.16253066062927246,0.0037755847442895174,0.0,0.04269510507583618,-0.028231024742126465,0.009917259216308594,0.04193726181983948,-0.054286159574985504,0.024432510137557983,0.0776003897190094,-0.06683076173067093,0.07745379209518433,0.13024082779884338,-0.003684230847284198,0.053298771381378174,0.0,-0.034195270389318466,0.06834667921066284,0.03264281153678894,-0.05557362735271454,0.07946914434432983,0.09055617451667786,-0.06300609558820724,0.1290561556816101,0.1186138391494751,-0.01703445427119732,0.11261117458343506,0.002703040838241577,-0.043244123458862305,0.12196159362792969,0.037688225507736206,-0.05109964683651924,0.12985634803771973,0.09440729022026062,-0.04964662715792656,0.18485242128372192,0.12468841671943665,-0.03313678503036499,0.17745840549468994,0.02690538763999939,-0.04823973774909973,0.17623037099838257,0.03493469953536987,-0.04843864589929581,0.17351341247558594,0.0701124370098114,-0.044355034828186035
E,0.19188570976257324,0.40773504972457886,-2.565665226939018e-07,0.11085599660873413,0.3931313157081604,-0.02037638984620571,0.05284780263900757,0.317577600479126,-0.03491303697228432,0.03880947828292847,0.22394639253616333,-0.05310610309243202,0.04687413573265076,0.14680737257003784,-0.06675343215465546,0.02886095643043518,0.16334185004234314,0.0021462501026690006,0.0,0.04036399722099304,-0.02957444079220295,0.010430216789245605,0.03950297832489014,-0.05460571125149727,0.025309234857559204,0.07837152481079102,-0.06618492305278778,0.07772928476333618,0.13023865222930908,-0.00550793157890439,0.05269014835357666,0.0,-0.03448408842086792,0.06847113370895386,0.03125518560409546,-0.05435638874769211,0.0801801085472107,0.09073123335838318,-0.06131550669670105,0.12946373224258423,0.11806631088256836,-0.01880277507007122,0.11013394594192505,0.0002589225769042969,-0.04287010803818703,0.1195979118347168,0.03351891040802002,-0.0488634929060936,0.12818515300750732,0.09071007370948792,-0.047043778002262115,0.18538552522659302,0.12347504496574402,-0.03486165031790733,0.17739230394363403,0.024618178606033325,-0.04895779490470886,0.17473554611206055,0.03042459487915039,-0.04865269735455513,0.17152941226959229,0.06553566455841064,-0.044572263956069946
E,0.19147396087646484,0.40998923778533936,-2.5667745262580866e-07,0.11068713665008545,0.3936142325401306,-0.019807394593954086,0.05327218770980835,0.3184237480163574,-0.034518927335739136,0.03891628980636597,0.22662413120269775,-0.05282988026738167,0.04801836609840393,0.15040737390518188,-0.06650570034980774,0.030424892902374268,0.1643427014350891,2.494059481250588e-05,0.0,0.041805654764175415,-0.03156787529587746,0.010294228792190552,0.04353302717208862,-0.055886413902044296,0.026111066341400146,0.08275163173675537,-0.06695910543203354,0.07912963628768921,0.13230982422828674,-0.0076154014095664024,0.0514562726020813,0.0,-0.03626832738518715,0.06636995077133179,0.031054794788360596,-0.05551331117749214,0.07984352111816406,0.08930790424346924,-0.06206781044602394,0.13123077154159546,0.12107819318771362,-0.02058178000152111,0.10937827825546265,0.0008147358894348145,-0.04418575018644333,0.11741411685943604,0.03300213813781738,-0.05005623400211334,0.12641161680221558,0.08940434455871582,-0.0482063926756382,0.18745094537734985,0.1278984248638153,-0.03623412922024727,0.18144476413726807,0.026893317699432373,-0.05079956725239754,0.17763930559158325,0.028869986534118652,-0.05144691467285156,0.17408323287963867,0.0613064169883728,-0.04794079437851906
E,0.19105938076972961,0.4111427962779999,-2.4934479370131157e-07,0.11057916283607483,0.39364317059516907,-0.019582156091928482,0.052055925130844116,0.31800535321235657,-0.0341900996863842,0.03652966022491455,0.22606205940246582,-0.05240785330533981,0.04422953724861145,0.1486552357673645,-0.06592673808336258,0.030121535062789917,0.1649782657623291,0.0009507248178124428,0.0,0.04029405117034912,-0.03067873604595661,0.010310202836990356,0.04191458225250244,-0.05587818846106529,0.02565142512321472,0.08125913143157959,-0.06759637594223022,0.07904985547065735,0.13287678360939026,-0.006712478119879961,0.05245843529701233,0.0,-0.034508075565099716,0.06672051548957825,0.02922821044921875,-0.054166339337825775,0.07967588305473328,0.0869344174861908,-0.06150837615132332,0.13139376044273376,0.12205454707145691,-0.01977899670600891,0.11016526818275452,0.0006181597709655762,-0.04241970553994179,0.11809614300727844,0.029797494411468506,-0.04840921610593796,0.12715581059455872,0.08527889847755432,-0.04722929000854492,0.18783172965049744,0.1290813684463501,-0.03553248569369316,0.1819622814655304,0.02788814902305603,-0.049261368811130524,0.17812886834144592,0.028636902570724487,-0.049456074833869934,0.17459163069725037,0.060589104890823364,-0.04597686231136322
E,0.18891501426696777,0.413902223110199,-2.843534900875966e-07,0.10843521356582642,0.39628732204437256,-0.01869335025548935,0.04989200830459595,0.3181356191635132,-0.03280399367213249,0.03550472855567932,0.22437116503715515,-0.05076855048537254,0.04799312353134155,0.14839264750480652,-0.06376724690198898,0.028997480869293213,0.16611239314079285,0.0005081103881821036,0.0,0.03802675008773804,-0.031639907509088516,0.011957287788391113,0.046003103256225586,-0.05637171119451523,0.027442753314971924,0.09033381938934326,-0.06747747212648392,0.07879424095153809,0.13426896929740906,-0.00738765113055706,0.05273401737213135,0.0,-0.03509543091058731,0.06711316108703613,0.03355520963668823,-0.05322204902768135,0.07939857244491577,0.09335258603096008,-0.05929132550954819,0.13148880004882812,0.12363559007644653,-0.020685166120529175,0.11052393913269043,0.0029153823852539062,-0.042932894080877304,0.11818647384643555,0.03601023554801941,-0.04722747579216957,0.12687307596206665,0.09327620267868042,-0.044676877558231354,0.18836718797683716,0.13014516234397888,-0.03671810403466225,0.1826918125152588,0.02815386652946472,-0.049629516899585724,0.1781984567642212,0.031054049730300903,-0.048874128609895706,0.1741095781326294,0.06498289108276367,-0.044684819877147675
E,0.18845266103744507,0.4137704223394394,-2.731881636464095e-07,0.11047989130020142,0.3997069448232651,-0.021928103640675545,0.05152106285095215,0.32308219373226166,-0.03781906142830849,0.03463071584701538,0.23018194735050201,-0.05677274614572525,0.04179823398590088,0.1514270156621933,-0.07061484456062317,0.02860608696937561,0.168409064412117,-0.004371956456452608,0.0,0.04035370051860809,-0.036995988339185715,0.010648369789123535,0.04448069632053375,-0.0611848458647728,0.025583088397979736,0.08783505856990814,-0.07171932607889175,0.07845568656921387,0.13664348423480988,-0.011006785556674004,0.05198383331298828,0.0,-0.03959006443619728,0.06614094972610474,0.032210275530815125,-0.057584915310144424,0.0784638524055481,0.0927540510892868,-0.06348007917404175,0.13187187910079956,0.12585856020450592,-0.02307417243719101,0.10995739698410034,0.0025142282247543335,-0.04620569571852684,0.11769646406173706,0.033058568835258484,-0.05112488567829132,0.1262403130531311,0.08986435830593109,-0.04909708723425865,0.18894004821777344,0.1322728842496872,-0.03798739239573479,0.18332833051681519,0.02715863287448883,-0.05235893651843071,0.17896884679794312,0.029277130961418152,-0.05252710357308388,0.17454159259796143,0.06471608579158783,-0.04890589416027069
E,0.1886465847492218,0.41109195351600647,-2.440220612243138e-07,0.11050406098365784,0.39538297057151794,-0.021010827273130417,0.05237409472465515,0.3213755190372467,-0.03715311735868454,0.036507487297058105,0.230239599943161,-0.05638742819428444,0.04395970702171326,0.15173229575157166,-0.07056566327810287,0.030342459678649902,0.16452288627624512,-0.00342186214402318,0.0,0.038859277963638306,-0.0354297049343586,0.011150091886520386,0.0375480055809021,-0.0599311962723732,0.027026206254959106,0.07998371124267578,-0.07075539976358414,0.08002445101737976,0.1328013837337494,-0.01039905659854412,0.05357882380485535,0.0,-0.03776003047823906,0.06861010193824768,0.02665594220161438,-0.05632901191711426,0.08073380589485168,0.08632680773735046,-0.06333725154399872,0.13329139351844788,0.12234479188919067,-0.022691231220960617,0.11131438612937927,0.0012287795543670654,-0.04420783370733261,0.11992016434669495,0.026603788137435913,-0.049022965133190155,0.12845399975776672,0.08240297436714172,-0.047792695462703705,0.1906055510044098,0.12952151894569397,-0.03787810355424881,0.1850026547908783,0.026698797941207886,-0.0513673797249794,0.1810973584651947,0.026148945093154907,-0.05125497281551361,0.17611625790596008,0.06039533019065857,-0.047789428383111954
E,0.1919427216053009,0.4102521687746048,-1.9310299137487164e-07,0.11273029446601868,0.3957752138376236,-0.0244428887963295,0.05381456017494202,0.32265205681324005,-0.042511388659477234,0.039970576763153076,0.22784943878650665,-0.06294414401054382,0.04938632249832153,0.14585410058498383,-0.07812662422657013,0.032358378171920776,0.1669478565454483,-0.00683892285451293,0.0,0.041642382740974426,-0.04015509784221649,0.011082679033279419,0.03728662431240082,-0.0654711127281189,0.027948647737503052,0.07774074375629425,-0.07686854153871536,0.08200976252555847,0.13451801240444183,-0.012273009866476059,0.053243547677993774,0.0,-0.040879733860492706,0.06927511096000671,0.024426355957984924,-0.06019987910985947,0.08189359307289124,0.0831795483827591,-0.06766898185014725,0.13549324870109558,0.12406091392040253,-0.02328672632575035,0.11256423592567444,0.00026904046535491943,-0.046834684908390045,0.12245658040046692,0.025285258889198303,-0.052544936537742615,0.13068988919258118,0.08133868873119354,-0.05169478803873062,0.19322243332862854,0.13147644698619843,-0.03736152499914169,0.1890312135219574,0.027917727828025818,-0.053602203726768494,0.18643519282341003,0.026796892285346985,-0.055139556527137756,0.18081256747245789,0.06069709360599518,-0.05253336951136589
E,0.19561442732810974,0.4129215031862259,-1.5921597196211223e-07,0.1159333884716034,0.39977921545505524,-0.023671692237257957,0.055850058794021606,0.3255222588777542,-0.04115565866231918,0.04019233584403992,0.23182092607021332,-0.06112430989742279,0.04799678921699524,0.15116755664348602,-0.07604741305112839,0.03341373801231384,0.16971470415592194,-0.005155406426638365,0.0,0.04658655822277069,-0.03799214959144592,0.01091533899307251,0.03624679148197174,-0.06384889781475067,0.028612226247787476,0.07369591295719147,-0.07603809982538223,0.08329567313194275,0.1358366459608078,-0.011239130049943924,0.052977561950683594,0.00283069908618927,-0.039515960961580276,0.06942805647850037,0.021127596497535706,-0.059961866587400436,0.08193758130073547,0.07786379754543304,-0.06871813535690308,0.1369442641735077,0.1246376484632492,-0.022869452834129333,0.11213555932044983,0.0,-0.046055108308792114,0.12333813309669495,0.0205257385969162,-0.05257058143615723,0.13144436478614807,0.07567958533763885,-0.05292863771319389,0.1949094831943512,0.13301847875118256,-0.037555791437625885,0.19116035103797913,0.031245902180671692,-0.053959447890520096,0.18965741991996765,0.02963714301586151,-0.056103840470314026,0.1840796172618866,0.06368084251880646,-0.05432567000389099
E,0.1961984634399414,0.4135282635688782,-1.5907143335880392e-07,0.11684507131576538,0.4021799564361572,-0.023667505010962486,0.05641084909439087,0.3267638087272644,-0.040988851338624954,0.04225379228591919,0.23087996244430542,-0.0605810284614563,0.05181950330734253,0.15007466077804565,-0.07543603330850601,0.03432518243789673,0.17014628648757935,-0.006680439226329327,0.0,0.04555204510688782,-0.039617426693439484,0.01056218147277832,0.034548789262771606,-0.06591299176216125,0.027920454740524292,0.07101273536682129,-0.07854652404785156,0.0846286416053772,0.13656556606292725,-0.012697122059762478,0.0557025671005249,0.0027338266372680664,-0.040963396430015564,0.07086694240570068,0.019323885440826416,-0.061628326773643494,0.08288294076919556,0.07580393552780151,-0.0708794891834259,0.13820040225982666,0.12635517120361328,-0.02409215085208416,0.11512857675552368,0.0,-0.04757692292332649,0.12563908100128174,0.01851952075958252,-0.05488787591457367,0.1342584490776062,0.07336413860321045,-0.055953606963157654,0.19617539644241333,0.13578256964683533,-0.03844423219561577,0.19266706705093384,0.034028470516204834,-0.05579550564289093,0.19214165210723877,0.02950093150138855,-0.05886431783437729,0.18819648027420044,0.06119459867477417,-0.05775276571512222
E,0.19596067070960999,0.4138055294752121,-1.5270843789494393e-07,0.1162823736667633,0.4013938158750534,-0.024411853402853012,0.05564075708389282,0.3258897513151169,-0.042506664991378784,0.04193776845932007,0.23094259202480316,-0.06292607635259628,0.053428083658218384,0.1508108228445053,-0.07866647094488144,0.03509312868118286,0.17045418918132782,-0.007986975833773613,0.0,0.045938268303871155,-0.041309043765068054,0.010387659072875977,0.03548114001750946,-0.06811434030532837,0.028114527463912964,0.07265345752239227,-0.08112496882677078,0.08517274260520935,0.13746772706508636,-0.013901731930673122,0.05512988567352295,0.003272339701652527,-0.04207899048924446,0.06993594765663147,0.019178971648216248,-0.06353026628494263,0.08196809887886047,0.07484035193920135,-0.07372576743364334,0.13858160376548767,0.1271742731332779,-0.025177989155054092,0.11416253447532654,0.0,-0.04850797727704048,0.12450167536735535,0.019360050559043884,-0.056727178394794464,0.13318583369255066,0.07551370561122894,-0.05874894559383392,0.19640246033668518,0.13619212806224823,-0.03951268270611763,0.19166067242622375,0.032512590289115906,-0.05678898096084595,0.19062134623527527,0.029102668166160583,-0.06036936119198799,0.18651083111763,0.06264744699001312,-0.05993808060884476
E,0.19676589965820312,0.41332264244556427,-1.3495505868377222e-07,0.11718231439590454,0.40212632715702057,-0.024522071704268456,0.055793434381484985,0.3255466967821121,-0.04187237471342087,0.0410001277923584,0.22962500154972076,-0.06163620203733444,0.05243837833404541,0.15019451081752777,-0.07705100625753403,0.03471991419792175,0.17046929895877838,-0.0067137000150978565,0.0,0.04698832333087921,-0.04028591141104698,0.008562415838241577,0.029792502522468567,-0.06726854294538498,0.025269299745559692,0.06301511824131012,-0.08017449080944061,0.08502119779586792,0.137594535946846,-0.012558898888528347,0.055220991373062134,0.003501221537590027,-0.04196782782673836,0.06927573680877686,0.01751519739627838,-0.06390118598937988,0.08150923252105713,0.07290838658809662,-0.07371529191732407,0.13887786865234375,0.12676064670085907,-0.023900628089904785,0.11553168296813965,0.0,-0.0490848682820797,0.12464767694473267,0.017513945698738098,-0.05875458940863609,0.1335776448249817,0.07354773581027985,-0.06089385598897934,0.19720500707626343,0.1348601132631302,-0.038170188665390015,0.1922624111175537,0.03149126470088959,-0.05686822161078453,0.19054102897644043,0.02771662175655365,-0.06141506880521774,0.18708395957946777,0.06204308569431305,-0.061132121831178665
E,0.19645419716835022,0.4146195501089096,-1.1568874924705597e-07,0.11723700165748596,0.4024490565061569,-0.025079557672142982,0.05698087811470032,0.32635901868343353,-0.04313128814101219,0.043464988470077515,0.23135875165462494,-0.06342647969722748,0.054098039865493774,0.15132291615009308,-0.07947783172130585,0.03475490212440491,0.16979743540287018,-0.00708891311660409,0.0,0.04936550557613373,-0.04033598676323891,0.008014649152755737,0.032028958201408386,-0.0682089701294899,0.025763869285583496,0.0638391524553299,-0.0822860449552536,0.08521530032157898,0.13715969026088715,-0.012856465764343739,0.05498629808425903,0.005712196230888367,-0.04177374765276909,0.06838521361351013,0.0161273330450058,-0.06524044275283813,0.08183404803276062,0.06947751343250275,-0.07699780911207199,0.13919737935066223,0.126994326710701,-0.024036062881350517,0.11612573266029358,0.0,-0.048908933997154236,0.12477079033851624,0.01583753526210785,-0.059818051755428314,0.13391926884651184,0.07130347192287445,-0.06355305761098862,0.19820913672447205,0.13631178438663483,-0.0381738655269146,0.19336369633674622,0.03195558488368988,-0.057621221989393234,0.1911480724811554,0.028283461928367615,-0.06316886097192764,0.18752744793891907,0.06328462064266205,-0.06393161416053772
E,0.19549605250358582,0.41387298703193665,-1.695005238389058e-07,0.11730465292930603,0.40330490469932556,-0.026175696402788162,0.05786237120628357,0.3265173137187958,-0.044947441667318344,0.044768065214157104,0.23238471150398254,-0.06600970774888992,0.05599161982536316,0.15229061245918274,-0.0822184607386589,0.033653587102890015,0.1713736653327942,-0.00924633163958788,0.0,0.04199063777923584,-0.04525292292237282,0.011746615171432495,0.035613030195236206,-0.07364070415496826,0.03113749623298645,0.07859894633293152,-0.0870414525270462,0.08528450131416321,0.13958975672721863,-0.014894445426762104,0.05596974492073059,0.001531556248664856,-0.04626419022679329,0.07074561715126038,0.021260380744934082,-0.06937070190906525,0.08409395813941956,0.08015665411949158,-0.07989492267370224,0.13936343789100647,0.12972012162208557,-0.026283659040927887,0.11692801117897034,0.0,-0.052387844771146774,0.12547537684440613,0.021856993436813354,-0.06259327381849289,0.1351926624774933,0.07997691631317139,-0.06520082801580429,0.19868025183677673,0.13840708136558533,-0.04074867442250252,0.19384989142417908,0.033166348934173584,-0.05981313809752464,0.1916215717792511,0.03257676959037781,-0.06457958370447159,0.18838122487068176,0.06939485669136047,-0.06467591971158981
E,0.19511210918426514,0.4151536375284195,-1.7977069433072757e-07,0.11759543418884277,0.4042174965143204,-0.02688249573111534,0.05931907892227173,0.33000434935092926,-0.04674151539802551,0.04474472999572754,0.2352847009897232,-0.06877945363521576,0.05064460635185242,0.15389998257160187,-0.08586348593235016,0.033858537673950195,0.17563901841640472,-0.012684148736298084,0.0,0.04285188019275665,-0.049963004887104034,0.012543171644210815,0.0382622629404068,-0.07711267471313477,0.031828105449676514,0.0832868367433548,-0.08894671499729156,0.08570802211761475,0.1426364630460739,-0.018449295312166214,0.054165780544281006,0.0,-0.05077137425541878,0.07058608531951904,0.02410353720188141,-0.0717751756310463,0.0837627649307251,0.08373023569583893,-0.07992468774318695,0.14027327299118042,0.13239534199237823,-0.029927777126431465,0.1162603497505188,0.0012752562761306763,-0.05758960172533989,0.12630903720855713,0.02829660475254059,-0.065039724111557,0.1355760097503662,0.08616681396961212,-0.06472957134246826,0.19949454069137573,0.14105398952960968,-0.04438035190105438,0.19372183084487915,0.03567121922969818,-0.06354916095733643,0.1935099959373474,0.03611655533313751,-0.0658697783946991,0.19111508131027222,0.07115717232227325,-0.06356797367334366
E,0.19710412621498108,0.41384509205818176,-2.1318345488907653e-07,0.11983105540275574,0.400935560464859,-0.023758355528116226,0.061828166246414185,0.32558825612068176,-0.04163636639714241,0.04727783799171448,0.23245719075202942,-0.0622333288192749,0.05044195055961609,0.1541818380355835,-0.07820651680231094,0.03429815173149109,0.1710687279701233,-0.009938213042914867,0.0,0.04139682650566101,-0.04592480510473251,0.011312007904052734,0.03633773326873779,-0.07209871709346771,0.030363082885742188,0.0799226462841034,-0.08337541669607162,0.08591744303703308,0.1386943757534027,-0.016901087015867233,0.055364906787872314,0.0,-0.04793494567275047,0.07111683487892151,0.023884505033493042,-0.0675494596362114,0.08481475710868835,0.08209577202796936,-0.07488953322172165,0.1414322555065155,0.12849190831184387,-0.02942878007888794,0.11810144782066345,0.0006106942892074585,-0.05589420348405838,0.12736359238624573,0.02705022692680359,-0.06276415288448334,0.13634052872657776,0.08270716667175293,-0.062281761318445206,0.20090708136558533,0.13727796077728271,-0.04469051957130432,0.19502970576286316,0.03282332420349121,-0.06276312470436096,0.19330301880836487,0.03424707055091858,-0.06439782679080963,0.19059494137763977,0.06933951377868652,-0.06170620024204254
E,0.1981574296951294,0.4144573509693146,-1.8967332948705007e-07,0.12091982364654541,0.40122726559638977,-0.02425612136721611,0.0630677342414856,0.3266086280345917,-0.04193425923585892,0.04909628629684448,0.23207813501358032,-0.06241743639111519,0.051617056131362915,0.15175053477287292,-0.07861358672380447,0.03482326865196228,0.17022523283958435,-0.007461225148290396,0.0,0.04688987135887146,-0.042132262140512466,0.008604168891906738,0.03558838367462158,-0.06826484203338623,0.026908665895462036,0.07229554653167725,-0.07989872992038727,0.0854368805885315,0.13796690106391907,-0.014601926319301128,0.05353003740310669,0.0,-0.04527903348207474,0.06898874044418335,0.02305018901824951,-0.06566249579191208,0.08384585380554199,0.08080211281776428,-0.07310310751199722,0.14101147651672363,0.12775540351867676,-0.027333766222000122,0.11710858345031738,0.0015215277671813965,-0.054091136902570724,0.12578368186950684,0.026863306760787964,-0.06236492469906807,0.1353265643119812,0.08227682113647461,-0.062402404844760895,0.2006738781929016,0.1369042992591858,-0.04279232397675514,0.19331228733062744,0.03037533164024353,-0.061227891594171524,0.19056814908981323,0.03415551781654358,-0.06313920766115189,0.18812823295593262,0.07391974329948425,-0.06036970391869545
E,0.19968020915985107,0.41297727823257446,-1.8935494949801068e-07,0.12317115068435669,0.40135568380355835,-0.026638705283403397,0.0647382140159607,0.32734888792037964,-0.046141497790813446,0.04900112748146057,0.23288759589195251,-0.06813870370388031,0.0537562370300293,0.15136918425559998,-0.08557036519050598,0.03503575921058655,0.17137625813484192,-0.010879921726882458,0.0,0.04314392805099487,-0.047921452671289444,0.010932564735412598,0.03427696228027344,-0.07570181041955948,0.03071632981300354,0.07591095566749573,-0.08782203495502472,0.08584606647491455,0.1389172077178955,-0.016915827989578247,0.054332613945007324,0.0,-0.04818810522556305,0.07075732946395874,0.02211582660675049,-0.06932725012302399,0.08518391847610474,0.0809282660484314,-0.07769609987735748,0.14075762033462524,0.1282547116279602,-0.028774553909897804,0.11683791875839233,0.0032745450735092163,-0.055336739867925644,0.1263054609298706,0.028000831604003906,-0.06362234801054001,0.13637304306030273,0.08475810289382935,-0.06405322998762131,0.19978737831115723,0.1360243260860443,-0.04367639496922493,0.19025659561157227,0.02917972207069397,-0.06170305609703064,0.18826699256896973,0.03463682532310486,-0.06331408023834229,0.1864801049232483,0.07749077677726746,-0.06059038266539574
E,0.19979560375213623,0.415994256734848,-2.1751456813490222e-07,0.1193268895149231,0.4035550057888031,-0.02351207658648491,0.06043273210525513,0.32501497864723206,-0.04027885943651199,0.046764492988586426,0.22762396931648254,-0.060370154678821564,0.055151939392089844,0.14817658066749573,-0.07609627395868301,0.033949702978134155,0.16975459456443787,-0.003765157889574766,0.0,0.04412636160850525,-0.03960561752319336,0.009432017803192139,0.03456723690032959,-0.06673886626958847,0.02904331684112549,0.07578480243682861,-0.07826586067676544,0.08472824096679688,0.13733458518981934,-0.011004431173205376,0.054550111293792725,0.0,-0.04278670996427536,0.06997865438461304,0.026804596185684204,-0.06333284080028534,0.08400923013687134,0.08878275752067566,-0.0700051337480545,0.1388169527053833,0.126312255859375,-0.024134939536452293,0.11598372459411621,0.0028885602951049805,-0.0515253059566021,0.12474018335342407,0.03331148624420166,-0.05884198099374771,0.13590788841247559,0.09334561228752136,-0.05712603032588959,0.19704866409301758,0.13336864113807678,-0.04010675475001335,0.18539786338806152,0.027264684438705444,-0.05770708620548248,0.18240511417388916,0.03478094935417175,-0.0581335574388504,0.18175452947616577,0.07873848080635071,-0.05373184755444527
E,0.19961509108543396,0.4169669896364212,-2.4875640747268335e-07,0.1191350519657135,0.40356673300266266,-0.022841788828372955,0.059991687536239624,0.32627274096012115,-0.03944193571805954,0.0455324649810791,0.23027430474758148,-0.0597887746989727,0.05284532904624939,0.14843310415744781,-0.07561307400465012,0.03403061628341675,0.1656409353017807,-0.0007620749529451132,0.0,0.04106147587299347,-0.035339418798685074,0.01125827431678772,0.03680308163166046,-0.06218861788511276,0.03027847409248352,0.07963208854198456,-0.07395265251398087,0.08386889100074768,0.13388128578662872,-0.00830004271119833,0.0547921359539032,0.0,-0.03884028643369675,0.07120749354362488,0.02962784469127655,-0.06004299968481064,0.08454999327659607,0.09202481806278229,-0.06777834892272949,0.1367555558681488,0.12241055071353912,-0.02181941084563732,0.11493638157844543,0.0028349310159683228,-0.04738515987992287,0.12412771582603455,0.03703959286212921,-0.054928626865148544,0.13429370522499084,0.09788481891155243,-0.05399254336953163,0.19367888569831848,0.12814705073833466,-0.03830523043870926,0.18047156929969788,0.023222818970680237,-0.053572218865156174,0.17745450139045715,0.03467769920825958,-0.053322117775678635,0.1763647496700287,0.080439493060112,-0.04908852279186249
E,0.19744518399238586,0.4166598320007324,-2.744673963661626e-07,0.11764970421791077,0.4026671051979065,-0.02356838434934616,0.058620184659957886,0.32556354999542236,-0.04066216200590134,0.045739591121673584,0.23005980253219604,-0.061240535229444504,0.05388328433036804,0.15067559480667114,-0.07692971080541611,0.029448479413986206,0.163760244846344,-0.0005439630476757884,0.0,0.03737497329711914,-0.03566765412688255,0.014439135789871216,0.04120135307312012,-0.06361102312803268,0.033121705055236816,0.08940476179122925,-0.07624232769012451,0.08113119006156921,0.13290941715240479,-0.007802644278854132,0.056026995182037354,0.0,-0.03899529576301575,0.07479503750801086,0.03258860111236572,-0.061398696154356,0.08733412623405457,0.09598445892333984,-0.07000353932380676,0.13432636857032776,0.1216040551662445,-0.021186329424381256,0.11676725745201111,0.0038083791732788086,-0.04587418958544731,0.12764838337898254,0.03754156827926636,-0.05354985594749451,0.13578566908836365,0.09751874208450317,-0.053117744624614716,0.1908021867275238,0.12730103731155396,-0.037709642201662064,0.1802583634853363,0.02666419744491577,-0.051162149757146835,0.17990949749946594,0.03684321045875549,-0.05031990632414818,0.17837676405906677,0.07854759693145752,-0.046121932566165924
E,0.20012310147285461,0.4161069691181183,-3.1387878607347375e-07,0.11846980452537537,0.4029906094074249,-0.021482935175299644,0.05824396014213562,0.32795169949531555,-0.03760754317045212,0.04479402303695679,0.23182988166809082,-0.057454854249954224,0.050264328718185425,0.1530340611934662,-0.072382353246212,0.029083281755447388,0.1650257408618927,-0.00036062177969142795,0.0,0.036538541316986084,-0.03447627276182175,0.017718404531478882,0.04610249400138855,-0.061264682561159134,0.03622511029243469,0.09686687588691711,-0.07326332479715347,0.08088532090187073,0.13293763995170593,-0.008346913382411003,0.0577319860458374,0.0,-0.03703773766756058,0.07802298665046692,0.03516086935997009,-0.05727606639266014,0.08837762475013733,0.09841731190681458,-0.0651424452662468,0.13420936465263367,0.12082675099372864,-0.022234652191400528,0.11750313639640808,0.005338937044143677,-0.04438202083110809,0.12979188561439514,0.041866153478622437,-0.04939678683876991,0.13573333621025085,0.10169556736946106,-0.04795356094837189,0.18986979126930237,0.1266266405582428,-0.039213817566633224,0.17802461981773376,0.027078896760940552,-0.05028577521443367,0.1789121925830841,0.04081574082374573,-0.04689055681228638,0.17654874920845032,0.08301156759262085,-0.04136629402637482
E,0.1996334195137024,0.418398916721344,-2.9456356287482777e-07,0.11778676509857178,0.4008907675743103,-0.023981593549251556,0.05823230743408203,0.3262319564819336,-0.041902851313352585,0.04447796940803528,0.230614572763443,-0.0632132813334465,0.05080607533454895,0.14949902892112732,-0.0795770213007927,0.029736608266830444,0.16488993167877197,-0.0010564273688942194,0.0,0.03787201642990112,-0.03577529266476631,0.015378892421722412,0.047648489475250244,-0.0639282763004303,0.032652974128723145,0.09670120477676392,-0.07712096720933914,0.08123135566711426,0.13311445713043213,-0.00822027213871479,0.057447612285614014,0.0,-0.037163134664297104,0.07542484998703003,0.032530754804611206,-0.05876260623335838,0.08604657649993896,0.0937240719795227,-0.06787550449371338,0.1343349814414978,0.12163761258125305,-0.021559346467256546,0.11709034442901611,0.004548877477645874,-0.04401202127337456,0.12805259227752686,0.036718547344207764,-0.050720375031232834,0.1354934573173523,0.0948336124420166,-0.05071103200316429,0.1901872754096985,0.12801188230514526,-0.03820313140749931,0.1771727204322815,0.02837371826171875,-0.04990392550826073,0.177501380443573,0.03990590572357178,-0.04762128368020058,0.17690563201904297,0.08186778426170349,-0.04301704838871956
E,0.20010697841644287,0.41812311112880707,-2.6559723664831836e-07,0.11851704120635986,0.40180180966854095,-0.02326325699687004,0.05980956554412842,0.32554708421230316,-0.03995322808623314,0.04716935753822327,0.22948463261127472,-0.06023105978965759,0.0523529052734375,0.14980371296405792,-0.07583581656217575,0.02995389699935913,0.16239570081233978,0.0021806678269058466,0.0,0.03805123269557953,-0.03181971609592438,0.012320995330810547,0.03927527368068695,-0.059636786580085754,0.029939264059066772,0.08258618414402008,-0.0725080668926239,0.08102494478225708,0.13116304576396942,-0.005124978255480528,0.05731701850891113,0.0,-0.03471533954143524,0.07465225458145142,0.03231869637966156,-0.05642605572938919,0.0859144926071167,0.09282930195331573,-0.06490078568458557,0.1336369514465332,0.12010209262371063,-0.018688475713133812,0.11689108610153198,0.004649952054023743,-0.04208551347255707,0.12790489196777344,0.03846760094165802,-0.04892164468765259,0.13601499795913696,0.09613652527332306,-0.04830086976289749,0.1891878843307495,0.12672509253025055,-0.035499393939971924,0.1767023801803589,0.027705475687980652,-0.047479595988988876,0.17729657888412476,0.04108642041683197,-0.04516340419650078,0.1771024465560913,0.08281992375850677,-0.04019705578684807
E,0.19961827993392944,0.41953060030937195,-2.84466636912839e-07,0.11760926246643066,0.4022943675518036,-0.022254088893532753,0.05838066339492798,0.324705570936203,-0.038246434181928635,0.04498791694641113,0.22890383005142212,-0.05828683450818062,0.051756709814071655,0.14881956577301025,-0.07361016422510147,0.029178321361541748,0.1616208851337433,0.004075196571648121,0.0,0.035971492528915405,-0.029941756278276443,0.014739155769348145,0.04089495539665222,-0.05757029727101326,0.03291782736778259,0.08707991242408752,-0.0701989233493805,0.08044940233230591,0.13083067536354065,-0.0038395735900849104,0.057730019092559814,0.0,-0.0335819385945797,0.07623136043548584,0.03430330753326416,-0.05506027489900589,0.08731645345687866,0.09631487727165222,-0.06313528120517731,0.13301891088485718,0.11941748857498169,-0.018076768144965172,0.11692649126052856,0.0037255585193634033,-0.041424572467803955,0.12840574979782104,0.03995630145072937,-0.04752432182431221,0.13560885190963745,0.09935572743415833,-0.0461488738656044,0.18797016143798828,0.1257900595664978,-0.03556457906961441,0.17505192756652832,0.026867836713790894,-0.04731718823313713,0.175919771194458,0.041451454162597656,-0.044339343905448914,0.1753057837486267,0.08443400263786316,-0.0387064591050148
E,0.19927099347114563,0.4220932573080063,-3.0201641720850603e-07,0.11763069033622742,0.4044075459241867,-0.024221157655119896,0.05758708715438843,0.3271658271551132,-0.04132625088095665,0.043082237243652344,0.22886936366558075,-0.061967428773641586,0.04959419369697571,0.14614273607730865,-0.07764991372823715,0.029251009225845337,0.1656053513288498,0.0007034791633486748,0.0,0.038251712918281555,-0.03420629724860191,0.0149478018283844,0.04767017066478729,-0.061947401612997055,0.03291425108909607,0.09697531163692474,-0.07454407215118408,0.08036938309669495,0.13381700217723846,-0.006351846735924482,0.05649769306182861,0.0,-0.03638886660337448,0.07388874888420105,0.03569541871547699,-0.05796978995203972,0.0847373902797699,0.09816794097423553,-0.06626204401254654,0.13311484456062317,0.12235559523105621,-0.01976970210671425,0.11583301424980164,0.004376113414764404,-0.043777599930763245,0.12627491354942322,0.040233537554740906,-0.050512365996837616,0.1336958110332489,0.09963716566562653,-0.04961462318897247,0.18836656212806702,0.12880109250545502,-0.03645123913884163,0.17359313368797302,0.02839602530002594,-0.04878833144903183,0.1737140715122223,0.04220457375049591,-0.04626554623246193,0.17348280549049377,0.08522136509418488,-0.04103614762425423
E,0.199529767036438,0.41946522891521454,-2.89870342840004e-07,0.11835682392120361,0.40143541991710663,-0.023281121626496315,0.0592474639415741,0.32485346496105194,-0.039659928530454636,0.04430806636810303,0.22834788262844086,-0.059722404927015305,0.04772913455963135,0.14627040922641754,-0.07505380362272263,0.028377950191497803,0.16318322718143463,0.002731376327574253,0.0,0.03912331163883209,-0.0311651062220335,0.013267189264297485,0.043774619698524475,-0.05837475135922432,0.03117990493774414,0.0893590897321701,-0.07079098373651505,0.0793299674987793,0.13016636669635773,-0.004606322385370731,0.057417601346969604,0.0,-0.034771453589200974,0.07495838403701782,0.035222962498664856,-0.056582868099212646,0.0857771635055542,0.09816639125347137,-0.06476765125989914,0.1318076252937317,0.11768065392971039,-0.018202491104602814,0.1157732605934143,0.0026340633630752563,-0.04215635359287262,0.12693285942077637,0.039585039019584656,-0.04866078868508339,0.13436585664749146,0.09969000518321991,-0.04743485897779465,0.18635880947113037,0.12386761605739594,-0.034980952739715576,0.1725771427154541,0.02666182816028595,-0.04705597832798958,0.17327630519866943,0.04190810024738312,-0.04425922408699989,0.17327868938446045,0.08482430875301361,-0.03870181739330292
E,0.20023632049560547,0.41849376261234283,-2.881634770801611e-07,0.11910629272460938,0.40209628641605377,-0.024384576827287674,0.06069895625114441,0.3255990892648697,-0.041440583765506744,0.04648908972740173,0.22851793467998505,-0.06182093918323517,0.050739407539367676,0.14775945246219635,-0.07709021866321564,0.028104722499847412,0.163033589720726,0.0016882395138964057,0.0,0.03770981729030609,-0.03299402818083763,0.014698892831802368,0.044026657938957214,-0.06054558977484703,0.03303346037864685,0.09256334602832794,-0.0729220062494278,0.07986408472061157,0.130966916680336,-0.005222399719059467,0.05703437328338623,0.0,-0.0362313874065876,0.07617509365081787,0.03733272850513458,-0.05790533125400543,0.08733564615249634,0.10094444453716278,-0.06564514338970184,0.132804274559021,0.11915995180606842,-0.01852218247950077,0.11653035879135132,0.004179075360298157,-0.042799949645996094,0.12841373682022095,0.0408640056848526,-0.04885799437761307,0.13604938983917236,0.1002814918756485,-0.04715718701481819,0.18810701370239258,0.12551088631153107,-0.035128816962242126,0.17395061254501343,0.027857676148414612,-0.04727533459663391,0.17496556043624878,0.04271860420703888,-0.04419652372598648,0.17478197813034058,0.08487583696842194,-0.038312505930662155
E,0.1982760727405548,0.42026486992836,-3.0132812867122993e-07,0.11695292592048645,0.40239086747169495,-0.02409011870622635,0.05835351347923279,0.3273336589336395,-0.041272807866334915,0.04342970252037048,0.2314121425151825,-0.06190628185868263,0.0458512008190155,0.1500582993030548,-0.07756887376308441,0.028767824172973633,0.16306427121162415,0.001780346385203302,0.0,0.038762062788009644,-0.03272702544927597,0.013937950134277344,0.0479699969291687,-0.06077006086707115,0.03125050663948059,0.09554189443588257,-0.073858842253685,0.0799042284488678,0.13100597262382507,-0.005474704783409834,0.05619266629219055,0.0,-0.03534754738211632,0.07328608632087708,0.03623965382575989,-0.057078421115875244,0.08375272154808044,0.09788268804550171,-0.06557174026966095,0.13237902522087097,0.11991190910339355,-0.019135352224111557,0.11640182137489319,0.005041018128395081,-0.04286469146609306,0.1265285313129425,0.04163563251495361,-0.04927932843565941,0.1332409679889679,0.10016697645187378,-0.0483875535428524,0.1876017153263092,0.1272207796573639,-0.03609774634242058,0.17453548312187195,0.0289897620677948,-0.04785221442580223,0.17464497685432434,0.044580310583114624,-0.04486221447587013,0.17365655303001404,0.08758378028869629,-0.039494019001722336
E,0.19848030805587769,0.4199281483888626,-3.1149886581260944e-07,0.11624711751937866,0.40147610008716583,-0.023248575627803802,0.05789947509765625,0.3239057809114456,-0.03990009054541588,0.04410409927368164,0.2264031618833542,-0.060091953724622726,0.04701322317123413,0.14412449300289154,-0.07528258860111237,0.02817767858505249,0.16557522118091583,0.0013017220189794898,0.0,0.037117138504981995,-0.03324376419186592,0.016312360763549805,0.04819329082965851,-0.06082815304398537,0.03403422236442566,0.09835202991962433,-0.07340260595083237,0.08009374141693115,0.13300271332263947,-0.006109890062361956,0.05663755536079407,0.0,-0.03559630736708641,0.07555562257766724,0.03722195327281952,-0.057032279670238495,0.08590012788772583,0.09973655641078949,-0.06541858613491058,0.1329340934753418,0.1214146763086319,-0.0197453610599041,0.11605620384216309,0.004210606217384338,-0.04283226281404495,0.1277303695678711,0.04064072668552399,-0.048616327345371246,0.13495784997940063,0.09970937669277191,-0.047455087304115295,0.1878373622894287,0.12821216881275177,-0.03656799718737602,0.17370116710662842,0.029374495148658752,-0.04783705994486809,0.1749005913734436,0.04382966458797455,-0.04424898698925972,0.17482835054397583,0.08593080937862396,-0.03850780054926872
E,0.19912034273147583,0.4202010929584503,-3.2116761872202915e-07,0.11788266897201538,0.4026414453983307,-0.025391317903995514,0.05955725908279419,0.32675299048423767,-0.04320111125707626,0.04533785581588745,0.23019152879714966,-0.06426597386598587,0.04751935601234436,0.14749076962471008,-0.08010610193014145,0.028160274028778076,0.16322007775306702,0.0011102466378360987,0.0,0.03749391436576843,-0.033906470984220505,0.015326142311096191,0.049913227558135986,-0.06223281845450401,0.032903850078582764,0.0994918942451477,-0.07550625503063202,0.08003079891204834,0.13095560669898987,-0.005519705358892679,0.05698812007904053,0.0,-0.036030471324920654,0.07580947875976562,0.040698856115341187,-0.057874906808137894,0.08640605211257935,0.10351142287254333,-0.06629130244255066,0.1327071189880371,0.1191844642162323,-0.01870364509522915,0.11658614873886108,0.003038853406906128,-0.042559873312711716,0.12810111045837402,0.04222103953361511,-0.04815616086125374,0.1355527639389038,0.10174912214279175,-0.04666222259402275,0.18820899724960327,0.12535017728805542,-0.035349082201719284,0.17468011379241943,0.026620954275131226,-0.047023918479681015,0.1757904291152954,0.04393279552459717,-0.04349544644355774,0.17531299591064453,0.08752545714378357,-0.03772754594683647
E,0.19988971948623657,0.4196322411298752,-3.164950612699613e-07,0.11780977249145508,0.4016868323087692,-0.024301819503307343,0.057732343673706055,0.32456551492214203,-0.04168315604329109,0.044329822063446045,0.22710980474948883,-0.06274096667766571,0.04903596639633179,0.1453820914030075,-0.07877755165100098,0.0277310311794281,0.16414932906627655,0.0015192382270470262,0.0,0.0370132178068161,-0.03389718756079674,0.016170263290405273,0.0493728369474411,-0.0624447800219059,0.034365952014923096,0.09989260137081146,-0.07558106631040573,0.07940036058425903,0.13239873945713043,-0.005820538382977247,0.057848721742630005,0.0,-0.03629566729068756,0.07708585262298584,0.03897307813167572,-0.058211151510477066,0.08787840604782104,0.1025276929140091,-0.06655006855726242,0.13211822509765625,0.1203891783952713,-0.01965395361185074,0.1167612075805664,0.0039094239473342896,-0.042881522327661514,0.12893235683441162,0.04212360084056854,-0.04857804626226425,0.13613420724868774,0.10203112661838531,-0.04726530984044075,0.18728715181350708,0.12645496428012848,-0.036948539316654205,0.17446887493133545,0.028098687529563904,-0.048132311552762985,0.17608380317687988,0.04595373570919037,-0.044418688863515854,0.17585188150405884,0.09050218760967255,-0.038577601313591
E,0.19921457767486572,0.42147304117679596,-3.5100919149044785e-07,0.11718106269836426,0.4033871442079544,-0.02391129359602928,0.057586878538131714,0.3260467201471329,-0.04135534167289734,0.043431878089904785,0.22903452813625336,-0.062418028712272644,0.04682236909866333,0.14722229540348053,-0.07819294929504395,0.028507709503173828,0.166616752743721,-0.00074786227196455,0.0,0.036874786019325256,-0.036321111023426056,0.017511069774627686,0.053985849022865295,-0.0643928125500679,0.03538334369659424,0.10841898620128632,-0.07714833319187164,0.08049499988555908,0.1346999555826187,-0.008271520957350731,0.05672624707221985,0.0,-0.038142330944538116,0.0763736367225647,0.04021160304546356,-0.05951184034347534,0.0871015191078186,0.10394559800624847,-0.06801140308380127,0.13320648670196533,0.12268458306789398,-0.02209256961941719,0.1161765456199646,0.004042044281959534,-0.04472559317946434,0.12761962413787842,0.041426315903663635,-0.050284937024116516,0.13490742444992065,0.10144577920436859,-0.04932355508208275,0.18872147798538208,0.1283654123544693,-0.039288103580474854,0.1746079921722412,0.027531340718269348,-0.049823909997940063,0.1750989556312561,0.04224501550197601,-0.04611237719655037,0.1742497682571411,0.08575282990932465,-0.04066016525030136
E,0.20010176301002502,0.41977114975452423,-3.259800109844946e-07,0.11810562014579773,0.4020078331232071,-0.025033922865986824,0.05850344896316528,0.3250373750925064,-0.04318099841475487,0.04305937886238098,0.22728462517261505,-0.06472205370664597,0.04484197497367859,0.14323510229587555,-0.08120330423116684,0.029949694871902466,0.1655910164117813,-0.0016227068845182657,0.0,0.03614984452724457,-0.03762706369161606,0.017086118459701538,0.04845251142978668,-0.06596200913190842,0.035552799701690674,0.10044683516025543,-0.07883673161268234,0.08178409934043884,0.133390411734581,-0.00857559498399496,0.059060901403427124,0.0,-0.03896331787109375,0.07856860756874084,0.03871990740299225,-0.060787759721279144,0.08824828267097473,0.1019890159368515,-0.06968130171298981,0.134475439786911,0.12143479287624359,-0.021909188479185104,0.11766800284385681,0.0032067447900772095,-0.04549573361873627,0.1298476755619049,0.04074715077877045,-0.051201555877923965,0.13665542006492615,0.10083554685115814,-0.05027373135089874,0.18930640816688538,0.12731553614139557,-0.03861335292458534,0.17482206225395203,0.02742888033390045,-0.05012372508645058,0.17678126692771912,0.04308484494686127,-0.04647194966673851,0.17653444409370422,0.08664242923259735,-0.04092598706483841
E,0.199215829372406,0.4236646443605423,-3.147582106066693e-07,0.11773186922073364,0.4047638922929764,-0.023993542417883873,0.0578998327255249,0.3268456608057022,-0.041416775435209274,0.04261964559555054,0.2296338826417923,-0.0625780001282692,0.0448949933052063,0.14545060694217682,-0.07891225069761276,0.029459774494171143,0.165607288479805,0.001397769432514906,0.0,0.038309499621391296,-0.03408423066139221,0.016223877668380737,0.04798559844493866,-0.06263890862464905,0.034579306840896606,0.09771008789539337,-0.07578108459711075,0.08135098218917847,0.13419409096240997,-0.006251974031329155,0.058687299489974976,0.0,-0.03745715692639351,0.0774385929107666,0.03739197552204132,-0.0601736344397068,0.08743363618850708,0.10182781517505646,-0.06900402903556824,0.1342201828956604,0.12299267947673798,-0.02029653824865818,0.11832189559936523,0.004523485898971558,-0.04493435472249985,0.1300191879272461,0.04202146828174591,-0.0519523061811924,0.13661712408065796,0.10313232243061066,-0.05119955539703369,0.1891721487045288,0.13008619844913483,-0.037598736584186554,0.17590183019638062,0.029866233468055725,-0.05042748525738716,0.1776747703552246,0.04570193588733673,-0.04796530678868294,0.1772756576538086,0.09023754298686981,-0.042755380272865295
E,0.19886136054992676,0.4208543300628662,-3.2732253885114915e-07,0.11721920967102051,0.4020795226097107,-0.02575785666704178,0.05833813548088074,0.3261061906814575,-0.04386463761329651,0.04300972819328308,0.2293943464756012,-0.06514652818441391,0.044714152812957764,0.14661478996276855,-0.08124622702598572,0.028047382831573486,0.16635802388191223,-0.0010696555254980922,0.0,0.03862529993057251,-0.036990948021411896,0.01607900857925415,0.05310329794883728,-0.06553000956773758,0.033547937870025635,0.10586884617805481,-0.07864267379045486,0.08008414506912231,0.13353297114372253,-0.007692483253777027,0.057007402181625366,0.0,-0.03833811357617378,0.07595503330230713,0.039993464946746826,-0.06038394197821617,0.08605164289474487,0.10387039184570312,-0.06910352408885956,0.13311302661895752,0.12164479494094849,-0.020803194493055344,0.11688661575317383,0.004800915718078613,-0.04490596801042557,0.12853336334228516,0.04312252998352051,-0.05116108059883118,0.13530796766281128,0.10324621200561523,-0.050243403762578964,0.1882069706916809,0.1282486617565155,-0.03728925809264183,0.17419064044952393,0.02916926145553589,-0.049122463911771774,0.17578130960464478,0.04605001211166382,-0.045706771314144135,0.17553865909576416,0.0903787612915039,-0.04013444483280182
E,0.2013220191001892,0.4186651110649109,-2.9109523325132614e-07,0.11960047483444214,0.401689350605011,-0.023752577602863312,0.05949902534484863,0.3257165551185608,-0.0412958562374115,0.045750558376312256,0.22837430238723755,-0.062404386699199677,0.049105674028396606,0.1456499993801117,-0.07868842035531998,0.03111240267753601,0.16234952211380005,2.3119904653867707e-05,0.0,0.035520315170288086,-0.035351336002349854,0.01509767770767212,0.04233831167221069,-0.0637674331665039,0.03380495309829712,0.0913928747177124,-0.07667353749275208,0.082846999168396,0.1306118369102478,-0.007239182014018297,0.05966097116470337,0.0,-0.03663482889533043,0.07772845029830933,0.03316229581832886,-0.0581439845263958,0.08800244331359863,0.09486263990402222,-0.066897913813591,0.13589030504226685,0.1189003586769104,-0.020840121433138847,0.11969327926635742,0.0028237849473953247,-0.04374450072646141,0.13095217943191528,0.03785020112991333,-0.049618978053331375,0.13765013217926025,0.0971381664276123,-0.04882503300905228,0.19097286462783813,0.12525242567062378,-0.0377945676445961,0.1776942014694214,0.026904135942459106,-0.04957999661564827,0.17884546518325806,0.041993796825408936,-0.04647497460246086,0.17848992347717285,0.08527010679244995,-0.04106198251247406
E,0.20098674297332764,0.4200495630502701,-3.0998236866253137e-07,0.11952173709869385,0.40247638523578644,-0.025560664013028145,0.05963301658630371,0.3264439254999161,-0.04424319416284561,0.044497907161712646,0.22967086732387543,-0.06623797863721848,0.04646950960159302,0.14653654396533966,-0.08308596163988113,0.029812097549438477,0.16385455429553986,-0.002181761432439089,0.0,0.03428734838962555,-0.03819633647799492,0.01736360788345337,0.04551573097705841,-0.06706782430410385,0.0359991192817688,0.09751899540424347,-0.08043483644723892,0.08198291063308716,0.13243739306926727,-0.008961428888142109,0.05913493037223816,0.0,-0.03888479992747307,0.07865023612976074,0.035522475838661194,-0.061350688338279724,0.08858400583267212,0.09792549908161163,-0.07118361443281174,0.13490253686904907,0.12058781087398529,-0.022177081555128098,0.11886841058731079,0.0028582513332366943,-0.04526952654123306,0.13060259819030762,0.03797401487827301,-0.052090711891651154,0.13709944486618042,0.09806205332279205,-0.052385590970516205,0.19003170728683472,0.12651453912258148,-0.038887109607458115,0.17628586292266846,0.027360036969184875,-0.050780732184648514,0.17789888381958008,0.04224945604801178,-0.048342619091272354,0.1773403286933899,0.08644448220729828,-0.04381342604756355
E,0.20199480652809143,0.4200668931007385,-3.3418109524063766e-07,0.12066969275474548,0.4037596583366394,-0.025204196572303772,0.06083604693412781,0.32829082012176514,-0.04371315613389015,0.04472056031227112,0.23281285166740417,-0.06557083874940872,0.04435035586357117,0.1512446105480194,-0.08221907168626785,0.03026607632637024,0.1657552719116211,-0.004243367817252874,0.0,0.0354839563369751,-0.04085579514503479,0.019361823797225952,0.04953929781913757,-0.0691688060760498,0.03892752528190613,0.10379084944725037,-0.08182343095541,0.08238521218299866,0.13402855396270752,-0.011337121948599815,0.05943042039871216,0.0,-0.04219523444771767,0.08066162467002869,0.03969228267669678,-0.06376534700393677,0.09073862433433533,0.10454857349395752,-0.0724494457244873,0.135269433259964,0.12216183543205261,-0.024716569110751152,0.11919769644737244,0.0043589770793914795,-0.048593297600746155,0.13219407200813293,0.042883872985839844,-0.05440296605229378,0.13878485560417175,0.10459375381469727,-0.05347274988889694,0.19011518359184265,0.12803488969802856,-0.041476745158433914,0.17617955803871155,0.028639674186706543,-0.05336233600974083,0.1782430112361908,0.04462617635726929,-0.050043560564517975,0.17766210436820984,0.08933994174003601,-0.04465058445930481
E,0.20437809824943542,0.4206947535276413,-3.225068780920992e-07,0.12238946557044983,0.40433846414089203,-0.023671939969062805,0.06250181794166565,0.3274141401052475,-0.04096993803977966,0.04610094428062439,0.23084701597690582,-0.06191239878535271,0.043269962072372437,0.14780975878238678,-0.07805037498474121,0.03117188811302185,0.16601590812206268,-0.0006447213236242533,0.0,0.03903721272945404,-0.03681764379143715,0.018033474683761597,0.04777051508426666,-0.06545385718345642,0.03798994421958923,0.0994894951581955,-0.07817511260509491,0.08303263783454895,0.13262932002544403,-0.008211939595639706,0.05939757823944092,0.0,-0.038790859282016754,0.08017078042030334,0.03559030592441559,-0.060934290289878845,0.09077379107475281,0.10035566985607147,-0.06973563879728317,0.13624611496925354,0.11989264190196991,-0.02207052893936634,0.11959025263786316,0.002684757113456726,-0.046343591064214706,0.13242939114570618,0.039871588349342346,-0.053125329315662384,0.139064759016037,0.10177458822727203,-0.05249148979783058,0.19106754660606384,0.1259322613477707,-0.03911764174699783,0.17678633332252502,0.0275261253118515,-0.05192149430513382,0.17874214053153992,0.0434577614068985,-0.04929983243346214,0.17845883965492249,0.08845196664333344,-0.043981876224279404
E,0.20116639137268066,0.42340266704559326,-3.441548130922456e-07,0.12078911066055298,0.40606892108917236,-0.02543814666569233,0.06183663010597229,0.3274921178817749,-0.043258994817733765,0.04524943232536316,0.2306668758392334,-0.06450648605823517,0.04300504922866821,0.1473160684108734,-0.08074301481246948,0.03033161163330078,0.16731467843055725,-0.001418571569956839,0.0,0.03972369432449341,-0.038222916424274445,0.01629689335823059,0.05329257249832153,-0.06720093637704849,0.035091936588287354,0.10703927278518677,-0.08020410686731339,0.08199787139892578,0.13414448499679565,-0.008432975970208645,0.05735737085342407,0.0,-0.04001462087035179,0.07690507173538208,0.039656102657318115,-0.06256643682718277,0.08792847394943237,0.10510623455047607,-0.07130381464958191,0.13487809896469116,0.12128087878227234,-0.02191140502691269,0.11773449182510376,0.0036700665950775146,-0.046727634966373444,0.12950879335403442,0.04319828748703003,-0.053657643496990204,0.13674408197402954,0.1055154800415039,-0.05287235602736473,0.1898036003112793,0.12656670808792114,-0.03876881301403046,0.17485082149505615,0.02643495798110962,-0.051361605525016785,0.17641711235046387,0.04366135597229004,-0.048713456839323044,0.1768099069595337,0.08987921476364136,-0.043434735387563705
E,0.2013038694858551,0.4210871607065201,-3.260092000800796e-07,0.1210724413394928,0.4038350135087967,-0.025322850793600082,0.061708420515060425,0.32776857912540436,-0.04331272095441818,0.04448413848876953,0.23187632858753204,-0.06457982212305069,0.04246878623962402,0.1489029973745346,-0.08056648075580597,0.029051095247268677,0.16685952246189117,-0.000702519784681499,0.0,0.03925074636936188,-0.03683089092373848,0.018016189336776733,0.05410982668399811,-0.0657324343919754,0.03672870993614197,0.10768689215183258,-0.07891592383384705,0.0809115469455719,0.13347484171390533,-0.007432539481669664,0.056881487369537354,0.0,-0.037669360637664795,0.07750162482261658,0.038542285561561584,-0.05960521474480629,0.08810243010520935,0.10269944369792938,-0.06826771050691605,0.13405486941337585,0.12071754038333893,-0.02063835598528385,0.1177549660205841,0.0033696889877319336,-0.04372646287083626,0.13070222735404968,0.042019739747047424,-0.04928554221987724,0.13705191016197205,0.10277466475963593,-0.04812392219901085,0.1890983283519745,0.1266573816537857,-0.037319354712963104,0.17615070939064026,0.029505327343940735,-0.048575352877378464,0.17840322852134705,0.04718835651874542,-0.04492645338177681,0.17794319987297058,0.09172366559505463,-0.0391768179833889
E,0.2009710967540741,0.42183181643486023,-3.263185135438107e-07,0.11969926953315735,0.40505948662757874,-0.026494354009628296,0.06075263023376465,0.32826247811317444,-0.04567327722907066,0.044418156147003174,0.23182588815689087,-0.06797134876251221,0.04332548379898071,0.1486990749835968,-0.08512990921735764,0.031112998723983765,0.16774135828018188,-0.004057666752487421,0.0,0.03852197527885437,-0.04117681831121445,0.01772168278694153,0.05302456021308899,-0.0704832375049591,0.036336928606033325,0.10765674710273743,-0.08382125943899155,0.08364608883857727,0.13543298840522766,-0.010637626051902771,0.05926167964935303,0.0,-0.04161252826452255,0.07895204424858093,0.037555992603302,-0.06445492058992386,0.08886334300041199,0.1011626124382019,-0.07404091954231262,0.13691338896751404,0.12355738878250122,-0.023639246821403503,0.12008336186408997,0.003685876727104187,-0.04768240451812744,0.1316298544406891,0.03945189714431763,-0.05507902055978775,0.137599915266037,0.10016736388206482,-0.055307913571596146,0.19188186526298523,0.13016363978385925,-0.040083471685647964,0.17798110842704773,0.030261844396591187,-0.052623964846134186,0.17922529578208923,0.04436948895454407,-0.05052941292524338,0.17824611067771912,0.08855006098747253,-0.045990776270627975
E,0.20077911019325256,0.42154817283153534,-3.501320975374256e-07,0.11933580040931702,0.40337108075618744,-0.025266677141189575,0.0600338876247406,0.32597945630550385,-0.04359899461269379,0.04391929507255554,0.2296278327703476,-0.06544854491949081,0.041723400354385376,0.1471157819032669,-0.08221455663442612,0.030281752347946167,0.164554163813591,-0.0019691993948072195,0.0,0.035818859934806824,-0.0389355793595314,0.01855337619781494,0.05204556882381439,-0.06807587295770645,0.03809162974357605,0.10685954988002777,-0.08126367628574371,0.08263006806373596,0.13253037631511688,-0.009014199487864971,0.059952348470687866,0.0,-0.04088203236460686,0.08097383379936218,0.04100589454174042,-0.0639815628528595,0.09173658490180969,0.10641513764858246,-0.07319434732198715,0.1356017291545868,0.120348259806633,-0.0224737711250782,0.1192345917224884,0.0019047707319259644,-0.047255512326955795,0.1318276822566986,0.041549429297447205,-0.05424133688211441,0.13854029774665833,0.10441301763057709,-0.05359739437699318,0.18987753987312317,0.12639378011226654,-0.039297543466091156,0.17623820900917053,0.027724608778953552,-0.05236390233039856,0.177890807390213,0.04444773495197296,-0.05010056123137474,0.17756512761116028,0.08987371623516083,-0.045008424669504166
E,0.199497789144516,0.4217868596315384,-3.491944084998977e-07,0.11964431405067444,0.4027331620454788,-0.025785060599446297,0.06010037660598755,0.3259020000696182,-0.04478614032268524,0.04243040084838867,0.23006825149059296,-0.06721993535757065,0.03898182511329651,0.14549539983272552,-0.08462316542863846,0.03008025884628296,0.16638003289699554,-0.00412690220400691,0.0,0.037201717495918274,-0.04192796349525452,0.018695533275604248,0.05416549742221832,-0.07098732143640518,0.03770163655281067,0.11086799204349518,-0.08387294411659241,0.08215883374214172,0.13403524458408356,-0.011220370419323444,0.05921781063079834,0.0,-0.04330936446785927,0.07994040846824646,0.04078890383243561,-0.06623931974172592,0.08938315510749817,0.10596944391727448,-0.07550536096096039,0.13500848412513733,0.1215936690568924,-0.02469225600361824,0.11968138813972473,0.0029197335243225098,-0.05003530904650688,0.1324528157711029,0.04409848153591156,-0.05687542259693146,0.13774165511131287,0.10701100528240204,-0.0562584288418293,0.1892174780368805,0.12769268453121185,-0.04147565737366676,0.17634651064872742,0.028737440705299377,-0.05469296872615814,0.1794615089893341,0.046671584248542786,-0.05213300138711929,0.17890390753746033,0.09183897078037262,-0.04700585454702377
E,0.20071500539779663,0.42133696377277374,-3.669803163575125e-07,0.12007278203964233,0.4046313911676407,-0.026665644720196724,0.060684800148010254,0.328335240483284,-0.04604482650756836,0.044929295778274536,0.23023740947246552,-0.0683877095580101,0.041686803102493286,0.14604069292545319,-0.08516840636730194,0.02949163317680359,0.1668417900800705,-0.005862363614141941,0.0,0.03518654406070709,-0.043230004608631134,0.021196842193603516,0.05835004150867462,-0.0719180554151535,0.0407220721244812,0.11679346859455109,-0.08470079302787781,0.08236020803451538,0.13436610996723175,-0.012067810632288456,0.06024050712585449,0.0,-0.042456336319446564,0.0825762152671814,0.04331858456134796,-0.06342243403196335,0.09254193305969238,0.1079651266336441,-0.07179553806781769,0.13564050197601318,0.12211941182613373,-0.024713804945349693,0.12012922763824463,0.0031083226203918457,-0.04763355106115341,0.13388651609420776,0.04411725699901581,-0.05200739949941635,0.13922351598739624,0.10510711371898651,-0.05043051019310951,0.18988460302352905,0.12858964502811432,-0.0409238263964653,0.17677807807922363,0.028603985905647278,-0.052198879420757294,0.17953771352767944,0.04630948603153229,-0.04804269224405289,0.17800217866897583,0.09084717929363251,-0.04212905094027519
E,0.20090526342391968,0.42267413437366486,-3.554435750174889e-07,0.12067914009094238,0.4057101756334305,-0.02651474066078663,0.060562193393707275,0.3288942128419876,-0.046147845685482025,0.04209202527999878,0.23255948722362518,-0.06886076182126999,0.037313759326934814,0.14792709052562714,-0.08617595583200455,0.02980002760887146,0.16866649687290192,-0.006087383721023798,0.0,0.03702123463153839,-0.0439150407910347,0.021360695362091064,0.05641622841358185,-0.07263873517513275,0.040912628173828125,0.11496229469776154,-0.08521797508001328,0.08243894577026367,0.1364600509405136,-0.012774383649230003,0.0599001944065094,0.0,-0.04413572698831558,0.08293145895004272,0.04174812138080597,-0.0659555047750473,0.09239530563354492,0.10776840150356293,-0.07467422634363174,0.13554131984710693,0.12421159446239471,-0.02581152133643627,0.1196395754814148,0.0034402012825012207,-0.04970097169280052,0.13395226001739502,0.04388238489627838,-0.05492875725030899,0.13899338245391846,0.10640318691730499,-0.05370064824819565,0.18958789110183716,0.13064251840114594,-0.04230800271034241,0.17584848403930664,0.03013785183429718,-0.05431439355015755,0.17971181869506836,0.04740382730960846,-0.050565630197525024,0.17911964654922485,0.09240598976612091,-0.044855568557977676
E,0.20103394985198975,0.4223659485578537,-3.6286311910771474e-07,0.12124776840209961,0.40486012399196625,-0.02586987242102623,0.06113627552986145,0.3278328627347946,-0.04527813196182251,0.043529212474823,0.23140738904476166,-0.06797154992818832,0.04106515645980835,0.14715106785297394,-0.08538186550140381,0.030927389860153198,0.16749919950962067,-0.005797850899398327,0.0,0.03498022258281708,-0.04399830475449562,0.02004989981651306,0.05437220633029938,-0.07317855954170227,0.039762020111083984,0.11261509358882904,-0.08607187867164612,0.08348232507705688,0.13538439571857452,-0.012698317877948284,0.060624122619628906,0.0,-0.043891791254282,0.08212405443191528,0.041360750794410706,-0.06560517847537994,0.0916488766670227,0.10572133958339691,-0.07444749772548676,0.13648802042007446,0.12328319251537323,-0.025957735255360603,0.12071728706359863,0.002818182110786438,-0.049260567873716354,0.13333934545516968,0.04191385209560394,-0.054265525192022324,0.13828718662261963,0.10294093191623688,-0.05321021005511284,0.19061923027038574,0.12967513501644135,-0.0427103191614151,0.1779489517211914,0.029766306281089783,-0.05401051044464111,0.18005377054214478,0.04552082717418671,-0.05019155144691467,0.17828869819641113,0.0887642651796341,-0.04463247209787369
E,0.20169466733932495,0.42310917377471924,-3.4798736692209786e-07,0.12104648351669312,0.40454232692718506,-0.027880985289812088,0.060799479484558105,0.3254733085632324,-0.04752453416585922,0.04226559400558472,0.22707027196884155,-0.07016398012638092,0.03623926639556885,0.14093703031539917,-0.08749667555093765,0.03017789125442505,0.16960999369621277,-0.006048084702342749,0.0,0.037434905767440796,-0.044350843876600266,0.018515288829803467,0.05475631356239319,-0.07370153069496155,0.03703862428665161,0.11223825812339783,-0.0866902768611908,0.08307385444641113,0.13672491908073425,-0.012101610191166401,0.05927687883377075,0.0,-0.0441468171775341,0.08030319213867188,0.041225433349609375,-0.0671180859208107,0.08974963426589966,0.10689929127693176,-0.07658840715885162,0.13646674156188965,0.12389639019966125,-0.024681877344846725,0.1194031834602356,0.0027892589569091797,-0.049541302025318146,0.13232487440109253,0.042755126953125,-0.05615578219294548,0.1377418041229248,0.10578024387359619,-0.055719949305057526,0.190862238407135,0.12939032912254333,-0.040779776871204376,0.1764722466468811,0.027978956699371338,-0.05355727672576904,0.17901748418807983,0.04464036226272583,-0.05075584352016449,0.1780024766921997,0.09014022350311279,-0.045693289488554
E,0.20233872532844543,0.42161694169044495,-3.5765012285082776e-07,0.1211111843585968,0.4046993553638458,-0.028106601908802986,0.06167882680892944,0.3252957761287689,-0.04805385693907738,0.04543021321296692,0.22657743096351624,-0.07079733908176422,0.04285779595375061,0.141408771276474,-0.08806268125772476,0.030258208513259888,0.1691613495349884,-0.0077035860158503056,0.0,0.03626611828804016,-0.046369072049856186,0.021217137575149536,0.056099116802215576,-0.07585059106349945,0.040645480155944824,0.11534315347671509,-0.08896856009960175,0.08344992995262146,0.13640525937080383,-0.013634559698402882,0.059714704751968384,0.0,-0.04539597034454346,0.08291462063789368,0.04257559776306152,-0.0678015798330307,0.09258922934532166,0.10791966319084167,-0.07721397280693054,0.13686874508857727,0.12389218807220459,-0.026082880795001984,0.12046107649803162,0.002814769744873047,-0.050336308777332306,0.13451269268989563,0.04232171177864075,-0.056361667811870575,0.1400175392627716,0.1043124794960022,-0.055967967957258224,0.1917426884174347,0.12974241375923157,-0.042119935154914856,0.17786815762519836,0.02927526831626892,-0.054243266582489014,0.18132200837135315,0.04586896300315857,-0.05110827088356018,0.1801312267780304,0.09073755145072937,-0.046165261417627335
E,0.2037436068058014,0.42285609245300293,-3.567883481991885e-07,0.12285515666007996,0.4048396348953247,-0.02587897516787052,0.06377208232879639,0.3267350196838379,-0.04427257180213928,0.04515421390533447,0.23082956671714783,-0.06580805778503418,0.03861626982688904,0.14720866084098816,-0.08213541656732559,0.030411630868911743,0.1674274206161499,-0.002908653113991022,0.0,0.038075387477874756,-0.039511539041996,0.01906755566596985,0.05475515127182007,-0.06807272136211395,0.03844758868217468,0.11079353094100952,-0.08087129145860672,0.08381924033164978,0.13431203365325928,-0.009491072036325932,0.060395270586013794,0.0,-0.04128989204764366,0.08196011185646057,0.041890352964401245,-0.06456916779279709,0.0918448269367218,0.10815122723579407,-0.0739806666970253,0.1372986137866974,0.12186634540557861,-0.022384406998753548,0.12097999453544617,0.0037299692630767822,-0.04697544127702713,0.1339048445224762,0.042724043130874634,-0.05437023937702179,0.13970699906349182,0.1049869954586029,-0.054257217794656754,0.19194301962852478,0.1278652548789978,-0.038567088544368744,0.17854586243629456,0.02904611825942993,-0.051064714789390564,0.18118664622306824,0.045092493295669556,-0.04878368228673935,0.18042168021202087,0.08926129341125488,-0.04399600252509117
E,0.20453998446464539,0.4202284961938858,-3.3656314712970925e-07,0.1220071017742157,0.402653232216835,-0.025854099541902542,0.06222856044769287,0.3241257816553116,-0.04451897740364075,0.046050697565078735,0.22663147747516632,-0.06648590415716171,0.042310893535614014,0.1426127403974533,-0.08342266082763672,0.0321144163608551,0.16650788486003876,-0.003984085749834776,0.0,0.03627766668796539,-0.041099902242422104,0.018973320722579956,0.049112096428871155,-0.07020556181669235,0.03917264938354492,0.1043439656496048,-0.08324366807937622,0.08490487933158875,0.13432221114635468,-0.010889897122979164,0.061755239963531494,0.0,-0.04221779853105545,0.0832233726978302,0.03780736029148102,-0.06551437824964523,0.09312525391578674,0.1026211529970169,-0.07553518563508987,0.13799592852592468,0.12189950048923492,-0.024137090891599655,0.12186852097511292,0.0018334686756134033,-0.048276592046022415,0.13503536581993103,0.03884495794773102,-0.055678773671388626,0.14105936884880066,0.10091651976108551,-0.056187089532613754,0.19252482056617737,0.1275261491537094,-0.040777869522571564,0.17879030108451843,0.02748452126979828,-0.05339835584163666,0.1814574897289276,0.043794795870780945,-0.05117499828338623,0.1807156503200531,0.08937700092792511,-0.0467364527285099
E,0.2016967535018921,0.4216117411851883,-3.570390845197835e-07,0.1213483214378357,0.40416093170642853,-0.027749091386795044,0.062484920024871826,0.327211394906044,-0.047635842114686966,0.04490846395492554,0.23248453438282013,-0.07043103128671646,0.04086315631866455,0.14919732511043549,-0.08808024972677231,0.030592739582061768,0.16987957060337067,-0.007526688277721405,0.0,0.038551703095436096,-0.04584164544939995,0.01948121190071106,0.05705885589122772,-0.07547618448734283,0.03844934701919556,0.11508031189441681,-0.08888785541057587,0.0838308334350586,0.1367620974779129,-0.013813134282827377,0.0599578320980072,0.0,-0.04613492265343666,0.08130759000778198,0.041529908776283264,-0.06986347585916519,0.09030967950820923,0.10721303522586823,-0.08014236390590668,0.13684409856796265,0.12434066832065582,-0.026435865089297295,0.12074226140975952,0.0034780502319335938,-0.05146867781877518,0.13337713479995728,0.042502835392951965,-0.059121761471033096,0.13861483335494995,0.10559682548046112,-0.0596756637096405,0.19151008129119873,0.13031934201717377,-0.04250193387269974,0.17820358276367188,0.02996222674846649,-0.05536310002207756,0.1808282732963562,0.04613389074802399,-0.05324741452932358,0.17947232723236084,0.09120337665081024,-0.04900432005524635
E,0.2008066475391388,0.42260123789310455,-3.5424295674602035e-07,0.11980262398719788,0.4052428752183914,-0.027252130210399628,0.060524582862854004,0.32664133608341217,-0.04688803106546402,0.04424145817756653,0.22883225977420807,-0.06945349276065826,0.04153406620025635,0.143158420920372,-0.08671580255031586,0.030416935682296753,0.1686883121728897,-0.00587877631187439,0.0,0.037329450249671936,-0.04386822506785393,0.020076751708984375,0.05598472058773041,-0.07320654392242432,0.03957810997962952,0.11393262445926666,-0.08635419607162476,0.08351108431816101,0.13593514263629913,-0.012229309417307377,0.0602986216545105,0.0,-0.04394999146461487,0.081735759973526,0.04127933084964752,-0.06700285524129868,0.0910390317440033,0.10634021461009979,-0.07675670832395554,0.13636770844459534,0.12351880967617035,-0.02502966672182083,0.12116602063179016,0.003191530704498291,-0.04948107525706291,0.1332491934299469,0.04237787425518036,-0.05650437995791435,0.13783249258995056,0.10453186929225922,-0.05665809288620949,0.19062557816505432,0.1295158416032791,-0.04131312295794487,0.17793259024620056,0.0294656902551651,-0.05361700803041458,0.18013671040534973,0.04561634361743927,-0.05115922540426254,0.17802271246910095,0.09022070467472076,-0.04665883257985115
E,0.20247602462768555,0.4222687631845474,-3.419978327201534e-07,0.12057006359100342,0.4050644785165787,-0.027666572481393814,0.06064799427986145,0.3269861489534378,-0.047232531011104584,0.04372316598892212,0.22933794558048248,-0.06971286237239838,0.04204815626144409,0.1431014984846115,-0.08687762171030045,0.03195732831954956,0.16964586079120636,-0.005331212654709816,0.0,0.037871673703193665,-0.04284121096134186,0.019372642040252686,0.0552545040845871,-0.07234662771224976,0.0387747585773468,0.11178813874721527,-0.08590423315763474,0.08477526903152466,0.1368894726037979,-0.011370927095413208,0.05974683165550232,0.0,-0.042367126792669296,0.08064401149749756,0.03903217613697052,-0.06591552495956421,0.09058123826980591,0.10272447764873505,-0.07645759731531143,0.13765764236450195,0.12474344670772552,-0.023890886455774307,0.12035292387008667,0.004015251994132996,-0.04784136638045311,0.13272380828857422,0.0400666743516922,-0.05560687556862831,0.13881540298461914,0.10082776844501495,-0.056596189737319946,0.19197964668273926,0.13073848187923431,-0.039931729435920715,0.17802447080612183,0.030126646161079407,-0.05220387876033783,0.18045824766159058,0.04443253576755524,-0.05025726556777954,0.17963671684265137,0.08894838392734528,-0.04632272571325302
E,0.19961649179458618,0.42278075218200684,-3.455369892435556e-07,0.11820513010025024,0.4038539528846741,-0.025642190128564835,0.05985179543495178,0.3261300325393677,-0.04444030672311783,0.04451829195022583,0.23045819997787476,-0.06648621708154678,0.04505974054336548,0.14710670709609985,-0.0835377499461174,0.030902743339538574,0.1684097945690155,-0.004126142710447311,0.0,0.03832140564918518,-0.04061393812298775,0.018749594688415527,0.055225521326065063,-0.0695546492934227,0.037306129932403564,0.11087974905967712,-0.08295536041259766,0.08382159471511841,0.1363065242767334,-0.011130713857710361,0.06027334928512573,0.0,-0.04154696315526962,0.08031564950942993,0.038591742515563965,-0.06510858982801437,0.08906447887420654,0.10146448016166687,-0.07581941038370132,0.13651347160339355,0.12478840351104736,-0.02430897019803524,0.12118977308273315,0.004768505692481995,-0.04772647097706795,0.1324751377105713,0.041027218103408813,-0.05570217967033386,0.1373751163482666,0.10124576091766357,-0.057025179266929626,0.1912928819656372,0.13152801990509033,-0.040826261043548584,0.17914003133773804,0.03152453899383545,-0.05237467214465141,0.1809646487236023,0.04639288783073425,-0.0502777174115181,0.17903512716293335,0.0899084210395813,-0.046500321477651596
E,0.19829457998275757,0.42337074875831604,-3.480049883819447e-07,0.11664986610412598,0.4033529460430145,-0.023889707401394844,0.05675196647644043,0.32393088936805725,-0.041244737803936005,0.040057986974716187,0.22686263918876648,-0.062178220599889755,0.03967702388763428,0.14379489421844482,-0.07794243097305298,0.028756707906723022,0.16654697060585022,-0.0009141488117165864,0.0,0.03701689839363098,-0.03693829104304314,0.01884162425994873,0.05512931942939758,-0.06516346335411072,0.0367853045463562,0.11101990938186646,-0.07778798043727875,0.08129286766052246,0.1348053216934204,-0.008309434168040752,0.05837529897689819,0.0,-0.03813367709517479,0.07873982191085815,0.039515137672424316,-0.05968322604894638,0.08812481164932251,0.1034192442893982,-0.06836175918579102,0.1343098282814026,0.12303623557090759,-0.021989572793245316,0.11835914850234985,0.0028578490018844604,-0.04493706673383713,0.13048970699310303,0.04148203134536743,-0.05039001628756523,0.13549762964248657,0.10267499089241028,-0.04934197664260864,0.1887211799621582,0.12971845269203186,-0.0389762707054615,0.17533737421035767,0.029356271028518677,-0.05025751516222954,0.1770402193069458,0.04586628079414368,-0.04647619649767876,0.17533576488494873,0.09042733907699585,-0.04081244021654129
E,0.20015862584114075,0.4210953712463379,-3.4497449519221846e-07,0.11985304951667786,0.4028610587120056,-0.02563062496483326,0.060134053230285645,0.324515700340271,-0.043911758810281754,0.042959064245224,0.22772324085235596,-0.06543271988630295,0.042100876569747925,0.1439821422100067,-0.08165298402309418,0.029645264148712158,0.1662527620792389,-0.0033734545577317476,0.0,0.036985039710998535,-0.04049117863178253,0.018833845853805542,0.054560303688049316,-0.06903249770402908,0.0374753475189209,0.10970687866210938,-0.08171133697032928,0.08193722367286682,0.1337226927280426,-0.010010250844061375,0.05859866738319397,0.0,-0.040495701134204865,0.07888200879096985,0.040966421365737915,-0.061354365199804306,0.08828756213188171,0.10415622591972351,-0.06943390518426895,0.13537201285362244,0.12150049209594727,-0.023082764819264412,0.11890247464179993,0.003856971859931946,-0.04691823571920395,0.13129904866218567,0.04538407921791077,-0.05130614712834358,0.1363549530506134,0.10595273971557617,-0.049251846969127655,0.1903766691684723,0.1276315450668335,-0.03958158567547798,0.17674848437309265,0.027906954288482666,-0.05140332132577896,0.17893549799919128,0.04587376117706299,-0.04701808840036392,0.17747464776039124,0.08953014016151428,-0.040663089603185654
E,0.20001700520515442,0.42129260301589966,-3.580356917609606e-07,0.11956766247749329,0.40263235569000244,-0.025024324655532837,0.0599418580532074,0.3248055577278137,-0.04320019856095314,0.04298815131187439,0.22791361808776855,-0.06490873545408249,0.042654186487197876,0.14491397142410278,-0.08137195557355881,0.030133575201034546,0.16728836297988892,-0.003302554367110133,0.0,0.03692835569381714,-0.0404057614505291,0.019491881132125854,0.05696362257003784,-0.06902612000703812,0.0382101833820343,0.1142166256904602,-0.08179818838834763,0.08195003867149353,0.1345735788345337,-0.010450086556375027,0.057452231645584106,0.0,-0.04094509407877922,0.07807347178459167,0.04007977247238159,-0.06268714368343353,0.08813968300819397,0.1038409173488617,-0.07154527306556702,0.1346505582332611,0.12162676453590393,-0.023960208520293236,0.1176353394985199,0.0018763244152069092,-0.047744061797857285,0.13052085041999817,0.042218029499053955,-0.05344025790691376,0.13622966408729553,0.10407999157905579,-0.05235676094889641,0.18881067633628845,0.1270214021205902,-0.0408480279147625,0.17443373799324036,0.02713531255722046,-0.05272246524691582,0.176722913980484,0.04345494508743286,-0.049405958503484726,0.1756313145160675,0.08746489882469177,-0.04397433251142502
E,0.20057207345962524,0.4226628839969635,-3.5933993558501243e-07,0.11923432350158691,0.4040711224079132,-0.025003666058182716,0.060009658336639404,0.32402804493904114,-0.04299720749258995,0.044447243213653564,0.2256603240966797,-0.06447003781795502,0.04625183343887329,0.14233776926994324,-0.08074626326560974,0.030207335948944092,0.16827473044395447,-0.0030389863532036543,0.0,0.037462323904037476,-0.04003070294857025,0.01972067356109619,0.05581468343734741,-0.0685189813375473,0.03860503435134888,0.11298152804374695,-0.08113524317741394,0.08263152837753296,0.13590115308761597,-0.010212595574557781,0.05953854322433472,0.0,-0.04120844230055809,0.08073657751083374,0.04152211546897888,-0.06298630684614182,0.09036386013031006,0.10645401477813721,-0.0715097039937973,0.1357000470161438,0.12399253249168396,-0.023696713149547577,0.11936873197555542,0.004044190049171448,-0.047627512365579605,0.13196194171905518,0.04382994771003723,-0.05338459461927414,0.13745254278182983,0.10537967085838318,-0.05220877379179001,0.19041043519973755,0.13072070479393005,-0.0405263677239418,0.17697006464004517,0.030277222394943237,-0.05226728320121765,0.17872589826583862,0.04594498872756958,-0.04881405085325241,0.17708396911621094,0.0898098349571228,-0.043253619223833084
E,0.2021556794643402,0.4224991947412491,-3.562398376288911e-07,0.12127438187599182,0.40426237881183624,-0.02571120858192444,0.06204995512962341,0.32535816729068756,-0.044227663427591324,0.04524001479148865,0.2281842678785324,-0.06605640053749084,0.044545114040374756,0.14489178359508514,-0.08264756202697754,0.030746042728424072,0.16907720267772675,-0.004508852958679199,0.0,0.037348344922065735,-0.04206560552120209,0.02071186900138855,0.05542196333408356,-0.07093661278486252,0.04054844379425049,0.1127806156873703,-0.08373421430587769,0.08350250124931335,0.1363551765680313,-0.011309845373034477,0.05993017554283142,0.0,-0.042816564440727234,0.0818609893321991,0.0412144809961319,-0.06521016359329224,0.09176817536354065,0.10664333403110504,-0.07421555370092392,0.13666090369224548,0.12397117912769318,-0.02440914325416088,0.11967292428016663,0.0033993571996688843,-0.04866888374090195,0.1328679621219635,0.04274798929691315,-0.05497612804174423,0.13865616917610168,0.1051224023103714,-0.054225411266088486,0.1911763846874237,0.13013888895511627,-0.04087094962596893,0.17694374918937683,0.0301373153924942,-0.05298132821917534,0.1792915165424347,0.04561127722263336,-0.050024159252643585,0.1780346930027008,0.08994509279727936,-0.04482906311750412
E,0.20310652256011963,0.42238549888134,-3.4068580134771764e-07,0.12305623292922974,0.40483807027339935,-0.027460530400276184,0.06372106075286865,0.32821498811244965,-0.0470571368932724,0.0465775728225708,0.2320992797613144,-0.06972970813512802,0.044333070516586304,0.14790450036525726,-0.08706101030111313,0.031084895133972168,0.16704784333705902,-0.004944988526403904,0.0,0.036972776055336,-0.04256744682788849,0.02088463306427002,0.053266629576683044,-0.07178468257188797,0.041506826877593994,0.10938410460948944,-0.08487318456172943,0.08338725566864014,0.1349315494298935,-0.011085841804742813,0.06081029772758484,0.0,-0.04313036799430847,0.08284735679626465,0.04060523211956024,-0.0662563294172287,0.09312069416046143,0.10645554959774017,-0.07572458684444427,0.1363586187362671,0.1227114349603653,-0.023767799139022827,0.1212235689163208,0.004422813653945923,-0.048612453043460846,0.1342352032661438,0.043507322669029236,-0.05605271831154823,0.1401270627975464,0.10596601665019989,-0.05598755553364754,0.19106507301330566,0.12878762185573578,-0.03997238352894783,0.17774254083633423,0.029155537486076355,-0.052974097430706024,0.17986327409744263,0.045258209109306335,-0.051065780222415924,0.17859357595443726,0.09034429490566254,-0.04650537297129631
E,0.20316633582115173,0.42235736548900604,-3.382544377927843e-07,0.12303146719932556,0.40403102338314056,-0.024882975965738297,0.06426185369491577,0.3274301737546921,-0.0431237667798996,0.046529531478881836,0.2327420562505722,-0.06484237313270569,0.04018056392669678,0.14936499297618866,-0.08154701441526413,0.03244757652282715,0.16769219934940338,-0.003865084843710065,0.0,0.03718505799770355,-0.04004369676113129,0.019593805074691772,0.050414636731147766,-0.06817831099033356,0.03955259919166565,0.10500030219554901,-0.08062268048524857,0.08434000611305237,0.1361037939786911,-0.010905221104621887,0.0599762499332428,0.0,-0.041140057146549225,0.08059284090995789,0.03758172690868378,-0.0636444240808487,0.09037533402442932,0.10258220136165619,-0.07330183684825897,0.13701817393302917,0.1241547018289566,-0.024096032604575157,0.11946365237236023,0.0037016719579696655,-0.04737529903650284,0.1314360797405243,0.04084883630275726,-0.054869506508111954,0.1375405490398407,0.10316397249698639,-0.05542995408177376,0.19127735495567322,0.13025404512882233,-0.04056277871131897,0.17611649632453918,0.029404327273368835,-0.052524324506521225,0.177219420671463,0.04315175116062164,-0.05059795081615448,0.17625561356544495,0.08756081759929657,-0.04638735577464104
E,0.20301368832588196,0.4203834533691406,-3.5433075140645087e-07,0.12247279286384583,0.40276896953582764,-0.022295091301202774,0.06324288249015808,0.3253794312477112,-0.03879585489630699,0.04435306787490845,0.23141294717788696,-0.059213995933532715,0.0372786819934845,0.14965340495109558,-0.07487770915031433,0.03209620714187622,0.16684868931770325,-0.0014265304198488593,0.0,0.039682865142822266,-0.03641350194811821,0.018510043621063232,0.051524579524993896,-0.06336469203233719,0.037919968366622925,0.10474228858947754,-0.07502981275320053,0.08310237526893616,0.1342279016971588,-0.009421628899872303,0.05742791295051575,0.0,-0.03865832835435867,0.07812324166297913,0.03820204734802246,-0.0594472661614418,0.08840706944465637,0.10386672616004944,-0.06758776307106018,0.13577279448509216,0.12152713537216187,-0.023356081917881966,0.11674019694328308,0.0012186616659164429,-0.04597147926688194,0.128827303647995,0.039961278438568115,-0.05172516778111458,0.13475725054740906,0.1028260886669159,-0.05080309510231018,0.19003483653068542,0.12711673974990845,-0.04033365845680237,0.17393532395362854,0.026058554649353027,-0.05148942396044731,0.1746009886264801,0.04049551486968994,-0.048193417489528656,0.17317184805870056,0.08513063192367554,-0.0428171306848526
E,0.20194011926651,0.41786395013332367,-3.16195837513078e-07,0.12186294794082642,0.4039957970380783,-0.024823162704706192,0.06234008073806763,0.32454846799373627,-0.04180498048663139,0.043920695781707764,0.22746999561786652,-0.062334246933460236,0.03636014461517334,0.14306800067424774,-0.07822446525096893,0.03215181827545166,0.16698245704174042,-0.0014916444197297096,0.0,0.04116223752498627,-0.03720707818865776,0.014482319355010986,0.04614953696727753,-0.06445371359586716,0.033460527658462524,0.09538094699382782,-0.07606221735477448,0.08236455917358398,0.13432200253009796,-0.008422529324889183,0.055996835231781006,0.0,-0.039993979036808014,0.07438629865646362,0.03959779441356659,-0.061746615916490555,0.08505147695541382,0.10570932924747467,-0.06952932476997375,0.13428950309753418,0.12141336500644684,-0.021669071167707443,0.11425578594207764,0.0012659579515457153,-0.046931762248277664,0.12451571226119995,0.040199413895606995,-0.05457868427038193,0.1318933367729187,0.10269315540790558,-0.054017432034015656,0.18812155723571777,0.12635241448879242,-0.037996258586645126,0.1709918975830078,0.024944648146629333,-0.05108211934566498,0.17070913314819336,0.039283230900764465,-0.04944620281457901,0.170554518699646,0.08421145379543304,-0.044807590544223785
E,0.1994236707687378,0.4124705046415329,-3.0625369618064724e-07,0.11909902095794678,0.39921216666698456,-0.02591131068766117,0.06007969379425049,0.32049672305583954,-0.043586671352386475,0.041905373334884644,0.22428147494792938,-0.06466998904943466,0.03283235430717468,0.14085687696933746,-0.08104647696018219,0.031962037086486816,0.16374270617961884,-0.0013014620635658503,0.0,0.03960750997066498,-0.03757172077894211,0.011329203844070435,0.04195426404476166,-0.065020851790905,0.029708176851272583,0.089299276471138,-0.07656191289424896,0.08168929815292358,0.13184578716754913,-0.007710614707320929,0.05623778700828552,0.0,-0.04084393009543419,0.07210463285446167,0.04164735972881317,-0.06256410479545593,0.08273541927337646,0.10730619728565216,-0.0695706307888031,0.13311201333999634,0.11879478394985199,-0.020737607032060623,0.11337882280349731,0.0012189000844955444,-0.04647058993577957,0.12101548910140991,0.03898368775844574,-0.05423120781779289,0.12859952449798584,0.10007770359516144,-0.05349932238459587,0.18698686361312866,0.1226850301027298,-0.03706814721226692,0.17071807384490967,0.02412603795528412,-0.050157979130744934,0.16841304302215576,0.037614867091178894,-0.04916162043809891,0.16810661554336548,0.08085577189922333,-0.04488235339522362
E,0.1936333179473877,0.41390085220336914,-2.7265647872809495e-07,0.11289352178573608,0.3997310400009155,-0.025773780420422554,0.05371612310409546,0.32030850648880005,-0.04266883432865143,0.04049849510192871,0.22153973579406738,-0.06342894583940506,0.04449880123138428,0.13811731338500977,-0.08005189150571823,0.029897451400756836,0.16806259751319885,0.001827891101129353,0.0,0.04567191004753113,-0.03439831733703613,0.006501257419586182,0.04772350192070007,-0.06284361332654953,0.02247518301010132,0.09071841835975647,-0.07542358338832855,0.07789599895477295,0.13480976223945618,-0.005109796300530434,0.05106174945831299,0.0,-0.03866948187351227,0.06128549575805664,0.03784683346748352,-0.06168569624423981,0.07298886775970459,0.10116633772850037,-0.0689535066485405,0.1293468475341797,0.12114593386650085,-0.018776079639792442,0.1088743805885315,0.0005065798759460449,-0.04602620750665665,0.11333191394805908,0.03953433036804199,-0.055408775806427,0.12164509296417236,0.1006249487400055,-0.05462958663702011,0.18400037288665771,0.12449362874031067,-0.03568710759282112,0.16755735874176025,0.024180442094802856,-0.05029856041073799,0.16314566135406494,0.0404476523399353,-0.05000590160489082,0.16362422704696655,0.08565369248390198,-0.04546119272708893
E,0.18794435262680054,0.4134571850299835,-2.3155972428412497e-07,0.11003869771957397,0.4002936780452728,-0.027811013162136078,0.053414732217788696,0.3215944468975067,-0.045500773936510086,0.04045572876930237,0.22557243704795837,-0.06622440367937088,0.04100525379180908,0.14395546913146973,-0.08330053091049194,0.029544711112976074,0.17224067449569702,-0.0034537736792117357,0.0,0.05051180720329285,-0.040489789098501205,0.002745389938354492,0.04771757125854492,-0.06990191340446472,0.016362786293029785,0.08475831151008606,-0.08342764526605606,0.07736670970916748,0.14018329977989197,-0.009835847653448582,0.050077617168426514,0.0,-0.044579196721315384,0.05738872289657593,0.03325513005256653,-0.06897512078285217,0.06841474771499634,0.09311100840568542,-0.07763595134019852,0.12851154804229736,0.12839236855506897,-0.022712761536240578,0.10807502269744873,0.002412468194961548,-0.051203403621912,0.10986167192459106,0.03737625479698181,-0.0627848207950592,0.11700439453125,0.0955529510974884,-0.06391403079032898,0.18272912502288818,0.13440576195716858,-0.03878359496593475,0.1669909954071045,0.030605465173721313,-0.054618772119283676,0.16156989336013794,0.04247996211051941,-0.05602366849780083,0.1612604856491089,0.08430346846580505,-0.05319114774465561
E,0.19191905856132507,0.4095979928970337,-1.88861193350931e-07,0.11262449622154236,0.39990895986557007,-0.02743810974061489,0.05491998791694641,0.32465118169784546,-0.04539171978831291,0.04180547595024109,0.22898036241531372,-0.06637943536043167,0.0459437370300293,0.14683133363723755,-0.08367309719324112,0.030438929796218872,0.1697695255279541,-0.0014539981493726373,0.0,0.049594104290008545,-0.0380084402859211,0.0031626224517822266,0.0408172607421875,-0.06818318367004395,0.018852323293685913,0.07861977815628052,-0.0820738896727562,0.07824930548667908,0.1360478401184082,-0.007357120048254728,0.04930958151817322,0.0,-0.04076598212122917,0.05775073170661926,0.025587737560272217,-0.06622274219989777,0.07074001431465149,0.08629107475280762,-0.0760335698723793,0.12962481379508972,0.12254694104194641,-0.019767476245760918,0.10646536946296692,0.00047016143798828125,-0.04660218954086304,0.10948696732521057,0.029218077659606934,-0.05923084169626236,0.11861959099769592,0.08735913038253784,-0.06158796325325966,0.1841466724872589,0.12652063369750977,-0.035431742668151855,0.16766729950904846,0.025401383638381958,-0.05082140117883682,0.16308048367500305,0.03447389602661133,-0.05305750295519829,0.16403916478157043,0.07664322853088379,-0.050790466368198395
E,0.19120919704437256,0.4086616039276123,-1.532118005798111e-07,0.11143946647644043,0.3954697847366333,-0.0260466318577528,0.054880738258361816,0.3200496435165405,-0.04237738251686096,0.04339033365249634,0.2272583246231079,-0.06193317472934723,0.04779863357543945,0.14855480194091797,-0.07840082794427872,0.031055748462677002,0.16789746284484863,0.0019605723209679127,0.00118979811668396,0.058866292238235474,-0.031943365931510925,0.0,0.04180005192756653,-0.06160508468747139,0.014011859893798828,0.06621181964874268,-0.07633368670940399,0.07833915948867798,0.13399875164031982,-0.0046303593553602695,0.04979550838470459,0.0010814666748046875,-0.03767460212111473,0.05532059073448181,0.02311527729034424,-0.06406375020742416,0.06838792562484741,0.07981392741203308,-0.07455916702747345,0.12934833765029907,0.12054312229156494,-0.017428530380129814,0.10671526193618774,0.0,-0.04474509134888649,0.1077803373336792,0.027516305446624756,-0.05878695473074913,0.11777347326278687,0.08409518003463745,-0.06171108037233353,0.18439453840255737,0.12541010975837708,-0.03333164379000664,0.1687878966331482,0.02317860722541809,-0.049318160861730576,0.16155022382736206,0.031342923641204834,-0.05248819291591644,0.16202497482299805,0.07333263754844666,-0.05076358839869499
E,0.19422566890716553,0.4105673134326935,-1.231967274861745e-07,0.11457163095474243,0.39969441294670105,-0.02766762487590313,0.05625420808792114,0.3246324360370636,-0.04485918581485748,0.045445919036865234,0.2305103838443756,-0.06509020924568176,0.05456802248954773,0.14990273118019104,-0.08204928785562515,0.03203412890434265,0.17319780588150024,0.0001475968601880595,0.0021136999130249023,0.06405970454216003,-0.0351855494081974,0.0,0.04667982459068298,-0.06541362404823303,0.015768587589263916,0.07346901297569275,-0.0803072527050972,0.07919138669967651,0.1366191804409027,-0.006045863498002291,0.051423847675323486,0.001988619565963745,-0.04062522575259209,0.05503162741661072,0.023385941982269287,-0.06724266707897186,0.0684005618095398,0.08314812183380127,-0.0772905945777893,0.13073712587356567,0.12176796793937683,-0.01865244284272194,0.10776233673095703,0.0,-0.046902336180210114,0.10817521810531616,0.028064996004104614,-0.06074795499444008,0.11841297149658203,0.08635929226875305,-0.06320144236087799,0.18645721673965454,0.12631502747535706,-0.03454706817865372,0.17161411046981812,0.025394678115844727,-0.05175051838159561,0.1650809645652771,0.034891754388809204,-0.05523521080613136,0.1664544939994812,0.07820507884025574,-0.05332418158650398
E,0.19576698541641235,0.41136834025382996,-1.1506552510809342e-07,0.11429935693740845,0.395272821187973,-0.025378311052918434,0.05616563558578491,0.32356902956962585,-0.042002782225608826,0.047170281410217285,0.23076564073562622,-0.061944909393787384,0.058976173400878906,0.15127041935920715,-0.07872706651687622,0.03308781981468201,0.17087292671203613,0.002479179296642542,0.0032423436641693115,0.0689300000667572,-0.030126119032502174,0.0,0.049093425273895264,-0.0590631365776062,0.013494670391082764,0.06592145562171936,-0.07427246868610382,0.07965916395187378,0.13278543949127197,-0.00477301049977541,0.051852524280548096,0.0034959912300109863,-0.03713810443878174,0.05494755506515503,0.023923665285110474,-0.06161624938249588,0.06827890872955322,0.08023694157600403,-0.07059963792562485,0.13146960735321045,0.11722937226295471,-0.018199484795331955,0.10876739025115967,0.0,-0.0447528213262558,0.10911917686462402,0.027164608240127563,-0.05601493641734123,0.11944985389709473,0.0820436179637909,-0.05687734857201576,0.18794775009155273,0.12201309204101562,-0.03493631258606911,0.17501044273376465,0.02156999707221985,-0.050581879913806915,0.16698932647705078,0.028874635696411133,-0.05211438611149788,0.1669636368751526,0.06851592659950256,-0.04880591481924057
E,0.19855862855911255,0.4111952781677246,-8.421756092502619e-08,0.11645841598510742,0.3984355926513672,-0.027374347671866417,0.05765232443809509,0.32672548294067383,-0.04376622661948204,0.04905885457992554,0.2332172393798828,-0.06297649443149567,0.061774998903274536,0.1540016531944275,-0.07937471568584442,0.03574937582015991,0.17091995477676392,0.0027738739736378193,0.005707055330276489,0.07584014534950256,-0.02913014404475689,0.0,0.049525827169418335,-0.05878834053874016,0.011778593063354492,0.05953776836395264,-0.07516831904649734,0.08200627565383911,0.13182196021080017,-0.0037809591740369797,0.05247330665588379,0.004828423261642456,-0.03711063787341118,0.05438157916069031,0.02084389328956604,-0.06419689208269119,0.06821668148040771,0.07631531357765198,-0.07496596872806549,0.1330445408821106,0.11561724543571472,-0.01655205339193344,0.10961443185806274,0.0,-0.04457348585128784,0.10887199640274048,0.02332603931427002,-0.05953526124358177,0.12024909257888794,0.07814598083496094,-0.06260998547077179,0.189161479473114,0.11977565288543701,-0.03270214423537254,0.17407584190368652,0.01986396312713623,-0.05017257109284401,0.1663304567337036,0.02508971095085144,-0.05446505546569824,0.16812098026275635,0.06588494777679443,-0.05298861861228943
E,0.19582685828208923,0.41006430983543396,-1.1562016055677304e-07,0.11408784985542297,0.39555761218070984,-0.026030704379081726,0.05593156814575195,0.32639333605766296,-0.04248998314142227,0.047208160161972046,0.23460456728935242,-0.06204597279429436,0.05943456292152405,0.1567848026752472,-0.07828027009963989,0.03246796131134033,0.1667400598526001,0.005421643611043692,0.0036490261554718018,0.06654062867164612,-0.027087928727269173,0.0,0.048398345708847046,-0.05673756077885628,0.01271069049835205,0.06642448902130127,-0.07242517173290253,0.07895097136497498,0.12900245189666748,-0.0013418802991509438,0.05120515823364258,0.002041757106781006,-0.034144409000873566,0.05335873365402222,0.022646993398666382,-0.05954824760556221,0.06627830862998962,0.07968387007713318,-0.06882905960083008,0.12956824898719788,0.11377313733100891,-0.014606872573494911,0.10762408375740051,0.0,-0.041526392102241516,0.10712417960166931,0.026847034692764282,-0.05389808118343353,0.11735239624977112,0.08169642090797424,-0.055101051926612854,0.18520113825798035,0.11820000410079956,-0.03130805492401123,0.17027905583381653,0.021070271730422974,-0.04691065847873688,0.1631002128124237,0.02958264946937561,-0.04890689253807068,0.164399653673172,0.06982806324958801,-0.045743685215711594
E,0.1964167356491089,0.4113708734512329,-1.3327714043498418e-07,0.11397916078567505,0.39801979064941406,-0.024532249197363853,0.05594173073768616,0.33017152547836304,-0.03977053239941597,0.04742223024368286,0.23855990171432495,-0.058336563408374786,0.059006571769714355,0.16214969754219055,-0.07370997965335846,0.03306135535240173,0.16907623410224915,0.007298523560166359,0.005240678787231445,0.06997519731521606,-0.023529991507530212,0.0,0.05251789093017578,-0.051848404109478,0.01042059063911438,0.06706929206848145,-0.06715840101242065,0.07907146215438843,0.13103392720222473,-6.426929030567408e-05,0.05063343048095703,0.004371553659439087,-0.03198748454451561,0.051426440477371216,0.02424299716949463,-0.055949918925762177,0.06457746028900146,0.07969319820404053,-0.06431004405021667,0.1292436122894287,0.11538448929786682,-0.01386159285902977,0.10698497295379639,0.0,-0.04012456163764,0.1055484414100647,0.027048885822296143,-0.051196131855249405,0.1159437894821167,0.08114504814147949,-0.05154217779636383,0.1844354271888733,0.11864817142486572,-0.031077520921826363,0.16843914985656738,0.021176159381866455,-0.04616189002990723,0.15979015827178955,0.030789673328399658,-0.04747387766838074,0.16073715686798096,0.07155489921569824,-0.043928634375333786
E,0.1967809498310089,0.4113987982273102,-1.3298807743922225e-07,0.1151449978351593,0.39812973141670227,-0.024574467912316322,0.05771133303642273,0.3271271288394928,-0.03959747403860092,0.049402058124542236,0.23590615391731262,-0.057750388979911804,0.05820339918136597,0.1599847376346588,-0.07258956879377365,0.033059895038604736,0.16519948840141296,0.007071197032928467,0.00469478964805603,0.06492313742637634,-0.024130085483193398,0.0,0.04744943976402283,-0.053030677139759064,0.011522859334945679,0.06489899754524231,-0.06840796768665314,0.07998761534690857,0.1288585066795349,0.00012394896475598216,0.05145341157913208,0.003791302442550659,-0.03154858574271202,0.0524231493473053,0.02258661389350891,-0.05656813830137253,0.06577470898628235,0.0773879885673523,-0.06605313718318939,0.1301790177822113,0.11434987187385559,-0.013223971240222454,0.10840502381324768,0.0,-0.03943571448326111,0.10645702481269836,0.02490413188934326,-0.05225646495819092,0.11704537272453308,0.07839643955230713,-0.054084524512290955,0.18536636233329773,0.11790016293525696,-0.029914502054452896,0.1698591411113739,0.020729273557662964,-0.045373041182756424,0.16117456555366516,0.027753204107284546,-0.04815056547522545,0.1621815264225006,0.06706956028938293,-0.04577745124697685
E,0.19504186511039734,0.4127636104822159,-1.677380510045623e-07,0.11238214373588562,0.3991914540529251,-0.022544415667653084,0.054860919713974,0.3301693946123123,-0.037169087678194046,0.04804602265357971,0.23899365961551666,-0.055366549640893936,0.05840718746185303,0.16485218703746796,-0.07016384601593018,0.03243711590766907,0.16446025669574738,0.008400196209549904,0.003573387861251831,0.062389031052589417,-0.022855767980217934,0.0,0.05024613440036774,-0.051401231437921524,0.012598782777786255,0.07350187003612518,-0.06619781255722046,0.07911887764930725,0.12788556516170502,0.0003188379923813045,0.0511358380317688,0.003268495202064514,-0.030571501702070236,0.052892327308654785,0.02537955343723297,-0.053743839263916016,0.06691697239875793,0.08303393423557281,-0.06169329211115837,0.12943902611732483,0.11333261430263519,-0.014165599830448627,0.1077711284160614,0.0,-0.03892526775598526,0.10697659850120544,0.027836874127388,-0.04858339950442314,0.11770370602607727,0.08217455446720123,-0.04834240674972534,0.1844947636127472,0.11738987267017365,-0.03203831613063812,0.16819408535957336,0.02172793447971344,-0.04589782655239105,0.16053572297096252,0.031822219491004944,-0.0460229329764843,0.16237303614616394,0.07199729979038239,-0.041705235838890076
E,0.1925942599773407,0.4133910983800888,-1.6693527982170053e-07,0.10995820164680481,0.40033434331417084,-0.02353372424840927,0.05313056707382202,0.3296622484922409,-0.03799356892704964,0.04563671350479126,0.23710043728351593,-0.055625490844249725,0.052369654178619385,0.16188876330852509,-0.06979755312204361,0.030975013971328735,0.1628820151090622,0.007873965427279472,0.0031212568283081055,0.060461387038230896,-0.02364594303071499,0.0,0.044725850224494934,-0.052213527262210846,0.012445330619812012,0.06652455031871796,-0.06671252101659775,0.07757148146629333,0.12706191837787628,0.000713476852979511,0.0491616427898407,0.003245994448661804,-0.03042786940932274,0.05168801546096802,0.02423502504825592,-0.05358845740556717,0.06612864136695862,0.08198662102222443,-0.061373092234134674,0.12767085433006287,0.11308999359607697,-0.01296719815582037,0.10635069012641907,0.0,-0.0383143275976181,0.10563215613365173,0.026969656348228455,-0.04836262762546539,0.11617377400398254,0.08097280561923981,-0.0481538400053978,0.1821279227733612,0.11730615794658661,-0.03003290668129921,0.1654321849346161,0.021015867590904236,-0.04437838867306709,0.15733566880226135,0.03060363233089447,-0.04501112550497055,0.1583785116672516,0.07120712101459503,-0.040925461798906326
E,0.19331306219100952,0.415299192070961,-1.1329775873036851e-07,0.10508662462234497,0.39428992569446564,-0.022667832672595978,0.04950350522994995,0.3263990432024002,-0.035800568759441376,0.044450461864471436,0.2338666170835495,-0.05229596421122551,0.0517503023147583,0.1594173163175583,-0.065687395632267,0.03292381763458252,0.16234366595745087,0.015073874033987522,0.005923211574554443,0.06756965816020966,-0.01163828931748867,0.0,0.04608859121799469,-0.039545003324747086,0.009701311588287354,0.05578280985355377,-0.05566413700580597,0.07896620035171509,0.12534327805042267,0.008391160517930984,0.05033069849014282,0.006385579705238342,-0.019164089113473892,0.04995343089103699,0.020959511399269104,-0.04482744634151459,0.06365740299224854,0.07199595868587494,-0.05578417330980301,0.12783974409103394,0.11015833914279938,-0.004679206758737564,0.10554617643356323,0.0,-0.026497825980186462,0.1010846495628357,0.01952214539051056,-0.039141565561294556,0.11129951477050781,0.06981806457042694,-0.041957102715969086,0.1815900206565857,0.11437071859836578,-0.021322429180145264,0.1640383005142212,0.02016635239124298,-0.03390385955572128,0.1528095006942749,0.02318735420703888,-0.03621617704629898,0.15368324518203735,0.05959703028202057,-0.03397822752594948
E,0.1944735050201416,0.4176639914512634,-9.342326734440576e-08,0.10737073421478271,0.39721351861953735,-0.024597913026809692,0.05224761366844177,0.32760339975357056,-0.038883186876773834,0.049205273389816284,0.23346412181854248,-0.05610380321741104,0.056900471448898315,0.15745481848716736,-0.06976340711116791,0.032798975706100464,0.16126427054405212,0.012971979565918446,0.005509823560714722,0.06307786703109741,-0.015913179144263268,0.0,0.042125403881073,-0.04556552320718765,0.010282784700393677,0.05891251564025879,-0.062040261924266815,0.07863426208496094,0.12489622831344604,0.007315902039408684,0.04928356409072876,0.006663531064987183,-0.019619736820459366,0.04960772395133972,0.016581028699874878,-0.04584593325853348,0.06310218572616577,0.06728404760360718,-0.05797069892287254,0.12747740745544434,0.11003845930099487,-0.005061181727796793,0.10521811246871948,0.0,-0.02569708041846752,0.10174322128295898,0.01574760675430298,-0.03841619938611984,0.11234146356582642,0.06567317247390747,-0.04210590198636055,0.18072915077209473,0.11411628127098083,-0.02133922278881073,0.16413730382919312,0.018650591373443604,-0.03318574279546738,0.15289026498794556,0.01937246322631836,-0.0356607511639595,0.15315258502960205,0.05605623126029968,-0.0339350663125515
E,0.19433742761611938,0.4215136170387268,-6.108276551231029e-08,0.10605400800704956,0.40006422996520996,-0.026691703125834465,0.05115795135498047,0.33094048500061035,-0.041641708463430405,0.046164512634277344,0.23579809069633484,-0.0592728927731514,0.054293036460876465,0.15671592950820923,-0.07355843484401703,0.0337790846824646,0.1632263958454132,0.013904380612075329,0.007000535726547241,0.06841608881950378,-0.01403143722563982,0.0,0.04300802946090698,-0.04390804097056389,0.007798880338668823,0.051622092723846436,-0.06139875203371048,0.07946217060089111,0.12599483132362366,0.00882596243172884,0.05041205883026123,0.006984889507293701,-0.01903359591960907,0.04987537860870361,0.015181660652160645,-0.04733569547533989,0.062619149684906,0.06431379914283752,-0.060704514384269714,0.12756001949310303,0.1105349063873291,-0.0030273105949163437,0.1052517294883728,0.0,-0.024913078173995018,0.10155558586120605,0.014931797981262207,-0.03956443443894386,0.1122204065322876,0.06467470526695251,-0.04402827098965645,0.1802714467048645,0.1143040657043457,-0.018895549699664116,0.16187024116516113,0.018188416957855225,-0.03161374479532242,0.15058958530426025,0.016042232513427734,-0.03527989238500595,0.1511659026145935,0.050875067710876465,-0.03416329249739647
E,0.19386842846870422,0.4270947426557541,-6.645290540063797e-08,0.10668274760246277,0.4077441543340683,-0.026431506499648094,0.05041301250457764,0.3389977067708969,-0.042095087468624115,0.04429462552070618,0.24222548305988312,-0.060443200170993805,0.053492575883865356,0.16027383506298065,-0.07509937882423401,0.03639960289001465,0.16605286300182343,0.012269274331629276,0.006068795919418335,0.06740345060825348,-0.017110304906964302,0.0,0.04126708209514618,-0.047404590994119644,0.009163618087768555,0.05538956820964813,-0.06424530595541,0.0808192789554596,0.1283779889345169,0.00709870457649231,0.04998016357421875,0.009733930230140686,-0.019494641572237015,0.04994887113571167,0.011992201209068298,-0.046266160905361176,0.06221470236778259,0.060694620013237,-0.058975789695978165,0.1279703676700592,0.11224912106990814,-0.0049402061849832535,0.10402694344520569,0.0,-0.025010094046592712,0.1007603108882904,0.009909659624099731,-0.03688512742519379,0.11054936051368713,0.058843448758125305,-0.04013948515057564,0.1795940101146698,0.11573763191699982,-0.021223802119493484,0.16055426001548767,0.019381090998649597,-0.03332363814115524,0.14984866976737976,0.015237197279930115,-0.03549740090966225,0.14995983242988586,0.04998181760311127,-0.03317398577928543
E,0.196467787027359,0.42821961641311646,-6.292356147241662e-08,0.10952398180961609,0.4113873243331909,-0.026980074122548103,0.05209004878997803,0.3407973647117615,-0.04302266985177994,0.04593473672866821,0.24263694882392883,-0.061378929764032364,0.05438336730003357,0.15957501530647278,-0.07602005451917648,0.03820967674255371,0.1664506196975708,0.009079181589186192,0.00653192400932312,0.06681102514266968,-0.02152153104543686,0.0,0.037635982036590576,-0.05225514620542526,0.009066969156265259,0.05299296975135803,-0.068961001932621,0.08306238055229187,0.12927404046058655,0.003909250255674124,0.05057987570762634,0.009585604071617126,-0.02384554035961628,0.05056482553482056,0.0073537677526474,-0.051142752170562744,0.06306371092796326,0.05739739537239075,-0.06395997107028961,0.13056370615959167,0.11448290944099426,-0.007986847311258316,0.10575106739997864,0.0,-0.028957078233361244,0.10235932469367981,0.005007356405258179,-0.04125795513391495,0.11130484938621521,0.05365186929702759,-0.04471065476536751,0.18215182423591614,0.1197819709777832,-0.02403862215578556,0.1629023253917694,0.023406177759170532,-0.03765818104147911,0.15242984890937805,0.01508176326751709,-0.04060965031385422,0.15202215313911438,0.04725068807601929,-0.03852202370762825
E,0.19393888115882874,0.42964377999305725,-7.24994606571272e-08,0.1090141236782074,0.41242900490760803,-0.025561880320310593,0.052391231060028076,0.3418540060520172,-0.04070581868290901,0.04467505216598511,0.24479439854621887,-0.05793524160981178,0.04875946044921875,0.16344255208969116,-0.07149112224578857,0.03845873475074768,0.16582515835762024,0.009129487909376621,0.006294459104537964,0.06725040078163147,-0.01915191113948822,0.0,0.03587469458580017,-0.04804082214832306,0.007904082536697388,0.04833725094795227,-0.06402665376663208,0.08321085572242737,0.12941071391105652,0.0036557174753397703,0.05045083165168762,0.010558366775512695,-0.021848030388355255,0.05181649327278137,0.006337285041809082,-0.04721864312887192,0.0631924569606781,0.05398014187812805,-0.059343885630369186,0.13029035925865173,0.11589822173118591,-0.008197715505957603,0.10566136240959167,0.0,-0.02752460539340973,0.10323455929756165,0.0027557164430618286,-0.03777977451682091,0.11005112528800964,0.048586636781692505,-0.040531594306230545,0.1810799539089203,0.12305864691734314,-0.024043316021561623,0.1612052619457245,0.027190178632736206,-0.037038952112197876,0.1517150104045868,0.017888814210891724,-0.03876278176903725,0.15030428767204285,0.04717200994491577,-0.036052074283361435
E,0.19435831904411316,0.43740464746952057,-3.3921601527708845e-08,0.10756883025169373,0.4222637563943863,-0.02541804313659668,0.05033618211746216,0.34869296848773956,-0.040219537913799286,0.04597890377044678,0.2514065057039261,-0.056877750903367996,0.05311858654022217,0.1719845086336136,-0.06994833797216415,0.03816309571266174,0.16770602762699127,0.008229436352849007,0.00800788402557373,0.07089416682720184,-0.020248232409358025,0.0,0.0360388308763504,-0.04968952015042305,0.00596773624420166,0.04663665592670441,-0.06602819263935089,0.08450523018836975,0.13234485685825348,0.0024134470149874687,0.05250480771064758,0.014829039573669434,-0.022460566833615303,0.051484256982803345,0.001489892601966858,-0.04792879894375801,0.06222859025001526,0.0453232079744339,-0.06052820384502411,0.13263651728630066,0.121172234416008,-0.009794640354812145,0.10881742835044861,0.005083844065666199,-0.029369235038757324,0.10445705056190491,0.0,-0.04064838960766792,0.11085531115531921,0.04339955747127533,-0.04406493902206421,0.184696763753891,0.12999381124973297,-0.025983577594161034,0.16542604565620422,0.03163452446460724,-0.040807344019412994,0.15519914031028748,0.016877934336662292,-0.0441485196352005,0.15338990092277527,0.04457391798496246,-0.04220746457576752
E,0.19396978616714478,0.44382360577583313,-4.352037308308354e-08,0.10848283767700195,0.4280928671360016,-0.02386915124952793,0.051352500915527344,0.35518816113471985,-0.038059674203395844,0.04616931080818176,0.25980812311172485,-0.05404289811849594,0.047568440437316895,0.17995363473892212,-0.06643172353506088,0.038397789001464844,0.16829395294189453,0.009051068685948849,0.009360432624816895,0.07264399528503418,-0.01791275665163994,0.0,0.038098305463790894,-0.046362895518541336,0.0029985904693603516,0.04730832576751709,-0.06228196993470192,0.08607006072998047,0.13387125730514526,0.002695283852517605,0.05480650067329407,0.017546027898788452,-0.020081158727407455,0.051536113023757935,0.001928567886352539,-0.04405174404382706,0.059685587882995605,0.0433788001537323,-0.05619440972805023,0.13460779190063477,0.12404075264930725,-0.009975113905966282,0.11141586303710938,0.007284983992576599,-0.028532659634947777,0.10516107082366943,0.0,-0.03920137509703636,0.10924690961837769,0.04179114103317261,-0.042496442794799805,0.18623942136764526,0.13451740145683289,-0.026431052014231682,0.16707128286361694,0.03448280692100525,-0.04120485484600067,0.1555526852607727,0.017258405685424805,-0.04435000941157341,0.15180432796478271,0.04292836785316467,-0.04227201268076897
E,0.1894635558128357,0.45391687750816345,-3.960922256851518e-08,0.1038094162940979,0.4364512860774994,-0.0234000775963068,0.04624715447425842,0.36117908358573914,-0.037677980959415436,0.042478740215301514,0.2674007713794708,-0.0541263110935688,0.045330584049224854,0.19104313850402832,-0.0669935867190361,0.03665560483932495,0.17070987820625305,0.008459419012069702,0.00978592038154602,0.07115232944488525,-0.021315550431609154,0.0,0.036972254514694214,-0.051739927381277084,0.0019789934158325195,0.052182286977767944,-0.06811559945344925,0.08490842580795288,0.1386781632900238,0.0013004995416849852,0.05553716421127319,0.018220990896224976,-0.024023067206144333,0.05216449499130249,0.0007370114326477051,-0.049327362328767776,0.060050129890441895,0.045945972204208374,-0.061548735946416855,0.13388675451278687,0.1308669149875641,-0.012314258143305779,0.11224645376205444,0.00959150493144989,-0.03215264156460762,0.10582053661346436,0.0,-0.04350168630480766,0.10926026105880737,0.04393741488456726,-0.046590764075517654,0.18572145700454712,0.14321863651275635,-0.029766302555799484,0.1676965355873108,0.04081735014915466,-0.04565640538930893,0.15620136260986328,0.021252453327178955,-0.04959462955594063,0.15142971277236938,0.04724159836769104,-0.04749022424221039
E,0.19094932079315186,0.45214563608169556,-5.566479899243859e-08,0.1049690842628479,0.4332752823829651,-0.022710688412189484,0.04794308543205261,0.3577144742012024,-0.03640691563487053,0.04622548818588257,0.2641165256500244,-0.05226275324821472,0.04897826910018921,0.1896435022354126,-0.06448609381914139,0.035469651222229004,0.1690870225429535,0.009944375604391098,0.008562028408050537,0.06942489743232727,-0.019140366464853287,0.0,0.034102827310562134,-0.049207329750061035,0.0022716522216796875,0.04915982484817505,-0.06537999957799911,0.08509945869445801,0.13750037550926208,0.0026986871380358934,0.05552992224693298,0.0183752179145813,-0.021820586174726486,0.053617119789123535,0.0010496079921722412,-0.04673594981431961,0.060971975326538086,0.0467088520526886,-0.05888507887721062,0.13442325592041016,0.13033077120780945,-0.011021888814866543,0.11267399787902832,0.010279849171638489,-0.03050052560865879,0.10697436332702637,0.0,-0.041554663330316544,0.10934728384017944,0.04347619414329529,-0.044567305594682693,0.18623894453048706,0.1431574821472168,-0.028492067009210587,0.1680426001548767,0.04121840000152588,-0.04418007656931877,0.15766680240631104,0.022013604640960693,-0.047645486891269684,0.1531314253807068,0.04802048206329346,-0.04531662166118622
E,0.19001585245132446,0.45356641709804535,-4.3631967372448344e-08,0.10378426313400269,0.4343487471342087,-0.025204051285982132,0.04551887512207031,0.35908083617687225,-0.04115324094891548,0.045357078313827515,0.2655034512281418,-0.058896176517009735,0.05154693126678467,0.19070760905742645,-0.0731763020157814,0.03572112321853638,0.16780124604701996,0.005904957186430693,0.010183721780776978,0.06520409882068634,-0.025102484971284866,0.0,0.03168968856334686,-0.056724004447460175,0.0010721683502197266,0.04874829947948456,-0.0738389641046524,0.08516401052474976,0.1365480273962021,-0.0006288031581789255,0.05781179666519165,0.016618430614471436,-0.0257073063403368,0.05461239814758301,0.0,-0.050688229501247406,0.06073641777038574,0.04362146556377411,-0.0633116140961647,0.13512659072875977,0.12961505353450775,-0.013826912268996239,0.11434429883956909,0.009888648986816406,-0.03337002918124199,0.1084941029548645,0.00013519823551177979,-0.044067107141017914,0.11115574836730957,0.04188142716884613,-0.04730282723903656,0.18783283233642578,0.14308051764965057,-0.031078379601240158,0.1696101427078247,0.040920063853263855,-0.04660499468445778,0.15868258476257324,0.021071329712867737,-0.049669377505779266,0.15425974130630493,0.04470635950565338,-0.04740143567323685
E,0.188804030418396,0.4536639302968979,-3.119315294952685e-08,0.1044495701789856,0.4358910173177719,-0.02582857944071293,0.04673272371292114,0.3624417632818222,-0.042310696095228195,0.04376247525215149,0.27072320878505707,-0.06056908890604973,0.04532402753829956,0.1938256174325943,-0.07492156326770782,0.03674572706222534,0.16916705667972565,0.005866534076631069,0.009870588779449463,0.06684498488903046,-0.026535797864198685,0.0,0.03316231071949005,-0.058782123029232025,0.0014142394065856934,0.05243693292140961,-0.07571639865636826,0.08613359928131104,0.13782043755054474,-0.00045614808914251626,0.05659806728363037,0.01830025017261505,-0.026975180953741074,0.052667051553726196,0.0,-0.052706681191921234,0.05899709463119507,0.04570393264293671,-0.06525508314371109,0.13524997234344482,0.13109190762043,-0.013713137246668339,0.11352121829986572,0.01184631884098053,-0.03414952754974365,0.10641449689865112,0.00045455992221832275,-0.04510566592216492,0.10780489444732666,0.04324738681316376,-0.04795102775096893,0.18684035539627075,0.1448751538991928,-0.03109041601419449,0.16950905323028564,0.04306216537952423,-0.04744882136583328,0.15769743919372559,0.02144286036491394,-0.05123810097575188,0.15137314796447754,0.04518912732601166,-0.048962973058223724
E,0.1902112364768982,0.452963188290596,-6.027780585782239e-08,0.10358339548110962,0.43552590906620026,-0.02348918467760086,0.04450500011444092,0.3589704781770706,-0.03772483393549919,0.04242426156997681,0.2649790793657303,-0.054107047617435455,0.04604727029800415,0.19067563116550446,-0.06690683215856552,0.03675904870033264,0.1654665321111679,0.00931393913924694,0.01047670841217041,0.06514616310596466,-0.020876290276646614,0.0,0.0314856618642807,-0.052012961357831955,0.0004851222038269043,0.04874427616596222,-0.06869260966777802,0.0857393741607666,0.13422425091266632,0.002429093699902296,0.057928264141082764,0.015690401196479797,-0.022244462743401527,0.053693294525146484,0.0,-0.04704144969582558,0.05965656042098999,0.04610593616962433,-0.05908465012907982,0.1347697377204895,0.127467080950737,-0.011133162304759026,0.11364704370498657,0.00884777307510376,-0.030439037829637527,0.105754554271698,0.00021193921566009521,-0.04088873788714409,0.10746848583221436,0.04366584122180939,-0.04346229135990143,0.18647462129592896,0.14102287590503693,-0.028639093041419983,0.1690758466720581,0.03879241645336151,-0.0437656007707119,0.1566457748413086,0.01940511167049408,-0.046804461628198624,0.15116333961486816,0.04456646740436554,-0.04416710138320923
E,0.1884535551071167,0.4520917981863022,-4.7251827339778174e-08,0.1017608642578125,0.4340406507253647,-0.02543008327484131,0.04250144958496094,0.35842548310756683,-0.04099651426076889,0.04066115617752075,0.26293574273586273,-0.058228787034749985,0.0477195680141449,0.1870703250169754,-0.07188563793897629,0.03478729724884033,0.1663370281457901,0.0069978791289031506,0.00929170846939087,0.06530897319316864,-0.02270309254527092,0.0,0.03209380805492401,-0.05347900837659836,0.0016751289367675781,0.04820118844509125,-0.07044319808483124,0.08441370725631714,0.13520218431949615,0.0008329531992785633,0.05626869201660156,0.016549646854400635,-0.02348577044904232,0.05420953035354614,0.0,-0.04841696098446846,0.0611538290977478,0.0429692417383194,-0.061319272965192795,0.13406383991241455,0.12866739928722382,-0.011979382485151291,0.11306941509246826,0.010156705975532532,-0.03144485130906105,0.10795456171035767,0.0005082786083221436,-0.04242660105228424,0.11088979244232178,0.042314544320106506,-0.046034883707761765,0.18606501817703247,0.1423741728067398,-0.02879311330616474,0.1674807071685791,0.040665313601493835,-0.04448835551738739,0.15728747844696045,0.02113327383995056,-0.04787122830748558,0.1534348726272583,0.044837936758995056,-0.04597203806042671
E,0.18831980228424072,0.45233310759067535,-5.265756897188112e-08,0.10196816921234131,0.4351314455270767,-0.024844489991664886,0.04375123977661133,0.3610890656709671,-0.03992971405386925,0.041452616453170776,0.2671435922384262,-0.0565759539604187,0.04394876956939697,0.19269289076328278,-0.06971616297960281,0.03462192416191101,0.16731248795986176,0.007070445455610752,0.008037060499191284,0.06792314350605011,-0.022015828639268875,0.0,0.03516794741153717,-0.05255044251680374,0.0023300647735595703,0.050244227051734924,-0.06948459148406982,0.08441805839538574,0.135720357298851,0.0009585674270056188,0.05501168966293335,0.017887696623802185,-0.023155029863119125,0.05386263132095337,0.0010915100574493408,-0.04853321239352226,0.061061084270477295,0.042925432324409485,-0.06181858852505684,0.13379400968551636,0.12876547873020172,-0.011634518392384052,0.11262428760528564,0.010555565357208252,-0.03064381144940853,0.1080579161643982,0.0,-0.042520344257354736,0.11033511161804199,0.040472522377967834,-0.04693475738167763,0.1853569746017456,0.14260314404964447,-0.028122959658503532,0.1673414707183838,0.04170788824558258,-0.0434935986995697,0.1574987769126892,0.021089613437652588,-0.04755788668990135,0.15283703804016113,0.04251934587955475,-0.046332381665706635
E,0.18725556135177612,0.4533791244029999,-4.607857562177742e-08,0.10047900676727295,0.4369867742061615,-0.026395810768008232,0.04092973470687866,0.3645528256893158,-0.04289870709180832,0.03643918037414551,0.2698054015636444,-0.06086393818259239,0.03935891389846802,0.191217839717865,-0.07502041012048721,0.03561663627624512,0.1668071448802948,0.005636356770992279,0.009444117546081543,0.06502839922904968,-0.025361455976963043,0.0,0.032724469900131226,-0.05704961344599724,0.0014191269874572754,0.05104061961174011,-0.07411487400531769,0.08462828397750854,0.13562297821044922,-0.00010812551045091823,0.05672025680541992,0.017405971884727478,-0.024807337671518326,0.053210556507110596,1.6301870346069336e-05,-0.04990096017718315,0.05942654609680176,0.04327869415283203,-0.06275283545255661,0.13401949405670166,0.1294097602367401,-0.012716119177639484,0.11360085010528564,0.01136578619480133,-0.032179094851017,0.10687094926834106,0.0,-0.04298287257552147,0.1086997389793396,0.040729820728302,-0.046356912702322006,0.18577909469604492,0.1436266303062439,-0.029436632990837097,0.16815119981765747,0.04182007908821106,-0.04513251781463623,0.1566530466079712,0.021282702684402466,-0.048543840646743774,0.15141600370407104,0.04439041018486023,-0.046427492052316666
E,0.18724599480628967,0.4488642066717148,-5.048506324101254e-08,0.10004404187202454,0.43322937190532684,-0.02680589258670807,0.03950458765029907,0.3621687740087509,-0.04361387714743614,0.034482479095458984,0.2679440528154373,-0.06174116209149361,0.03990975022315979,0.188567653298378,-0.07606767863035202,0.035967737436294556,0.1658267229795456,0.004705396015197039,0.00933772325515747,0.06682811677455902,-0.025634214282035828,0.0,0.03333999216556549,-0.05675388127565384,0.001511603593826294,0.04851315915584564,-0.07384035736322403,0.08477595448493958,0.1337786167860031,-0.0006571661215275526,0.05663523077964783,0.01606665551662445,-0.025891657918691635,0.05388173460960388,0.0,-0.05143211409449577,0.06017372012138367,0.04321591556072235,-0.06455773115158081,0.13349679112434387,0.12669073045253754,-0.012661485001444817,0.11304953694343567,0.009765192866325378,-0.03224584087729454,0.10714748501777649,8.314847946166992e-06,-0.04342084750533104,0.10899737477302551,0.041279420256614685,-0.04710141569375992,0.1842699944972992,0.14081497490406036,-0.0287590604275465,0.1675114929676056,0.04029841721057892,-0.04434697702527046,0.15673139691352844,0.019612669944763184,-0.04809948056936264,0.15125879645347595,0.041804179549217224,-0.04637867212295532
E,0.1881386935710907,0.4491129517555237,-4.394632213688965e-08,0.10087564587593079,0.4344933032989502,-0.027836937457323074,0.03972846269607544,0.3638586401939392,-0.04495195671916008,0.03296324610710144,0.2692382335662842,-0.06326223909854889,0.03755456209182739,0.18892797827720642,-0.0776626244187355,0.03702464699745178,0.16739606857299805,0.004283972550183535,0.009881913661956787,0.06835746765136719,-0.027060983702540398,0.0,0.03454405069351196,-0.05873588100075722,0.001763671636581421,0.050507426261901855,-0.07597954571247101,0.08527007699012756,0.13517171144485474,-0.0007811897667124867,0.056886643171310425,0.017572104930877686,-0.027079256251454353,0.053722113370895386,0.00018455088138580322,-0.05308578908443451,0.0607282817363739,0.043449997901916504,-0.06626183539628983,0.1336720883846283,0.1278122067451477,-0.012715217657387257,0.11293503642082214,0.010868757963180542,-0.033512603491544724,0.10684290528297424,0.0,-0.04505537450313568,0.10953155159950256,0.04151797294616699,-0.048598289489746094,0.18475279211997986,0.14148405194282532,-0.02883327379822731,0.16751602292060852,0.041088223457336426,-0.045791272073984146,0.15637502074241638,0.019266143441200256,-0.0503813736140728,0.15108397603034973,0.04119279980659485,-0.048924416303634644
E,0.18739765882492065,0.44802622497081757,-3.437466489231156e-08,0.09851729869842529,0.4324886053800583,-0.027332080528140068,0.03777649998664856,0.3598553389310837,-0.04360025376081467,0.03340896964073181,0.26384274661540985,-0.060989126563072205,0.04297512769699097,0.18631379306316376,-0.07475703954696655,0.03778129816055298,0.16567452251911163,0.005313068628311157,0.010749071836471558,0.0704665333032608,-0.02325652912259102,0.0,0.035549625754356384,-0.05344783887267113,0.00034797191619873047,0.04561565816402435,-0.07073447853326797,0.08599555492401123,0.13383083045482635,0.0004357575671747327,0.05692565441131592,0.019319698214530945,-0.02369721047580242,0.05225050449371338,0.0,-0.04917273297905922,0.05807727575302124,0.03824688494205475,-0.06283323466777802,0.13421720266342163,0.12646223604679108,-0.011056683026254177,0.11307835578918457,0.012244835495948792,-0.030542321503162384,0.1056816577911377,0.00026407837867736816,-0.04290181025862694,0.1075979471206665,0.03959248960018158,-0.04766041785478592,0.18524062633514404,0.1398669332265854,-0.026672741398215294,0.16817808151245117,0.04131703078746796,-0.042719341814517975,0.15628236532211304,0.018851324915885925,-0.04778753221035004,0.15057945251464844,0.039223864674568176,-0.04727167636156082
E,0.18999135494232178,0.44711795449256897,-3.549531868429767e-08,0.10120302438735962,0.4356861412525177,-0.02839908003807068,0.037117451429367065,0.3635927140712738,-0.04540502279996872,0.03188684582710266,0.26575562357902527,-0.06356579810380936,0.046015381813049316,0.1876579225063324,-0.0779455378651619,0.03625375032424927,0.16861939430236816,0.003324025310575962,0.009958028793334961,0.06993085145950317,-0.027941836044192314,0.0,0.03599846363067627,-0.05950543284416199,0.0013377964496612549,0.05171746015548706,-0.07699009776115417,0.08501136302947998,0.1359480321407318,-0.0015825234586372972,0.05606496334075928,0.017061039805412292,-0.028983771800994873,0.053293824195861816,0.0006463378667831421,-0.055671967566013336,0.060877203941345215,0.04550507664680481,-0.06896419823169708,0.13413316011428833,0.12803471088409424,-0.013213910162448883,0.1124948263168335,0.00976705551147461,-0.03480129688978195,0.10692548751831055,0.0,-0.04726499319076538,0.11017030477523804,0.04322171211242676,-0.05110447108745575,0.18575268983840942,0.14118680357933044,-0.02898593246936798,0.16777455806732178,0.04039028286933899,-0.04639288783073425,0.1570146679878235,0.019262567162513733,-0.051493845880031586,0.1522066593170166,0.04232129454612732,-0.05033358559012413
E,0.19107148051261902,0.4430384039878845,-3.7563125943052e-08,0.10080155730247498,0.42959064245224,-0.02860422246158123,0.03651949763298035,0.356819748878479,-0.04564620554447174,0.03143534064292908,0.2575208842754364,-0.0640244334936142,0.05175790190696716,0.18098104000091553,-0.07888329029083252,0.03703305125236511,0.163668692111969,0.00536542572081089,0.01062890887260437,0.06722533702850342,-0.02401287853717804,0.0,0.03315329551696777,-0.0549473874270916,0.0010766088962554932,0.04557901620864868,-0.0729704424738884,0.08540526032447815,0.13137534260749817,0.0005567183252424002,0.05657580494880676,0.014222592115402222,-0.025934649631381035,0.05455067753791809,0.0,-0.05313888192176819,0.06254974007606506,0.04225653409957886,-0.06757807731628418,0.13430073857307434,0.12250706553459167,-0.01092041376978159,0.11230137944221497,0.007105737924575806,-0.031789299100637436,0.1069665253162384,7.371604442596436e-05,-0.045137982815504074,0.11090090870857239,0.04305940866470337,-0.05035516619682312,0.18668946623802185,0.13419312238693237,-0.026635946705937386,0.16881594061851501,0.034282833337783813,-0.042793989181518555,0.15799233317375183,0.014838039875030518,-0.0480470173060894,0.1537666618824005,0.03831315040588379,-0.04798772931098938
E,0.18924447894096375,0.444439098238945,-5.3915385933578364e-08,0.09940585494041443,0.4318780153989792,-0.02805490605533123,0.03205028176307678,0.3630097955465317,-0.04656033590435982,0.026647061109542847,0.2677758187055588,-0.0664668008685112,0.050480395555496216,0.19297929108142853,-0.08273553848266602,0.03447183966636658,0.1637885421514511,0.002179873874410987,0.008828967809677124,0.06205315887928009,-0.03078586235642433,0.0,0.03129489719867706,-0.06407763808965683,0.0026386678218841553,0.05272243916988373,-0.08276934176683426,0.08437517285346985,0.13282333314418793,-0.003482901956886053,0.056953102350234985,0.012843877077102661,-0.03265802189707756,0.05604591965675354,0.000953376293182373,-0.06084191054105759,0.06372949481010437,0.04868914186954498,-0.07523337006568909,0.13454732298851013,0.12498630583286285,-0.015739990398287773,0.11334624886512756,0.00871632993221283,-0.037452585995197296,0.10920169949531555,0.0,-0.05017145350575447,0.11345091462135315,0.043656811118125916,-0.05458860099315643,0.1876247227191925,0.1383456140756607,-0.03217250108718872,0.16915640234947205,0.0403207391500473,-0.04858577251434326,0.1589435636997223,0.018535852432250977,-0.05316942185163498,0.15482166409492493,0.03831873834133148,-0.05220993980765343
E,0.18721690773963928,0.4423627406358719,-2.5372846934601512e-08,0.09954854846000671,0.42999209463596344,-0.02802247926592827,0.03190934658050537,0.3686522990465164,-0.0477888248860836,0.020963072776794434,0.2837577611207962,-0.0691278725862503,0.042298704385757446,0.21581898629665375,-0.08690138906240463,0.03553548455238342,0.16218538582324982,0.0005820540245622396,0.012098640203475952,0.062238261103630066,-0.030864043161273003,0.0006800591945648193,0.03178204596042633,-0.06200199946761131,0.0,0.05052037537097931,-0.07950759679079056,0.08497682213783264,0.13202007114887238,-0.00524529442191124,0.05490073561668396,0.014189332723617554,-0.03239476680755615,0.049459606409072876,0.0,-0.05705700069665909,0.05349317193031311,0.04312439262866974,-0.0692811980843544,0.1350519359111786,0.12423206865787506,-0.017720671370625496,0.11098018288612366,0.009057998657226562,-0.038744643330574036,0.10418102145195007,0.00010867416858673096,-0.048893265426158905,0.10598298907279968,0.04162956774234772,-0.05143434926867485,0.18777397274971008,0.13770775496959686,-0.03433051332831383,0.16867652535438538,0.04015018045902252,-0.050348032265901566,0.15699449181556702,0.01901175081729889,-0.053122516721487045,0.1511218249797821,0.03795219957828522,-0.05065507814288139
E,0.17990577220916748,0.44106750190258026,-2.827900136281869e-10,0.09514504671096802,0.4329354614019394,-0.029535064473748207,0.02839413285255432,0.37532685697078705,-0.05063655599951744,0.0071863532066345215,0.30217938125133514,-0.07341000437736511,0.017283231019973755,0.24243386089801788,-0.09287932515144348,0.03241494297981262,0.16384898126125336,-0.001430266653187573,0.009460687637329102,0.06660906970500946,-0.03284990414977074,0.0,0.03472660481929779,-0.063175730407238,0.0013885498046875,0.05226479470729828,-0.07999900728464127,0.08221155405044556,0.1332734376192093,-0.007428324781358242,0.052538931369781494,0.01162932813167572,-0.03774566948413849,0.049052536487579346,0.0025783032178878784,-0.06298650056123734,0.054358839988708496,0.05125860869884491,-0.07412559539079666,0.13230228424072266,0.12477792799472809,-0.02002800442278385,0.10790181159973145,0.004747107625007629,-0.043816715478897095,0.10234558582305908,0.0,-0.05441857874393463,0.10500526428222656,0.0466831773519516,-0.05609848350286484,0.18363970518112183,0.13796524703502655,-0.03669009730219841,0.165008544921875,0.03699265420436859,-0.05475484952330589,0.15449553728103638,0.018944665789604187,-0.05799892917275429,0.14942121505737305,0.04285441339015961,-0.055221233516931534
E,0.18905353546142578,0.44301463663578033,2.007890032018622e-08,0.10235738754272461,0.4339211732149124,-0.03143491595983505,0.030992627143859863,0.3753800541162491,-0.053265199065208435,0.0,0.3008822351694107,-0.07652609050273895,0.0160006582736969,0.24212943017482758,-0.0959533154964447,0.041176438331604004,0.1649625450372696,-0.001292533241212368,0.019075751304626465,0.06197069585323334,-0.035550568252801895,0.006387531757354736,0.029101595282554626,-0.06839745491743088,0.006291806697845459,0.04919596016407013,-0.08627384155988693,0.09006315469741821,0.13582877814769745,-0.005939047317951918,0.061842143535614014,0.013314083218574524,-0.03799565136432648,0.05342066287994385,0.0,-0.06493382900953293,0.05602759122848511,0.04696936905384064,-0.07712050527334213,0.1394364833831787,0.12743572890758514,-0.017625754699110985,0.1159595251083374,0.010453939437866211,-0.042461954057216644,0.10637181997299194,0.001959279179573059,-0.05472499504685402,0.10824984312057495,0.04757682979106903,-0.05705323815345764,0.1910037398338318,0.1393994837999344,-0.033635981380939484,0.17231369018554688,0.038707658648490906,-0.051748525351285934,0.15914839506149292,0.016716450452804565,-0.05634784325957298,0.15364313125610352,0.03897757828235626,-0.05439725145697594
E,0.20044925808906555,0.4399704486131668,-6.9685652803741505e-09,0.11154767870903015,0.431737557053566,-0.029961345717310905,0.03463831543922424,0.37230880558490753,-0.048798128962516785,0.0,0.2951566129922867,-0.06919965893030167,0.018933027982711792,0.24242497980594635,-0.08619123697280884,0.05101296305656433,0.16421495378017426,0.00021463145094458014,0.028814107179641724,0.061896100640296936,-0.03163745999336243,0.015772968530654907,0.02790708839893341,-0.06288021057844162,0.014203429222106934,0.043937668204307556,-0.08058874309062958,0.10003861784934998,0.13317887485027313,-0.004550698678940535,0.0720084011554718,0.009725317358970642,-0.037142422050237656,0.06480363011360168,0.0,-0.06395144760608673,0.06904903054237366,0.05133451521396637,-0.07571128010749817,0.14924409985542297,0.12398110330104828,-0.015946729108691216,0.12453129887580872,0.004010319709777832,-0.042171820998191833,0.11593690514564514,0.00025044381618499756,-0.05500604584813118,0.12011447548866272,0.051831021904945374,-0.057040031999349594,0.20026162266731262,0.13486431539058685,-0.031411025673151016,0.18071821331977844,0.03224708139896393,-0.051546987146139145,0.16764119267463684,0.013502135872840881,-0.057320043444633484,0.16334745287895203,0.04197283089160919,-0.055819232016801834
E,0.20710298418998718,0.43593794107437134,-2.4420284461257324e-08,0.1165553629398346,0.42735904455184937,-0.029793864116072655,0.03487914800643921,0.36285650730133057,-0.04648227617144585,0.0,0.2779211401939392,-0.06521575897932053,0.02999138832092285,0.2269924283027649,-0.08050992339849472,0.05633920431137085,0.1639907956123352,0.004985913168638945,0.034624844789505005,0.06038391590118408,-0.025087058544158936,0.019951045513153076,0.027745485305786133,-0.054893508553504944,0.0173814594745636,0.043030232191085815,-0.07210450619459152,0.10444751381874084,0.1325061321258545,0.0005832873866893351,0.07624444365501404,0.007469579577445984,-0.03136418014764786,0.06703576445579529,0.0,-0.05742741376161575,0.07097521424293518,0.05121573805809021,-0.06846679747104645,0.15234974026679993,0.12187495827674866,-0.010737177915871143,0.12643131613731384,0.0005448013544082642,-0.036646559834480286,0.11768707633018494,0.001098915934562683,-0.04898756369948387,0.12353512644767761,0.05440691113471985,-0.05024970322847366,0.20228949189186096,0.12996235489845276,-0.026326263323426247,0.1817154586315155,0.026515036821365356,-0.04486188665032387,0.16942808032035828,0.011325716972351074,-0.04988441988825798,0.16749200224876404,0.042390406131744385,-0.0481429360806942
E,0.20718935132026672,0.43133801221847534,-2.302175516888383e-08,0.1177615225315094,0.423886239528656,-0.028810562565922737,0.03622037172317505,0.3623391389846802,-0.04474383592605591,0.0,0.2785729765892029,-0.06302572786808014,0.02711784839630127,0.22674280405044556,-0.07816779613494873,0.05463358759880066,0.16651827096939087,0.0061173527501523495,0.032913148403167725,0.06485950946807861,-0.02211003378033638,0.019222646951675415,0.031940966844558716,-0.050486404448747635,0.01859980821609497,0.043322473764419556,-0.067292220890522,0.10242083668708801,0.13264676928520203,0.0012669154675677419,0.0712965726852417,0.008181214332580566,-0.029886865988373756,0.06166332960128784,0.0003577917814254761,-0.05548206716775894,0.06640440225601196,0.04889953136444092,-0.06648391485214233,0.15058860182762146,0.12019020318984985,-0.010349792428314686,0.12289366126060486,0.0,-0.036543603986501694,0.11418667435646057,0.0035042911767959595,-0.04958201199769974,0.1200728714466095,0.05727106332778931,-0.051391229033470154,0.2011946737766266,0.126712828874588,-0.026015110313892365,0.18042877316474915,0.02338552474975586,-0.044905733317136765,0.168788880109787,0.011192932724952698,-0.05018443614244461,0.16687628626823425,0.04427129030227661,-0.04888465628027916
E,0.20746243000030518,0.431006595492363,-1.8538111490329356e-08,0.12087559700012207,0.4244181960821152,-0.030896581709384918,0.039990246295928955,0.36938028037548065,-0.049778278917074203,0.0,0.2895422428846359,-0.07007819414138794,0.020091325044631958,0.22601117193698883,-0.08685611188411713,0.058199137449264526,0.1681479960680008,0.0006149740656837821,0.034361064434051514,0.06240735948085785,-0.029530009254813194,0.02250349521636963,0.02838335931301117,-0.05917871743440628,0.023371398448944092,0.04028211534023285,-0.07642188668251038,0.10618412494659424,0.13659007847309113,-0.0031066020019352436,0.07662594318389893,0.011914119124412537,-0.034054409712553024,0.07009580731391907,0.00145798921585083,-0.06011950224637985,0.07528543472290039,0.04689525067806244,-0.07229724526405334,0.15394777059555054,0.12450693547725677,-0.013465449213981628,0.12704217433929443,0.003372281789779663,-0.03870310261845589,0.12078088521957397,0.0,-0.050868481397628784,0.12715142965316772,0.0484224408864975,-0.05324403941631317,0.20348024368286133,0.13114382326602936,-0.027990156784653664,0.18256163597106934,0.030150339007377625,-0.04700559005141258,0.17327666282653809,0.013433650135993958,-0.05193263292312622,0.17227840423583984,0.04028789699077606,-0.05062820762395859
E,0.20671343803405762,0.4339641034603119,-1.4564018435692105e-08,0.11858862638473511,0.4280063211917877,-0.029677484184503555,0.03718060255050659,0.36719176173210144,-0.04643601179122925,0.0,0.282910019159317,-0.06447212398052216,0.02439981698989868,0.22521495819091797,-0.07937431335449219,0.056751132011413574,0.16887077689170837,0.00201970967464149,0.031687915325164795,0.06747010350227356,-0.025634896010160446,0.020994633436203003,0.03190460801124573,-0.05438140034675598,0.021416068077087402,0.03956356644630432,-0.07163994014263153,0.10547423362731934,0.13799291849136353,-0.0015480753500014544,0.07830989360809326,0.015476807951927185,-0.029501844197511673,0.07241415977478027,0.003377974033355713,-0.05476246029138565,0.07670658826828003,0.04729005694389343,-0.06682739406824112,0.15439176559448242,0.12678799033164978,-0.011373997665941715,0.12906789779663086,0.006508916616439819,-0.03437761589884758,0.12236851453781128,0.0,-0.046356189996004105,0.1275882124900818,0.04777613282203674,-0.048919275403022766,0.20506829023361206,0.1346707046031952,-0.025286175310611725,0.1844571828842163,0.033755213022232056,-0.043112218379974365,0.17448097467422485,0.014948099851608276,-0.04765307158231735,0.17217612266540527,0.041183918714523315,-0.046094924211502075
E,0.20446842908859253,0.4323320686817169,-2.459240810992469e-08,0.11969625949859619,0.42745068669319153,-0.02865174412727356,0.04115474224090576,0.36249205470085144,-0.04504826292395592,0.0,0.27850577235221863,-0.06326616555452347,0.023044347763061523,0.22607091069221497,-0.07818746566772461,0.055739372968673706,0.16583126783370972,0.003974923398345709,0.03206494450569153,0.062313348054885864,-0.024484476074576378,0.02155601978302002,0.03099951148033142,-0.053209561854600906,0.022718369960784912,0.04510900378227234,-0.0699407234787941,0.1027868390083313,0.13570520281791687,-0.0001194445212604478,0.07555150985717773,0.013447940349578857,-0.0286445003002882,0.07042276859283447,0.0032644569873809814,-0.05332972854375839,0.07602328062057495,0.05029207468032837,-0.06444042176008224,0.15129107236862183,0.1254289746284485,-0.01056276261806488,0.12614518404006958,0.003971368074417114,-0.03368717059493065,0.11956441402435303,0.0,-0.044571030884981155,0.12450623512268066,0.04871770739555359,-0.045966144651174545,0.20230692625045776,0.1339464783668518,-0.025071578100323677,0.1815025806427002,0.031396061182022095,-0.042380157858133316,0.1715756058692932,0.014303743839263916,-0.04612983018159866,0.1692878007888794,0.04206535220146179,-0.0438249371945858
E,0.20352178812026978,0.43419669568538666,-2.7743748631792187e-08,0.11743223667144775,0.4275447577238083,-0.026383409276604652,0.03957590460777283,0.36108122766017914,-0.04007689654827118,0.0,0.2759367674589157,-0.0556950643658638,0.022149890661239624,0.22496332228183746,-0.06835497915744781,0.05506935715675354,0.16751126945018768,0.008250250481069088,0.03116154670715332,0.07093013823032379,-0.015717752277851105,0.021046966314315796,0.03441785275936127,-0.042112648487091064,0.021381258964538574,0.037034884095191956,-0.05860329046845436,0.10102993249893188,0.13675476610660553,0.003693440230563283,0.07162272930145264,0.018217161297798157,-0.02081300877034664,0.06773769855499268,0.003927931189537048,-0.04419820010662079,0.07362401485443115,0.04332081973552704,-0.05553574860095978,0.14879316091537476,0.12510941922664642,-0.006866696290671825,0.12271767854690552,0.006071045994758606,-0.02811128832399845,0.11784762144088745,0.0,-0.039431896060705185,0.12394452095031738,0.04557435214519501,-0.04180501773953438,0.19976282119750977,0.13249196112155914,-0.02129397541284561,0.17873841524124146,0.03051115572452545,-0.037934333086013794,0.16983777284622192,0.013555765151977539,-0.04198606684803963,0.16856074333190918,0.04122863709926605,-0.04041988402605057
E,0.20133385062217712,0.4377552419900894,-1.2360703571800968e-08,0.11404183506965637,0.43032796680927277,-0.028046734631061554,0.037092357873916626,0.36363978683948517,-0.04218871891498566,0.0,0.27572013437747955,-0.05774107947945595,0.023104578256607056,0.21987490355968475,-0.07031365483999252,0.05422905087471008,0.17002718150615692,0.007503212429583073,0.030403345823287964,0.07610739767551422,-0.015401030890643597,0.02043035626411438,0.03822542726993561,-0.041340410709381104,0.019936293363571167,0.035649433732032776,-0.058068763464689255,0.10052970051765442,0.13803447782993317,0.003970724064856768,0.07165417075157166,0.022431448101997375,-0.018909115344285965,0.06651893258094788,0.005978822708129883,-0.04195265471935272,0.07085606455802917,0.040153756737709045,-0.053739164024591446,0.14865568280220032,0.12634582817554474,-0.005659741815179586,0.12392160296440125,0.008561000227928162,-0.026576004922389984,0.1181553304195404,0.0,-0.03787241503596306,0.12249252200126648,0.04260922968387604,-0.04051603376865387,0.19978764653205872,0.13423039019107819,-0.019205383956432343,0.17994311451911926,0.032672420144081116,-0.03581170365214348,0.17067673802375793,0.015160471200942993,-0.039472613483667374,0.16799703240394592,0.04224427044391632,-0.03768635913729668
E,0.19890010356903076,0.4289373457431793,-8.830451747599e-08,0.11445331573486328,0.4268624484539032,-0.026388809084892273,0.03673601150512695,0.361737459897995,-0.04108072817325592,0.0,0.27594563364982605,-0.05760253593325615,0.01474982500076294,0.21954110264778137,-0.07070441544055939,0.05151265859603882,0.16229170560836792,0.003944451920688152,0.02490571141242981,0.05898883938789368,-0.02391633577644825,0.018948733806610107,0.030346304178237915,-0.052633438259363174,0.02362668514251709,0.04490336775779724,-0.06944627314805984,0.09886342287063599,0.13267475366592407,-0.0008537782123312354,0.07270008325576782,0.00855623185634613,-0.02801189012825489,0.0732123851776123,0.003451302647590637,-0.0528859868645668,0.08050483465194702,0.05104866623878479,-0.06471491605043411,0.1471385955810547,0.12230843305587769,-0.011543388478457928,0.12279915809631348,0.001243487000465393,-0.03285516798496246,0.12055850028991699,0.0,-0.043417658656835556,0.12646228075027466,0.04843086004257202,-0.045587219297885895,0.19782137870788574,0.1304861307144165,-0.026139458641409874,0.17852193117141724,0.02779310941696167,-0.04235934466123581,0.1701372265815735,0.01335383951663971,-0.04572153836488724,0.16756999492645264,0.04233074188232422,-0.043755147606134415
E,0.1970210075378418,0.4296225905418396,-9.150731727913808e-08,0.11332172155380249,0.42512214183807373,-0.027676118537783623,0.0368935763835907,0.3608453869819641,-0.044697895646095276,0.0,0.2750527858734131,-0.06372921168804169,0.01661774516105652,0.21868851780891418,-0.07905806601047516,0.05339020490646362,0.1616748571395874,0.0031434816773980856,0.026859939098358154,0.05299675464630127,-0.026578020304441452,0.020660370588302612,0.02911674976348877,-0.055581673979759216,0.026514112949371338,0.052748531103134155,-0.07166104018688202,0.10041534900665283,0.13209250569343567,-0.0015022172592580318,0.07447344064712524,0.005742400884628296,-0.02956855669617653,0.07420629262924194,0.00472375750541687,-0.053690019994974136,0.08128440380096436,0.05575406551361084,-0.06454425305128098,0.148077130317688,0.12212228775024414,-0.012411979027092457,0.12354177236557007,0.0,-0.033502232283353806,0.12124466896057129,0.0027318596839904785,-0.04248756915330887,0.12707442045211792,0.05242502689361572,-0.04360197111964226,0.19751065969467163,0.13139164447784424,-0.027448376640677452,0.17766928672790527,0.02932816743850708,-0.04200780391693115,0.17020195722579956,0.018696904182434082,-0.04356949031352997,0.1689155101776123,0.04934236407279968,-0.040538545697927475
E,0.19773057103157043,0.4320904165506363,-1.449348019377794e-07,0.11345914006233215,0.4279344826936722,-0.026218928396701813,0.035821765661239624,0.36240072548389435,-0.043172337114810944,0.0,0.2758339196443558,-0.06300574541091919,0.020513325929641724,0.22094561159610748,-0.0790625512599945,0.05440983176231384,0.16228292882442474,0.004474388435482979,0.02755528688430786,0.048903122544288635,-0.02723788283765316,0.0222012996673584,0.030899181962013245,-0.056904811412096024,0.02845093607902527,0.06344635784626007,-0.07256238907575607,0.10112497210502625,0.13389421999454498,-0.001106822513975203,0.0755971372127533,0.0035555213689804077,-0.031518470495939255,0.07721605896949768,0.007674619555473328,-0.05618525296449661,0.08535346388816833,0.0644201785326004,-0.06632154434919357,0.14870306849479675,0.12432630360126495,-0.01306635420769453,0.12479093670845032,0.0,-0.03566410765051842,0.12471875548362732,0.00835844874382019,-0.04500909149646759,0.13229981064796448,0.06299252808094025,-0.04540720954537392,0.19781872630119324,0.13287924230098724,-0.029076287522912025,0.17859312891960144,0.02962164580821991,-0.04452057555317879,0.1724652349948883,0.02163340151309967,-0.046857576817274094,0.1731160581111908,0.05526562035083771,-0.043904028832912445
E,0.19951370358467102,0.4319044053554535,-1.3295263556756254e-07,0.11398515105247498,0.427641361951828,-0.029643600806593895,0.036481499671936035,0.36461564898490906,-0.04847675561904907,0.0,0.27928104996681213,-0.06959999352693558,0.016356438398361206,0.2167784869670868,-0.0865776389837265,0.056258946657180786,0.16339877247810364,0.0013955276226624846,0.028602689504623413,0.049807608127593994,-0.03304240107536316,0.021287381649017334,0.028506487607955933,-0.06439650803804398,0.027167022228240967,0.06015840172767639,-0.08050136268138885,0.10289725661277771,0.1335296928882599,-0.002900311490520835,0.07627364993095398,0.0027354955673217773,-0.03632676228880882,0.07564166188240051,0.004888862371444702,-0.06284903734922409,0.08315238356590271,0.061976850032806396,-0.07351706176996231,0.14998438954353333,0.12263193726539612,-0.013999586924910545,0.1260131299495697,0.0,-0.03865719214081764,0.12415102124214172,0.007003232836723328,-0.049108099192380905,0.1311298906803131,0.06069621443748474,-0.049683041870594025,0.19855424761772156,0.1300296187400818,-0.02935832366347313,0.17983022332191467,0.02885034680366516,-0.045473095029592514,0.1727769672870636,0.020085901021957397,-0.04823518916964531,0.1729694902896881,0.051859110593795776,-0.04527418315410614
E,0.2043766975402832,0.4310844987630844,-1.3464932635542937e-07,0.11863374710083008,0.42752407491207123,-0.02979719080030918,0.039243996143341064,0.3643672317266464,-0.047769758850336075,0.0,0.2775450199842453,-0.06785524636507034,0.017819315195083618,0.2185676246881485,-0.08388958126306534,0.06065511703491211,0.16410671174526215,0.0020486454013735056,0.033338725566864014,0.05246226489543915,-0.030746180564165115,0.02556169033050537,0.03269033133983612,-0.0610780231654644,0.030607521533966064,0.06099097430706024,-0.07731638848781586,0.10738396644592285,0.1337188333272934,-0.00198240764439106,0.08075350522994995,0.003921300172805786,-0.034404173493385315,0.08045834302902222,0.007518976926803589,-0.059958044439554214,0.08847272396087646,0.063158318400383,-0.07038410753011703,0.15452420711517334,0.12259422242641449,-0.01279257982969284,0.12961876392364502,0.0,-0.03750927746295929,0.1283944845199585,0.009327366948127747,-0.047443948686122894,0.13639837503433228,0.06341813504695892,-0.0476904921233654,0.20322555303573608,0.12943880259990692,-0.027908431366086006,0.18367421627044678,0.028338834643363953,-0.0445515513420105,0.17668676376342773,0.021029874682426453,-0.047516535967588425,0.1773328185081482,0.05402033030986786,-0.044814035296440125
E,0.2028997540473938,0.43332304060459137,-1.6544818493002822e-07,0.11738783121109009,0.43046994507312775,-0.027496686205267906,0.03775116801261902,0.3656419664621353,-0.04420847073197365,0.0,0.27706409990787506,-0.06365200132131577,0.01706644892692566,0.2173323780298233,-0.07889455556869507,0.058395206928253174,0.16606943309307098,0.0045550852082669735,0.031227976083755493,0.05065806210041046,-0.02804054133594036,0.025216758251190186,0.03416265547275543,-0.05803428962826729,0.03154215216636658,0.06776247918605804,-0.07365740090608597,0.10484015941619873,0.13661690056324005,-0.00044591640471480787,0.07900488376617432,0.0036067813634872437,-0.03212781623005867,0.07988929748535156,0.010525926947593689,-0.05717179551720619,0.0881386399269104,0.06909544765949249,-0.06720936298370361,0.15179598331451416,0.12534023821353912,-0.012134550139307976,0.1276797652244568,0.0,-0.03532090038061142,0.1272154450416565,0.011418625712394714,-0.044544052332639694,0.13527697324752808,0.06719709932804108,-0.044756997376680374,0.2005295753479004,0.13175736367702484,-0.028079936280846596,0.18187552690505981,0.028973177075386047,-0.043161790817976,0.1752656102180481,0.02438195049762726,-0.045298751443624496,0.17595821619033813,0.06059618294239044,-0.04236698895692825
E,0.2016439139842987,0.43348516523838043,-1.2032896279379202e-07,0.11416062712669373,0.42697109282016754,-0.028827063739299774,0.03655809164047241,0.3636677414178848,-0.046511147171258926,0.0,0.2772369533777237,-0.06653546541929245,0.01623159646987915,0.21657513082027435,-0.082719586789608,0.05726465582847595,0.1666199415922165,0.003195484634488821,0.030738860368728638,0.055564239621162415,-0.028181415051221848,0.02366963028907776,0.03473357856273651,-0.05758128687739372,0.028741151094436646,0.05909861624240875,-0.07359129935503006,0.10464450716972351,0.1358308047056198,-0.0013620553072541952,0.07754537463188171,0.0044358521699905396,-0.03297080472111702,0.07748350501060486,0.007985442876815796,-0.05822507292032242,0.08568468689918518,0.06220756471157074,-0.0685669407248497,0.15225514769554138,0.12452651560306549,-0.012500427663326263,0.1264415681362152,0.0,-0.036603983491659164,0.1255534589290619,0.009331881999969482,-0.046280547976493835,0.13379839062690735,0.06308384239673615,-0.04654419794678688,0.2012999951839447,0.13200010359287262,-0.027837812900543213,0.18236181139945984,0.029603973031044006,-0.04395065829157829,0.17532256245613098,0.0225839763879776,-0.046410877257585526,0.17576369643211365,0.05603642761707306,-0.0435432568192482
E,0.20368021726608276,0.43194422125816345,-1.0724129140271543e-07,0.11456739902496338,0.42645958065986633,-0.02738475613296032,0.03475961089134216,0.36081960797309875,-0.04275190457701683,0.0,0.2707681357860565,-0.06026124581694603,0.022899478673934937,0.2161559760570526,-0.07413451373577118,0.058540284633636475,0.162259042263031,0.005143935326486826,0.03290456533432007,0.05553343892097473,-0.023354625329375267,0.025262027978897095,0.030895143747329712,-0.0514373816549778,0.028861254453659058,0.050825417041778564,-0.06750092655420303,0.10609525442123413,0.1308017075061798,0.000374380499124527,0.07912391424179077,0.003677740693092346,-0.02880164049565792,0.07790535688400269,0.003814026713371277,-0.05289749428629875,0.08483457565307617,0.05609443783760071,-0.06303935497999191,0.15385103225708008,0.12019044160842896,-0.010735885240137577,0.12872475385665894,0.0,-0.033087246119976044,0.12606966495513916,0.006466269493103027,-0.042234186083078384,0.13248294591903687,0.058227717876434326,-0.042523402720689774,0.203366219997406,0.1283630132675171,-0.02603049948811531,0.18367362022399902,0.027442365884780884,-0.04123969376087189,0.17515814304351807,0.01818874478340149,-0.043535202741622925,0.17393797636032104,0.04961898922920227,-0.04074331000447273
E,0.20022010803222656,0.4317925125360489,-1.0572611586212588e-07,0.1135522723197937,0.4296926409006119,-0.029419394209980965,0.035899192094802856,0.3674818426370621,-0.047220874577760696,0.0,0.28060533106327057,-0.06686682254076004,0.014271736145019531,0.21791674196720123,-0.08252337574958801,0.05446922779083252,0.16385801136493683,0.0011899450328201056,0.027946174144744873,0.05542881786823273,-0.03095186874270439,0.020603716373443604,0.03117556869983673,-0.061401426792144775,0.024886399507522583,0.05373586714267731,-0.07810401916503906,0.10099339485168457,0.1323048323392868,-0.003045775229111314,0.07251244783401489,0.0045561641454696655,-0.03465818613767624,0.07242679595947266,0.005133539438247681,-0.06051651015877724,0.08024555444717407,0.05770541727542877,-0.07162930816411972,0.14827799797058105,0.12102900445461273,-0.013803014531731606,0.12256461381912231,0.0,-0.03760092332959175,0.12041664123535156,0.006249293684959412,-0.04751501604914665,0.12700730562210083,0.05791957676410675,-0.048269517719745636,0.19771260023117065,0.1283811777830124,-0.028814716264605522,0.17743772268295288,0.026971474289894104,-0.04512978345155716,0.1690443754196167,0.016577497124671936,-0.048030056059360504,0.16766804456710815,0.047120049595832825,-0.04539937525987625
E,0.19931694865226746,0.4309077709913254,-1.126719482158478e-07,0.11232522130012512,0.4271885007619858,-0.02964456006884575,0.035087406635284424,0.3656393736600876,-0.04770448058843613,0.0,0.27868930995464325,-0.06760676950216293,0.01620328426361084,0.21631501615047455,-0.08353327959775925,0.053232401609420776,0.16380245983600616,0.0012748197186738253,0.026250988245010376,0.055266186594963074,-0.030149642378091812,0.019615143537521362,0.03416137397289276,-0.060165490955114365,0.02460014820098877,0.05768619477748871,-0.07675709575414658,0.10023757815361023,0.13244669139385223,-0.0027681542560458183,0.07263925671577454,0.0055425167083740234,-0.03275353088974953,0.0726805031299591,0.007369056344032288,-0.057802923023700714,0.08049467206001282,0.058549389243125916,-0.06891806423664093,0.1481103003025055,0.12097688019275665,-0.013364351354539394,0.12299385666847229,0.0,-0.03607269376516342,0.12101981043815613,0.006723165512084961,-0.045675262808799744,0.12821683287620544,0.05807425081729889,-0.04671783372759819,0.19810447096824646,0.12823127210140228,-0.028286945074796677,0.17777857184410095,0.026962563395500183,-0.04372252896428108,0.16886594891548157,0.018552765250205994,-0.045976608991622925,0.1676408350467682,0.05059842765331268,-0.04324422404170036
E,0.19228428602218628,0.42861810326576233,-9.793885169528949e-08,0.10468131303787231,0.42340776324272156,-0.028659116476774216,0.03207927942276001,0.3652714192867279,-0.04733213409781456,0.0,0.2873670160770416,-0.06805072724819183,0.004895716905593872,0.22182288765907288,-0.08502322435379028,0.049040019512176514,0.16211077570915222,0.0001445344096282497,0.021934449672698975,0.055437833070755005,-0.03240376338362694,0.014001041650772095,0.031468480825424194,-0.06314214318990707,0.016703695058822632,0.05305621027946472,-0.07972957193851471,0.094962477684021,0.1304631233215332,-0.00478597916662693,0.06660127639770508,0.0055392831563949585,-0.035633351653814316,0.06582105159759521,0.00473371148109436,-0.061560001224279404,0.07271450757980347,0.05471649765968323,-0.0731075257062912,0.14157599210739136,0.1189185082912445,-0.016181539744138718,0.11589258909225464,0.0,-0.03977194055914879,0.11367660760879517,0.005508854985237122,-0.05010955408215523,0.12043887376785278,0.056185513734817505,-0.051463495939970016,0.18997597694396973,0.126181960105896,-0.03169149532914162,0.1714693307876587,0.025431305170059204,-0.048042844980955124,0.1630697250366211,0.01631525158882141,-0.050502754747867584,0.16150569915771484,0.048262208700180054,-0.04753907024860382
E,0.18937095999717712,0.4279603213071823,-9.41812956511967e-08,0.10170003771781921,0.4229898899793625,-0.027269821614027023,0.030180692672729492,0.36576293408870697,-0.04323819652199745,0.000691145658493042,0.28822438418865204,-0.06087854132056236,0.0,0.2229742556810379,-0.07489835470914841,0.046213358640670776,0.16020981967449188,0.003421780187636614,0.020311564207077026,0.061726972460746765,-0.023915035650134087,0.010416865348815918,0.03391750156879425,-0.05107523873448372,0.010766714811325073,0.044073328375816345,-0.06677953898906708,0.09199050068855286,0.1276271492242813,-0.001437522005289793,0.06317982077598572,0.008045464754104614,-0.028462359681725502,0.058873385190963745,0.004835963249206543,-0.051635898649692535,0.06382355093955994,0.047701701521873474,-0.06215144321322441,0.1381429135799408,0.11654527485370636,-0.012655043043196201,0.11320307850837708,0.0,-0.03470844030380249,0.10714074969291687,0.0033815354108810425,-0.043879155069589615,0.11100783944129944,0.048648521304130554,-0.044881563633680344,0.18629643321037292,0.12507186830043793,-0.027837349101901054,0.16935893893241882,0.024760231375694275,-0.04396772012114525,0.15875521302223206,0.013133957982063293,-0.046274203807115555,0.1548859179019928,0.03996001183986664,-0.043436747044324875
E,0.1886620819568634,0.4264066517353058,-4.63896832059163e-08,0.10124203562736511,0.4218098223209381,-0.029095657169818878,0.028654664754867554,0.36606815457344055,-0.04759759083390236,0.0,0.28913477063179016,-0.0674068033695221,0.0034109652042388916,0.22210609912872314,-0.0835777297616005,0.04354098439216614,0.1607024371623993,-0.0007117401110008359,0.018764108419418335,0.06291547417640686,-0.03026135079562664,0.010953336954116821,0.03265056014060974,-0.059392109513282776,0.012193858623504639,0.04274049401283264,-0.07628966122865677,0.09013471007347107,0.12740102410316467,-0.005286239553242922,0.061986953020095825,0.00950634479522705,-0.033944763243198395,0.060087889432907104,0.003898799419403076,-0.05887416750192642,0.06552281975746155,0.04739794135093689,-0.07088359445333481,0.13742700219154358,0.11610671877861023,-0.01618232950568199,0.11354026198387146,0.0,-0.03922279179096222,0.10982570052146912,0.0014561116695404053,-0.049537401646375656,0.11362138390541077,0.04816356301307678,-0.051567524671554565,0.1868515908718109,0.1250353753566742,-0.03106551058590412,0.1695549190044403,0.024218648672103882,-0.04814155399799347,0.16079851984977722,0.012824922800064087,-0.05081087723374367,0.157050222158432,0.04214358329772949,-0.04822232574224472
E,0.18520060181617737,0.4261697828769684,-6.179401879080615e-08,0.0979137122631073,0.4209204614162445,-0.028830543160438538,0.02692347764968872,0.3649226725101471,-0.047074537724256516,0.0,0.28671565651893616,-0.06694792211055756,0.0065857768058776855,0.22092410922050476,-0.08318856358528137,0.03965175151824951,0.16094490885734558,0.0013332304079085588,0.014596939086914062,0.06420162320137024,-0.028439808636903763,0.006439477205276489,0.035016655921936035,-0.057766638696193695,0.008072108030319214,0.04578331112861633,-0.07474607974290848,0.08618560433387756,0.1277320384979248,-0.0036428815219551325,0.0582101047039032,0.008873358368873596,-0.03342069685459137,0.05737212300300598,0.00808057188987732,-0.058725833892822266,0.06431970000267029,0.054508596658706665,-0.07024508714675903,0.13342514634132385,0.11597827076911926,-0.015026262030005455,0.10954740643501282,0.0,-0.038630660623311996,0.10605964064598083,0.00583001971244812,-0.048947371542453766,0.11106303334236145,0.05423590540885925,-0.050471898168325424,0.18312934041023254,0.12468433380126953,-0.030453916639089584,0.16536244750022888,0.02550831437110901,-0.047111865133047104,0.15612301230430603,0.01683977246284485,-0.04957205429673195,0.15317705273628235,0.047008246183395386,-0.0467526838183403
E,0.18762579560279846,0.4267862141132355,-4.4753456052148977e-08,0.10022857785224915,0.4219333827495575,-0.02814798802137375,0.02766689658164978,0.3664869964122772,-0.04549584910273552,0.0,0.28818997740745544,-0.06440338492393494,0.008612483739852905,0.22214734554290771,-0.07968080788850784,0.03988617658615112,0.16119569540023804,0.0029104400891810656,0.015610545873641968,0.06608077883720398,-0.02497151494026184,0.007117331027984619,0.034366339445114136,-0.05323684215545654,0.008878469467163086,0.04137203097343445,-0.07007455080747604,0.08602342009544373,0.12753167748451233,-0.002045845612883568,0.05615481734275818,0.010958701372146606,-0.030006906017661095,0.05339774489402771,0.003958836197853088,-0.05487214773893356,0.060354024171829224,0.04518356919288635,-0.06685491651296616,0.1332174837589264,0.11526685953140259,-0.013400742784142494,0.1083507239818573,0.0,-0.03667360171675682,0.10361024737358093,0.0014741122722625732,-0.048246126621961594,0.10887375473976135,0.04726916551589966,-0.050905413925647736,0.183717280626297,0.12302470207214355,-0.02864973619580269,0.16553136706352234,0.02323046326637268,-0.04593990370631218,0.15585055947303772,0.01124417781829834,-0.04975481331348419,0.1530490219593048,0.0389532744884491,-0.04802156239748001
E,0.1851123869419098,0.4286954253911972,-6.584767220374488e-08,0.09907737374305725,0.42520903050899506,-0.029454896226525307,0.028272658586502075,0.3695981949567795,-0.047717101871967316,0.0,0.2925286144018173,-0.06748443841934204,0.0004891157150268555,0.2263830453157425,-0.08346118032932281,0.03746640682220459,0.16403986513614655,0.0008248962112702429,0.010623455047607422,0.06513796746730804,-0.029250741004943848,0.0028543472290039062,0.03863351047039032,-0.05852603167295456,0.006045281887054443,0.05266796052455902,-0.07513359189033508,0.08329489827156067,0.13013403117656708,-0.003827529028058052,0.05362805724143982,0.010184317827224731,-0.033368002623319626,0.05234852433204651,0.007901951670646667,-0.05866173654794693,0.06015494465827942,0.05346895754337311,-0.07021414488554001,0.13028809428215027,0.11811737716197968,-0.01505181472748518,0.10486802458763123,0.0,-0.038611628115177155,0.10145774483680725,0.004199355840682983,-0.04946606978774071,0.107062429189682,0.05146418511867523,-0.051392119377851486,0.1800929605960846,0.12663935124874115,-0.030355872586369514,0.1613481342792511,0.02608729898929596,-0.047487545758485794,0.15229055285453796,0.015400618314743042,-0.05060482397675514,0.14962705969810486,0.0436299592256546,-0.048161257058382034
E,0.18213629722595215,0.42963483929634094,-8.286362174203532e-08,0.09649121761322021,0.42617908120155334,-0.029528506100177765,0.025154411792755127,0.36838415265083313,-0.04820119962096214,0.0,0.2878033220767975,-0.0683961883187294,0.005884766578674316,0.22239142656326294,-0.08453637361526489,0.03484690189361572,0.16090214252471924,9.079968003788963e-05,0.00970768928527832,0.05894032120704651,-0.03307192027568817,0.0009842514991760254,0.03402698040008545,-0.06423565745353699,0.004876434803009033,0.054593056440353394,-0.08105356246232986,0.08139640092849731,0.12803536653518677,-0.004482467658817768,0.05257105827331543,0.006610289216041565,-0.03523401543498039,0.05057722330093384,0.005792155861854553,-0.060220807790756226,0.0585782527923584,0.053809940814971924,-0.07103443145751953,0.12892240285873413,0.11647805571556091,-0.01590484008193016,0.10463458299636841,0.0,-0.039618127048015594,0.10038888454437256,0.004673272371292114,-0.04946957156062126,0.1062278151512146,0.05155518651008606,-0.05054822191596031,0.179540753364563,0.12482410669326782,-0.03156689181923866,0.16152912378311157,0.025738775730133057,-0.04780077189207077,0.1513381004333496,0.01601797342300415,-0.050147101283073425,0.14842194318771362,0.0441034734249115,-0.047184187918901443
E,0.18188494443893433,0.42634087800979614,-8.796544648248528e-08,0.09647822380065918,0.42154091596603394,-0.031229086220264435,0.024782776832580566,0.3671749234199524,-0.051292359828948975,0.0,0.2887622117996216,-0.07274918258190155,0.011229604482650757,0.22138544917106628,-0.08983063697814941,0.0334380567073822,0.16302353143692017,-0.0016304340679198503,0.008712619543075562,0.058858394622802734,-0.03550208732485771,0.0002676248550415039,0.03740203380584717,-0.06611808389425278,0.0063904523849487305,0.06363996863365173,-0.08224112540483475,0.08039534091949463,0.12824761867523193,-0.005646552890539169,0.05059230327606201,0.005715861916542053,-0.03732682392001152,0.046678900718688965,0.0044569820165634155,-0.061909019947052,0.05513685941696167,0.05427592992782593,-0.07209813594818115,0.12833482027053833,0.11575895547866821,-0.01684156246483326,0.10384660959243774,0.0,-0.041043415665626526,0.09900897741317749,0.003707200288772583,-0.05089849978685379,0.10479366779327393,0.04996764659881592,-0.0518149808049202,0.17858582735061646,0.12345436215400696,-0.03239817917346954,0.1607765555381775,0.026363998651504517,-0.048853933811187744,0.15127676725387573,0.01594644784927368,-0.05139794200658798,0.14898920059204102,0.042263686656951904,-0.048498205840587616
E,0.182996928691864,0.42445118725299835,-1.0247789816730801e-07,0.09882509708404541,0.42055071890354156,-0.031763993203639984,0.027084946632385254,0.36610962450504303,-0.0522402785718441,0.0029906034469604492,0.28662092983722687,-0.07422716915607452,0.015187978744506836,0.21691633760929108,-0.09162688255310059,0.03294169902801514,0.16551296412944794,-0.0026176213286817074,0.009333133697509766,0.05700327455997467,-0.0387396402657032,0.0,0.038272514939308167,-0.07014273852109909,0.006754428148269653,0.07148174941539764,-0.0857604518532753,0.07977414131164551,0.12969543039798737,-0.006256167311221361,0.05147123336791992,0.004463478922843933,-0.03951976075768471,0.04746353626251221,0.006117209792137146,-0.0641857385635376,0.05623537302017212,0.061333879828453064,-0.073588527739048,0.12783509492874146,0.11587847769260406,-0.017293712124228477,0.10269969701766968,0.0,-0.042110148817300797,0.09781515598297119,0.0061912089586257935,-0.051727693527936935,0.10470592975616455,0.05557064712047577,-0.05198157951235771,0.17834419012069702,0.12131597101688385,-0.0327388271689415,0.15956264734268188,0.025010064244270325,-0.04911738634109497,0.1494883894920349,0.017943814396858215,-0.05146021768450737,0.14805972576141357,0.049073055386543274,-0.04808001592755318
E,0.1812223196029663,0.4184407740831375,-9.98850282485364e-08,0.09907466173171997,0.41418667137622833,-0.0316886343061924,0.029744505882263184,0.361874595284462,-0.05114040523767471,0.0059623122215271,0.2857979089021683,-0.07229114323854446,0.013848423957824707,0.21832548081874847,-0.0891314372420311,0.03130471706390381,0.16637147963047028,-0.0009228631970472634,0.008473008871078491,0.06468115746974945,-0.0351436510682106,0.0,0.049637213349342346,-0.06535162031650543,0.008429080247879028,0.0820964127779007,-0.08075156062841415,0.0768580436706543,0.12752817571163177,-0.004574735648930073,0.04508596658706665,0.004869088530540466,-0.036361370235681534,0.038523077964782715,0.004886999726295471,-0.06043412908911705,0.047105371952056885,0.0580337792634964,-0.06991517543792725,0.12451720237731934,0.11276547610759735,-0.01574549823999405,0.09715914726257324,0.0,-0.04030783846974373,0.09091371297836304,0.007688477635383606,-0.05031336471438408,0.09737187623977661,0.05672164261341095,-0.050959933549165726,0.17534494400024414,0.11867417395114899,-0.0312575101852417,0.15641820430755615,0.02415277063846588,-0.04741445928812027,0.14518767595291138,0.01743967831134796,-0.04980359598994255,0.14302867650985718,0.047889068722724915,-0.046746112406253815
E,0.17994800209999084,0.4162558615207672,-1.675969087955309e-07,0.09775945544242859,0.41252753138542175,-0.026909122243523598,0.02850678563117981,0.3589215576648712,-0.04191211238503456,0.000797569751739502,0.28538766503334045,-0.059671834111213684,0.006197839975357056,0.21926698088645935,-0.07386554032564163,0.02651384472846985,0.18085601925849915,0.007441733032464981,0.0025396645069122314,0.10131081938743591,-0.023842455819249153,0.0,0.10046830773353577,-0.053804632276296616,0.017435967922210693,0.13553741574287415,-0.07012424618005753,0.06869354844093323,0.13239338994026184,0.001907210797071457,0.030779093503952026,0.01732221245765686,-0.0245202723890543,0.02039313316345215,0.007613331079483032,-0.04763762652873993,0.029766708612442017,0.04835885763168335,-0.05902337655425072,0.11644145846366882,0.11269277334213257,-0.011331449262797832,0.08604583144187927,0.0,-0.035812556743621826,0.07937893271446228,0.003972738981246948,-0.048573512583971024,0.08814683556556702,0.0507567822933197,-0.05187264084815979,0.16924825310707092,0.11650806665420532,-0.02824762463569641,0.15082016587257385,0.018627256155014038,-0.04563871771097183,0.14008423686027527,0.009242027997970581,-0.04961410164833069,0.139078289270401,0.03898933529853821,-0.048469752073287964
E,0.1821308135986328,0.4158845543861389,-1.015318495944939e-08,0.09783273935317993,0.41288310289382935,-0.029478734359145164,0.026485979557037354,0.3600526452064514,-0.04600844159722328,0.00026106834411621094,0.28165847063064575,-0.0643043965101242,0.0064904093742370605,0.20985457301139832,-0.0793401449918747,0.026417970657348633,0.17111006379127502,0.0039990427903831005,0.005833446979522705,0.08419686555862427,-0.023312052711844444,0.0,0.05542182922363281,-0.05085354298353195,0.008388638496398926,0.05882614850997925,-0.06762049347162247,0.07100218534469604,0.12892311811447144,-0.0003408482298254967,0.038093626499176025,0.014922618865966797,-0.028365151956677437,0.03280216455459595,0.006196141242980957,-0.05252635478973389,0.04231894016265869,0.04341083765029907,-0.06405653059482574,0.11834573745727539,0.11138510704040527,-0.011533516459167004,0.09003567695617676,0.0,-0.03605334088206291,0.08576667308807373,0.004454940557479858,-0.04770899936556816,0.09495246410369873,0.049432456493377686,-0.05009506270289421,0.17024517059326172,0.11440122127532959,-0.026722056791186333,0.15061187744140625,0.017345666885375977,-0.04501389339566231,0.14134174585342407,0.009561538696289062,-0.04898680001497269,0.14137756824493408,0.039134681224823,-0.04744500666856766
E,0.1871078610420227,0.4144352674484253,-2.397620413319146e-08,0.1026078462600708,0.41134756803512573,-0.0311239305883646,0.030815571546554565,0.3578031063079834,-0.04898197576403618,0.006128847599029541,0.2772676348686218,-0.06842000782489777,0.013886183500289917,0.20222207903862,-0.08416029065847397,0.03030732274055481,0.1694423258304596,0.002024718327447772,0.006985604763031006,0.07772746682167053,-0.0274460781365633,0.0,0.052080392837524414,-0.05600529536604881,0.008743107318878174,0.06133317947387695,-0.07264888286590576,0.07461923360824585,0.12883582711219788,-0.0015787057345733047,0.042342305183410645,0.013362646102905273,-0.03039270080626011,0.0359901487827301,0.007113218307495117,-0.05472932383418083,0.044790804386138916,0.04679796099662781,-0.0661192536354065,0.12189459800720215,0.11204257607460022,-0.012332696467638016,0.09341949224472046,0.0,-0.03678823262453079,0.08853107690811157,0.005475759506225586,-0.047933898866176605,0.0982818603515625,0.051169902086257935,-0.04993804171681404,0.17400383949279785,0.11515992879867554,-0.027346493676304817,0.154338538646698,0.01786312460899353,-0.04533332586288452,0.14340358972549438,0.009762167930603027,-0.04915761575102806,0.14245188236236572,0.03955274820327759,-0.04739107936620712
E,0.18736892938613892,0.41190946102142334,-2.995921510873245e-09,0.09961390495300293,0.40507757663726807,-0.028261030092835426,0.029608994722366333,0.34946203231811523,-0.04331633448600769,0.009370386600494385,0.2667710781097412,-0.06026029586791992,0.020552515983581543,0.1942150592803955,-0.07444024085998535,0.029964029788970947,0.17035707831382751,0.004950256552547216,0.007254123687744141,0.08395087718963623,-0.01809244602918625,0.0,0.0495600700378418,-0.04291612654924393,0.004203617572784424,0.04121798276901245,-0.05942114070057869,0.07583630084991455,0.12721827626228333,0.0004985211999155581,0.04435372352600098,0.016233384609222412,-0.024757372215390205,0.03885751962661743,0.008672833442687988,-0.04801103472709656,0.04605358839035034,0.043548762798309326,-0.059738192707300186,0.12329298257827759,0.10849487781524658,-0.010178621858358383,0.09527117013931274,0.0,-0.032276712357997894,0.09098809957504272,0.005563020706176758,-0.04241899028420448,0.09953570365905762,0.04967695474624634,-0.04455273598432541,0.173783540725708,0.11122286319732666,-0.024819931015372276,0.15376543998718262,0.016573607921600342,-0.04151139035820961,0.143632709980011,0.009758234024047852,-0.04419035464525223,0.1430646777153015,0.03941115736961365,-0.04211917147040367
E,0.19043803215026855,0.40187615156173706,2.852314473500428e-08,0.1027187705039978,0.3957844376564026,-0.024307848885655403,0.03212350606918335,0.3400542140007019,-0.035369280725717545,0.010563552379608154,0.25875723361968994,-0.048583537340164185,0.02045455574989319,0.19007521867752075,-0.05965178459882736,0.027387559413909912,0.17096415162086487,0.010570408776402473,0.0053452253341674805,0.09341168403625488,-0.005553422495722771,0.0,0.054941415786743164,-0.026418812572956085,0.0032570064067840576,0.03499189019203186,-0.04218714311718941,0.07388114929199219,0.12467417120933533,0.005677524488419294,0.03995436429977417,0.023749470710754395,-0.012992417439818382,0.03383645415306091,0.005362808704376221,-0.0342877022922039,0.03946322202682495,0.025867849588394165,-0.04706805199384689,0.12312406301498413,0.1031266450881958,-0.005002612713724375,0.09305167198181152,0.0006448924541473389,-0.02454613894224167,0.08962506055831909,0.0,-0.03621458262205124,0.09894001483917236,0.03996559977531433,-0.04067622125148773,0.17623889446258545,0.10253876447677612,-0.01907745748758316,0.15635913610458374,0.010896503925323486,-0.03543859347701073,0.14703220129013062,0.0033454298973083496,-0.03934447094798088,0.1472923755645752,0.03368183970451355,-0.038988690823316574
E,0.1895509958267212,0.39686399698257446,3.4371311352643374e-10,0.10603946447372437,0.3945583701133728,-0.02206413634121418,0.03728571534156799,0.34194856882095337,-0.032682549208402634,0.0129660964012146,0.26703208684921265,-0.045408014208078384,0.016680032014846802,0.2015734314918518,-0.05607794225215912,0.02867591381072998,0.1697961688041687,0.008795205503702164,0.0034685730934143066,0.09007593989372253,-0.00778522714972496,0.0,0.05754920840263367,-0.028591174632310867,0.006611347198486328,0.04723763465881348,-0.04346087574958801,0.07566988468170166,0.12420657277107239,0.0036764852702617645,0.04419475793838501,0.023851513862609863,-0.013073057867586613,0.04068195819854736,0.009501725435256958,-0.03293450549244881,0.04790264368057251,0.03256380558013916,-0.045045699924230576,0.1255386471748352,0.10286349058151245,-0.006715112831443548,0.09781700372695923,0.001600503921508789,-0.02378658391535282,0.0953168272972107,0.0,-0.03324686363339424,0.10425823926925659,0.03610938787460327,-0.03705897927284241,0.1786927580833435,0.10266217589378357,-0.020206784829497337,0.16048377752304077,0.013027310371398926,-0.03412171080708504,0.15164631605148315,0.007121562957763672,-0.03556005284190178,0.15161824226379395,0.03596797585487366,-0.03381242975592613
E,0.1862674355506897,0.3926900029182434,1.7897651360954114e-08,0.10310995578765869,0.3908964991569519,-0.022979246452450752,0.0361158549785614,0.33807969093322754,-0.034403108060359955,0.015647709369659424,0.26016610860824585,-0.047548696398735046,0.023841828107833862,0.19369640946388245,-0.05853361636400223,0.02856898307800293,0.16857227683067322,0.007508646231144667,0.0045671164989471436,0.08862382173538208,-0.009791675955057144,0.0,0.05428406596183777,-0.03086167387664318,0.005480915307998657,0.044684410095214844,-0.04560023173689842,0.07570111751556396,0.12370428442955017,0.002889057621359825,0.0441860556602478,0.023640692234039307,-0.015169775113463402,0.04031836986541748,0.008226871490478516,-0.035580821335315704,0.04753756523132324,0.03434550762176514,-0.04748814180493355,0.12538504600524902,0.10273057222366333,-0.0070390659384429455,0.09830909967422485,0.002576500177383423,-0.024649957194924355,0.09418129920959473,0.0,-0.034687019884586334,0.10181266069412231,0.037698566913604736,-0.03849295154213905,0.17863541841506958,0.10228896141052246,-0.020106427371501923,0.1605626344680786,0.013350188732147217,-0.03418621048331261,0.15131527185440063,0.005586504936218262,-0.0362326055765152,0.15044879913330078,0.03425866365432739,-0.03471769392490387
E,0.1856330931186676,0.3918246924877167,1.1557109047544145e-08,0.1030493676662445,0.3902682363986969,-0.022491252049803734,0.036373794078826904,0.33787068724632263,-0.033502716571092606,0.01544150710105896,0.2599709928035736,-0.04613129049539566,0.020902305841445923,0.1923011839389801,-0.05653950944542885,0.02950093150138855,0.1693982183933258,0.008553418330848217,0.005843073129653931,0.09275218844413757,-0.008136020973324776,0.0,0.05660489201545715,-0.0290125273168087,0.00295063853263855,0.0436384379863739,-0.044068749994039536,0.07611414790153503,0.12443482875823975,0.003723494941368699,0.046303361654281616,0.025961607694625854,-0.014689166098833084,0.04268887639045715,0.010055363178253174,-0.03599094972014427,0.04942914843559265,0.03583303093910217,-0.0485633946955204,0.12490436434745789,0.10310998558998108,-0.006247203331440687,0.09949281811714172,0.004096418619155884,-0.024150216951966286,0.09533300995826721,0.0,-0.035257015377283096,0.10275521874427795,0.037593573331832886,-0.03980591893196106,0.1773119866847992,0.10183387994766235,-0.019309503957629204,0.1596214473247528,0.015040189027786255,-0.03429712355136871,0.1512484848499298,0.005395978689193726,-0.03761070594191551,0.1512523591518402,0.032847434282302856,-0.036873709410429
E,0.18525540828704834,0.38895848393440247,3.893565914125929e-09,0.10448914766311646,0.3883596956729889,-0.023583488538861275,0.03874608874320984,0.33613893389701843,-0.035665884613990784,0.0180586576461792,0.25660720467567444,-0.04892729967832565,0.022541791200637817,0.18843570351600647,-0.05999300628900528,0.030420809984207153,0.1686248481273651,0.005965137388557196,0.0053879618644714355,0.09126406908035278,-0.011756239458918571,0.0,0.05487668514251709,-0.03282982483506203,0.0033843815326690674,0.0436345636844635,-0.04763749986886978,0.07731360197067261,0.12328001856803894,0.0014404944377020001,0.049147188663482666,0.023744940757751465,-0.017901230603456497,0.049431025981903076,0.01131632924079895,-0.038860853761434555,0.05786401033401489,0.040918707847595215,-0.05052478611469269,0.12563210725784302,0.10181745886802673,-0.008103687316179276,0.10231000185012817,0.004238873720169067,-0.025362897664308548,0.10084784030914307,0.0,-0.034596025943756104,0.10772621631622314,0.03430643677711487,-0.03794525936245918,0.1768033504486084,0.10177114605903625,-0.020889144390821457,0.1598837971687317,0.017738372087478638,-0.034094274044036865,0.15286511182785034,0.007683008909225464,-0.03543521836400032,0.15222084522247314,0.03116348385810852,-0.033471811562776566
E,0.1831873655319214,0.39095446467399597,2.059032722101506e-09,0.10241425037384033,0.38705894351005554,-0.02420087903738022,0.039049386978149414,0.32964906096458435,-0.036389533430337906,0.02227574586868286,0.24225065112113953,-0.05063245818018913,0.02727910876274109,0.16784927248954773,-0.06215990334749222,0.03255590796470642,0.16343286633491516,0.01176420971751213,0.007056623697280884,0.08629739284515381,-0.008404344320297241,0.0,0.048766911029815674,-0.03167254477739334,0.0033417344093322754,0.03801080584526062,-0.04729701206088066,0.07580012083053589,0.12052750587463379,0.006696726195514202,0.04803711175918579,0.01878693699836731,-0.015589602291584015,0.04922521114349365,0.012750715017318726,-0.03917006775736809,0.05945265293121338,0.04805436730384827,-0.051265962421894073,0.12129062414169312,0.0997060239315033,-0.00401665223762393,0.09829092025756836,0.0,-0.02368060126900673,0.0977175235748291,0.005973935127258301,-0.034085966646671295,0.10553556680679321,0.047591984272003174,-0.036822617053985596,0.16998940706253052,0.09980127215385437,-0.018254997208714485,0.15219658613204956,0.012203961610794067,-0.033010244369506836,0.14518392086029053,0.006987959146499634,-0.03528141230344772,0.145227313041687,0.03589439392089844,-0.033125732094049454
E,0.18463510274887085,0.3957224488258362,1.716792930039901e-08,0.10056710243225098,0.38385194540023804,-0.01815081387758255,0.03935965895652771,0.3159964084625244,-0.025538407266139984,0.030547410249710083,0.22685781121253967,-0.035978320986032486,0.04306668043136597,0.1598493754863739,-0.04445582628250122,0.03198760747909546,0.16415190696716309,0.021253256127238274,0.006303369998931885,0.08816871047019958,0.006229497492313385,0.0,0.05021163821220398,-0.014973009005188942,0.002512037754058838,0.03530564904212952,-0.030270593240857124,0.07571619749069214,0.12286186218261719,0.014626645483076572,0.04520696401596069,0.023532450199127197,-0.002188617829233408,0.04589444398880005,0.009794771671295166,-0.025399191305041313,0.0553094744682312,0.03583082556724548,-0.038677457720041275,0.1210210919380188,0.10241225361824036,0.002777355257421732,0.09597510099411011,0.0029298067092895508,-0.012397948652505875,0.09342831373214722,0.0,-0.02440473809838295,0.10008025169372559,0.03469449281692505,-0.029520248994231224,0.17015773057937622,0.10141509771347046,-0.01222488284111023,0.15108686685562134,0.01528465747833252,-0.023556556552648544,0.14257705211639404,0.0039220452308654785,-0.02624277025461197,0.14232218265533447,0.025840044021606445,-0.02542312629520893
E,0.19258081912994385,0.4044099450111389,3.764741851597364e-09,0.10674887895584106,0.3910573124885559,-0.020614154636859894,0.04467040300369263,0.31807219982147217,-0.029784154146909714,0.0352342426776886,0.2186940312385559,-0.042038287967443466,0.05037885904312134,0.14351770281791687,-0.05147175490856171,0.03364256024360657,0.1618492305278778,0.02136373333632946,0.006809890270233154,0.08049219846725464,-0.00014392922457773238,0.0,0.04624420404434204,-0.025681322440505028,0.006195187568664551,0.042064666748046875,-0.04178205877542496,0.07723128795623779,0.12298440933227539,0.015249551273882389,0.04767322540283203,0.017149150371551514,-0.006739740259945393,0.047522664070129395,0.010762691497802734,-0.032644208520650864,0.05918467044830322,0.045676618814468384,-0.04597385227680206,0.12320125102996826,0.10450732707977295,0.0031913863494992256,0.09973692893981934,0.0,-0.015865081921219826,0.09626281261444092,0.003499269485473633,-0.02926424704492092,0.10549527406692505,0.04637265205383301,-0.033760737627744675,0.17424923181533813,0.10454398393630981,-0.012343164533376694,0.15519827604293823,0.0116502046585083,-0.025780946016311646,0.14512383937835693,0.0008828341960906982,-0.029688330367207527,0.14456552267074585,0.02793586254119873,-0.02873900718986988
E,0.19489917159080505,0.41261833906173706,-2.2520001863313155e-08,0.10643616318702698,0.39678430557250977,-0.02003781870007515,0.04387342929840088,0.3208988308906555,-0.02781756781041622,0.032567620277404785,0.22016268968582153,-0.039015691727399826,0.04419019818305969,0.14461663365364075,-0.0475422739982605,0.035604774951934814,0.1652759313583374,0.023476170375943184,0.00806310772895813,0.0841670036315918,0.004802001640200615,0.0,0.04836153984069824,-0.018873266875743866,0.004297822713851929,0.03708377480506897,-0.03471365198493004,0.07914003729820251,0.12562185525894165,0.016939792782068253,0.04791441559791565,0.01834779977798462,-0.004052395466715097,0.047080427408218384,0.0132826566696167,-0.02922637388110161,0.05897834897041321,0.04645943641662598,-0.042250510305166245,0.1251572072505951,0.10669884085655212,0.004530623555183411,0.09996029734611511,0.0,-0.013881719671189785,0.0955946147441864,0.006153017282485962,-0.02724798582494259,0.10578778386116028,0.0497891902923584,-0.03184053301811218,0.1767212450504303,0.10561087727546692,-0.011387599632143974,0.15585395693778992,0.010974466800689697,-0.02388334833085537,0.14398810267448425,0.0036431550979614258,-0.027731359004974365,0.14444240927696228,0.03414994478225708,-0.027107693254947662
E,0.19795158505439758,0.41336506605148315,-2.3714724406431742e-08,0.10730054974555969,0.3945077657699585,-0.019532108679413795,0.04586973786354065,0.31984084844589233,-0.027278216555714607,0.03444448113441467,0.21986010670661926,-0.03883788362145424,0.041529327630996704,0.14305445551872253,-0.04714018478989601,0.03620988130569458,0.16528797149658203,0.02700287103652954,0.007835626602172852,0.07929462194442749,0.007595672272145748,0.0,0.047217488288879395,-0.01632658764719963,0.004815906286239624,0.04106336832046509,-0.03149895742535591,0.0795733630657196,0.1265220046043396,0.020494742318987846,0.04748278856277466,0.01720738410949707,-0.0006145828519947827,0.04537004232406616,0.01661473512649536,-0.02579529583454132,0.056160300970077515,0.05210179090499878,-0.03850710019469261,0.12526121735572815,0.10791727900505066,0.007712934631854296,0.09942939877510071,0.0,-0.010846864432096481,0.09364709258079529,0.011476665735244751,-0.02373218722641468,0.10289528965950012,0.05780214071273804,-0.027721334248781204,0.17707982659339905,0.10633999109268188,-0.00856910552829504,0.15658345818519592,0.0106850266456604,-0.020266136154532433,0.14337119460105896,0.007115304470062256,-0.0233157929033041,0.1425703465938568,0.039834439754486084,-0.02204081416130066
E,0.19671210646629333,0.4144548773765564,-4.223796779001532e-08,0.10599055886268616,0.3955880403518677,-0.02283620834350586,0.04615771770477295,0.32200050354003906,-0.03319926932454109,0.03837573528289795,0.2217245101928711,-0.046730220317840576,0.047955065965652466,0.14459863305091858,-0.056992143392562866,0.03554582595825195,0.16581860184669495,0.020930131897330284,0.0074312686920166016,0.0775604248046875,-0.001161304535344243,0.0,0.04908430576324463,-0.026451854035258293,0.006574481725692749,0.04823911190032959,-0.0420338436961174,0.07918921113014221,0.12693649530410767,0.015474600717425346,0.04798319935798645,0.014692932367324829,-0.00815198477357626,0.048237740993499756,0.0194186270236969,-0.03375471383333206,0.06142064929008484,0.06041631102561951,-0.04594505578279495,0.12531009316444397,0.10885152220726013,0.0036915906239300966,0.09944912791252136,0.0,-0.0158127099275589,0.0960564911365509,0.013562500476837158,-0.02809019200503826,0.10716685652732849,0.06055706739425659,-0.0313640795648098,0.17682841420173645,0.10920080542564392,-0.01184180285781622,0.1556861698627472,0.014823675155639648,-0.023950038477778435,0.14394578337669373,0.012815117835998535,-0.026510894298553467,0.14456799626350403,0.045870304107666016,-0.02462870441377163
E,0.19427090883255005,0.41643840074539185,-7.638592336434158e-08,0.10344332456588745,0.39523184299468994,-0.02093340829014778,0.04411131143569946,0.3199167847633362,-0.030604297295212746,0.03883153200149536,0.22027933597564697,-0.04398004338145256,0.05193626880645752,0.14635232090950012,-0.0543532557785511,0.035292625427246094,0.16481006145477295,0.02093057706952095,0.007921189069747925,0.07399463653564453,-0.0024075659457594156,0.0,0.04743519425392151,-0.028463097289204597,0.006669133901596069,0.05027812719345093,-0.044222142547369,0.07899254560470581,0.1271079182624817,0.0140681779012084,0.048312485218048096,0.011423110961914062,-0.010734930634498596,0.0468866229057312,0.016988039016723633,-0.03650219738483429,0.05965083837509155,0.06077498197555542,-0.0484161339700222,0.12527674436569214,0.11013168096542358,0.000984710524789989,0.09975254535675049,0.0,-0.019020240753889084,0.09509533643722534,0.01229625940322876,-0.03186903893947601,0.10642188787460327,0.05986949801445007,-0.03525751456618309,0.17689228057861328,0.11142003536224365,-0.015740353614091873,0.15591132640838623,0.01490241289138794,-0.028069833293557167,0.14360183477401733,0.012029409408569336,-0.03091339021921158,0.14466214179992676,0.04650306701660156,-0.029146073386073112
E,0.19648262858390808,0.41903868317604065,-6.017322817797321e-08,0.10537299513816833,0.39871785044670105,-0.01981220208108425,0.04353147745132446,0.31821945309638977,-0.027125706896185875,0.03348946571350098,0.21694901585578918,-0.03838958591222763,0.043448954820632935,0.14164087176322937,-0.04666431248188019,0.03518947958946228,0.16447919607162476,0.026273032650351524,0.008141010999679565,0.07604581117630005,0.005862149875611067,0.0,0.04649770259857178,-0.01913687214255333,0.005498260259628296,0.04472872614860535,-0.034719109535217285,0.07903316617012024,0.1267661154270172,0.019750455394387245,0.047832340002059937,0.014184355735778809,-0.0020591889042407274,0.0449526309967041,0.01298302412033081,-0.028369801118969917,0.056884199380874634,0.05057165026664734,-0.04160149767994881,0.1251414716243744,0.10948881506919861,0.006967546418309212,0.0988520085811615,0.0,-0.011613097041845322,0.09369334578514099,0.007725328207015991,-0.02630765736103058,0.10605934262275696,0.05404278635978699,-0.031365711241960526,0.1766890585422516,0.10888621211051941,-0.009368691593408585,0.15526935458183289,0.011611700057983398,-0.02102097123861313,0.14233103394508362,0.005748718976974487,-0.025175806134939194,0.14447954297065735,0.03974214196205139,-0.024636533111333847
E,0.1958642601966858,0.41782766580581665,-7.680579727775694e-08,0.1051679253578186,0.3943513035774231,-0.021305033937096596,0.04589244723320007,0.3191722631454468,-0.03121478110551834,0.03633856773376465,0.22076821327209473,-0.04499637708067894,0.04635995626449585,0.14521700143814087,-0.055432867258787155,0.035869479179382324,0.16422823071479797,0.023501787334680557,0.007835566997528076,0.07217022776603699,0.00031168549321591854,0.0,0.04730924963951111,-0.025924289599061012,0.006439685821533203,0.05210372805595398,-0.04150810092687607,0.07927149534225464,0.12760698795318604,0.017189042642712593,0.04833659529685974,0.012371480464935303,-0.007447786163538694,0.046741366386413574,0.02010706067085266,-0.034333471208810806,0.05893021821975708,0.06377464532852173,-0.04700694605708122,0.12538671493530273,0.11057531833648682,0.004438381176441908,0.09941226243972778,0.0,-0.015631332993507385,0.09425145387649536,0.014500021934509277,-0.029717927798628807,0.10543167591094971,0.06386864185333252,-0.03372945636510849,0.17716825008392334,0.11029490828514099,-0.011899210512638092,0.15597277879714966,0.01259547472000122,-0.023428024724125862,0.1426095962524414,0.009426593780517578,-0.026659246534109116,0.1430985927581787,0.043763041496276855,-0.025204043835401535
E,0.19464489817619324,0.4181166887283325,-8.594577138865134e-08,0.10466834902763367,0.3980299234390259,-0.022435856983065605,0.045024216175079346,0.3208889961242676,-0.03236730396747589,0.03399500250816345,0.22107714414596558,-0.04572537913918495,0.03989008069038391,0.14390617609024048,-0.05565061420202255,0.0350094735622406,0.16468387842178345,0.022198829799890518,0.007454812526702881,0.07074880599975586,-0.0014442761894315481,0.0,0.046479105949401855,-0.02793155238032341,0.007040113210678101,0.053473830223083496,-0.043422624468803406,0.07885953783988953,0.12802007794380188,0.016729865223169327,0.04751679301261902,0.012476354837417603,-0.00782033521682024,0.04570120573043823,0.018214404582977295,-0.03506186231970787,0.05788889527320862,0.06216418743133545,-0.048219744116067886,0.12501123547554016,0.11121883988380432,0.004743937402963638,0.09820428490638733,0.0,-0.015263108536601067,0.09345462918281555,0.011469155550003052,-0.030151428654789925,0.10458168387413025,0.05967450141906738,-0.035051897168159485,0.17640140652656555,0.11097076535224915,-0.010860121808946133,0.15404793620109558,0.013521909713745117,-0.022794391959905624,0.14155623316764832,0.00931769609451294,-0.026840172708034515,0.14244988560676575,0.04291254281997681,-0.026133541017770767
E,0.19324684143066406,0.416342556476593,-9.623843766348728e-08,0.1043139100074768,0.3949912190437317,-0.021947182714939117,0.045577287673950195,0.3209344148635864,-0.03227816894650459,0.03624927997589111,0.2245142161846161,-0.04642391577363014,0.04378828406333923,0.1488749086856842,-0.05745139718055725,0.03708326816558838,0.16583457589149475,0.020478419959545135,0.009693503379821777,0.07516899704933167,-0.003493325086310506,0.0,0.04880356788635254,-0.02952597290277481,0.00550532341003418,0.05172020196914673,-0.04509281367063522,0.08014768362045288,0.12777835130691528,0.013616595417261124,0.04933983087539673,0.010322391986846924,-0.01332041248679161,0.04687231779098511,0.019216328859329224,-0.039770085364580154,0.05931955575942993,0.06696459650993347,-0.05121314153075218,0.1258392333984375,0.11030122637748718,0.0003564975340850651,0.09927618503570557,0.0,-0.02105764113366604,0.09392929077148438,0.01596817374229431,-0.034092895686626434,0.10446339845657349,0.06542587280273438,-0.03690328449010849,0.17672550678253174,0.11129587888717651,-0.016569802537560463,0.15590572357177734,0.014861911535263062,-0.029205424711108208,0.14307630062103271,0.013109385967254639,-0.031983066350221634,0.14369648694992065,0.047934532165527344,-0.029901692643761635
E,0.19383949041366577,0.4178435802459717,-7.625290976420729e-08,0.10394817590713501,0.396795392036438,-0.020707139745354652,0.0436285138130188,0.3202575445175171,-0.029354261234402657,0.03364512324333191,0.22285661101341248,-0.042098626494407654,0.042557984590530396,0.14763143658638,-0.05192912742495537,0.03664052486419678,0.16640642285346985,0.02414807863533497,0.009181320667266846,0.07853689789772034,0.002512621460482478,0.0,0.049788832664489746,-0.022518998011946678,0.005092740058898926,0.04763591289520264,-0.0380917489528656,0.07953190803527832,0.1275387704372406,0.017093688249588013,0.04756253957748413,0.013790547847747803,-0.007293563801795244,0.044340699911117554,0.016678810119628906,-0.033795636147260666,0.0562480092048645,0.057775914669036865,-0.0461808443069458,0.12552034854888916,0.10932928323745728,0.003687737975269556,0.09769958257675171,0.0,-0.016854798421263695,0.09248125553131104,0.012980937957763672,-0.03117796778678894,0.10378742218017578,0.06087106466293335,-0.03520183265209198,0.17737287282943726,0.10919812321662903,-0.013268676586449146,0.1559535264968872,0.01220613718032837,-0.02614101953804493,0.1431446075439453,0.0095919668674469,-0.02993299625813961,0.14462018013000488,0.04449295997619629,-0.02868766151368618
E,0.19009748101234436,0.4217788577079773,-1.0823490015354764e-07,0.10185113549232483,0.40108150243759155,-0.021110866218805313,0.041716158390045166,0.3255789875984192,-0.03068283200263977,0.030610352754592896,0.22915330529212952,-0.04434225708246231,0.03828814625740051,0.15408259630203247,-0.054840680211782455,0.03576138615608215,0.16758611798286438,0.020687736570835114,0.009505420923233032,0.07724162936210632,-0.0034140674397349358,0.0,0.05290493369102478,-0.028814546763896942,0.0057173073291778564,0.05548781156539917,-0.04386555776000023,0.07876858115196228,0.12958303093910217,0.013560120016336441,0.0481548011302948,0.01136702299118042,-0.013248992152512074,0.04502800107002258,0.023197144269943237,-0.03819451108574867,0.057568758726119995,0.06976506114006042,-0.04852030798792839,0.12457337975502014,0.1122826635837555,7.1993752499111e-05,0.09775438904762268,0.0,-0.02174251712858677,0.0921798050403595,0.019520431756973267,-0.033207040280103683,0.10357770323753357,0.06986430287361145,-0.03465376794338226,0.1759222447872162,0.11269354820251465,-0.017069118097424507,0.1559106409549713,0.01282462477684021,-0.029938800260424614,0.14242753386497498,0.013356119394302368,-0.032072607427835464,0.14264151453971863,0.050448834896087646,-0.029392484575510025
E,0.18856525421142578,0.4206329584121704,-1.552977266783273e-07,0.09875482320785522,0.3982642889022827,-0.01862216740846634,0.03795710206031799,0.3233683109283447,-0.027486324310302734,0.029442161321640015,0.22700941562652588,-0.04098077118396759,0.04161953926086426,0.15419721603393555,-0.05116436630487442,0.033024728298187256,0.16400671005249023,0.02485818788409233,0.0069831013679504395,0.06879562139511108,0.0009968641679733992,0.0,0.05001664161682129,-0.02490781433880329,0.007158398628234863,0.06045195460319519,-0.039892423897981644,0.07697892189025879,0.12665432691574097,0.016954997554421425,0.04783928394317627,0.009039521217346191,-0.008749729953706264,0.045958101749420166,0.02274155616760254,-0.03444022312760353,0.058046162128448486,0.07142940163612366,-0.04531319811940193,0.12294095754623413,0.10938352346420288,0.0026637522969394922,0.09777945280075073,0.0,-0.01728094182908535,0.09260684251785278,0.0184861421585083,-0.029621027410030365,0.10326957702636719,0.06888505816459656,-0.031880687922239304,0.17401838302612305,0.10963356494903564,-0.015137533657252789,0.15347570180892944,0.013534367084503174,-0.02570142038166523,0.14040493965148926,0.012749552726745605,-0.027539672330021858,0.1411062479019165,0.047165513038635254,-0.024864500388503075
E,0.18807193636894226,0.4199864864349365,-1.9500807013628219e-07,0.09819141030311584,0.3949703574180603,-0.018118085339665413,0.0376509428024292,0.3198058605194092,-0.02781694009900093,0.0310077965259552,0.22485694289207458,-0.04266590252518654,0.04680243134498596,0.15379559993743896,-0.0541827566921711,0.034233927726745605,0.16152960062026978,0.02344994992017746,0.008175969123840332,0.06308358907699585,-0.0037261999677866697,0.0,0.05096781253814697,-0.031173130497336388,0.007736474275588989,0.0697440505027771,-0.04619668051600456,0.07812824845314026,0.12582945823669434,0.014718207530677319,0.04934605956077576,0.0058632493019104,-0.014118771068751812,0.045974165201187134,0.026634395122528076,-0.04017166793346405,0.05874326825141907,0.0804106593132019,-0.050166305154561996,0.12421700358390808,0.10980811715126038,-0.0005375442560762167,0.0990886390209198,0.0,-0.02234284207224846,0.09250196814537048,0.022305071353912354,-0.034537699073553085,0.10396537184715271,0.07503440976142883,-0.03589724376797676,0.17561808228492737,0.11105239391326904,-0.019269617274403572,0.15585055947303772,0.013944387435913086,-0.030246486887335777,0.14160022139549255,0.014750480651855469,-0.03180713579058647,0.14207670092582703,0.050740718841552734,-0.028602518141269684
E,0.18675199151039124,0.4214175045490265,-2.3528320980403805e-07,0.09733572602272034,0.39743247628211975,-0.016691137105226517,0.03636863827705383,0.32300421595573425,-0.02516505867242813,0.026665806770324707,0.22879013419151306,-0.038966383785009384,0.03773018717765808,0.15606167912483215,-0.04949863255023956,0.03505408763885498,0.16262242197990417,0.026021622121334076,0.00848415493965149,0.0659831166267395,0.0015592783456668258,0.0,0.05415746569633484,-0.02376239001750946,0.006534785032272339,0.06780016422271729,-0.038102347403764725,0.07829412817955017,0.1266430914402008,0.016846276819705963,0.049877315759658813,0.008060425519943237,-0.011119745671749115,0.04562315344810486,0.031168371438980103,-0.03594057261943817,0.05725476145744324,0.0845586359500885,-0.04493970796465874,0.12339600920677185,0.11007103323936462,0.0013182935072109103,0.09773150086402893,0.0,-0.01965237595140934,0.09074512124061584,0.02482151985168457,-0.030252773314714432,0.10121682286262512,0.07679498195648193,-0.030486080795526505,0.17338308691978455,0.11051172018051147,-0.01760873943567276,0.15239688754081726,0.014309853315353394,-0.027927104383707047,0.13791462779045105,0.016623884439468384,-0.028480177745223045,0.13826116919517517,0.05123862624168396,-0.024517258629202843
E,0.18205350637435913,0.4203657805919647,-2.8655836104007903e-07,0.09343034029006958,0.3969152867794037,-0.019749194383621216,0.03249582648277283,0.3223942816257477,-0.031125470995903015,0.025758981704711914,0.22710728645324707,-0.04749961569905281,0.03994804620742798,0.15380170941352844,-0.05994567275047302,0.03161856532096863,0.1570204496383667,0.019871843978762627,0.0051354169845581055,0.05427756905555725,-0.01036421675235033,0.0,0.0555291473865509,-0.03795807063579559,0.010642051696777344,0.08545497059822083,-0.05194675922393799,0.07604372501373291,0.12356835603713989,0.011660768650472164,0.0495564341545105,0.002398759126663208,-0.02027583308517933,0.047489821910858154,0.037431418895721436,-0.044712696224451065,0.05990570783615112,0.09781697392463684,-0.05219227820634842,0.12235355377197266,0.10990151762962341,-0.003436023136600852,0.09892880916595459,0.0,-0.02732170931994915,0.09268653392791748,0.032627224922180176,-0.03698604181408882,0.10246783494949341,0.08853685855865479,-0.03556447476148605,0.17289847135543823,0.11298853158950806,-0.02207738161087036,0.1537531018257141,0.015972167253494263,-0.03369978815317154,0.1400541067123413,0.022892504930496216,-0.03376135602593422,0.13944000005722046,0.06040194630622864,-0.028858739882707596
E,0.17320245504379272,0.42178022861480713,-3.445991012540617e-07,0.08395117521286011,0.39810389280319214,-0.01792377233505249,0.025605618953704834,0.3233640193939209,-0.02935909293591976,0.021365463733673096,0.22756463289260864,-0.046147421002388,0.034586191177368164,0.15515974164009094,-0.05894235521554947,0.02543586492538452,0.1593618094921112,0.01931985653936863,0.0009072422981262207,0.050308048725128174,-0.012753613293170929,0.0,0.060890018939971924,-0.04167108237743378,0.013623863458633423,0.101249098777771,-0.05589401349425316,0.07072967290878296,0.12658172845840454,0.009854246862232685,0.04803812503814697,0.0023221373558044434,-0.022475987672805786,0.04637563228607178,0.03773409128189087,-0.04729760065674782,0.05841803550720215,0.09974640607833862,-0.05531615763902664,0.11734664440155029,0.11334043741226196,-0.0064667630940675735,0.09866619110107422,0.0,-0.0295866746455431,0.09295880794525146,0.0303000807762146,-0.03895258158445358,0.10154879093170166,0.08594256639480591,-0.03801474720239639,0.16781681776046753,0.11798512935638428,-0.026273591443896294,0.15170681476593018,0.021600186824798584,-0.03702160343527794,0.1388026475906372,0.025473326444625854,-0.036725085228681564,0.13668012619018555,0.0596235990524292,-0.0320340059697628
E,0.1704767346382141,0.4233544021844864,-4.106551614313503e-07,0.08174377679824829,0.399710550904274,-0.018711209297180176,0.021474719047546387,0.3233947306871414,-0.03074965812265873,0.019384950399398804,0.22750572860240936,-0.04842435568571091,0.03927278518676758,0.15853141248226166,-0.06129685789346695,0.02324014902114868,0.15553240478038788,0.019039887934923172,0.0,0.042021408677101135,-0.01513175293803215,0.0002631545066833496,0.07165999710559845,-0.04478035122156143,0.015668511390686035,0.127168670296669,-0.058928485959768295,0.06872504949569702,0.12525759637355804,0.009629692882299423,0.04662203788757324,0.0,-0.023236891254782677,0.04280996322631836,0.04315616190433502,-0.04744305834174156,0.053724050521850586,0.10852880775928497,-0.05491907149553299,0.11533594131469727,0.11399103701114655,-0.007143527269363403,0.09648352861404419,0.00017912685871124268,-0.03032723441720009,0.08897316455841064,0.035614028573036194,-0.03862558305263519,0.09649157524108887,0.09305422008037567,-0.03684292733669281,0.16604667901992798,0.11963222920894623,-0.02759818732738495,0.14923369884490967,0.022404000163078308,-0.037550583481788635,0.13530594110488892,0.03094424307346344,-0.03613530471920967,0.13327711820602417,0.06799273192882538,-0.03067792020738125
E,0.17051762342453003,0.4212474822998047,-4.2925879029098724e-07,0.08024072647094727,0.3973526954650879,-0.018309395760297775,0.01977875828742981,0.3216143846511841,-0.030619468539953232,0.017303109169006348,0.224684476852417,-0.048520527780056,0.03615570068359375,0.15459781885147095,-0.0617082454264164,0.02148270606994629,0.15616124868392944,0.017644919455051422,0.0,0.04065757989883423,-0.016519395634531975,0.0008839070796966553,0.06953299045562744,-0.04554474726319313,0.01498192548751831,0.12390246987342834,-0.05917425453662872,0.06808555126190186,0.12521019577980042,0.00807708315551281,0.04678875207901001,0.0,-0.025021297857165337,0.04406923055648804,0.04550155997276306,-0.047946780920028687,0.0537724494934082,0.11173480749130249,-0.054339684545993805,0.11562800407409668,0.1134328842163086,-0.008679707534611225,0.09767067432403564,0.0001321732997894287,-0.03219209983944893,0.09195947647094727,0.03875976800918579,-0.03878464549779892,0.09867751598358154,0.09743091464042664,-0.035692088305950165,0.1666351556777954,0.11844366788864136,-0.028982114046812057,0.15026307106018066,0.02171158790588379,-0.038642968982458115,0.1385875940322876,0.035043179988861084,-0.035653550177812576,0.1370866894721985,0.07474133372306824,-0.02905062772333622
E,0.16856539249420166,0.42074035108089447,-3.7866902857786044e-07,0.07996755838394165,0.39817099273204803,-0.019577475264668465,0.018183887004852295,0.3236885517835617,-0.03235577419400215,0.012592703104019165,0.22751913964748383,-0.050298549234867096,0.03189671039581299,0.15752588212490082,-0.0636676698923111,0.020641624927520752,0.158052459359169,0.01536702923476696,8.350610733032227e-05,0.04249517619609833,-0.01798182725906372,0.0,0.06546719372272491,-0.046172674745321274,0.0129929780960083,0.11432962119579315,-0.0596223883330822,0.06770867109298706,0.12729264795780182,0.006416625808924437,0.04771226644515991,0.0005194693803787231,-0.02599072828888893,0.04680812358856201,0.042900726199150085,-0.04823619872331619,0.057566702365875244,0.1053045243024826,-0.05453502759337425,0.11588835716247559,0.11540399491786957,-0.009556752629578114,0.09910213947296143,0.0,-0.032781410962343216,0.09518170356750488,0.037910208106040955,-0.03858213126659393,0.10317820310592651,0.09516088664531708,-0.03530006483197212,0.16748523712158203,0.12012501060962677,-0.029144275933504105,0.15189439058303833,0.02400200068950653,-0.03894650191068649,0.14131516218185425,0.03922735154628754,-0.03555881977081299,0.1408488154411316,0.07946471869945526,-0.028879128396511078
E,0.16726040840148926,0.41979628801345825,-3.423998009566276e-07,0.07874423265457153,0.3955407738685608,-0.0183566827327013,0.01690608263015747,0.318758487701416,-0.03038409911096096,0.012325525283813477,0.22170346975326538,-0.04756668210029602,0.030785322189331055,0.15020638704299927,-0.060821641236543655,0.02083587646484375,0.15671542286872864,0.015873990952968597,0.0020346641540527344,0.04293385148048401,-0.015968209132552147,0.0,0.05323511362075806,-0.04352717101573944,0.00869712233543396,0.0934796929359436,-0.05699313431978226,0.06793135404586792,0.12645035982131958,0.006461266428232193,0.05013632774353027,0.0012345314025878906,-0.025659915059804916,0.048488736152648926,0.03730279207229614,-0.04857868328690529,0.05624890327453613,0.09799996018409729,-0.05554503947496414,0.11657613515853882,0.11511167883872986,-0.00958210788667202,0.10215497016906738,0.0,-0.03337595611810684,0.09855091571807861,0.033640146255493164,-0.040485505014657974,0.10470831394195557,0.08999139070510864,-0.03808353468775749,0.1683577299118042,0.1207318902015686,-0.02895035780966282,0.15411049127578735,0.024907439947128296,-0.03990944102406502,0.14443820714950562,0.03676807880401611,-0.0375228077173233,0.14293122291564941,0.075167715549469,-0.03143901750445366
E,0.16850018501281738,0.4200896620750427,-2.4465066417178605e-07,0.07894879579544067,0.39385706186294556,-0.018379725515842438,0.016770660877227783,0.3178967833518982,-0.028969161212444305,0.009265303611755371,0.2211962342262268,-0.04443276301026344,0.026357650756835938,0.14904439449310303,-0.05682053416967392,0.022241294384002686,0.16056326031684875,0.01856662705540657,0.0023764967918395996,0.05446621775627136,-0.00885085016489029,0.0,0.04967916011810303,-0.03487128019332886,0.00841432809829712,0.07030490040779114,-0.04913252964615822,0.06943255662918091,0.1294342577457428,0.009328429587185383,0.05016666650772095,0.0030368566513061523,-0.021543798968195915,0.04899841547012329,0.02987709641456604,-0.04657522961497307,0.057944655418395996,0.08337396383285522,-0.055491335690021515,0.11798053979873657,0.11768460273742676,-0.005995067302137613,0.1028253436088562,0.0,-0.02992912381887436,0.09890437126159668,0.027510881423950195,-0.0401681512594223,0.10638695955276489,0.08046752214431763,-0.04003667086362839,0.17075788974761963,0.12334167957305908,-0.02443903125822544,0.15605974197387695,0.026608169078826904,-0.036627307534217834,0.14582479000091553,0.03424102067947388,-0.03643828257918358,0.14530736207962036,0.06953996419906616,-0.032124459743499756
E,0.16838443279266357,0.41958969831466675,-2.2098090823874372e-07,0.07935911417007446,0.39493805170059204,-0.019116433337330818,0.017163991928100586,0.3189559578895569,-0.029354577884078026,0.005928099155426025,0.22196346521377563,-0.04426068440079689,0.018984675407409668,0.1483098864555359,-0.05611926689743996,0.022631049156188965,0.16110727190971375,0.01942039094865322,0.0029720067977905273,0.05884501338005066,-0.006893587298691273,0.0,0.049729347229003906,-0.032398708164691925,0.00830012559890747,0.06552615761756897,-0.04663298651576042,0.06885051727294922,0.12873977422714233,0.01083848811686039,0.04977446794509888,0.004585683345794678,-0.020042555406689644,0.04847604036331177,0.030899882316589355,-0.04501080513000488,0.05743187665939331,0.08483552932739258,-0.05353306606411934,0.11675214767456055,0.11599740386009216,-0.0038450707215815783,0.10103613138198853,0.0,-0.028262410312891006,0.09737884998321533,0.02870076894760132,-0.03834244981408119,0.10510766506195068,0.0825859010219574,-0.03757574409246445,0.16856169700622559,0.12056922912597656,-0.021668946370482445,0.15353769063949585,0.02604919672012329,-0.03448309749364853,0.14344137907028198,0.034076154232025146,-0.03450268879532814,0.14340126514434814,0.06964468955993652,-0.029904073104262352
E,0.1666320264339447,0.41751861572265625,-1.826301030405375e-07,0.07708439230918884,0.39147794246673584,-0.01785401813685894,0.01612803339958191,0.31560230255126953,-0.027285095304250717,0.006691038608551025,0.22032439708709717,-0.04133448004722595,0.022033363580703735,0.14956024289131165,-0.05268405005335808,0.022826284170150757,0.1621430516242981,0.020306959748268127,0.0028566718101501465,0.06505712866783142,-0.00305061973631382,0.0,0.05106636881828308,-0.026790665462613106,0.008136868476867676,0.060297608375549316,-0.04077192395925522,0.06802931427955627,0.12863293290138245,0.011619933880865574,0.04840591549873352,0.006187915802001953,-0.01653626188635826,0.048383504152297974,0.02890801429748535,-0.03999684378504753,0.05726054310798645,0.08004605770111084,-0.04813496395945549,0.11564961075782776,0.11547952890396118,-0.0027916289400309324,0.09945055842399597,0.0,-0.025324614718556404,0.09642806649208069,0.025592118501663208,-0.03443493694067001,0.10311570763587952,0.07687699794769287,-0.03355634585022926,0.16747155785560608,0.12084630131721497,-0.02019871212542057,0.15279999375343323,0.026835232973098755,-0.031994402408599854,0.1427476704120636,0.03329658508300781,-0.03114522248506546,0.1416807472705841,0.06721523404121399,-0.0261671245098114
E,0.16683489084243774,0.4149145185947418,-1.5786541496254358e-07,0.07612365484237671,0.3885781466960907,-0.018967829644680023,0.015652835369110107,0.3127994239330292,-0.028013035655021667,0.0053133368492126465,0.21513468027114868,-0.04124525189399719,0.016807734966278076,0.1419631838798523,-0.0516531728208065,0.02277296781539917,0.15937656164169312,0.022859150543808937,0.0024130046367645264,0.06425094604492188,0.0012167514069005847,0.0,0.049129873514175415,-0.02245323173701763,0.008032023906707764,0.05613395571708679,-0.036928851157426834,0.06836795806884766,0.12649032473564148,0.015428668819367886,0.04796653985977173,0.006276041269302368,-0.010850124061107635,0.04869639873504639,0.02591654658317566,-0.03557364270091057,0.05773884057998657,0.07432040572166443,-0.045492567121982574,0.11597311496734619,0.11433225870132446,0.0021609680261462927,0.09939819574356079,0.0,-0.019538508728146553,0.09656786918640137,0.022677510976791382,-0.03039408288896084,0.1032642126083374,0.07263737916946411,-0.03133828938007355,0.1681157350540161,0.12042653560638428,-0.014104397036135197,0.1530524492263794,0.02790999412536621,-0.02614012360572815,0.14323103427886963,0.03223729133605957,-0.026718588545918465,0.14237284660339355,0.06374266743659973,-0.023081151768565178
E,0.16704553365707397,0.4145551323890686,-1.5757169080643507e-07,0.07632631063461304,0.3904242515563965,-0.018121402710676193,0.014394819736480713,0.3131983280181885,-0.02616102434694767,0.0007472038269042969,0.2150726318359375,-0.038335442543029785,0.00989389419555664,0.1419190764427185,-0.047630537301301956,0.022909879684448242,0.1613108515739441,0.022758999839425087,0.0025283396244049072,0.0661180317401886,0.0016176095232367516,0.0,0.04834383726119995,-0.021149534732103348,0.007671773433685303,0.05417218804359436,-0.034923698753118515,0.06765776872634888,0.12759962677955627,0.01514182798564434,0.04767698049545288,0.007976055145263672,-0.010755011811852455,0.048676252365112305,0.025693893432617188,-0.034156106412410736,0.05729866027832031,0.07366979122161865,-0.043048787862062454,0.11498695611953735,0.11416229605674744,0.0017980590928345919,0.09858155250549316,0.0,-0.01976366899907589,0.0963054895401001,0.022192001342773438,-0.029163118451833725,0.1028369665145874,0.07148933410644531,-0.029052037745714188,0.16673308610916138,0.11880454421043396,-0.014474528841674328,0.15165454149246216,0.026777207851409912,-0.026647722348570824,0.1422596573829651,0.03266400098800659,-0.026318853721022606,0.1418321132659912,0.06542325019836426,-0.021840885281562805
E,0.16621068120002747,0.411432147026062,-1.5781675699599873e-07,0.07593122124671936,0.3867751359939575,-0.01725221425294876,0.012809544801712036,0.3102104067802429,-0.02544587105512619,0.0,0.2107468843460083,-0.03808693215250969,0.011729210615158081,0.13635224103927612,-0.04773057997226715,0.021953433752059937,0.16123756766319275,0.023357508704066277,0.002118617296218872,0.06559240818023682,0.002147958381101489,0.00017023086547851562,0.04871946573257446,-0.020051684230566025,0.007256120443344116,0.056680113077163696,-0.03323708102107048,0.06614062190055847,0.12739905714988708,0.015506998635828495,0.04755327105522156,0.0075626373291015625,-0.010435597039759159,0.05000486969947815,0.028369665145874023,-0.03255069628357887,0.057258158922195435,0.07950329780578613,-0.040202293545007706,0.11316034197807312,0.11337029933929443,0.001942285685800016,0.09778985381126404,0.0,-0.019788112491369247,0.09684184193611145,0.026614785194396973,-0.027441680431365967,0.10178807377815247,0.07893666625022888,-0.025738868862390518,0.16419610381126404,0.11708235740661621,-0.014445130713284016,0.1494215428829193,0.0268574059009552,-0.02611597254872322,0.1407773196697235,0.03689384460449219,-0.024305012077093124,0.13959261775016785,0.07260847091674805,-0.01855853572487831
E,0.16544267535209656,0.40941718220710754,-1.4354367294799886e-07,0.07646772265434265,0.38577738404273987,-0.018446432426571846,0.01582208275794983,0.3079818785190582,-0.02637140080332756,0.0032077133655548096,0.20952928066253662,-0.03825495019555092,0.01149699091911316,0.13660341501235962,-0.047196682542562485,0.023100167512893677,0.15970006585121155,0.0214677881449461,0.0030591487884521484,0.06369826197624207,0.00017585422028787434,0.0,0.04466012120246887,-0.022418994456529617,0.007320016622543335,0.05184474587440491,-0.03569439798593521,0.06781163811683655,0.12584620714187622,0.014434230513870716,0.04767289757728577,0.00613972544670105,-0.011220431886613369,0.04876866936683655,0.0231492817401886,-0.034536782652139664,0.05742177367210388,0.07172137498855591,-0.043273571878671646,0.1152476966381073,0.11292955279350281,0.0018225793028250337,0.09931519627571106,0.0,-0.019843870773911476,0.09805247187614441,0.022564202547073364,-0.029658472165465355,0.10521414875984192,0.07283809781074524,-0.029651600867509842,0.16725566983222961,0.11794665455818176,-0.013623797334730625,0.15300729870796204,0.026608765125274658,-0.02596340887248516,0.1437545120716095,0.0322628915309906,-0.025898706167936325,0.1432553231716156,0.06583771109580994,-0.021430006250739098
E,0.16495078802108765,0.40756332874298096,-1.645156970653261e-07,0.07612287998199463,0.3831368088722229,-0.017045196145772934,0.01601552963256836,0.30922621488571167,-0.025522315874695778,0.0035262703895568848,0.21294304728507996,-0.03836959972977638,0.01165771484375,0.14166322350502014,-0.04830385372042656,0.02353537082672119,0.157194584608078,0.021962996572256088,0.0028723180294036865,0.06106919050216675,-0.00011674872075673193,0.0,0.045730799436569214,-0.023119574412703514,0.00732874870300293,0.057077378034591675,-0.03635181114077568,0.06761723756790161,0.12393251061439514,0.014021546579897404,0.04777568578720093,0.005575060844421387,-0.011740549467504025,0.049736082553863525,0.02483382821083069,-0.03467234596610069,0.05849957466125488,0.07472336292266846,-0.04301720857620239,0.11462384462356567,0.11103618144989014,0.00047250205534510314,0.09863322973251343,0.0,-0.020927395671606064,0.0975881814956665,0.02366703748703003,-0.029945041984319687,0.1040152907371521,0.07404264807701111,-0.02931406907737255,0.16568470001220703,0.11620202660560608,-0.015848208218812943,0.15081286430358887,0.026202797889709473,-0.02750989980995655,0.14208054542541504,0.031827688217163086,-0.026668541133403778,0.1414954662322998,0.06463325023651123,-0.02158774808049202
E,0.1695769727230072,0.40900230407714844,-1.2334193399965443e-07,0.07947418093681335,0.3833848834037781,-0.018950173631310463,0.01789340376853943,0.30819517374038696,-0.027350451797246933,0.0036216378211975098,0.20929020643234253,-0.039644334465265274,0.00996580719947815,0.13486403226852417,-0.04905054718255997,0.024446040391921997,0.15664002299308777,0.023181021213531494,0.003388434648513794,0.0640852153301239,0.0021999829914420843,0.0,0.04149174690246582,-0.02085093967616558,0.006594449281692505,0.04379713535308838,-0.03485851734876633,0.06960728764533997,0.1234942078590393,0.01616843044757843,0.04893115162849426,0.0069408416748046875,-0.009729355573654175,0.0511116087436676,0.021361052989959717,-0.03407415747642517,0.05995824933052063,0.06685090065002441,-0.04363991692662239,0.11718675494194031,0.11075615882873535,0.0034286777954548597,0.10198095440864563,0.0,-0.019112348556518555,0.10140195488929749,0.02223747968673706,-0.029375148937106133,0.1081644594669342,0.07165241241455078,-0.02943297103047371,0.16920152306556702,0.1159626841545105,-0.012200145050883293,0.15503337979316711,0.02608036994934082,-0.025253791362047195,0.14611831307411194,0.030813217163085938,-0.025490667670965195,0.14520087838172913,0.06219196319580078,-0.02107946388423443
E,0.16578903794288635,0.40966305136680603,-1.2834738072342589e-07,0.07841655611991882,0.3848485052585602,-0.02005602791905403,0.01825043559074402,0.30898019671440125,-0.029401136562228203,0.0038245022296905518,0.21101486682891846,-0.04254978895187378,0.010964065790176392,0.13672301173210144,-0.05271875113248825,0.02321895956993103,0.15965944528579712,0.021309977397322655,0.002878904342651367,0.06595146656036377,-0.0006441536243073642,0.0,0.04565313458442688,-0.024066848680377007,0.00684770941734314,0.04983076453208923,-0.03822594881057739,0.06803140044212341,0.1260128915309906,0.014580789022147655,0.04839542508125305,0.00710722804069519,-0.012403292581439018,0.050528913736343384,0.025415420532226562,-0.03667154163122177,0.05850902199745178,0.0736829936504364,-0.04593304917216301,0.11524590849876404,0.1127837598323822,0.0020633472595363855,0.09958633780479431,0.0,-0.020670302212238312,0.0982724130153656,0.02343013882637024,-0.030395790934562683,0.10400381684303284,0.07348960638046265,-0.030111005529761314,0.16664966940879822,0.11756351590156555,-0.013424517586827278,0.15207305550575256,0.026536673307418823,-0.026070985943078995,0.14294776320457458,0.03258591890335083,-0.025819821283221245,0.14177480340003967,0.06521540880203247,-0.021213088184595108
E,0.16704368591308594,0.40808600187301636,-1.3345707827738806e-07,0.07884573936462402,0.38484805822372437,-0.02062804251909256,0.018131375312805176,0.3087106943130493,-0.029171720147132874,0.0013504326343536377,0.20856669545173645,-0.04132472723722458,0.005064904689788818,0.1325438916683197,-0.05022843927145004,0.0236361026763916,0.1599382758140564,0.022731652483344078,0.0030412673950195312,0.06511348485946655,0.0011968219187110662,0.0,0.04492202401161194,-0.02204071171581745,0.006871402263641357,0.050831139087677,-0.03585076704621315,0.06810492277145386,0.1259872317314148,0.016962062567472458,0.04831653833389282,0.007662415504455566,-0.009176925756037235,0.05012476444244385,0.025268614292144775,-0.03336534649133682,0.05798494815826416,0.0736156702041626,-0.04270926117897034,0.11514878273010254,0.11249110102653503,0.00523030711337924,0.09962242841720581,0.0,-0.017187664285302162,0.09824961423873901,0.023033738136291504,-0.027207911014556885,0.10423010587692261,0.07334733009338379,-0.027178430929780006,0.16652363538742065,0.11675557494163513,-0.009490770287811756,0.1524900197982788,0.026028066873550415,-0.022198336198925972,0.14345526695251465,0.0323638916015625,-0.02228948473930359,0.14236891269683838,0.06610339879989624,-0.017855044454336166
E,0.16497981548309326,0.4069691300392151,-1.0219680035561396e-07,0.07487410306930542,0.3781203627586365,-0.015767613425850868,0.014861702919006348,0.30065882205963135,-0.021720323711633682,0.0002720355987548828,0.20261868834495544,-0.03206371143460274,0.005532264709472656,0.13066363334655762,-0.03987804055213928,0.023147642612457275,0.15892434120178223,0.027302492409944534,0.0032549500465393066,0.06867611408233643,0.009502078406512737,0.0,0.04406321048736572,-0.011391282081604004,0.005372345447540283,0.04334014654159546,-0.024449801072478294,0.06746703386306763,0.12481307983398438,0.01986309140920639,0.046923696994781494,0.009546786546707153,-0.004017460159957409,0.049784064292907715,0.022167503833770752,-0.027315355837345123,0.05818599462509155,0.0670807957649231,-0.036198996007442474,0.11454904079437256,0.11079287528991699,0.0070753502659499645,0.09864950180053711,0.0,-0.01343217957764864,0.0978308916091919,0.019463658332824707,-0.022701989859342575,0.10353255271911621,0.06721866130828857,-0.02220686711370945,0.16507279872894287,0.11560767889022827,-0.00824736338108778,0.15032684803009033,0.027227401733398438,-0.01929573342204094,0.14160609245300293,0.029902398586273193,-0.018412189558148384,0.14068657159805298,0.05921944975852966,-0.013287628069519997
E,0.16521379351615906,0.4096840023994446,-1.5501511541060609e-07,0.07890650629997253,0.38490909337997437,-0.020014150068163872,0.017473191022872925,0.30929869413375854,-0.029245004057884216,0.0,0.20972824096679688,-0.04248134046792984,0.0033253729343414307,0.13240373134613037,-0.052481018006801605,0.023970335721969604,0.15819254517555237,0.02206813544034958,0.004364043474197388,0.06447383761405945,-0.0010118411155417562,0.0010672509670257568,0.04619872570037842,-0.0243013147264719,0.007391124963760376,0.05245661735534668,-0.03787346929311752,0.06859919428825378,0.12468680739402771,0.015245703980326653,0.0493905246257782,0.006221652030944824,-0.013490482233464718,0.05172261595726013,0.02986353635787964,-0.03679368644952774,0.059634655714035034,0.08207520842552185,-0.04427008703351021,0.11619541049003601,0.11160105466842651,0.002395142335444689,0.10051295161247253,0.0,-0.022755105048418045,0.09914860129356384,0.03064468502998352,-0.03126779943704605,0.10441175103187561,0.08481907844543457,-0.028773661702871323,0.1681315004825592,0.11626407504081726,-0.013353287242352962,0.15375861525535583,0.026715725660324097,-0.027990488335490227,0.1442072093486786,0.03802824020385742,-0.02751799114048481,0.14233335852622986,0.07495635747909546,-0.021767424419522285
E,0.16412794589996338,0.408610463142395,-1.6802290758732852e-07,0.07777643203735352,0.3842175006866455,-0.02088949829339981,0.018024325370788574,0.30896198749542236,-0.03049502521753311,0.0013175606727600098,0.2098662555217743,-0.043742455542087555,0.002503514289855957,0.13254642486572266,-0.053601790219545364,0.02262258529663086,0.1570582091808319,0.0200753603130579,0.0026726126670837402,0.059482455253601074,-0.003503769403323531,0.0,0.04417675733566284,-0.027265919372439384,0.007067203521728516,0.05433136224746704,-0.04083036631345749,0.06789016723632812,0.12433567643165588,0.013784161768853664,0.048696160316467285,0.004078000783920288,-0.013937907293438911,0.05090051889419556,0.026633381843566895,-0.03768639266490936,0.059332966804504395,0.07735282182693481,-0.04617343470454216,0.11562305688858032,0.11224174499511719,0.001451832358725369,0.10027956962585449,0.0,-0.022040195763111115,0.09906351566314697,0.026553869247436523,-0.03179755434393883,0.10527348518371582,0.07810476422309875,-0.0311827901750803,0.16750121116638184,0.11750876903533936,-0.013901124708354473,0.15359961986541748,0.02618587017059326,-0.02714819274842739,0.14494121074676514,0.03445509076118469,-0.027340561151504517,0.14408904314041138,0.0695619285106659,-0.022816801443696022
E,0.16191011667251587,0.4117671251296997,-2.0009569823287165e-07,0.073647141456604,0.3848690986633301,-0.015903161838650703,0.014886140823364258,0.3111864924430847,-0.0241107027977705,0.002763986587524414,0.21498483419418335,-0.03739164397120476,0.008697986602783203,0.14310598373413086,-0.0477583184838295,0.021075785160064697,0.15610668063163757,0.024759195744991302,0.002514779567718506,0.06016579270362854,0.0013706304598599672,0.0,0.047392189502716064,-0.02219020202755928,0.006674647331237793,0.06038624048233032,-0.03538518026471138,0.06577593088150024,0.1236753761768341,0.015648527070879936,0.0476459264755249,0.005186915397644043,-0.012532814405858517,0.04971206188201904,0.03231939673423767,-0.035489488393068314,0.05738776922225952,0.08632242679595947,-0.042575426399707794,0.11311203241348267,0.1113535463809967,0.0007010221015661955,0.09888428449630737,0.0,-0.02315455488860607,0.0977022647857666,0.033025115728378296,-0.030906734988093376,0.10301589965820312,0.08783987164497375,-0.027920281514525414,0.16411268711090088,0.11736109852790833,-0.01693308912217617,0.1504153609275818,0.026655733585357666,-0.02922576293349266,0.1414428949356079,0.038472533226013184,-0.02701462432742119,0.13998818397521973,0.07476890087127686,-0.020196979865431786
E,0.16140329837799072,0.41203826665878296,-2.1395103999566345e-07,0.07333314418792725,0.38633137941360474,-0.016231009736657143,0.014922559261322021,0.31183701753616333,-0.024629643186926842,0.0031843185424804688,0.21509438753128052,-0.03796759992837906,0.007775008678436279,0.14316362142562866,-0.04822229593992233,0.020556628704071045,0.15613004565238953,0.023481350392103195,0.0021967291831970215,0.057051271200180054,-0.0006870281067676842,0.0,0.046974390745162964,-0.024613769724965096,0.007153570652008057,0.06433835625648499,-0.037689171731472015,0.06561452150344849,0.12405776977539062,0.014600807800889015,0.047767043113708496,0.004643529653549194,-0.013262440450489521,0.04986250400543213,0.0316544771194458,-0.03615885227918625,0.05776244401931763,0.0862913727760315,-0.043504416942596436,0.11304008960723877,0.11198195815086365,-0.00019564504327718168,0.09854751825332642,0.0,-0.02331356145441532,0.09728389978408813,0.03136131167411804,-0.03138303756713867,0.10279250144958496,0.08585476875305176,-0.029127787798643112,0.1640499234199524,0.1175926923751831,-0.01776459999382496,0.15044522285461426,0.026075005531311035,-0.029809655621647835,0.1417279839515686,0.037139326333999634,-0.02809211239218712,0.14051997661590576,0.07378166913986206,-0.021915869787335396
E,0.15989196300506592,0.4089577794075012,-2.4873651227608207e-07,0.07321226596832275,0.38249969482421875,-0.01816014014184475,0.014238059520721436,0.30893653631210327,-0.028292303904891014,0.0,0.2114664912223816,-0.04309829697012901,0.0015967488288879395,0.13532906770706177,-0.05398319289088249,0.01920473575592041,0.1514366865158081,0.021553006023168564,0.0015982389450073242,0.04844319820404053,-0.005536497570574284,0.0007485747337341309,0.04577678442001343,-0.030444923788309097,0.008060932159423828,0.07181352376937866,-0.04303077608346939,0.06466025114059448,0.12040042877197266,0.013659815303981304,0.04803323745727539,0.001614212989807129,-0.015667935833334923,0.050531089305877686,0.03479206562042236,-0.03772416338324547,0.05742299556732178,0.09207266569137573,-0.04388285055756569,0.11248761415481567,0.10977146029472351,-0.0006210202700458467,0.09958124160766602,0.0,-0.024386707693338394,0.0985487699508667,0.03574734926223755,-0.03038516268134117,0.10245460271835327,0.09119883179664612,-0.026282809674739838,0.1630624532699585,0.11721649765968323,-0.017874279990792274,0.15117210149765015,0.027161002159118652,-0.029317539185285568,0.14253783226013184,0.039034485816955566,-0.026145461946725845,0.1396491527557373,0.07405418157577515,-0.01863778755068779
E,0.1580548882484436,0.40829092264175415,-2.6478909376237425e-07,0.07206344604492188,0.3823125958442688,-0.01870814338326454,0.014341413974761963,0.3084060549736023,-0.029512125998735428,0.0016808509826660156,0.21051961183547974,-0.04497785493731499,0.0029343366622924805,0.1334974467754364,-0.05641070753335953,0.01806551218032837,0.1517857313156128,0.02019871212542057,0.0005239248275756836,0.04507163166999817,-0.009059111587703228,0.0,0.04504626989364624,-0.035403888672590256,0.007963776588439941,0.07646718621253967,-0.048212822526693344,0.06395614147186279,0.12094268202781677,0.012267738580703735,0.04781818389892578,0.000546872615814209,-0.017873289063572884,0.04978221654891968,0.03405258059501648,-0.04074082896113396,0.0563395619392395,0.09266501665115356,-0.047476209700107574,0.11198210716247559,0.11030453443527222,-0.0022627173457294703,0.09962081909179688,0.0,-0.0263447854667902,0.09823065996170044,0.035197556018829346,-0.03338274359703064,0.10212516784667969,0.0912325382232666,-0.030155515298247337,0.1627407670021057,0.11725613474845886,-0.019832395017147064,0.1508493423461914,0.026385098695755005,-0.03145813196897507,0.14239180088043213,0.03854122757911682,-0.02894260548055172,0.13967281579971313,0.07514408230781555,-0.02204432338476181
E,0.16074103116989136,0.4079951345920563,-2.4535029297112487e-07,0.07368695735931396,0.38246235251426697,-0.019533954560756683,0.015141844749450684,0.30778768658638,-0.03048064559698105,0.003944694995880127,0.21056780219078064,-0.045993365347385406,0.009068012237548828,0.13390681147575378,-0.05798916891217232,0.019397437572479248,0.15227636694908142,0.019087601453065872,0.0025060176849365234,0.050663888454437256,-0.010092910379171371,0.0,0.04326096177101135,-0.03638002276420593,0.006412029266357422,0.06544935703277588,-0.04972972720861435,0.06556200981140137,0.12108048796653748,0.010790998116135597,0.048747897148132324,0.0009473860263824463,-0.02220379188656807,0.04901951551437378,0.0347006618976593,-0.04616611450910568,0.05555129051208496,0.09343108534812927,-0.05256257578730583,0.11404228210449219,0.10974827408790588,-0.003975532483309507,0.10174298286437988,0.0,-0.031314000487327576,0.09876984357833862,0.03627946972846985,-0.040095485746860504,0.10312819480895996,0.09278932213783264,-0.036764923483133316,0.1659078598022461,0.11597853899002075,-0.02164359949529171,0.1531449556350708,0.02555564045906067,-0.035611413419246674,0.1434904932975769,0.03860148787498474,-0.03430825471878052,0.1412702202796936,0.07604685425758362,-0.02758532203733921
E,0.15921342372894287,0.4082735776901245,-2.414992366084334e-07,0.07223290205001831,0.3832781910896301,-0.018037596717476845,0.013397455215454102,0.3094296455383301,-0.028137831017374992,0.0008512735366821289,0.21253043413162231,-0.04292316734790802,0.003570258617401123,0.13782596588134766,-0.05415317043662071,0.017491281032562256,0.15228208899497986,0.020514564588665962,0.0009095668792724609,0.05145376920700073,-0.007083762437105179,0.0,0.04535931348800659,-0.03242674097418785,0.006609916687011719,0.06874433159828186,-0.04543376341462135,0.06366705894470215,0.1203669011592865,0.012035232037305832,0.04713296890258789,0.001685500144958496,-0.018832270056009293,0.04994302988052368,0.034339725971221924,-0.04168911650776863,0.056171298027038574,0.09239757061004639,-0.04794948548078537,0.11199700832366943,0.1089128851890564,-0.0026916852220892906,0.09943240880966187,0.0,-0.02823842689394951,0.09897357225418091,0.03670281171798706,-0.03525734320282936,0.10262793302536011,0.09306508302688599,-0.031275998800992966,0.16319257020950317,0.11581847071647644,-0.020249921828508377,0.15067631006240845,0.02743828296661377,-0.03318144381046295,0.14247488975524902,0.04103538393974304,-0.03064502589404583,0.13983815908432007,0.07748109102249146,-0.023238467052578926
E,0.1611328125,0.40967053174972534,-2.8446973487916694e-07,0.07571953535079956,0.3850921392440796,-0.020337337628006935,0.01623004674911499,0.31115907430648804,-0.03243916854262352,0.003996372222900391,0.21354007720947266,-0.04907289519906044,0.013368606567382812,0.1362915337085724,-0.061500828713178635,0.01928400993347168,0.153266042470932,0.01752283237874508,0.0013672709465026855,0.04487329721450806,-0.013467956334352493,0.0,0.04777634143829346,-0.0404958575963974,0.007218122482299805,0.07894420623779297,-0.05380384624004364,0.06553363800048828,0.12257897853851318,0.009622297249734402,0.0491633415222168,0.0,-0.023616237565875053,0.0489162802696228,0.03735685348510742,-0.047211743891239166,0.055466532707214355,0.0968163013458252,-0.0535426028072834,0.11396986246109009,0.11134442687034607,-0.005043388344347477,0.10118329524993896,0.0007330179214477539,-0.03142736107110977,0.09757828712463379,0.038172125816345215,-0.03933413699269295,0.10175532102584839,0.09432381391525269,-0.03590414300560951,0.1662312150001526,0.11709189414978027,-0.022854182869195938,0.1541539430618286,0.02538466453552246,-0.035598717629909515,0.1439165472984314,0.037572115659713745,-0.03399039804935455,0.14083707332611084,0.07337909936904907,-0.02747887745499611
E,0.1630581021308899,0.40958350896835327,-2.628458730669081e-07,0.07695931196212769,0.3861042857170105,-0.02076687477529049,0.016652405261993408,0.31198060512542725,-0.0324808694422245,0.003420889377593994,0.21359992027282715,-0.04857074096798897,0.012536764144897461,0.13627317547798157,-0.060713671147823334,0.02035057544708252,0.1548207700252533,0.017830049619078636,0.0017636418342590332,0.04911470413208008,-0.011641173623502254,0.0,0.04705536365509033,-0.038035206496715546,0.006709039211273193,0.07197138667106628,-0.05151427909731865,0.0663689374923706,0.12323769927024841,0.010219545103609562,0.04936426877975464,5.9932470321655273e-05,-0.02272064797580242,0.04942798614501953,0.03557136654853821,-0.04670632630586624,0.05616253614425659,0.09408420324325562,-0.05334639176726341,0.1148148775100708,0.11144262552261353,-0.003967833239585161,0.10130000114440918,0.0,-0.03053327091038227,0.09814083576202393,0.03646412491798401,-0.03926141932606697,0.1028260588645935,0.09254348278045654,-0.03631281852722168,0.16734254360198975,0.11680805683135986,-0.021249201148748398,0.15461844205856323,0.024780303239822388,-0.03442422300577164,0.14461177587509155,0.036759018898010254,-0.033387988805770874,0.14218175411224365,0.0730639100074768,-0.027269721031188965
E,0.16363060474395752,0.41390836238861084,-2.874543554298725e-07,0.07686614990234375,0.3895401954650879,-0.018047582358121872,0.01726686954498291,0.31169015169143677,-0.02795688807964325,0.00558704137802124,0.215021014213562,-0.04306820407509804,0.012672960758209229,0.14068755507469177,-0.0543205663561821,0.01861327886581421,0.15525850653648376,0.020918412134051323,0.0007961392402648926,0.047231703996658325,-0.008785845711827278,0.0,0.05026352405548096,-0.034893255680799484,0.007603943347930908,0.07988786697387695,-0.04771571233868599,0.0650450587272644,0.12422144412994385,0.011919143609702587,0.048114657402038574,0.00041556358337402344,-0.020948762074112892,0.04891401529312134,0.03934374451637268,-0.044334303587675095,0.05612742900848389,0.0996306836605072,-0.05010759457945824,0.11355924606323242,0.11231553554534912,-0.003666711039841175,0.1000983715057373,0.0,-0.030010251328349113,0.0974152684211731,0.040292978286743164,-0.03792369365692139,0.10215353965759277,0.09829497337341309,-0.034064773470163345,0.16551059484481812,0.11775687336921692,-0.02222110703587532,0.15247046947479248,0.025229424238204956,-0.0347977876663208,0.14317208528518677,0.04177379608154297,-0.032719630748033524,0.14183443784713745,0.08118686079978943,-0.025679342448711395
E,0.16518056392669678,0.4153277277946472,-2.9138448098819936e-07,0.07788032293319702,0.3913528323173523,-0.018154310062527657,0.01809591054916382,0.3133595585823059,-0.027959764003753662,0.0067040324211120605,0.21652212738990784,-0.04292193800210953,0.013177812099456787,0.14239740371704102,-0.05421473830938339,0.020274221897125244,0.1566917598247528,0.019946647807955742,0.0023941993713378906,0.04841357469558716,-0.009919501841068268,0.0,0.04953446984291077,-0.03613540902733803,0.006825625896453857,0.07702529430389404,-0.04907599464058876,0.06672269105911255,0.12533193826675415,0.010741337202489376,0.04944968223571777,0.0,-0.022549502551555634,0.0485188364982605,0.03816220164299011,-0.04598132520914078,0.055581510066986084,0.09828945994377136,-0.051754020154476166,0.11496394872665405,0.11330538988113403,-0.00500256335362792,0.10097140073776245,0.0005103349685668945,-0.03129376471042633,0.09727668762207031,0.0397605299949646,-0.03934616222977638,0.10258644819259644,0.09697583317756653,-0.03572613373398781,0.16673654317855835,0.11847290396690369,-0.023794548586010933,0.15321582555770874,0.02480614185333252,-0.036017924547195435,0.14320027828216553,0.04050642251968384,-0.03396940603852272,0.14217019081115723,0.07957237958908081,-0.027185291051864624
E,0.16429004073143005,0.4158855080604553,-3.262170196194347e-07,0.07745537161827087,0.3925841450691223,-0.019507525488734245,0.016428977251052856,0.31235837936401367,-0.029722148552536964,0.0026591718196868896,0.21241798996925354,-0.044745489954948425,0.007718175649642944,0.1344665288925171,-0.055351294577121735,0.01957187056541443,0.15734151005744934,0.018723687157034874,0.0016236603260040283,0.04446989297866821,-0.012754915282130241,0.0,0.05064648389816284,-0.038749486207962036,0.007244855165481567,0.08558440208435059,-0.05065964162349701,0.06628617644309998,0.12571430206298828,0.010581333190202713,0.0494137704372406,0.0,-0.023127945140004158,0.04869994521141052,0.04250824451446533,-0.04479149356484413,0.05528268218040466,0.1050679087638855,-0.04891137406229973,0.11487039923667908,0.11411187052726746,-0.004471417050808668,0.10138782858848572,0.0021985769271850586,-0.030813096091151237,0.09794685244560242,0.044700801372528076,-0.03621263429522514,0.10232427716255188,0.1023780107498169,-0.03056783229112625,0.16624590754508972,0.11973899602890015,-0.022719744592905045,0.15310201048851013,0.027893245220184326,-0.03436052054166794,0.14296767115592957,0.0442318320274353,-0.03067064844071865,0.1407303512096405,0.08177447319030762,-0.022503457963466644
E,0.16448849439620972,0.41605156660079956,-3.290986967385834e-07,0.07754015922546387,0.392913818359375,-0.019555598497390747,0.016464650630950928,0.3127140402793884,-0.02983039990067482,0.0028987526893615723,0.2126184105873108,-0.04490560293197632,0.008513569831848145,0.13467037677764893,-0.05552370473742485,0.019690334796905518,0.15741905570030212,0.01855945587158203,0.0017043352127075195,0.04407578706741333,-0.013011904433369637,0.0,0.05080527067184448,-0.03901352733373642,0.00722658634185791,0.08608764410018921,-0.05090506374835968,0.0664682388305664,0.12589028477668762,0.01044538151472807,0.04949253797531128,0.0,-0.023237820714712143,0.04853707551956177,0.042788028717041016,-0.04477354511618614,0.05509936809539795,0.10526704788208008,-0.04882068932056427,0.11508047580718994,0.11433321237564087,-0.004603523761034012,0.1015087366104126,0.0022479891777038574,-0.03088897466659546,0.09779316186904907,0.044840455055236816,-0.03619148209691048,0.10215795040130615,0.10242125391960144,-0.030506588518619537,0.16648989915847778,0.11993029713630676,-0.022863125428557396,0.15338337421417236,0.02780976891517639,-0.03443625569343567,0.14303255081176758,0.04416251182556152,-0.030708065256476402,0.1407310962677002,0.08166578412055969,-0.022536642849445343
E,0.16452080011367798,0.416603147983551,-3.051778776352876e-07,0.07805842161178589,0.39506447315216064,-0.019701877608895302,0.01767522096633911,0.3161086440086365,-0.029623210430145264,0.0038316845893859863,0.2149202823638916,-0.04414433613419533,0.005088508129119873,0.13618695735931396,-0.054694779217243195,0.0188942551612854,0.1575520932674408,0.01953139156103134,0.0017372369766235352,0.04984772205352783,-0.010336948558688164,0.0,0.04941296577453613,-0.036236364394426346,0.007013142108917236,0.07643094658851624,-0.048879336565732956,0.06564313173294067,0.12456366419792175,0.011354840360581875,0.04839855432510376,0.0,-0.022075360640883446,0.04891347885131836,0.03974020481109619,-0.04501216858625412,0.05606281757354736,0.10061591863632202,-0.05020032450556755,0.11405360698699951,0.11238294839859009,-0.0034922838676720858,0.10065698623657227,0.0006155967712402344,-0.03028707206249237,0.09807407855987549,0.04167360067367554,-0.03712894022464752,0.1027989387512207,0.0988587737083435,-0.03242318704724312,0.16533225774765015,0.11819261312484741,-0.021458908915519714,0.1524452567100525,0.025799989700317383,-0.03411358222365379,0.14305657148361206,0.04111605882644653,-0.03154519572854042,0.14121729135513306,0.07842323184013367,-0.024107150733470917
E,0.16460824012756348,0.41745343804359436,-3.161905794968334e-07,0.0781240463256836,0.3962109386920929,-0.019250158220529556,0.0180092453956604,0.31684938073158264,-0.029164282605051994,0.004883885383605957,0.2162504494190216,-0.04395467787981033,0.007700026035308838,0.1382809579372406,-0.05469828099012375,0.019168972969055176,0.15870097279548645,0.019851498305797577,0.0015936493873596191,0.04841610789299011,-0.010773642919957638,0.0,0.050745248794555664,-0.03704216331243515,0.008086740970611572,0.08162316679954529,-0.049543265253305435,0.06580919027328491,0.12592566013336182,0.011382141150534153,0.04835307598114014,0.0,-0.022330088540911674,0.04820162057876587,0.04104575514793396,-0.04533009231090546,0.05583697557449341,0.1035105288028717,-0.05041806772351265,0.1141730546951294,0.1136186420917511,-0.003852412337437272,0.09997206926345825,0.0012130439281463623,-0.03051093965768814,0.09662097692489624,0.04285454750061035,-0.03760926052927971,0.10183107852935791,0.10100221633911133,-0.03304407373070717,0.16561633348464966,0.11894595623016357,-0.022203354164958,0.15196919441223145,0.025629252195358276,-0.03448556363582611,0.14193862676620483,0.04115191102027893,-0.03195861354470253,0.14051836729049683,0.07952374219894409,-0.024587616324424744
E,0.16215497255325317,0.4137338399887085,-3.266962664838502e-07,0.07391703128814697,0.3921239376068115,-0.02089625969529152,0.013690948486328125,0.3123781681060791,-0.031515512615442276,0.0007024407386779785,0.21064597368240356,-0.04662451520562172,0.0032587647438049316,0.13192319869995117,-0.057370055466890335,0.01827681064605713,0.1551593542098999,0.018839845433831215,0.00012058019638061523,0.04268127679824829,-0.012428276240825653,0.0,0.04911649227142334,-0.03896789625287056,0.008456170558929443,0.08474352955818176,-0.05130224674940109,0.0651736855506897,0.12410041689872742,0.011553235352039337,0.04813086986541748,0.0,-0.0217291172593832,0.04967188835144043,0.04348275065422058,-0.044707901775836945,0.05714219808578491,0.10582703351974487,-0.050248175859451294,0.11394411325454712,0.1132773756980896,-0.002725225640460849,0.10069888830184937,0.002355039119720459,-0.029495587572455406,0.09860706329345703,0.04557359218597412,-0.03663558512926102,0.10360223054885864,0.10404819250106812,-0.03242434933781624,0.16620296239852905,0.11885601282119751,-0.020152360200881958,0.15322977304458618,0.026481151580810547,-0.032603055238723755,0.14393579959869385,0.04441100358963013,-0.029959289357066154,0.1421041488647461,0.08360302448272705,-0.02265891805291176
E,0.16072118282318115,0.4117008149623871,-3.5240532270108815e-07,0.07300108671188354,0.3892691433429718,-0.01979466900229454,0.01293867826461792,0.3113602101802826,-0.030535396188497543,0.0013260245323181152,0.21132716536521912,-0.04587220773100853,0.005170464515686035,0.1345653235912323,-0.05669784173369408,0.01779019832611084,0.15244898200035095,0.017478076741099358,0.0,0.03995433449745178,-0.014116455800831318,0.0002880692481994629,0.051686257123947144,-0.040243711322546005,0.00817781686782837,0.09056726098060608,-0.05214020982384682,0.06488287448883057,0.12225982546806335,0.009703833609819412,0.048536837100982666,0.0,-0.023235976696014404,0.0496060848236084,0.0459538996219635,-0.044827740639448166,0.056056082248687744,0.10797533392906189,-0.04943117871880531,0.11364156007766724,0.11212486028671265,-0.004955517128109932,0.10141885280609131,0.0030100643634796143,-0.031234467402100563,0.09880053997039795,0.04793044924736023,-0.036844402551651,0.10257673263549805,0.10563361644744873,-0.03165563568472862,0.16561079025268555,0.11868035793304443,-0.022702788934111595,0.15368032455444336,0.027405887842178345,-0.034442562609910965,0.14411181211471558,0.045941323041915894,-0.03079695627093315,0.14118653535842896,0.08388864994049072,-0.0227925144135952
E,0.16086715459823608,0.4164336919784546,-3.518519520184782e-07,0.07418960332870483,0.39381009340286255,-0.018729768693447113,0.01408684253692627,0.3143817186355591,-0.028511088341474533,0.0022767186164855957,0.21411138772964478,-0.04317236691713333,0.006383955478668213,0.13667741417884827,-0.05346465855836868,0.017769038677215576,0.15491363406181335,0.019653238356113434,0.00018519163131713867,0.04347550868988037,-0.01115361601114273,0.0,0.051576852798461914,-0.03697970137000084,0.007171809673309326,0.08732336759567261,-0.04897357523441315,0.06472128629684448,0.12379246950149536,0.01112485583871603,0.0485956072807312,0.0,-0.022025147452950478,0.048979222774505615,0.044547051191329956,-0.043931566178798676,0.05489373207092285,0.10702088475227356,-0.04840840399265289,0.113258957862854,0.11292585730552673,-0.004227062687277794,0.1011238694190979,0.003018498420715332,-0.030447619035840034,0.0979769229888916,0.04704761505126953,-0.036207165569067,0.10149097442626953,0.10421288013458252,-0.030910586938261986,0.16490328311920166,0.1197277307510376,-0.022682098671793938,0.15356063842773438,0.027394890785217285,-0.034140072762966156,0.14357072114944458,0.044617027044296265,-0.030622338876128197,0.1402571201324463,0.08206573128700256,-0.022723229601979256
E,0.16309529542922974,0.41964876651763916,-3.312115666176396e-07,0.07605433464050293,0.3985289931297302,-0.02017410658299923,0.015012085437774658,0.3169790506362915,-0.0302925705909729,0.0022054314613342285,0.2144780158996582,-0.04509558901190758,0.006019532680511475,0.13535287976264954,-0.0554753802716732,0.018203675746917725,0.15756115317344666,0.01935173198580742,0.0006758570671081543,0.04515519738197327,-0.011998908594250679,0.0,0.05064934492111206,-0.03837452828884125,0.0076201558113098145,0.08521527051925659,-0.050633758306503296,0.06551998853683472,0.12634706497192383,0.011374955996870995,0.04898029565811157,0.0,-0.02248416841030121,0.049269676208496094,0.043378233909606934,-0.04520632326602936,0.05586749315261841,0.1066669225692749,-0.05003289505839348,0.11437046527862549,0.11533677577972412,-0.0035591674968600273,0.1014363169670105,0.003336191177368164,-0.030247243121266365,0.09851759672164917,0.04693549871444702,-0.03679662197828293,0.10291582345962524,0.10536730289459229,-0.03188035637140274,0.1662697196006775,0.12169313430786133,-0.021728040650486946,0.15402072668075562,0.02900165319442749,-0.0337853729724884,0.14415836334228516,0.04599273204803467,-0.030972961336374283,0.14175313711166382,0.08452117443084717,-0.023455189540982246
E,0.16556143760681152,0.41680365800857544,-2.9966156489535933e-07,0.0771491527557373,0.3948962092399597,-0.01982814073562622,0.016426920890808105,0.3141492009162903,-0.02920425869524479,0.003661215305328369,0.2122272253036499,-0.04315319284796715,0.0074228644371032715,0.13285177946090698,-0.05322898179292679,0.0191575288772583,0.15807992219924927,0.020753707736730576,0.0022686123847961426,0.051800698041915894,-0.007665371987968683,0.0,0.04920130968093872,-0.03255484253168106,0.006208479404449463,0.07262471318244934,-0.04493879899382591,0.06600737571716309,0.12480279803276062,0.012713794596493244,0.04895085096359253,0.0,-0.020496996119618416,0.049437880516052246,0.040251314640045166,-0.04321516305208206,0.05656778812408447,0.10145136713981628,-0.04810689389705658,0.11470621824264526,0.11202198266983032,-0.0019633329939097166,0.10128110647201538,0.0004774630069732666,-0.02875625155866146,0.09854191541671753,0.0418950617313385,-0.035855479538440704,0.10349571704864502,0.09911596775054932,-0.03123016655445099,0.16654908657073975,0.11694049835205078,-0.019716771319508553,0.1532742977142334,0.02415788173675537,-0.032194141298532486,0.14363211393356323,0.041040509939193726,-0.02954612672328949,0.14227807521820068,0.07968372106552124,-0.02211594581604004
E,0.166467547416687,0.4156230688095093,-2.496359172710072e-07,0.07812565565109253,0.39365023374557495,-0.021034516394138336,0.017820775508880615,0.3140793442726135,-0.03052639588713646,0.003926336765289307,0.21339768171310425,-0.044210709631443024,0.005618572235107422,0.1341601014137268,-0.054378166794776917,0.020647764205932617,0.15895947813987732,0.020680489018559456,0.0032309293746948242,0.05866074562072754,-0.006412934977561235,0.0,0.0487019419670105,-0.031053148210048676,0.00546717643737793,0.06304946541786194,-0.04402896389365196,0.06707078218460083,0.12487933039665222,0.013151046819984913,0.048888325691223145,0.0,-0.020536072552204132,0.0500185489654541,0.037411123514175415,-0.044263675808906555,0.05773729085922241,0.09683841466903687,-0.049669768661260605,0.11545741558074951,0.11199629306793213,-0.0008543775184080005,0.10151064395904541,0.00019377470016479492,-0.02869417518377304,0.0996132493019104,0.039970844984054565,-0.03689463064074516,0.10507488250732422,0.09642258286476135,-0.032598115503787994,0.1672571897506714,0.1173432469367981,-0.01791883073747158,0.15397262573242188,0.02457249164581299,-0.031435776501894,0.1447092890739441,0.03934776782989502,-0.029596805572509766,0.14329779148101807,0.07654765248298645,-0.02254513092339039
E,0.16245943307876587,0.41586822271347046,-2.8128349072176206e-07,0.07559090852737427,0.39386600255966187,-0.020666904747486115,0.015779733657836914,0.3165740966796875,-0.0316784530878067,0.0016998052597045898,0.21668195724487305,-0.04715891554951668,0.004221737384796143,0.1377878189086914,-0.05858854204416275,0.018483757972717285,0.15859684348106384,0.018073858693242073,0.0005537271499633789,0.05009162425994873,-0.012505153194069862,0.0,0.04968583583831787,-0.03892752155661583,0.008208990097045898,0.07900238037109375,-0.05164622887969017,0.06483739614486694,0.1259446144104004,0.010399134829640388,0.04667782783508301,0.0,-0.023289429023861885,0.049024224281311035,0.03961074352264404,-0.046849433332681656,0.057325124740600586,0.1018894612789154,-0.05250060185790062,0.11357372999191284,0.11414512991905212,-0.0039513371884822845,0.09907585382461548,0.002195417881011963,-0.03095235303044319,0.09789854288101196,0.042444437742233276,-0.03874557837843895,0.1036841869354248,0.10057133436203003,-0.03466370329260826,0.165624737739563,0.12007021903991699,-0.021372035145759583,0.15174627304077148,0.02752929925918579,-0.034047022461891174,0.1428685188293457,0.041407376527786255,-0.03195340558886528,0.14144271612167358,0.07901960611343384,-0.024872099980711937
E,0.16240310668945312,0.4175684154033661,-3.198665012860147e-07,0.07616376876831055,0.3939225375652313,-0.019701939076185226,0.016721904277801514,0.31627365946769714,-0.03082123212516308,0.0042871832847595215,0.2166270911693573,-0.04666195809841156,0.008922755718231201,0.13784116506576538,-0.05822017043828964,0.018427133560180664,0.15763971209526062,0.017945319414138794,0.0015071630477905273,0.046718448400497437,-0.013508517295122147,0.0,0.05148383975028992,-0.03981787711381912,0.00745701789855957,0.08457586169242859,-0.05215701833367348,0.06522929668426514,0.1258033812046051,0.00958864577114582,0.048052191734313965,0.0,-0.024637218564748764,0.048274993896484375,0.04304209351539612,-0.0472307913005352,0.055594563484191895,0.10558447241783142,-0.05194226652383804,0.11412918567657471,0.11440294981002808,-0.005526075605303049,0.1009625792503357,0.0032789409160614014,-0.032596081495285034,0.09800338745117188,0.04610919952392578,-0.039156608283519745,0.10288649797439575,0.10384440422058105,-0.034118134528398514,0.16597014665603638,0.12067699432373047,-0.023727096617221832,0.15313059091567993,0.028391152620315552,-0.03587733581662178,0.143374502658844,0.04394623637199402,-0.0329398475587368,0.1414465308189392,0.08121055364608765,-0.025229020044207573
E,0.16310155391693115,0.4168194532394409,-3.072596825859364e-07,0.07674020528793335,0.3940235376358032,-0.020235314965248108,0.01731210947036743,0.3136206865310669,-0.03057602047920227,0.004445552825927734,0.21259480714797974,-0.045511309057474136,0.0047699809074401855,0.1325804889202118,-0.056334760040044785,0.018548130989074707,0.1567128300666809,0.018786050379276276,0.0010519027709960938,0.047949254512786865,-0.011929077096283436,0.0,0.04893594980239868,-0.03811902180314064,0.007658720016479492,0.0781940221786499,-0.05053093656897545,0.06556296348571777,0.12439846992492676,0.010877381078898907,0.04879486560821533,0.0,-0.023076437413692474,0.04948115348815918,0.04083791375160217,-0.04606710746884346,0.05653536319732666,0.10323211550712585,-0.05104222148656845,0.11431527137756348,0.11252337694168091,-0.0038258610293269157,0.10099852085113525,0.0016481578350067139,-0.03088754042983055,0.09839391708374023,0.043851763010025024,-0.03789132833480835,0.10317814350128174,0.10196530818939209,-0.033100426197052,0.1660352349281311,0.11802121996879578,-0.02165864408016205,0.15260905027389526,0.025949835777282715,-0.03412308543920517,0.1432117223739624,0.04273802042007446,-0.03145093470811844,0.14161771535873413,0.08142024278640747,-0.023851610720157623
E,0.1623057723045349,0.4163944125175476,-3.0592289590458677e-07,0.07593607902526855,0.3939629793167114,-0.020271532237529755,0.01658034324645996,0.3135910630226135,-0.030894378200173378,0.003940582275390625,0.21237903833389282,-0.0461362786591053,0.0048795342445373535,0.13236331939697266,-0.05717918649315834,0.018369078636169434,0.1562739610671997,0.018642665818333626,0.0006729364395141602,0.04624074697494507,-0.012586917728185654,0.0,0.04812651872634888,-0.03919009864330292,0.008102178573608398,0.0793411135673523,-0.05168798938393593,0.06522107124328613,0.12431710958480835,0.010794077068567276,0.0484318733215332,0.0,-0.02301989309489727,0.04926818609237671,0.040422022342681885,-0.04613310843706131,0.05637234449386597,0.1027422547340393,-0.051361482590436935,0.11380398273468018,0.11265575885772705,-0.003905894933268428,0.10032021999359131,0.0014129281044006348,-0.030713403597474098,0.09774750471115112,0.04312574863433838,-0.03771160915493965,0.10241830348968506,0.10124915838241577,-0.033077649772167206,0.16539156436920166,0.11821788549423218,-0.021758323535323143,0.15173864364624023,0.02624034881591797,-0.034123729914426804,0.14231693744659424,0.042429447174072266,-0.031505875289440155,0.14058685302734375,0.08085471391677856,-0.023997992277145386
E,0.16279423236846924,0.41608789563179016,-3.48237449543376e-07,0.07539308071136475,0.3941088020801544,-0.01990003138780594,0.015463531017303467,0.3145613968372345,-0.030829032883048058,0.005128204822540283,0.21283799409866333,-0.04643683135509491,0.010365068912506104,0.13442128896713257,-0.05743413791060448,0.0177079439163208,0.1557699739933014,0.01803409680724144,0.0,0.041341811418533325,-0.014381804503500462,0.0012933611869812012,0.05292457342147827,-0.041122037917375565,0.01036381721496582,0.09247848391532898,-0.05328649282455444,0.06521868705749512,0.12481749057769775,0.009959989227354527,0.049267709255218506,0.0,-0.02402311936020851,0.05103987455368042,0.04684141278266907,-0.04614132642745972,0.05784505605697632,0.11041021347045898,-0.05069044604897499,0.11405909061431885,0.11398562788963318,-0.005115098785609007,0.10203337669372559,0.004619568586349487,-0.03182043135166168,0.0996810793876648,0.05085635185241699,-0.037394553422927856,0.10326999425888062,0.10932627320289612,-0.03195419907569885,0.1658179759979248,0.11998125910758972,-0.02335854060947895,0.15381008386611938,0.02859640121459961,-0.034944068640470505,0.1449500322341919,0.048217982053756714,-0.03104322776198387,0.14251607656478882,0.0866597592830658,-0.02284650318324566
E,0.16218829154968262,0.41638317704200745,-3.7755754078716564e-07,0.07504409551620483,0.3931988775730133,-0.019454464316368103,0.015503764152526855,0.3149090111255646,-0.03073103539645672,0.004934251308441162,0.2141369879245758,-0.04682033509016037,0.010094761848449707,0.13606366515159607,-0.05813003331422806,0.01785266399383545,0.15444692969322205,0.017531560733914375,0.0,0.038941890001297,-0.015131712891161442,0.0014863014221191406,0.05624198913574219,-0.041889045387506485,0.010225415229797363,0.0989307165145874,-0.05400875210762024,0.06542044878005981,0.12418612837791443,0.00914845522493124,0.04955708980560303,0.0,-0.02434733882546425,0.05076444149017334,0.04879823327064514,-0.04602915793657303,0.05693942308425903,0.11187005043029785,-0.050602663308382034,0.11413335800170898,0.11371681094169617,-0.006238837726414204,0.10215610265731812,0.004444330930709839,-0.03240948170423508,0.09928762912750244,0.05130854249000549,-0.03753509372472763,0.10248100757598877,0.10948982834815979,-0.03211111202836037,0.1659325361251831,0.11975270509719849,-0.024787286296486855,0.15369242429733276,0.0278947651386261,-0.03573082759976387,0.14458322525024414,0.04802548885345459,-0.031401120126247406,0.14177262783050537,0.08659878373146057,-0.023133225739002228
E,0.16058963537216187,0.4177078604698181,-3.8912889976927545e-07,0.07505762577056885,0.39690983295440674,-0.020789887756109238,0.014840841293334961,0.32007336616516113,-0.032757699489593506,0.0027551651000976562,0.22122496366500854,-0.04933922365307808,0.006317436695098877,0.14423641562461853,-0.06093083322048187,0.01725703477859497,0.1549021601676941,0.015023746527731419,0.0,0.039211928844451904,-0.018612898886203766,0.001356363296508789,0.059735268354415894,-0.045501913875341415,0.010563850402832031,0.10660251975059509,-0.05739544332027435,0.06502526998519897,0.12423837184906006,0.007120340131223202,0.048244357109069824,0.0,-0.026900725439190865,0.04878467321395874,0.049304425716400146,-0.04809878394007683,0.05523866415023804,0.11420047283172607,-0.052137576043605804,0.11401504278182983,0.11404457688331604,-0.00791576225310564,0.10091817378997803,0.004350632429122925,-0.034577250480651855,0.09825772047042847,0.0517500638961792,-0.039287079125642776,0.10197347402572632,0.11099666357040405,-0.03329874947667122,0.16559195518493652,0.1212281882762909,-0.026215707883238792,0.15294241905212402,0.029710233211517334,-0.03807428106665611,0.1439192295074463,0.049629539251327515,-0.03400757536292076,0.14166754484176636,0.0890856385231018,-0.025519881397485733
E,0.15930676460266113,0.4191451072692871,-4.334459902111121e-07,0.07316559553146362,0.39671599864959717,-0.02065056934952736,0.013894796371459961,0.3190189003944397,-0.03240586072206497,0.0032230615615844727,0.2197921872138977,-0.04893825203180313,0.006566166877746582,0.1431967318058014,-0.0602627657353878,0.01704007387161255,0.15450525283813477,0.015625283122062683,0.0,0.03844389319419861,-0.01827651634812355,0.00182265043258667,0.06723392009735107,-0.045219868421554565,0.011268138885498047,0.11826470494270325,-0.05714612081646919,0.06478661298751831,0.12393498420715332,0.007607503328472376,0.04776918888092041,0.0,-0.026242556050419807,0.04780781269073486,0.05314353108406067,-0.047039635479450226,0.0542224645614624,0.11850592494010925,-0.05083785578608513,0.1135595440864563,0.11401703953742981,-0.007668937556445599,0.10011345148086548,0.004773855209350586,-0.03389101102948189,0.0970005989074707,0.054273754358291626,-0.0378081239759922,0.10042834281921387,0.11349061131477356,-0.031418219208717346,0.16487175226211548,0.12182936072349548,-0.026292577385902405,0.1523095965385437,0.030042022466659546,-0.03735252097249031,0.14294922351837158,0.05121174454689026,-0.03256627544760704,0.14043128490447998,0.09058165550231934,-0.023746132850646973
E,0.1598191261291504,0.4174896478652954,-4.580421375521837e-07,0.07219666242599487,0.3946886658668518,-0.019789913669228554,0.012924790382385254,0.31630003452301025,-0.030703138560056686,0.0019524097442626953,0.2145710289478302,-0.04642128944396973,0.0014843940734863281,0.13654997944831848,-0.05670906975865364,0.016882359981536865,0.15330010652542114,0.016931282356381416,0.0,0.03435215353965759,-0.01586797647178173,0.004464387893676758,0.0683523416519165,-0.04237283393740654,0.015284061431884766,0.12395638227462769,-0.05415240302681923,0.06422799825668335,0.12284377217292786,0.00903044268488884,0.04757493734359741,0.0,-0.022477470338344574,0.05065357685089111,0.053657203912734985,-0.04286191985011101,0.057921528816223145,0.11927896738052368,-0.047404319047927856,0.11244946718215942,0.11296448111534119,-0.006113823968917131,0.09897828102111816,0.00412595272064209,-0.03023121878504753,0.09786838293075562,0.05261966586112976,-0.033857159316539764,0.10139507055282593,0.11183729767799377,-0.02839101292192936,0.1632954478263855,0.12023118138313293,-0.02459310181438923,0.15105921030044556,0.028385937213897705,-0.034498099237680435,0.14310848712921143,0.05114677548408508,-0.02937631495296955,0.1407192349433899,0.09252923727035522,-0.02097165398299694
E,0.1597992181777954,0.4166676998138428,-4.431009301697486e-07,0.07255518436431885,0.3932568430900574,-0.019438335672020912,0.013229548931121826,0.3155900835990906,-0.030410565435886383,0.0018274188041687012,0.21490654349327087,-0.04623079299926758,0.0014556646347045898,0.13706454634666443,-0.05671396106481552,0.0162925124168396,0.15250563621520996,0.017448654398322105,0.0,0.03530919551849365,-0.015177574008703232,0.003809332847595215,0.06664079427719116,-0.04163796827197075,0.014335691928863525,0.1200135350227356,-0.05346192792057991,0.06376731395721436,0.12198343873023987,0.009371506981551647,0.04743921756744385,0.0,-0.022585708647966385,0.050122618675231934,0.05321955680847168,-0.0431438647210598,0.05743056535720825,0.1188669204711914,-0.047539517283439636,0.11215788125991821,0.11195254325866699,-0.005891622509807348,0.09918498992919922,0.003970354795455933,-0.030542545020580292,0.09765487909317017,0.052674174308776855,-0.03439681977033615,0.10116773843765259,0.11206349730491638,-0.028730882331728935,0.16314810514450073,0.11913129687309265,-0.024402940645813942,0.15110278129577637,0.02815067768096924,-0.03466889634728432,0.14279097318649292,0.050536274909973145,-0.02971160225570202,0.14032495021820068,0.09138733148574829,-0.02118314988911152
E,0.16038674116134644,0.4144367277622223,-4.287564081550954e-07,0.07456612586975098,0.3922124207019806,-0.020291967317461967,0.015260100364685059,0.31442990899086,-0.03178364038467407,0.0020512938499450684,0.21400228142738342,-0.04787800461053848,0.0007756948471069336,0.13477805256843567,-0.05861195921897888,0.017247378826141357,0.15266939997673035,0.015843728557229042,0.0,0.03520497679710388,-0.017299514263868332,0.004450619220733643,0.06316608190536499,-0.04377052187919617,0.015432000160217285,0.1152353286743164,-0.05540657043457031,0.06492376327514648,0.12175828218460083,0.008098922669887543,0.04869204759597778,0.0,-0.02365436591207981,0.05146867036819458,0.05297112464904785,-0.043560560792684555,0.05803483724594116,0.11726188659667969,-0.0476599857211113,0.11371493339538574,0.1117849051952362,-0.006848146207630634,0.10111480951309204,0.0036443471908569336,-0.03168945014476776,0.09970206022262573,0.053233712911605835,-0.03464199975132942,0.10292661190032959,0.11200165748596191,-0.028477724641561508,0.16493874788284302,0.11943164467811584,-0.025073274970054626,0.15286630392074585,0.028784126043319702,-0.035464297980070114,0.1446974277496338,0.05172121524810791,-0.029800426214933395,0.14212769269943237,0.09214985370635986,-0.020787479355931282
E,0.16200286149978638,0.4146082103252411,-4.3274786776237306e-07,0.07636022567749023,0.3928236663341522,-0.020662806928157806,0.016750216484069824,0.3154352605342865,-0.03241647034883499,0.002760946750640869,0.21549969911575317,-0.048645004630088806,0.0,0.1361246407032013,-0.059390243142843246,0.019205749034881592,0.15264317393302917,0.015085634775459766,0.0020502805709838867,0.03480258584022522,-0.018435334786772728,0.0067615509033203125,0.06380489468574524,-0.045182425528764725,0.017467498779296875,0.11671030521392822,-0.05696563795208931,0.06685769557952881,0.12190127372741699,0.007420992944389582,0.050949037075042725,0.0,-0.02465028315782547,0.05352133512496948,0.0524541437625885,-0.04490762576460838,0.05971062183380127,0.11682260036468506,-0.0492897666990757,0.11553764343261719,0.11206772923469543,-0.007476380560547113,0.10339105129241943,0.0034529268741607666,-0.03247443214058876,0.10169816017150879,0.05213823914527893,-0.035722505301237106,0.10455650091171265,0.11054763197898865,-0.029802050441503525,0.16687661409378052,0.11976253986358643,-0.025683702901005745,0.1551463007926941,0.028928697109222412,-0.0362451896071434,0.14680081605911255,0.050521016120910645,-0.030926741659641266,0.14374631643295288,0.08983609080314636,-0.02218768373131752
E,0.1609727144241333,0.41638556122779846,-3.818523737209034e-07,0.07415848970413208,0.3933505117893219,-0.021923456341028214,0.01351243257522583,0.3175695240497589,-0.03436516225337982,0.0,0.21767833828926086,-0.051259465515613556,0.0029861927032470703,0.13832473754882812,-0.06300262361764908,0.017310619354248047,0.15525245666503906,0.015828199684619904,0.0003682374954223633,0.039441317319869995,-0.017398416996002197,0.000980675220489502,0.05959257483482361,-0.04451518878340721,0.009132206439971924,0.10281017422676086,-0.056991878896951675,0.0643610954284668,0.12493231892585754,0.008464244194328785,0.047828495502471924,0.0,-0.025173287838697433,0.04820901155471802,0.04901108145713806,-0.0468948669731617,0.054528236389160156,0.11075779795646667,-0.051766231656074524,0.11259537935256958,0.1141752302646637,-0.006222450640052557,0.10000181198120117,0.0028786957263946533,-0.03213361278176308,0.09671974182128906,0.0489097535610199,-0.037065792828798294,0.10054564476013184,0.10623621940612793,-0.031904641538858414,0.1641254425048828,0.12016195058822632,-0.024400703608989716,0.1523534059524536,0.026475340127944946,-0.035302434116601944,0.14246594905853271,0.04761263728141785,-0.03118530847132206,0.13962554931640625,0.08822691440582275,-0.02332734316587448
E,0.16120219230651855,0.4173315763473511,-3.29781869368162e-07,0.0745742917060852,0.39353424310684204,-0.019812820479273796,0.015192687511444092,0.3155090808868408,-0.030771588906645775,0.002677619457244873,0.2156480848789215,-0.04645959287881851,0.005240678787231445,0.13694584369659424,-0.057700492441654205,0.01669389009475708,0.1574726104736328,0.018292607739567757,0.00043892860412597656,0.04487541317939758,-0.013575509190559387,0.0,0.052403151988983154,-0.04023538529872894,0.007349073886871338,0.08706006407737732,-0.052676908671855927,0.06387585401535034,0.1260770559310913,0.009994052350521088,0.047484636306762695,0.0,-0.02380894497036934,0.048343777656555176,0.0440516471862793,-0.04611188545823097,0.05509650707244873,0.10601213574409485,-0.05091024935245514,0.11260777711868286,0.11482381820678711,-0.0052164397202432156,0.09986472129821777,0.003132730722427368,-0.03151681274175644,0.09733128547668457,0.0469740629196167,-0.03710707277059555,0.10164535045623779,0.10434287786483765,-0.03185851126909256,0.16428232192993164,0.1210012137889862,-0.023649081587791443,0.15231627225875854,0.0278911292552948,-0.034883178770542145,0.14288336038589478,0.04682892560958862,-0.03092881478369236,0.14046329259872437,0.08600306510925293,-0.022859053686261177
E,0.161823570728302,0.4179825782775879,-3.8078553643572377e-07,0.07473069429397583,0.39553481340408325,-0.021016526967287064,0.0150984525680542,0.3148684501647949,-0.03239833191037178,0.003264009952545166,0.21255093812942505,-0.04820805788040161,0.005984783172607422,0.13350072503089905,-0.059049587696790695,0.017598867416381836,0.15571755170822144,0.015840012580156326,0.0,0.03998902440071106,-0.0171322263777256,0.001735389232635498,0.05817896127700806,-0.043624501675367355,0.011070489883422852,0.1014145016670227,-0.055529527366161346,0.06544363498687744,0.12558117508888245,0.008246267214417458,0.04870051145553589,0.0,-0.02567043900489807,0.050266265869140625,0.05003359913825989,-0.04693754389882088,0.057509779930114746,0.11392909288406372,-0.05111289396882057,0.11468780040740967,0.11554610729217529,-0.006495112553238869,0.10172247886657715,0.004696488380432129,-0.0330607034265995,0.09907978773117065,0.05165526270866394,-0.038175612688064575,0.10319381952285767,0.11021548509597778,-0.032701749354600906,0.166759192943573,0.12224277853965759,-0.02451772429049015,0.15434056520462036,0.02994796633720398,-0.036090098321437836,0.14488911628723145,0.04954349994659424,-0.03240770474076271,0.14236855506896973,0.08876484632492065,-0.02458829991519451
E,0.161512553691864,0.41947561502456665,-4.476600281577703e-07,0.07415252923965454,0.39686256647109985,-0.021498601883649826,0.01505732536315918,0.3167951703071594,-0.03354934975504875,0.0034126639366149902,0.21495071053504944,-0.05010944604873657,0.005361199378967285,0.13629192113876343,-0.06117545813322067,0.01754540205001831,0.15615633130073547,0.014311352744698524,0.0,0.03597003221511841,-0.020058635622262955,0.003346085548400879,0.06889337301254272,-0.04725775867700577,0.013772010803222656,0.12177518010139465,-0.05932005122303963,0.06589418649673462,0.12716662883758545,0.0068538435734808445,0.04882204532623291,0.0,-0.027437683194875717,0.049607157707214355,0.05565065145492554,-0.049079377204179764,0.0565800666809082,0.1210845410823822,-0.053732696920633316,0.11495310068130493,0.11775869131088257,-0.007884364575147629,0.10179412364959717,0.005835771560668945,-0.03432722017168999,0.09807687997817993,0.0549740195274353,-0.03972817584872246,0.10169017314910889,0.11460790038108826,-0.034728460013866425,0.16718131303787231,0.12440580129623413,-0.0259522944688797,0.15492409467697144,0.030826210975646973,-0.0369945764541626,0.14486205577850342,0.050744712352752686,-0.03343547135591507,0.14161282777786255,0.09013840556144714,-0.02600112557411194
E,0.16171950101852417,0.4177904725074768,-4.42298102143468e-07,0.07572531700134277,0.3958425521850586,-0.02093028463423252,0.017197012901306152,0.3183831572532654,-0.032809365540742874,0.003990828990936279,0.21980050206184387,-0.04943768307566643,0.0033500194549560547,0.14103290438652039,-0.060881778597831726,0.01833975315093994,0.15683040022850037,0.015613538213074207,0.0,0.03847771883010864,-0.017596352845430374,0.003264904022216797,0.06708508729934692,-0.044464558362960815,0.013849139213562012,0.11665844917297363,-0.05664410442113876,0.06560063362121582,0.12675988674163818,0.0076781450770795345,0.048628270626068115,0.0,-0.026264658197760582,0.0498848557472229,0.0542069673538208,-0.04849783703684807,0.0568462610244751,0.12010243535041809,-0.05360618233680725,0.11407232284545898,0.11632585525512695,-0.00742553174495697,0.1006087064743042,0.0044460296630859375,-0.0337345264852047,0.09745460748672485,0.052233874797821045,-0.04018362984061241,0.10151320695877075,0.11187106370925903,-0.03591392561793327,0.16607743501663208,0.12192171812057495,-0.02577676996588707,0.1531798243522644,0.027522295713424683,-0.037041883915662766,0.14364397525787354,0.04745987057685852,-0.033964987844228745,0.14115673303604126,0.0880817174911499,-0.026850277557969093
E,0.16095715761184692,0.4179067015647888,-4.1527940197738644e-07,0.07537001371383667,0.3953050971031189,-0.02050931379199028,0.01663583517074585,0.3168408274650574,-0.032151952385902405,0.0036394596099853516,0.2185361087322235,-0.04863604158163071,0.004778265953063965,0.1399253010749817,-0.060132887214422226,0.017259061336517334,0.15663030743598938,0.01637008599936962,0.0,0.04005327820777893,-0.016987768933176994,0.0015156269073486328,0.06273719668388367,-0.043788377195596695,0.010974884033203125,0.10803854465484619,-0.055797770619392395,0.0646786093711853,0.12685704231262207,0.008123374544084072,0.04834622144699097,0.0,-0.026876503601670265,0.04879605770111084,0.05353781580924988,-0.048979245126247406,0.0559004545211792,0.11959859728813171,-0.053262002766132355,0.11342346668243408,0.11640799045562744,-0.007265515625476837,0.10055345296859741,0.005299687385559082,-0.03449103981256485,0.0967487096786499,0.053815245628356934,-0.04068826884031296,0.1009870171546936,0.11363351345062256,-0.03553078696131706,0.16550201177597046,0.1219782829284668,-0.025853212922811508,0.1529771089553833,0.027926087379455566,-0.03746839985251427,0.14289402961730957,0.048162758350372314,-0.03413759544491768,0.14055567979812622,0.08891433477401733,-0.026427187025547028
E,0.15999412536621094,0.4173254370689392,-4.4973009494242433e-07,0.07472974061965942,0.3932017683982849,-0.019412223249673843,0.016286134719848633,0.31899726390838623,-0.03184901922941208,0.004783451557159424,0.22320526838302612,-0.04940003901720047,0.007315576076507568,0.14793696999549866,-0.06138083338737488,0.017126381397247314,0.15375283360481262,0.015040112659335136,0.0,0.035113513469696045,-0.019639141857624054,0.005182206630706787,0.07146057486534119,-0.046756312251091,0.016875922679901123,0.12869536876678467,-0.058420661836862564,0.06484431028366089,0.12311631441116333,0.006408012937754393,0.04823178052902222,0.0,-0.026928862556815147,0.05054783821105957,0.055954813957214355,-0.0467180460691452,0.05810368061065674,0.12319827079772949,-0.049924395978450775,0.11365610361099243,0.11270156502723694,-0.009460121393203735,0.10088521242141724,0.005676984786987305,-0.03455088660120964,0.0990915298461914,0.05638301372528076,-0.037023644894361496,0.10277467966079712,0.11611282825469971,-0.029893597587943077,0.164808988571167,0.11983609199523926,-0.02864588238298893,0.15286999940872192,0.02950263023376465,-0.038281265646219254,0.14406710863113403,0.052112877368927,-0.03202971816062927,0.14171350002288818,0.0923984944820404,-0.022260066121816635
E,0.1601213812828064,0.41688603162765503,-4.5292085815162864e-07,0.07359397411346436,0.3944253921508789,-0.0219406858086586,0.014799058437347412,0.32006651163101196,-0.035267896950244904,0.0030242204666137695,0.22235018014907837,-0.05311676114797592,0.0030134916305541992,0.1452270746231079,-0.0651642382144928,0.01740288734436035,0.15339374542236328,0.012875777669250965,0.0,0.03351476788520813,-0.0222405306994915,0.005729615688323975,0.07156404852867126,-0.04978106543421745,0.017306089401245117,0.13054302334785461,-0.061771146953105927,0.06550973653793335,0.12308177351951599,0.005556697957217693,0.048856496810913086,0.0,-0.028073281049728394,0.051074981689453125,0.055470049381256104,-0.04893142357468605,0.05808866024017334,0.12282133102416992,-0.05323239043354988,0.11433970928192139,0.11322396993637085,-0.009196617640554905,0.10164743661880493,0.0048941075801849365,-0.03472775220870972,0.09931206703186035,0.05342933535575867,-0.038758084177970886,0.10234576463699341,0.11313816905021667,-0.032998498529195786,0.16562211513519287,0.12044021487236023,-0.027400314807891846,0.15356844663619995,0.029789328575134277,-0.03793282061815262,0.1446692943572998,0.05004483461380005,-0.033204883337020874,0.14166849851608276,0.08939284086227417,-0.02466435916721821
E,0.16266131401062012,0.418537437915802,-4.3220754264439165e-07,0.07544881105422974,0.39702725410461426,-0.022326955571770668,0.01463162899017334,0.3161160349845886,-0.034166961908340454,0.002095639705657959,0.2125662863254547,-0.05040295049548149,0.0032461881637573242,0.1305101215839386,-0.06130692735314369,0.0184098482131958,0.15424492955207825,0.016562705859541893,0.0,0.03935718536376953,-0.017283331602811813,0.002995014190673828,0.06525659561157227,-0.04452146217226982,0.012903749942779541,0.11516675353050232,-0.05674847587943077,0.0658617615699768,0.12263718247413635,0.009463262744247913,0.04796898365020752,0.0,-0.024285856634378433,0.0500224232673645,0.052941203117370605,-0.046035926789045334,0.0565413236618042,0.1180991530418396,-0.05068959668278694,0.11471438407897949,0.1123940646648407,-0.005119676236063242,0.10082423686981201,0.0028501152992248535,-0.03219899907708168,0.09852522611618042,0.05257633328437805,-0.037044234573841095,0.10156446695327759,0.11254063248634338,-0.03133111074566841,0.166395366191864,0.11993926763534546,-0.02306610532104969,0.15391355752944946,0.02822241187095642,-0.03526923060417175,0.14483380317687988,0.04884529113769531,-0.03128424659371376,0.14153075218200684,0.08795404434204102,-0.023032216355204582
E,0.16363465785980225,0.4186989963054657,-4.1534931938258524e-07,0.07592928409576416,0.3963317573070526,-0.02105948142707348,0.015861928462982178,0.31404563784599304,-0.03203575685620308,0.004871070384979248,0.21025705337524414,-0.04770401120185852,0.006925106048583984,0.12948939204216003,-0.058280620723962784,0.018032968044281006,0.15373831987380981,0.018231652677059174,0.0,0.03868168592453003,-0.01487102173268795,0.0022429227828979492,0.06002625823020935,-0.04138701781630516,0.011845707893371582,0.10565721988677979,-0.05314759165048599,0.0657423734664917,0.12269675731658936,0.010652687400579453,0.04791820049285889,0.0,-0.02311062254011631,0.05010557174682617,0.05347493290901184,-0.044264718890190125,0.05723452568054199,0.11823776364326477,-0.048152096569538116,0.11485487222671509,0.11239680647850037,-0.004326811525970697,0.10096263885498047,0.0036683976650238037,-0.03157896548509598,0.09853875637054443,0.054838985204696655,-0.0361558273434639,0.1022602915763855,0.11508733034133911,-0.02988218143582344,0.16677933931350708,0.11932060122489929,-0.02255619503557682,0.15397661924362183,0.027154535055160522,-0.034562673419713974,0.14468914270401,0.050048381090164185,-0.030151525512337685,0.14215630292892456,0.0911480188369751,-0.021437251940369606
E,0.16389703750610352,0.416073203086853,-4.043862986691238e-07,0.077481210231781,0.3945161700248718,-0.02057841420173645,0.017801523208618164,0.31544989347457886,-0.03212445601820946,0.004979133605957031,0.21344691514968872,-0.04823534935712814,0.0058171749114990234,0.13279736042022705,-0.0593717023730278,0.01849740743637085,0.15573269128799438,0.015527643263339996,0.0,0.04004228115081787,-0.01743689551949501,0.0033921003341674805,0.060989558696746826,-0.0439302958548069,0.014425814151763916,0.10721123218536377,-0.05582306161522865,0.06645387411117554,0.12383967638015747,0.007656642235815525,0.049198925495147705,0.0,-0.025324124842882156,0.05164152383804321,0.05085045099258423,-0.04616696387529373,0.05909442901611328,0.11578309535980225,-0.0504566952586174,0.11565196514129639,0.11270606517791748,-0.007332105655223131,0.10221147537231445,0.0037032365798950195,-0.03310023993253708,0.1000317931175232,0.05131560564041138,-0.037656839936971664,0.10399317741394043,0.11030307412147522,-0.03219721093773842,0.1672341227531433,0.11884784698486328,-0.025569019839167595,0.15419745445251465,0.02796033024787903,-0.036574266850948334,0.1451665759086609,0.04861736297607422,-0.032254062592983246,0.14281600713729858,0.08873894810676575,-0.024133138358592987
E,0.1625663936138153,0.41416090726852417,-3.984485488217615e-07,0.07696685194969177,0.39292478561401367,-0.020683789625763893,0.01751306653022766,0.3159719705581665,-0.032551780343055725,0.003950148820877075,0.21555295586585999,-0.048820506781339645,0.00328865647315979,0.1355944275856018,-0.06018346920609474,0.01824703812599182,0.15477299690246582,0.014695048332214355,0.0,0.04098740220069885,-0.017892243340611458,0.0031524598598480225,0.06098845601081848,-0.04437359794974327,0.013404875993728638,0.10663875937461853,-0.0564376562833786,0.06592205166816711,0.12259882688522339,0.006903779227286577,0.048918217420578,0.0,-0.02574145793914795,0.05133280158042908,0.048958390951156616,-0.04681716859340668,0.05811312794685364,0.11350637674331665,-0.05151701346039772,0.11502107977867126,0.11146262288093567,-0.007874173112213612,0.10193350911140442,0.002610146999359131,-0.03357914835214615,0.10006317496299744,0.04856058955192566,-0.03844698891043663,0.10352721810340881,0.10701221227645874,-0.0333569310605526,0.1665211021900177,0.11793884634971619,-0.025851134210824966,0.15412577986717224,0.02742624282836914,-0.037202104926109314,0.1457376778125763,0.04654353857040405,-0.03320586681365967,0.14301416277885437,0.08532363176345825,-0.025324786081910133
