label,x0,y0,z0,x1,y1,z1,x2,y2,z2,x3,y3,z3,x4,y4,z4,x5,y5,z5,x6,y6,z6,x7,y7,z7,x8,y8,z8,x9,y9,z9,x10,y10,z10,x11,y11,z11,x12,y12,z12,x13,y13,z13,x14,y14,z14,x15,y15,z15,x16,y16,z16,x17,y17,z17,x18,y18,z18,x19,y19,z19,x20,y20,z20
F,0.20105692744255066,0.7221052348613739,-1.78840124931412e-07,0.1144954264163971,0.6464367806911469,-0.008681265637278557,0.05894163250923157,0.5254345834255219,-0.016088945791125298,0.0226936936378479,0.437590628862381,-0.03127880394458771,0.01319381594657898,0.360114723443985,-0.044539205729961395,0.12828513979911804,0.3860902488231659,0.021940194070339203,0.06490287184715271,0.30534857511520386,-0.03141939267516136,0.01701948046684265,0.3461267650127411,-0.07720959931612015,0.0,0.39972123503685,-0.09700152277946472,0.1686684787273407,0.3552681505680084,0.005959978327155113,0.14243492484092712,0.19003984332084656,-0.02059139497578144,0.11904081702232361,0.09220495820045471,-0.038491349667310715,0.10343781113624573,0.006939917802810669,-0.04623544216156006,0.2161971628665924,0.3523333966732025,-0.020019380375742912,0.19234290719032288,0.18180298805236816,-0.04575150087475777,0.17051121592521667,0.08200070261955261,-0.05326496809720993,0.15170052647590637,0.0,-0.05077527463436127,0.2599147856235504,0.3730105459690094,-0.048813942819833755,0.2417984902858734,0.22727617621421814,-0.06041191145777702,0.22890648245811462,0.14031356573104858,-0.05225352570414543,0.21609017252922058,0.06996569037437439,-0.040659189224243164
F,0.20354962348937988,0.7221378982067108,-2.0447680526558543e-07,0.1157349944114685,0.6469232738018036,-0.007307902909815311,0.06032145023345947,0.5221355855464935,-0.013073165901005268,0.024932861328125,0.4315612018108368,-0.026815207675099373,0.01258009672164917,0.3539191782474518,-0.03876141458749771,0.13120108842849731,0.38909485936164856,0.02319106087088585,0.06924134492874146,0.3054477572441101,-0.028560522943735123,0.019864529371261597,0.344747394323349,-0.07319985330104828,0.0,0.39774414896965027,-0.09239482134580612,0.1721974015235901,0.35779818892478943,0.0070879049599170685,0.14633864164352417,0.1914454996585846,-0.018345359712839127,0.12272047996520996,0.0924881100654602,-0.035656142979860306,0.10677337646484375,0.006309241056442261,-0.04316311329603195,0.21984732151031494,0.3534046709537506,-0.01884034462273121,0.19555574655532837,0.1819671392440796,-0.043587375432252884,0.17315024137496948,0.08186504244804382,-0.051111556589603424,0.1539403796195984,0.0,-0.04886556416749954,0.2640872597694397,0.3714003264904022,-0.04747801646590233,0.2447681427001953,0.22467371821403503,-0.0584871880710125,0.23133230209350586,0.13816136121749878,-0.0503389947116375,0.21797293424606323,0.06890201568603516,-0.03898902237415314
F,0.19691681861877441,0.7210087180137634,-2.1460840571307926e-07,0.11167925596237183,0.6437450647354126,-0.007839661091566086,0.056699275970458984,0.5195441246032715,-0.01438536960631609,0.02009683847427368,0.4300854206085205,-0.02901317924261093,0.006410777568817139,0.3502117395401001,-0.04189951345324516,0.12959647178649902,0.38329797983169556,0.023351794108748436,0.06889498233795166,0.30126142501831055,-0.029544154182076454,0.019555866718292236,0.3429969549179077,-0.07558981329202652,0.0,0.39791691303253174,-0.0956239104270935,0.16934943199157715,0.353829562664032,0.007316004950553179,0.14440393447875977,0.18856945633888245,-0.017161265015602112,0.12016105651855469,0.09079083800315857,-0.034714508801698685,0.10302388668060303,0.005911469459533691,-0.04297560453414917,0.21592015027999878,0.3513674736022949,-0.018773050978779793,0.19211268424987793,0.17995095252990723,-0.042466118931770325,0.1699293851852417,0.08071455359458923,-0.049938056617975235,0.15066677331924438,0.0,-0.04831858351826668,0.2588850259780884,0.37120676040649414,-0.047732215374708176,0.2406901717185974,0.2256956398487091,-0.058670464903116226,0.2277420163154602,0.13931074738502502,-0.050881799310445786,0.21451818943023682,0.06927439570426941,-0.040008220821619034
F,0.19918715953826904,0.7248285412788391,-2.1689615437026077e-07,0.11379998922348022,0.6461973190307617,-0.009778224863111973,0.0576937198638916,0.5204162001609802,-0.016972050070762634,0.018529683351516724,0.4286435842514038,-0.031980000436306,0.0,0.34309834241867065,-0.044974569231271744,0.13292455673217773,0.38563692569732666,0.024160468950867653,0.07290917634963989,0.3025246560573578,-0.029597511515021324,0.023756742477416992,0.34256666898727417,-0.07615554332733154,0.003504931926727295,0.3962491750717163,-0.09630288183689117,0.17300164699554443,0.3557998538017273,0.008923017419874668,0.14774930477142334,0.1897946298122406,-0.016735441982746124,0.1231158971786499,0.09132516384124756,-0.035074200481176376,0.10540992021560669,0.00490260124206543,-0.043537016957998276,0.22020947933197021,0.3536819815635681,-0.01682056300342083,0.19557791948318481,0.18266257643699646,-0.041249681264162064,0.17307716608047485,0.08274394273757935,-0.04879727587103844,0.15270793437957764,0.0,-0.046860724687576294,0.26401907205581665,0.37453246116638184,-0.04569081962108612,0.24408501386642456,0.22819823026657104,-0.05621906369924545,0.23006242513656616,0.1418054699897766,-0.048068080097436905,0.2150183916091919,0.07106930017471313,-0.036867640912532806
F,0.20178478956222534,0.7259038388729095,-1.895307093491283e-07,0.11460918188095093,0.6447671353816986,-0.009825115092098713,0.057981252670288086,0.5190410315990448,-0.017507456243038177,0.017881155014038086,0.42507389187812805,-0.03323471173644066,0.0,0.33654049038887024,-0.047028932720422745,0.13439440727233887,0.3893631398677826,0.025389067828655243,0.07361775636672974,0.3050138056278229,-0.027292968705296516,0.024857699871063232,0.34581366181373596,-0.07307824492454529,0.0061667561531066895,0.400649756193161,-0.09286269545555115,0.17474329471588135,0.3600252568721771,0.01030814927071333,0.15037024021148682,0.19250699877738953,-0.014354783110320568,0.12609809637069702,0.0931696891784668,-0.03227926418185234,0.10961097478866577,0.005473047494888306,-0.040691059082746506,0.2218192219734192,0.3579728305339813,-0.015317779034376144,0.19801455736160278,0.1851518452167511,-0.039156898856163025,0.1758793592453003,0.08370569348335266,-0.04690162092447281,0.15596944093704224,0.0,-0.04527280479669571,0.2654463052749634,0.3783712685108185,-0.04403930529952049,0.24656885862350464,0.23125651478767395,-0.054269760847091675,0.23331356048583984,0.14362391829490662,-0.046232618391513824,0.21877354383468628,0.07217660546302795,-0.03529604896903038
F,0.20037686824798584,0.7212613523006439,-1.8902402132425777e-07,0.11249887943267822,0.6411775648593903,-0.011579816229641438,0.05587714910507202,0.5132965743541718,-0.01962919905781746,0.015557557344436646,0.41733518242836,-0.0355130173265934,0.0,0.3271596133708954,-0.049461282789707184,0.13218307495117188,0.3881077468395233,0.025020642206072807,0.07454144954681396,0.30301839113235474,-0.028150903061032295,0.02545347809791565,0.3394213020801544,-0.07418767362833023,0.004814863204956055,0.3903018534183502,-0.09406538307666779,0.17204630374908447,0.35771605372428894,0.010929743759334087,0.14833468198776245,0.19152608513832092,-0.013140419498085976,0.12416797876358032,0.09368452429771423,-0.030112702399492264,0.10758650302886963,0.007301270961761475,-0.037747133523225784,0.2196621298789978,0.3547249138355255,-0.014055735431611538,0.19627296924591064,0.18322482705116272,-0.037494029849767685,0.17389851808547974,0.0829893946647644,-0.04403766244649887,0.15411120653152466,0.0,-0.04144822433590889,0.264218270778656,0.37403956055641174,-0.04244483262300491,0.2454642653465271,0.22698384523391724,-0.052815187722444534,0.23240399360656738,0.14035966992378235,-0.044586148113012314,0.218580961227417,0.06954771280288696,-0.03333001211285591
F,0.20315992832183838,0.7212197780609131,-1.7077002212317893e-07,0.11675965785980225,0.6409514546394348,-0.014064592309296131,0.05952727794647217,0.513534426689148,-0.02416619472205639,0.015688419342041016,0.41775625944137573,-0.04184582456946373,0.0,0.32518160343170166,-0.057420514523983,0.13452333211898804,0.38621973991394043,0.023372305557131767,0.07655179500579834,0.3011624813079834,-0.03164241835474968,0.027317196130752563,0.33832716941833496,-0.07893211394548416,0.006148815155029297,0.38946646451950073,-0.09942829608917236,0.17499780654907227,0.35612863302230835,0.009725815616548061,0.1510993242263794,0.1911933422088623,-0.015520607121288776,0.1271243691444397,0.09412464499473572,-0.033107440918684006,0.11059600114822388,0.008468717336654663,-0.04097246378660202,0.2229517698287964,0.3542383313179016,-0.015201680362224579,0.19931113719940186,0.18387222290039062,-0.03992822393774986,0.17698609828948975,0.08336833119392395,-0.04633451625704765,0.15724927186965942,0.0,-0.04326580837368965,0.2669566869735718,0.37482696771621704,-0.04374527558684349,0.24738651514053345,0.22770488262176514,-0.05531858280301094,0.23432374000549316,0.14067110419273376,-0.04718955233693123,0.22077494859695435,0.06967830657958984,-0.03562695160508156
F,0.20641249418258667,0.718240350484848,-1.6355880916307797e-07,0.11937624216079712,0.6356108486652374,-0.013706591911613941,0.06068575382232666,0.5086785852909088,-0.023549716919660568,0.01489800214767456,0.41162988543510437,-0.04085240885615349,0.0,0.3167452812194824,-0.055860575288534164,0.13818633556365967,0.3852287232875824,0.02481960691511631,0.0842127799987793,0.2991725206375122,-0.029909955337643623,0.03553745150566101,0.33209410309791565,-0.0768706277012825,0.013460725545883179,0.38040855526924133,-0.09717633575201035,0.1785668134689331,0.3553106486797333,0.011350210756063461,0.15575116872787476,0.18992123007774353,-0.014029779471457005,0.13256752490997314,0.09312158823013306,-0.03080858290195465,0.11661136150360107,0.008265525102615356,-0.03787844255566597,0.22700601816177368,0.3528079092502594,-0.013534452766180038,0.20439565181732178,0.18272992968559265,-0.03784015402197838,0.18244928121566772,0.08279222249984741,-0.04300353676080704,0.1630789041519165,0.0,-0.03892238438129425,0.27170330286026,0.372885137796402,-0.042113564908504486,0.2522313594818115,0.22610649466514587,-0.05319315940141678,0.23898768424987793,0.13916340470314026,-0.044641900807619095,0.22523528337478638,0.06820529699325562,-0.0327640138566494
F,0.20124423503875732,0.7181397676467896,-1.5051793411657854e-07,0.11551731824874878,0.6361960172653198,-0.013782600872218609,0.057639479637145996,0.5096584558486938,-0.024126725271344185,0.013282179832458496,0.41293054819107056,-0.04194549098610878,0.0,0.318111389875412,-0.0574171245098114,0.13331252336502075,0.3841308355331421,0.024554720148444176,0.08137059211730957,0.3004288673400879,-0.030794793739914894,0.033476799726486206,0.3333279490470886,-0.07804322987794876,0.01070934534072876,0.380800724029541,-0.09839040040969849,0.17394357919692993,0.35440772771835327,0.010450012981891632,0.15190494060516357,0.18969368934631348,-0.015352761372923851,0.12889492511749268,0.09246319532394409,-0.032114721834659576,0.11285477876663208,0.007210731506347656,-0.03889084607362747,0.2225099802017212,0.3531784415245056,-0.015152174048125744,0.2006186842918396,0.18367326259613037,-0.040246836841106415,0.17898023128509521,0.08334314823150635,-0.04528772830963135,0.15986037254333496,0.0,-0.040834058076143265,0.2671034336090088,0.3751835227012634,-0.04446577653288841,0.24802488088607788,0.22855615615844727,-0.056363850831985474,0.23499548435211182,0.14128494262695312,-0.04775848239660263,0.22164028882980347,0.06947627663612366,-0.03556913137435913
F,0.20558634400367737,0.7187956869602203,-1.5871577829784655e-07,0.11886999011039734,0.6362579166889191,-0.01351378858089447,0.06007358431816101,0.5085166394710541,-0.023631848394870758,0.015303581953048706,0.4115343987941742,-0.04134063050150871,0.0,0.3173469305038452,-0.056916844099760056,0.13724294304847717,0.3842024505138397,0.024147743359208107,0.0812312662601471,0.2996589243412018,-0.03176204487681389,0.031225889921188354,0.3328962028026581,-0.07986168563365936,0.007240384817123413,0.38156285881996155,-0.10085216164588928,0.17874160408973694,0.3537755310535431,0.009899046272039413,0.1561553180217743,0.1892496943473816,-0.01715145632624626,0.13275042176246643,0.09140673279762268,-0.0357024148106575,0.11653271317481995,0.006520479917526245,-0.043808463960886,0.22734513878822327,0.35200414061546326,-0.015589338727295399,0.2054314911365509,0.18242329359054565,-0.0417618528008461,0.18330159783363342,0.08235400915145874,-0.04766853153705597,0.1635574996471405,0.0,-0.0436628982424736,0.27172258496284485,0.37375906109809875,-0.044652704149484634,0.2534584701061249,0.22687077522277832,-0.056997448205947876,0.2410629689693451,0.13945728540420532,-0.0484822653234005,0.22781667113304138,0.06752395629882812,-0.03629802539944649
F,0.20311588048934937,0.7180269360542297,-1.7610561542369396e-07,0.11521363258361816,0.6373355984687805,-0.01129541639238596,0.05732536315917969,0.5086560249328613,-0.0194720309227705,0.01570984721183777,0.4132349491119385,-0.035317398607730865,0.0,0.3232470750808716,-0.04931449145078659,0.1326877474784851,0.3846094608306885,0.02378700114786625,0.07708173990249634,0.2984326183795929,-0.030328046530485153,0.026476562023162842,0.33126670122146606,-0.07698548585176468,0.0014023184776306152,0.38045209646224976,-0.09720547497272491,0.17418771982192993,0.3544636368751526,0.00885868351906538,0.15179377794265747,0.18853992223739624,-0.016978345811367035,0.12874305248260498,0.09114253520965576,-0.03492719680070877,0.11269348859786987,0.007288068532943726,-0.042780764400959015,0.2229357361793518,0.35280823707580566,-0.016763191670179367,0.20141124725341797,0.18195533752441406,-0.04176710173487663,0.17954182624816895,0.08211234211921692,-0.04785067215561867,0.15987855195999146,0.0,-0.04439302533864975,0.26782286167144775,0.3743138909339905,-0.045688215643167496,0.24940836429595947,0.22712576389312744,-0.05742783844470978,0.23720425367355347,0.1397489607334137,-0.04875614121556282,0.22421586513519287,0.06792581081390381,-0.03673449903726578
F,0.20281124114990234,0.7205306589603424,-1.8336668006213586e-07,0.11590248346328735,0.6404645144939423,-0.011417672038078308,0.058346688747406006,0.5124633014202118,-0.01965978741645813,0.017295539379119873,0.4182595908641815,-0.03550564497709274,0.0011805891990661621,0.32937100529670715,-0.04948883131146431,0.13295018672943115,0.38569191098213196,0.0226906705647707,0.07528549432754517,0.30180466175079346,-0.03197183832526207,0.024121075868606567,0.33758220076560974,-0.07937522977590561,0.0,0.3884855806827545,-0.10002830624580383,0.1742381453514099,0.3552264869213104,0.007867112755775452,0.15130043029785156,0.18990430235862732,-0.017379309982061386,0.12750887870788574,0.09262648224830627,-0.03529329597949982,0.1114470362663269,0.009035646915435791,-0.04333534464240074,0.22262507677078247,0.353241890668869,-0.017619578167796135,0.20122206211090088,0.18220815062522888,-0.042502135038375854,0.17873138189315796,0.0817018449306488,-0.04905182123184204,0.1591958999633789,0.0,-0.04602816700935364,0.26672130823135376,0.3745523989200592,-0.04639599472284317,0.2494761347770691,0.2278479039669037,-0.05881078168749809,0.23678141832351685,0.14028465747833252,-0.050799302756786346,0.2232009768486023,0.06879809498786926,-0.03909638896584511
F,0.20411524176597595,0.7198860049247742,-1.793667934180121e-07,0.11784663796424866,0.6390849947929382,-0.009775166399776936,0.06133827567100525,0.5141216516494751,-0.01788540743291378,0.02005288004875183,0.42154282331466675,-0.03409605100750923,0.002990931272506714,0.3337114155292511,-0.04868515580892563,0.13429036736488342,0.38828951120376587,0.02455458976328373,0.07652154564857483,0.3027287721633911,-0.029787059873342514,0.025264322757720947,0.3361511528491974,-0.07707599550485611,0.0,0.3843974471092224,-0.09775661677122116,0.17456182837486267,0.3569856286048889,0.008742429316043854,0.15223637223243713,0.19031989574432373,-0.017048044130206108,0.12868991494178772,0.0924401581287384,-0.035849153995513916,0.11199483275413513,0.007502526044845581,-0.04451017826795578,0.22228297591209412,0.3536185026168823,-0.01755751110613346,0.20125356316566467,0.18207406997680664,-0.04248688742518425,0.1787920892238617,0.08184823393821716,-0.049680378288030624,0.15859809517860413,0.0,-0.04711655154824257,0.26634278893470764,0.3728172779083252,-0.04702669009566307,0.24898388981819153,0.22503435611724854,-0.05868624895811081,0.23689338564872742,0.13760170340538025,-0.05050085857510567,0.2235017716884613,0.06622430682182312,-0.038919031620025635
F,0.19978263974189758,0.7187661528587341,-2.1197396904426569e-07,0.1149614155292511,0.6401450634002686,-0.009446312673389912,0.05885174870491028,0.5117759108543396,-0.016630716621875763,0.019496440887451172,0.4175039529800415,-0.03144747391343117,0.0028905868530273438,0.33055806159973145,-0.0444951131939888,0.13443413376808167,0.3844565153121948,0.022726736962795258,0.07782825827598572,0.2991165220737457,-0.030874764546751976,0.025777369737625122,0.3342374563217163,-0.07749272882938385,0.0,0.38426923751831055,-0.09791906923055649,0.17474690079689026,0.354401171207428,0.007141615264117718,0.15118977427482605,0.18797865509986877,-0.018027417361736298,0.12757107615470886,0.0904897153377533,-0.03609105944633484,0.11139336228370667,0.006544709205627441,-0.04445960372686386,0.22263845801353455,0.3527240753173828,-0.01868598908185959,0.20101144909858704,0.1808987259864807,-0.04317796975374222,0.1784190833568573,0.08139908313751221,-0.04991874471306801,0.15855440497398376,0.0,-0.04735520854592323,0.26682475209236145,0.37393420934677124,-0.047548819333314896,0.24817976355552673,0.22648906707763672,-0.05934567376971245,0.2352689802646637,0.13965576887130737,-0.051133640110492706,0.22153940796852112,0.06879356503486633,-0.03964575380086899
F,0.2023283839225769,0.7198785841464996,-1.7561950471645105e-07,0.11463582515716553,0.6403240859508514,-0.00941558089107275,0.05667316913604736,0.5154328644275665,-0.017520548775792122,0.01646488904953003,0.421957403421402,-0.033814623951911926,0.0001430511474609375,0.33250805735588074,-0.048676587641239166,0.1333986520767212,0.3911401927471161,0.024671277031302452,0.07580262422561646,0.30362290143966675,-0.027284232899546623,0.024910688400268555,0.336594820022583,-0.07275029271841049,0.0,0.38510796427726746,-0.09263861179351807,0.17427366971969604,0.3601418435573578,0.008609176613390446,0.1518687605857849,0.19133269786834717,-0.015558994375169277,0.1281423568725586,0.09251317381858826,-0.0339851900935173,0.11176341772079468,0.006771504878997803,-0.04278755560517311,0.2222399115562439,0.357187420129776,-0.017715027555823326,0.1993238925933838,0.18422266840934753,-0.0415012501180172,0.17656809091567993,0.08281412720680237,-0.049655016511678696,0.15629446506500244,0.0,-0.0483204647898674,0.26715248823165894,0.3761235773563385,-0.04707074537873268,0.248276948928833,0.22805455327033997,-0.05784784257411957,0.23610848188400269,0.14090901613235474,-0.050019051879644394,0.22252237796783447,0.06947886943817139,-0.0392451286315918
F,0.20376205444335938,0.715141624212265,-1.8656621136869944e-07,0.11765700578689575,0.6359656751155853,-0.009515734389424324,0.06040853261947632,0.5111207664012909,-0.016985733062028885,0.020305991172790527,0.4188161790370941,-0.0320952907204628,0.0034415721893310547,0.3328016698360443,-0.04555412381887436,0.13615643978118896,0.3864990174770355,0.02247772365808487,0.07824867963790894,0.29981133341789246,-0.030209269374608994,0.026208937168121338,0.33130624890327454,-0.07638229429721832,0.0,0.3792128264904022,-0.09671690315008163,0.1764480471611023,0.3549700677394867,0.0070912400260567665,0.15312904119491577,0.18850603699684143,-0.01778274215757847,0.12968331575393677,0.09130698442459106,-0.036167021840810776,0.11371147632598877,0.00830027461051941,-0.04488486424088478,0.22357475757598877,0.3508821427822113,-0.01833735778927803,0.2017781138420105,0.18074235320091248,-0.04197406396269798,0.1791454553604126,0.08111733198165894,-0.04904501512646675,0.1596856713294983,0.0,-0.046968378126621246,0.2671041488647461,0.3694731891155243,-0.046855051070451736,0.24918311834335327,0.22285279631614685,-0.057296302169561386,0.23682183027267456,0.1366092562675476,-0.04875992611050606,0.22347277402877808,0.06669223308563232,-0.03736182302236557
F,0.20193782448768616,0.7161668539047241,-1.7968054066841432e-07,0.11505267024040222,0.6340059638023376,-0.009734796360135078,0.05828365683555603,0.5084760189056396,-0.017848601564764977,0.01893100142478943,0.4149046540260315,-0.03371146321296692,0.0019194185733795166,0.32634469866752625,-0.048055075109004974,0.1318005621433258,0.3866254687309265,0.022449299693107605,0.07631906867027283,0.2987929582595825,-0.030662083998322487,0.025929540395736694,0.33280855417251587,-0.07689932733774185,0.0,0.3823607563972473,-0.09724694490432739,0.1733323037624359,0.35618335008621216,0.006601586472243071,0.15084442496299744,0.18911272287368774,-0.019211750477552414,0.1282658874988556,0.09123885631561279,-0.03859374672174454,0.11244133114814758,0.007477909326553345,-0.04799625277519226,0.22184470295906067,0.35354018211364746,-0.019317880272865295,0.1996823251247406,0.18241843581199646,-0.04422047734260559,0.17806872725486755,0.08194062113761902,-0.05223768949508667,0.1582305133342743,0.0,-0.05065518617630005,0.26734742522239685,0.3730615973472595,-0.04821854829788208,0.24840191006660461,0.22563672065734863,-0.059809502214193344,0.2363893687725067,0.1381203830242157,-0.051883019506931305,0.22251877188682556,0.06683370471000671,-0.04088994860649109
F,0.2002749741077423,0.7130507826805115,-1.6471418007313332e-07,0.11422863602638245,0.6311032176017761,-0.011044492945075035,0.05628886818885803,0.5061970353126526,-0.020138511434197426,0.015981346368789673,0.4117916226387024,-0.036597900092601776,0.0,0.3215550184249878,-0.05117924138903618,0.13100013136863708,0.3846798539161682,0.021280614659190178,0.07667455077171326,0.2994071841239929,-0.03168293833732605,0.026470929384231567,0.33701637387275696,-0.07753314077854156,0.001877814531326294,0.38849854469299316,-0.09765361249446869,0.172156423330307,0.3548579812049866,0.00608169287443161,0.14986100792884827,0.18847548961639404,-0.01917167380452156,0.12736037373542786,0.09110242128372192,-0.03747286647558212,0.11186268925666809,0.006768614053726196,-0.046296197921037674,0.22020962834358215,0.3528779149055481,-0.019357748329639435,0.19884732365608215,0.18226966261863708,-0.04352832958102226,0.1784650981426239,0.08205351233482361,-0.05016513541340828,0.15978005528450012,0.0,-0.04783332720398903,0.26531288027763367,0.37286728620529175,-0.047951266169548035,0.24608096480369568,0.2253437638282776,-0.05905669927597046,0.23430445790290833,0.1380831003189087,-0.050429537892341614,0.2210293710231781,0.06694641709327698,-0.03899013623595238
F,0.20492613315582275,0.71372389793396,-1.5600640779211972e-07,0.11788040399551392,0.6332201957702637,-0.011768588796257973,0.05911332368850708,0.5088161826133728,-0.0216054767370224,0.017079144716262817,0.41409730911254883,-0.038702793419361115,0.0,0.3229553699493408,-0.05396963655948639,0.13292545080184937,0.3872383236885071,0.019114486873149872,0.07873660326004028,0.2985909581184387,-0.03495350107550621,0.029766738414764404,0.33453503251075745,-0.08134664595127106,0.005938202142715454,0.3851581811904907,-0.10180791467428207,0.17524343729019165,0.35702770948410034,0.004068519454449415,0.15293538570404053,0.19054019451141357,-0.022509561851620674,0.13127410411834717,0.09159901738166809,-0.04190632700920105,0.116749107837677,0.0057443976402282715,-0.051470741629600525,0.2241787314414978,0.3541300892829895,-0.02109634503722191,0.20198780298233032,0.18361949920654297,-0.046457380056381226,0.18131887912750244,0.08290746808052063,-0.05400347709655762,0.1624186635017395,0.0,-0.052129361778497696,0.2703571319580078,0.3736720681190491,-0.049372557550668716,0.251087486743927,0.2264479100704193,-0.061229556798934937,0.2396591305732727,0.13865944743156433,-0.053100693970918655,0.22714346647262573,0.06664741039276123,-0.041966021060943604
F,0.20049703121185303,0.7134571969509125,-1.562623310746858e-07,0.11494898796081543,0.6326275765895844,-0.010718347504734993,0.05765581130981445,0.5110650360584259,-0.02074975147843361,0.017605125904083252,0.42026135325431824,-0.038097083568573,0.0,0.3325168788433075,-0.05363326519727707,0.13215965032577515,0.3868778645992279,0.01854752190411091,0.07718616724014282,0.30154064297676086,-0.035321418195962906,0.02771097421646118,0.33748936653137207,-0.0818682387471199,0.0031082630157470703,0.38711443543434143,-0.1026800200343132,0.1729002594947815,0.357098788022995,0.002532508224248886,0.14940357208251953,0.19161906838417053,-0.024491574615240097,0.12711095809936523,0.0930292010307312,-0.044187843799591064,0.11217093467712402,0.0074846744537353516,-0.05390669032931328,0.2208397388458252,0.3545539081096649,-0.02333652228116989,0.19879043102264404,0.18443530797958374,-0.04875201731920242,0.17829114198684692,0.08336010575294495,-0.05598463490605354,0.15984070301055908,0.0,-0.05397627130150795,0.2661873698234558,0.37495848536491394,-0.052266575396060944,0.24733489751815796,0.22803372144699097,-0.06392250955104828,0.23629742860794067,0.13971874117851257,-0.05523097515106201,0.22408699989318848,0.06692895293235779,-0.04374892637133598
F,0.19958364963531494,0.7116602063179016,-1.4509160450870695e-07,0.11558055877685547,0.6293420791625977,-0.01332295686006546,0.05784320831298828,0.5052852630615234,-0.024529367685317993,0.015080481767654419,0.408779501914978,-0.04270444065332413,0.0,0.3130649924278259,-0.05883140116930008,0.13660812377929688,0.38692188262939453,0.0188189335167408,0.08349138498306274,0.3002364933490753,-0.03482886403799057,0.034595638513565063,0.3325382173061371,-0.08097866922616959,0.010488390922546387,0.3790653944015503,-0.10156599432229996,0.17670965194702148,0.3566775321960449,0.004394058138132095,0.15362364053726196,0.1907585859298706,-0.022595401853322983,0.13121908903121948,0.09206065535545349,-0.04187125340104103,0.1162615418434143,0.006928682327270508,-0.05125851556658745,0.22384536266326904,0.35360491275787354,-0.02030860260128975,0.2010858654975891,0.18403518199920654,-0.045892778784036636,0.18053960800170898,0.08328443765640259,-0.05304109677672386,0.16184812784194946,0.0,-0.05077788606286049,0.2684285640716553,0.3730810284614563,-0.04831049218773842,0.24963361024856567,0.22615349292755127,-0.05983776971697807,0.23826682567596436,0.13864931464195251,-0.05163322389125824,0.2253512144088745,0.06714314222335815,-0.04055950045585632
F,0.1967664361000061,0.708242803812027,-1.7957239606403164e-07,0.11236059665679932,0.6288683712482452,-0.012014399282634258,0.05508917570114136,0.5036722123622894,-0.02114851586520672,0.014552116394042969,0.4074687659740448,-0.03740183264017105,0.0,0.3149857521057129,-0.05174660682678223,0.13375848531723022,0.38267919421195984,0.02082628570497036,0.08155548572540283,0.2943862974643707,-0.031388022005558014,0.030586957931518555,0.3228589594364166,-0.07685346901416779,0.0028377771377563477,0.3669866621494293,-0.09725530445575714,0.17403030395507812,0.35206714272499084,0.006099242717027664,0.15229403972625732,0.1867365837097168,-0.019978424534201622,0.12974834442138672,0.08904522657394409,-0.038905415683984756,0.11370444297790527,0.005750119686126709,-0.04808439314365387,0.22116613388061523,0.34946486353874207,-0.018785037100315094,0.19973409175872803,0.18059983849525452,-0.04366146773099899,0.17910349369049072,0.08144530653953552,-0.05075855553150177,0.16012388467788696,0.0,-0.048602212220430374,0.2656371593475342,0.3694596588611603,-0.04691731929779053,0.24793171882629395,0.22333064675331116,-0.058186355978250504,0.23611629009246826,0.13698911666870117,-0.050034090876579285,0.2225325107574463,0.0667523443698883,-0.03908275067806244
F,0.19576245546340942,0.7100628614425659,-1.8108386257154052e-07,0.11110979318618774,0.6295175552368164,-0.011399753391742706,0.054032087326049805,0.5030456185340881,-0.020454883575439453,0.014573335647583008,0.40612924098968506,-0.036692675203084946,0.0004955530166625977,0.3135545253753662,-0.05119499936699867,0.13366925716400146,0.3833017349243164,0.020729968324303627,0.08059757947921753,0.29743486642837524,-0.03135816380381584,0.02870410680770874,0.3252508044242859,-0.07656335830688477,0.0,0.3685375452041626,-0.0967056080698967,0.17380309104919434,0.3530244827270508,0.005586574319750071,0.15155905485153198,0.1877714991569519,-0.020654624328017235,0.12921065092086792,0.0899723470211029,-0.039426304399967194,0.11351996660232544,0.006479501724243164,-0.04831193760037422,0.22039097547531128,0.35060369968414307,-0.019575849175453186,0.1984081268310547,0.18185868859291077,-0.04500674828886986,0.1774398684501648,0.08206638693809509,-0.0522303432226181,0.15775573253631592,0.0,-0.04991648718714714,0.2643926739692688,0.3705005645751953,-0.04783407971262932,0.24639904499053955,0.22396862506866455,-0.059545665979385376,0.23461145162582397,0.13756206631660461,-0.05144626647233963,0.22036105394363403,0.06762748956680298,-0.04037997126579285
F,0.19742512702941895,0.7113546431064606,-1.823934923095294e-07,0.11369115114212036,0.6296583712100983,-0.01188118290156126,0.0564732551574707,0.5044715702533722,-0.022036587819457054,0.015270590782165527,0.4087003171443939,-0.03958708792924881,0.0015372931957244873,0.3152022361755371,-0.055402595549821854,0.13772153854370117,0.38481810688972473,0.01989811100065708,0.08281183242797852,0.29813987016677856,-0.03273679316043854,0.0291140079498291,0.3275803029537201,-0.07814683765172958,0.0,0.3726625144481659,-0.09835176914930344,0.17739379405975342,0.35536620020866394,0.004467713180929422,0.15468907356262207,0.18925490975379944,-0.021388297900557518,0.13116931915283203,0.09041383862495422,-0.03999079018831253,0.11495405435562134,0.005846112966537476,-0.04909340664744377,0.22336238622665405,0.353935569524765,-0.021096089854836464,0.20137685537338257,0.18329066038131714,-0.04627897962927818,0.17970240116119385,0.08229121565818787,-0.053503286093473434,0.1597687005996704,0.0,-0.051516346633434296,0.26630496978759766,0.3745299279689789,-0.04984326660633087,0.24883216619491577,0.22673764824867249,-0.062072452157735825,0.23731952905654907,0.13846462965011597,-0.054461173713207245,0.2234196662902832,0.06694096326828003,-0.0438125878572464
F,0.19414645433425903,0.7106572985649109,-1.8030709725280758e-07,0.1099390983581543,0.6302081942558289,-0.011508865281939507,0.05286610126495361,0.5047104954719543,-0.021418236196041107,0.012334167957305908,0.408000111579895,-0.03867730870842934,0.0,0.3137824535369873,-0.054277800023555756,0.13337701559066772,0.3853307366371155,0.020382782444357872,0.08133947849273682,0.2985619604587555,-0.031429268419742584,0.029985368251800537,0.32452255487442017,-0.07599660754203796,0.002406179904937744,0.36699342727661133,-0.09576264768838882,0.1725131869316101,0.35573118925094604,0.00483719352632761,0.15104979276657104,0.18896174430847168,-0.020800083875656128,0.12805306911468506,0.09057042002677917,-0.03901246562600136,0.11229586601257324,0.006111651659011841,-0.04764143005013466,0.21864932775497437,0.3541032075881958,-0.02078208513557911,0.19760286808013916,0.18342044949531555,-0.045830193907022476,0.1765473484992981,0.08270421624183655,-0.053180575370788574,0.15770775079727173,0.0,-0.05130212754011154,0.2620357275009155,0.3747881054878235,-0.0495133213698864,0.24489301443099976,0.22781968116760254,-0.06152644380927086,0.233323872089386,0.14078649878501892,-0.053996507078409195,0.21987038850784302,0.07030844688415527,-0.04353608563542366
F,0.19450774788856506,0.7082870900630951,-1.8187219552601164e-07,0.11042419075965881,0.6299306452274323,-0.011294374242424965,0.054218024015426636,0.5051779448986053,-0.02068333700299263,0.015513092279434204,0.40926632285118103,-0.03740791231393814,0.0018848180770874023,0.3178565800189972,-0.05267941579222679,0.13309124112129211,0.3855127990245819,0.02026570402085781,0.07960179448127747,0.2986205518245697,-0.03073863498866558,0.027889907360076904,0.32497772574424744,-0.0752691924571991,0.0,0.3675142824649811,-0.09530655294656754,0.17240646481513977,0.3553730547428131,0.0047105769626796246,0.15066245198249817,0.18926113843917847,-0.019994158297777176,0.1278180181980133,0.09081980586051941,-0.038805726915597916,0.11169669032096863,0.0072990357875823975,-0.04839431867003441,0.2185785472393036,0.35284313559532166,-0.020735492929816246,0.19673439860343933,0.18272459506988525,-0.044894300401210785,0.1760484278202057,0.08202755451202393,-0.05329836905002594,0.1571902334690094,0.0,-0.05274412781000137,0.26216843724250793,0.37226220965385437,-0.049265772104263306,0.24428197741508484,0.2257586419582367,-0.06091854348778725,0.2332409918308258,0.138919860124588,-0.0540236234664917,0.21997055411338806,0.06833323836326599,-0.04444650933146477
F,0.1959821581840515,0.706483781337738,-1.8836739457128715e-07,0.11281996965408325,0.6288243532180786,-0.00887344591319561,0.05775505304336548,0.506110429763794,-0.01748695969581604,0.020006835460662842,0.4126208424568176,-0.03390974551439285,0.005144953727722168,0.3242999315261841,-0.04910789057612419,0.13674181699752808,0.3864021897315979,0.021922770887613297,0.08233481645584106,0.30179914832115173,-0.028335953131318092,0.029865294694900513,0.3237815797328949,-0.07267069071531296,0.0,0.36243051290512085,-0.09259545803070068,0.17482560873031616,0.3546615242958069,0.005406700074672699,0.1524522304534912,0.18946796655654907,-0.019055383279919624,0.12891775369644165,0.09164687991142273,-0.03746534138917923,0.1119840145111084,0.009079217910766602,-0.04646017774939537,0.21986061334609985,0.3496977686882019,-0.020663971081376076,0.1972876787185669,0.1804768443107605,-0.04413144290447235,0.17597001791000366,0.08063790202140808,-0.051905557513237,0.15702348947525024,0.0,-0.050734832882881165,0.2626723051071167,0.36703556776046753,-0.04970412701368332,0.24521148204803467,0.22115790843963623,-0.059933993965387344,0.23389655351638794,0.13551297783851624,-0.052063118666410446,0.22043418884277344,0.06723660230636597,-0.04174446314573288
F,0.19999533891677856,0.7092621028423309,-2.150735127770531e-07,0.1164330244064331,0.6320084631443024,-0.009020415134727955,0.06169980764389038,0.5074970424175262,-0.016928112134337425,0.023634672164916992,0.41318485140800476,-0.03235317021608353,0.006728172302246094,0.3245517611503601,-0.046352043747901917,0.14228641986846924,0.38817736506462097,0.020731985569000244,0.08378690481185913,0.303360253572464,-0.029720211401581764,0.028812408447265625,0.3303084075450897,-0.07414060831069946,0.0,0.3737817108631134,-0.09403963387012482,0.18079787492752075,0.3572811782360077,0.00526380306109786,0.1569620966911316,0.19172358512878418,-0.018458228558301926,0.1324278712272644,0.09339925646781921,-0.03637572377920151,0.11513787508010864,0.009772628545761108,-0.04540245234966278,0.2255338430404663,0.3530392348766327,-0.01967182382941246,0.20174849033355713,0.1820668876171112,-0.04292535409331322,0.17955726385116577,0.08140188455581665,-0.05092232674360275,0.15996575355529785,0.0,-0.05003224313259125,0.26748067140579224,0.3711889088153839,-0.047426823526620865,0.24950248003005981,0.22422650456428528,-0.05788644030690193,0.23730909824371338,0.13800138235092163,-0.05030638352036476,0.2232692837715149,0.06900668144226074,-0.040166325867176056
F,0.19912287592887878,0.7088066637516022,-2.047863034704278e-07,0.11541375517845154,0.6290819942951202,-0.009003276005387306,0.06141135096549988,0.5067927539348602,-0.017443470656871796,0.023246169090270996,0.41301581263542175,-0.0336354598402977,0.006772041320800781,0.32345572113990784,-0.04830392077565193,0.14073804020881653,0.388162761926651,0.02183062769472599,0.0821925699710846,0.30184003710746765,-0.027835475280880928,0.02803140878677368,0.330573707818985,-0.07153639197349548,0.0,0.3758608400821686,-0.09100338071584702,0.17872324585914612,0.35786154866218567,0.006173131987452507,0.1555817425251007,0.19177600741386414,-0.01720084436237812,0.13128748536109924,0.0936049222946167,-0.03518430143594742,0.1139967143535614,0.009902983903884888,-0.04446236416697502,0.22235450148582458,0.3532331883907318,-0.019025294110178947,0.19947108626365662,0.182456374168396,-0.04197970777750015,0.17766842246055603,0.08152422308921814,-0.050587281584739685,0.15770044922828674,0.0,-0.05039481446146965,0.26339802145957947,0.37048473954200745,-0.047055356204509735,0.246847003698349,0.22342178225517273,-0.0570000484585762,0.23584315180778503,0.13714709877967834,-0.04968231916427612,0.22182849049568176,0.06841713190078735,-0.04009531810879707
F,0.1968516707420349,0.7059076130390167,-1.9800128825409047e-07,0.11354535818099976,0.6289454996585846,-0.008532270789146423,0.059386610984802246,0.5087127387523651,-0.01718185655772686,0.021855294704437256,0.4165833294391632,-0.03360963612794876,0.00757145881652832,0.328672856092453,-0.048705022782087326,0.13891899585723877,0.3883306682109833,0.020927144214510918,0.08243775367736816,0.3025439977645874,-0.028630824759602547,0.02867993712425232,0.32623523473739624,-0.07204485684633255,0.0,0.36647024750709534,-0.09144292771816254,0.17647331953048706,0.35750433802604675,0.004743499215692282,0.15352940559387207,0.19080772995948792,-0.01921031065285206,0.12914836406707764,0.09272420406341553,-0.03700803592801094,0.11146557331085205,0.00892224907875061,-0.04582439363002777,0.22047168016433716,0.3525117337703705,-0.02084275335073471,0.1976596713066101,0.1813637912273407,-0.043902792036533356,0.17622780799865723,0.0810461938381195,-0.05199624225497246,0.15706908702850342,0.0,-0.0513078011572361,0.2620275020599365,0.3696918785572052,-0.04923314228653908,0.24485498666763306,0.22287359833717346,-0.05918709561228752,0.2334551215171814,0.13650518655776978,-0.05169686675071716,0.2196272611618042,0.0680602490901947,-0.04188308119773865
F,0.19380027055740356,0.7052408456802368,-1.9976400267296412e-07,0.11041641235351562,0.6295453310012817,-0.008810263127088547,0.056732892990112305,0.5088645219802856,-0.0170847550034523,0.019574522972106934,0.41709911823272705,-0.03284132480621338,0.004252314567565918,0.3305681645870209,-0.04713186249136925,0.1331014633178711,0.38789868354797363,0.019977904856204987,0.07662153244018555,0.3022480010986328,-0.02976386621594429,0.025473594665527344,0.33151572942733765,-0.07336187362670898,0.0,0.3749173879623413,-0.09293998777866364,0.1711951494216919,0.35661518573760986,0.004410027526319027,0.14798349142074585,0.1911098062992096,-0.02007181942462921,0.12477529048919678,0.09333035349845886,-0.03833858296275139,0.10808354616165161,0.009514719247817993,-0.047509532421827316,0.2156621217727661,0.35126930475234985,-0.020472707226872444,0.19217228889465332,0.18168067932128906,-0.04407361149787903,0.17105692625045776,0.08146065473556519,-0.0528545044362545,0.15204399824142456,0.0,-0.05254681408405304,0.257530152797699,0.3678893446922302,-0.048059701919555664,0.23996484279632568,0.22127676010131836,-0.0581410713493824,0.2282710075378418,0.13576745986938477,-0.050818078219890594,0.21452993154525757,0.06785693764686584,-0.04114148020744324
F,0.1905149221420288,0.702063649892807,-1.8930782630377507e-07,0.10753107070922852,0.6245760023593903,-0.00955442525446415,0.05383133888244629,0.5038416087627411,-0.01857754960656166,0.01601123809814453,0.4100191295146942,-0.03523815795779228,0.0010665059089660645,0.32005321979522705,-0.05047772452235222,0.13387715816497803,0.38768336176872253,0.021571846678853035,0.07959461212158203,0.30321601033210754,-0.027498342096805573,0.027590811252593994,0.3275226652622223,-0.07082237303256989,0.0,0.3669807016849518,-0.0903250202536583,0.17014801502227783,0.35662952065467834,0.006009296979755163,0.14754271507263184,0.19153842329978943,-0.01752682961523533,0.12270545959472656,0.09438928961753845,-0.03542327508330345,0.10484015941619873,0.011649012565612793,-0.04451877251267433,0.21352940797805786,0.35097840428352356,-0.019102081656455994,0.19056928157806396,0.1811966896057129,-0.04206978157162666,0.168834388256073,0.08094480633735657,-0.05062207207083702,0.1495317816734314,0.0,-0.05038584768772125,0.25505656003952026,0.36688539385795593,-0.047112319618463516,0.23824292421340942,0.22070851922035217,-0.05694059282541275,0.22685128450393677,0.13468319177627563,-0.04982513561844826,0.21299868822097778,0.06664323806762695,-0.040523502975702286
F,0.18925276398658752,0.6987621188163757,-1.7654633666097652e-07,0.10620775818824768,0.6195189356803894,-0.009892689064145088,0.051448971033096313,0.49919164180755615,-0.018921807408332825,0.012910246849060059,0.4038013219833374,-0.035464681684970856,0.0,0.31139782071113586,-0.050337158143520355,0.13271531462669373,0.3845771551132202,0.02351817674934864,0.08165106177330017,0.30028235912323,-0.024942373856902122,0.03179553151130676,0.3229690492153168,-0.06803195178508759,0.00542178750038147,0.3607547879219055,-0.08752650022506714,0.16917076706886292,0.353371798992157,0.008363853208720684,0.14710602164268494,0.18865692615509033,-0.014750705100595951,0.12326326966285706,0.09144279360771179,-0.03274312987923622,0.1063213050365448,0.008234769105911255,-0.041865263134241104,0.21277430653572083,0.34763103723526,-0.0164830032736063,0.1900734007358551,0.17974454164505005,-0.039042118936777115,0.16879835724830627,0.08067476749420166,-0.047503866255283356,0.14999350905418396,0.0,-0.04714306443929672,0.25430789589881897,0.36404478549957275,-0.04429004713892937,0.2376573383808136,0.2193106710910797,-0.053801536560058594,0.22578296065330505,0.13450300693511963,-0.04659293591976166,0.21156570315361023,0.06720668077468872,-0.03719917684793472
F,0.18920567631721497,0.6959354877471924,-1.764642405532868e-07,0.10739859938621521,0.6168125867843628,-0.011410469189286232,0.05132666230201721,0.4950782060623169,-0.021442314609885216,0.012039333581924438,0.3982865810394287,-0.03872611001133919,0.0,0.3039390742778778,-0.054467204958200455,0.13246962428092957,0.3842160105705261,0.021002376452088356,0.08234712481498718,0.30148541927337646,-0.02792627178132534,0.03234681487083435,0.3258759677410126,-0.0708860456943512,0.0054756104946136475,0.3639976978302002,-0.09037040919065475,0.17013850808143616,0.35395777225494385,0.005866231396794319,0.14802178740501404,0.1901903748512268,-0.01783650740981102,0.12375977635383606,0.09290972352027893,-0.03625756874680519,0.10640093684196472,0.009947717189788818,-0.045799583196640015,0.21445319056510925,0.34932541847229004,-0.019045740365982056,0.19147375226020813,0.18134278059005737,-0.04274342581629753,0.16993263363838196,0.08134543895721436,-0.05188899114727974,0.15063592791557312,0.0,-0.05194482579827309,0.2567308247089386,0.36595261096954346,-0.046897538006305695,0.23852279782295227,0.22063317894935608,-0.05789105221629143,0.22677317261695862,0.1349349319934845,-0.051700979471206665,0.2124418318271637,0.06621739268302917,-0.04297631233930588
F,0.19179099798202515,0.6933163404464722,-2.0118611132602382e-07,0.11068695783615112,0.6147163510322571,-0.011898348107933998,0.05413985252380371,0.49161338806152344,-0.022692430764436722,0.014274120330810547,0.39267390966415405,-0.040660444647073746,0.0,0.29702576994895935,-0.05687149614095688,0.1381797194480896,0.37830203771591187,0.019181353971362114,0.08625775575637817,0.2953697741031647,-0.03185350075364113,0.03611963987350464,0.3252499997615814,-0.07636498659849167,0.011834561824798584,0.36868804693222046,-0.09668760746717453,0.17656385898590088,0.3497394919395447,0.0041950964368879795,0.15294665098190308,0.1871776580810547,-0.01985916681587696,0.12851405143737793,0.09052965044975281,-0.03839024156332016,0.11214011907577515,0.007185429334640503,-0.04853067174553871,0.22133690118789673,0.34687769412994385,-0.020658092573285103,0.19784337282180786,0.17855167388916016,-0.044330429285764694,0.1759597659111023,0.07997778058052063,-0.052667081356048584,0.15750175714492798,0.0,-0.05255329981446266,0.2631167769432068,0.36573469638824463,-0.04854357987642288,0.24448347091674805,0.2200334668159485,-0.059888605028390884,0.23165935277938843,0.13409632444381714,-0.05350245162844658,0.2176508903503418,0.06567218899726868,-0.044629909098148346
F,0.19700491428375244,0.6940104961395264,-2.0652719001645892e-07,0.11623543500900269,0.617911159992218,-0.012856539338827133,0.057061731815338135,0.49307572841644287,-0.02339952625334263,0.014323323965072632,0.3939967751502991,-0.040763042867183685,0.0,0.2972528040409088,-0.05607488378882408,0.14230579137802124,0.3843671679496765,0.017600590363144875,0.08762890100479126,0.2974333167076111,-0.030711496248841286,0.03717502951622009,0.33201271295547485,-0.07256212830543518,0.01388096809387207,0.37847328186035156,-0.09185079485177994,0.18115085363388062,0.3555355668067932,0.003268860513344407,0.15644484758377075,0.19038832187652588,-0.02109587751328945,0.13343769311904907,0.09294790029525757,-0.040123261511325836,0.1185842752456665,0.00843822956085205,-0.050719019025564194,0.2255207896232605,0.3517013192176819,-0.020630890503525734,0.19991743564605713,0.1834801435470581,-0.045260168612003326,0.17842435836791992,0.08335286378860474,-0.05529013276100159,0.15972888469696045,0.0,-0.05630118027329445,0.2674269676208496,0.368779718875885,-0.0473003014922142,0.24579674005508423,0.22194159030914307,-0.05910954624414444,0.23349326848983765,0.13593584299087524,-0.05342567339539528,0.2195063829421997,0.06652501225471497,-0.045372866094112396
F,0.19455212354660034,0.6891217827796936,-1.8916966837423388e-07,0.11488515138626099,0.6168805360794067,-0.01363894622772932,0.05800950527191162,0.49569427967071533,-0.024582715705037117,0.01570260524749756,0.3991238474845886,-0.04209616407752037,0.0,0.30470627546310425,-0.05791464075446129,0.13953769207000732,0.38128477334976196,0.01558085810393095,0.08498191833496094,0.2994571924209595,-0.035078953951597214,0.03352522850036621,0.32772377133369446,-0.07886826992034912,0.00788918137550354,0.36905211210250854,-0.09884247928857803,0.17733025550842285,0.351041316986084,0.0019899990875273943,0.15410113334655762,0.18755006790161133,-0.023127393797039986,0.13064038753509521,0.09099149703979492,-0.04136544466018677,0.1147470474243164,0.007371246814727783,-0.05066795274615288,0.22210872173309326,0.3472267985343933,-0.021297410130500793,0.19824808835983276,0.17989623546600342,-0.046200744807720184,0.17686975002288818,0.08122807741165161,-0.055122409015893936,0.15826869010925293,0.0,-0.05472271889448166,0.2640671730041504,0.3657567501068115,-0.047568801790475845,0.245133638381958,0.22079810500144958,-0.05970664694905281,0.23226237297058105,0.13530930876731873,-0.05380437895655632,0.217817485332489,0.06690609455108643,-0.04495283216238022
F,0.19930046796798706,0.6960809826850891,-1.7536250140892662e-07,0.1199105978012085,0.6214120984077454,-0.013817552477121353,0.06307125091552734,0.4984772205352783,-0.025308512151241302,0.0177154541015625,0.40130335092544556,-0.043558139353990555,0.0,0.30502063035964966,-0.060088496655225754,0.14817523956298828,0.3867443799972534,0.017220305278897285,0.09078693389892578,0.3073994815349579,-0.03444574773311615,0.03610485792160034,0.33423948287963867,-0.07947009056806564,0.008115887641906738,0.37469983100891113,-0.10000761598348618,0.18473702669143677,0.3558107018470764,0.0037689858581870794,0.16087055206298828,0.19245532155036926,-0.021563801914453506,0.13685578107833862,0.09449830651283264,-0.03960467129945755,0.12080138921737671,0.009702473878860474,-0.048502590507268906,0.22852802276611328,0.3510586619377136,-0.01968730054795742,0.20339065790176392,0.1833781898021698,-0.04486890509724617,0.18117916584014893,0.08227494359016418,-0.05324611812829971,0.1624470353126526,0.0,-0.05202050134539604,0.26912277936935425,0.36825162172317505,-0.046242855489254,0.2499074935913086,0.22216618061065674,-0.05830453336238861,0.23728132247924805,0.13599568605422974,-0.051928840577602386,0.22340816259384155,0.06738191843032837,-0.04245797544717789
F,0.20673561096191406,0.6940597891807556,-1.6862149720964226e-07,0.1255549192428589,0.6166881322860718,-0.013837953098118305,0.0665014386177063,0.49713438749313354,-0.02626929059624672,0.019068658351898193,0.40165621042251587,-0.04552578181028366,0.0,0.3047455847263336,-0.06291231513023376,0.1504763960838318,0.3831232190132141,0.01666221022605896,0.09129178524017334,0.30255985260009766,-0.035221945494413376,0.03913012146949768,0.332858681678772,-0.07997427880764008,0.015288293361663818,0.37674444913864136,-0.10034773498773575,0.1879028081893921,0.3539068102836609,0.002889693481847644,0.1636090874671936,0.18980848789215088,-0.02328791841864586,0.1404321789741516,0.09293225407600403,-0.04176882654428482,0.12569963932037354,0.009595811367034912,-0.05097261816263199,0.23235303163528442,0.34991687536239624,-0.020833369344472885,0.20687460899353027,0.18087702989578247,-0.04677029326558113,0.18550598621368408,0.0813031792640686,-0.05497385561466217,0.16752761602401733,0.0,-0.05345737561583519,0.27392256259918213,0.3677363395690918,-0.04752345383167267,0.253423273563385,0.2213335633277893,-0.05975516140460968,0.24025356769561768,0.13522323966026306,-0.052827026695013046,0.22567874193191528,0.06682199239730835,-0.042774442583322525
F,0.19815725088119507,0.6906764805316925,-2.0421542501480872e-07,0.1189342737197876,0.615156501531601,-0.012324974872171879,0.06229960918426514,0.49695560336112976,-0.02305104024708271,0.01856788992881775,0.4041937291622162,-0.040574558079242706,0.0,0.3128632605075836,-0.05662592500448227,0.14359158277511597,0.37896767258644104,0.016467195004224777,0.08534002304077148,0.3006691634654999,-0.034421227872371674,0.034065425395965576,0.3312261402606964,-0.07930436730384827,0.009305804967880249,0.37264296412467957,-0.10025521367788315,0.18085068464279175,0.34888920187950134,0.002152116736397147,0.15723508596420288,0.1878102719783783,-0.022754738107323647,0.13425308465957642,0.0926615297794342,-0.04187413305044174,0.11899268627166748,0.009319871664047241,-0.05210304632782936,0.22529518604278564,0.3448881208896637,-0.021747691556811333,0.20090508460998535,0.17920994758605957,-0.0470413975417614,0.17922329902648926,0.08100458979606628,-0.05691533535718918,0.161216139793396,0.0,-0.05719572305679321,0.2668200135231018,0.3631798326969147,-0.04846924915909767,0.24692320823669434,0.21936503052711487,-0.06139925867319107,0.23333412408828735,0.13511699438095093,-0.05595710501074791,0.21871048212051392,0.06773892045021057,-0.04731440171599388
F,0.20472493767738342,0.6946952939033508,-1.6033210670229892e-07,0.12434545159339905,0.6217166781425476,-0.014830250293016434,0.06816735863685608,0.5010830163955688,-0.027263574302196503,0.021716326475143433,0.40574944019317627,-0.046499110758304596,0.0,0.3111638128757477,-0.06395120173692703,0.1503044068813324,0.3862467408180237,0.017299028113484383,0.09240278601646423,0.30877920985221863,-0.03655584901571274,0.03865182399749756,0.3367403745651245,-0.08338769525289536,0.012468487024307251,0.377455472946167,-0.1047266498208046,0.1877501904964447,0.3551110625267029,0.0038447845727205276,0.16504564881324768,0.19266849756240845,-0.02242889255285263,0.1422043740749359,0.09431055188179016,-0.04119505360722542,0.12706199288368225,0.009042888879776001,-0.05051977559924126,0.2325715720653534,0.3503870964050293,-0.020001325756311417,0.20806893706321716,0.18322324752807617,-0.04599945247173309,0.1863502562046051,0.08241993188858032,-0.054381921887397766,0.16778680682182312,0.0,-0.052876055240631104,0.2741061747074127,0.36774665117263794,-0.047119878232479095,0.2535493075847626,0.22204148769378662,-0.05965181440114975,0.23987111449241638,0.13626736402511597,-0.05303625762462616,0.2252192199230194,0.06790831685066223,-0.04310291260480881
F,0.2109728455543518,0.69355508685112,-1.583603221888552e-07,0.1294645071029663,0.6210412681102753,-0.013616410084068775,0.07130289077758789,0.5003826320171356,-0.02528308890759945,0.024679362773895264,0.406290203332901,-0.04345177114009857,0.0,0.3137233853340149,-0.060029491782188416,0.1557602882385254,0.3852636516094208,0.015919597819447517,0.09622734785079956,0.31011277437210083,-0.03576226159930229,0.04138129949569702,0.33661964535713196,-0.08116400241851807,0.013365298509597778,0.3754434883594513,-0.10205948352813721,0.19294524192810059,0.3545125424861908,0.001995422877371311,0.16917794942855835,0.19192862510681152,-0.02400944195687771,0.1460503339767456,0.09340912103652954,-0.0427422858774662,0.13124901056289673,0.008729606866836548,-0.052022963762283325,0.23755407333374023,0.3499068319797516,-0.021689269691705704,0.21200776100158691,0.1833484172821045,-0.04753885790705681,0.1895580291748047,0.0825364887714386,-0.05602932348847389,0.1710337996482849,0.0,-0.054711781442165375,0.27910202741622925,0.3675295412540436,-0.04835181310772896,0.25794506072998047,0.2225016951560974,-0.06073179468512535,0.2442021369934082,0.1372656226158142,-0.05370313301682472,0.22946536540985107,0.06901097297668457,-0.043595340102910995
F,0.208429217338562,0.6929518282413483,-1.5852415913286677e-07,0.1277238130569458,0.6204170286655426,-0.014802123419940472,0.07033884525299072,0.5010760128498077,-0.026937130838632584,0.02430039644241333,0.4077264368534088,-0.04544784873723984,0.0,0.315297394990921,-0.06238151714205742,0.15225297212600708,0.3828430473804474,0.015507012605667114,0.09203594923019409,0.30873599648475647,-0.0371575802564621,0.03823590278625488,0.33648332953453064,-0.08332434296607971,0.011422306299209595,0.3764400780200958,-0.10461606830358505,0.18941229581832886,0.35173824429512024,0.0021113853435963392,0.16555088758468628,0.1907481849193573,-0.02397763915359974,0.14267504215240479,0.09343311190605164,-0.0430712066590786,0.127826988697052,0.00987917184829712,-0.05269889160990715,0.23424577713012695,0.3472490608692169,-0.02129020169377327,0.2081100344657898,0.18155547976493835,-0.047454584389925,0.1864008903503418,0.0816754400730133,-0.05643174797296524,0.16836172342300415,0.0,-0.055492959916591644,0.2762112617492676,0.3651137053966522,-0.04777735099196434,0.2549716830253601,0.22142362594604492,-0.060814108699560165,0.2414768934249878,0.1367778480052948,-0.05450057238340378,0.22685658931732178,0.06916406750679016,-0.04484034702181816
F,0.20662152767181396,0.6949579417705536,-1.6984981243695074e-07,0.12619853019714355,0.6206226646900177,-0.013528966344892979,0.07034581899642944,0.5011268556118011,-0.025094320997595787,0.02517557144165039,0.40916499495506287,-0.043188001960515976,0.0,0.31924670934677124,-0.05984555929899216,0.15291231870651245,0.3831698000431061,0.016157211735844612,0.09261804819107056,0.3086135983467102,-0.035233274102211,0.03904902935028076,0.3385230600833893,-0.0808778777718544,0.012676775455474854,0.37985220551490784,-0.10216820985078812,0.18997704982757568,0.3531244695186615,0.002022956730797887,0.16459208726882935,0.19057521224021912,-0.023385023698210716,0.14116227626800537,0.09340617060661316,-0.04269079864025116,0.1261690855026245,0.009753018617630005,-0.05262420326471329,0.23470032215118408,0.3494527041912079,-0.02185451239347458,0.20806849002838135,0.18327239155769348,-0.04771967977285385,0.18498343229293823,0.08244022727012634,-0.057413239032030106,0.16626346111297607,0.0,-0.057140253484249115,0.27630043029785156,0.3677885830402374,-0.04863402247428894,0.25449347496032715,0.22328200936317444,-0.061550140380859375,0.24020111560821533,0.13851898908615112,-0.055334918200969696,0.22501683235168457,0.07060018181800842,-0.04591590538620949
F,0.21702343225479126,0.6959683299064636,-1.5803821895588044e-07,0.13501322269439697,0.6229776740074158,-0.013419680297374725,0.07755506038665771,0.5011073350906372,-0.025759153068065643,0.03139525651931763,0.40867334604263306,-0.04486684501171112,0.0,0.3214570879936218,-0.06263373792171478,0.16118794679641724,0.3862228989601135,0.015098522417247295,0.10006082057952881,0.31177589297294617,-0.03705449774861336,0.04536890983581543,0.344557523727417,-0.083456851541996,0.017753899097442627,0.38765662908554077,-0.10536516457796097,0.1988491415977478,0.35585474967956543,9.63500133366324e-05,0.17365479469299316,0.19303250312805176,-0.02594687230885029,0.15097028017044067,0.09376794099807739,-0.04600176215171814,0.1365634799003601,0.008693575859069824,-0.05670732259750366,0.24392002820968628,0.35261571407318115,-0.024609031155705452,0.21677637100219727,0.18594026565551758,-0.05064838007092476,0.19448846578598022,0.08339598774909973,-0.06033758446574211,0.17608428001403809,0.0,-0.06028476357460022,0.28587597608566284,0.3710009455680847,-0.0522526390850544,0.26351261138916016,0.22570806741714478,-0.06503208726644516,0.249705970287323,0.13966798782348633,-0.05845768377184868,0.23471057415008545,0.07048600912094116,-0.048988841474056244
F,0.21980252861976624,0.6958049237728119,-1.6775723565842782e-07,0.13803204894065857,0.6195924580097198,-0.013030909933149815,0.07979634404182434,0.49630483984947205,-0.024775158613920212,0.032547980546951294,0.402844101190567,-0.04319417476654053,0.0,0.3153694272041321,-0.06030602380633354,0.16287502646446228,0.38320502638816833,0.015524337068200111,0.10199448466300964,0.3094410002231598,-0.03670942410826683,0.04859909415245056,0.3465135991573334,-0.08307334035634995,0.022821635007858276,0.39388230443000793,-0.10472451895475388,0.20128193497657776,0.35357871651649475,0.0009096661815419793,0.17716285586357117,0.19124332070350647,-0.023758264258503914,0.15445348620414734,0.09271684288978577,-0.04270198568701744,0.1404896080493927,0.008302897214889526,-0.05285953730344772,0.24697956442832947,0.3507455885410309,-0.02341289445757866,0.22104105353355408,0.18363186717033386,-0.04832102358341217,0.19880333542823792,0.0819292962551117,-0.0569576658308506,0.18055441975593567,0.0,-0.056434180587530136,0.28949716687202454,0.369086354970932,-0.050668343901634216,0.2683328092098236,0.2250545620918274,-0.06325989216566086,0.254537969827652,0.13963928818702698,-0.056357141584157944,0.23950478434562683,0.0715174674987793,-0.046555470675230026
F,0.22594201564788818,0.6951939761638641,-1.8218885600163048e-07,0.14276504516601562,0.619655042886734,-0.014120090752840042,0.08408302068710327,0.49442175030708313,-0.026181891560554504,0.03527730703353882,0.39919689297676086,-0.04462491720914841,0.0,0.31287306547164917,-0.06182462349534035,0.1678716540336609,0.3827790915966034,0.013641605153679848,0.10684764385223389,0.3071272671222687,-0.038830745965242386,0.05386161804199219,0.34506943821907043,-0.08556811511516571,0.02828487753868103,0.39303329586982727,-0.10763657093048096,0.2060067057609558,0.3531744182109833,-0.00036908069159835577,0.18200069665908813,0.19202014803886414,-0.024904528632760048,0.15981680154800415,0.09369778633117676,-0.04428815469145775,0.1463850736618042,0.008845508098602295,-0.055221881717443466,0.25163763761520386,0.35060837864875793,-0.024077175185084343,0.22548502683639526,0.18461236357688904,-0.04895650967955589,0.20340102910995483,0.08280283212661743,-0.05801504850387573,0.18521493673324585,0.0,-0.058165185153484344,0.2941364645957947,0.36883798241615295,-0.05078452453017235,0.27283716201782227,0.22513079643249512,-0.06389524042606354,0.25913387537002563,0.1393590271472931,-0.05753383785486221,0.24431699514389038,0.07041195034980774,-0.048345621675252914
F,0.22620713710784912,0.6945326626300812,-1.9942947915296827e-07,0.1422795057296753,0.618495374917984,-0.014887044206261635,0.08387309312820435,0.4931177794933319,-0.027150942012667656,0.03522047400474548,0.3975349962711334,-0.04556095600128174,0.0,0.31171584129333496,-0.06264189630746841,0.1676303744316101,0.3799147307872772,0.013319186866283417,0.10791242122650146,0.3045904338359833,-0.039836958050727844,0.05649635195732117,0.3454059064388275,-0.08751387149095535,0.03163331747055054,0.39477071166038513,-0.11032696068286896,0.20617836713790894,0.3502788841724396,-0.00010428860696265474,0.1830146312713623,0.19207635521888733,-0.024647917598485947,0.1606895923614502,0.09531041979789734,-0.04481258988380432,0.14679980278015137,0.010544419288635254,-0.05681484937667847,0.2518131732940674,0.3475537598133087,-0.023356406018137932,0.2273680567741394,0.1826116144657135,-0.048063330352306366,0.2062702775001526,0.08217474818229675,-0.05800701677799225,0.18902665376663208,0.0,-0.05919978767633438,0.2938666343688965,0.36609914898872375,-0.04969353601336479,0.2732534408569336,0.22331607341766357,-0.06287429481744766,0.2589598298072815,0.13791611790657043,-0.05732041969895363,0.24376046657562256,0.06915229558944702,-0.04897480830550194
F,0.222977876663208,0.693861335515976,-2.042632729626348e-07,0.14026719331741333,0.6163909137248993,-0.013171231374144554,0.08121424913406372,0.4921688735485077,-0.024391433224081993,0.03324270248413086,0.39759519696235657,-0.04184114560484886,0.0,0.31110599637031555,-0.057917073369026184,0.165723979473114,0.37928107380867004,0.0142609728500247,0.10571283102035522,0.3032606840133667,-0.03751862794160843,0.05323341488838196,0.3424524962902069,-0.08377359062433243,0.027565598487854004,0.3913094103336334,-0.10566453635692596,0.2040315866470337,0.35019156336784363,0.00012316952052060515,0.1807159185409546,0.19023191928863525,-0.02461814321577549,0.15783041715621948,0.0938936173915863,-0.04439624771475792,0.14334958791732788,0.010205447673797607,-0.05586053803563118,0.24897652864456177,0.3475363552570343,-0.023584792390465736,0.2261081337928772,0.18212845921516418,-0.04862399771809578,0.20455366373062134,0.0819711983203888,-0.05847175791859627,0.18677860498428345,0.0,-0.05934865400195122,0.29041826725006104,0.3663409650325775,-0.05011572688817978,0.27016425132751465,0.22308865189552307,-0.06296706199645996,0.2558157444000244,0.1377103328704834,-0.05686664581298828,0.24016129970550537,0.06961634755134583,-0.04817711189389229
F,0.22685739398002625,0.6946295499801636,-1.9458936151295347e-07,0.14356622099876404,0.6171332001686096,-0.013395629823207855,0.08393862843513489,0.49133163690567017,-0.02491278015077114,0.03546023368835449,0.39473557472229004,-0.04271715134382248,0.0,0.30851688981056213,-0.05908959358930588,0.16920194029808044,0.38129377365112305,0.01446342933923006,0.10905668139457703,0.30410829186439514,-0.03748883679509163,0.056933432817459106,0.34301215410232544,-0.0839591771364212,0.03138601779937744,0.3917439579963684,-0.10599794238805771,0.20721295475959778,0.3519213795661926,0.00040757033275440335,0.18406322598457336,0.19128304719924927,-0.024209342896938324,0.1616722047328949,0.0937868058681488,-0.04406622424721718,0.14771094918251038,0.009013086557388306,-0.055629484355449677,0.25222423672676086,0.3487582802772522,-0.023265065625309944,0.22857943177223206,0.18326398730278015,-0.048113830387592316,0.20668074488639832,0.08243811130523682,-0.057896938174963,0.18854358792304993,0.0,-0.05877270922064781,0.2939262092113495,0.366641640663147,-0.04981229826807976,0.27371278405189514,0.22336292266845703,-0.06251991540193558,0.2595680058002472,0.1379285454750061,-0.056363947689533234,0.24415406584739685,0.06956914067268372,-0.04767923802137375
F,0.21118557453155518,0.6955443024635315,-2.1067074840175337e-07,0.13130688667297363,0.6184050440788269,-0.013449524529278278,0.07433086633682251,0.4982597231864929,-0.025227651000022888,0.02668321132659912,0.4064326286315918,-0.04348486289381981,0.0,0.31540265679359436,-0.06020667776465416,0.1564568281173706,0.38093096017837524,0.015315348282456398,0.09626257419586182,0.30528467893600464,-0.03756123408675194,0.04256877303123474,0.34206271171569824,-0.08484993129968643,0.015287935733795166,0.3881281614303589,-0.10721470415592194,0.19378501176834106,0.3508017659187317,0.001175432582385838,0.16961026191711426,0.19130608439445496,-0.024295566603541374,0.14607542753219604,0.09507504105567932,-0.04466259106993675,0.13065260648727417,0.011389076709747314,-0.05615996569395065,0.23837685585021973,0.34707677364349365,-0.022687628865242004,0.21419167518615723,0.1822163462638855,-0.04797913879156113,0.1922171711921692,0.08209419250488281,-0.05784808099269867,0.17372053861618042,0.0,-0.05842963606119156,0.27983009815216064,0.36554306745529175,-0.04951615259051323,0.2594348192214966,0.22243648767471313,-0.06244966760277748,0.24516189098358154,0.13721424341201782,-0.05635756626725197,0.22921788692474365,0.06871333718299866,-0.04728598892688751
F,0.2115972340106964,0.699058324098587,-1.8102005583386926e-07,0.13104864954948425,0.6216001212596893,-0.01230246014893055,0.07382747530937195,0.5024400055408478,-0.02376057766377926,0.027623653411865234,0.4111309349536896,-0.041879527270793915,0.0,0.32145917415618896,-0.05870966613292694,0.1557781994342804,0.3874414265155792,0.015502002090215683,0.09616711735725403,0.31194499135017395,-0.03587711974978447,0.04208990931510925,0.3444097936153412,-0.08197078853845596,0.013327747583389282,0.3874026834964752,-0.10376565903425217,0.19319984316825867,0.35731229186058044,0.0006317196530289948,0.16922703385353088,0.19405311346054077,-0.024942612275481224,0.14586302638053894,0.09524837136268616,-0.04543842747807503,0.13030937314033508,0.010270923376083374,-0.05659785866737366,0.23784449696540833,0.35314998030662537,-0.023563256487250328,0.21059736609458923,0.18573495745658875,-0.04940531775355339,0.18715736269950867,0.08330556750297546,-0.06009788438677788,0.16754743456840515,0.0,-0.06086428463459015,0.27988579869270325,0.37061747908592224,-0.05047175660729408,0.25871655344963074,0.22568830847740173,-0.06339579075574875,0.24484923481941223,0.14005231857299805,-0.057371821254491806,0.22926130890846252,0.07091006636619568,-0.04832952469587326
F,0.1935083270072937,0.6967956125736237,-2.0117971644140198e-07,0.11597442626953125,0.6184836328029633,-0.00889424979686737,0.06216937303543091,0.5049913823604584,-0.019223162904381752,0.01979243755340576,0.4195210635662079,-0.03692218288779259,0.0,0.3309645652770996,-0.05329521372914314,0.1442297101020813,0.3834678828716278,0.01885879971086979,0.08579909801483154,0.3097364008426666,-0.030740836635231972,0.03188154101371765,0.3412277400493622,-0.07546376436948776,0.003534078598022461,0.3828381597995758,-0.09656472504138947,0.18009209632873535,0.35419395565986633,0.0019148250576108694,0.1548272967338562,0.19070026278495789,-0.02286432310938835,0.13073748350143433,0.09378385543823242,-0.04266892746090889,0.1145896315574646,0.010242998600006104,-0.05317630246281624,0.2231450080871582,0.3506041467189789,-0.024120472371578217,0.1967611312866211,0.184731125831604,-0.04921867698431015,0.17251771688461304,0.08288756012916565,-0.05965633690357208,0.1524369716644287,0.0,-0.06031155586242676,0.26335495710372925,0.3689386546611786,-0.052654482424259186,0.2427769899368286,0.22403892874717712,-0.06516207754611969,0.22880786657333374,0.1383826732635498,-0.058904144912958145,0.21287071704864502,0.06913724541664124,-0.04968763515353203
F,0.20295000076293945,0.7034159600734711,-1.622161818204404e-07,0.12333625555038452,0.625310629606247,-0.009834698401391506,0.06826138496398926,0.5092560350894928,-0.020362554118037224,0.023256152868270874,0.4226668179035187,-0.03844820335507393,0.0,0.33175137639045715,-0.055268898606300354,0.15133100748062134,0.3889174163341522,0.02162453904747963,0.09131234884262085,0.3171829283237457,-0.028331857174634933,0.0361233651638031,0.3457970917224884,-0.07403915375471115,0.005974084138870239,0.3837147653102875,-0.0958222970366478,0.1875641942024231,0.359748512506485,0.004649099428206682,0.16154372692108154,0.1958846151828766,-0.02131093107163906,0.13749969005584717,0.09568619728088379,-0.042710475623607635,0.12128645181655884,0.010354846715927124,-0.05403627082705498,0.23068058490753174,0.35613545775413513,-0.021773826330900192,0.20075255632400513,0.1907256543636322,-0.04816325381398201,0.17614585161209106,0.085259348154068,-0.060219697654247284,0.1554255485534668,0.0,-0.06160924211144447,0.2711283564567566,0.37332573533058167,-0.05080028623342514,0.2509598135948181,0.22899383306503296,-0.06334603577852249,0.23783057928085327,0.14267170429229736,-0.05772993713617325,0.2219601273536682,0.07269898056983948,-0.04903905838727951
F,0.1957750916481018,0.6985626220703125,-1.8935818957288575e-07,0.11608058214187622,0.6233035922050476,-0.010165048763155937,0.060799241065979004,0.5070752501487732,-0.020244156941771507,0.019040465354919434,0.4188063144683838,-0.03737734630703926,0.0,0.32902681827545166,-0.053032539784908295,0.14165151119232178,0.386518657207489,0.018841920420527458,0.08473318815231323,0.31197094917297363,-0.029813889414072037,0.0326882004737854,0.3435606360435486,-0.07326971739530563,0.0059351325035095215,0.385153591632843,-0.09354999661445618,0.1789265275001526,0.3568863272666931,0.0025894963182508945,0.15388751029968262,0.19294136762619019,-0.022586850449442863,0.1293625831604004,0.09500855207443237,-0.042058441787958145,0.11217069625854492,0.011811435222625732,-0.051995620131492615,0.222753643989563,0.3530055284500122,-0.022883161902427673,0.19599854946136475,0.18613940477371216,-0.04875039681792259,0.17278850078582764,0.08334165811538696,-0.059498175978660583,0.1527385115623474,0.0,-0.060034409165382385,0.2635970711708069,0.3705013394355774,-0.050848234444856644,0.24335211515426636,0.22607189416885376,-0.06341291964054108,0.22992920875549316,0.1405370533466339,-0.05749506503343582,0.21423643827438354,0.07155570387840271,-0.04852797091007233
F,0.19266265630722046,0.7017820179462433,-1.9038407117477618e-07,0.11425900459289551,0.6254520118236542,-0.008949784561991692,0.06199377775192261,0.5106272399425507,-0.018916841596364975,0.020554155111312866,0.4248931109905243,-0.03634363412857056,0.0,0.3380573093891144,-0.05233250558376312,0.14368343353271484,0.3863748013973236,0.02017643302679062,0.0858493447303772,0.31227782368659973,-0.029464609920978546,0.031275659799575806,0.33978191018104553,-0.07420942932367325,0.0008391737937927246,0.3780233561992645,-0.09502733498811722,0.1793193817138672,0.35681822896003723,0.003317684167996049,0.15353822708129883,0.19302025437355042,-0.02213791385293007,0.12810397148132324,0.09433844685554504,-0.041604865342378616,0.10994148254394531,0.010897338390350342,-0.051287341862916946,0.22158855199813843,0.3529674708843231,-0.02277720533311367,0.19487828016281128,0.18550416827201843,-0.04851030558347702,0.1710299849510193,0.08235901594161987,-0.058961935341358185,0.15073055028915405,0.0,-0.0590270534157753,0.26056164503097534,0.37107327580451965,-0.05142670124769211,0.24251294136047363,0.22581645846366882,-0.0633629634976387,0.22900205850601196,0.13958975672721863,-0.05705726519227028,0.21304291486740112,0.0710744857788086,-0.04765630140900612
F,0.20333364605903625,0.7036378681659698,-1.7600008561657887e-07,0.12476572394371033,0.6247555315494537,-0.010659884661436081,0.06837829947471619,0.504156082868576,-0.02134891226887703,0.022386491298675537,0.41380783915519714,-0.03943324834108353,0.0,0.3211045563220978,-0.05615485832095146,0.1531963050365448,0.388004869222641,0.01995672471821308,0.09391859173774719,0.3121180236339569,-0.029769033193588257,0.037588417530059814,0.340103417634964,-0.07462257891893387,0.006560564041137695,0.37882986664772034,-0.09572858363389969,0.19054970145225525,0.35977038741111755,0.0035325686912983656,0.16504010558128357,0.19471850991249084,-0.021743815392255783,0.14098945260047913,0.09408849477767944,-0.04180324077606201,0.1248752772808075,0.009164243936538696,-0.052449919283390045,0.23352757096290588,0.35692426562309265,-0.022439323365688324,0.20619049668312073,0.18903812766075134,-0.048400793224573135,0.18230530619621277,0.08414286375045776,-0.05936192348599434,0.16161933541297913,0.0,-0.06018605828285217,0.27344998717308044,0.37467697262763977,-0.051074352115392685,0.2538307011127472,0.2289910614490509,-0.0639251172542572,0.24093851447105408,0.14170154929161072,-0.05838865786790848,0.2247057855129242,0.07181864976882935,-0.04983016848564148
F,0.2020130157470703,0.7007587254047394,-1.7306768995695165e-07,0.12121886014938354,0.6233954131603241,-0.00936740729957819,0.06357836723327637,0.504509836435318,-0.01941932737827301,0.019735336303710938,0.4156469404697418,-0.0367223285138607,0.0,0.32331016659736633,-0.052872173488140106,0.1477939486503601,0.38727858662605286,0.019530879333615303,0.09032833576202393,0.31283122301101685,-0.028100918978452682,0.03689584136009216,0.3402760326862335,-0.07081843912601471,0.007657110691070557,0.37824371457099915,-0.09085635095834732,0.18511784076690674,0.3589092791080475,0.00220999657176435,0.15921396017074585,0.19297724962234497,-0.02294972911477089,0.13466238975524902,0.09409433603286743,-0.042939964681863785,0.11779224872589111,0.010952204465866089,-0.053363651037216187,0.2285192608833313,0.35659489035606384,-0.02421504072844982,0.20122379064559937,0.1887187659740448,-0.050507500767707825,0.1769503951072693,0.08425495028495789,-0.06233404576778412,0.15588265657424927,0.0,-0.06379099935293198,0.2689022421836853,0.37491467595100403,-0.052933357656002045,0.24841457605361938,0.2289319932460785,-0.0662672147154808,0.23525214195251465,0.14172351360321045,-0.06121458113193512,0.21877175569534302,0.0713854432106018,-0.053110674023628235
F,0.19200673699378967,0.7006908655166626,-1.743885178484561e-07,0.11391034722328186,0.6220634579658508,-0.008571211248636246,0.059537142515182495,0.5051295161247253,-0.0181299839168787,0.01760619878768921,0.4172127842903137,-0.03533010184764862,0.0,0.32681965827941895,-0.051102492958307266,0.14366218447685242,0.3857918381690979,0.02271428517997265,0.08742371201515198,0.3117578625679016,-0.02557016909122467,0.034843653440475464,0.3376445770263672,-0.06895953416824341,0.0061886608600616455,0.37452107667922974,-0.08903659135103226,0.179197758436203,0.3568795919418335,0.005309226457029581,0.15291163325309753,0.19212573766708374,-0.01993967592716217,0.12789729237556458,0.09337794780731201,-0.039521221071481705,0.11056843400001526,0.00991278886795044,-0.049150653183460236,0.22187581658363342,0.35383474826812744,-0.021458251401782036,0.19454291462898254,0.18709832429885864,-0.04715161398053169,0.17030170559883118,0.0835045874118805,-0.057664696127176285,0.1500132977962494,0.0,-0.05780767649412155,0.2615520656108856,0.3721127510070801,-0.050760265439748764,0.24189308285713196,0.22680449485778809,-0.06275589764118195,0.22868993878364563,0.13984298706054688,-0.056553877890110016,0.21310892701148987,0.07009950280189514,-0.047399867326021194
F,0.19700923562049866,0.7020167708396912,-1.7808447694278584e-07,0.11755827069282532,0.6230360269546509,-0.008348380215466022,0.06263890862464905,0.5059242248535156,-0.017667584121227264,0.019713521003723145,0.4190051555633545,-0.03470394387841225,0.0,0.3289949893951416,-0.05027781054377556,0.1451534926891327,0.38593214750289917,0.02246955595910549,0.08757451176643372,0.3108128309249878,-0.026350736618041992,0.03306064009666443,0.33807337284088135,-0.0706530213356018,0.002116471529006958,0.375746488571167,-0.09140076488256454,0.1810019314289093,0.35675960779190063,0.005254022311419249,0.1558367908000946,0.1926768720149994,-0.020275846123695374,0.13129004836082458,0.09298264980316162,-0.04047483205795288,0.11403414607048035,0.009537726640701294,-0.050645194947719574,0.2235293686389923,0.3535536527633667,-0.021260449662804604,0.19625559449195862,0.18777155876159668,-0.04676775634288788,0.17219367623329163,0.08347630500793457,-0.057556092739105225,0.15162453055381775,0.0,-0.057974837720394135,0.26327213644981384,0.3711225986480713,-0.05033748969435692,0.24508020281791687,0.22699782252311707,-0.06221989914774895,0.2323717176914215,0.14008113741874695,-0.056182604283094406,0.21652624011039734,0.07003676891326904,-0.04709452763199806
F,0.19053742289543152,0.6962420344352722,-1.5287420751519676e-07,0.11346498131752014,0.6191011667251587,-0.010801807977259159,0.058608561754226685,0.5048385262489319,-0.021970363333821297,0.016317099332809448,0.41819995641708374,-0.04043934494256973,0.0,0.3278729319572449,-0.057622626423835754,0.14023646712303162,0.38358360528945923,0.020393332466483116,0.08425024151802063,0.3109079599380493,-0.028792014345526695,0.03098541498184204,0.33449169993400574,-0.0727611780166626,0.0018604695796966553,0.36908525228500366,-0.09325074404478073,0.1771971881389618,0.35445886850357056,0.003823886625468731,0.15114906430244446,0.18993639945983887,-0.022329015657305717,0.1262967884540558,0.09102144837379456,-0.04235139861702919,0.10903409123420715,0.007478594779968262,-0.05220331251621246,0.22076037526130676,0.3514711260795593,-0.022269470617175102,0.1931982934474945,0.1845773458480835,-0.04905388131737709,0.16946271061897278,0.08238247036933899,-0.05981793254613876,0.14899781346321106,0.0,-0.05988918989896774,0.2612667977809906,0.36999940872192383,-0.05098491162061691,0.24039342999458313,0.22509175539016724,-0.0639864057302475,0.22699621319770813,0.1386089026927948,-0.0582704059779644,0.21092042326927185,0.06911376118659973,-0.049257006496191025
F,0.19787830114364624,0.7006281018257141,-1.745717241874445e-07,0.12043046951293945,0.6218841075897217,-0.010976622812449932,0.06494426727294922,0.5033525824546814,-0.022429244592785835,0.01989847421646118,0.41372543573379517,-0.04111695662140846,0.0,0.32016661763191223,-0.05838124081492424,0.14867299795150757,0.38538891077041626,0.018614349886775017,0.08965057134628296,0.31007689237594604,-0.03153780847787857,0.03392186760902405,0.33918190002441406,-0.07662249356508255,0.003506213426589966,0.37889283895492554,-0.09794026613235474,0.18605071306228638,0.3574104905128479,0.002276560990139842,0.15977054834365845,0.19242003560066223,-0.023865390568971634,0.13556361198425293,0.09286829829216003,-0.04439469054341316,0.1194722056388855,0.008833110332489014,-0.0551922433078289,0.22941792011260986,0.3549726605415344,-0.023458460345864296,0.20072180032730103,0.1873837113380432,-0.049991291016340256,0.17691034078598022,0.08344563841819763,-0.0610375739634037,0.15679490566253662,0.0,-0.0617557018995285,0.26984626054763794,0.3734560012817383,-0.05181043967604637,0.24880939722061157,0.22761917114257812,-0.06468791514635086,0.23552465438842773,0.14055103063583374,-0.058875612914562225,0.21950536966323853,0.07074543833732605,-0.05003167316317558
F,0.20172119140625,0.7038828134536743,-1.8551169489455788e-07,0.12202715873718262,0.6234034895896912,-0.008298047818243504,0.06481730937957764,0.5037128329277039,-0.018076764419674873,0.020152509212493896,0.4137563109397888,-0.035517435520887375,0.0,0.3203485608100891,-0.051469769328832626,0.15069687366485596,0.38816094398498535,0.02145732007920742,0.09155744314193726,0.3125736117362976,-0.027144409716129303,0.036964356899261475,0.34293174743652344,-0.07071618735790253,0.007862508296966553,0.3839886784553528,-0.09102988988161087,0.18735480308532715,0.3604550361633301,0.004053706303238869,0.1614282727241516,0.19476178288459778,-0.021653294563293457,0.1367173194885254,0.09481921792030334,-0.041629768908023834,0.1197693943977356,0.009924232959747314,-0.05182473361492157,0.2303481101989746,0.3578526973724365,-0.022576825693249702,0.20307981967926025,0.18928569555282593,-0.0488048791885376,0.1787242889404297,0.08443513512611389,-0.05956529080867767,0.15753012895584106,0.0,-0.059978123754262924,0.270328164100647,0.37544089555740356,-0.0515579953789711,0.2500981092453003,0.2290741503238678,-0.06404318660497665,0.236894428730011,0.14149051904678345,-0.057859357446432114,0.2206689715385437,0.07067081332206726,-0.048721589148044586
F,0.19262969493865967,0.7000645399093628,-1.8685115321659396e-07,0.1131330132484436,0.6209176182746887,-0.006955256685614586,0.05862170457839966,0.5030148029327393,-0.01587698794901371,0.017826557159423828,0.41487789154052734,-0.03267447650432587,0.0,0.32492759823799133,-0.04821741208434105,0.14106988906860352,0.3860110640525818,0.022798651829361916,0.08547604084014893,0.31083935499191284,-0.025071222335100174,0.032107651233673096,0.33770692348480225,-0.06811656057834625,0.0025052428245544434,0.3755406141281128,-0.087931789457798,0.17725706100463867,0.3577893376350403,0.004788890480995178,0.15272480249404907,0.1923545002937317,-0.019980918616056442,0.12832039594650269,0.09286147356033325,-0.03930560126900673,0.11106449365615845,0.008509814739227295,-0.04885213449597359,0.22039800882339478,0.3549734950065613,-0.022354111075401306,0.19447487592697144,0.18649238348007202,-0.04766044765710831,0.1707230806350708,0.08297958970069885,-0.05810818076133728,0.15016120672225952,0.0,-0.058275576680898666,0.26104605197906494,0.372753381729126,-0.05182145908474922,0.2410745620727539,0.22597599029541016,-0.06377116590738297,0.22799384593963623,0.13872084021568298,-0.0574025921523571,0.21225905418395996,0.06882277131080627,-0.0480928011238575
F,0.19293838739395142,0.699824720621109,-1.6276337078124925e-07,0.11415845155715942,0.6211566030979156,-0.009603263810276985,0.05994981527328491,0.5064283311367035,-0.020290998741984367,0.018026143312454224,0.41916075348854065,-0.038582827895879745,0.0,0.3281313478946686,-0.055570896714925766,0.14275383949279785,0.3862118422985077,0.02222970314323902,0.08645981550216675,0.3136839270591736,-0.0272300336509943,0.03201046586036682,0.3380607068538666,-0.07199367135763168,0.002070218324661255,0.3740016520023346,-0.09304597973823547,0.17887848615646362,0.3576546013355255,0.0049929930828511715,0.15273892879486084,0.19289204478263855,-0.020638497546315193,0.1274445652961731,0.09334546327590942,-0.041020818054676056,0.10981929302215576,0.008786231279373169,-0.05137304589152336,0.22208189964294434,0.3546120226383209,-0.021767718717455864,0.1938355565071106,0.18768543004989624,-0.048082124441862106,0.16914254426956177,0.08376142382621765,-0.059019993990659714,0.14783018827438354,0.0,-0.05947998911142349,0.26252037286758423,0.37225255370140076,-0.05115559324622154,0.2423403263092041,0.2278609573841095,-0.06406725198030472,0.22898244857788086,0.14111459255218506,-0.05834980681538582,0.21276074647903442,0.07068637013435364,-0.04945638030767441
F,0.1984243392944336,0.7007167637348175,-1.5373508688298898e-07,0.11927652359008789,0.6218074858188629,-0.010038268752396107,0.06377005577087402,0.5062025487422943,-0.020867493003606796,0.019553691148757935,0.41780874133110046,-0.03916208818554878,0.0,0.32504957914352417,-0.05611187964677811,0.14733552932739258,0.3873756229877472,0.02164728194475174,0.09013676643371582,0.31347915530204773,-0.02759743668138981,0.03535240888595581,0.3392777740955353,-0.07230254262685776,0.005510151386260986,0.3763730227947235,-0.09347178786993027,0.1839708685874939,0.3589603006839752,0.004843559581786394,0.1581343412399292,0.193812757730484,-0.021067945286631584,0.133791983127594,0.09351018071174622,-0.04188136011362076,0.11712324619293213,0.008217424154281616,-0.0527031347155571,0.22715747356414795,0.35591426491737366,-0.02142665907740593,0.19822943210601807,0.18936404585838318,-0.04789840057492256,0.17355066537857056,0.08455640077590942,-0.05938088148832321,0.15208256244659424,0.0,-0.060257598757743835,0.2677159309387207,0.3733461797237396,-0.05028793588280678,0.2472127079963684,0.22822165489196777,-0.06311925500631332,0.23424261808395386,0.14117345213890076,-0.05755135416984558,0.21829253435134888,0.0706615149974823,-0.04887093976140022
F,0.19027623534202576,0.6987206935882568,-1.9218036584334186e-07,0.11190792918205261,0.6227782964706421,-0.008710994385182858,0.05791714787483215,0.5065114498138428,-0.01830744370818138,0.016756296157836914,0.41938984394073486,-0.0353609099984169,0.0,0.3306347131729126,-0.051068197935819626,0.14242133498191833,0.3861227035522461,0.020836258307099342,0.08691748976707458,0.3100820779800415,-0.0275241918861866,0.0330086350440979,0.33337336778640747,-0.07103876024484634,0.0021969377994537354,0.3688998222351074,-0.09134167432785034,0.17796120047569275,0.3563380241394043,0.00356085947714746,0.15220174193382263,0.19070547819137573,-0.02226501703262329,0.127137690782547,0.09184718132019043,-0.0423772931098938,0.10961654782295227,0.008347630500793457,-0.05232539400458336,0.22076919674873352,0.3525729775428772,-0.022841311991214752,0.19402453303337097,0.1857573688030243,-0.04896129295229912,0.1696259081363678,0.08284640312194824,-0.0600210502743721,0.14908209443092346,0.0,-0.060440242290496826,0.26032617688179016,0.3704715967178345,-0.05170280113816261,0.2398912012577057,0.22449219226837158,-0.0638943538069725,0.22595426440238953,0.1381681263446808,-0.05782795324921608,0.20977744460105896,0.0691882073879242,-0.04872734844684601
F,0.1945440173149109,0.7021158337593079,-1.7571365162893926e-07,0.11530470848083496,0.6238706111907959,-0.008982302621006966,0.0610504150390625,0.5079361796379089,-0.018566656857728958,0.018629491329193115,0.42146390676498413,-0.03567405045032501,0.0,0.33159562945365906,-0.05138898640871048,0.14463520050048828,0.3873820900917053,0.021578514948487282,0.0870630145072937,0.3125649094581604,-0.027590299025177956,0.033502399921417236,0.33872509002685547,-0.07206693291664124,0.003975391387939453,0.37621188163757324,-0.09296480566263199,0.18048638105392456,0.358035683631897,0.004662305116653442,0.15497976541519165,0.192885160446167,-0.02216276526451111,0.13083940744400024,0.09323093295097351,-0.043331366032361984,0.11419683694839478,0.009318351745605469,-0.05406409502029419,0.2230161428451538,0.3540017604827881,-0.021493956446647644,0.1955035924911499,0.1878587007522583,-0.04836192727088928,0.17124617099761963,0.08384257555007935,-0.060484062880277634,0.15042316913604736,0.0,-0.0615660659968853,0.2627132534980774,0.3710806369781494,-0.05011143535375595,0.24376952648162842,0.22625139355659485,-0.062294185161590576,0.23049914836883545,0.13994541764259338,-0.05667417496442795,0.21407151222229004,0.07044857740402222,-0.047975797206163406
F,0.19304221868515015,0.7047172486782074,-1.6565390126288548e-07,0.1144447922706604,0.6275570094585419,-0.010349209420382977,0.06127214431762695,0.5115420520305634,-0.020801419392228127,0.018919914960861206,0.425031453371048,-0.038773078471422195,0.00010406970977783203,0.3354215919971466,-0.05526098236441612,0.14169251918792725,0.3866957724094391,0.021136587485671043,0.0831483006477356,0.31101518869400024,-0.02923387661576271,0.028681933879852295,0.3382382094860077,-0.07435011863708496,0.0,0.3781091868877411,-0.09530331194400787,0.17866629362106323,0.3562345802783966,0.004684100393205881,0.15333491563796997,0.19134435057640076,-0.021733233705163002,0.1288999319076538,0.0918540358543396,-0.0417671874165535,0.11224347352981567,0.008130013942718506,-0.05150628089904785,0.22245675325393677,0.3531120717525482,-0.021368447691202164,0.19610857963562012,0.18605342507362366,-0.04790404066443443,0.1728103756904602,0.08269262313842773,-0.0579710379242897,0.15277725458145142,0.0,-0.057472117245197296,0.2625458240509033,0.372551828622818,-0.05015410855412483,0.24377256631851196,0.2276720404624939,-0.062498029321432114,0.23065847158432007,0.1411527395248413,-0.05572490394115448,0.21490705013275146,0.07184693217277527,-0.045765530318021774
F,0.1938892900943756,0.7053264677524567,-1.5851226464747015e-07,0.11437395215034485,0.6263534128665924,-0.010801583528518677,0.06036415696144104,0.5113623440265656,-0.021592216566205025,0.017849385738372803,0.42474880814552307,-0.03993948549032211,2.804398536682129e-05,0.33475634455680847,-0.05677337944507599,0.1400805413722992,0.3859231770038605,0.02162831462919712,0.0822838842868805,0.31005021929740906,-0.030278800055384636,0.028465211391448975,0.33748510479927063,-0.07688053697347641,0.0,0.3770993649959564,-0.0985959991812706,0.17707964777946472,0.3553021252155304,0.005577147006988525,0.15283986926078796,0.19071203470230103,-0.02160460688173771,0.1290370523929596,0.09113740921020508,-0.04250028729438782,0.11266693472862244,0.006887495517730713,-0.05279645323753357,0.22128483653068542,0.35191741585731506,-0.020305920392274857,0.19528600573539734,0.18536192178726196,-0.04715391993522644,0.1724587380886078,0.08261296153068542,-0.057511210441589355,0.15272477269172668,0.0,-0.057079117745161057,0.26201674342155457,0.37093690037727356,-0.049034614115953445,0.24347451329231262,0.22660502791404724,-0.06117952615022659,0.23044219613075256,0.14061453938484192,-0.054335128515958786,0.21495166420936584,0.071454256772995,-0.044259972870349884
F,0.19703024625778198,0.7068556547164917,-1.5789130713983468e-07,0.11568957567214966,0.6291641592979431,-0.009603302925825119,0.060353875160217285,0.5104496479034424,-0.019480086863040924,0.017575383186340332,0.42082637548446655,-0.036899179220199585,0.0,0.32911333441734314,-0.053190186619758606,0.14103585481643677,0.3910630941390991,0.021884644404053688,0.0845327377319336,0.3167562484741211,-0.028979815542697906,0.032940059900283813,0.3412087559700012,-0.0744178295135498,0.00583299994468689,0.3778982162475586,-0.09531938284635544,0.1785622239112854,0.3597829341888428,0.0052811261266469955,0.15378785133361816,0.19353705644607544,-0.02116602659225464,0.12921863794326782,0.09346932172775269,-0.04142334312200546,0.11197501420974731,0.01002684235572815,-0.05119258910417557,0.22358739376068115,0.35578835010528564,-0.020938122645020485,0.19681614637374878,0.18742454051971436,-0.04734838381409645,0.17359203100204468,0.08353686332702637,-0.05804953724145889,0.1532374620437622,0.0,-0.05800492316484451,0.26544052362442017,0.37389904260635376,-0.04973618686199188,0.24615776538848877,0.22880014777183533,-0.06168370321393013,0.2328454852104187,0.1422361135482788,-0.055081807076931,0.21683186292648315,0.07283920049667358,-0.045426663011312485
F,0.190535306930542,0.7047658264636993,-1.776428462108015e-07,0.11081475019454956,0.6262383759021759,-0.008235795423388481,0.05757009983062744,0.5081152021884918,-0.017693474888801575,0.01679706573486328,0.4187979996204376,-0.03498854488134384,0.0,0.32805895805358887,-0.050988465547561646,0.13804924488067627,0.38769081234931946,0.022741498425602913,0.08165472745895386,0.311972051858902,-0.027466583997011185,0.029278546571731567,0.3368370831012726,-0.0722576379776001,0.0019359588623046875,0.3746555745601654,-0.09265735000371933,0.17460942268371582,0.3569590747356415,0.005689073819667101,0.149297833442688,0.1914217472076416,-0.019246231764554977,0.12454444169998169,0.0920339822769165,-0.03795234113931656,0.10751962661743164,0.009042531251907349,-0.04685669764876366,0.21877259016036987,0.3531346619129181,-0.02092197723686695,0.19307851791381836,0.18458250164985657,-0.045843224972486496,0.1704258918762207,0.08189788460731506,-0.05497126281261444,0.15116387605667114,0.0,-0.054113633930683136,0.2597694396972656,0.3715952932834625,-0.05014218017458916,0.24098920822143555,0.22607561945915222,-0.06122640520334244,0.22783923149108887,0.13946622610092163,-0.053800977766513824,0.21247267723083496,0.0705595314502716,-0.043588459491729736
F,0.19377678632736206,0.7022168636322021,-1.7691691311938484e-07,0.11344915628433228,0.6245694160461426,-0.010842543095350266,0.05824744701385498,0.5060598254203796,-0.02080722525715828,0.017194271087646484,0.4152940511703491,-0.03803893178701401,0.0,0.32399922609329224,-0.05375165492296219,0.14088064432144165,0.3881889581680298,0.020791448652744293,0.08487719297409058,0.3109399676322937,-0.029428143054246902,0.0313664972782135,0.3334144949913025,-0.07417221367359161,0.0017077922821044922,0.3686140775680542,-0.09472975879907608,0.17805546522140503,0.35715311765670776,0.005024854559451342,0.15374410152435303,0.19200393557548523,-0.021320076659321785,0.13015109300613403,0.09230425953865051,-0.04118278622627258,0.11374640464782715,0.009081542491912842,-0.05083085969090462,0.22168564796447754,0.3523958921432495,-0.020389460027217865,0.19516003131866455,0.18530109524726868,-0.04690373316407204,0.17223161458969116,0.08258107304573059,-0.05731286481022835,0.15253007411956787,0.0,-0.05696539580821991,0.26243722438812256,0.3701642155647278,-0.048547208309173584,0.24319815635681152,0.22464877367019653,-0.06057749688625336,0.23035192489624023,0.13807633519172668,-0.05416067689657211,0.21511077880859375,0.06927698850631714,-0.0446229949593544
F,0.1934279203414917,0.7028321623802185,-1.5052475532684184e-07,0.1124957799911499,0.6263473629951477,-0.010286866687238216,0.05792427062988281,0.5095402598381042,-0.020277801901102066,0.017205536365509033,0.4207836389541626,-0.03780396282672882,0.0,0.33123597502708435,-0.05410030856728554,0.13858425617218018,0.3895282745361328,0.022131402045488358,0.08263683319091797,0.31505846977233887,-0.027994409203529358,0.03105294704437256,0.33564239740371704,-0.07249496132135391,0.0032311081886291504,0.3696094751358032,-0.09267954528331757,0.17617160081863403,0.357513964176178,0.005975715816020966,0.15215736627578735,0.19333332777023315,-0.02011653408408165,0.12868285179138184,0.09362459182739258,-0.039322610944509506,0.11193770170211792,0.010526001453399658,-0.04809316247701645,0.2203606367111206,0.3521749973297119,-0.019937241449952126,0.193905770778656,0.18636852502822876,-0.046402886509895325,0.17127090692520142,0.0828498899936676,-0.05655683949589729,0.15143239498138428,0.0,-0.05578552186489105,0.2610829472541809,0.3694625496864319,-0.04858811944723129,0.24229717254638672,0.22567522525787354,-0.06068841740489006,0.22928071022033691,0.1397099494934082,-0.054321981966495514,0.21356534957885742,0.07110795378684998,-0.04460594058036804
F,0.1874389350414276,0.6988695561885834,-1.614011324591047e-07,0.10857734084129333,0.6209779679775238,-0.009349308907985687,0.0549064576625824,0.5055977404117584,-0.019466811791062355,0.014881104230880737,0.4188154637813568,-0.03738727420568466,0.0,0.3307586908340454,-0.05415313318371773,0.13539281487464905,0.3845265209674835,0.023557109758257866,0.08327057957649231,0.31016775965690613,-0.02657007984817028,0.033795565366744995,0.33419886231422424,-0.0714990496635437,0.007234007120132446,0.3701758086681366,-0.0922018438577652,0.17233863472938538,0.35507145524024963,0.0064285132102668285,0.14880409836769104,0.19117501378059387,-0.019168423488736153,0.12553271651268005,0.0924009382724762,-0.03938461095094681,0.10886666178703308,0.008779972791671753,-0.04942483454942703,0.21663543581962585,0.3513650596141815,-0.020496027544140816,0.19149014353752136,0.18516728281974792,-0.046318113803863525,0.1688406765460968,0.08263686299324036,-0.05726028233766556,0.14896562695503235,0.0,-0.05766727775335312,0.2579542100429535,0.3685292899608612,-0.05012785270810127,0.23788604140281677,0.22419175505638123,-0.06224982440471649,0.22482427954673767,0.13856488466262817,-0.05642365664243698,0.2093401849269867,0.06933721899986267,-0.04748242348432541
F,0.1845933198928833,0.6994149386882782,-1.748086049246922e-07,0.10637831687927246,0.6235001981258392,-0.008188897743821144,0.05379033088684082,0.5088065564632416,-0.017422709614038467,0.015531480312347412,0.42401978373527527,-0.034477319568395615,0.0,0.33926281332969666,-0.05036001279950142,0.13467752933502197,0.38569387793540955,0.02282697893679142,0.08141827583312988,0.3101477026939392,-0.0267582219094038,0.03130519390106201,0.33306440711021423,-0.07106974720954895,0.0038673579692840576,0.3689749538898468,-0.09131397306919098,0.17081165313720703,0.35555997490882874,0.005276610609143972,0.14649933576583862,0.19119498133659363,-0.02093449980020523,0.12292706966400146,0.09191039204597473,-0.041278231889009476,0.10597240924835205,0.009643763303756714,-0.051078855991363525,0.2141958475112915,0.35163530707359314,-0.02171461284160614,0.18847519159317017,0.18544110655784607,-0.04816044867038727,0.16566812992095947,0.08221575617790222,-0.059840597212314606,0.14575636386871338,0.0,-0.060410838574171066,0.25463593006134033,0.36919668316841125,-0.05118980631232262,0.23581087589263916,0.22476497292518616,-0.06330639868974686,0.22286438941955566,0.13915687799453735,-0.05769866332411766,0.20742452144622803,0.07072421908378601,-0.0488235242664814
F,0.18553292751312256,0.703093409538269,-1.781969984904208e-07,0.1084979772567749,0.626173734664917,-0.008966470137238503,0.055359065532684326,0.5105050206184387,-0.018225299194455147,0.016203075647354126,0.42445671558380127,-0.034989193081855774,0.0,0.33816277980804443,-0.05023728311061859,0.13787347078323364,0.3869132399559021,0.02159574255347252,0.08191990852355957,0.31173330545425415,-0.028386153280735016,0.031020045280456543,0.33696770668029785,-0.07341058552265167,0.003528386354446411,0.37378889322280884,-0.094368577003479,0.17405039072036743,0.3567671775817871,0.0046087088994681835,0.14873093366622925,0.19188177585601807,-0.022579029202461243,0.12512308359146118,0.09168359637260437,-0.04391072690486908,0.10853719711303711,0.009261757135391235,-0.05451717972755432,0.2174701690673828,0.35307085514068604,-0.021721895784139633,0.1904693841934204,0.18713369965553284,-0.04854892939329147,0.1674225926399231,0.0832582414150238,-0.06055161729454994,0.14786392450332642,0.0,-0.06142125278711319,0.2578294277191162,0.3711695075035095,-0.050606869161129,0.23944365978240967,0.22684389352798462,-0.062643863260746,0.22661572694778442,0.14017516374588013,-0.05704571306705475,0.2110527753829956,0.07054546475410461,-0.048267513513565063
F,0.19009193778038025,0.705377608537674,-2.032885646485738e-07,0.11153474450111389,0.6276948153972626,-0.009565255604684353,0.05734112858772278,0.5116846859455109,-0.019118448719382286,0.017659932374954224,0.4240032136440277,-0.036126524209976196,0.0,0.3359104096889496,-0.05143803730607033,0.13875696063041687,0.3889952003955841,0.02073094993829727,0.08161446452140808,0.3105390965938568,-0.03108077123761177,0.03164169192314148,0.3402542173862457,-0.07759139686822891,0.00563398003578186,0.38104936480522156,-0.09947957843542099,0.17580601572990417,0.358378142118454,0.004133063368499279,0.1504305899143219,0.1936609148979187,-0.02474266104400158,0.12747636437416077,0.09312164783477783,-0.04798533394932747,0.11145368218421936,0.00897216796875,-0.060226887464523315,0.22001472115516663,0.3536679446697235,-0.021848710253834724,0.1925853192806244,0.18799695372581482,-0.04956592619419098,0.16997894644737244,0.08451950550079346,-0.0625666081905365,0.15056899189949036,0.0,-0.06438376009464264,0.2616727650165558,0.3707714378833771,-0.05041302368044853,0.24278053641319275,0.22753289341926575,-0.062367867678403854,0.2293483316898346,0.1417960524559021,-0.05683175101876259,0.21333250403404236,0.0719461441040039,-0.04834955558180809
F,0.1854938268661499,0.705074816942215,-1.7731076695781667e-07,0.1077427864074707,0.6260023415088654,-0.008843839168548584,0.05398005247116089,0.5108647644519806,-0.018712729215621948,0.014679193496704102,0.42445918917655945,-0.036157358437776566,0.0,0.33787038922309875,-0.05214433744549751,0.13667160272598267,0.38854917883872986,0.021267229691147804,0.08276045322418213,0.31131020188331604,-0.03061498887836933,0.032272934913635254,0.3332940936088562,-0.07692936807870865,0.0035225749015808105,0.36796340346336365,-0.09836483746767044,0.17260074615478516,0.3579643666744232,0.004195137415081263,0.14837735891342163,0.19126948714256287,-0.024739442393183708,0.1250898241996765,0.09136924147605896,-0.046843238174915314,0.10878247022628784,0.008948087692260742,-0.05750172957777977,0.21638190746307373,0.3540014922618866,-0.02225860394537449,0.18970423936843872,0.18695738911628723,-0.050247013568878174,0.16640722751617432,0.08345037698745728,-0.062321364879608154,0.1471313238143921,0.0,-0.06275396794080734,0.25727730989456177,0.37224164605140686,-0.05124007910490036,0.23869162797927856,0.22724083065986633,-0.06326219439506531,0.2251313328742981,0.14107459783554077,-0.05720226839184761,0.20960396528244019,0.07199612259864807,-0.0478859469294548
F,0.18867915868759155,0.7063347697257996,-1.8978016669279896e-07,0.10962730646133423,0.6273911595344543,-0.009242166765034199,0.05493670701980591,0.510394275188446,-0.018922101706266403,0.015348494052886963,0.42247796058654785,-0.036067988723516464,0.0,0.3345939815044403,-0.05172529071569443,0.13858288526535034,0.3890402913093567,0.021168317645788193,0.08441108465194702,0.31058287620544434,-0.031016524881124496,0.035024404525756836,0.3355756998062134,-0.07772035896778107,0.007469117641448975,0.37227749824523926,-0.09949380159378052,0.17521804571151733,0.3584167957305908,0.00436191214248538,0.15050333738327026,0.19186383485794067,-0.02488492801785469,0.12696385383605957,0.09185025095939636,-0.047948747873306274,0.11044871807098389,0.008731037378311157,-0.05950469151139259,0.21944457292556763,0.3545665144920349,-0.021830497309565544,0.19189375638961792,0.18816113471984863,-0.05001309514045715,0.16788476705551147,0.08448958396911621,-0.06285878270864487,0.14796698093414307,0.0,-0.06406097859144211,0.2606992721557617,0.37269753217697144,-0.050546593964099884,0.24188977479934692,0.22843676805496216,-0.06262017041444778,0.22785866260528564,0.14262518286705017,-0.056889619678258896,0.21193844079971313,0.07304170727729797,-0.04799053072929382
F,0.18906259536743164,0.7047044038772583,-1.7315305456122587e-07,0.10911279916763306,0.6257987022399902,-0.008143862709403038,0.05473214387893677,0.5103662610054016,-0.017188256606459618,0.014593541622161865,0.4230359196662903,-0.034026529639959335,0.0,0.3345153033733368,-0.04938305914402008,0.13631093502044678,0.3907856345176697,0.02417745441198349,0.08338391780853271,0.31403231620788574,-0.02655579149723053,0.03553885221481323,0.3359774351119995,-0.07155545800924301,0.009149610996246338,0.3709629774093628,-0.09202009439468384,0.17315912246704102,0.35897666215896606,0.007116287015378475,0.1491873860359192,0.19292357563972473,-0.021666264161467552,0.1266438364982605,0.09303230047225952,-0.04340508207678795,0.11062955856323242,0.009643495082855225,-0.05353092774748802,0.21816647052764893,0.35310447216033936,-0.019397422671318054,0.19103264808654785,0.18673628568649292,-0.04737500846385956,0.16853302717208862,0.08375883102416992,-0.05921437591314316,0.14931857585906982,0.0,-0.05919451639056206,0.26090705394744873,0.369320273399353,-0.048364799469709396,0.24124681949615479,0.2242986261844635,-0.05980435758829117,0.22802424430847168,0.13873454928398132,-0.053333036601543427,0.21279168128967285,0.07012322545051575,-0.043672721832990646
F,0.18947461247444153,0.7015480697154999,-1.769364956771824e-07,0.11005589365959167,0.6226072013378143,-0.008853521198034286,0.05524298548698425,0.5068497359752655,-0.018223196268081665,0.015177130699157715,0.41872438788414,-0.035089485347270966,0.0,0.33028265833854675,-0.05038320645689964,0.13733556866645813,0.3884250819683075,0.021997395902872086,0.08438345789909363,0.31092697381973267,-0.02947770431637764,0.03642988204956055,0.33279314637184143,-0.07462571561336517,0.010242849588394165,0.3684574067592621,-0.09492786228656769,0.17462298274040222,0.3569073975086212,0.005389194469898939,0.1505100429058075,0.19009411334991455,-0.023583639413118362,0.12770339846611023,0.09074172377586365,-0.04478422924876213,0.11161354184150696,0.008708178997039795,-0.054448917508125305,0.21990105509757996,0.3513888418674469,-0.020658018067479134,0.19376036524772644,0.1836404800415039,-0.0485684759914875,0.17157277464866638,0.08199301362037659,-0.05953582376241684,0.15254804491996765,0.0,-0.05880908668041229,0.26261284947395325,0.36828121542930603,-0.04921145737171173,0.24273964762687683,0.22290989756584167,-0.060584403574466705,0.2287987768650055,0.13731470704078674,-0.05365928262472153,0.21282550692558289,0.06909802556037903,-0.04351554065942764
F,0.19265756011009216,0.7026327848434448,-1.964690738986974e-07,0.11449167132377625,0.6240799427032471,-0.011118960566818714,0.05817732214927673,0.5045059323310852,-0.021544065326452255,0.016543030738830566,0.4130077362060547,-0.038875218480825424,0.0,0.32125619053840637,-0.054672833532094955,0.14148244261741638,0.38733595609664917,0.0168075542896986,0.08504602313041687,0.31003686785697937,-0.0354747474193573,0.03495967388153076,0.33875107765197754,-0.08139096200466156,0.008966177701950073,0.3791428208351135,-0.1025928407907486,0.17963305115699768,0.35706108808517456,0.0010396752040833235,0.15420499444007874,0.1898619532585144,-0.027341775596141815,0.1308366358280182,0.09054729342460632,-0.04906044900417328,0.11493584513664246,0.007804185152053833,-0.06007220223546028,0.22433742880821228,0.3530455231666565,-0.023999063298106194,0.1975381076335907,0.1853032112121582,-0.05162302404642105,0.17491260170936584,0.08320707082748413,-0.06327405571937561,0.15569308400154114,0.0,-0.06394877284765244,0.2658028304576874,0.3710939288139343,-0.051607679575681686,0.24634328484535217,0.22598391771316528,-0.06383755058050156,0.23296526074409485,0.14020758867263794,-0.05759574472904205,0.2174636423587799,0.07128122448921204,-0.048340871930122375
F,0.191302090883255,0.7026430666446686,-2.0211609808029607e-07,0.1136694848537445,0.6253400146961212,-0.01040077954530716,0.05748489499092102,0.5056570470333099,-0.020448213443160057,0.015737712383270264,0.41497161984443665,-0.03753461688756943,0.0,0.3230993449687958,-0.05314519628882408,0.1413118541240692,0.38723626732826233,0.01788242720067501,0.0853433907032013,0.3105585277080536,-0.033585432916879654,0.03571772575378418,0.3374805748462677,-0.07879944890737534,0.009604454040527344,0.37604376673698425,-0.09965874254703522,0.17918291687965393,0.35695913434028625,0.0016755415126681328,0.15335658192634583,0.1899992823600769,-0.02653295174241066,0.12979701161384583,0.09133410453796387,-0.048016998916864395,0.11355957388877869,0.009190410375595093,-0.05866571515798569,0.22396203875541687,0.35283687710762024,-0.023751135915517807,0.19673630595207214,0.18559762835502625,-0.05142972990870476,0.1739194691181183,0.08352574706077576,-0.06304578483104706,0.15458115935325623,0.0,-0.06359300762414932,0.26558515429496765,0.3706107437610626,-0.05167001858353615,0.24557676911354065,0.22551944851875305,-0.06401517242193222,0.23221030831336975,0.13981306552886963,-0.05783762410283089,0.21670404076576233,0.07084721326828003,-0.048581190407276154
F,0.19589298963546753,0.6986082494258881,-2.1570372155110817e-07,0.11641716957092285,0.6237580478191376,-0.011090672574937344,0.05820417404174805,0.5037132203578949,-0.020586635917425156,0.016498804092407227,0.4100988209247589,-0.03657308593392372,0.0,0.3179773986339569,-0.05094541981816292,0.14549577236175537,0.3845103681087494,0.015777865424752235,0.08819156885147095,0.3093942701816559,-0.03469245880842209,0.040214985609054565,0.33299580216407776,-0.07885798811912537,0.014903426170349121,0.3691023290157318,-0.0991964265704155,0.1837160587310791,0.3536480963230133,0.000265282578766346,0.1570863127708435,0.1870744526386261,-0.02805417776107788,0.13357335329055786,0.0891827940940857,-0.048963360488414764,0.11718559265136719,0.008052527904510498,-0.059160057455301285,0.2278047800064087,0.3488481938838959,-0.024215005338191986,0.20087158679962158,0.1817033290863037,-0.05203385651111603,0.1778620481491089,0.08185997605323792,-0.06344292312860489,0.15801948308944702,0.0,-0.06374765932559967,0.2689449191093445,0.3665693700313568,-0.05118337273597717,0.24973911046981812,0.22212302684783936,-0.06347806006669998,0.2357693314552307,0.13704094290733337,-0.0573778972029686,0.21940088272094727,0.06894618272781372,-0.04814881458878517
F,0.19407165050506592,0.6979315280914307,-2.022117655542388e-07,0.11450433731079102,0.6226644515991211,-0.010278958827257156,0.056603193283081055,0.5037539005279541,-0.019666804000735283,0.015317142009735107,0.4113616943359375,-0.0358431451022625,0.0,0.31970322132110596,-0.050566621124744415,0.14217638969421387,0.3856329321861267,0.017740074545145035,0.0871385931968689,0.31032976508140564,-0.03243081644177437,0.03935357928276062,0.33008575439453125,-0.07637904584407806,0.013020247220993042,0.3628384470939636,-0.09644953161478043,0.18018722534179688,0.3544002175331116,0.001805661479011178,0.1544988751411438,0.18772971630096436,-0.02581278420984745,0.13121473789215088,0.0902327299118042,-0.046156082302331924,0.11449867486953735,0.00969722867012024,-0.05574367567896843,0.22466802597045898,0.3491063117980957,-0.023183567449450493,0.1976531744003296,0.1819363236427307,-0.05036356672644615,0.17543983459472656,0.08173251152038574,-0.06115106865763664,0.15605556964874268,0.0,-0.06095536798238754,0.26656174659729004,0.36606526374816895,-0.05067002773284912,0.24701738357543945,0.2215295433998108,-0.06260030716657639,0.23349976539611816,0.13656198978424072,-0.05619574710726738,0.21731507778167725,0.06867000460624695,-0.04666535556316376
F,0.2008601725101471,0.6928987205028534,-1.5582851631279482e-07,0.11713656783103943,0.6208395063877106,-0.01448608934879303,0.05675265192985535,0.4989577829837799,-0.025850502774119377,0.014941662549972534,0.40118327736854553,-0.04316703602671623,0.0,0.30440855026245117,-0.058583058416843414,0.13888844847679138,0.38374611735343933,0.013770421035587788,0.08514347672462463,0.3071214556694031,-0.036582741886377335,0.04303678870201111,0.3297971785068512,-0.07917333394289017,0.023284554481506348,0.36688509583473206,-0.0981910452246666,0.1794293224811554,0.3504645526409149,-0.00017491941980551928,0.1545068323612213,0.1849709451198578,-0.028356142342090607,0.13252446055412292,0.08799651265144348,-0.04797648638486862,0.11777731776237488,0.007577717304229736,-0.05709686130285263,0.22540172934532166,0.34389182925224304,-0.023486733436584473,0.19926652312278748,0.17873868346214294,-0.05123656988143921,0.17897352576255798,0.08103159070014954,-0.061101678758859634,0.16063591837882996,0.0,-0.060346219688653946,0.26941803097724915,0.36007222533226013,-0.04958300292491913,0.2502371370792389,0.21713635325431824,-0.06200603023171425,0.23719236254692078,0.13269299268722534,-0.05556334927678108,0.22133174538612366,0.0648367702960968,-0.04605135694146156
F,0.1912124752998352,0.6897590756416321,-1.6113372680592875e-07,0.11216801404953003,0.6153337359428406,-0.01353075634688139,0.05531513690948486,0.49473291635513306,-0.024820933118462563,0.014496803283691406,0.3996480703353882,-0.042647264897823334,0.0,0.30562281608581543,-0.059021007269620895,0.135248064994812,0.37866103649139404,0.017250213772058487,0.08473575115203857,0.3010711669921875,-0.03419050574302673,0.04067537188529968,0.3252341151237488,-0.07900559902191162,0.018459975719451904,0.36264336109161377,-0.09942197054624557,0.1748616099357605,0.34677648544311523,0.0022601387463510036,0.1504218578338623,0.18296074867248535,-0.02339932695031166,0.1282554268836975,0.08654841780662537,-0.043465349823236465,0.1134486198425293,0.005633264780044556,-0.05405692383646965,0.22052204608917236,0.34233129024505615,-0.02259240485727787,0.19633471965789795,0.17743688821792603,-0.04845622181892395,0.17545199394226074,0.08011570572853088,-0.05918418616056442,0.1572456955909729,0.0,-0.06014854460954666,0.2642579674720764,0.3599851131439209,-0.05035027116537094,0.24522030353546143,0.21632224321365356,-0.06295821815729141,0.23215842247009277,0.13146653771400452,-0.05751650780439377,0.2168731689453125,0.06336548924446106,-0.04923904314637184
F,0.19857215881347656,0.6830570995807648,-8.145217123001203e-08,0.1131473183631897,0.6103661954402924,-0.020957909524440765,0.05278366804122925,0.48900869488716125,-0.03399239480495453,0.011413812637329102,0.38343653082847595,-0.05216982215642929,0.0,0.2805435359477997,-0.06782501935958862,0.1288275122642517,0.3832502067089081,0.016238810494542122,0.08988296985626221,0.2973787486553192,-0.033641256392002106,0.055591464042663574,0.3079835772514343,-0.07583102583885193,0.036646366119384766,0.33622226119041443,-0.0951710045337677,0.1705913543701172,0.34788814187049866,0.004353692755103111,0.15132057666778564,0.18248698115348816,-0.024209391325712204,0.1309208869934082,0.0839579701423645,-0.04721011221408844,0.1161268949508667,0.0037199854850769043,-0.05969933047890663,0.21786165237426758,0.3393620550632477,-0.018042588606476784,0.19454801082611084,0.1759837567806244,-0.04750610142946243,0.17556071281433105,0.07881912589073181,-0.06186992675065994,0.15715306997299194,0.0,-0.06503195315599442,0.2663725018501282,0.3521523177623749,-0.04377489164471626,0.248288094997406,0.21182921528816223,-0.05888812988996506,0.23523497581481934,0.1279425323009491,-0.056993525475263596,0.21790695190429688,0.060766786336898804,-0.051628731191158295
F,0.196915864944458,0.6890749037265778,-1.566228569060968e-08,0.11070483922958374,0.617252379655838,-0.02088187448680401,0.052843332290649414,0.49467650055885315,-0.03384252265095711,0.01337781548500061,0.3904283344745636,-0.051480360329151154,0.0,0.28826430439949036,-0.06673653423786163,0.12635916471481323,0.3875527083873749,0.014233813621103764,0.08466345071792603,0.3055787980556488,-0.03617418557405472,0.04858291149139404,0.3197270929813385,-0.0782325342297554,0.031026124954223633,0.3514881432056427,-0.09694288671016693,0.16822069883346558,0.3530220687389374,0.0029266250785440207,0.14762598276138306,0.18646115064620972,-0.026076657697558403,0.127272367477417,0.08705276250839233,-0.047626495361328125,0.11286252737045288,0.005694955587387085,-0.05841865390539169,0.217135488986969,0.34507790207862854,-0.01869545876979828,0.19591748714447021,0.18006810545921326,-0.04791770130395889,0.17947816848754883,0.08119532465934753,-0.05999543145298958,0.1627315878868103,0.0,-0.06108248978853226,0.267425000667572,0.35888537764549255,-0.04358649253845215,0.251747190952301,0.21670043468475342,-0.05769447609782219,0.24066323041915894,0.1310989260673523,-0.05373408645391464,0.22497600317001343,0.0630633533000946,-0.046463508158922195
F,0.19033172726631165,0.6865173280239105,-1.0318097487527211e-08,0.10433533787727356,0.6161370575428009,-0.021555673331022263,0.04895523190498352,0.49009421467781067,-0.03366018459200859,0.011493653059005737,0.3824557363986969,-0.050926413387060165,0.0,0.281143456697464,-0.06597240269184113,0.11762592196464539,0.3831231892108917,0.01909690722823143,0.08116492629051208,0.3002581298351288,-0.0306411013007164,0.05032506585121155,0.3119387924671173,-0.07297874987125397,0.0359557569026947,0.3409929573535919,-0.09222141653299332,0.1591406762599945,0.34852853417396545,0.007672508247196674,0.13992992043495178,0.18254771828651428,-0.019008342176675797,0.1199735701084137,0.08360648155212402,-0.04094335436820984,0.10570582747459412,0.0026150941848754883,-0.05293143540620804,0.20836719870567322,0.34207794070243835,-0.014759891666471958,0.18854954838752747,0.17805933952331543,-0.04248573258519173,0.17200931906700134,0.07975214719772339,-0.05633614584803581,0.1557547152042389,0.0,-0.059834253042936325,0.25949087738990784,0.35709741711616516,-0.04074602574110031,0.24525323510169983,0.21632233262062073,-0.055133890360593796,0.23372110724449158,0.13051700592041016,-0.05345919355750084,0.21796730160713196,0.06201043725013733,-0.04868987947702408
F,0.1907597780227661,0.687091737985611,-1.8230744691649647e-09,0.10560202598571777,0.6154486238956451,-0.021047469228506088,0.05021381378173828,0.4883488118648529,-0.032876983284950256,0.012097597122192383,0.380058616399765,-0.04993453249335289,0.0,0.27833232283592224,-0.0647382065653801,0.11844748258590698,0.38091668486595154,0.02010221965610981,0.07981991767883301,0.29673877358436584,-0.029899967834353447,0.04811084270477295,0.303148478269577,-0.07247713208198547,0.03402078151702881,0.32953378558158875,-0.09159377217292786,0.16007649898529053,0.3453257381916046,0.00887070782482624,0.13960343599319458,0.18003442883491516,-0.01736961305141449,0.1188122034072876,0.08148646354675293,-0.03847406432032585,0.10422974824905396,0.000988394021987915,-0.04952482134103775,0.2092432975769043,0.3383442461490631,-0.013353799469769001,0.1886325478553772,0.1751977503299713,-0.040320076048374176,0.1713407039642334,0.07836142182350159,-0.05242636054754257,0.15512794256210327,0.0,-0.05450883507728577,0.2590067386627197,0.3534207046031952,-0.03923049941658974,0.24402379989624023,0.21351924538612366,-0.05294579640030861,0.232404887676239,0.12893754243850708,-0.05014972761273384,0.2174769639968872,0.06123712658882141,-0.044270388782024384
F,0.1919652819633484,0.6873639225959778,-8.76701911067812e-09,0.10694968700408936,0.618923544883728,-0.023228289559483528,0.051010191440582275,0.4894435405731201,-0.03516421094536781,0.01252797245979309,0.3797266483306885,-0.05191146582365036,0.0,0.2783651649951935,-0.06636327505111694,0.11577725410461426,0.3801383972167969,0.018762970343232155,0.07768583297729492,0.29474377632141113,-0.030843427404761314,0.049642980098724365,0.3034803569316864,-0.07336868345737457,0.03930562734603882,0.33090585470199585,-0.0928354561328888,0.15741616487503052,0.344005823135376,0.008280417881906033,0.13573896884918213,0.17966735363006592,-0.017509762197732925,0.11527174711227417,0.08160781860351562,-0.03961772844195366,0.10159873962402344,0.0,-0.05205186456441879,0.20636248588562012,0.3377039432525635,-0.013342602178454399,0.18456584215164185,0.1760389804840088,-0.04004095867276192,0.167305588722229,0.08064737915992737,-0.05345551297068596,0.15185993909835815,0.001790761947631836,-0.05717354640364647,0.25638365745544434,0.35332340002059937,-0.038818906992673874,0.23934906721115112,0.21414399147033691,-0.05253470689058304,0.2270437479019165,0.13124549388885498,-0.050557926297187805,0.2123069167137146,0.06397685408592224,-0.04587501659989357
F,0.19496947526931763,0.6885503530502319,3.606957510449149e-10,0.10816067457199097,0.619084358215332,-0.02316499687731266,0.05161607265472412,0.48944324254989624,-0.03499043360352516,0.012760728597640991,0.37939882278442383,-0.051612142473459244,0.0,0.2773466110229492,-0.06581436097621918,0.11719155311584473,0.3805364966392517,0.018644604831933975,0.07774549722671509,0.29443255066871643,-0.03024851717054844,0.04891914129257202,0.30664360523223877,-0.07196732610464096,0.03876262903213501,0.33723199367523193,-0.09084948152303696,0.15859603881835938,0.34433573484420776,0.008441202342510223,0.1366419792175293,0.17864233255386353,-0.016581526026129723,0.11546778678894043,0.08051356673240662,-0.037688206881284714,0.1015404462814331,0.0,-0.04944467917084694,0.20744723081588745,0.33795982599258423,-0.012900717556476593,0.18649601936340332,0.17483806610107422,-0.03899087384343147,0.16875684261322021,0.07875126600265503,-0.05184781923890114,0.1528422236442566,9.870529174804688e-05,-0.05525004863739014,0.2573086619377136,0.35379743576049805,-0.03806835412979126,0.24118679761886597,0.21455520391464233,-0.051597289741039276,0.2287834882736206,0.13086622953414917,-0.049405571073293686,0.21372973918914795,0.0632050633430481,-0.04451289400458336
F,0.20114219188690186,0.689133495092392,1.0884991574755531e-08,0.11174070835113525,0.6208581626415253,-0.0209557693451643,0.05368471145629883,0.4931947886943817,-0.03067481517791748,0.0132523775100708,0.38353219628334045,-0.04590607061982155,0.0,0.28231897950172424,-0.05899634584784508,0.11827856302261353,0.38272079825401306,0.02660052664577961,0.07837563753128052,0.29800641536712646,-0.019892355427145958,0.04869997501373291,0.2991131842136383,-0.06188807263970375,0.03569895029067993,0.3201088011264801,-0.08172652870416641,0.16005045175552368,0.3437310755252838,0.015252714976668358,0.1366989016532898,0.18022385239601135,-0.008277070708572865,0.11514967679977417,0.08105731010437012,-0.030898185446858406,0.10026293992996216,0.0,-0.04410910978913307,0.20880448818206787,0.3340161144733429,-0.007324771489948034,0.18475884199142456,0.17334744334220886,-0.03244775906205177,0.16545820236206055,0.07768270373344421,-0.04664081335067749,0.14816319942474365,0.0003546774387359619,-0.05125081539154053,0.2589050531387329,0.346434623003006,-0.03373672813177109,0.24082422256469727,0.2086600959300995,-0.04654848203063011,0.2275611162185669,0.1259654462337494,-0.04487055167555809,0.2113630175590515,0.05945673584938049,-0.040764790028333664
F,0.2015017569065094,0.6948137879371643,1.9622241609340563e-08,0.11268052458763123,0.6238998770713806,-0.021250233054161072,0.05447617173194885,0.49399232864379883,-0.030932758003473282,0.014621108770370483,0.3836185932159424,-0.0461573600769043,0.0,0.2818394899368286,-0.059110090136528015,0.11904594302177429,0.3863071799278259,0.026705238968133926,0.0785931646823883,0.3032342195510864,-0.02064686082303524,0.048580676317214966,0.313897967338562,-0.06240902096033096,0.03669542074203491,0.34236299991607666,-0.08144887536764145,0.16103580594062805,0.3489418029785156,0.015492407605051994,0.1383134424686432,0.18339687585830688,-0.008263017050921917,0.11724111437797546,0.08519622683525085,-0.02988795004785061,0.10326507687568665,0.004148155450820923,-0.042128752917051315,0.2105165421962738,0.34039396047592163,-0.007311382330954075,0.18852493166923523,0.176931232213974,-0.033094026148319244,0.16953930258750916,0.07910409569740295,-0.04729108884930611,0.15220710635185242,0.0,-0.051569484174251556,0.26127728819847107,0.35358840227127075,-0.03388218581676483,0.2432943880558014,0.2134038805961609,-0.04698663949966431,0.23029199242591858,0.12882259488105774,-0.04521947726607323,0.21427640318870544,0.06063959002494812,-0.040849097073078156
F,0.20289629697799683,0.6969591677188873,1.0597486443941762e-08,0.1142846941947937,0.6265282332897186,-0.02137327566742897,0.055830538272857666,0.4964430034160614,-0.031771160662174225,0.015824168920516968,0.38592323660850525,-0.047580786049366,0.0,0.28397423028945923,-0.061245035380125046,0.11782556772232056,0.3881084620952606,0.023248523473739624,0.07678878307342529,0.3041740357875824,-0.02561868727207184,0.04727733135223389,0.3151967525482178,-0.06785482168197632,0.036202967166900635,0.34393325448036194,-0.08694636821746826,0.1595337986946106,0.3500734865665436,0.012041122652590275,0.1353210210800171,0.1842566430568695,-0.012918881140649319,0.11330968141555786,0.08540409803390503,-0.03438296541571617,0.09847414493560791,0.0038437247276306152,-0.04626394063234329,0.20908433198928833,0.34146252274513245,-0.010546619072556496,0.1859978437423706,0.17732477188110352,-0.03670400381088257,0.16699939966201782,0.07963746786117554,-0.05001041293144226,0.1496042013168335,0.0,-0.053525373339653015,0.25998812913894653,0.35457077622413635,-0.036922648549079895,0.2413671612739563,0.2140302062034607,-0.050248511135578156,0.22796189785003662,0.1292552351951599,-0.0480920784175396,0.21172738075256348,0.06075260043144226,-0.04320209473371506
F,0.20482656359672546,0.695796012878418,1.5261793606669016e-08,0.11485770344734192,0.6246874928474426,-0.021506356075406075,0.05580732226371765,0.49493151903152466,-0.03202970698475838,0.015295207500457764,0.38420867919921875,-0.04813181608915329,0.0,0.2820405960083008,-0.06191848963499069,0.1189093291759491,0.3863834738731384,0.025829998776316643,0.07812502980232239,0.30199915170669556,-0.022165531292557716,0.0487230122089386,0.313848078250885,-0.0644177719950676,0.03744480013847351,0.3440653085708618,-0.08370321244001389,0.1601029932498932,0.3489547371864319,0.01474811788648367,0.13607880473136902,0.18282866477966309,-0.009162833914160728,0.11452582478523254,0.084647536277771,-0.030571628361940384,0.10000470280647278,0.004035264253616333,-0.042702656239271164,0.20928719639778137,0.3399452567100525,-0.007968123070895672,0.1863015592098236,0.17559751868247986,-0.03355088457465172,0.16694554686546326,0.0784042477607727,-0.04692969098687172,0.14904776215553284,0.0,-0.05070417746901512,0.2599567472934723,0.3525910973548889,-0.03453725203871727,0.2410249412059784,0.21250122785568237,-0.04737389460206032,0.22770807147026062,0.12819832563400269,-0.04509774595499039,0.21122106909751892,0.060197919607162476,-0.0403960719704628
F,0.2019190490245819,0.6916646957397461,1.4431958961225178e-09,0.1135166585445404,0.6198534965515137,-0.022213328629732132,0.05431005358695984,0.4861743450164795,-0.031227802857756615,0.014686942100524902,0.37574970722198486,-0.04560013860464096,0.0,0.27281996607780457,-0.05756011977791786,0.11885306239128113,0.37925267219543457,0.028144918382167816,0.0791865885257721,0.2935389280319214,-0.016405196860432625,0.048441916704177856,0.3150644898414612,-0.05669387802481651,0.035891205072402954,0.34921783208847046,-0.07515010982751846,0.16057148575782776,0.3435128927230835,0.017954135313630104,0.1379167139530182,0.17891907691955566,-0.0020215397235006094,0.11906197667121887,0.08185839653015137,-0.021906858310103416,0.10814288258552551,0.0018964111804962158,-0.03381975740194321,0.21016409993171692,0.3369755148887634,-0.004274351987987757,0.18765667080879211,0.17491596937179565,-0.028213756158947945,0.16897669434547424,0.07835075259208679,-0.04271973669528961,0.15288588404655457,0.0,-0.04787805303931236,0.2614547312259674,0.35048383474349976,-0.030314907431602478,0.24096187949180603,0.21150583028793335,-0.04387003555893898,0.22716161608695984,0.12761738896369934,-0.04316173493862152,0.21071305871009827,0.060021936893463135,-0.039933882653713226
F,0.20449262857437134,0.6918309330940247,-6.2865086469798825e-09,0.11365991830825806,0.6217255592346191,-0.020153988152742386,0.056030452251434326,0.4901171326637268,-0.028700128197669983,0.015161693096160889,0.3799610137939453,-0.043168868869543076,0.0,0.27855387330055237,-0.05528084933757782,0.11969327926635742,0.3829697370529175,0.030177883803844452,0.08032792806625366,0.29805657267570496,-0.016016142442822456,0.05193537473678589,0.30686259269714355,-0.05731070414185524,0.04075956344604492,0.3329940438270569,-0.07614077627658844,0.16033726930618286,0.34458059072494507,0.01866365224123001,0.1355304718017578,0.18039023876190186,-0.004219579976052046,0.11280149221420288,0.08149829506874084,-0.025588640943169594,0.0973767638206482,0.0,-0.03758024424314499,0.20920640230178833,0.3349524140357971,-0.004526271019130945,0.18466687202453613,0.17339026927947998,-0.029454268515110016,0.16466277837753296,0.0781259536743164,-0.04268476739525795,0.1470775008201599,0.0004748106002807617,-0.04623096436262131,0.25979042053222656,0.3464239835739136,-0.03158193081617355,0.2397586703300476,0.2078624963760376,-0.044009290635585785,0.2252632975578308,0.12551674246788025,-0.04157853499054909,0.20844107866287231,0.05930459499359131,-0.03668699786067009
F,0.2023334503173828,0.6934017837047577,1.67375482362786e-08,0.11282795667648315,0.6257950365543365,-0.022888479754328728,0.0551336407661438,0.4926527440547943,-0.032106783241033554,0.015462666749954224,0.380891352891922,-0.04649853706359863,0.0,0.27912482619285583,-0.05845211446285248,0.11714679002761841,0.3873474895954132,0.027733076363801956,0.07878422737121582,0.30297496914863586,-0.018323667347431183,0.04927331209182739,0.31230273842811584,-0.05952705815434456,0.03582197427749634,0.33682331442832947,-0.07844925671815872,0.15666425228118896,0.3487394154071808,0.017599401995539665,0.13224542140960693,0.18360915780067444,-0.005154402926564217,0.11185139417648315,0.08537936210632324,-0.02638668566942215,0.09871751070022583,0.004130691289901733,-0.038173627108335495,0.20571202039718628,0.3393805921077728,-0.004420483019202948,0.18137359619140625,0.17711970210075378,-0.030230635777115822,0.1625615358352661,0.0798071026802063,-0.04461566358804703,0.1459224820137024,0.0,-0.048864077776670456,0.2578897476196289,0.35043975710868835,-0.030343705788254738,0.2386789321899414,0.21089977025985718,-0.043890904635190964,0.22569209337234497,0.12754395604133606,-0.042358655482530594,0.20992130041122437,0.060032933950424194,-0.0381474606692791
F,0.20710813999176025,0.6944728195667267,2.3768711443494794e-08,0.11576235294342041,0.6252661645412445,-0.021996647119522095,0.05710369348526001,0.49623212218284607,-0.03155377879738808,0.015042483806610107,0.3872286379337311,-0.04645797237753868,0.0,0.28567278385162354,-0.05901231989264488,0.11842763423919678,0.3897985517978668,0.026545174419879913,0.07875192165374756,0.30373066663742065,-0.02092776633799076,0.052043914794921875,0.31348779797554016,-0.06289453059434891,0.04274022579193115,0.3402194678783417,-0.08202863484621048,0.15887212753295898,0.34972599148750305,0.016158439218997955,0.13427037000656128,0.1838304102420807,-0.007438283413648605,0.11278700828552246,0.08557197451591492,-0.02910642698407173,0.09883773326873779,0.004072368144989014,-0.041105084121227264,0.20857012271881104,0.3387254774570465,-0.005777457728981972,0.18421387672424316,0.17632216215133667,-0.030934486538171768,0.1642516851425171,0.07978701591491699,-0.04420975595712662,0.14644843339920044,0.0,-0.04779369384050369,0.26015704870224,0.3494413197040558,-0.031648118048906326,0.2411763072013855,0.2110482156276703,-0.04371096193790436,0.22755080461502075,0.1283479630947113,-0.04067005217075348,0.21135777235031128,0.06078624725341797,-0.03534790128469467
F,0.20698565244674683,0.6955887973308563,3.265424197707034e-08,0.11586427688598633,0.6264691650867462,-0.023221556097269058,0.05665403604507446,0.4963149130344391,-0.03488965705037117,0.014699012041091919,0.3858661949634552,-0.05170177295804024,0.0,0.28291162848472595,-0.06632921099662781,0.11683732271194458,0.38992515206336975,0.022526636719703674,0.07605159282684326,0.3043985962867737,-0.026791846379637718,0.04872143268585205,0.316474586725235,-0.07023798674345016,0.03941839933395386,0.34418246150016785,-0.09034460783004761,0.15793687105178833,0.3512680232524872,0.012216289527714252,0.1324569582939148,0.18465539813041687,-0.011739596724510193,0.11282718181610107,0.08609077334403992,-0.03358802944421768,0.10123652219772339,0.004333794116973877,-0.04612597078084946,0.20884984731674194,0.3415820896625519,-0.00969648826867342,0.1828075647354126,0.17808404564857483,-0.03553156927227974,0.16330552101135254,0.08015981316566467,-0.04960843548178673,0.14685094356536865,0.0,-0.054086193442344666,0.2618069052696228,0.3535182774066925,-0.03551798313856125,0.2414153814315796,0.21417447924613953,-0.04901183396577835,0.2274564504623413,0.13024172186851501,-0.04710197076201439,0.21144253015518188,0.06251955032348633,-0.04271947592496872
F,0.2076479196548462,0.696203351020813,5.673716785281613e-08,0.1161075234413147,0.6273667812347412,-0.02460571750998497,0.056177735328674316,0.49705445766448975,-0.03653648868203163,0.013014554977416992,0.38446396589279175,-0.05356249958276749,0.0,0.2796202003955841,-0.06790895760059357,0.11550658941268921,0.3902600407600403,0.024440282955765724,0.07613217830657959,0.3032224774360657,-0.024985039606690407,0.051462531089782715,0.31521862745285034,-0.0680352970957756,0.04500222206115723,0.34366172552108765,-0.0875590592622757,0.15691834688186646,0.35082709789276123,0.015006866306066513,0.13168829679489136,0.1838470697402954,-0.008787981234490871,0.11193376779556274,0.08515200018882751,-0.03004978969693184,0.09998202323913574,0.0028593838214874268,-0.041942596435546875,0.20781809091567993,0.33990949392318726,-0.006468350533396006,0.18234598636627197,0.17711317539215088,-0.03185180947184563,0.16295260190963745,0.07982209324836731,-0.04473284259438515,0.14588916301727295,0.0,-0.04819564148783684,0.26065146923065186,0.35044747591018677,-0.03213530778884888,0.24011868238449097,0.21164309978485107,-0.044570859521627426,0.22664839029312134,0.1284542679786682,-0.04173540323972702,0.21111536026000977,0.060586243867874146,-0.03661034256219864
F,0.20887494087219238,0.6956776976585388,1.8901149090311264e-08,0.11679524183273315,0.628000795841217,-0.022744588553905487,0.05652278661727905,0.49456101655960083,-0.032306008040905,0.015576303005218506,0.38307052850723267,-0.04694238677620888,0.0,0.28089216351509094,-0.05921049788594246,0.11615276336669922,0.3857216238975525,0.02670023962855339,0.07593655586242676,0.3002611994743347,-0.01993979699909687,0.04855579137802124,0.3157212734222412,-0.06252098828554153,0.03906726837158203,0.3449627757072449,-0.0824008584022522,0.15696191787719727,0.3466299772262573,0.016867993399500847,0.13114619255065918,0.18191608786582947,-0.004154168535023928,0.11142319440841675,0.08384010195732117,-0.02537710592150688,0.10019993782043457,0.0028606057167053223,-0.03807210177183151,0.2076857089996338,0.33721303939819336,-0.004787601064890623,0.18239331245422363,0.1751401424407959,-0.02864469587802887,0.16263484954833984,0.07894864678382874,-0.04300718009471893,0.1461414098739624,0.0,-0.048152483999729156,0.26085764169692993,0.34939658641815186,-0.030413223430514336,0.24028879404067993,0.21074596047401428,-0.04302285611629486,0.22562116384506226,0.12847205996513367,-0.041314296424388885,0.20895761251449585,0.06211143732070923,-0.03742261230945587
F,0.20889857411384583,0.698491632938385,4.571624501181759e-08,0.11485347151756287,0.628679096698761,-0.020824650302529335,0.05466100573539734,0.49816638231277466,-0.02937854826450348,0.014890581369400024,0.3866647481918335,-0.04363565146923065,0.0,0.2849704623222351,-0.05548024922609329,0.11417046189308167,0.38986921310424805,0.031121088191866875,0.07416626811027527,0.3040047883987427,-0.013774125836789608,0.048426657915115356,0.31557899713516235,-0.05538259074091911,0.03984597325325012,0.3417905569076538,-0.07499117404222488,0.15491750836372375,0.3503757119178772,0.020076099783182144,0.12944528460502625,0.1845678687095642,-0.0011915796203538775,0.10876742005348206,0.08544173836708069,-0.023312563076615334,0.09608343243598938,0.0036627650260925293,-0.036435794085264206,0.20502707362174988,0.3394290804862976,-0.0026724543422460556,0.17957553267478943,0.17596936225891113,-0.026880940422415733,0.15919777750968933,0.07915860414505005,-0.04164432734251022,0.14164945483207703,0.0,-0.046793535351753235,0.25798794627189636,0.3503219485282898,-0.02924930304288864,0.23720631003379822,0.2116348147392273,-0.04139142483472824,0.22292497754096985,0.12914294004440308,-0.03932401165366173,0.2061801254749298,0.06178826093673706,-0.03518044203519821
F,0.20318603515625,0.6943107545375824,5.802623803674578e-08,0.11171591281890869,0.6283372342586517,-0.02522697113454342,0.050787508487701416,0.4958573281764984,-0.035941146314144135,0.010467052459716797,0.38009944558143616,-0.051651954650878906,0.0,0.27555185556411743,-0.06476972997188568,0.10872757434844971,0.38767650723457336,0.0272307638078928,0.07242816686630249,0.30155524611473083,-0.019692178815603256,0.050545454025268555,0.3165384829044342,-0.06194351986050606,0.045333027839660645,0.34528645873069763,-0.08140607923269272,0.149547278881073,0.3475676476955414,0.018421674147248268,0.12544739246368408,0.1828153431415558,-0.0026078899390995502,0.10622048377990723,0.0855904221534729,-0.023979883641004562,0.09473520517349243,0.00330391526222229,-0.03685677796602249,0.19961225986480713,0.3362787067890167,-0.0027101372834295034,0.1758142113685608,0.1746557652950287,-0.026646897196769714,0.15647751092910767,0.07881450653076172,-0.041549455374479294,0.13954293727874756,0.0,-0.04718679562211037,0.25244951248168945,0.3461296856403351,-0.02808714658021927,0.23198044300079346,0.2077096402645111,-0.04038864001631737,0.21818554401397705,0.12517574429512024,-0.03917113319039345,0.20215392112731934,0.05744609236717224,-0.03586079925298691
F,0.20366865396499634,0.6955562233924866,4.884141802108388e-08,0.11248064041137695,0.6292481422424316,-0.02587686851620674,0.051680147647857666,0.49573391675949097,-0.03690090402960777,0.01042124629020691,0.38004040718078613,-0.05285268649458885,0.0,0.2747550904750824,-0.06587028503417969,0.11062395572662354,0.38712936639785767,0.027000855654478073,0.073647141456604,0.2984747588634491,-0.020810475572943687,0.05157291889190674,0.31631040573120117,-0.0635068342089653,0.046922147274017334,0.3480127453804016,-0.08305401355028152,0.15140998363494873,0.3473104238510132,0.018660249188542366,0.12711256742477417,0.182564377784729,-0.002565906150266528,0.1073765754699707,0.08515158295631409,-0.023750754073262215,0.09538066387176514,0.0027562379837036133,-0.036411307752132416,0.20140314102172852,0.3368387818336487,-0.0021935293916612864,0.17720156908035278,0.1755393147468567,-0.026002593338489532,0.1572149395942688,0.07929837703704834,-0.04038851335644722,0.13981425762176514,0.0,-0.045602940022945404,0.25343310832977295,0.3478444814682007,-0.027420176193118095,0.2329147458076477,0.20961493253707886,-0.03971462696790695,0.21858322620391846,0.1272667646408081,-0.03833972290158272,0.2023060917854309,0.059803277254104614,-0.034747738391160965
F,0.2040434181690216,0.6971809267997742,3.7687758691618e-08,0.11348375678062439,0.6301023364067078,-0.02649500221014023,0.05206623673439026,0.4928640127182007,-0.03741859644651413,0.011961549520492554,0.37614816427230835,-0.05309457331895828,0.0,0.270079106092453,-0.06566046178340912,0.10926160216331482,0.385158896446228,0.027120817452669144,0.07266297936439514,0.2945626378059387,-0.019041355699300766,0.05098065733909607,0.3175370395183563,-0.060616105794906616,0.04600939154624939,0.3529074192047119,-0.07949294149875641,0.15184226632118225,0.346588671207428,0.019299335777759552,0.12764301896095276,0.18283361196517944,0.00023461936507374048,0.10985419154167175,0.0855129063129425,-0.019912229850888252,0.0996045172214508,0.003037780523300171,-0.03245460242033005,0.20324555039405823,0.3370800018310547,-0.00122948014177382,0.17928317189216614,0.17685061693191528,-0.02393542416393757,0.16023162007331848,0.07987558841705322,-0.0386725552380085,0.14351573586463928,0.0,-0.044560614973306656,0.2567720115184784,0.34782546758651733,-0.02614155411720276,0.23514702916145325,0.20929086208343506,-0.03864677995443344,0.2204691469669342,0.12599098682403564,-0.03816134110093117,0.20350304245948792,0.05863645672798157,-0.03549639508128166
F,0.20272749662399292,0.7010248601436615,5.534643321425392e-08,0.11123001575469971,0.6309537589550018,-0.025332409888505936,0.050266146659851074,0.4964325726032257,-0.03583827614784241,0.010344445705413818,0.3787042796611786,-0.05191982537508011,0.0,0.2717994153499603,-0.06446744501590729,0.10917061567306519,0.38821205496788025,0.03379136696457863,0.07438474893569946,0.2943789064884186,-0.01099875383079052,0.05450618267059326,0.3180767595767975,-0.051881179213523865,0.0516090989112854,0.35488465428352356,-0.07041657716035843,0.15074241161346436,0.3509543836116791,0.025329316034913063,0.1279658079147339,0.18607443571090698,0.007092348765581846,0.10870814323425293,0.08866503834724426,-0.013096103444695473,0.09649056196212769,0.005312085151672363,-0.025748927146196365,0.20023971796035767,0.3411637246608734,0.0037158275954425335,0.17672324180603027,0.17843672633171082,-0.01837417669594288,0.15702444314956665,0.08065593242645264,-0.03294102102518082,0.1392209529876709,0.0,-0.03874291852116585,0.25201207399368286,0.3512451946735382,-0.022365761920809746,0.23104345798492432,0.21252554655075073,-0.03398986533284187,0.21714967489242554,0.12888476252555847,-0.033413589000701904,0.2007155418395996,0.060138821601867676,-0.03087274543941021
F,0.2047705054283142,0.7021958827972412,7.467246376791081e-08,0.11201077699661255,0.6318324208259583,-0.026058895513415337,0.05096936225891113,0.49985307455062866,-0.03767431154847145,0.009706079959869385,0.3829556107521057,-0.05449947714805603,0.0,0.27550020813941956,-0.06818293035030365,0.10795104503631592,0.3914698362350464,0.02965419925749302,0.07034921646118164,0.30142197012901306,-0.017450448125600815,0.04908478260040283,0.32257771492004395,-0.060283761471509933,0.04569143056869507,0.3571949005126953,-0.0801665335893631,0.14893537759780884,0.35206520557403564,0.021475940942764282,0.12520331144332886,0.18605104088783264,0.000920782913453877,0.105099618434906,0.08797666430473328,-0.020757131278514862,0.09261846542358398,0.004924476146697998,-0.03410298377275467,0.1988668441772461,0.3413609266281128,0.0005853530601598322,0.17520606517791748,0.17819255590438843,-0.02252865582704544,0.1551082730293274,0.08080476522445679,-0.03689932823181152,0.13721084594726562,0.0,-0.04232247546315193,0.2511714696884155,0.35174471139907837,-0.02477976866066456,0.23182058334350586,0.21290934085845947,-0.03631579130887985,0.2185618281364441,0.1295464038848877,-0.0347716361284256,0.20308101177215576,0.060628294944763184,-0.03122524730861187
F,0.20499616861343384,0.6997412741184235,9.39161779456299e-08,0.11142265796661377,0.6315038502216339,-0.025278180837631226,0.050608038902282715,0.49774566292762756,-0.03604905679821968,0.010174453258514404,0.3796921670436859,-0.052180781960487366,0.0,0.2730320990085602,-0.06551917642354965,0.10661971569061279,0.3918779790401459,0.030997484922409058,0.06969720125198364,0.303066223859787,-0.015197823755443096,0.047643303871154785,0.31771552562713623,-0.057344384491443634,0.04325383901596069,0.34756311774253845,-0.07662291079759598,0.14753520488739014,0.35145804286003113,0.022584304213523865,0.12453800439834595,0.18547579646110535,0.0036700363270938396,0.10562974214553833,0.08674478530883789,-0.016679521650075912,0.09424096345901489,0.003345280885696411,-0.029065292328596115,0.19771212339401245,0.34003475308418274,0.001440616324543953,0.17380738258361816,0.17774063348770142,-0.02064324915409088,0.15342307090759277,0.07979688048362732,-0.03475836291909218,0.13555830717086792,0.0,-0.0401754267513752,0.25036656856536865,0.3502003252506256,-0.02415231429040432,0.23038071393966675,0.21174386143684387,-0.03540607541799545,0.21657520532608032,0.12866297364234924,-0.03378893435001373,0.20069944858551025,0.061301082372665405,-0.030309824272990227
F,0.20270639657974243,0.6980897486209869,9.032241621298454e-08,0.11127084493637085,0.6308096349239349,-0.026479197666049004,0.049510836601257324,0.4942716658115387,-0.03722171485424042,0.00951412320137024,0.37494251132011414,-0.053027089685201645,0.0,0.26756468415260315,-0.06584449857473373,0.10806483030319214,0.3859952390193939,0.030889080837368965,0.07217919826507568,0.2978646159172058,-0.01254323497414589,0.05106538534164429,0.3157326877117157,-0.05237777158617973,0.04699909687042236,0.34619084000587463,-0.07053594291210175,0.14986902475357056,0.347519189119339,0.022967511788010597,0.12612462043762207,0.18423348665237427,0.0062563675455749035,0.1083831787109375,0.0863964855670929,-0.012215739116072655,0.0985482931137085,0.002561122179031372,-0.023821884766221046,0.19982731342315674,0.33815357089042664,0.001992634730413556,0.1764097809791565,0.17786142230033875,-0.019751910120248795,0.15620332956314087,0.0800338089466095,-0.03436160832643509,0.13875824213027954,0.0,-0.04041847959160805,0.25143861770629883,0.3493122160434723,-0.023438557982444763,0.22993361949920654,0.21136105060577393,-0.035767678171396255,0.2157343029975891,0.12808170914649963,-0.03590687736868858,0.19971466064453125,0.06060567498207092,-0.034044161438941956
F,0.20096564292907715,0.6988928616046906,6.882049774503685e-08,0.11031877994537354,0.6289434731006622,-0.025995226576924324,0.04899388551712036,0.495196133852005,-0.03682507574558258,0.009082674980163574,0.37705984711647034,-0.052881766110658646,0.0,0.26956191658973694,-0.06574587523937225,0.10787653923034668,0.38629576563835144,0.03158528357744217,0.07135772705078125,0.29655319452285767,-0.011952445842325687,0.05106651782989502,0.3157210052013397,-0.051708851009607315,0.04832160472869873,0.3479844033718109,-0.06995433568954468,0.14943420886993408,0.3481241762638092,0.023375466465950012,0.12451201677322388,0.18461737036705017,0.005246708169579506,0.10475349426269531,0.08783432841300964,-0.01454900298267603,0.09303915500640869,0.005013078451156616,-0.026887724176049232,0.19898384809494019,0.33817926049232483,0.0022830748930573463,0.1748262643814087,0.17696091532707214,-0.020456383004784584,0.15478861331939697,0.07995444536209106,-0.03534236177802086,0.137498676776886,0.0,-0.04130232334136963,0.2503927946090698,0.3485048711299896,-0.023168401792645454,0.2294105887413025,0.21094399690628052,-0.03565683960914612,0.2155643105506897,0.12773996591567993,-0.03571322187781334,0.19976067543029785,0.05920612812042236,-0.03360120952129364
F,0.20041555166244507,0.7036920785903931,9.285363233857424e-08,0.11040306091308594,0.6317852139472961,-0.0263863243162632,0.049687743186950684,0.49746012687683105,-0.0372605137526989,0.011177778244018555,0.3781527876853943,-0.05312957242131233,0.0,0.2705395221710205,-0.06579762697219849,0.1068691611289978,0.391279935836792,0.03113618865609169,0.07130438089370728,0.2983867824077606,-0.011366072110831738,0.05102276802062988,0.31592026352882385,-0.050834812223911285,0.04736065864562988,0.3460100293159485,-0.06935971230268478,0.1487823724746704,0.3535953164100647,0.023095684126019478,0.12488210201263428,0.18840187788009644,0.004612980410456657,0.10579943656921387,0.09044179320335388,-0.016741938889026642,0.09413236379623413,0.006804317235946655,-0.03048541396856308,0.19839799404144287,0.3435356616973877,0.0023856584448367357,0.17470484972000122,0.18094924092292786,-0.020912956446409225,0.15485239028930664,0.08164876699447632,-0.037576690316200256,0.13727271556854248,0.0,-0.04499296844005585,0.2502957582473755,0.35317569971084595,-0.022556187584996223,0.2296968698501587,0.21474987268447876,-0.0355309396982193,0.21625983715057373,0.1302570104598999,-0.036676011979579926,0.20026135444641113,0.06099039316177368,-0.03565800189971924
F,0.1999530792236328,0.7036012709140778,7.829790149571636e-08,0.11012440919876099,0.6281020939350128,-0.02509424462914467,0.049628257751464844,0.495373398065567,-0.035555414855480194,0.011042118072509766,0.3770628869533539,-0.05137336254119873,0.0,0.2695857286453247,-0.06396476179361343,0.10878872871398926,0.38910356163978577,0.033534567803144455,0.07357829809188843,0.29530268907546997,-0.008484337478876114,0.05247807502746582,0.3145188093185425,-0.048044268041849136,0.04798281192779541,0.3455820381641388,-0.06679727137088776,0.15052276849746704,0.35256078839302063,0.024962205439805984,0.12698966264724731,0.1878644824028015,0.0065122339874506,0.10688906908035278,0.09029257297515869,-0.015248232521116734,0.09369117021560669,0.0072675347328186035,-0.02943636290729046,0.19967180490493774,0.34299346804618835,0.003719920990988612,0.17672765254974365,0.1802181899547577,-0.019388731569051743,0.1564563512802124,0.08123207092285156,-0.03600439056754112,0.13791131973266602,0.0,-0.04338618740439415,0.2509097456932068,0.35295340418815613,-0.021691307425498962,0.23040342330932617,0.2141721546649933,-0.03456094115972519,0.21640092134475708,0.12922710180282593,-0.03579697757959366,0.1994781494140625,0.05951312184333801,-0.03483419492840767
F,0.20061513781547546,0.698650598526001,6.642822825142503e-08,0.10886833071708679,0.6261689066886902,-0.025902850553393364,0.046809762716293335,0.4940589666366577,-0.035115379840135574,0.009697586297988892,0.37510550022125244,-0.049109406769275665,0.0,0.26856881380081177,-0.05970289185643196,0.1069439947605133,0.3854408860206604,0.033540718257427216,0.07299938797950745,0.28868985176086426,-0.006325114984065294,0.05454114079475403,0.30987343192100525,-0.04470512270927429,0.05224815011024475,0.3418448567390442,-0.06332334876060486,0.14983049035072327,0.34837567806243896,0.02573106251657009,0.12638846039772034,0.1845528483390808,0.007789780851453543,0.10583189129829407,0.08676782250404358,-0.01554951537400484,0.09193995594978333,0.004532873630523682,-0.031553152948617935,0.19838383793830872,0.33934658765792847,0.005420519504696131,0.1762915551662445,0.17796960473060608,-0.017730282619595528,0.1566457450389862,0.0805717408657074,-0.036802027374506,0.13855710625648499,0.0,-0.04645204544067383,0.24889406561851501,0.34947073459625244,-0.018907830119132996,0.22962477803230286,0.212236225605011,-0.03249124810099602,0.21564778685569763,0.1281675398349762,-0.03569391369819641,0.1986338198184967,0.05771896243095398,-0.03658889979124069
F,0.20180752873420715,0.6994257867336273,7.984033345564967e-08,0.10907593369483948,0.6270312964916229,-0.025942858308553696,0.046317726373672485,0.49407991766929626,-0.03491630777716637,0.009935468435287476,0.3740907609462738,-0.04842263087630272,0.0,0.2675683796405792,-0.0584273487329483,0.10638496279716492,0.3853529989719391,0.0331936813890934,0.07330837845802307,0.28527435660362244,-0.005273676943033934,0.05509987473487854,0.3045358955860138,-0.042436107993125916,0.05244967341423035,0.3342190682888031,-0.06046053394675255,0.14984264969825745,0.3490224778652191,0.025611892342567444,0.12676599621772766,0.18440356850624084,0.008661402389407158,0.10692551732063293,0.08731049299240112,-0.013876238837838173,0.09336230158805847,0.00659865140914917,-0.029417943209409714,0.19859281182289124,0.3404603898525238,0.005639290902763605,0.17624476552009583,0.1783449351787567,-0.01681583933532238,0.15663686394691467,0.08034363389015198,-0.03555096313357353,0.13851115107536316,0.0,-0.04516755789518356,0.24919292330741882,0.3508271872997284,-0.018306095153093338,0.2294650375843048,0.21326136589050293,-0.03158923611044884,0.2158743441104889,0.12944316864013672,-0.03474440798163414,0.1992163360118866,0.0596180260181427,-0.03574387729167938
F,0.20282036066055298,0.7008442580699921,6.158215626328456e-08,0.11087650060653687,0.6306062042713165,-0.023013081401586533,0.04849117994308472,0.49908772110939026,-0.03238232806324959,0.011439800262451172,0.38142600655555725,-0.04706607758998871,0.0,0.2764720022678375,-0.058956749737262726,0.10558134317398071,0.3894375264644623,0.03230058401823044,0.07261580228805542,0.2930622398853302,-0.007380556780844927,0.053774118423461914,0.31218472123146057,-0.046047087758779526,0.04997265338897705,0.34343066811561584,-0.06538236141204834,0.1482563614845276,0.351480633020401,0.02209385111927986,0.12321871519088745,0.18515467643737793,0.00374565995298326,0.10187506675720215,0.08693736791610718,-0.02053839899599552,0.08751791715621948,0.005533427000045776,-0.03739812597632408,0.19754713773727417,0.3413218557834625,0.00013578760263044387,0.17315226793289185,0.1780093014240265,-0.023246826604008675,0.1524009108543396,0.07996988296508789,-0.042748622596263885,0.13337600231170654,0.0,-0.05301534757018089,0.2500588893890381,0.3503110706806183,-0.025493009015917778,0.2292187213897705,0.21224984526634216,-0.03943031653761864,0.21474957466125488,0.12744438648223877,-0.04240358620882034,0.19685566425323486,0.05739745497703552,-0.04333951324224472
F,0.20285460352897644,0.7036820352077484,7.29676585820016e-08,0.10969671607017517,0.6323346793651581,-0.024782659485936165,0.04680797457695007,0.49912968277931213,-0.03412267193198204,0.009729743003845215,0.3802243769168854,-0.04840507358312607,0.0,0.27375802397727966,-0.05934307724237442,0.10472676157951355,0.39073118567466736,0.03277664631605148,0.07129636406898499,0.2917202115058899,-0.007185860071331263,0.05321189761161804,0.3130587041378021,-0.045581553131341934,0.05024579167366028,0.34513893723487854,-0.06427974998950958,0.1477796733379364,0.3531147539615631,0.024181552231311798,0.12358328700065613,0.18643102049827576,0.0065447003580629826,0.10342708230018616,0.0884658694267273,-0.01639741100370884,0.08980020880699158,0.0070708394050598145,-0.03206813335418701,0.19777444005012512,0.34294459223747253,0.0033521910663694143,0.17307516932487488,0.17958620190620422,-0.019505221396684647,0.15226826071739197,0.08087310194969177,-0.03809955343604088,0.13325908780097961,0.0,-0.047526247799396515,0.25076696276664734,0.3518054783344269,-0.021375764161348343,0.22931250929832458,0.2141672670841217,-0.034552011638879776,0.21492406725883484,0.13016456365585327,-0.03690715506672859,0.19758698344230652,0.06058362126350403,-0.037288159132003784
F,0.20370084047317505,0.7013238370418549,1.0656092541694306e-07,0.11098700761795044,0.6326249539852142,-0.02526448294520378,0.04799079895019531,0.5000180304050446,-0.03394417464733124,0.00982847809791565,0.38095274567604065,-0.0470242016017437,0.0,0.2747242748737335,-0.05711103603243828,0.1030433177947998,0.38958874344825745,0.03320349380373955,0.06901711225509644,0.29344719648361206,-0.004005607683211565,0.04982548952102661,0.30526673793792725,-0.041281577199697495,0.04554879665374756,0.3278961479663849,-0.060202158987522125,0.14663833379745483,0.35074105858802795,0.024989053606987,0.12175458669662476,0.18670842051506042,0.008420834317803383,0.10190171003341675,0.08806625008583069,-0.01485575083643198,0.08850961923599243,0.006126046180725098,-0.031122811138629913,0.1966010332107544,0.3408717215061188,0.00476281251758337,0.17248177528381348,0.17958059906959534,-0.018000148236751556,0.1521928906440735,0.08138248324394226,-0.037311114370822906,0.13334953784942627,0.0,-0.04750301316380501,0.2495531439781189,0.35086384415626526,-0.019269604235887527,0.2284787893295288,0.21438506245613098,-0.03342745453119278,0.21393859386444092,0.13093501329421997,-0.03674141317605972,0.1960887908935547,0.06089678406715393,-0.03797578811645508
F,0.20405882596969604,0.6978512406349182,1.10574525535867e-07,0.11100482940673828,0.6295162439346313,-0.025370988994836807,0.04760640859603882,0.49757999181747437,-0.03407660126686096,0.009686946868896484,0.3787415027618408,-0.04710239917039871,0.0,0.2721993327140808,-0.05714442953467369,0.1040276288986206,0.3872146010398865,0.03320397064089775,0.07010966539382935,0.29107725620269775,-0.003233821364119649,0.050911128520965576,0.30299466848373413,-0.040046073496341705,0.046344101428985596,0.3251747488975525,-0.058772262185811996,0.14778554439544678,0.34844452142715454,0.025102706626057625,0.12257552146911621,0.18468987941741943,0.009439948946237564,0.10357505083084106,0.08608737587928772,-0.013275734148919582,0.09123611450195312,0.004153221845626831,-0.029353704303503036,0.19778746366500854,0.3389838933944702,0.004992461297661066,0.17296695709228516,0.17871183156967163,-0.017167076468467712,0.15263545513153076,0.08072257041931152,-0.03644036501646042,0.13422751426696777,0.0,-0.046840403228998184,0.25053608417510986,0.3494056463241577,-0.01892886310815811,0.2284630537033081,0.21378731727600098,-0.032857149839401245,0.2137705683708191,0.13090720772743225,-0.03617138788104057,0.1960265040397644,0.06164669990539551,-0.03758689761161804
F,0.20855450630187988,0.6982737183570862,1.3990111824568885e-07,0.11546158790588379,0.6389751434326172,-0.028788132593035698,0.050412893295288086,0.5025529265403748,-0.03862157464027405,0.011972188949584961,0.38158172369003296,-0.05172372981905937,0.0,0.2741418778896332,-0.06225520372390747,0.10421830415725708,0.39117980003356934,0.025569258257746696,0.06963890790939331,0.29706311225891113,-0.011247217655181885,0.04691505432128906,0.29903504252433777,-0.04707743600010872,0.03857743740081787,0.31286829710006714,-0.06509200483560562,0.14950066804885864,0.3511134386062622,0.018915697932243347,0.1238299012184143,0.18667647242546082,0.0024576231371611357,0.10540658235549927,0.08640643954277039,-0.01875125616788864,0.0941193699836731,0.002363830804824829,-0.03316396102309227,0.20077472925186157,0.34063220024108887,0.00042373439646326005,0.17494350671768188,0.18115800619125366,-0.022370634600520134,0.1546003222465515,0.08187413215637207,-0.04095777869224548,0.13673150539398193,0.0,-0.050547342747449875,0.25451207160949707,0.3502318263053894,-0.02209913544356823,0.23097866773605347,0.21315830945968628,-0.03707928583025932,0.2150936722755432,0.1289566457271576,-0.040641337633132935,0.19677197933197021,0.06011506915092468,-0.04192410036921501
F,0.2065659761428833,0.6991841495037079,2.7220778520131717e-07,0.1144145131111145,0.6322324573993683,-0.029186885803937912,0.049807071685791016,0.4960709512233734,-0.03775155171751976,0.011237084865570068,0.3748198449611664,-0.04810641333460808,0.0,0.267951637506485,-0.05607340857386589,0.10800081491470337,0.3813529312610626,0.02143336646258831,0.07978475093841553,0.2622291147708893,-0.004465095698833466,0.05649256706237793,0.22531011700630188,-0.03099001944065094,0.045419394969940186,0.20167884230613708,-0.04630354419350624,0.15369409322738647,0.3482315242290497,0.01629200018942356,0.13013052940368652,0.18231609463691711,0.0011401206720620394,0.11169064044952393,0.08140325546264648,-0.01818382553756237,0.09810668230056763,0.0,-0.03148724138736725,0.20246553421020508,0.3406916558742523,0.0009337027440778911,0.1791468858718872,0.180557519197464,-0.020485129207372665,0.16046518087387085,0.08133459091186523,-0.037640463560819626,0.14327746629714966,0.0010099709033966064,-0.0469488762319088,0.2517263889312744,0.3511289656162262,-0.018308214843273163,0.23109126091003418,0.2153320610523224,-0.03431777283549309,0.21572399139404297,0.13145574927330017,-0.03975736349821091,0.1978577971458435,0.06252822279930115,-0.04274369403719902
F,0.20961666107177734,0.7039275765419006,1.1284425482926963e-07,0.11571758985519409,0.6403734087944031,-0.02632283791899681,0.05013686418533325,0.5052045583724976,-0.03413398191332817,0.011889874935150146,0.3836897611618042,-0.04559546709060669,0.0,0.2773687243461609,-0.05408324673771858,0.10160678625106812,0.39185184240341187,0.03126010671257973,0.06975674629211426,0.29052865505218506,-0.0029156634118407965,0.05160444974899292,0.2956872582435608,-0.03780554607510567,0.04658389091491699,0.31263816356658936,-0.055983688682317734,0.14715832471847534,0.35162967443466187,0.023765895515680313,0.12179708480834961,0.187913715839386,0.008341909386217594,0.10212713479995728,0.08870458602905273,-0.014599562622606754,0.08776623010635376,0.007634282112121582,-0.030959686264395714,0.1974908709526062,0.3408958315849304,0.004627603106200695,0.17353850603103638,0.17959505319595337,-0.017072202637791634,0.15404701232910156,0.08123162388801575,-0.03656339645385742,0.13495677709579468,0.0,-0.047453656792640686,0.2506193518638611,0.34969353675842285,-0.018349897116422653,0.2290557622909546,0.21245220303535461,-0.03271360322833061,0.213822603225708,0.1287175416946411,-0.03690151870250702,0.19522058963775635,0.058616578578948975,-0.03904334828257561
F,0.21063408255577087,0.7035261690616608,1.9418520480485313e-07,0.11594131588935852,0.6385383903980255,-0.02684643492102623,0.04866400361061096,0.5013834536075592,-0.0342523455619812,0.010354846715927124,0.37908634543418884,-0.044514529407024384,0.0,0.2725566327571869,-0.0520332008600235,0.10446295142173767,0.38667401671409607,0.02873186394572258,0.07526084780693054,0.27830371260643005,0.0012064514448866248,0.05591669678688049,0.2664550244808197,-0.028465282171964645,0.04848870635032654,0.26373544335365295,-0.04516339302062988,0.15000376105308533,0.34945914149284363,0.02215542085468769,0.12588021159172058,0.18579259514808655,0.009173829108476639,0.10783597826957703,0.08641794323921204,-0.01136757805943489,0.09500303864479065,0.005598604679107666,-0.026356760412454605,0.19984468817710876,0.340737521648407,0.004699781071394682,0.17573454976081848,0.1815023124217987,-0.015507597476243973,0.15607216954231262,0.08160212635993958,-0.03450945019721985,0.13745877146720886,0.0,-0.045722030103206635,0.25174257159233093,0.35130611062049866,-0.01647941768169403,0.23064962029457092,0.21616315841674805,-0.031009841710329056,0.21528807282447815,0.13251233100891113,-0.03612372651696205,0.19677773118019104,0.06291648745536804,-0.039468422532081604
F,0.20533272624015808,0.7025474607944489,1.6111458478462737e-07,0.11048546433448792,0.6367246210575104,-0.0257107000797987,0.0445045530796051,0.5048861801624298,-0.03487424552440643,0.007080823183059692,0.3830617368221283,-0.04831817001104355,0.0,0.27376434206962585,-0.05910440906882286,0.09661021828651428,0.39545175433158875,0.03380197659134865,0.06290027499198914,0.303713321685791,-0.003543091006577015,0.042773693799972534,0.3142164349555969,-0.042431388050317764,0.036634236574172974,0.3363708555698395,-0.06257175654172897,0.14166244864463806,0.35397687554359436,0.0256040021777153,0.1175331175327301,0.1878928244113922,0.009511208161711693,0.09690305590629578,0.08782133460044861,-0.015405264683067799,0.08311530947685242,0.0055694580078125,-0.03324733301997185,0.19202134013175964,0.3412545621395111,0.005491939838975668,0.1692546308040619,0.1783181130886078,-0.016839617863297462,0.1490001380443573,0.07994714379310608,-0.037099868059158325,0.1298300325870514,0.0,-0.048150185495615005,0.24489089846611023,0.34871456027030945,-0.018395308405160904,0.22370651364326477,0.21074649691581726,-0.0319310687482357,0.20963522791862488,0.12599369883537292,-0.03489097207784653,0.19158586859703064,0.05617073178291321,-0.036108359694480896
F,0.20796063542366028,0.7036812603473663,1.5208682668799156e-07,0.11336514353752136,0.6399560272693634,-0.025532010942697525,0.047028690576553345,0.5057400166988373,-0.03438534960150719,0.008145123720169067,0.38586464524269104,-0.04729515686631203,0.0,0.277300089597702,-0.05740712955594063,0.10025545954704285,0.3952282965183258,0.03243397921323776,0.06531837582588196,0.3034554421901703,-0.0028569423593580723,0.04500707983970642,0.3131696879863739,-0.03912559896707535,0.03813466429710388,0.33333203196525574,-0.057372815907001495,0.14557185769081116,0.354077011346817,0.024452047422528267,0.1205776035785675,0.18946582078933716,0.011495770886540413,0.10323986411094666,0.08939799666404724,-0.008643507957458496,0.0922294557094574,0.005607694387435913,-0.023070234805345535,0.1968114674091339,0.3427847623825073,0.004455104935914278,0.17272880673408508,0.18193784356117249,-0.015448951162397861,0.15309253334999084,0.08224120736122131,-0.032731134444475174,0.13449236750602722,0.0,-0.04214175418019295,0.24985674023628235,0.3513878285884857,-0.019472146406769753,0.22650787234306335,0.21437129378318787,-0.03187425807118416,0.21192213892936707,0.13108399510383606,-0.03342780843377113,0.1937691867351532,0.06259942054748535,-0.033831968903541565
F,0.20989561080932617,0.6986941397190094,1.6077066788966476e-07,0.11385369300842285,0.6376254856586456,-0.026144202798604965,0.046259164810180664,0.5064175426959991,-0.03563026711344719,0.009038865566253662,0.3851639926433563,-0.04918983206152916,0.0,0.2784326374530792,-0.060355719178915024,0.09800958633422852,0.39653274416923523,0.030185256153345108,0.06293594837188721,0.30759337544441223,-0.008017221465706825,0.043126463890075684,0.31612327694892883,-0.04696148633956909,0.03707242012023926,0.33663812279701233,-0.0672607272863388,0.14328867197036743,0.35334500670433044,0.021825207397341728,0.11830931901931763,0.18758413195610046,0.0038106252904981375,0.0976719856262207,0.08697351813316345,-0.021630974486470222,0.0843954086303711,0.004250645637512207,-0.03945348784327507,0.19454610347747803,0.3396363854408264,0.0018705582479014993,0.16984325647354126,0.17748156189918518,-0.021892303600907326,0.14922451972961426,0.07952982187271118,-0.04219229146838188,0.13076066970825195,0.0,-0.053051359951496124,0.24918174743652344,0.3466152548789978,-0.021802153438329697,0.22673523426055908,0.21065357327461243,-0.03629017993807793,0.21210354566574097,0.1269969642162323,-0.039201151579618454,0.1942768692970276,0.0579494833946228,-0.04015794023871422
F,0.21270477771759033,0.6986459791660309,1.8362366915880557e-07,0.11590737104415894,0.6367702186107635,-0.02709822915494442,0.047334253787994385,0.5041069686412811,-0.037000034004449844,0.009709775447845459,0.38259270787239075,-0.050654519349336624,0.0,0.2738470137119293,-0.061698105186223984,0.10098034143447876,0.3924192488193512,0.029638346284627914,0.06620603799819946,0.2994062900543213,-0.006001573521643877,0.04709279537200928,0.3096996247768402,-0.04239030182361603,0.041992783546447754,0.3308890163898468,-0.06086338311433792,0.14698612689971924,0.35133448243141174,0.022148795425891876,0.12187469005584717,0.18681558966636658,0.00812701229006052,0.10452228784561157,0.08736583590507507,-0.013215898536145687,0.0939759612083435,0.004231363534927368,-0.028710471466183662,0.19834578037261963,0.3401567041873932,0.0026537820231169462,0.17410165071487427,0.17994001507759094,-0.018700875341892242,0.1538398265838623,0.08056986331939697,-0.03778404742479324,0.1351909637451172,0.0,-0.04850945994257927,0.2520189881324768,0.3487355411052704,-0.020714642480015755,0.22890448570251465,0.21190115809440613,-0.03463698551058769,0.21400487422943115,0.1279352903366089,-0.03784715756773949,0.19553273916244507,0.05974110960960388,-0.03953814134001732
F,0.21330153942108154,0.7030018270015717,1.906878139834589e-07,0.11612153053283691,0.6437496840953827,-0.02502291090786457,0.04818594455718994,0.5114929378032684,-0.03374220058321953,0.011006563901901245,0.39068254828453064,-0.046559251844882965,0.0,0.28526583313941956,-0.05725079029798508,0.09761011600494385,0.3974696099758148,0.030389824882149696,0.06035792827606201,0.30702805519104004,-0.0059644365683197975,0.0365140438079834,0.30854323506355286,-0.04366891086101532,0.026069462299346924,0.3235304355621338,-0.06370590627193451,0.14319652318954468,0.35461828112602234,0.02152526192367077,0.11654120683670044,0.18889287114143372,0.003920653834939003,0.09546226263046265,0.0878051221370697,-0.021237529814243317,0.08125615119934082,0.005277961492538452,-0.038764484226703644,0.1947590708732605,0.3414786458015442,0.0014311984414234757,0.16926372051239014,0.1792713701725006,-0.021736014634370804,0.14817875623703003,0.08002325892448425,-0.041820768266916275,0.12846863269805908,0.0,-0.05269278213381767,0.24920427799224854,0.3493252098560333,-0.0223134346306324,0.22657322883605957,0.2126694619655609,-0.03688940033316612,0.2115098237991333,0.1277485191822052,-0.04004691168665886,0.1930440068244934,0.05825379490852356,-0.04116657376289368
F,0.21309739351272583,0.7018901407718658,1.7044023081780324e-07,0.1169697642326355,0.6438362896442413,-0.02540178969502449,0.04934489727020264,0.50989630818367,-0.034907419234514236,0.011897236108779907,0.3896356523036957,-0.04859562963247299,0.0,0.2833193242549896,-0.06024659052491188,0.09669375419616699,0.3977629244327545,0.028061235323548317,0.060526251792907715,0.3122474253177643,-0.010240025818347931,0.04076647758483887,0.3197964131832123,-0.04874961078166962,0.03434097766876221,0.33962640166282654,-0.06848929822444916,0.1417732834815979,0.35395631194114685,0.018970200791954994,0.11570495367050171,0.18970587849617004,0.0025678439997136593,0.09709787368774414,0.08920484781265259,-0.020526014268398285,0.08583205938339233,0.005550354719161987,-0.036824315786361694,0.19378358125686646,0.3407391905784607,-0.0016590994782745838,0.16807866096496582,0.17994385957717896,-0.023932840675115585,0.14757752418518066,0.08055105805397034,-0.043029773980379105,0.12876135110855103,0.0,-0.05359521880745888,0.24897193908691406,0.34928444027900696,-0.02608201466500759,0.22519856691360474,0.21292901039123535,-0.03976832702755928,0.2107979655265808,0.1286572813987732,-0.04169391840696335,0.1931561827659607,0.06043633818626404,-0.04223813861608505
F,0.21140837669372559,0.6970510184764862,1.9230849090945412e-07,0.11603373289108276,0.6395831406116486,-0.02447480708360672,0.04793655872344971,0.5094052851200104,-0.03308926895260811,0.011577874422073364,0.39003077149391174,-0.04568268731236458,0.0,0.28483831882476807,-0.05616728216409683,0.09633463621139526,0.39470627903938293,0.029212910681962967,0.06010180711746216,0.3057996928691864,-0.007247165776789188,0.039171576499938965,0.3128620386123657,-0.044602807611227036,0.0325283408164978,0.33218204975128174,-0.06389350444078445,0.14116710424423218,0.3517310917377472,0.02032286301255226,0.11533278226852417,0.1856464445590973,0.0037980484776198864,0.09699904918670654,0.08575820922851562,-0.020107781514525414,0.08606469631195068,0.00433388352394104,-0.036937396973371506,0.19252759218215942,0.33882343769073486,0.00017884376575239003,0.16840744018554688,0.1777862012386322,-0.022693607956171036,0.1489812135696411,0.07927599549293518,-0.04283585399389267,0.13113117218017578,0.0,-0.053923193365335464,0.24727869033813477,0.347244530916214,-0.023409569635987282,0.2254784107208252,0.21105334162712097,-0.037618912756443024,0.21128523349761963,0.12776771187782288,-0.04025764763355255,0.19345545768737793,0.06037592887878418,-0.041257593780756
F,0.21091946959495544,0.6976243257522583,1.919951131412745e-07,0.11546531319618225,0.6372601985931396,-0.024848630651831627,0.048161596059799194,0.5074599981307983,-0.034319158643484116,0.011887818574905396,0.38826024532318115,-0.04788721352815628,0.0,0.28254789113998413,-0.059276364743709564,0.09747424721717834,0.39568936824798584,0.028498278930783272,0.06049343943595886,0.30967816710472107,-0.01049839612096548,0.039489418268203735,0.3161528408527374,-0.04974023997783661,0.03280147910118103,0.3359903395175934,-0.06996585428714752,0.14186188578605652,0.35194718837738037,0.0195293091237545,0.11626586318016052,0.18649163842201233,0.0007482517976313829,0.09700283408164978,0.08580508828163147,-0.024366289377212524,0.08556178212165833,0.003697991371154785,-0.04172997921705246,0.19325992465019226,0.3382563889026642,-0.0007563189137727022,0.16883721947669983,0.17667412757873535,-0.02496090531349182,0.1482531726360321,0.07874009013175964,-0.044863224029541016,0.12964817881584167,0.0,-0.05533474683761597,0.24827203154563904,0.3462778329849243,-0.024581922218203545,0.226771742105484,0.20979273319244385,-0.03899729251861572,0.21248039603233337,0.12629184126853943,-0.041133131831884384,0.194626122713089,0.05877676606178284,-0.04147804528474808
F,0.21245262026786804,0.6945604979991913,1.775675002591015e-07,0.11529716849327087,0.6348599493503571,-0.02524462155997753,0.04633060097694397,0.5061247646808624,-0.03477417305111885,0.010317116975784302,0.3858260214328766,-0.04834975302219391,0.0,0.27881529927253723,-0.05952320992946625,0.09720435738563538,0.3949856460094452,0.02905385196208954,0.06085196137428284,0.3073413074016571,-0.009421190246939659,0.04317113757133484,0.3190061151981354,-0.0481141023337841,0.039822667837142944,0.34249347448349,-0.06795846670866013,0.14211300015449524,0.352144330739975,0.020246360450983047,0.11642256379127502,0.1868097186088562,0.0022904679644852877,0.0977959930896759,0.08699086308479309,-0.022519320249557495,0.08679977059364319,0.005290806293487549,-0.03992624580860138,0.19366863369941711,0.3395742177963257,-7.143534458009526e-05,0.16924741864204407,0.17838969826698303,-0.024145178496837616,0.14919260144233704,0.07991066575050354,-0.044523291289806366,0.13117673993110657,0.0,-0.05550430715084076,0.2490035593509674,0.3479979932308197,-0.023906806483864784,0.22713395953178406,0.2117845118045807,-0.03862955793738365,0.21329531073570251,0.1281265914440155,-0.041294489055871964,0.19614794850349426,0.05968233942985535,-0.042171165347099304
F,0.21473920345306396,0.6929729282855988,2.1567203134509327e-07,0.11759799718856812,0.6342357099056244,-0.02497541904449463,0.04888361692428589,0.5052248537540436,-0.034587178379297256,0.013063907623291016,0.385141521692276,-0.04807308688759804,0.0,0.278290718793869,-0.0593731552362442,0.09852200746536255,0.39299359917640686,0.0272365752607584,0.061419129371643066,0.30234086513519287,-0.011140517890453339,0.039524734020233154,0.30556443333625793,-0.049168769270181656,0.03199285268783569,0.32450780272483826,-0.06835274398326874,0.1439463496208191,0.3512396514415741,0.01842661388218403,0.11836671829223633,0.18530765175819397,0.0006100723403505981,0.09995067119598389,0.08450785279273987,-0.023066487163305283,0.08867543935775757,0.002843409776687622,-0.03949112817645073,0.19513148069381714,0.33894556760787964,-0.0017063393024727702,0.17099261283874512,0.177671879529953,-0.025103062391281128,0.15134423971176147,0.07904896140098572,-0.04427039623260498,0.1330575942993164,0.0,-0.0544600635766983,0.24935829639434814,0.3475334346294403,-0.025402985513210297,0.2275410294532776,0.2106362283229828,-0.03984706848859787,0.21373730897903442,0.12673264741897583,-0.04214038327336311,0.19641494750976562,0.05928218364715576,-0.04267150163650513
F,0.21227678656578064,0.6947803199291229,1.8090580056195904e-07,0.11576518416404724,0.6367498338222504,-0.024095216765999794,0.04801496863365173,0.5080511271953583,-0.03369629755616188,0.013397306203842163,0.3890414535999298,-0.04737959802150726,0.0,0.28471460938453674,-0.0590045265853405,0.09807321429252625,0.3933832347393036,0.02584783546626568,0.0616820752620697,0.3040054738521576,-0.013429590500891209,0.04172524809837341,0.31164848804473877,-0.05197921022772789,0.0358794629573822,0.3346721827983856,-0.07139503210783005,0.14288011193275452,0.35073307156562805,0.01633734069764614,0.11683216691017151,0.1851055920124054,-0.0018067324999719858,0.09761020541191101,0.08538538217544556,-0.025665009394288063,0.0857323706150055,0.004671752452850342,-0.042303942143917084,0.19380399584770203,0.3380521833896637,-0.0043198601342737675,0.16928014159202576,0.17671892046928406,-0.027840284630656242,0.14899012446403503,0.07856708765029907,-0.04722513630986214,0.13029137253761292,0.0,-0.05772169679403305,0.24826470017433167,0.3469618260860443,-0.028457198292016983,0.22712978720664978,0.21022877097129822,-0.04297378286719322,0.21320942044258118,0.12686792016029358,-0.045187946408987045,0.1954481303691864,0.059951722621917725,-0.04569978639483452
F,0.21314910054206848,0.6910660862922668,1.7409168151516496e-07,0.11657318472862244,0.6308993101119995,-0.02533954754471779,0.04937133193016052,0.504093587398529,-0.034992147237062454,0.013831406831741333,0.38618582487106323,-0.048752158880233765,0.0,0.28178247809410095,-0.060249265283346176,0.10207036137580872,0.3923789858818054,0.02796391397714615,0.06539806723594666,0.30444249510765076,-0.011219442822039127,0.043424397706985474,0.3116830587387085,-0.05002928525209427,0.03562089800834656,0.3314523696899414,-0.06971858441829681,0.1460725963115692,0.35007011890411377,0.019122902303934097,0.1198260486125946,0.1860283613204956,0.0007887581014074385,0.10123816132545471,0.08587497472763062,-0.022933904081583023,0.08994898200035095,0.0029255151748657227,-0.039421919733285904,0.1965678632259369,0.337175577878952,-0.001381564186885953,0.17248383164405823,0.1771707534790039,-0.025362422689795494,0.1525348722934723,0.07931545376777649,-0.044707249850034714,0.13437601923942566,0.0,-0.054850004613399506,0.25062277913093567,0.34506577253341675,-0.025591706857085228,0.2288280427455902,0.208385169506073,-0.040172118693590164,0.21473941206932068,0.12550675868988037,-0.04259194806218147,0.19717225432395935,0.05865973234176636,-0.043239228427410126
F,0.21456211805343628,0.6957710087299347,1.1660749521524849e-07,0.11966770887374878,0.6409904062747955,-0.024764275178313255,0.050974905490875244,0.5091216862201691,-0.03497517853975296,0.01442691683769226,0.39131084084510803,-0.04906341806054115,0.0,0.2877420485019684,-0.060956504195928574,0.10271579027175903,0.3945566713809967,0.02122446335852146,0.06549268960952759,0.308339923620224,-0.021299544721841812,0.04524773359298706,0.32232072949409485,-0.06100030243396759,0.0392073392868042,0.34987953305244446,-0.0803806260228157,0.14804202318191528,0.3522026240825653,0.011624474078416824,0.12056201696395874,0.18679723143577576,-0.007818300276994705,0.10182756185531616,0.087819904088974,-0.03041261062026024,0.08970540761947632,0.006073564291000366,-0.0456877164542675,0.20012891292572021,0.34003448486328125,-0.009242001920938492,0.17394083738327026,0.17802110314369202,-0.03354402258992195,0.15382248163223267,0.07971593737602234,-0.05178769305348396,0.13475841283798218,0.0,-0.06100453436374664,0.25523895025253296,0.34944555163383484,-0.033662766218185425,0.23153209686279297,0.21069160103797913,-0.04836784675717354,0.21668744087219238,0.12678617238998413,-0.049976009875535965,0.19818180799484253,0.060075610876083374,-0.049667999148368835
F,0.2155548334121704,0.700846940279007,1.0756695445479636e-07,0.11849606037139893,0.6395086944103241,-0.02398441918194294,0.051254093647003174,0.5062260329723358,-0.03427378088235855,0.014284789562225342,0.3889073431491852,-0.04914499819278717,0.0,0.28429606556892395,-0.061692021787166595,0.1067705750465393,0.39364078640937805,0.026210907846689224,0.0691370964050293,0.30933985114097595,-0.015777820721268654,0.046600282192230225,0.32695814967155457,-0.05621463060379028,0.038560450077056885,0.3552258312702179,-0.07624766230583191,0.15044015645980835,0.3527068793773651,0.01614372618496418,0.12348568439483643,0.18852797150611877,-0.002124438062310219,0.10405659675598145,0.08882483839988708,-0.024325169622898102,0.09162271022796631,0.005778104066848755,-0.0395667627453804,0.20170432329177856,0.3417758345603943,-0.005613354034721851,0.17516624927520752,0.1801612675189972,-0.028901247307658195,0.15362465381622314,0.08034023642539978,-0.0466984361410141,0.1341789960861206,0.0,-0.05577364191412926,0.25606769323349,0.35193124413490295,-0.031117811799049377,0.23299181461334229,0.21278128027915955,-0.0451650395989418,0.2178446650505066,0.12752777338027954,-0.04652484133839607,0.19961261749267578,0.06026953458786011,-0.046154238283634186
F,0.21706518530845642,0.6960984766483307,9.2362348880215e-08,0.12161341309547424,0.632940262556076,-0.025170719251036644,0.05459281802177429,0.5029701292514801,-0.0363214947283268,0.01729971170425415,0.38777777552604675,-0.05185868591070175,0.0,0.2840217649936676,-0.06462197005748749,0.11015108227729797,0.38788965344429016,0.023634301498532295,0.07192400097846985,0.29872122406959534,-0.02019481174647808,0.051429957151412964,0.3226413428783417,-0.060734834522008896,0.04697641730308533,0.35653844475746155,-0.08011622726917267,0.15473034977912903,0.3489522635936737,0.014308322221040726,0.1273340880870819,0.18362519145011902,-0.005308458581566811,0.10794517397880554,0.08564013242721558,-0.027639059349894524,0.09571132063865662,0.003608882427215576,-0.042888421565294266,0.20600458979606628,0.33905282616615295,-0.006930410861968994,0.18016043305397034,0.17697176337242126,-0.03128456324338913,0.15918883681297302,0.07921069860458374,-0.04944458603858948,0.1401078999042511,0.0,-0.05858321860432625,0.25966915488243103,0.34968188405036926,-0.0319107323884964,0.23668453097343445,0.2108038365840912,-0.046646587550640106,0.22148540616035461,0.12595126032829285,-0.048802461475133896,0.20293179154396057,0.05806306004524231,-0.04889934882521629
F,0.21712443232536316,0.7023755013942719,5.267581926204912e-08,0.12297818064689636,0.6376806199550629,-0.025516219437122345,0.057257384061813354,0.5069350302219391,-0.037975966930389404,0.01600247621536255,0.3933817446231842,-0.055248189717531204,0.0,0.28894010186195374,-0.0696859061717987,0.11400100588798523,0.39074698090553284,0.02381133660674095,0.07461610436439514,0.30593106150627136,-0.025339214131236076,0.05101171135902405,0.32990795373916626,-0.06982909888029099,0.04391416907310486,0.3648317754268646,-0.09098201245069504,0.1568678915500641,0.350980669260025,0.01401533093303442,0.12950631976127625,0.1860767900943756,-0.00866202637553215,0.10947474837303162,0.08732622861862183,-0.03172888979315758,0.0962744653224945,0.0025586187839508057,-0.04659751430153847,0.20874211192131042,0.34021976590156555,-0.00812559388577938,0.18188443779945374,0.17879560589790344,-0.03373417630791664,0.16103550791740417,0.08064323663711548,-0.050191134214401245,0.1419181525707245,0.0,-0.0573209673166275,0.26309046149253845,0.3511159121990204,-0.03439582139253616,0.23863419890403748,0.2110995054244995,-0.04855377599596977,0.2227059304714203,0.1266944706439972,-0.04857148602604866,0.20401248335838318,0.05939742922782898,-0.046460896730422974
F,0.22250306606292725,0.7126654386520386,1.5038573053516302e-08,0.13020813465118408,0.6455639600753784,-0.021188048645853996,0.06629759073257446,0.5187123417854309,-0.032825157046318054,0.021317124366760254,0.41274285316467285,-0.0497731938958168,0.0,0.31267207860946655,-0.06429924070835114,0.1257898211479187,0.4000973105430603,0.021235685795545578,0.07899254560470581,0.31880199909210205,-0.03131025284528732,0.04796034097671509,0.3427450954914093,-0.07693097740411758,0.0375329852104187,0.3783222436904907,-0.09773463755846024,0.166925311088562,0.3606105446815491,0.009519106708467007,0.13646024465560913,0.1932370960712433,-0.017901618033647537,0.1129380464553833,0.09245243668556213,-0.041328079998493195,0.09744846820831299,0.006928116083145142,-0.05444646254181862,0.21808946132659912,0.3492468595504761,-0.013606357388198376,0.18752247095108032,0.18345677852630615,-0.041714146733284,0.16590094566345215,0.08283218741416931,-0.05588624253869057,0.14609640836715698,0.0,-0.05948637053370476,0.2719959616661072,0.3601989150047302,-0.04036463797092438,0.24675768613815308,0.21677154302597046,-0.053817268460989,0.2311239242553711,0.13057321310043335,-0.050468865782022476,0.21301305294036865,0.061490148305892944,-0.04446282237768173
F,0.224370539188385,0.7236725091934204,-8.226073333617023e-08,0.13534939289093018,0.6468706727027893,-0.018219759687781334,0.07215481996536255,0.5186117887496948,-0.030138127505779266,0.022812068462371826,0.4196097254753113,-0.04845211282372475,0.0,0.320422887802124,-0.06409887969493866,0.13383209705352783,0.397258996963501,0.020923249423503876,0.08516758680343628,0.3122710883617401,-0.03491124510765076,0.0519101619720459,0.35741472244262695,-0.08173418790102005,0.04079782962799072,0.4117157459259033,-0.10184590518474579,0.17577821016311646,0.3618696331977844,0.008225503377616405,0.145982027053833,0.1957901120185852,-0.02016400918364525,0.12179207801818848,0.0966440737247467,-0.04108510911464691,0.1039968729019165,0.010226190090179443,-0.05158253759145737,0.22711974382400513,0.35311830043792725,-0.01603519357740879,0.19672733545303345,0.18570637702941895,-0.04345675930380821,0.17437320947647095,0.08471834659576416,-0.05328722298145294,0.15187418460845947,0.0,-0.05286313220858574,0.27933573722839355,0.3664601445198059,-0.043941933661699295,0.25238722562789917,0.2206832766532898,-0.05618833005428314,0.23585772514343262,0.13355693221092224,-0.049360375851392746,0.21643346548080444,0.06367212533950806,-0.039600349962711334
F,0.21992170810699463,0.7297618687152863,-1.829369864481123e-07,0.13363301753997803,0.6444946825504303,-0.007691441103816032,0.0727420449256897,0.5164375603199005,-0.015073221176862717,0.024596750736236572,0.420462042093277,-0.03107004053890705,0.0,0.3233020603656769,-0.04464096575975418,0.14555037021636963,0.39530953764915466,0.03556801378726959,0.09213107824325562,0.3160494267940521,-0.015289954841136932,0.05015993118286133,0.36210301518440247,-0.06181962415575981,0.03241240978240967,0.4155620038509369,-0.08283405750989914,0.18227851390838623,0.3648402988910675,0.01793430931866169,0.15108400583267212,0.19937047362327576,-0.004578745923936367,0.12391513586044312,0.10176044702529907,-0.024869795888662338,0.10430705547332764,0.014541476964950562,-0.036082834005355835,0.22824257612228394,0.35801348090171814,-0.010791557841002941,0.1963450312614441,0.18995851278305054,-0.033027417957782745,0.17099440097808838,0.0863080620765686,-0.042346708476543427,0.1482805609703064,0.0,-0.04279954358935356,0.27242106199264526,0.37097206711769104,-0.04266820475459099,0.24308550357818604,0.22340914607048035,-0.05123984441161156,0.22615796327590942,0.13671532273292542,-0.04267509654164314,0.20785510540008545,0.06601646542549133,-0.03252074122428894
F,0.22054171562194824,0.7281147539615631,-2.1772967784272623e-07,0.13184577226638794,0.6424333155155182,-0.003048397833481431,0.07280713319778442,0.5145663917064667,-0.009350144304335117,0.025635719299316406,0.4191940128803253,-0.025430239737033844,0.0,0.3238310217857361,-0.038993481546640396,0.1504243016242981,0.39117512106895447,0.040115900337696075,0.096851646900177,0.3122382164001465,-0.008223850280046463,0.0520092248916626,0.3559098541736603,-0.052984192967414856,0.031725943088531494,0.4089565575122833,-0.0728369727730751,0.1837012767791748,0.36295661330223083,0.020530806854367256,0.1523582935333252,0.19805756211280823,0.0001256018877029419,0.12342113256454468,0.09989923238754272,-0.017507115378975868,0.10295349359512329,0.01404881477355957,-0.02685314044356346,0.22610992193222046,0.35687732696533203,-0.009870383888483047,0.19481563568115234,0.18834921717643738,-0.029793811962008476,0.16788309812545776,0.08443722128868103,-0.03702380508184433,0.1451318860054016,0.0,-0.03624441474676132,0.2663331627845764,0.3707564175128937,-0.043280839920043945,0.239810049533844,0.22246882319450378,-0.04960213601589203,0.22257566452026367,0.13603198528289795,-0.03982221335172653,0.2044314742088318,0.06681451201438904,-0.029003851115703583
F,0.22402173280715942,0.7369150519371033,-2.5604606435081223e-07,0.13569962978363037,0.6484535932540894,0.0012187507236376405,0.07632690668106079,0.5153910517692566,-0.00413108617067337,0.028161704540252686,0.4185490608215332,-0.0203559510409832,0.0,0.3214302361011505,-0.034300971776247025,0.15708059072494507,0.38986408710479736,0.043434757739305496,0.10007816553115845,0.30883392691612244,-0.004854568280279636,0.05244225263595581,0.3554949164390564,-0.050192203372716904,0.03321343660354614,0.4116467833518982,-0.0706903487443924,0.19070404767990112,0.36484742164611816,0.02118206024169922,0.15664726495742798,0.19998380541801453,0.002256188541650772,0.12730401754379272,0.10116377472877502,-0.01437087170779705,0.10925620794296265,0.015694409608840942,-0.02380945160984993,0.23215019702911377,0.3624204397201538,-0.011822791770100594,0.20047521591186523,0.19055241346359253,-0.030530747026205063,0.1742260456085205,0.08448368310928345,-0.036078404635190964,0.1553993821144104,0.0,-0.03485739976167679,0.2701941728591919,0.3796479105949402,-0.047589659690856934,0.24264734983444214,0.22905856370925903,-0.05414501950144768,0.22412139177322388,0.13994517922401428,-0.04392675310373306,0.20742738246917725,0.06962564587593079,-0.032979950308799744
F,0.2181306779384613,0.7430212497711182,-2.495306716809864e-07,0.13006773591041565,0.6500588655471802,0.0017984093865379691,0.07392880320549011,0.5190548300743103,-0.003988755866885185,0.027557402849197388,0.4252883791923523,-0.021043267101049423,0.0,0.33136680722236633,-0.03607664257287979,0.15462049841880798,0.39346110820770264,0.04430216923356056,0.09725919365882874,0.3108174800872803,-0.0047914450988173485,0.047908931970596313,0.3520178198814392,-0.05137936398386955,0.02605566382408142,0.4053499698638916,-0.07253332436084747,0.18626585602760315,0.3685859441757202,0.02158133126795292,0.15353074669837952,0.20086514949798584,0.0024761694949120283,0.1229349672794342,0.1009589433670044,-0.014532899484038353,0.10334721207618713,0.016201049089431763,-0.02389179915189743,0.2270912230014801,0.3665165901184082,-0.011856034398078918,0.19645479321479797,0.1917712688446045,-0.029917540028691292,0.16928169131278992,0.08440238237380981,-0.035174641758203506,0.1497037708759308,0.0,-0.03370076045393944,0.2646676003932953,0.3847782611846924,-0.04821198433637619,0.2403952181339264,0.2338140606880188,-0.053490038961172104,0.22331508994102478,0.14362859725952148,-0.042600367218256,0.207454115152359,0.0721641480922699,-0.031222937628626823
F,0.21241772174835205,0.7465707063674927,-2.2156014267693536e-07,0.12395864725112915,0.6546599268913269,0.0011105929734185338,0.0692739486694336,0.5228325128555298,-0.004423694219440222,0.025307655334472656,0.42967498302459717,-0.021262384951114655,0.0,0.33794111013412476,-0.03623484820127487,0.1479552984237671,0.3957628011703491,0.04391144961118698,0.09096169471740723,0.3125086724758148,-0.0044324565678834915,0.04134631156921387,0.35044094920158386,-0.04990536347031593,0.019614040851593018,0.40283817052841187,-0.07006753236055374,0.17858052253723145,0.3694600462913513,0.021993132308125496,0.14743226766586304,0.2008998990058899,0.004839261062443256,0.11727499961853027,0.10037738084793091,-0.010230195708572865,0.09826761484146118,0.015309900045394897,-0.01824890449643135,0.21903717517852783,0.3666348457336426,-0.010798805393278599,0.18964499235153198,0.19211363792419434,-0.026718124747276306,0.1635977029800415,0.08474621176719666,-0.0313408300280571,0.14514052867889404,0.0,-0.030018825083971024,0.25705230236053467,0.3840738534927368,-0.04675202816724777,0.23519647121429443,0.23523277044296265,-0.05092795938253403,0.21917229890823364,0.14651501178741455,-0.04039481654763222,0.20429831743240356,0.07596588134765625,-0.029522590339183807
F,0.2065821886062622,0.7387763559818268,-2.1948095252355415e-07,0.11918103694915771,0.6517917215824127,-0.0014200815930962563,0.0643654465675354,0.5221563279628754,-0.008125195279717445,0.023944735527038574,0.42966923117637634,-0.025722753256559372,0.0,0.34031733870506287,-0.041959989815950394,0.1406337022781372,0.38975468277931213,0.040069833397865295,0.08539021015167236,0.3073814809322357,-0.009367466904222965,0.03706681728363037,0.3465034067630768,-0.0559067539870739,0.015339553356170654,0.3999594748020172,-0.07682761549949646,0.17175889015197754,0.3636959493160248,0.018888596445322037,0.14326375722885132,0.19658896327018738,0.0015617915196344256,0.11481237411499023,0.09663704037666321,-0.014649332500994205,0.09646111726760864,0.011419326066970825,-0.02416081726551056,0.2125633955001831,0.3619157373905182,-0.013269856572151184,0.1860790252685547,0.1875334084033966,-0.030301537364721298,0.1618494987487793,0.08270129561424255,-0.03710374981164932,0.14397621154785156,0.0,-0.037845101207494736,0.25136077404022217,0.38081344962120056,-0.04865133389830589,0.2305193543434143,0.2337062656879425,-0.054676901549100876,0.21591287851333618,0.14574918150901794,-0.04605161026120186,0.20166170597076416,0.0751861035823822,-0.03695287927985191
F,0.21278595924377441,0.7385808825492859,-2.0588312565905653e-07,0.12423920631408691,0.6527743935585022,-0.0007370433304458857,0.06909465789794922,0.5234447121620178,-0.007413357496261597,0.02646571397781372,0.43083447217941284,-0.02537916600704193,0.0,0.34043869376182556,-0.041786350309848785,0.14551937580108643,0.3905465006828308,0.04301140457391739,0.0879281759262085,0.3096488416194916,-0.006173360627144575,0.03916043043136597,0.3477892577648163,-0.0526273287832737,0.01733851432800293,0.4003034234046936,-0.0731189176440239,0.1764366626739502,0.36344659328460693,0.02182331494987011,0.14642959833145142,0.19839388132095337,0.006364041939377785,0.11786764860153198,0.09821817278862,-0.00810297578573227,0.09915626049041748,0.012408286333084106,-0.01633462682366371,0.2171207070350647,0.36049842834472656,-0.010635090060532093,0.18927383422851562,0.18714332580566406,-0.02561638504266739,0.16507261991500854,0.08244311809539795,-0.030360039323568344,0.14707237482070923,0.0,-0.02975892275571823,0.2556176781654358,0.3782361149787903,-0.04652266576886177,0.23483151197433472,0.2313753068447113,-0.05119017884135246,0.22040939331054688,0.14344877004623413,-0.04160131886601448,0.2062016725540161,0.07287868857383728,-0.031616222113370895
F,0.21573004126548767,0.7424211502075195,-1.8925916833723022e-07,0.12646248936653137,0.6544778943061829,-0.0018614941509440541,0.0706014335155487,0.522779107093811,-0.008713019080460072,0.02723833918571472,0.4271553158760071,-0.026753319427371025,0.0,0.3337570130825043,-0.043221741914749146,0.14417317509651184,0.3965710401535034,0.04349778592586517,0.08758917450904846,0.31325602531433105,-0.005732409656047821,0.03970327973365784,0.35457688570022583,-0.05259062722325325,0.0184190571308136,0.4104005694389343,-0.07345802336931229,0.17553099989891052,0.36848312616348267,0.02273893915116787,0.14663168787956238,0.201998770236969,0.007096894085407257,0.118243008852005,0.10148012638092041,-0.008794044144451618,0.10036477446556091,0.01597955822944641,-0.018341315910220146,0.2168436348438263,0.36474913358688354,-0.00941540952771902,0.189637690782547,0.1903117299079895,-0.02494240365922451,0.16508057713508606,0.0838175117969513,-0.03137499466538429,0.1469864547252655,0.0,-0.032017748802900314,0.25684431195259094,0.3813307285308838,-0.04499069228768349,0.2368544638156891,0.23270869255065918,-0.04997668415307999,0.22237947583198547,0.14297673106193542,-0.040988318622112274,0.2078264057636261,0.07210293412208557,-0.0316791906952858
F,0.2149701714515686,0.7377476096153259,-1.987426259120184e-07,0.12944436073303223,0.6465758085250854,-0.0030852099880576134,0.07345616817474365,0.5161359310150146,-0.011122174561023712,0.027373045682907104,0.4211329221725464,-0.02980155311524868,0.0,0.32800522446632385,-0.046699825674295425,0.1496654748916626,0.3888070583343506,0.03955785185098648,0.09353679418563843,0.30715954303741455,-0.011331341229379177,0.044663965702056885,0.3505217730998993,-0.05900858715176582,0.02259683609008789,0.40662288665771484,-0.08049071580171585,0.1817578673362732,0.36209791898727417,0.019529996439814568,0.15129977464675903,0.1964324414730072,0.0011614958057180047,0.12213528156280518,0.09692037105560303,-0.015526067465543747,0.1026495099067688,0.011904656887054443,-0.025364413857460022,0.2238864302635193,0.35915642976760864,-0.011704346165060997,0.19488894939422607,0.18654710054397583,-0.02842569909989834,0.1702955961227417,0.08243954181671143,-0.033314526081085205,0.1506306529045105,0.0,-0.03255718573927879,0.2643126845359802,0.3757765293121338,-0.04648688808083534,0.2418256402015686,0.2275090217590332,-0.051526907831430435,0.22716695070266724,0.13912424445152283,-0.04147173464298248,0.21143800020217896,0.06898847222328186,-0.031129684299230576
F,0.21228763461112976,0.7405430972576141,-2.3010120742128493e-07,0.12534204125404358,0.6470586359500885,-0.0003322056436445564,0.07038059830665588,0.5198639929294586,-0.00814305804669857,0.026084214448928833,0.4285060465335846,-0.027325797826051712,0.0,0.33551689982414246,-0.04467591270804405,0.150686115026474,0.3889797031879425,0.04136843606829643,0.09382107853889465,0.30676743388175964,-0.00877706054598093,0.04475662112236023,0.3530285656452179,-0.05649522691965103,0.022957563400268555,0.41159239411354065,-0.0783902183175087,0.1815565526485443,0.36371901631355286,0.019571270793676376,0.15042415261268616,0.19832196831703186,0.0023428834974765778,0.12143334746360779,0.09780570864677429,-0.014601179398596287,0.10288980603218079,0.010701775550842285,-0.02523823454976082,0.22215518355369568,0.3622995913028717,-0.013202682137489319,0.19222918152809143,0.18900254368782043,-0.029030058532953262,0.1672227680683136,0.08384150266647339,-0.034994859248399734,0.14872369170188904,0.0,-0.03571911156177521,0.2610166370868683,0.3805907070636749,-0.04929637908935547,0.23905524611473083,0.23311343789100647,-0.05408479645848274,0.22372153401374817,0.1441718339920044,-0.04465901479125023,0.20803013443946838,0.07289877533912659,-0.0352129302918911
F,0.2064703106880188,0.7349319159984589,-2.432848873468174e-07,0.1194918155670166,0.6473430097103119,0.0013928432017564774,0.06423407793045044,0.5244209468364716,-0.005227089859545231,0.022512435913085938,0.4385000765323639,-0.023448016494512558,0.0,0.35072264075279236,-0.04026678577065468,0.1406213641166687,0.3881475627422333,0.04178275167942047,0.08424478769302368,0.30720826983451843,-0.006793601904064417,0.03617501258850098,0.3518071472644806,-0.05363686382770538,0.013841867446899414,0.407660573720932,-0.07537535578012466,0.1711595058441162,0.3611907660961151,0.019015837460756302,0.14011013507843018,0.1961778700351715,0.0017920529935508966,0.11153322458267212,0.0961310863494873,-0.01605195365846157,0.09231865406036377,0.009754210710525513,-0.027247760444879532,0.21159547567367554,0.35851508378982544,-0.014256378635764122,0.18093985319137573,0.18620732426643372,-0.030482783913612366,0.15552347898483276,0.08287781476974487,-0.038446132093667984,0.13585609197616577,0.0,-0.04071725904941559,0.25066423416137695,0.37622591853141785,-0.05048951134085655,0.22817575931549072,0.23129278421401978,-0.05551212653517723,0.21282869577407837,0.1446937620639801,-0.04696960747241974,0.1966766119003296,0.07427430152893066,-0.038426436483860016
F,0.2073780596256256,0.7369875013828278,-2.3437971208295494e-07,0.12148895859718323,0.648666113615036,0.0016428438248112798,0.0671471655368805,0.5249897539615631,-0.005791192874312401,0.024844616651535034,0.4372629225254059,-0.0248459093272686,0.0,0.3472042679786682,-0.04246557131409645,0.14400461316108704,0.3922455608844757,0.03894752264022827,0.08156546950340271,0.31133800745010376,-0.011068729683756828,0.02975568175315857,0.361795574426651,-0.05869721621274948,0.007462650537490845,0.42341896891593933,-0.08074450492858887,0.17496255040168762,0.3661026060581207,0.016030604019761086,0.14262619614601135,0.19960033893585205,-0.0020838554482907057,0.11501243710517883,0.09844282269477844,-0.020248087123036385,0.09767284989356995,0.011542856693267822,-0.03170501068234444,0.21503952145576477,0.3632824718952179,-0.017134780064225197,0.18361982703208923,0.18916228413581848,-0.034248705953359604,0.15797194838523865,0.08335849642753601,-0.04232260212302208,0.13824543356895447,0.0,-0.04439806938171387,0.25318530201911926,0.3801857531070709,-0.05308227241039276,0.23062828183174133,0.2335224449634552,-0.05908245965838432,0.21607497334480286,0.14444872736930847,-0.05054635554552078,0.20004770159721375,0.07305622100830078,-0.04162560775876045
F,0.20269924402236938,0.7339888215065002,-2.476088809544308e-07,0.11662250757217407,0.6476161479949951,0.0037279946263879538,0.0632888674736023,0.5289409160614014,-0.00224041729234159,0.02247840166091919,0.4477871060371399,-0.019744277000427246,0.0,0.3649944067001343,-0.036003582179546356,0.1434720754623413,0.38915252685546875,0.03879448398947716,0.08173131942749023,0.3109709322452545,-0.009085833095014095,0.03038400411605835,0.3561156392097473,-0.05499245226383209,0.0071222782135009766,0.4121853709220886,-0.07627306878566742,0.173029363155365,0.36260920763015747,0.01523573137819767,0.13975214958190918,0.19638842344284058,-0.00342945521697402,0.11019182205200195,0.09644842147827148,-0.02130565233528614,0.09031718969345093,0.011048197746276855,-0.03205530717968941,0.21181172132492065,0.36004769802093506,-0.01801178604364395,0.18058764934539795,0.18748265504837036,-0.03530953451991081,0.15400564670562744,0.08301651477813721,-0.04350120574235916,0.1335047483444214,0.0,-0.04534618929028511,0.24772566556930542,0.37808412313461304,-0.05376267433166504,0.22655081748962402,0.23154351115226746,-0.058971550315618515,0.2110399603843689,0.14391079545021057,-0.05024068057537079,0.1944301724433899,0.07374346256256104,-0.041193246841430664
F,0.20860719680786133,0.7379065155982971,-2.5834580696937337e-07,0.12114036083221436,0.650700569152832,0.003990508150309324,0.06798118352890015,0.5295411348342896,-0.0012198175536468625,0.026306629180908203,0.44693654775619507,-0.018004560843110085,0.0,0.3635329604148865,-0.03349074721336365,0.14728844165802002,0.39456707239151,0.03936641663312912,0.08315163850784302,0.3123401999473572,-0.008542085066437721,0.02952820062637329,0.3600333333015442,-0.054758671671152115,0.003746718168258667,0.4191586375236511,-0.07619835436344147,0.17663419246673584,0.3677763342857361,0.016028203070163727,0.1423603892326355,0.20049330592155457,-0.0029174352530390024,0.11368238925933838,0.09983822703361511,-0.021906942129135132,0.09472203254699707,0.013404935598373413,-0.03333266079425812,0.21525418758392334,0.36423665285110474,-0.016878174617886543,0.18212342262268066,0.19175776839256287,-0.034490201622247696,0.15521687269210815,0.08506494760513306,-0.04413922131061554,0.13453298807144165,0.0,-0.04682444408535957,0.2513466477394104,0.3802281618118286,-0.05216636508703232,0.22824817895889282,0.23363375663757324,-0.057638272643089294,0.21259695291519165,0.14543509483337402,-0.04938526824116707,0.19615232944488525,0.07476460933685303,-0.040597133338451385
F,0.211660236120224,0.7387723922729492,-2.5227632249880116e-07,0.12428852915763855,0.6510520577430725,0.0055912090465426445,0.0700702965259552,0.5294540524482727,0.000888565497007221,0.027104079723358154,0.44712400436401367,-0.015746591612696648,0.0,0.36381638050079346,-0.031207920983433723,0.14781132340431213,0.39180880784988403,0.041572269052267075,0.08562973141670227,0.3128603398799896,-0.006329771131277084,0.03206571936607361,0.3570214509963989,-0.05265083909034729,0.005442768335342407,0.4120730757713318,-0.07403626292943954,0.17770448327064514,0.36587679386138916,0.017179833725094795,0.14479956030845642,0.19810420274734497,-0.0004413514107000083,0.11480316519737244,0.0974283516407013,-0.017715003341436386,0.09393236041069031,0.01143220067024231,-0.028045833110809326,0.21696767210960388,0.36382830142974854,-0.016973452642560005,0.18610146641731262,0.18872031569480896,-0.03331180289387703,0.1601339876651764,0.08329364657402039,-0.040890634059906006,0.13988390564918518,0.0,-0.04236293584108353,0.25379905104637146,0.38129639625549316,-0.05355994403362274,0.23245391249656677,0.23337149620056152,-0.05851759389042854,0.21711578965187073,0.14497703313827515,-0.04950238764286041,0.20051094889640808,0.07406246662139893,-0.04016301408410072
F,0.21378928422927856,0.7373819053173065,-2.5479309329057287e-07,0.12729734182357788,0.6473913490772247,0.0031798663549125195,0.07076090574264526,0.5232132375240326,-0.002317525912076235,0.02663448452949524,0.4378030002117157,-0.01889658346772194,0.0,0.3509381115436554,-0.03413921967148781,0.15075284242630005,0.38877734541893005,0.03740779310464859,0.08871465921401978,0.3108785152435303,-0.010820618830621243,0.03472417593002319,0.35654541850090027,-0.05732017010450363,0.0071659088134765625,0.4118560254573822,-0.07900460064411163,0.1808406114578247,0.36399075388908386,0.014364376664161682,0.14894211292266846,0.19535118341445923,-0.003347974270582199,0.11911392211914062,0.09645852446556091,-0.020490756258368492,0.09831809997558594,0.011298686265945435,-0.030972158536314964,0.22035551071166992,0.362481027841568,-0.018369002267718315,0.1900256872177124,0.1870313584804535,-0.03480561450123787,0.16415399312973022,0.08286640048027039,-0.04190658777952194,0.1439725160598755,0.0,-0.04319007694721222,0.25757962465286255,0.37996670603752136,-0.053675465285778046,0.23552930355072021,0.2306683361530304,-0.058726757764816284,0.2205854058265686,0.14271754026412964,-0.04920478165149689,0.2045208215713501,0.0722937285900116,-0.03959991782903671
F,0.2155640423297882,0.7417034208774567,-2.6268065766998916e-07,0.12879422307014465,0.648370772600174,0.003224867396056652,0.07242348790168762,0.5236723124980927,-0.002909068251028657,0.026915311813354492,0.4363274872303009,-0.020607035607099533,0.0,0.34651151299476624,-0.0368855819106102,0.15309825539588928,0.38887819647789,0.04017119109630585,0.09193423390388489,0.3088820278644562,-0.008920213207602501,0.03933873772621155,0.3551017940044403,-0.05627590790390968,0.013957351446151733,0.4120093882083893,-0.07842148840427399,0.18375316262245178,0.36440232396125793,0.01680593565106392,0.15186700224876404,0.19578462839126587,-0.0006740100798197091,0.12126216292381287,0.09751033782958984,-0.017994599416851997,0.10005614161491394,0.013277918100357056,-0.028726831078529358,0.22425618767738342,0.36339953541755676,-0.01660986989736557,0.19429627060890198,0.1873944103717804,-0.032441042363643646,0.16799750924110413,0.08269715309143066,-0.038890983909368515,0.14742377400398254,0.0,-0.03990225866436958,0.2620209753513336,0.38198235630989075,-0.052816689014434814,0.2408941090106964,0.23242971301078796,-0.057386115193367004,0.22536423802375793,0.14333128929138184,-0.0476037934422493,0.20880958437919617,0.07176747918128967,-0.03783196583390236
F,0.2187100052833557,0.7416808903217316,-2.461583505919407e-07,0.1313660740852356,0.6468336880207062,0.0015169827966019511,0.07362854480743408,0.5212613642215729,-0.005278503056615591,0.026929587125778198,0.43109866976737976,-0.023499133065342903,0.0,0.3391270637512207,-0.04009319841861725,0.15371811389923096,0.3903701603412628,0.04129510000348091,0.09357064962387085,0.3088618814945221,-0.007921235635876656,0.04231750965118408,0.35600948333740234,-0.05546920746564865,0.018536090850830078,0.413941353559494,-0.07760408520698547,0.18482482433319092,0.36537906527519226,0.019025739282369614,0.15388178825378418,0.19641485810279846,0.002195267006754875,0.12446928024291992,0.09723770618438721,-0.015119212679564953,0.10488790273666382,0.011626094579696655,-0.026088712736964226,0.22571545839309692,0.3633732497692108,-0.013658616691827774,0.195639967918396,0.18770524859428406,-0.0291121993213892,0.16998088359832764,0.08302846550941467,-0.0357971228659153,0.14994829893112183,0.0,-0.03710782900452614,0.26466161012649536,0.3804597556591034,-0.049307432025671005,0.24345403909683228,0.23159131407737732,-0.053290121257305145,0.2284964919090271,0.14322850108146667,-0.04335659742355347,0.2124805450439453,0.07228511571884155,-0.03367162123322487
F,0.2121272087097168,0.7414394915103912,-2.622348915792827e-07,0.12575870752334595,0.6479355990886688,0.0024611526168882847,0.0695846676826477,0.5235656201839447,-0.004037880338728428,0.024406760931015015,0.43627581000328064,-0.02213967777788639,0.0,0.34696513414382935,-0.03873470798134804,0.15064537525177002,0.38812223076820374,0.04174752160906792,0.09299570322036743,0.3083970844745636,-0.00670800032094121,0.041709065437316895,0.35312238335609436,-0.054013099521398544,0.01637396216392517,0.40745314955711365,-0.07645294815301895,0.18156170845031738,0.36302390694618225,0.018300291150808334,0.1502596139907837,0.19620612263679504,0.0014844791730865836,0.11998319625854492,0.09838998317718506,-0.015470223501324654,0.09873050451278687,0.015294760465621948,-0.026078352704644203,0.22248989343643188,0.361979216337204,-0.015491673722863197,0.19277453422546387,0.18740084767341614,-0.030690087005496025,0.16688621044158936,0.08249866962432861,-0.03617657721042633,0.14661192893981934,0.0,-0.0366838313639164,0.26085466146469116,0.3807351291179657,-0.05232493579387665,0.23959112167358398,0.23212018609046936,-0.05648501589894295,0.2243141531944275,0.14332231879234314,-0.046109914779663086,0.20803093910217285,0.07230520248413086,-0.03602202981710434
F,0.2159237265586853,0.7410120964050293,-2.4861517999852367e-07,0.12877535820007324,0.6494362950325012,0.0008053474011830986,0.07182168960571289,0.5245040059089661,-0.006727224215865135,0.02583169937133789,0.4351625442504883,-0.02577763982117176,0.0,0.34308600425720215,-0.04327557235956192,0.15105140209197998,0.38994866609573364,0.040666140615940094,0.0909838080406189,0.30898505449295044,-0.008634132333099842,0.03918147087097168,0.35408830642700195,-0.05605866387486458,0.014273971319198608,0.4106510877609253,-0.0782645046710968,0.18213695287704468,0.36448705196380615,0.01800183765590191,0.15168750286102295,0.1960994005203247,0.0008606149931438267,0.12206077575683594,0.09739157557487488,-0.016293151304125786,0.10212141275405884,0.012659966945648193,-0.027240753173828125,0.22291159629821777,0.36321312189102173,-0.015273206867277622,0.19444459676742554,0.18740737438201904,-0.0315014086663723,0.16940587759017944,0.08287972211837769,-0.03859098255634308,0.14954137802124023,0.0,-0.040336694568395615,0.26180583238601685,0.38189512491226196,-0.051580216735601425,0.24195390939712524,0.23366057872772217,-0.05705510824918747,0.22721487283706665,0.14503037929534912,-0.04843239486217499,0.21037858724594116,0.07326674461364746,-0.03978252410888672
F,0.21351122856140137,0.7421833872795105,-2.3982633479135984e-07,0.12633895874023438,0.6481202244758606,0.002146519022062421,0.07046186923980713,0.5231533646583557,-0.0049154022708535194,0.025910794734954834,0.43487364053726196,-0.02347792685031891,0.0,0.34450042247772217,-0.04070904850959778,0.15155506134033203,0.3903754949569702,0.039584070444107056,0.09217864274978638,0.3106438219547272,-0.009443309158086777,0.03920483589172363,0.3527226448059082,-0.056437086313962936,0.01282411813735962,0.4060784578323364,-0.07832243293523788,0.18290692567825317,0.3655240535736084,0.016320157796144485,0.15292000770568848,0.19646838307380676,-0.001556095783598721,0.12250250577926636,0.09774941205978394,-0.01856307126581669,0.1012413501739502,0.013512074947357178,-0.0288856141269207,0.22380387783050537,0.364607036113739,-0.017121819779276848,0.19533449411392212,0.18775981664657593,-0.03362727537751198,0.168923020362854,0.08242979645729065,-0.03971121460199356,0.14777600765228271,0.0,-0.040209174156188965,0.2620099186897278,0.38396304845809937,-0.053438831120729446,0.24194800853729248,0.23340898752212524,-0.05872833728790283,0.2269132137298584,0.14302390813827515,-0.04906073585152626,0.21000927686691284,0.07126796245574951,-0.03921327739953995
F,0.21238556504249573,0.7425526082515717,-2.5609645604163234e-07,0.12514731287956238,0.6502378284931183,0.002992436522617936,0.07032033801078796,0.5283900797367096,-0.003573077265173197,0.026444941759109497,0.4428499639034271,-0.021596627309918404,0.0,0.35511115193367004,-0.03814717009663582,0.14969423413276672,0.3913494050502777,0.03871357813477516,0.08684620261192322,0.31142333149909973,-0.011465388350188732,0.0322394073009491,0.3589162528514862,-0.05987861752510071,0.0059857964515686035,0.4180079996585846,-0.08251819759607315,0.17971184849739075,0.36614659428596497,0.015889989212155342,0.14914289116859436,0.1966588795185089,-0.002273301826789975,0.11943057179450989,0.09677368402481079,-0.02010151371359825,0.0992899239063263,0.011075645685195923,-0.031209712848067284,0.21986761689186096,0.3645181953907013,-0.016853317618370056,0.19128575921058655,0.1873864233493805,-0.03301199525594711,0.16606482863426208,0.08254224061965942,-0.03982150927186012,0.14650782942771912,0.0,-0.04104875028133392,0.2579316198825836,0.3832034766674042,-0.05234355852007866,0.23848840594291687,0.23458117246627808,-0.0569143109023571,0.2237008512020111,0.1458536982536316,-0.04704106226563454,0.20766571164131165,0.07487979531288147,-0.03711577132344246
F,0.21566292643547058,0.7404058277606964,-2.5381646651112533e-07,0.12871041893959045,0.6490944921970367,0.0016772146336734295,0.07225075364112854,0.524867981672287,-0.004768982995301485,0.027617305517196655,0.43799272179603577,-0.022278130054473877,0.0,0.3497216999530792,-0.038371991366147995,0.15142902731895447,0.3906807005405426,0.037587154656648636,0.0888613760471344,0.3113954961299896,-0.011964717879891396,0.03442010283470154,0.3573826849460602,-0.059884559363126755,0.006965726613998413,0.4149283468723297,-0.08234211802482605,0.18243852257728577,0.3651573956012726,0.015324479900300503,0.15226545929908752,0.1962430775165558,-0.002690473571419716,0.12257680296897888,0.09675508737564087,-0.02094530314207077,0.10183504223823547,0.01161852478981018,-0.032542433589696884,0.22270426154136658,0.36318495869636536,-0.016879823058843613,0.19425830245018005,0.18695023655891418,-0.03354468569159508,0.1682383120059967,0.08271533250808716,-0.04137633368372917,0.14707985520362854,0.0,-0.04338093101978302,0.2610948979854584,0.38117608428001404,-0.051818232983350754,0.2413453757762909,0.23209860920906067,-0.057003892958164215,0.22686561942100525,0.14348846673965454,-0.04791446402668953,0.21011409163475037,0.0718873143196106,-0.03874678164720535
F,0.21556416153907776,0.7405833303928375,-2.616988581394253e-07,0.127864271402359,0.6486360728740692,0.0026296675205230713,0.07226118445396423,0.5238605439662933,-0.002762200077995658,0.028163790702819824,0.4377100169658661,-0.019307127222418785,0.0,0.35068032145500183,-0.03441840782761574,0.1505993902683258,0.3905705511569977,0.03871613368391991,0.08841541409492493,0.31297066807746887,-0.011063700541853905,0.03379160165786743,0.35992565751075745,-0.05932885780930519,0.0058831870555877686,0.4179968535900116,-0.08176236599683762,0.18162867426872253,0.3648451268672943,0.016366269439458847,0.15211346745491028,0.19726678729057312,-0.001599733717739582,0.12221977114677429,0.09752893447875977,-0.019647270441055298,0.10143348574638367,0.012382209300994873,-0.030781526118516922,0.22237089276313782,0.3628762662410736,-0.015905044972896576,0.19456389546394348,0.18668177723884583,-0.03252720460295677,0.16865792870521545,0.08230018615722656,-0.03995742276310921,0.14786145091056824,0.0,-0.04126392677426338,0.2610393464565277,0.38041558861732483,-0.05086071416735649,0.24192455410957336,0.23142150044441223,-0.055961236357688904,0.22708192467689514,0.14262786507606506,-0.04643789306282997,0.21023878455162048,0.07117462158203125,-0.0365758091211319
F,0.21296465396881104,0.7376388311386108,-2.6814566922439553e-07,0.12575334310531616,0.646381676197052,0.003344039199873805,0.06960201263427734,0.5227028727531433,-0.001467796741053462,0.025958865880966187,0.43719738721847534,-0.01743524894118309,0.0,0.35044780373573303,-0.031942203640937805,0.1489737629890442,0.38665133714675903,0.0394696444272995,0.08701741695404053,0.3104802668094635,-0.008977752178907394,0.034203797578811646,0.3571792244911194,-0.05596700683236122,0.00865986943244934,0.4145950675010681,-0.07782287150621414,0.17993372678756714,0.36142492294311523,0.01700734533369541,0.14932936429977417,0.1948673129081726,-0.0006537829176522791,0.1186794638633728,0.09646469354629517,-0.01811205968260765,0.0967022180557251,0.012646257877349854,-0.02884240821003914,0.22021549940109253,0.35962069034576416,-0.01525182370096445,0.19178813695907593,0.1847568154335022,-0.03133489191532135,0.16561436653137207,0.08160296082496643,-0.03814273700118065,0.144447922706604,0.0,-0.0392245315015316,0.2578315734863281,0.37780648469924927,-0.050145599991083145,0.2378827929496765,0.22994670271873474,-0.054592784494161606,0.22286593914031982,0.1422753632068634,-0.04480563476681709,0.20623034238815308,0.07122164964675903,-0.03495249152183533
F,0.20983847975730896,0.7369016408920288,-2.7606009211922355e-07,0.12324932217597961,0.64634770154953,0.003655866952612996,0.06802603602409363,0.5257527828216553,-0.0009898330317810178,0.025428831577301025,0.44321268796920776,-0.017009878531098366,0.0,0.35884904861450195,-0.03149128705263138,0.14537140727043152,0.3868415951728821,0.04089164733886719,0.08464100956916809,0.3093798756599426,-0.00717924116179347,0.031540364027023315,0.35441160202026367,-0.05404720827937126,0.004600733518600464,0.4103037714958191,-0.07588420063257217,0.17600372433662415,0.3608754873275757,0.01790810003876686,0.14524635672569275,0.19410273432731628,0.00036632909905165434,0.11489102244377136,0.09632611274719238,-0.017288748174905777,0.0930682122707367,0.013275980949401855,-0.02808079682290554,0.2161048948764801,0.35824936628341675,-0.014947065152227879,0.18812784552574158,0.18383407592773438,-0.031166283413767815,0.16244831681251526,0.08107274770736694,-0.03848255053162575,0.14164629578590393,0.0,-0.039854418486356735,0.2540605366230011,0.375471830368042,-0.05044599622488022,0.23465093970298767,0.2280237078666687,-0.05514538660645485,0.2199098765850067,0.1406589150428772,-0.04573812335729599,0.2030961811542511,0.06985992193222046,-0.03611083701252937
F,0.21075844764709473,0.7349702715873718,-2.564750900546642e-07,0.12370669841766357,0.6459365487098694,0.003112209029495716,0.06806635856628418,0.5255379676818848,-0.0016376468120142817,0.02512335777282715,0.4420432448387146,-0.017450368031859398,0.0,0.35868871212005615,-0.03186994791030884,0.14666104316711426,0.3899642825126648,0.039374735206365585,0.08550083637237549,0.3127371370792389,-0.008078914135694504,0.03305220603942871,0.35672807693481445,-0.05442003160715103,0.007138609886169434,0.41183704137802124,-0.07603821903467178,0.17670536041259766,0.36305922269821167,0.01727505587041378,0.14576786756515503,0.19619864225387573,-0.00019158459326718003,0.11567431688308716,0.09754842519760132,-0.01806052029132843,0.09423637390136719,0.012912124395370483,-0.029061339795589447,0.21609413623809814,0.3592430353164673,-0.014476634562015533,0.18726712465286255,0.1852816641330719,-0.030605142936110497,0.16105157136917114,0.08226233720779419,-0.03851233050227165,0.13985377550125122,0.0,-0.04032916575670242,0.25355494022369385,0.37533998489379883,-0.04879358783364296,0.23406219482421875,0.2278473973274231,-0.05319424346089363,0.219568133354187,0.1408708691596985,-0.04396739602088928,0.2030976414680481,0.07023945450782776,-0.03463830053806305
F,0.21360203623771667,0.7360472679138184,-2.480579723851406e-07,0.1271108090877533,0.6467432975769043,0.00204421766102314,0.0717267096042633,0.5247942805290222,-0.0038799301255494356,0.02716967463493347,0.4407844543457031,-0.020684337243437767,0.0,0.35614633560180664,-0.03614279627799988,0.15030577778816223,0.38911962509155273,0.03654952347278595,0.0887819230556488,0.31258922815322876,-0.012157013639807701,0.0344366729259491,0.3562549948692322,-0.05864353105425835,0.006354570388793945,0.41104960441589355,-0.0800774022936821,0.18145057559013367,0.3630409836769104,0.014282463118433952,0.1512971818447113,0.19502916932106018,-0.004113331902772188,0.12118276953697205,0.09672930836677551,-0.020894376561045647,0.09939274191856384,0.013520121574401855,-0.030654804781079292,0.22194185853004456,0.3608872890472412,-0.0177227221429348,0.1947077214717865,0.18567311763763428,-0.03450439125299454,0.16899821162223816,0.08191719651222229,-0.04065936431288719,0.1473693549633026,0.0,-0.04077775031328201,0.25980308651924133,0.3789718747138977,-0.05243365094065666,0.24026528000831604,0.23038047552108765,-0.057594407349824905,0.22571125626564026,0.14211755990982056,-0.047664396464824677,0.20859482884407043,0.07116001844406128,-0.037329427897930145
F,0.21386194229125977,0.7372866868972778,-2.742723381743417e-07,0.12746495008468628,0.6448763608932495,0.0040330286137759686,0.07318174839019775,0.5226601362228394,-0.0011286480585113168,0.028595775365829468,0.43797367811203003,-0.017578383907675743,0.0,0.3514089584350586,-0.03255736827850342,0.1494637131690979,0.38808417320251465,0.03827826678752899,0.08650606870651245,0.3117560148239136,-0.011740347370505333,0.03186982870101929,0.3609235882759094,-0.05949532985687256,0.004827737808227539,0.42073190212249756,-0.08129759132862091,0.18073612451553345,0.36313962936401367,0.01565411500632763,0.15083420276641846,0.19518417119979858,-0.0022074466105550528,0.12041378021240234,0.09704279899597168,-0.018841421231627464,0.09847080707550049,0.013846397399902344,-0.028601475059986115,0.22195851802825928,0.36139702796936035,-0.016655627638101578,0.19472408294677734,0.18482166528701782,-0.03268952667713165,0.16942065954208374,0.08109286427497864,-0.03813040256500244,0.14830875396728516,0.0,-0.037836745381355286,0.2604847550392151,0.3791426420211792,-0.05155717581510544,0.24217194318771362,0.23065215349197388,-0.05638492852449417,0.22799056768417358,0.14191746711730957,-0.045898813754320145,0.2112267017364502,0.07035589218139648,-0.03490541875362396
F,0.21477681398391724,0.7377985119819641,-2.869599313726212e-07,0.12746965885162354,0.649425208568573,0.002646792447194457,0.07291215658187866,0.526627779006958,-0.002506884280592203,0.028465628623962402,0.4414997100830078,-0.018561789765954018,0.0,0.35570287704467773,-0.032921627163887024,0.14879846572875977,0.389411985874176,0.0364951528608799,0.08445590734481812,0.31250566244125366,-0.013668594881892204,0.030091196298599243,0.36255013942718506,-0.06092038378119469,0.004504024982452393,0.4242974519729614,-0.08209335803985596,0.17984884977340698,0.3633025288581848,0.015124157071113586,0.15009069442749023,0.1967323124408722,-0.003037137445062399,0.11878645420074463,0.09942784905433655,-0.0191034022718668,0.09580785036087036,0.016653060913085938,-0.028212420642375946,0.22053605318069458,0.3603479266166687,-0.015997406095266342,0.1942763328552246,0.1843850016593933,-0.03235417604446411,0.16829413175582886,0.08112689852714539,-0.03761480748653412,0.14631932973861694,0.0,-0.03694751113653183,0.2582244277000427,0.3778863549232483,-0.04976702108979225,0.24164175987243652,0.22911697626113892,-0.05434428155422211,0.22812896966934204,0.14024922251701355,-0.043712712824344635,0.212388813495636,0.06846442818641663,-0.03249717503786087
F,0.2150566577911377,0.7387299537658691,-2.526593334550853e-07,0.12771493196487427,0.6475204825401306,0.0032028895802795887,0.07296723127365112,0.5270086526870728,-0.0026255007833242416,0.02822864055633545,0.4432070851325989,-0.019334446638822556,0.0,0.3569425940513611,-0.034726161509752274,0.14885717630386353,0.3935583233833313,0.03453816473484039,0.08281832933425903,0.3178011476993561,-0.01615556888282299,0.028113365173339844,0.3653649687767029,-0.06378507614135742,0.0028148293495178223,0.42539727687835693,-0.08511185646057129,0.17991119623184204,0.36786580085754395,0.012734601274132729,0.15071040391921997,0.19800463318824768,-0.006424626335501671,0.12019592523574829,0.1000494658946991,-0.023306820541620255,0.09802865982055664,0.01727163791656494,-0.03265386074781418,0.22112810611724854,0.3641359210014343,-0.01844533160328865,0.19410645961761475,0.18509995937347412,-0.03594547137618065,0.16771501302719116,0.08113130927085876,-0.042075879871845245,0.14616847038269043,0.0,-0.04148488491773605,0.25966697931289673,0.3802005648612976,-0.052000559866428375,0.24192029237747192,0.2285674810409546,-0.05720722675323486,0.22859692573547363,0.13891857862472534,-0.046524763107299805,0.21347147226333618,0.06756412982940674,-0.034963320940732956
F,0.2158397138118744,0.7398898601531982,-2.982014564167912e-07,0.1275613009929657,0.6478459239006042,0.005984005983918905,0.07370015978813171,0.5280966758728027,0.0020973514765501022,0.030290275812149048,0.44754594564437866,-0.013083030469715595,0.002037137746810913,0.3655974864959717,-0.027061786502599716,0.14792630076408386,0.3896397352218628,0.03706932067871094,0.08008596301078796,0.3155519664287567,-0.012960433959960938,0.025085359811782837,0.36564427614212036,-0.06045675650238991,0.0,0.4268346428871155,-0.08184590190649033,0.17938366532325745,0.36420750617980957,0.014008990488946438,0.14642956852912903,0.19575092196464539,-0.004582256078720093,0.11391231417655945,0.0983930230140686,-0.021408697590231895,0.0895794928073883,0.016414552927017212,-0.030859878286719322,0.22116580605506897,0.36143559217453003,-0.01823394000530243,0.1926819384098053,0.18298423290252686,-0.03508975729346275,0.1658104956150055,0.08005902171134949,-0.04133601486682892,0.1438232958316803,0.0,-0.04109305888414383,0.25983700156211853,0.3788300156593323,-0.05264478549361229,0.24174317717552185,0.22844263911247253,-0.057695746421813965,0.2278479039669037,0.1390485167503357,-0.04724975675344467,0.21233931183815002,0.06701686978340149,-0.03591613844037056
F,0.21449562907218933,0.7387886047363281,-3.1811623557587154e-07,0.12593194842338562,0.6496554017066956,0.0072309174574911594,0.07336637377738953,0.534124493598938,0.004392705857753754,0.03263702988624573,0.4586803913116455,-0.009704193100333214,0.007983654737472534,0.38344883918762207,-0.02259669080376625,0.14751026034355164,0.38915860652923584,0.03633839264512062,0.07952567934989929,0.3146633505821228,-0.012410151772201061,0.024958282709121704,0.36450785398483276,-0.05833016335964203,0.0,0.4258629083633423,-0.07864747941493988,0.17780175805091858,0.3630228042602539,0.012980260886251926,0.14340344071388245,0.19446629285812378,-0.005656551569700241,0.10993984341621399,0.09772825241088867,-0.021598350256681442,0.08464810252189636,0.01800745725631714,-0.030057232826948166,0.2182876169681549,0.36019444465637207,-0.019290190190076828,0.19127395749092102,0.18153268098831177,-0.03635193035006523,0.1644066870212555,0.07887479662895203,-0.042765699326992035,0.1420929729938507,0.0,-0.042340464890003204,0.2551940381526947,0.377796471118927,-0.05351680889725685,0.23932984471321106,0.2274271845817566,-0.05888074263930321,0.22615447640419006,0.13774901628494263,-0.04904807358980179,0.21084341406822205,0.06604620814323425,-0.03800282999873161
F,0.21514171361923218,0.7394786775112152,-3.2097943858389044e-07,0.12854814529418945,0.6485958993434906,0.00496436282992363,0.07608449459075928,0.5318196713924408,0.00043387096957303584,0.032859236001968384,0.4543502628803253,-0.015048302710056305,0.006054818630218506,0.37467160820961,-0.029279449954628944,0.15150707960128784,0.38797643780708313,0.03389519453048706,0.08267104625701904,0.31389567255973816,-0.017817549407482147,0.026414602994918823,0.3645459711551666,-0.0668010413646698,0.0,0.42632821202278137,-0.08912484347820282,0.18218272924423218,0.3622104823589325,0.011363217607140541,0.14806002378463745,0.19430717825889587,-0.008335934951901436,0.11350506544113159,0.0982213020324707,-0.02612358145415783,0.0871846079826355,0.01876482367515564,-0.03626968711614609,0.2229282259941101,0.3603415787220001,-0.020319001749157906,0.19630903005599976,0.18143299221992493,-0.03808628395199776,0.16855621337890625,0.07899773120880127,-0.04511021450161934,0.14521485567092896,0.0,-0.04532874375581741,0.25983864068984985,0.37897393107414246,-0.05420450493693352,0.24506807327270508,0.2286364734172821,-0.06047876179218292,0.23154222965240479,0.13858792185783386,-0.05116572976112366,0.21512562036514282,0.06565678119659424,-0.04046760872006416
F,0.2212108075618744,0.740337073802948,-3.3359833651047666e-07,0.13340112566947937,0.6493411064147949,0.005031832028180361,0.0803423821926117,0.533100962638855,0.0002950101043097675,0.03777161240577698,0.45601963996887207,-0.01520951371639967,0.011063367128372192,0.37623536586761475,-0.029835158959031105,0.15677204728126526,0.3916241526603699,0.03185348957777023,0.08714351058006287,0.31704485416412354,-0.01885979436337948,0.029271453619003296,0.3639746308326721,-0.06717103719711304,0.0,0.42207950353622437,-0.08968232572078705,0.18752822279930115,0.36565452814102173,0.008579131215810776,0.1521412432193756,0.19741290807724,-0.012819583527743816,0.11598321795463562,0.10111576318740845,-0.032583776861429214,0.08728209137916565,0.022250443696975708,-0.044213153421878815,0.2280021607875824,0.3636592626571655,-0.023440593853592873,0.2019423544406891,0.18363702297210693,-0.043198470026254654,0.17404678463935852,0.08027291297912598,-0.05289112403988838,0.1496168076992035,0.0,-0.05511894077062607,0.26463475823402405,0.3822334408760071,-0.057324185967445374,0.25056514143943787,0.2315441370010376,-0.06513333320617676,0.2378917634487152,0.14102962613105774,-0.057524099946022034,0.22154375910758972,0.06720981001853943,-0.04850544035434723
F,0.2244354486465454,0.7419049441814423,-3.273507047651947e-07,0.13650977611541748,0.6505257785320282,0.005859066732227802,0.08244913816452026,0.5339601933956146,0.0013313873205333948,0.03770527243614197,0.4571240246295929,-0.014114082790911198,0.009076356887817383,0.3778875768184662,-0.02866309881210327,0.1604941487312317,0.3911265432834625,0.03217661753296852,0.08949857950210571,0.317977637052536,-0.019029954448342323,0.03019288182258606,0.36467692255973816,-0.06773150712251663,0.0,0.4230506718158722,-0.09023599326610565,0.19089394807815552,0.36530962586402893,0.00850079208612442,0.1561591625213623,0.19621995091438293,-0.012696734629571438,0.11970734596252441,0.1003560721874237,-0.031370386481285095,0.09084272384643555,0.02310529351234436,-0.04178242385387421,0.23125320672988892,0.36373332142829895,-0.02388022094964981,0.20600146055221558,0.18290594220161438,-0.04297918453812599,0.17824393510818481,0.07943660020828247,-0.05042574182152748,0.15449649095535278,0.0,-0.050681669265031815,0.26706141233444214,0.38330504298210144,-0.05821266770362854,0.2539222240447998,0.2319742739200592,-0.06540533155202866,0.24111104011535645,0.14103621244430542,-0.05613424628973007,0.22520363330841064,0.06763619184494019,-0.04542022943496704
F,0.22236260771751404,0.7423208057880402,-3.256162983689137e-07,0.13471409678459167,0.64809849858284,0.005689528770744801,0.08082327246665955,0.5285395681858063,0.0011241702595725656,0.03542408347129822,0.44823530316352844,-0.014517774805426598,0.006747335195541382,0.36455175280570984,-0.02903902716934681,0.15785202383995056,0.38909295201301575,0.035146892070770264,0.08742782473564148,0.31607261300086975,-0.01649084873497486,0.029018938541412354,0.363476425409317,-0.06553493440151215,0.0,0.422455757856369,-0.08796726167201996,0.18832477927207947,0.36368200182914734,0.011706706136465073,0.15413352847099304,0.19424107670783997,-0.009185641072690487,0.11720201373100281,0.09807920455932617,-0.027673713862895966,0.08816924691200256,0.020079195499420166,-0.038016051054000854,0.22918251156806946,0.3624573051929474,-0.020816342905163765,0.20401552319526672,0.18146046996116638,-0.039332661777734756,0.17633816599845886,0.07876113057136536,-0.04612128064036369,0.15264210104942322,0.0,-0.04598802328109741,0.2658744752407074,0.3820827901363373,-0.05544247478246689,0.25275734066963196,0.22999492287635803,-0.06171412765979767,0.2404085099697113,0.1388520896434784,-0.051950301975011826,0.22465571761131287,0.06515845656394958,-0.04097912833094597
F,0.22262340784072876,0.7406435906887054,-3.2617842293802823e-07,0.1352112889289856,0.6475621163845062,0.004413704387843609,0.08001869916915894,0.5280314981937408,-0.0007464785594493151,0.03286716341972351,0.44716373085975647,-0.016770943999290466,0.0033915936946868896,0.3631446659564972,-0.03159800544381142,0.15571832656860352,0.388264924287796,0.03358106687664986,0.08407169580459595,0.315841943025589,-0.017991086468100548,0.026635050773620605,0.3671484887599945,-0.06693138927221298,0.0,0.4289134442806244,-0.08952586352825165,0.18750500679016113,0.3628173768520355,0.01081001851707697,0.1533956527709961,0.19428619742393494,-0.009914989583194256,0.11678379774093628,0.09828513860702515,-0.028520328924059868,0.08834332227706909,0.01983863115310669,-0.03931954875588417,0.22893685102462769,0.36160072684288025,-0.021077455952763557,0.2039005160331726,0.1811164915561676,-0.03997444733977318,0.1760900616645813,0.07891196012496948,-0.04740174859762192,0.15199440717697144,0.0,-0.0479646660387516,0.26611989736557007,0.3817039430141449,-0.05505029484629631,0.25304847955703735,0.2307116687297821,-0.06207723170518875,0.24062824249267578,0.13998979330062866,-0.052912384271621704,0.2250111699104309,0.06598085165023804,-0.042494818568229675
F,0.22021308541297913,0.7405708134174347,-3.223936460017285e-07,0.13262119889259338,0.6482197940349579,0.005131961312144995,0.07807984948158264,0.5296331346035004,0.0005480097606778145,0.03249362111091614,0.45073482394218445,-0.014908486045897007,0.0038180649280548096,0.36930051445961,-0.0294509194791317,0.15465769171714783,0.3879220187664032,0.03416864573955536,0.08322110772132874,0.31763118505477905,-0.016750823706388474,0.026719123125076294,0.366098552942276,-0.06582901626825333,0.0,0.4252950847148895,-0.08879294246435165,0.186213880777359,0.361667662858963,0.011083410121500492,0.15120777487754822,0.19391587376594543,-0.009456776082515717,0.11468973755836487,0.09817829728126526,-0.02857789397239685,0.08609119057655334,0.020215332508087158,-0.0397382490336895,0.22806760668754578,0.3601919114589691,-0.02092287503182888,0.2019960582256317,0.180751770734787,-0.039412111043930054,0.17333486676216125,0.07878938317298889,-0.04718529060482979,0.14846190810203552,0.0,-0.04802798107266426,0.2654182016849518,0.3808237612247467,-0.05498620867729187,0.2514750063419342,0.23034316301345825,-0.06138700991868973,0.23830315470695496,0.139860600233078,-0.05205456167459488,0.22192463278770447,0.06577321887016296,-0.041662756353616714
F,0.2200654149055481,0.7389951646327972,-3.2791746207294636e-07,0.13244396448135376,0.6472219526767731,0.004615318961441517,0.07801550626754761,0.5298637449741364,-0.0002012228942476213,0.032573968172073364,0.45117494463920593,-0.015792062506079674,0.0038957595825195312,0.36982592940330505,-0.030332081019878387,0.15553396940231323,0.38671645522117615,0.03298277407884598,0.08444231748580933,0.3150903880596161,-0.01858793944120407,0.02728170156478882,0.3640013635158539,-0.06768059730529785,0.0,0.4236285984516144,-0.09051693230867386,0.18661540746688843,0.3610765039920807,0.010043258778750896,0.15223640203475952,0.19276583194732666,-0.011549262329936028,0.11596816778182983,0.09737077355384827,-0.030804229900240898,0.08757489919662476,0.019488275051116943,-0.04184842109680176,0.22823721170425415,0.35995712876319885,-0.021854067221283913,0.20318281650543213,0.1803165078163147,-0.041295431554317474,0.17514264583587646,0.07864770293235779,-0.049202464520931244,0.15074503421783447,0.0,-0.04994399473071098,0.2655865550041199,0.38050147891044617,-0.05581199377775192,0.2526407241821289,0.23030969500541687,-0.06297563761472702,0.2400875687599182,0.13984662294387817,-0.054003823548555374,0.22440218925476074,0.06599265336990356,-0.04371245577931404
F,0.21587249636650085,0.7413389980792999,-3.504544281440758e-07,0.12762776017189026,0.6497667729854584,0.004949307069182396,0.07355675101280212,0.5319192707538605,0.0004159508680459112,0.029928117990493774,0.45287254452705383,-0.015140170231461525,0.004078596830368042,0.3717288672924042,-0.029604366049170494,0.15023717284202576,0.3876136839389801,0.03478926047682762,0.08142533898353577,0.31346097588539124,-0.01606370508670807,0.026199132204055786,0.3614768087863922,-0.06437532603740692,0.0,0.42117634415626526,-0.08672118932008743,0.18180999159812927,0.36125805974006653,0.011272823438048363,0.14653870463371277,0.19295701384544373,-0.009804355911910534,0.10883882641792297,0.09802401065826416,-0.02910442277789116,0.07896903157234192,0.02112293243408203,-0.040260493755340576,0.22362986207008362,0.35954442620277405,-0.02127980627119541,0.19713082909584045,0.180720716714859,-0.04039539769291878,0.16827014088630676,0.07882237434387207,-0.0488835871219635,0.14323684573173523,0.0,-0.05019756034016609,0.2610715329647064,0.3800235688686371,-0.05590909346938133,0.24670103192329407,0.229893296957016,-0.06271322816610336,0.23288950324058533,0.139565110206604,-0.05404822900891304,0.2161419689655304,0.06607726216316223,-0.04421030357480049
F,0.2244221568107605,0.7408601939678192,-3.2512454595234885e-07,0.13394838571548462,0.6488754451274872,0.004223785363137722,0.0770723819732666,0.5252771079540253,-4.1112412873189896e-05,0.030030101537704468,0.44049593806266785,-0.015331568196415901,0.0,0.35453882813453674,-0.029542887583374977,0.1553700566291809,0.3861600458621979,0.03613540157675743,0.08493202924728394,0.31288209557533264,-0.015346679836511612,0.028253555297851562,0.36260613799095154,-0.0649571493268013,0.0005701780319213867,0.42245301604270935,-0.08797387778759003,0.18741315603256226,0.3604772388935089,0.01330863032490015,0.15332448482513428,0.19285708665847778,-0.006576555781066418,0.11662602424621582,0.09681105613708496,-0.025813434273004532,0.08763575553894043,0.01864314079284668,-0.037285007536411285,0.2293184995651245,0.3593609035015106,-0.01887720264494419,0.20323318243026733,0.1806909441947937,-0.036711685359478,0.17508184909820557,0.0786597728729248,-0.04430326074361801,0.15056347846984863,0.0,-0.045333508402109146,0.2666316628456116,0.3790881335735321,-0.05336515232920647,0.25205451250076294,0.2293398380279541,-0.059366483241319656,0.23907232284545898,0.13964736461639404,-0.04997800290584564,0.2229447364807129,0.06662949919700623,-0.03968138247728348
F,0.2249891757965088,0.7428359389305115,-2.925006867826596e-07,0.13655096292495728,0.6493719816207886,0.002195504726842046,0.07901281118392944,0.5225659012794495,-0.0030777265783399343,0.030456751585006714,0.4340835213661194,-0.018993547186255455,0.0,0.34530919790267944,-0.033637020736932755,0.1580151915550232,0.38873809576034546,0.03564067557454109,0.08967119455337524,0.31626686453819275,-0.015732593834400177,0.035446763038635254,0.36357712745666504,-0.06458438187837601,0.011264503002166748,0.42213618755340576,-0.08709418773651123,0.1908116340637207,0.3629336953163147,0.013663931749761105,0.15656501054763794,0.1951119601726532,-0.006272442638874054,0.12030595541000366,0.09797027707099915,-0.024541985243558884,0.09264206886291504,0.01797911524772644,-0.035191282629966736,0.2342151403427124,0.36168092489242554,-0.017963843420147896,0.2078537940979004,0.18243825435638428,-0.03630942851305008,0.18013399839401245,0.0799509584903717,-0.042598262429237366,0.15616238117218018,0.0,-0.0425172783434391,0.2736244797706604,0.3819591999053955,-0.05205203965306282,0.2588587999343872,0.23117104172706604,-0.05844779312610626,0.24647927284240723,0.1402493715286255,-0.04840734228491783,0.23137927055358887,0.06616795063018799,-0.03758755698800087
F,0.22515153884887695,0.7417055368423462,-3.2149256412594696e-07,0.13724875450134277,0.6499601006507874,0.001581772230565548,0.07969361543655396,0.5241612195968628,-0.003827042877674103,0.029897600412368774,0.4366905093193054,-0.019767941907048225,0.0,0.3477709889411926,-0.034358005970716476,0.16091227531433105,0.3865836262702942,0.03615821525454521,0.0926138162612915,0.3151661157608032,-0.01593412645161152,0.03582638502120972,0.35803037881851196,-0.06551815569400787,0.007813632488250732,0.4123842716217041,-0.08841051161289215,0.19302695989608765,0.36050504446029663,0.014353611506521702,0.15863847732543945,0.1936357021331787,-0.006050247233361006,0.1213841438293457,0.09766781330108643,-0.024341104552149773,0.09242624044418335,0.02035343647003174,-0.03475869446992874,0.23571312427520752,0.3597930669784546,-0.017315655946731567,0.2101157307624817,0.1814090609550476,-0.03631920367479324,0.1814122200012207,0.0791255533695221,-0.042705412954092026,0.15610897541046143,0.0,-0.042275480926036835,0.2738432288169861,0.3812675476074219,-0.05154220014810562,0.26039761304855347,0.23073488473892212,-0.05885544419288635,0.2467646598815918,0.13975682854652405,-0.049568358808755875,0.22955042123794556,0.06576815247535706,-0.03892426937818527
F,0.22528934478759766,0.7421389818191528,-3.2188947329814255e-07,0.1359696388244629,0.6483591198921204,0.004197977017611265,0.07830238342285156,0.5244141817092896,-0.000704731501173228,0.0290793776512146,0.43851637840270996,-0.01684202067553997,0.0,0.35036998987197876,-0.0319446325302124,0.16021424531936646,0.38661789894104004,0.038911279290914536,0.09072470664978027,0.3156818151473999,-0.012479315511882305,0.03371620178222656,0.3579704761505127,-0.062240131199359894,0.005411088466644287,0.411648154258728,-0.08550453931093216,0.19283515214920044,0.36037546396255493,0.015470588579773903,0.15818476676940918,0.19316056370735168,-0.004592228215187788,0.12078076601028442,0.09674909710884094,-0.02351827174425125,0.09155595302581787,0.019454985857009888,-0.03451794385910034,0.23533833026885986,0.35959988832473755,-0.017588643357157707,0.20965439081192017,0.181397944688797,-0.03585686907172203,0.18095582723617554,0.07893702387809753,-0.042469464242458344,0.1558048129081726,0.0,-0.0425470732152462,0.2730989456176758,0.381009578704834,-0.05303805693984032,0.2600586414337158,0.23165816068649292,-0.059715352952480316,0.2465376853942871,0.1409321427345276,-0.050231046974658966,0.22928673028945923,0.06693229079246521,-0.039648428559303284
F,0.22310614585876465,0.7383798360824585,-3.127771606159513e-07,0.13432025909423828,0.6461356282234192,0.002982058562338352,0.07648968696594238,0.5237526297569275,-0.0027508113998919725,0.027561962604522705,0.4375394582748413,-0.01952368952333927,0.0,0.34800973534584045,-0.03515907749533653,0.15723443031311035,0.38420337438583374,0.03780367970466614,0.0881921648979187,0.31347477436065674,-0.013322782702744007,0.03290495276451111,0.3554832935333252,-0.06219692528247833,0.006608903408050537,0.40836596488952637,-0.08497974276542664,0.19018268585205078,0.3572951555252075,0.014599482528865337,0.1546928882598877,0.190784752368927,-0.006170367822051048,0.1170198917388916,0.09546241164207458,-0.024920791387557983,0.08753985166549683,0.019169777631759644,-0.035691846162080765,0.23272961378097534,0.35628217458724976,-0.018316984176635742,0.20751935243606567,0.1787053346633911,-0.03767048940062523,0.17902308702468872,0.07785886526107788,-0.04425857961177826,0.1536821722984314,0.0,-0.04409907013177872,0.27050119638442993,0.3783392310142517,-0.05366063863039017,0.25817370414733887,0.22878196835517883,-0.06087886169552803,0.24543195962905884,0.13856619596481323,-0.05147886276245117,0.22888261079788208,0.06516358256340027,-0.04097391664981842
F,0.22240400314331055,0.7381886541843414,-3.199410230081412e-07,0.13342684507369995,0.6470098793506622,0.0027954948600381613,0.07688397169113159,0.5233395993709564,-0.002225706819444895,0.02899983525276184,0.43731454014778137,-0.018235860392451286,0.0,0.3497109115123749,-0.033137135207653046,0.1543217897415161,0.38595452904701233,0.038119927048683167,0.08557248115539551,0.31373339891433716,-0.013300497084856033,0.028810948133468628,0.3571852743625641,-0.06304793059825897,0.0005882382392883301,0.41232410073280334,-0.08636370301246643,0.18791383504867554,0.35773465037345886,0.01536403875797987,0.15415674448013306,0.19161924719810486,-0.004886129405349493,0.11693990230560303,0.09619864821434021,-0.024197356775403023,0.08781349658966064,0.020167946815490723,-0.03560958057641983,0.2308700680732727,0.3558368384838104,-0.017124628648161888,0.20752668380737305,0.17827948927879333,-0.03619667887687683,0.17925405502319336,0.07722878456115723,-0.04342234507203102,0.1538907289505005,0.0,-0.04381536319851875,0.2691304087638855,0.3772694766521454,-0.052065253257751465,0.2581598162651062,0.22783997654914856,-0.05923750624060631,0.24557000398635864,0.1378273367881775,-0.049997083842754364,0.22877055406570435,0.06463104486465454,-0.039670396596193314
F,0.22111093997955322,0.739386647939682,-3.371547450115031e-07,0.13225018978118896,0.6452656090259552,0.00447363406419754,0.07611531019210815,0.5225882232189178,0.0002777297922875732,0.02946794033050537,0.43752482533454895,-0.01495324820280075,0.00043708086013793945,0.3497110903263092,-0.029062805697321892,0.15636056661605835,0.38561931252479553,0.03777070343494415,0.08564138412475586,0.312002032995224,-0.0131784463301301,0.02797350287437439,0.36073043942451477,-0.06273014098405838,0.0,0.42033877968788147,-0.08601947873830795,0.18860340118408203,0.35899749398231506,0.014656679704785347,0.15368151664733887,0.19169244170188904,-0.005531161557883024,0.11615091562271118,0.09655919671058655,-0.025581009685993195,0.08732610940933228,0.01982206106185913,-0.0378124937415123,0.23057007789611816,0.3575427234172821,-0.017818579450249672,0.20648235082626343,0.17856493592262268,-0.0366608165204525,0.17763346433639526,0.07738125324249268,-0.04518042877316475,0.152152419090271,0.0,-0.046681374311447144,0.26844650506973267,0.3781317174434662,-0.05246514827013016,0.2564833164215088,0.22705242037773132,-0.059386756271123886,0.24346309900283813,0.136324942111969,-0.05069179832935333,0.2260543704032898,0.06276476383209229,-0.04092147946357727
F,0.22797203063964844,0.7405056655406952,-3.3362636031597503e-07,0.13744592666625977,0.6469318568706512,0.004258583765476942,0.0797763466835022,0.5215141475200653,-3.259317236370407e-05,0.030794650316238403,0.434238463640213,-0.015561635605990887,0.0,0.3452146351337433,-0.029982632026076317,0.160469651222229,0.386459082365036,0.039294976741075516,0.09070265293121338,0.31312528252601624,-0.011296113021671772,0.033451199531555176,0.35848650336265564,-0.0603935644030571,0.005384922027587891,0.41544005274772644,-0.08333328366279602,0.19359326362609863,0.3597134053707123,0.01586449332535267,0.15886574983596802,0.19271552562713623,-0.004046555608510971,0.12083745002746582,0.09708783030509949,-0.023457398638129234,0.0916563868522644,0.019973337650299072,-0.03510294482111931,0.23644202947616577,0.3585033118724823,-0.01717248000204563,0.21201789379119873,0.17975714802742004,-0.0359664186835289,0.18295741081237793,0.07799437642097473,-0.04372618347406387,0.15742987394332886,0.0,-0.04462290555238724,0.27472418546676636,0.3794254958629608,-0.0524914525449276,0.2624295949935913,0.2285195291042328,-0.05938119813799858,0.24893540143966675,0.137516051530838,-0.05039139837026596,0.2313617467880249,0.06385090947151184,-0.040413398295640945
F,0.22271999716758728,0.7371031939983368,-2.991502014992875e-07,0.133279949426651,0.6448219120502472,0.0016435061115771532,0.0765295922756195,0.5204280912876129,-0.0035941565874964,0.028515756130218506,0.43214067816734314,-0.019494609907269478,0.0,0.3430689871311188,-0.03425595909357071,0.15554258227348328,0.3865521252155304,0.03839701786637306,0.0884111225605011,0.31607192754745483,-0.012698720209300518,0.034816592931747437,0.3575296700000763,-0.06219254061579704,0.00974932312965393,0.4101230204105377,-0.08550801128149033,0.188705712556839,0.3587147295475006,0.016197336837649345,0.15468081831932068,0.1928095519542694,-0.004359369166195393,0.1175854504108429,0.09706062078475952,-0.024242717772722244,0.08888128399848938,0.019931286573410034,-0.03607429936528206,0.2318979799747467,0.3565644323825836,-0.01586541160941124,0.2074691355228424,0.1795715093612671,-0.03546622395515442,0.17876103520393372,0.07847851514816284,-0.043497614562511444,0.15366306900978088,0.0,-0.04446561634540558,0.2706797420978546,0.37731996178627014,-0.05040569603443146,0.25915631651878357,0.22806864976882935,-0.05791262537240982,0.24673959612846375,0.1379787027835846,-0.04933706670999527,0.2306089699268341,0.06404870748519897,-0.03966173157095909
F,0.21022766828536987,0.7372324764728546,-3.308708187432785e-07,0.12205159664154053,0.6466786563396454,0.0046519385650753975,0.0685071349143982,0.5278641879558563,0.000658139178995043,0.02538818120956421,0.4471401870250702,-0.014372770674526691,0.0,0.3651629388332367,-0.02823594957590103,0.1459578275680542,0.38597068190574646,0.03802596405148506,0.07938516139984131,0.3138502240180969,-0.01245946530252695,0.02637183666229248,0.3590926229953766,-0.06135709583759308,0.001841902732849121,0.4144841730594635,-0.0843137875199318,0.1783602237701416,0.35783901810646057,0.014384749345481396,0.14420169591903687,0.1915384829044342,-0.0065044499933719635,0.10697799921035767,0.09584182500839233,-0.026562275364995003,0.07787173986434937,0.01951625943183899,-0.0383419431746006,0.2207791805267334,0.3552417457103729,-0.01856309175491333,0.197071373462677,0.17772069573402405,-0.037761442363262177,0.16847068071365356,0.07723867893218994,-0.046137697994709015,0.14377683401107788,0.0,-0.047357890754938126,0.25901997089385986,0.3753557503223419,-0.053706761449575424,0.24836057424545288,0.2262047827243805,-0.06045553833246231,0.23573696613311768,0.1366260051727295,-0.05164249613881111,0.21950387954711914,0.06333610415458679,-0.04173935577273369
F,0.20845139026641846,0.7397555410861969,-3.5362450034881476e-07,0.12122392654418945,0.6498740017414093,0.0032288336660712957,0.06704360246658325,0.53113654255867,-0.0016561088850721717,0.02439969778060913,0.4516214430332184,-0.01749066449701786,0.0011354684829711914,0.3695273697376251,-0.03194211423397064,0.14614957571029663,0.38599351048469543,0.0357498973608017,0.0788692831993103,0.31127482652664185,-0.015580321662127972,0.02529120445251465,0.3598576486110687,-0.06482040137052536,0.0,0.4174410402774811,-0.08814463019371033,0.17887717485427856,0.3581084907054901,0.01233885157853365,0.1434820294380188,0.19363990426063538,-0.009744521230459213,0.10576438903808594,0.0973920226097107,-0.030778946354985237,0.07587265968322754,0.01928386092185974,-0.04341087117791176,0.221449613571167,0.35676518082618713,-0.020524492487311363,0.19655460119247437,0.18184047937393188,-0.04067071154713631,0.16813594102859497,0.07995304465293884,-0.050035905092954636,0.14298665523529053,0.0,-0.052134983241558075,0.25956642627716064,0.3778018653392792,-0.055739838629961014,0.247841477394104,0.22952544689178467,-0.0635220855474472,0.23488634824752808,0.13930395245552063,-0.055776938796043396,0.21805351972579956,0.06436270475387573,-0.04678930714726448
F,0.2059239149093628,0.7419136166572571,-3.582064493912185e-07,0.11941426992416382,0.6522208452224731,0.003962037153542042,0.06610614061355591,0.5338732600212097,-0.0013188363518565893,0.023536086082458496,0.4534854292869568,-0.01760856807231903,0.0,0.37084007263183594,-0.03254419192671776,0.1457793116569519,0.3895922303199768,0.03442820906639099,0.0786736011505127,0.3139052093029022,-0.016867462545633316,0.024963021278381348,0.3644781708717346,-0.06573889404535294,0.0008032917976379395,0.424579381942749,-0.08882167935371399,0.17859560251235962,0.3626624345779419,0.01080398354679346,0.14394408464431763,0.19727939367294312,-0.011608320288360119,0.10638248920440674,0.10093504190444946,-0.03234187513589859,0.07669901847839355,0.022293180227279663,-0.044811975210905075,0.22053349018096924,0.36102479696273804,-0.022025251761078835,0.19645512104034424,0.18389910459518433,-0.0421178974211216,0.1681985855102539,0.08101698756217957,-0.05142167955636978,0.1432816982269287,0.0,-0.05376145988702774,0.2579066753387451,0.3810567855834961,-0.057049669325351715,0.24773812294006348,0.23242953419685364,-0.0646701455116272,0.23564356565475464,0.14134526252746582,-0.05685952305793762,0.21981751918792725,0.06552433967590332,-0.04803445562720299
F,0.20814675092697144,0.7398289144039154,-3.383054831829213e-07,0.1223750114440918,0.649382621049881,0.0012481642188504338,0.0685495138168335,0.5310583412647247,-0.005668674595654011,0.024328261613845825,0.44744744896888733,-0.02341635338962078,0.0,0.3602028787136078,-0.039770860224962234,0.14855098724365234,0.3904784023761749,0.03340353071689606,0.08060848712921143,0.31259649991989136,-0.018092768266797066,0.026807427406311035,0.36278173327445984,-0.06716900318861008,0.0028237104415893555,0.4222343862056732,-0.09049671143293381,0.18060868978500366,0.363248735666275,0.010749433189630508,0.14596635103225708,0.1976306140422821,-0.011716645210981369,0.10930770635604858,0.10124394297599792,-0.03328628093004227,0.08111923933029175,0.022434204816818237,-0.04661312326788902,0.22185629606246948,0.36109432578086853,-0.02137674391269684,0.19697582721710205,0.18411579728126526,-0.04215927794575691,0.16880887746810913,0.08095186948776245,-0.052773747593164444,0.1437448263168335,0.0,-0.05609598383307457,0.2599005699157715,0.37999191880226135,-0.05587555468082428,0.25028491020202637,0.23090702295303345,-0.06440233439207077,0.23919838666915894,0.13956204056739807,-0.05777451768517494,0.2236320972442627,0.06434303522109985,-0.04989137873053551
F,0.2133236527442932,0.736749529838562,-3.1770434816280613e-07,0.12821435928344727,0.6497021317481995,-0.0011515961959958076,0.07310324907302856,0.5321963429450989,-0.009133338928222656,0.026204675436019897,0.44867199659347534,-0.027388913556933403,0.0,0.3607451915740967,-0.044270746409893036,0.15156549215316772,0.3889496922492981,0.030157001689076424,0.08311158418655396,0.3114602267742157,-0.021762603893876076,0.027887046337127686,0.3589450716972351,-0.07069654017686844,0.0023865699768066406,0.4162912368774414,-0.09393174201250076,0.18417513370513916,0.3604043126106262,0.008771982975304127,0.14986824989318848,0.19527941942214966,-0.013937109149992466,0.11348241567611694,0.09988129138946533,-0.034637339413166046,0.08518987894058228,0.0213814377784729,-0.04727910831570625,0.22575968503952026,0.35751670598983765,-0.022157207131385803,0.20212888717651367,0.18226736783981323,-0.042851004749536514,0.17451822757720947,0.08046424388885498,-0.05226363614201546,0.14913618564605713,0.0,-0.05478189140558243,0.26389777660369873,0.37688887119293213,-0.05570948123931885,0.25462520122528076,0.22894889116287231,-0.06410916149616241,0.2438947558403015,0.13856738805770874,-0.05691306293010712,0.2281997799873352,0.0636218786239624,-0.048594217747449875
F,0.2159672975540161,0.7360738217830658,-3.305729876501573e-07,0.1300106644630432,0.6465269029140472,0.0016931492136791348,0.07492905855178833,0.5276454985141754,-0.004727659747004509,0.02801668643951416,0.4434414207935333,-0.02168220840394497,0.0,0.3564043343067169,-0.03738242760300636,0.1554245948791504,0.38876304030418396,0.03145334869623184,0.08496624231338501,0.31328344345092773,-0.02030516229569912,0.028065115213394165,0.36199191212654114,-0.06930486112833023,0.0014723241329193115,0.42047467827796936,-0.0923699215054512,0.18773460388183594,0.3610556423664093,0.00912533886730671,0.15320241451263428,0.19451481103897095,-0.013487961143255234,0.11666887998580933,0.0992250144481659,-0.03373527526855469,0.08846032619476318,0.02204844355583191,-0.045680321753025055,0.22913062572479248,0.3586553633213043,-0.022434910759329796,0.2058923840522766,0.1814216673374176,-0.04309959337115288,0.1781654953956604,0.07925522327423096,-0.05186261609196663,0.15325862169265747,0.0,-0.053372371941804886,0.26650094985961914,0.3783242404460907,-0.05629250779747963,0.2564796209335327,0.22877731919288635,-0.06452970951795578,0.24492740631103516,0.13782888650894165,-0.05662860348820686,0.22873681783676147,0.0635727047920227,-0.04736679047346115
F,0.22060564160346985,0.7405216991901398,-3.3484724326626747e-07,0.13342991471290588,0.6496181786060333,0.0031989251729100943,0.07818582653999329,0.5279804170131683,-0.002696349285542965,0.030174046754837036,0.4440514147281647,-0.019599003717303276,0.0,0.35808661580085754,-0.03544589877128601,0.15776541829109192,0.3895755708217621,0.03391053527593613,0.08558723330497742,0.3156980276107788,-0.017714012414216995,0.02868691086769104,0.3648858368396759,-0.067034512758255,0.0025261640548706055,0.42517343163490295,-0.09024347364902496,0.19030675292015076,0.36234697699546814,0.010825119912624359,0.1551150381565094,0.19668668508529663,-0.010892831720411777,0.11865779757499695,0.10180646181106567,-0.030741384252905846,0.09116122126579285,0.024394750595092773,-0.042392879724502563,0.23214444518089294,0.36116692423820496,-0.021552858874201775,0.2083912193775177,0.18317487835884094,-0.0416322723031044,0.17973139882087708,0.08000919222831726,-0.05025192350149155,0.1547175943851471,0.0,-0.051786262542009354,0.2694779336452484,0.3821862041950226,-0.056161344051361084,0.2602771818637848,0.2326870858669281,-0.06451453268527985,0.2484935224056244,0.14071637392044067,-0.05671891197562218,0.23276659846305847,0.06485676765441895,-0.04749361425638199
F,0.22337573766708374,0.7346556484699249,-3.0394102168429527e-07,0.1358417272567749,0.6427477896213531,0.001518617500551045,0.07913076877593994,0.5233824551105499,-0.005546778906136751,0.029547780752182007,0.4397867023944855,-0.02343667298555374,0.0,0.3520188629627228,-0.04035363718867302,0.15964388847351074,0.3848433196544647,0.03394446521997452,0.08787477016448975,0.31418830156326294,-0.01774168200790882,0.03010380268096924,0.3579793870449066,-0.06747966259717941,0.0016335248947143555,0.41205719113349915,-0.0912184938788414,0.1921759843826294,0.35670194029808044,0.01122218556702137,0.15614283084869385,0.19221892952919006,-0.010797436349093914,0.11817342042922974,0.09733298420906067,-0.03098100982606411,0.08877646923065186,0.02143275737762451,-0.04288052022457123,0.23444843292236328,0.3552727997303009,-0.02100302092730999,0.20964348316192627,0.1793118417263031,-0.04150591418147087,0.18036043643951416,0.07794168591499329,-0.0492778904736042,0.154790997505188,0.0,-0.04997386410832405,0.2719392776489258,0.37636902928352356,-0.055659759789705276,0.2618904113769531,0.22741606831550598,-0.0639447569847107,0.2502676844596863,0.1362656056880951,-0.05541810020804405,0.23434209823608398,0.06162935495376587,-0.04555736854672432
F,0.2224428951740265,0.7387839555740356,-3.0961527386352827e-07,0.13509151339530945,0.6482895016670227,0.0023330210242420435,0.07858207821846008,0.526993989944458,-0.004106383770704269,0.02883949875831604,0.44112706184387207,-0.02148648537695408,0.0,0.35162878036499023,-0.03787573426961899,0.1571342647075653,0.3931432366371155,0.03498165309429169,0.08779981732368469,0.319352924823761,-0.016194133087992668,0.031510502099990845,0.36441701650619507,-0.06480113416910172,0.004949480295181274,0.42131948471069336,-0.08758708089590073,0.19002112746238708,0.3639413118362427,0.011932134628295898,0.15515747666358948,0.19711783528327942,-0.010227944701910019,0.11797729134559631,0.10149845480918884,-0.03010503388941288,0.08998563885688782,0.023814499378204346,-0.04162029176950455,0.23254480957984924,0.36108285188674927,-0.02063203789293766,0.20867237448692322,0.18349754810333252,-0.041827715933322906,0.1798403561115265,0.0801866352558136,-0.05061366781592369,0.15496358275413513,0.0,-0.051744602620601654,0.270620197057724,0.3810996413230896,-0.05540049821138382,0.2600618302822113,0.229629784822464,-0.06386906653642654,0.24809029698371887,0.13747742772102356,-0.055636607110500336,0.23233744502067566,0.06262114644050598,-0.046097055077552795
F,0.21961939334869385,0.7355364561080933,-2.719002623052802e-07,0.13284021615982056,0.6460617780685425,-0.0018151135882362723,0.07518535852432251,0.5235507488250732,-0.009291409514844418,0.025534749031066895,0.4351235628128052,-0.02692071907222271,0.0,0.34424012899398804,-0.04359176754951477,0.15434056520462036,0.39313793182373047,0.03511635214090347,0.09120440483093262,0.3208076059818268,-0.016636354848742485,0.03883087635040283,0.3571844696998596,-0.0661824643611908,0.01203310489654541,0.40511906147003174,-0.08985093235969543,0.18850135803222656,0.36227595806121826,0.01355739962309599,0.1543198823928833,0.19690999388694763,-0.010306473821401596,0.11748123168945312,0.10036900639533997,-0.03289062902331352,0.08853399753570557,0.02224653959274292,-0.04618711397051811,0.2319754958152771,0.3585337996482849,-0.01795763149857521,0.2071027159690857,0.1839841604232788,-0.041191309690475464,0.17726647853851318,0.08112192153930664,-0.05261147767305374,0.15044164657592773,0.0,-0.05534643307328224,0.2713380455970764,0.3787432909011841,-0.05191962420940399,0.2605452537536621,0.2291187047958374,-0.06152688339352608,0.24948179721832275,0.1375373899936676,-0.05487668514251709,0.23428529500961304,0.0624445378780365,-0.04673907160758972
F,0.2194257378578186,0.7353924512863159,-2.748844565303443e-07,0.13203489780426025,0.6450730562210083,-0.0003247798013035208,0.07488369941711426,0.523503303527832,-0.007765249349176884,0.025422722101211548,0.43447989225387573,-0.025572748854756355,0.0,0.3426206707954407,-0.042359113693237305,0.157353937625885,0.3935028314590454,0.03648297116160393,0.09584730863571167,0.3211272954940796,-0.015454751439392567,0.04369950294494629,0.35557252168655396,-0.06504524499177933,0.017360597848892212,0.40241706371307373,-0.08860193938016891,0.19149523973464966,0.3636363744735718,0.01412134524434805,0.15817731618881226,0.19780045747756958,-0.01020872127264738,0.1216050386428833,0.10086309909820557,-0.032679233700037,0.09292393922805786,0.022072911262512207,-0.045643605291843414,0.23511111736297607,0.3599400520324707,-0.01806863769888878,0.21136796474456787,0.183813214302063,-0.04149918630719185,0.18170881271362305,0.08096054196357727,-0.05198369175195694,0.15507471561431885,0.0,-0.05368081107735634,0.2744212746620178,0.38039082288742065,-0.052591472864151,0.26420527696609497,0.2292909324169159,-0.0617968887090683,0.2532673478126526,0.13760188221931458,-0.05421529337763786,0.23825788497924805,0.06244322657585144,-0.0451795868575573
F,0.21181610226631165,0.7319819033145905,-3.0604431344727345e-07,0.12621423602104187,0.6464709341526031,-0.001310525694862008,0.06978115439414978,0.5261662304401398,-0.008365847170352936,0.02261027693748474,0.43716469407081604,-0.02523054927587509,0.0,0.3474254012107849,-0.04110027477145195,0.14892670512199402,0.39545878767967224,0.03359651938080788,0.08872291445732117,0.3190092444419861,-0.017435269430279732,0.038445085287094116,0.35464951395988464,-0.06579388678073883,0.01416054368019104,0.4026707708835602,-0.08895625919103622,0.18352797627449036,0.3634887635707855,0.01210770383477211,0.15081754326820374,0.19735735654830933,-0.012959417887032032,0.11425456404685974,0.1011790931224823,-0.036318156868219376,0.08548453450202942,0.022790104150772095,-0.050233375281095505,0.22701296210289001,0.3581058084964752,-0.01887618750333786,0.2056352198123932,0.18355914950370789,-0.043353307992219925,0.17640909552574158,0.08148741722106934,-0.0560775026679039,0.14988812804222107,0.0,-0.05953420326113701,0.2665790021419525,0.3775999844074249,-0.05200735107064247,0.2583276927471161,0.22689667344093323,-0.06188316270709038,0.24783656001091003,0.1362476646900177,-0.055773716419935226,0.23309490084648132,0.061778753995895386,-0.04822157323360443
F,0.21108192205429077,0.7359194159507751,-2.832146321907203e-07,0.1258406639099121,0.6461837291717529,-0.00041767244692891836,0.07066142559051514,0.527193546295166,-0.00814320333302021,0.022905707359313965,0.43945544958114624,-0.0259871743619442,0.0,0.34752121567726135,-0.04276507347822189,0.14858263731002808,0.39531415700912476,0.034734949469566345,0.08468705415725708,0.3173619508743286,-0.018421048298478127,0.03405100107192993,0.35954898595809937,-0.06876873970031738,0.011779069900512695,0.41354167461395264,-0.09286694973707199,0.18591797351837158,0.3649449348449707,0.012515569105744362,0.15244579315185547,0.1979658007621765,-0.014079983346164227,0.11598825454711914,0.10097366571426392,-0.03884955495595932,0.0881693959236145,0.02134034037590027,-0.0537816546857357,0.2313287854194641,0.3611576557159424,-0.0193368848413229,0.21165025234222412,0.18446478247642517,-0.044487256556749344,0.18293428421020508,0.08205655217170715,-0.05725851282477379,0.15721219778060913,0.0,-0.06084052845835686,0.27186185121536255,0.3816181421279907,-0.05324387550354004,0.26448333263397217,0.23045885562896729,-0.06304843723773956,0.2546924352645874,0.13932743668556213,-0.05613500624895096,0.24081379175186157,0.06414461135864258,-0.047928836196660995
F,0.20819973945617676,0.7383572161197662,-2.9317274652385095e-07,0.12311947345733643,0.6503898203372955,-0.0009865396423265338,0.06975865364074707,0.5315962135791779,-0.008927620947360992,0.023336023092269897,0.44430646300315857,-0.027080653235316277,0.0,0.35306277871131897,-0.043670378625392914,0.14807969331741333,0.3990419805049896,0.03361263871192932,0.08342993259429932,0.31795233488082886,-0.019900288432836533,0.03503382205963135,0.35994240641593933,-0.06871473789215088,0.015701770782470703,0.4147091209888458,-0.09133150428533554,0.18370956182479858,0.3675108850002289,0.011587177403271198,0.1485394835472107,0.19993194937705994,-0.01609085686504841,0.11240023374557495,0.1028924286365509,-0.039091967046260834,0.08527642488479614,0.023211777210235596,-0.051960647106170654,0.22851121425628662,0.3628593385219574,-0.020302608609199524,0.20729148387908936,0.18743690848350525,-0.04613316431641579,0.1806151270866394,0.08407604694366455,-0.05693869665265083,0.15704059600830078,0.0,-0.05856284499168396,0.26905328035354614,0.38259533047676086,-0.054485708475112915,0.2611435651779175,0.23139360547065735,-0.06423743069171906,0.2513194680213928,0.13946813344955444,-0.05657896772027016,0.237756609916687,0.06316494941711426,-0.047469597309827805
F,0.20797455310821533,0.7380994260311127,-2.7640186317512416e-07,0.12248235940933228,0.6528489291667938,-0.0021381268743425608,0.06859767436981201,0.5345213711261749,-0.010287623852491379,0.02285933494567871,0.4484368860721588,-0.028253402560949326,0.0,0.3587436378002167,-0.04485484957695007,0.14776641130447388,0.3995231091976166,0.03198574110865593,0.08341032266616821,0.3208482563495636,-0.021537140011787415,0.03334003686904907,0.3588502109050751,-0.07074519246816635,0.011418581008911133,0.4094993770122528,-0.09372422844171524,0.1825428605079651,0.36722275614738464,0.010469067841768265,0.1473451852798462,0.1992495357990265,-0.01712123490869999,0.11115014553070068,0.10140833258628845,-0.04066992551088333,0.08439791202545166,0.02124476432800293,-0.05389712378382683,0.2271764874458313,0.3621891438961029,-0.02081638015806675,0.2065543532371521,0.18714189529418945,-0.04716216400265694,0.17887282371520996,0.08374446630477905,-0.05918765440583229,0.15475165843963623,0.0,-0.06154172122478485,0.2678492069244385,0.38182225823402405,-0.05437612906098366,0.26153314113616943,0.230869859457016,-0.06492286920547485,0.25197529792785645,0.1394568383693695,-0.05802605673670769,0.2383289337158203,0.06411466002464294,-0.049359314143657684
F,0.20953288674354553,0.7375964224338531,-2.8637515470109065e-07,0.12612268328666687,0.6515511572360992,-0.0025077504105865955,0.07205250859260559,0.5322729647159576,-0.01058402843773365,0.024191617965698242,0.44414952397346497,-0.02777339518070221,0.0,0.3523167669773102,-0.043704040348529816,0.15320494771003723,0.39780643582344055,0.03008587844669819,0.08658483624458313,0.3213615119457245,-0.023841993883252144,0.035457462072372437,0.36162278056144714,-0.07417423278093338,0.013979434967041016,0.41303399205207825,-0.09842606633901596,0.1891724169254303,0.3654007017612457,0.009032942354679108,0.1533627212047577,0.19845229387283325,-0.019028346985578537,0.11668530106544495,0.09965550899505615,-0.043854597955942154,0.08962681889533997,0.017708927392959595,-0.058874957263469696,0.23464855551719666,0.36198917031288147,-0.021555602550506592,0.21844980120658875,0.1873306930065155,-0.04829864948987961,0.19217517971992493,0.08499553799629211,-0.06090662255883217,0.16873708367347717,0.0,-0.06426867097616196,0.27554288506507874,0.38453879952430725,-0.05427060276269913,0.2707904279232025,0.2341899573802948,-0.06505269557237625,0.2617305815219879,0.14338970184326172,-0.05799226090312004,0.2479586899280548,0.06668436527252197,-0.04971181973814964
F,0.21020489931106567,0.7434754371643066,-3.1237411235451873e-07,0.12489044666290283,0.6576535105705261,-0.0008141067810356617,0.07099336385726929,0.5377160906791687,-0.00861686747521162,0.02365976572036743,0.4499908685684204,-0.02625432424247265,0.0,0.3587944209575653,-0.04267256706953049,0.15348559617996216,0.40210235118865967,0.032437242567539215,0.08606857061386108,0.32516705989837646,-0.02066776528954506,0.032824814319610596,0.3644683361053467,-0.07037609070539474,0.009869486093521118,0.4167425036430359,-0.09428837895393372,0.18858808279037476,0.3699037432670593,0.009959768503904343,0.15365785360336304,0.2034706473350525,-0.01721777208149433,0.11539387702941895,0.10493701696395874,-0.041086312383413315,0.08682823181152344,0.023889780044555664,-0.05531028285622597,0.23270010948181152,0.366773784160614,-0.022137369960546494,0.21528083086013794,0.19176077842712402,-0.04776066169142723,0.18824869394302368,0.08654487133026123,-0.05988920107483864,0.16480344533920288,0.0,-0.06333316117525101,0.2715435028076172,0.38970351219177246,-0.05644264444708824,0.2660885453224182,0.2405625283718109,-0.06731849908828735,0.2554627060890198,0.1485370397567749,-0.060719218105077744,0.24034422636032104,0.07041901350021362,-0.05284943804144859
F,0.20738741755485535,0.7382791340351105,-2.8115522354710265e-07,0.12217959761619568,0.6526517570018768,-0.002354104770347476,0.06887468695640564,0.5356422960758209,-0.01081785373389721,0.02336147427558899,0.4491824805736542,-0.028813639655709267,0.0,0.3589308559894562,-0.04546284303069115,0.14776429533958435,0.4006315767765045,0.03107048198580742,0.08281299471855164,0.32225847244262695,-0.022708304226398468,0.03276488184928894,0.3598525822162628,-0.07245531678199768,0.01148766279220581,0.40989986062049866,-0.09610835462808609,0.1834718883037567,0.36767658591270447,0.009494579397141933,0.14878401160240173,0.2011469304561615,-0.01832648552954197,0.11238160729408264,0.10219740867614746,-0.042578209191560745,0.08512166142463684,0.020699620246887207,-0.05681919306516647,0.22853896021842957,0.36349037289619446,-0.02183372527360916,0.21025350689888,0.18992745876312256,-0.04831668734550476,0.18375256657600403,0.08581265807151794,-0.06082180142402649,0.16040536761283875,0.0,-0.06409291177988052,0.26903781294822693,0.3847595751285553,-0.05542212352156639,0.26314762234687805,0.23577317595481873,-0.06679286062717438,0.2535077631473541,0.14424562454223633,-0.060534484684467316,0.23935219645500183,0.06633621454238892,-0.052625786513090134
F,0.2092401087284088,0.7335283756256104,-2.721759244650457e-07,0.1250036656856537,0.6480592489242554,-0.0033643010538071394,0.07020363211631775,0.5284402370452881,-0.012163575738668442,0.023287087678909302,0.4399440288543701,-0.030335530638694763,0.0,0.34758782386779785,-0.04733504727482796,0.15076938271522522,0.3951667547225952,0.03182047978043556,0.08863005042076111,0.31861186027526855,-0.021882595494389534,0.0391668975353241,0.3572902977466583,-0.07185028493404388,0.016843408346176147,0.4066218137741089,-0.09583410620689392,0.18784424662590027,0.36308592557907104,0.010321680456399918,0.1543392837047577,0.1982792615890503,-0.016646314412355423,0.11844649910926819,0.09976246953010559,-0.04102012887597084,0.09148862957954407,0.017758309841156006,-0.05592985078692436,0.23370769619941711,0.36085277795791626,-0.0213168878108263,0.2197062075138092,0.18863096833229065,-0.04787495732307434,0.19478759169578552,0.08503806591033936,-0.0614379346370697,0.17207267880439758,0.0,-0.0657685175538063,0.2746506631374359,0.3835328221321106,-0.05524935945868492,0.26803216338157654,0.23479798436164856,-0.06750845909118652,0.25820526480674744,0.1434873342514038,-0.06251448392868042,0.24353423714637756,0.06553271412849426,-0.05582486465573311
F,0.21025770902633667,0.7369373440742493,-2.8851061983914406e-07,0.12407451868057251,0.6543460488319397,-0.003314104862511158,0.06942242383956909,0.5342473983764648,-0.01127171702682972,0.022869229316711426,0.44563156366348267,-0.028508836403489113,0.0,0.354493111371994,-0.04419495910406113,0.14979630708694458,0.4024924635887146,0.031899698078632355,0.08828997611999512,0.32284826040267944,-0.021691037341952324,0.040665268898010254,0.35975807905197144,-0.07086022198200226,0.020124077796936035,0.40997934341430664,-0.09405764192342758,0.18573331832885742,0.36882537603378296,0.010987743735313416,0.15038365125656128,0.2030734419822693,-0.01752336509525776,0.11413681507110596,0.10395780205726624,-0.042080655694007874,0.08703500032424927,0.022170811891555786,-0.05629251152276993,0.2309805154800415,0.36379045248031616,-0.019850611686706543,0.2118220329284668,0.190252423286438,-0.04728849604725838,0.18491971492767334,0.0860055685043335,-0.06057625636458397,0.16115152835845947,0.0,-0.06400559842586517,0.2720286250114441,0.38391637802124023,-0.05294789373874664,0.26563847064971924,0.23422908782958984,-0.06439732760190964,0.2556203007698059,0.14336144924163818,-0.05845492705702782,0.24162828922271729,0.06738400459289551,-0.05080131068825722
F,0.20780736207962036,0.7368655204772949,-2.9984238381075556e-07,0.12307858467102051,0.6524465084075928,-0.002038707723841071,0.06891310214996338,0.5309303998947144,-0.009285753592848778,0.02268218994140625,0.4419515132904053,-0.026211753487586975,0.0,0.3511835038661957,-0.041614629328250885,0.15009552240371704,0.3994249105453491,0.03297872096300125,0.0867319107055664,0.31959810853004456,-0.02007543481886387,0.040027618408203125,0.359464168548584,-0.06862979382276535,0.021861732006072998,0.412315309047699,-0.09131184965372086,0.18568366765975952,0.36691516637802124,0.01148975733667612,0.1483609676361084,0.20046073198318481,-0.01605493202805519,0.11198538541793823,0.10263344645500183,-0.03969931975007057,0.08544576168060303,0.02191704511642456,-0.05322863534092903,0.23106324672698975,0.3624461889266968,-0.019875546917319298,0.20914703607559204,0.1879461705684662,-0.04629385843873024,0.18166816234588623,0.0848386287689209,-0.05834116041660309,0.158294677734375,0.0,-0.060903895646333694,0.27234458923339844,0.38270723819732666,-0.05351100489497185,0.26428282260894775,0.23159819841384888,-0.06404511630535126,0.2542273998260498,0.14049726724624634,-0.05736090987920761,0.2410869598388672,0.0646788477897644,-0.04913145303726196
F,0.20964068174362183,0.7373818457126617,-2.9718714245063893e-07,0.12451601028442383,0.6532502472400665,-0.0018720796797424555,0.06957453489303589,0.5314665138721466,-0.008992454037070274,0.022417455911636353,0.4419969618320465,-0.025683019310235977,0.0,0.3503960967063904,-0.04077323153614998,0.14859557151794434,0.4008340537548065,0.032558735460042953,0.08662527799606323,0.3191893696784973,-0.01968158408999443,0.03944152593612671,0.3606249988079071,-0.06721309572458267,0.020731627941131592,0.41610804200172424,-0.08924711495637894,0.18513458967208862,0.3679344952106476,0.011300815269351006,0.15043729543685913,0.20027872920036316,-0.01634022407233715,0.1148870587348938,0.10181191563606262,-0.03920598328113556,0.08873933553695679,0.020713448524475098,-0.05213691294193268,0.2305498719215393,0.36387744545936584,-0.019795892760157585,0.21316522359848022,0.189346581697464,-0.0464492030441761,0.18746697902679443,0.08548220992088318,-0.05835951119661331,0.16469883918762207,0.0,-0.060688119381666183,0.27119719982147217,0.38468244671821594,-0.05305027216672897,0.2653576135635376,0.23290640115737915,-0.0636259913444519,0.2561197876930237,0.14126887917518616,-0.056703485548496246,0.24296611547470093,0.06471371650695801,-0.04832076281309128
F,0.21327638626098633,0.7362677752971649,-2.662984570633853e-07,0.12732404470443726,0.6527387797832489,-0.002838717307895422,0.07173973321914673,0.5317601263523102,-0.010896346531808376,0.02313363552093506,0.4416508972644806,-0.028829151764512062,0.0,0.3493798077106476,-0.0452113002538681,0.15278923511505127,0.40100303292274475,0.034276384860277176,0.0901256799697876,0.3210454285144806,-0.018862856552004814,0.04235810041427612,0.3594070374965668,-0.0674404427409172,0.023104041814804077,0.41095152497291565,-0.08991439640522003,0.18823373317718506,0.3688288629055023,0.013036062940955162,0.15349972248077393,0.20133808255195618,-0.01396335382014513,0.11742806434631348,0.10322171449661255,-0.036868080496788025,0.09114181995391846,0.022809863090515137,-0.049695827066898346,0.23290061950683594,0.36400964856147766,-0.018455039709806442,0.21198230981826782,0.18840190768241882,-0.04443134367465973,0.18441730737686157,0.08458146452903748,-0.056036535650491714,0.16097348928451538,0.0,-0.05817841365933418,0.27327948808670044,0.38339129090309143,-0.052359770983457565,0.2663399577140808,0.23191401362419128,-0.0629703626036644,0.25740689039230347,0.13985943794250488,-0.05651312693953514,0.2450769543647766,0.0630602240562439,-0.048284515738487244
F,0.2164468765258789,0.7369397580623627,-2.8005797503283247e-07,0.12889575958251953,0.6516205966472626,-0.003264554077759385,0.07217758893966675,0.5306713879108429,-0.011544412933290005,0.02314525842666626,0.43979206681251526,-0.029641281813383102,0.0,0.34674403071403503,-0.04594128578901291,0.1517227292060852,0.4001164734363556,0.0343201607465744,0.09030652046203613,0.318588525056839,-0.019584087654948235,0.04394543170928955,0.36030927300453186,-0.06879300624132156,0.025789380073547363,0.41569116711616516,-0.09154146909713745,0.18878674507141113,0.3682888448238373,0.013530549593269825,0.1548091173171997,0.20135292410850525,-0.013890967704355717,0.11829602718353271,0.10384926199913025,-0.03727512061595917,0.0910254716873169,0.024121731519699097,-0.05049408599734306,0.23434686660766602,0.36298856139183044,-0.017562655732035637,0.2130843997001648,0.18704119324684143,-0.04319216310977936,0.184786856174469,0.08388477563858032,-0.05433807894587517,0.16030734777450562,0.0,-0.056274861097335815,0.27510660886764526,0.3818035423755646,-0.05117383226752281,0.2670607566833496,0.23082107305526733,-0.06100866571068764,0.2574803829193115,0.13894900679588318,-0.053965210914611816,0.24502992630004883,0.062216371297836304,-0.045381948351860046
F,0.2185400128364563,0.7360974252223969,-2.770160847376246e-07,0.13262838125228882,0.6476050317287445,-0.005656805355101824,0.07501715421676636,0.5249237716197968,-0.015514933504164219,0.023539841175079346,0.4305823743343353,-0.03488549962639809,0.0,0.3338913917541504,-0.05259839445352554,0.15573716163635254,0.3987925350666046,0.033348411321640015,0.09555631875991821,0.3167932331562042,-0.020759342238307,0.04963803291320801,0.3589377701282501,-0.0708584412932396,0.03147411346435547,0.41393235325813293,-0.0945923700928688,0.1941661238670349,0.367055743932724,0.01346422266215086,0.15963006019592285,0.20046654343605042,-0.012894698418676853,0.12329089641571045,0.10303252935409546,-0.03721672669053078,0.09609818458557129,0.02322867512702942,-0.05207264795899391,0.24063730239868164,0.36186012625694275,-0.016949612647294998,0.21821045875549316,0.1862007975578308,-0.04218509793281555,0.18958598375320435,0.08321622014045715,-0.054738543927669525,0.1638202667236328,0.0,-0.05837377533316612,0.282706618309021,0.38079532980918884,-0.050051432102918625,0.2741243243217468,0.22932961583137512,-0.06050577387213707,0.26439106464385986,0.1371363401412964,-0.05490260571241379,0.250549852848053,0.06056314706802368,-0.04790182784199715
F,0.21771758794784546,0.7384101748466492,-2.7837026550514565e-07,0.13160640001296997,0.6500219702720642,-0.0028609279543161392,0.07476335763931274,0.5269885063171387,-0.011340009048581123,0.024000585079193115,0.433326780796051,-0.02983294613659382,0.0,0.3374243378639221,-0.04662007465958595,0.1564105749130249,0.4015389680862427,0.03627921640872955,0.09686428308486938,0.3175133168697357,-0.016139930114150047,0.049206674098968506,0.35764986276626587,-0.06428273767232895,0.028654634952545166,0.41134434938430786,-0.08662741631269455,0.1936752200126648,0.37061774730682373,0.015118632465600967,0.16083621978759766,0.20217084884643555,-0.01121454406529665,0.12505561113357544,0.10364025831222534,-0.03426450118422508,0.09813499450683594,0.02218964695930481,-0.047687333077192307,0.23919522762298584,0.3656027913093567,-0.01640857197344303,0.21908116340637207,0.1890467405319214,-0.04182237759232521,0.19106286764144897,0.08483397960662842,-0.05343746393918991,0.16576874256134033,0.0,-0.05587643384933472,0.28042274713516235,0.38415610790252686,-0.05036165565252304,0.27278822660446167,0.2307732105255127,-0.06032336503267288,0.264201819896698,0.13836300373077393,-0.05366431921720505,0.25149017572402954,0.061938315629959106,-0.04565354436635971
F,0.21919435262680054,0.7357953190803528,-2.674673282854201e-07,0.132252037525177,0.6489422917366028,-0.0050505721010267735,0.07507187128067017,0.5246574878692627,-0.014021913520991802,0.024690240621566772,0.43039488792419434,-0.03259995952248573,0.0,0.33350953459739685,-0.04909880831837654,0.15782082080841064,0.3990357518196106,0.034086521714925766,0.09809637069702148,0.31719088554382324,-0.018910815939307213,0.05166363716125488,0.35786789655685425,-0.06704087555408478,0.03229111433029175,0.4118958115577698,-0.08906565606594086,0.195135235786438,0.3671615719795227,0.014140945859253407,0.16124510765075684,0.2005806267261505,-0.012654501013457775,0.12461787462234497,0.10225057601928711,-0.035142023116350174,0.09715557098388672,0.022695690393447876,-0.047629889100790024,0.24029982089996338,0.3614587187767029,-0.01632099598646164,0.21822744607925415,0.18641263246536255,-0.0416070781648159,0.18986761569976807,0.08328089118003845,-0.05173482000827789,0.1646861433982849,0.0,-0.05281367152929306,0.2809649705886841,0.3789742588996887,-0.04950655996799469,0.27370941638946533,0.2283627986907959,-0.05928371474146843,0.2645779848098755,0.1359708309173584,-0.0520896278321743,0.2515588402748108,0.0594765841960907,-0.04326009750366211
F,0.2142009139060974,0.7316847443580627,-2.792807833884581e-07,0.1276381015777588,0.6474699378013611,-0.003327233949676156,0.07054322957992554,0.5264026522636414,-0.01112547516822815,0.022192418575286865,0.4343264102935791,-0.02833258919417858,0.0,0.34050795435905457,-0.04380032420158386,0.15194302797317505,0.39936745166778564,0.03410346060991287,0.09442669153213501,0.3161586821079254,-0.017969267442822456,0.04779398441314697,0.35302290320396423,-0.06577613204717636,0.027437567710876465,0.40382248163223267,-0.08812301605939865,0.188850998878479,0.366891086101532,0.013472188264131546,0.15568894147872925,0.19962072372436523,-0.013945475220680237,0.11930882930755615,0.10159584879875183,-0.037601422518491745,0.09242188930511475,0.021492332220077515,-0.051266759634017944,0.2339436411857605,0.3614767789840698,-0.01728120446205139,0.21499085426330566,0.18645983934402466,-0.043675508350133896,0.1874321699142456,0.0840420126914978,-0.05598355457186699,0.16361594200134277,0.0,-0.0588228665292263,0.27481508255004883,0.3801437020301819,-0.0503401979804039,0.26866614818573,0.22951388359069824,-0.06095408275723457,0.25991857051849365,0.13859596848487854,-0.054816607385873795,0.2476925253868103,0.0622999370098114,-0.04718954861164093
F,0.21419233083724976,0.7323176860809326,-2.517521409117762e-07,0.12854355573654175,0.6458579301834106,-0.004602940287441015,0.07144254446029663,0.5235629677772522,-0.013139380142092705,0.022883296012878418,0.43105822801589966,-0.0310512725263834,0.0,0.33502963185310364,-0.04722912237048149,0.15433776378631592,0.3969818353652954,0.0347277894616127,0.09553581476211548,0.31965115666389465,-0.018538691103458405,0.04902714490890503,0.35377493500709534,-0.0674256831407547,0.028515517711639404,0.4017711877822876,-0.09001496434211731,0.1907685399055481,0.36432480812072754,0.014471262693405151,0.15736877918243408,0.19901955127716064,-0.012905494309961796,0.12102121114730835,0.1018994152545929,-0.036214202642440796,0.09388148784637451,0.023762375116348267,-0.04910269007086754,0.23580551147460938,0.35868680477142334,-0.016243357211351395,0.21537929773330688,0.18427324295043945,-0.042462047189474106,0.18704426288604736,0.08202674984931946,-0.053808022290468216,0.1624755859375,0.0,-0.055483512580394745,0.27664268016815186,0.3773888945579529,-0.04952457174658775,0.2692359685897827,0.22732436656951904,-0.060057029128074646,0.25962138175964355,0.1363280713558197,-0.05350564420223236,0.2462531328201294,0.06147107481956482,-0.04506019502878189
F,0.2167721688747406,0.7318008244037628,-2.935219640676223e-07,0.1307872235774994,0.6462794840335846,-0.004551309626549482,0.07385239005088806,0.5238066017627716,-0.013395768590271473,0.023181289434432983,0.4310506284236908,-0.03187819570302963,0.0,0.3358423411846161,-0.048405371606349945,0.15589192509651184,0.3973621428012848,0.03379132226109505,0.09663078188896179,0.3163461983203888,-0.019481008872389793,0.050647884607315063,0.3560919463634491,-0.06799187511205673,0.03123190999031067,0.4091857969760895,-0.0904378592967987,0.19253495335578918,0.36545366048812866,0.013652234338223934,0.15881142020225525,0.1993221938610077,-0.013655181042850018,0.12260517477989197,0.10235416889190674,-0.036564648151397705,0.09541317820549011,0.023156940937042236,-0.0494452603161335,0.23742875456809998,0.35960230231285095,-0.016885772347450256,0.2167576253414154,0.18525266647338867,-0.04240799695253372,0.1891317069530487,0.0832500159740448,-0.05300171300768852,0.16442373394966125,0.0,-0.054535578936338425,0.2783932387828827,0.3777075707912445,-0.05013025552034378,0.2719888389110565,0.22673699259757996,-0.060004618018865585,0.26253148913383484,0.13469591736793518,-0.05305501073598862,0.24883654713630676,0.058917075395584106,-0.044596731662750244
F,0.21812766790390015,0.7326671779155731,-2.5125586944341194e-07,0.1312921643257141,0.6474893391132355,-0.005890739616006613,0.07334929704666138,0.5264285504817963,-0.015440404415130615,0.02291429042816162,0.4335409700870514,-0.03416654095053673,0.0,0.3371262848377228,-0.051017872989177704,0.15550661087036133,0.4018773138523102,0.03252152353525162,0.09761691093444824,0.321098655462265,-0.020989736542105675,0.0506666898727417,0.3576450049877167,-0.07011882215738297,0.029511243104934692,0.4072894752025604,-0.09315312653779984,0.19232392311096191,0.36949265003204346,0.012874751351773739,0.16011375188827515,0.20173296332359314,-0.015648670494556427,0.1244422197341919,0.10341709852218628,-0.04048622399568558,0.09769147634506226,0.022851556539535522,-0.05454699695110321,0.23736900091171265,0.36258330941200256,-0.01702706143260002,0.2170107364654541,0.1869824230670929,-0.04376554116606712,0.18901562690734863,0.0839480459690094,-0.056027788668870926,0.16388875246047974,0.0,-0.05847983807325363,0.2789725065231323,0.37923285365104675,-0.04951103404164314,0.2713138461112976,0.22874757647514343,-0.0599101260304451,0.2623627781867981,0.13749417662620544,-0.05324190855026245,0.24916821718215942,0.06218230724334717,-0.044954076409339905
F,0.21835312247276306,0.730875164270401,-2.675472785540478e-07,0.13287249207496643,0.6449075639247894,-0.005688999779522419,0.074494868516922,0.5222412645816803,-0.015224166214466095,0.023303300142288208,0.4278738796710968,-0.03404048830270767,0.0,0.3313678801059723,-0.05102117732167244,0.15496966242790222,0.39672282338142395,0.03338116034865379,0.0978294312953949,0.3140265941619873,-0.019420240074396133,0.05251428484916687,0.35367992520332336,-0.06812334060668945,0.033058106899261475,0.4061944782733917,-0.09100981801748276,0.19303813576698303,0.36542782187461853,0.01350527536123991,0.16005733609199524,0.19890350103378296,-0.013164903968572617,0.12438353896141052,0.10180079936981201,-0.03739210218191147,0.0970737636089325,0.021814018487930298,-0.051891978830099106,0.23891475796699524,0.3598155975341797,-0.01675601676106453,0.21797022223472595,0.18418282270431519,-0.04216013476252556,0.18990954756736755,0.0828014612197876,-0.05434243381023407,0.1638149917125702,0.0,-0.05760214850306511,0.28165116906166077,0.3773198425769806,-0.04960920661687851,0.2733079493045807,0.22597303986549377,-0.05971015989780426,0.26494982838630676,0.13509035110473633,-0.05350402370095253,0.25185200572013855,0.05948108434677124,-0.04608086869120598
F,0.21878641843795776,0.7328228056430817,-2.7031705940316897e-07,0.13292032480239868,0.6467545926570892,-0.007056887727230787,0.07495886087417603,0.523682564496994,-0.01674577407538891,0.023520350456237793,0.42839476466178894,-0.0355738066136837,0.0,0.3309553265571594,-0.05237850919365883,0.15431153774261475,0.40059521794319153,0.03324909508228302,0.09684139490127563,0.31720489263534546,-0.020975850522518158,0.051942646503448486,0.35794392228126526,-0.07083963602781296,0.03271961212158203,0.41150882840156555,-0.09417523443698883,0.19219565391540527,0.3680960536003113,0.014463226310908794,0.1601325273513794,0.20124244689941406,-0.0133519247174263,0.1247759461402893,0.10284686088562012,-0.03861336037516594,0.09743225574493408,0.021168619394302368,-0.05352092534303665,0.23829692602157593,0.3604232966899872,-0.014866430312395096,0.21663999557495117,0.18560871481895447,-0.0408845953643322,0.18886011838912964,0.08358776569366455,-0.0533340722322464,0.16282063722610474,0.0,-0.05626962333917618,0.2814508080482483,0.3752628266811371,-0.04697483777999878,0.27256065607070923,0.22379747033119202,-0.05681837722659111,0.2638988494873047,0.13274717330932617,-0.05027022212743759,0.250540554523468,0.05723237991333008,-0.042323775589466095
F,0.21930286288261414,0.7334173917770386,-2.6671011710277526e-07,0.13292887806892395,0.6460581421852112,-0.005646288860589266,0.07481637597084045,0.5232086181640625,-0.014927798882126808,0.0234355628490448,0.428611695766449,-0.0335233174264431,0.0,0.33153998851776123,-0.05012264847755432,0.15510419011116028,0.39864230155944824,0.033743709325790405,0.09779247641563416,0.31584712862968445,-0.019822686910629272,0.05199447274208069,0.3555283844470978,-0.06904952973127365,0.03222772479057312,0.40898770093917847,-0.09173538535833359,0.19260212779045105,0.3668462932109833,0.014591642655432224,0.16029903292655945,0.19946736097335815,-0.011750513687729836,0.12454238533973694,0.10181805491447449,-0.03547151759266853,0.09707114100456238,0.021430552005767822,-0.04919647425413132,0.23883983492851257,0.3597929775714874,-0.014956541359424591,0.21778568625450134,0.18334734439849854,-0.039507314562797546,0.1894415318965912,0.08193400502204895,-0.05075422301888466,0.1630198061466217,0.0,-0.05297856405377388,0.28192445635795593,0.37571418285369873,-0.04720513895153999,0.27390918135643005,0.22402608394622803,-0.05628751963376999,0.26537981629371643,0.1325477957725525,-0.0491541288793087,0.25235846638679504,0.05695423483848572,-0.04065844044089317
F,0.21829485893249512,0.7368657290935516,-2.948687836124009e-07,0.1318352222442627,0.6498468816280365,-0.004418013151735067,0.0733681321144104,0.5259387791156769,-0.013157988898456097,0.022092163562774658,0.4313924014568329,-0.03146062791347504,0.0,0.33434218168258667,-0.04791514575481415,0.15583395957946777,0.3994527757167816,0.03365344926714897,0.09679895639419556,0.31551605463027954,-0.02003571018576622,0.05040895938873291,0.3560119569301605,-0.06897390633821487,0.03092142939567566,0.41027358174324036,-0.09158556908369064,0.19403564929962158,0.36727750301361084,0.01324266754090786,0.1603516936302185,0.19943490624427795,-0.01385828759521246,0.12431895732879639,0.10132068395614624,-0.037392713129520416,0.09704697132110596,0.021376997232437134,-0.0511297807097435,0.23998522758483887,0.36151984333992004,-0.01754344254732132,0.21962976455688477,0.18453547358512878,-0.04324948042631149,0.19159603118896484,0.08261215686798096,-0.054637741297483444,0.16583526134490967,0.0,-0.05688585713505745,0.28207188844680786,0.38001856207847595,-0.05086161196231842,0.27415138483047485,0.2266618311405182,-0.06076687201857567,0.2650587558746338,0.13498848676681519,-0.05373182147741318,0.2514864206314087,0.059881120920181274,-0.045328181236982346
F,0.21741241216659546,0.7349817752838135,-2.796772662350122e-07,0.13090574741363525,0.6470667719841003,-0.004417791031301022,0.0729207992553711,0.5254753828048706,-0.013682435266673565,0.022409886121749878,0.4319433569908142,-0.03276725113391876,0.0,0.3351007401943207,-0.050050657242536545,0.15554845333099365,0.39954400062561035,0.03471355512738228,0.09673207998275757,0.3172640800476074,-0.018984809517860413,0.05163753032684326,0.35674092173576355,-0.06804237514734268,0.033031612634658813,0.41025954484939575,-0.09083068370819092,0.19291555881500244,0.3678121566772461,0.01423784252256155,0.15869325399398804,0.19975003600120544,-0.01360174547880888,0.12282383441925049,0.10167437791824341,-0.038026608526706696,0.09589815139770508,0.02159416675567627,-0.052087634801864624,0.23864060640335083,0.361569881439209,-0.016645506024360657,0.21596002578735352,0.1858178675174713,-0.042974937707185745,0.18730634450912476,0.08345088362693787,-0.05501639097929001,0.1614275574684143,0.0,-0.05744688957929611,0.2807064652442932,0.37871038913726807,-0.05008624494075775,0.271689772605896,0.22645431756973267,-0.06040578708052635,0.2619657516479492,0.13443410396575928,-0.053957756608724594,0.24795621633529663,0.057979047298431396,-0.045880381017923355
F,0.21983450651168823,0.7329345047473907,-2.728625645431748e-07,0.13417315483093262,0.6467846930027008,-0.005726119037717581,0.07512158155441284,0.5241785943508148,-0.014958692714571953,0.022652029991149902,0.43007412552833557,-0.03321782872080803,0.0,0.33266305923461914,-0.04969369247555733,0.15689188241958618,0.3999216854572296,0.03201195225119591,0.099581778049469,0.3157629668712616,-0.021809758618474007,0.052507877349853516,0.35537445545196533,-0.07123316824436188,0.03126460313796997,0.40754613280296326,-0.09454558789730072,0.19523441791534424,0.3682129383087158,0.012338384054601192,0.16317158937454224,0.19992199540138245,-0.01617446169257164,0.12777471542358398,0.10187140107154846,-0.04105619713664055,0.10064703226089478,0.020812809467315674,-0.05579020828008652,0.24148714542388916,0.36315247416496277,-0.01765182614326477,0.2239256501197815,0.18611112236976624,-0.04461335390806198,0.1966158151626587,0.08405867218971252,-0.05706683173775673,0.1709052324295044,0.0,-0.0600372776389122,0.283957302570343,0.3818493187427521,-0.05011178180575371,0.2767782211303711,0.22930869460105896,-0.06058995798230171,0.2689207196235657,0.1387387216091156,-0.05382939800620079,0.2562791705131531,0.06360605359077454,-0.045840609818696976
F,0.21982330083847046,0.7326203286647797,-2.600001494101889e-07,0.13378173112869263,0.646722823381424,-0.003985412884503603,0.07575744390487671,0.524504691362381,-0.013629330322146416,0.022962510585784912,0.431034117937088,-0.032679710537195206,0.0,0.33333176374435425,-0.05036650225520134,0.15679454803466797,0.3999645411968231,0.03397136926651001,0.1007833480834961,0.3192024230957031,-0.019672926515340805,0.05350011587142944,0.3548530340194702,-0.0693519189953804,0.031463176012039185,0.4039461314678192,-0.09287971258163452,0.1949673891067505,0.36862602829933167,0.012874620035290718,0.16415387392044067,0.20122987031936646,-0.015085217542946339,0.12770068645477295,0.10335364937782288,-0.03965814784169197,0.09926271438598633,0.023380279541015625,-0.05418914929032326,0.24139684438705444,0.36429551243782043,-0.01851082034409046,0.22658240795135498,0.18587282299995422,-0.045334625989198685,0.1993061900138855,0.08350363373756409,-0.05763939023017883,0.1729738712310791,0.0,-0.06063352897763252,0.28401094675064087,0.3844633400440216,-0.052155423909425735,0.27860212326049805,0.23209789395332336,-0.0629846528172493,0.27150046825408936,0.14115414023399353,-0.05630670487880707,0.258736789226532,0.06517267227172852,-0.04845242202281952
F,0.2238185703754425,0.7328778207302094,-2.596955255285138e-07,0.13671180605888367,0.6475767195224762,-0.006697200238704681,0.07726678252220154,0.5231662690639496,-0.016222519800066948,0.025228053331375122,0.4271712005138397,-0.034613583236932755,0.0,0.32916712760925293,-0.05126174911856651,0.15597471594810486,0.40143248438835144,0.03227248415350914,0.09795680642127991,0.31790482997894287,-0.021465541794896126,0.052094489336013794,0.3557080626487732,-0.07121972739696503,0.03174594044685364,0.4073154628276825,-0.09482334554195404,0.19498702883720398,0.3685378134250641,0.013077176176011562,0.1614879071712494,0.2024311125278473,-0.014853700064122677,0.12582126259803772,0.103482186794281,-0.04047077149152756,0.09917059540748596,0.021815359592437744,-0.05591316521167755,0.24269536137580872,0.36225733160972595,-0.016478372737765312,0.22335246205329895,0.18663200736045837,-0.043349601328372955,0.19581499695777893,0.0840345025062561,-0.05629466846585274,0.17029514908790588,0.0,-0.05971278250217438,0.2870078384876251,0.3800608813762665,-0.048580192029476166,0.2789367139339447,0.22834870219230652,-0.059399742633104324,0.2714977562427521,0.13721489906311035,-0.052991580218076706,0.2593330442905426,0.06108689308166504,-0.04532968997955322
F,0.22135275602340698,0.7363568246364594,-2.4012987864807656e-07,0.13435184955596924,0.649090439081192,-0.0064449855126440525,0.07528817653656006,0.5220374166965485,-0.015946930274367332,0.02324080467224121,0.42382845282554626,-0.03419167548418045,0.0,0.324130654335022,-0.05064374580979347,0.15633654594421387,0.3985537588596344,0.03393271937966347,0.10015690326690674,0.3184467554092407,-0.02066395804286003,0.05462723970413208,0.3531061112880707,-0.07090447098016739,0.035377711057662964,0.402791827917099,-0.09424365311861038,0.1951342225074768,0.3673255741596222,0.01501739863306284,0.16158312559127808,0.20107945799827576,-0.011732473969459534,0.12559080123901367,0.1029268205165863,-0.03556681424379349,0.09846723079681396,0.022957444190979004,-0.049416426569223404,0.24387282133102417,0.36264586448669434,-0.014611694030463696,0.22361785173416138,0.1844685971736908,-0.04053252562880516,0.1948813796043396,0.08270227909088135,-0.05212484300136566,0.16820037364959717,0.0,-0.054413843899965286,0.28936898708343506,0.38238760828971863,-0.046820055693387985,0.2829018831253052,0.22948217391967773,-0.057396698743104935,0.2762223482131958,0.13773074746131897,-0.05094566568732262,0.26505595445632935,0.06120094656944275,-0.042935825884342194
F,0.22540801763534546,0.7364236414432526,-2.596467822968407e-07,0.1386204957962036,0.6496860682964325,-0.007686993572860956,0.07917028665542603,0.5232132375240326,-0.017741646617650986,0.025546669960021973,0.4254845082759857,-0.036835163831710815,0.0,0.3257431387901306,-0.05402515083551407,0.16233712434768677,0.40269920229911804,0.03276056796312332,0.1024554967880249,0.3201456069946289,-0.021957654505968094,0.05522429943084717,0.35659489035606384,-0.07204683870077133,0.034516215324401855,0.4075424373149872,-0.09546017646789551,0.20065683126449585,0.36929839849472046,0.013983971439301968,0.1659867763519287,0.20199966430664062,-0.013851218856871128,0.12981802225112915,0.10241818428039551,-0.038711026310920715,0.10292023420333862,0.020942360162734985,-0.053393688052892685,0.2477959394454956,0.3622458875179291,-0.015516758896410465,0.22608906030654907,0.18629714846611023,-0.04230588674545288,0.19792306423187256,0.08391937613487244,-0.054399047046899796,0.1718376874923706,0.0,-0.056976448744535446,0.29167020320892334,0.3786930739879608,-0.047816045582294464,0.28453993797302246,0.22580435872077942,-0.05872800946235657,0.2775329351425171,0.13331934809684753,-0.05240887030959129,0.26557427644729614,0.055950701236724854,-0.044588565826416016
F,0.2228115200996399,0.7339458465576172,-2.609971261335886e-07,0.1372905969619751,0.6482337713241577,-0.0075989216566085815,0.07771742343902588,0.5233564972877502,-0.01794176548719406,0.0242062509059906,0.4268566966056824,-0.03712202608585358,0.0,0.3278177082538605,-0.05431227758526802,0.16003334522247314,0.4004504084587097,0.031348150223493576,0.09963750839233398,0.32013359665870667,-0.02349250204861164,0.05203276872634888,0.3566582500934601,-0.07358971238136292,0.03151702880859375,0.4076164960861206,-0.09704684466123581,0.1985490322113037,0.3673596680164337,0.012712324969470501,0.16453588008880615,0.2011364996433258,-0.01533592864871025,0.12788927555084229,0.10193362832069397,-0.03966965898871422,0.1005173921585083,0.020940512418746948,-0.053911253809928894,0.24543941020965576,0.3605581521987915,-0.0165003202855587,0.22478652000427246,0.18504735827445984,-0.043251119554042816,0.19650936126708984,0.08344155550003052,-0.05451437458395958,0.1704903244972229,0.0,-0.0565299354493618,0.2884676456451416,0.37813007831573486,-0.04846272990107536,0.28181320428848267,0.2266198694705963,-0.0592467226088047,0.2746264934539795,0.13534840941429138,-0.05241452157497406,0.2623458504676819,0.05868670344352722,-0.044158317148685455
F,0.22484266757965088,0.7394745051860809,-2.951630051484244e-07,0.13759565353393555,0.6547354161739349,-0.007295757066458464,0.07828539609909058,0.5276813805103302,-0.016721991822123528,0.025461196899414062,0.4309646189212799,-0.03485799580812454,0.0,0.33233246207237244,-0.050954483449459076,0.16110998392105103,0.40326085686683655,0.030520515516400337,0.10032862424850464,0.31879928708076477,-0.024098947644233704,0.05388420820236206,0.3594866991043091,-0.07406305521726608,0.0346127450466156,0.41467705368995667,-0.09756891429424286,0.19989252090454102,0.37000977993011475,0.011864918284118176,0.1638888120651245,0.20371469855308533,-0.016898469999432564,0.12720859050750732,0.10489055514335632,-0.042171478271484375,0.10003441572189331,0.023975253105163574,-0.057151149958372116,0.2469457983970642,0.36376503109931946,-0.017148062586784363,0.22561800479888916,0.18745675683021545,-0.04449129477143288,0.19728851318359375,0.08490845561027527,-0.05685077980160713,0.17166173458099365,0.0,-0.059641364961862564,0.2897583246231079,0.3819071352481842,-0.04879244789481163,0.28214240074157715,0.22899171710014343,-0.05979369580745697,0.27405136823654175,0.1368948519229889,-0.05319947749376297,0.2618709206581116,0.059578001499176025,-0.04519808292388916
F,0.22228747606277466,0.7350273728370667,-2.824954208335839e-07,0.13522672653198242,0.6509265303611755,-0.006814231164753437,0.07632434368133545,0.5276641249656677,-0.016306431964039803,0.024091392755508423,0.43371713161468506,-0.03473864495754242,0.0,0.33730605244636536,-0.051404502242803574,0.15741711854934692,0.402438223361969,0.031025096774101257,0.09811371564865112,0.3195335865020752,-0.02411574125289917,0.05141794681549072,0.3564448952674866,-0.07466031610965729,0.03069901466369629,0.4074103832244873,-0.0984887182712555,0.19574213027954102,0.36865371465682983,0.011876261793076992,0.16111302375793457,0.2019035518169403,-0.017168225720524788,0.12457811832427979,0.10295617580413818,-0.04312140494585037,0.09737908840179443,0.021955370903015137,-0.05853341147303581,0.24292981624603271,0.3614315092563629,-0.017597418278455734,0.2228359580039978,0.18536138534545898,-0.04498676955699921,0.19440627098083496,0.0837312638759613,-0.05801507458090782,0.16838961839675903,0.0,-0.061278779059648514,0.28670209646224976,0.3789786100387573,-0.0496889092028141,0.2799941897392273,0.22688642144203186,-0.060544081032276154,0.27213865518569946,0.13499805331230164,-0.054274577647447586,0.2597096562385559,0.05804622173309326,-0.04654449224472046
F,0.2222864031791687,0.7361502647399902,-2.8476674174271466e-07,0.13531601428985596,0.6523743271827698,-0.006477217189967632,0.07667773962020874,0.5266367197036743,-0.015331873670220375,0.02452993392944336,0.4310932159423828,-0.03303445130586624,0.0,0.33437857031822205,-0.04890533536672592,0.15708500146865845,0.4012035131454468,0.03160526230931282,0.09620589017868042,0.3187323808670044,-0.023062383756041527,0.05007493495941162,0.35693493485450745,-0.07344508916139603,0.031401097774505615,0.4089992046356201,-0.09723073989152908,0.1957019567489624,0.3676477074623108,0.012657206505537033,0.16032350063323975,0.20125487446784973,-0.01528121717274189,0.12334340810775757,0.10303625464439392,-0.04044755920767784,0.09616196155548096,0.023268312215805054,-0.0554145947098732,0.24313271045684814,0.3611328601837158,-0.016590937972068787,0.22258949279785156,0.18419668078422546,-0.04298649728298187,0.1943364143371582,0.08295080065727234,-0.05519137531518936,0.1693025827407837,0.0,-0.05806760489940643,0.2866182327270508,0.37954068183898926,-0.04846785590052605,0.2797055244445801,0.22732695937156677,-0.05894523113965988,0.2715473175048828,0.13561224937438965,-0.05228804051876068,0.2595859169960022,0.0588664710521698,-0.04425452649593353
F,0.22238194942474365,0.73847895860672,-2.956943490062258e-07,0.13521838188171387,0.6536416411399841,-0.0055231875739991665,0.07702070474624634,0.5278376936912537,-0.014032702893018723,0.02504521608352661,0.4327719211578369,-0.031659919768571854,0.0,0.3369583487510681,-0.0476541630923748,0.15653252601623535,0.4026026725769043,0.033008769154548645,0.09685134887695312,0.31926822662353516,-0.02142411470413208,0.05096942186355591,0.35735422372817993,-0.07193125039339066,0.031203240156173706,0.4096717834472656,-0.09585286676883698,0.19491755962371826,0.36912256479263306,0.013439849019050598,0.1595066785812378,0.20307356119155884,-0.014325813390314579,0.12263995409011841,0.10466718673706055,-0.03998379409313202,0.09496074914932251,0.02385491132736206,-0.0554264560341835,0.24242359399795532,0.3626825511455536,-0.016433613374829292,0.22192776203155518,0.18622708320617676,-0.043023254722356796,0.19339519739151,0.08444735407829285,-0.055983766913414,0.167557954788208,0.0,-0.05944781005382538,0.2863690257072449,0.3811911940574646,-0.048855796456336975,0.2799875736236572,0.22853440046310425,-0.059552762657403946,0.2726302742958069,0.1366918981075287,-0.05329011380672455,0.26098400354385376,0.05903008580207825,-0.045674216002225876
F,0.22524821758270264,0.738860547542572,-2.737610884651076e-07,0.13761091232299805,0.6538886427879333,-0.006879922468215227,0.07806438207626343,0.5268189311027527,-0.01634650118649006,0.024798333644866943,0.43058091402053833,-0.0348048061132431,0.0,0.3322671353816986,-0.051469895988702774,0.1587975025177002,0.4009304642677307,0.033793676644563675,0.10081315040588379,0.31698524951934814,-0.021060114726424217,0.05302363634109497,0.35452285408973694,-0.07177969068288803,0.031565308570861816,0.4056435823440552,-0.09582650661468506,0.19803321361541748,0.3686351180076599,0.014393147081136703,0.1626650094985962,0.20255112648010254,-0.012951299548149109,0.12502425909042358,0.10295534133911133,-0.03800186142325401,0.09688037633895874,0.020598024129867554,-0.05328868702054024,0.24597656726837158,0.36414647102355957,-0.01584063284099102,0.2271600365638733,0.18714267015457153,-0.042591795325279236,0.19948655366897583,0.0847509503364563,-0.055213652551174164,0.1740158200263977,0.0,-0.058641623705625534,0.29006683826446533,0.3841365575790405,-0.04874875396490097,0.2837161421775818,0.23183178901672363,-0.06030009314417839,0.2767137885093689,0.14012476801872253,-0.054415155202150345,0.26523786783218384,0.06201314926147461,-0.047089703381061554
F,0.2183304727077484,0.7431984543800354,-2.9041180482636264e-07,0.1319657266139984,0.6561596989631653,-0.0026483233086764812,0.07495895028114319,0.5284331440925598,-0.010444124229252338,0.02446255087852478,0.43335676193237305,-0.028013207018375397,0.0,0.336828351020813,-0.044033974409103394,0.15514937043190002,0.39999258518218994,0.03717968240380287,0.0970059335231781,0.3173585534095764,-0.01603420451283455,0.04982689023017883,0.35538250207901,-0.0651448518037796,0.030029982328414917,0.408097505569458,-0.08789822459220886,0.19477114081382751,0.36929234862327576,0.015774033963680267,0.15906676650047302,0.20309853553771973,-0.009504110552370548,0.12097319960594177,0.10419002175331116,-0.03199581056833267,0.09257391095161438,0.022838205099105835,-0.0453050397336483,0.24286159873008728,0.3666384220123291,-0.016271520406007767,0.2252419888973236,0.18800383806228638,-0.041178759187459946,0.19707068800926208,0.08443313837051392,-0.0520576573908329,0.17190703749656677,0.0,-0.05448754131793976,0.28567078709602356,0.38882017135620117,-0.05074393376708031,0.2799876034259796,0.2365681529045105,-0.06137882173061371,0.2724628746509552,0.14436215162277222,-0.05466710403561592,0.2609809935092926,0.0659547746181488,-0.046650294214487076
F,0.2205371856689453,0.7443497776985168,-2.8448198463593144e-07,0.13352304697036743,0.6586776971817017,-0.005465919151902199,0.07546919584274292,0.5323880314826965,-0.014995642937719822,0.02435404062271118,0.436373233795166,-0.0338025838136673,0.0,0.338392436504364,-0.05095965415239334,0.15609747171401978,0.4034651517868042,0.03287488967180252,0.0954713225364685,0.3196912705898285,-0.022011857479810715,0.049564898014068604,0.35867077112197876,-0.07142620533704758,0.03251087665557861,0.41320836544036865,-0.09418615698814392,0.1968480348587036,0.3709447383880615,0.01246138196438551,0.1617729663848877,0.20399662852287292,-0.014044610783457756,0.12582212686538696,0.10433363914489746,-0.03610776364803314,0.09962773323059082,0.02183970808982849,-0.0491473414003849,0.2464500069618225,0.3684871196746826,-0.0188396368175745,0.2325059175491333,0.1916186809539795,-0.044937778264284134,0.20665806531906128,0.0870198905467987,-0.05541928485035896,0.18307876586914062,0.0,-0.05757765471935272,0.2907639145851135,0.39224278926849365,-0.0527949333190918,0.2873365879058838,0.24079933762550354,-0.06471318751573563,0.28053367137908936,0.14777782559394836,-0.058217260986566544,0.2691049575805664,0.06794214248657227,-0.05025573447346687
F,0.21743106842041016,0.7399437129497528,-2.639447416186158e-07,0.12982439994812012,0.6563026607036591,-0.006184529513120651,0.0716332197189331,0.5335058271884918,-0.015856381505727768,0.02235877513885498,0.43917742371559143,-0.03437443822622299,0.0,0.343289315700531,-0.051408082246780396,0.15278291702270508,0.40379539132118225,0.032324060797691345,0.09471672773361206,0.322140097618103,-0.023804286494851112,0.047908663749694824,0.3556254208087921,-0.0750298872590065,0.028703927993774414,0.405257910490036,-0.09899214655160904,0.19183248281478882,0.37077680230140686,0.012706725858151913,0.15766435861587524,0.20476961135864258,-0.01505028922110796,0.12188899517059326,0.10489702224731445,-0.03917180374264717,0.09579986333847046,0.02165505290031433,-0.053478654474020004,0.2414698600769043,0.3676375150680542,-0.017725098878145218,0.22714251279830933,0.18999847769737244,-0.04437829181551933,0.20181924104690552,0.08631524443626404,-0.05629793927073479,0.179068922996521,0.0,-0.059339020401239395,0.28741466999053955,0.39121392369270325,-0.05077851563692093,0.2839474081993103,0.24119237065315247,-0.06242023780941963,0.27717339992523193,0.14953631162643433,-0.05619722977280617,0.26623934507369995,0.07088354229927063,-0.048515014350414276
F,0.21665355563163757,0.739770382642746,-2.56157647982036e-07,0.13141146302223206,0.6556845605373383,-0.0058628227561712265,0.07479718327522278,0.5325635969638824,-0.015573752112686634,0.02274981141090393,0.43807289004325867,-0.03401065990328789,0.0,0.34024545550346375,-0.05121924728155136,0.15651115775108337,0.40247842669487,0.03233941271901131,0.09644505381584167,0.324240118265152,-0.023195456713438034,0.04795160889625549,0.3596019744873047,-0.07447438687086105,0.028228849172592163,0.4094877541065216,-0.0990619957447052,0.19675686955451965,0.36901891231536865,0.012522202916443348,0.16242089867591858,0.2033606469631195,-0.01559285819530487,0.127439945936203,0.10315924882888794,-0.039933592081069946,0.10231044888496399,0.018856585025787354,-0.054714713245630264,0.24678859114646912,0.36763137578964233,-0.017960241064429283,0.23635134100914001,0.19073733687400818,-0.045139558613300323,0.2126053273677826,0.08706605434417725,-0.05689183995127678,0.19063177704811096,0.0,-0.05989427492022514,0.2917294204235077,0.39410772919654846,-0.05097039416432381,0.28794190287590027,0.24443313479423523,-0.06310665607452393,0.2812235653400421,0.15315663814544678,-0.0565718449652195,0.2699897587299347,0.07408484816551208,-0.048827167600393295
F,0.22165173292160034,0.7367957532405853,-2.9440127491398016e-07,0.13465821743011475,0.654539555311203,-0.008185782469809055,0.07684177160263062,0.5299805104732513,-0.01799878664314747,0.02444666624069214,0.43511220812797546,-0.035901304334402084,0.0,0.33699214458465576,-0.05227212235331535,0.15881788730621338,0.40042343735694885,0.029253827407956123,0.09644472599029541,0.3195919692516327,-0.02609812282025814,0.0504189133644104,0.36167433857917786,-0.07719427347183228,0.03336906433105469,0.4179425537586212,-0.10191182047128677,0.20024573802947998,0.36524698138237,0.010798633098602295,0.16611391305923462,0.20172545313835144,-0.017636001110076904,0.13078153133392334,0.10207515954971313,-0.04299449920654297,0.1042441725730896,0.018607795238494873,-0.05892300233244896,0.2502749562263489,0.36276042461395264,-0.01827903278172016,0.24180185794830322,0.18967679142951965,-0.0457405261695385,0.220167338848114,0.08719661831855774,-0.058458272367715836,0.1989198923110962,0.0,-0.06246929243206978,0.2947050929069519,0.3885584771633148,-0.04998012259602547,0.292539119720459,0.24115267395973206,-0.0621708519756794,0.2876496911048889,0.15157806873321533,-0.05580482259392738,0.2774975895881653,0.07324513792991638,-0.048456981778144836
F,0.2150452435016632,0.7352776527404785,-2.621028158955596e-07,0.13045504689216614,0.6526689529418945,-0.007925199344754219,0.07436767220497131,0.5304256677627563,-0.01814960315823555,0.0235632061958313,0.43718814849853516,-0.03650151193141937,0.0,0.34046489000320435,-0.05333524942398071,0.15289053320884705,0.4015994668006897,0.02772817574441433,0.09320095181465149,0.32185259461402893,-0.02831319533288479,0.046318620443344116,0.362508088350296,-0.07933171838521957,0.02833673357963562,0.41778528690338135,-0.10360982269048691,0.19249781966209412,0.3669147789478302,0.009393054060637951,0.15798547863960266,0.20214730501174927,-0.01971842348575592,0.12273797392845154,0.10238748788833618,-0.044660281389951706,0.09703394770622253,0.018965810537338257,-0.05970633029937744,0.24168816208839417,0.3631226420402527,-0.019391551613807678,0.22923633456230164,0.18783539533615112,-0.04731375351548195,0.20524421334266663,0.08575507998466492,-0.059812869876623154,0.18282601237297058,0.0,-0.06306124478578568,0.28637680411338806,0.38647449016571045,-0.0507398396730423,0.2839612662792206,0.23704415559768677,-0.06286603212356567,0.27813026309013367,0.14671841263771057,-0.056459564715623856,0.2676105201244354,0.06838023662567139,-0.048681218177080154
F,0.2165212631225586,0.7362332940101624,-2.779919157092081e-07,0.13159716129302979,0.6545444130897522,-0.007620626129209995,0.07488197088241577,0.5288077592849731,-0.016779674217104912,0.02392399311065674,0.4322509765625,-0.03417789191007614,0.0,0.33454984426498413,-0.04979632422327995,0.15715742111206055,0.40402835607528687,0.03016338124871254,0.09674805402755737,0.3225519061088562,-0.023605968803167343,0.05032926797866821,0.3602403402328491,-0.07238611578941345,0.03229093551635742,0.4126585125923157,-0.09529951214790344,0.19621407985687256,0.368548184633255,0.011658432893455029,0.1611649990081787,0.20430809259414673,-0.01625477708876133,0.1250002384185791,0.10425129532814026,-0.0397367924451828,0.09834277629852295,0.02114659547805786,-0.053803592920303345,0.24408388137817383,0.3637917935848236,-0.017423029989004135,0.2322790026664734,0.19078272581100464,-0.04470472037792206,0.20879989862442017,0.08721727132797241,-0.05647360160946846,0.18661439418792725,0.0,-0.059232089668512344,0.2871741056442261,0.38561809062957764,-0.04916785657405853,0.2859230041503906,0.2355598509311676,-0.06099463999271393,0.28091126680374146,0.1437675654888153,-0.05482134222984314,0.27065712213516235,0.06452763080596924,-0.04737822711467743
F,0.2174435257911682,0.7373102605342865,-2.719203564538475e-07,0.13194656372070312,0.653116375207901,-0.00832983385771513,0.07489997148513794,0.5276162922382355,-0.018393604084849358,0.024049758911132812,0.4315902292728424,-0.03655986115336418,0.0,0.3326305150985718,-0.052896805107593536,0.15643095970153809,0.40460339188575745,0.028931625187397003,0.09771853685379028,0.32373008131980896,-0.02639607898890972,0.052145183086395264,0.36047592759132385,-0.07675544172525406,0.03400033712387085,0.4128449857234955,-0.10057105869054794,0.19522827863693237,0.3698292672634125,0.010719225741922855,0.16016191244125366,0.20611640810966492,-0.018391339108347893,0.12336850166320801,0.10581758618354797,-0.043545208871364594,0.0961804986000061,0.02322298288345337,-0.05869986116886139,0.2431032657623291,0.3642509877681732,-0.018019847571849823,0.2278401255607605,0.18985587358474731,-0.046223871409893036,0.2019379734992981,0.08639320731163025,-0.05913635343313217,0.17792677879333496,0.0,-0.06252314895391464,0.28688639402389526,0.3846201002597809,-0.04937855154275894,0.28413456678390503,0.23416951298713684,-0.061591893434524536,0.2782101631164551,0.1427798569202423,-0.05576196685433388,0.2671581506729126,0.06459689140319824,-0.04844825342297554
F,0.2171947956085205,0.7338538765907288,-2.634712643612147e-07,0.13212686777114868,0.6497588753700256,-0.007768574636429548,0.07391619682312012,0.5268614888191223,-0.018091915175318718,0.023308396339416504,0.4304957985877991,-0.036753006279468536,0.0,0.3318488895893097,-0.05340364947915077,0.15478336811065674,0.40171945095062256,0.02897924743592739,0.09402960538864136,0.3202129602432251,-0.02597948908805847,0.049491167068481445,0.3569459915161133,-0.07538032531738281,0.033896684646606445,0.40947574377059937,-0.09845256805419922,0.19350504875183105,0.3668482303619385,0.010482095181941986,0.15719938278198242,0.20216724276542664,-0.01821727491915226,0.12069565057754517,0.10285055637359619,-0.042468760162591934,0.09466516971588135,0.02162379026412964,-0.0568799190223217,0.2411312460899353,0.36085978150367737,-0.01846924051642418,0.22537249326705933,0.18704310059547424,-0.04635784775018692,0.19919735193252563,0.08490550518035889,-0.05847404524683952,0.17562252283096313,0.0,-0.061310578137636185,0.2844617962837219,0.3809788227081299,-0.050008971244096756,0.28271061182022095,0.2314891219139099,-0.06207968667149544,0.2773990035057068,0.14032763242721558,-0.05621788278222084,0.2675397992134094,0.06229320168495178,-0.048811640590429306
F,0.21586790680885315,0.7357836365699768,-2.6762918992062623e-07,0.13006147742271423,0.6519644260406494,-0.00786719098687172,0.07313445210456848,0.5275624990463257,-0.01749584823846817,0.02382868528366089,0.43126654624938965,-0.03556150943040848,0.0,0.33412420749664307,-0.05155467614531517,0.1540408432483673,0.4028884768486023,0.03027491830289364,0.09477034211158752,0.320087194442749,-0.024613915011286736,0.0498216450214386,0.3561728894710541,-0.07399895787239075,0.03285875916481018,0.40862953662872314,-0.09688641875982285,0.19254735112190247,0.36705657839775085,0.01206661481410265,0.15639349818229675,0.20355772972106934,-0.016636861488223076,0.1200045645236969,0.10409247875213623,-0.040790364146232605,0.09412011504173279,0.021413654088974,-0.05498664081096649,0.2400006353855133,0.36033642292022705,-0.016757965087890625,0.22361722588539124,0.1872086524963379,-0.04461772367358208,0.19763800501823425,0.0850682258605957,-0.05670887231826782,0.1745159924030304,0.0,-0.059313949197530746,0.283210426568985,0.38000553846359253,-0.048292819410562515,0.28161612153053284,0.22933942079544067,-0.06026694178581238,0.2755245864391327,0.1372469961643219,-0.05440203845500946,0.2649059593677521,0.059133678674697876,-0.046895939856767654
F,0.2128172218799591,0.73151034116745,-2.7093801691080444e-07,0.1283482015132904,0.6478343605995178,-0.006615732796490192,0.07199671864509583,0.5244314074516296,-0.015782086178660393,0.023297995328903198,0.4290846586227417,-0.03355792909860611,0.0,0.3336012363433838,-0.04944454878568649,0.15107223391532898,0.39938199520111084,0.030741011723876,0.0925346314907074,0.31728607416152954,-0.02285083755850792,0.049128443002700806,0.3531709611415863,-0.07076314091682434,0.03318414092063904,0.4052234888076782,-0.0926927700638771,0.18939563632011414,0.3642486333847046,0.011976928450167179,0.15357151627540588,0.20026004314422607,-0.015519663691520691,0.1176474392414093,0.10206744074821472,-0.038334693759679794,0.09155812859535217,0.020775169134140015,-0.05159793049097061,0.23737147450447083,0.35844019055366516,-0.017248956486582756,0.22212114930152893,0.1852259337902069,-0.044443029910326004,0.19617339968681335,0.0840350091457367,-0.05604974925518036,0.17229369282722473,0.0,-0.05836111679673195,0.28179290890693665,0.37901318073272705,-0.04903315007686615,0.28114834427833557,0.22813278436660767,-0.060743045061826706,0.2762046754360199,0.13613834977149963,-0.05494384467601776,0.26640233397483826,0.05759599804878235,-0.047504495829343796
F,0.2146170735359192,0.7354716658592224,-2.6808146458279225e-07,0.12971097230911255,0.6528393626213074,-0.007323980797082186,0.07357442378997803,0.5291163921356201,-0.017303956672549248,0.023274660110473633,0.43358057737350464,-0.035719722509384155,0.0,0.336529403924942,-0.052349258214235306,0.1542035937309265,0.4018920660018921,0.029306525364518166,0.09384113550186157,0.3205792307853699,-0.026174239814281464,0.048805415630340576,0.3581341803073883,-0.07601860910654068,0.03260535001754761,0.41185814142227173,-0.09921005368232727,0.19261300563812256,0.366678386926651,0.010733898729085922,0.15644383430480957,0.2027415633201599,-0.017961526289582253,0.12047559022903442,0.1029708981513977,-0.04182695224881172,0.09464311599731445,0.019942909479141235,-0.055963654071092606,0.2403009533882141,0.3613954484462738,-0.018366269767284393,0.22458487749099731,0.18736103177070618,-0.0459202378988266,0.19963359832763672,0.08545193076133728,-0.05758385360240936,0.17718374729156494,0.0,-0.06018606945872307,0.283840537071228,0.3828125,-0.050095412880182266,0.28221672773361206,0.23247355222702026,-0.061926085501909256,0.2770898938179016,0.14089825749397278,-0.05567483976483345,0.2675490379333496,0.06267315149307251,-0.048008110374212265
F,0.21455395221710205,0.7362865507602692,-2.948032715721638e-07,0.12918347120285034,0.6549809277057648,-0.006848866119980812,0.07218903303146362,0.5295651257038116,-0.015957780182361603,0.02288997173309326,0.43290308117866516,-0.03331552445888519,0.0,0.3356834352016449,-0.04877356067299843,0.15243101119995117,0.404139906167984,0.028320621699094772,0.09314906597137451,0.32025718688964844,-0.025780819356441498,0.04929322004318237,0.3574275076389313,-0.07410675287246704,0.033464789390563965,0.41120269894599915,-0.09649799019098282,0.1913188099861145,0.36843225359916687,0.009574958123266697,0.1552550196647644,0.20344915986061096,-0.01887262798845768,0.11880511045455933,0.10470128059387207,-0.042467840015888214,0.09239882230758667,0.023665517568588257,-0.05636216327548027,0.23935478925704956,0.36280155181884766,-0.019376499578356743,0.22402513027191162,0.1881302297115326,-0.047025639563798904,0.19861102104187012,0.08603283762931824,-0.058982156217098236,0.1756114959716797,0.0,-0.061793506145477295,0.2833402156829834,0.3841998875141144,-0.05077091231942177,0.2816140651702881,0.23360523581504822,-0.0626811683177948,0.27561312913894653,0.1420939564704895,-0.05656513571739197,0.2650942802429199,0.06358844041824341,-0.0490574948489666
F,0.21609067916870117,0.7339634299278259,-2.8959851761101163e-07,0.1307557225227356,0.652277410030365,-0.007946491241455078,0.07387745380401611,0.5277352929115295,-0.017900031059980392,0.023391127586364746,0.43110907077789307,-0.03605733439326286,0.0,0.33310094475746155,-0.05211857706308365,0.15449130535125732,0.3999861478805542,0.028060365468263626,0.09238415956497192,0.3163493573665619,-0.026888756081461906,0.047641634941101074,0.35653820633888245,-0.07609112560749054,0.032819509506225586,0.41299688816070557,-0.09893030673265457,0.19333523511886597,0.3647986054420471,0.010031184181571007,0.15610313415527344,0.20027893781661987,-0.01802968606352806,0.11913436651229858,0.10177996754646301,-0.04153762385249138,0.09311765432357788,0.020247608423233032,-0.05561453849077225,0.24139559268951416,0.3591095805168152,-0.018430355936288834,0.22525787353515625,0.18494915962219238,-0.045306019484996796,0.19963371753692627,0.08444857597351074,-0.056458208709955215,0.17709892988204956,0.0,-0.05887685716152191,0.2851641774177551,0.3805273771286011,-0.04958838224411011,0.28323274850845337,0.22953921556472778,-0.060816291719675064,0.27738386392593384,0.13819599151611328,-0.05412387475371361,0.2674509882926941,0.06013670563697815,-0.046189434826374054
F,0.21549883484840393,0.7353192865848541,-2.829725360697921e-07,0.13051429390907288,0.650440126657486,-0.008081529289484024,0.07431581616401672,0.5273295342922211,-0.018531810492277145,0.023615866899490356,0.43187573552131653,-0.0371863916516304,0.0,0.3331576883792877,-0.05370688810944557,0.1562487781047821,0.4012024700641632,0.028246300294995308,0.09592077136039734,0.3182624280452728,-0.027855880558490753,0.0505310595035553,0.3591764271259308,-0.07810025662183762,0.03420558571815491,0.4159407317638397,-0.1015181615948677,0.1947927176952362,0.3662687838077545,0.010295191779732704,0.15800485014915466,0.20209848880767822,-0.0191916823387146,0.12121269106864929,0.10258850455284119,-0.0437014177441597,0.09429648518562317,0.019831299781799316,-0.05824936926364899,0.24291303753852844,0.3605583906173706,-0.018152330070734024,0.2266891896724701,0.18594157695770264,-0.04583769664168358,0.20191803574562073,0.08523383736610413,-0.05692972615361214,0.17896881699562073,0.0,-0.0590459480881691,0.2872304618358612,0.38160428404808044,-0.04930131509900093,0.2851336896419525,0.23096048831939697,-0.06056499481201172,0.2803442180156708,0.1396450400352478,-0.05339237302541733,0.2705296576023102,0.060579001903533936,-0.0449838861823082
F,0.21174567937850952,0.7348414659500122,-2.8521037620521383e-07,0.12670332193374634,0.6499271988868713,-0.007103718351572752,0.07127982378005981,0.5282922387123108,-0.017285631969571114,0.021270960569381714,0.43393391370773315,-0.03601639345288277,0.0,0.33601945638656616,-0.052763909101486206,0.15398406982421875,0.3999589681625366,0.030046233907341957,0.09101289510726929,0.3186831772327423,-0.024842387065291405,0.04452049732208252,0.357505738735199,-0.07434150576591492,0.028367608785629272,0.4115253686904907,-0.09764783084392548,0.1925795078277588,0.36550450325012207,0.011162696406245232,0.1554262638092041,0.200799822807312,-0.017284799367189407,0.11884856224060059,0.10215678811073303,-0.041037727147340775,0.0925828218460083,0.019765645265579224,-0.05521601438522339,0.23957687616348267,0.36032038927078247,-0.018229886889457703,0.22448259592056274,0.18673652410507202,-0.04539262130856514,0.20002871751785278,0.08561837673187256,-0.05636109039187431,0.17799603939056396,0.0,-0.05860084295272827,0.2817193865776062,0.38204115629196167,-0.05033311992883682,0.28065598011016846,0.2316160798072815,-0.0617213100194931,0.2756965160369873,0.1398690938949585,-0.054904524236917496,0.2658730149269104,0.060658395290374756,-0.046844325959682465
F,0.21711373329162598,0.736138254404068,-3.0716580567968776e-07,0.13154453039169312,0.6544853746891022,-0.00802125595510006,0.07559746503829956,0.530675858259201,-0.018053464591503143,0.0244753360748291,0.435040146112442,-0.03644891455769539,0.0,0.3375718295574188,-0.052878402173519135,0.15594786405563354,0.4033178389072418,0.027393948286771774,0.09262698888778687,0.32065799832344055,-0.027288708835840225,0.04557979106903076,0.361517995595932,-0.07661961764097214,0.028350472450256348,0.41762807965278625,-0.0999472439289093,0.19415175914764404,0.36720922589302063,0.009119486436247826,0.15713512897491455,0.20303019881248474,-0.018758561462163925,0.12056368589401245,0.10443773865699768,-0.04260611534118652,0.09428668022155762,0.022229254245758057,-0.05714939162135124,0.2416778802871704,0.35991883277893066,-0.019429396837949753,0.22480934858322144,0.18639785051345825,-0.04610450938344002,0.19949519634246826,0.08543828129768372,-0.057499974966049194,0.17689400911331177,0.0,-0.06037955358624458,0.2855287790298462,0.3793681561946869,-0.050747133791446686,0.2837044596672058,0.22924789786338806,-0.062120471149683,0.27843528985977173,0.13749298453330994,-0.05554785579442978,0.2682725191116333,0.05811890959739685,-0.04783376678824425
F,0.22081682085990906,0.7349940240383148,-2.609569094147446e-07,0.13523849844932556,0.650956004858017,-0.00835624523460865,0.07665887475013733,0.5282351076602936,-0.018962817266583443,0.024361073970794678,0.4328888952732086,-0.03784874454140663,0.0,0.3345561623573303,-0.054825082421302795,0.15924546122550964,0.39873746037483215,0.027447277680039406,0.09225580096244812,0.31881949305534363,-0.028070198372006416,0.04442510008811951,0.3563923239707947,-0.0785609781742096,0.02760094404220581,0.4090811312198639,-0.10259389877319336,0.19775471091270447,0.363435834646225,0.009216167964041233,0.15964218974113464,0.19778254628181458,-0.019889652729034424,0.12257322669029236,0.09933611750602722,-0.04524506255984306,0.09691938757896423,0.018163174390792847,-0.060557350516319275,0.24527397751808167,0.35727235674858093,-0.01925750821828842,0.22740617394447327,0.1827104389667511,-0.047429174184799194,0.20025548338890076,0.08294597268104553,-0.05995236709713936,0.17657849192619324,0.0,-0.06305713206529617,0.28845372796058655,0.37789615988731384,-0.05034615471959114,0.2864997088909149,0.2275351583957672,-0.06268792599439621,0.2805834710597992,0.13591083884239197,-0.05675740912556648,0.2700887620449066,0.05731174349784851,-0.04916764050722122
F,0.2200719714164734,0.7337125837802887,-2.7639538302537403e-07,0.1345069408416748,0.6484071314334869,-0.007520577404648066,0.07605057954788208,0.5270379483699799,-0.01787598431110382,0.02382826805114746,0.43373963236808777,-0.036562640219926834,0.0,0.33666083216667175,-0.05359001085162163,0.15656989812850952,0.39626356959342957,0.02564796805381775,0.0886029601097107,0.3166854977607727,-0.03033296763896942,0.04038885235786438,0.3582576811313629,-0.0814659595489502,0.02359873056411743,0.41373762488365173,-0.10609977692365646,0.19607031345367432,0.3615446388721466,0.007124047726392746,0.1592884659767151,0.19578614830970764,-0.022392306476831436,0.1223415732383728,0.09750556945800781,-0.04817785322666168,0.09605586528778076,0.015760332345962524,-0.06408371776342392,0.2442196011543274,0.356109619140625,-0.02127637155354023,0.22787624597549438,0.18159827589988708,-0.04914066568017006,0.20174121856689453,0.08295884728431702,-0.06133792921900749,0.17849200963974,0.0,-0.06451714783906937,0.28800612688064575,0.37774941325187683,-0.05219008028507233,0.28614723682403564,0.2275790274143219,-0.06393744051456451,0.28040367364883423,0.13641655445098877,-0.05704633891582489,0.27001452445983887,0.05807310342788696,-0.04883810877799988
F,0.2242226004600525,0.7333156168460846,-2.725121817093168e-07,0.13825857639312744,0.6483929455280304,-0.00814804807305336,0.07861328125,0.5269956290721893,-0.01919103041291237,0.02488762140274048,0.43380287289619446,-0.038471538573503494,0.0,0.3359116017818451,-0.05630424618721008,0.16080516576766968,0.39826199412345886,0.02490920014679432,0.09423810243606567,0.3164900541305542,-0.03123924881219864,0.04587489366531372,0.35763683915138245,-0.08289725333452225,0.027999013662338257,0.4127078950405121,-0.10807254910469055,0.20138531923294067,0.3641158640384674,0.006111945491284132,0.16433465480804443,0.1973978579044342,-0.024123113602399826,0.127410888671875,0.09860646724700928,-0.05092423036694527,0.10145002603530884,0.016515463590621948,-0.06769060343503952,0.2496960163116455,0.3595939576625824,-0.022605787962675095,0.23403143882751465,0.1840246617794037,-0.05133114010095596,0.20793098211288452,0.08408716320991516,-0.06456851214170456,0.18477100133895874,0.0,-0.06848597526550293,0.2931836247444153,0.3814847767353058,-0.05377848073840141,0.2885940670967102,0.23135146498680115,-0.06621561199426651,0.2811306118965149,0.14083710312843323,-0.05968496575951576,0.2692868113517761,0.06363403797149658,-0.051869843155145645
F,0.22265464067459106,0.7312574684619904,-2.563120915510808e-07,0.13683509826660156,0.6477598249912262,-0.006620925851166248,0.07729542255401611,0.5270185172557831,-0.017099544405937195,0.023850858211517334,0.4351784884929657,-0.035870250314474106,0.0,0.33821165561676025,-0.053147733211517334,0.15721666812896729,0.40037623047828674,0.025055915117263794,0.09206622838973999,0.32142505049705505,-0.030357016250491142,0.04211467504501343,0.3590240180492401,-0.08115047216415405,0.02172142267227173,0.4096541702747345,-0.10573302209377289,0.19714152812957764,0.36744412779808044,0.005752513185143471,0.16077184677124023,0.2002185583114624,-0.025508197024464607,0.12423765659332275,0.10053852200508118,-0.05249065160751343,0.09808391332626343,0.018054425716400146,-0.06859151273965836,0.2449890375137329,0.3616856038570404,-0.023039385676383972,0.228141188621521,0.1852080523967743,-0.05237026885151863,0.20112264156341553,0.08448472619056702,-0.0653504878282547,0.17666900157928467,0.0,-0.06838389486074448,0.28862470388412476,0.3810977637767792,-0.05397830531001091,0.28217780590057373,0.23064658045768738,-0.06606463342905045,0.2751004099845886,0.14084190130233765,-0.05879346653819084,0.2632942199707031,0.06465950608253479,-0.050076570361852646
F,0.2253788411617279,0.7331749498844147,-2.479772831520677e-07,0.13867399096488953,0.6517665088176727,-0.008403376676142216,0.07825884222984314,0.5298817455768585,-0.01909562572836876,0.024129003286361694,0.43479225039482117,-0.037800680845975876,0.0,0.33666226267814636,-0.05456101894378662,0.15771177411079407,0.40259304642677307,0.0253754835575819,0.09316471219062805,0.32214945554733276,-0.0314934141933918,0.04695293307304382,0.357516348361969,-0.08280210196971893,0.030046164989471436,0.40713146328926086,-0.10710794478654861,0.19758078455924988,0.3678821623325348,0.0075209070928394794,0.15993914008140564,0.20206895470619202,-0.02335835061967373,0.12352678179740906,0.102469801902771,-0.04982462152838707,0.09745541214942932,0.02114120125770569,-0.06532436609268188,0.24655088782310486,0.3599771559238434,-0.020207123830914497,0.22604861855506897,0.1833145022392273,-0.04904453083872795,0.19846132397651672,0.08348223567008972,-0.06101663410663605,0.17380377650260925,0.0,-0.06313872337341309,0.29194143414497375,0.37775692343711853,-0.05038876459002495,0.28721919655799866,0.22677549719810486,-0.06206733360886574,0.2814502418041229,0.13607847690582275,-0.05489857867360115,0.2713128626346588,0.05882945656776428,-0.045992422848939896
F,0.22418659925460815,0.7346777319908142,-2.6156064336646523e-07,0.13875949382781982,0.6508258581161499,-0.010945616289973259,0.07942050695419312,0.5271907448768616,-0.02299625240266323,0.02445659041404724,0.4303068518638611,-0.042775027453899384,0.0,0.33096224069595337,-0.06052428483963013,0.16105353832244873,0.4000818729400635,0.024098578840494156,0.09558480978012085,0.31791403889656067,-0.03357314318418503,0.04977095127105713,0.3574049472808838,-0.08557753264904022,0.03368896245956421,0.4098566174507141,-0.11037145555019379,0.20086276531219482,0.36584872007369995,0.007196543272584677,0.16200190782546997,0.20043760538101196,-0.023745816200971603,0.1254875659942627,0.10201245546340942,-0.05035274475812912,0.09964174032211304,0.020732879638671875,-0.06633248180150986,0.24970144033432007,0.3592889904975891,-0.01998557709157467,0.22913920879364014,0.1842498481273651,-0.04906366392970085,0.20170795917510986,0.084392249584198,-0.06131701543927193,0.17740356922149658,0.0,-0.06392403692007065,0.29474377632141113,0.37847280502319336,-0.04992209002375603,0.29019641876220703,0.22693121433258057,-0.06194227188825607,0.284699022769928,0.13613691926002502,-0.05506269633769989,0.27517634630203247,0.05907922983169556,-0.04660702124238014
F,0.22131943702697754,0.7355730831623077,-2.7005492597709235e-07,0.1346724033355713,0.6514398753643036,-0.007577199954539537,0.07615351676940918,0.5288431942462921,-0.017935464158654213,0.024022817611694336,0.4337877929210663,-0.036556899547576904,0.0,0.336662232875824,-0.053586408495903015,0.15603035688400269,0.4017094671726227,0.02645413763821125,0.09219926595687866,0.3197697699069977,-0.030343879014253616,0.044826507568359375,0.354238897562027,-0.08196590840816498,0.025896549224853516,0.40370920300483704,-0.10661273449659348,0.19514036178588867,0.36726871132850647,0.007880056276917458,0.15777188539505005,0.20022377371788025,-0.02353774569928646,0.12123626470565796,0.10081642866134644,-0.05073568597435951,0.09544295072555542,0.019017696380615234,-0.06673778593540192,0.24319028854370117,0.3606255352497101,-0.02053084969520569,0.2243417501449585,0.18533292412757874,-0.050099339336156845,0.19654804468154907,0.08458790183067322,-0.06311921775341034,0.17247170209884644,0.0,-0.06584036350250244,0.28717124462127686,0.3798692524433136,-0.05132286250591278,0.28216421604156494,0.2284429371356964,-0.06353812664747238,0.2752422094345093,0.13756811618804932,-0.05669832602143288,0.2649691700935364,0.06060853600502014,-0.04808494448661804
F,0.21831029653549194,0.7377762198448181,-2.5645280743447074e-07,0.13257735967636108,0.6533260941505432,-0.008366231806576252,0.07579737901687622,0.5301357507705688,-0.01935608871281147,0.023690640926361084,0.4361969828605652,-0.038498036563396454,0.0,0.3393656313419342,-0.05577440187335014,0.15427666902542114,0.3999766707420349,0.024546589702367783,0.08716857433319092,0.3179309666156769,-0.03286372870206833,0.04099458456039429,0.3598698377609253,-0.08424457162618637,0.026049375534057617,0.41655945777893066,-0.10827255249023438,0.19428658485412598,0.3662037253379822,0.006679975427687168,0.15614336729049683,0.19943726062774658,-0.023918550461530685,0.12003755569458008,0.10075759887695312,-0.04966794326901436,0.09488850831985474,0.01885533332824707,-0.06472980976104736,0.24297386407852173,0.3605552315711975,-0.021156223490834236,0.22387820482254028,0.18383514881134033,-0.04979313164949417,0.19666874408721924,0.0837739109992981,-0.06158120185136795,0.17303746938705444,0.0,-0.06366458535194397,0.2869579792022705,0.3813933730125427,-0.05148715898394585,0.2827155590057373,0.229384183883667,-0.06317871063947678,0.27640455961227417,0.1380290389060974,-0.05578598380088806,0.26674383878707886,0.06093662977218628,-0.04666496068239212
F,0.21510356664657593,0.7379755675792694,-2.7708134098247683e-07,0.13044601678848267,0.6534075438976288,-0.0077141220681369305,0.07401448488235474,0.5331056416034698,-0.018895525485277176,0.02285712957382202,0.44091710448265076,-0.03832651302218437,0.0,0.3446894884109497,-0.056276582181453705,0.15270650386810303,0.3996381461620331,0.02438807487487793,0.08426922559738159,0.3197444975376129,-0.033276867121458054,0.03614872694015503,0.3584640920162201,-0.0853474885225296,0.01946157217025757,0.412329763174057,-0.11022370308637619,0.19258540868759155,0.3650350272655487,0.005654857959598303,0.1554393172264099,0.1982402503490448,-0.025314129889011383,0.11878013610839844,0.09992426633834839,-0.05156240612268448,0.0922054648399353,0.018517732620239258,-0.0673060491681099,0.24089443683624268,0.35992202162742615,-0.0230094064027071,0.22569310665130615,0.1838875412940979,-0.052548084408044815,0.19964253902435303,0.084087073802948,-0.06557974219322205,0.1763707995414734,0.0,-0.06878949701786041,0.28440892696380615,0.38253793120384216,-0.054028820246458054,0.2832982540130615,0.2315281331539154,-0.06724803894758224,0.2776070833206177,0.1398511826992035,-0.0610586479306221,0.26766061782836914,0.060785114765167236,-0.0529356487095356
F,0.21818196773529053,0.7359901964664459,-2.797751506022905e-07,0.1326097846031189,0.6521340906620026,-0.007911687716841698,0.07492280006408691,0.5314153730869293,-0.01886756904423237,0.023597508668899536,0.43811169266700745,-0.03801552951335907,0.0,0.341503769159317,-0.05539112165570259,0.15488439798355103,0.39920321106910706,0.02476157620549202,0.08478647470474243,0.3223123848438263,-0.03223063424229622,0.03697580099105835,0.3630891740322113,-0.0837860181927681,0.02147078514099121,0.41833165287971497,-0.10826661437749863,0.19368159770965576,0.3629778325557709,0.006467579863965511,0.1542767882347107,0.1977333128452301,-0.02245904877781868,0.11762392520904541,0.09924715757369995,-0.04694439843297005,0.09195452928543091,0.017835497856140137,-0.061694853007793427,0.24151021242141724,0.3564726412296295,-0.02186444029211998,0.22494292259216309,0.18167683482170105,-0.04925825074315071,0.19855618476867676,0.08242124319076538,-0.06053069978952408,0.17541152238845825,0.0,-0.06295807659626007,0.2847067713737488,0.37800154089927673,-0.05281347408890724,0.2843264937400818,0.2278365194797516,-0.06438934803009033,0.27949583530426025,0.1362757384777069,-0.05720898136496544,0.270433247089386,0.05788138508796692,-0.048563797026872635
F,0.2115040421485901,0.7411723732948303,-2.8219258751960297e-07,0.12769144773483276,0.6575786471366882,-0.006875902414321899,0.07173526287078857,0.5370429754257202,-0.017026254907250404,0.022732675075531006,0.4467617869377136,-0.035151705145835876,0.0,0.35275325179100037,-0.051996998488903046,0.14882832765579224,0.40271705389022827,0.023155836388468742,0.08118170499801636,0.32531166076660156,-0.03314686939120293,0.031828999519348145,0.3677248954772949,-0.08448757976293564,0.013914883136749268,0.4236069321632385,-0.10921377688646317,0.18865352869033813,0.3664982318878174,0.0042023384012281895,0.15068137645721436,0.2009705901145935,-0.02558932825922966,0.11473536491394043,0.10248664021492004,-0.0511544905602932,0.08929938077926636,0.019980281591415405,-0.06673473864793777,0.23717212677001953,0.3620232343673706,-0.024371597915887833,0.22366052865982056,0.1866324543952942,-0.053261518478393555,0.1984296441078186,0.08536222577095032,-0.06634768098592758,0.17574572563171387,0.0,-0.06995756179094315,0.2809463143348694,0.38624507188796997,-0.05516630411148071,0.2797517776489258,0.2360163927078247,-0.06801313161849976,0.27453911304473877,0.14478826522827148,-0.06135716661810875,0.26503437757492065,0.06594333052635193,-0.05319834128022194
F,0.21750682592391968,0.737370103597641,-2.9419618385873036e-07,0.13022196292877197,0.6537401378154755,-0.004650843795388937,0.07307040691375732,0.5331796109676361,-0.013914624229073524,0.02263963222503662,0.4414725601673126,-0.031854066997766495,0.0,0.34580639004707336,-0.048329222947359085,0.15352880954742432,0.4024953544139862,0.02766253799200058,0.08777683973312378,0.3230608403682709,-0.028466809540987015,0.0382537841796875,0.3617410957813263,-0.0793142095208168,0.01923954486846924,0.41511794924736023,-0.10319065302610397,0.19309920072555542,0.3663831651210785,0.007822219282388687,0.15480726957321167,0.20097026228904724,-0.02102862112224102,0.11809086799621582,0.10175493359565735,-0.044814642518758774,0.09173017740249634,0.019688159227371216,-0.058638136833906174,0.24104195833206177,0.36030545830726624,-0.02188127487897873,0.2264443039894104,0.18434134125709534,-0.04896950721740723,0.20079272985458374,0.08389830589294434,-0.05907032638788223,0.17808246612548828,0.0,-0.060365963727235794,0.28394782543182373,0.38173893094062805,-0.05396673083305359,0.2805458903312683,0.23155808448791504,-0.06516231596469879,0.27474164962768555,0.14071133732795715,-0.05672462657094002,0.2652251124382019,0.062463194131851196,-0.04693728685379028
F,0.21233698725700378,0.7405428290367126,-2.729280765834119e-07,0.1270260512828827,0.6575931906700134,-0.007421680260449648,0.07079353928565979,0.536716878414154,-0.01814529486000538,0.021976858377456665,0.4449229836463928,-0.03683118894696236,0.0,0.3502745032310486,-0.053782980889081955,0.14948520064353943,0.40202265977859497,0.022915717214345932,0.08282962441444397,0.32232895493507385,-0.03400031104683876,0.03413775563240051,0.36409467458724976,-0.08443747460842133,0.01685979962348938,0.4213383197784424,-0.10779310762882233,0.18895205855369568,0.3662746548652649,0.004572197794914246,0.1512109935283661,0.20041632652282715,-0.0257350355386734,0.11463263630867004,0.10164806246757507,-0.049458056688308716,0.0886746346950531,0.019003868103027344,-0.06289364397525787,0.2374553382396698,0.36149758100509644,-0.023605555295944214,0.22329196333885193,0.18548905849456787,-0.05260225385427475,0.19763538241386414,0.08471912145614624,-0.06353281438350677,0.17509010434150696,0.0,-0.06490413099527359,0.2813582122325897,0.385107159614563,-0.05414959043264389,0.2813948094844818,0.23369932174682617,-0.06680816411972046,0.27642932534217834,0.14137637615203857,-0.05918751284480095,0.26760658621788025,0.06218975782394409,-0.0497046560049057
F,0.22221404314041138,0.7333780527114868,-2.6822456788977433e-07,0.1360030174255371,0.6487826704978943,-0.011495198123157024,0.07745438814163208,0.5283315181732178,-0.023637766018509865,0.02450743317604065,0.43472588062286377,-0.043363798409700394,0.0,0.3373044729232788,-0.06133342906832695,0.15704196691513062,0.3974294662475586,0.023566991090774536,0.09299451112747192,0.31666871905326843,-0.03451865166425705,0.04575985670089722,0.3586964011192322,-0.08705282211303711,0.028640925884246826,0.4161456227302551,-0.11207977682352066,0.19772005081176758,0.36123961210250854,0.00704988231882453,0.16024762392044067,0.1971607506275177,-0.02242976985871792,0.12461286783218384,0.09950229525566101,-0.04805586487054825,0.09924614429473877,0.01786673069000244,-0.06380440294742584,0.2474389672279358,0.35595864057540894,-0.020001854747533798,0.2320805788040161,0.18242216110229492,-0.048120658844709396,0.20736193656921387,0.08348795771598816,-0.060144681483507156,0.18473416566848755,0.0,-0.06309880316257477,0.29260843992233276,0.37876445055007935,-0.049956340342760086,0.29048508405685425,0.22971981763839722,-0.062357280403375626,0.2853570580482483,0.13938230276107788,-0.055535562336444855,0.27555859088897705,0.061366915702819824,-0.04718075320124626
F,0.212039053440094,0.7396608889102936,-2.624938133521937e-07,0.12851470708847046,0.6574506461620331,-0.008152498863637447,0.07244068384170532,0.5348441898822784,-0.019102273508906364,0.022738158702850342,0.44125649333000183,-0.037818100303411484,0.0,0.3447601795196533,-0.055182527750730515,0.15338587760925293,0.40330448746681213,0.02250741608440876,0.08570891618728638,0.3234498202800751,-0.0335790179669857,0.03614449501037598,0.36028364300727844,-0.0838267132639885,0.017900943756103516,0.411624938249588,-0.10770488530397415,0.193367600440979,0.3673683702945709,0.003991459496319294,0.1554461121559143,0.20110464096069336,-0.0263722762465477,0.11938899755477905,0.10196509957313538,-0.05131523683667183,0.09407645463943481,0.019664794206619263,-0.06609873473644257,0.24187767505645752,0.3633570969104767,-0.024300402030348778,0.22944504022598267,0.18811079859733582,-0.05375361442565918,0.2043197751045227,0.08583477139472961,-0.06634937226772308,0.18188822269439697,0.0,-0.06925567984580994,0.285457968711853,0.3878026306629181,-0.054898764938116074,0.28503555059432983,0.23640325665473938,-0.06841614097356796,0.279607892036438,0.14374655485153198,-0.06223701685667038,0.2697789669036865,0.06434237957000732,-0.054205991327762604
F,0.21673256158828735,0.7369099259376526,-3.2878543265724147e-07,0.130307137966156,0.6552857756614685,-0.007989105768501759,0.07397109270095825,0.5333912968635559,-0.018177103251218796,0.023682832717895508,0.4410444498062134,-0.03617115691304207,0.0,0.34590649604797363,-0.052907560020685196,0.15429234504699707,0.400102436542511,0.023830629885196686,0.08810216188430786,0.3203850984573364,-0.03209507465362549,0.04122978448867798,0.3647913932800293,-0.083856962621212,0.024817228317260742,0.42340558767318726,-0.1092131957411766,0.19462448358535767,0.3633963465690613,0.0051980996504426,0.157417893409729,0.20041877031326294,-0.02250002697110176,0.12132221460342407,0.10234567523002625,-0.048194706439971924,0.09510999917984009,0.020695239305496216,-0.0649363100528717,0.24390184879302979,0.3596654534339905,-0.023359302431344986,0.2342923879623413,0.18593022227287292,-0.05005350336432457,0.21239858865737915,0.08543801307678223,-0.06349089741706848,0.19230026006698608,0.0,-0.06869446486234665,0.287997305393219,0.38563817739486694,-0.05443694815039635,0.2878628969192505,0.2385006546974182,-0.06666985154151917,0.28434300422668457,0.14865082502365112,-0.06064220890402794,0.2763548493385315,0.07008880376815796,-0.053684625774621964
F,0.21571731567382812,0.7384064793586731,-2.8456997824832797e-07,0.13208776712417603,0.6534808874130249,-0.011190460994839668,0.07586038112640381,0.5332040190696716,-0.02319384552538395,0.02421402931213379,0.44123053550720215,-0.04259882867336273,0.0,0.345100462436676,-0.06024022400379181,0.15679240226745605,0.4008823037147522,0.02188817225396633,0.09122717380523682,0.32220155000686646,-0.03709481284022331,0.04213958978652954,0.3636412024497986,-0.09075335413217545,0.02310967445373535,0.41978299617767334,-0.11671993881464005,0.19563525915145874,0.3639989495277405,0.005261000245809555,0.15767323970794678,0.20172616839408875,-0.02590007334947586,0.12117356061935425,0.1032319962978363,-0.05263078957796097,0.09505343437194824,0.02027830481529236,-0.06902198493480682,0.24407917261123657,0.3581218123435974,-0.021628905087709427,0.22964048385620117,0.18471041321754456,-0.05114029720425606,0.20450955629348755,0.08485537767410278,-0.06392290443181992,0.18203896284103394,0.0,-0.06714746356010437,0.28814369440078735,0.38019782304763794,-0.05134755000472069,0.2887464761734009,0.2313167154788971,-0.06452744454145432,0.284618616104126,0.14045163989067078,-0.058051660656929016,0.27566689252853394,0.06157085299491882,-0.04981682077050209
F,0.21274366974830627,0.73442742228508,-3.1716385251456813e-07,0.12767484784126282,0.6499962508678436,-0.006554733961820602,0.07208940386772156,0.5299982726573944,-0.017068451270461082,0.023474901914596558,0.43893179297447205,-0.03617645427584648,0.0,0.344893217086792,-0.053749848157167435,0.1517113745212555,0.39738765358924866,0.025054140016436577,0.0842336118221283,0.318366676568985,-0.03170504420995712,0.03614988923072815,0.36046090722084045,-0.08339361101388931,0.018703043460845947,0.4170616567134857,-0.10814152657985687,0.1900724470615387,0.3612821400165558,0.0057274154387414455,0.15152564644813538,0.19739171862602234,-0.02292858250439167,0.11497560143470764,0.09973934292793274,-0.048038892447948456,0.08871600031852722,0.018688946962356567,-0.06360659748315811,0.23728415369987488,0.3548242747783661,-0.02347608283162117,0.22005894780158997,0.1812599003314972,-0.050527751445770264,0.19396623969078064,0.08256867527961731,-0.06254342198371887,0.17116257548332214,0.0,-0.06598389148712158,0.28028592467308044,0.37630847096443176,-0.05523497611284256,0.2794829308986664,0.22740885615348816,-0.06676515191793442,0.2740715444087982,0.13706019520759583,-0.05998736992478371,0.2641657292842865,0.05977866053581238,-0.05196090415120125
F,0.21577322483062744,0.7333383858203888,-2.9376269594649784e-07,0.1319371461868286,0.6500354111194611,-0.008344601839780807,0.0739520788192749,0.5278949439525604,-0.019285615533590317,0.022898614406585693,0.43470606207847595,-0.038274869322776794,0.0,0.3390612006187439,-0.0559518039226532,0.15410220623016357,0.3960770070552826,0.02321700192987919,0.08530265092849731,0.3174092173576355,-0.033356569707393646,0.03731131553649902,0.3595793545246124,-0.08510676771402359,0.021091222763061523,0.4155714213848114,-0.11013557016849518,0.19324249029159546,0.3600381910800934,0.004802438896149397,0.15552544593811035,0.19540101289749146,-0.022826705127954483,0.11948275566101074,0.09861862659454346,-0.047886621206998825,0.09431308507919312,0.019244134426116943,-0.06403419375419617,0.24114102125167847,0.3549502193927765,-0.023618828505277634,0.22777694463729858,0.1800002157688141,-0.0504523403942585,0.20294880867004395,0.0815688967704773,-0.06369861960411072,0.18113648891448975,0.0,-0.06843546777963638,0.2849946618080139,0.3783484995365143,-0.054586708545684814,0.28706198930740356,0.22808057069778442,-0.06711150705814362,0.28392207622528076,0.1368611454963684,-0.0617707297205925,0.2760803699493408,0.05848899483680725,-0.055042386054992676
F,0.21746903657913208,0.7387583553791046,-2.884287937376939e-07,0.13249117136001587,0.6551659405231476,-0.005518502555787563,0.07503437995910645,0.533736914396286,-0.015310551971197128,0.024002403020858765,0.44139745831489563,-0.03369992598891258,0.0,0.34510231018066406,-0.05040983855724335,0.1549556851387024,0.399234801530838,0.02679772488772869,0.08638733625411987,0.322661817073822,-0.029020942747592926,0.0367276668548584,0.36559972167015076,-0.07980698347091675,0.01929306983947754,0.4224778115749359,-0.10392825305461884,0.19293451309204102,0.3635238707065582,0.00737524451687932,0.15443605184555054,0.19933506846427917,-0.02074092999100685,0.1178133487701416,0.1015872061252594,-0.04409543052315712,0.09185105562210083,0.020500779151916504,-0.058066476136446,0.2394360899925232,0.35787513852119446,-0.022005019709467888,0.22480297088623047,0.18329855799674988,-0.0487951822578907,0.1998392939567566,0.08340677618980408,-0.05929196625947952,0.17778611183166504,0.0,-0.06133037433028221,0.2812997102737427,0.38060256838798523,-0.05385207384824753,0.2829916477203369,0.2311282753944397,-0.06524577736854553,0.2790299654006958,0.1399332880973816,-0.05771057307720184,0.2703370451927185,0.061660587787628174,-0.04886781424283981
F,0.2126525342464447,0.7351377308368683,-2.5811041837187076e-07,0.12861725687980652,0.6481926739215851,-0.0064633628353476524,0.07256850600242615,0.5292849242687225,-0.016714109107851982,0.022850006818771362,0.43914100527763367,-0.035252027213573456,0.0,0.34473296999931335,-0.05222029611468315,0.1525128185749054,0.39781275391578674,0.025769170373678207,0.0858183205127716,0.3201005756855011,-0.03062574379146099,0.03555384278297424,0.3575100600719452,-0.0817723199725151,0.016149431467056274,0.4091496169567108,-0.10589227080345154,0.19033166766166687,0.36286821961402893,0.007168299984186888,0.15259471535682678,0.19719508290290833,-0.022595291957259178,0.1161663830280304,0.09839901328086853,-0.047491565346717834,0.09047648310661316,0.016279369592666626,-0.0620335228741169,0.23750624060630798,0.35705235600471497,-0.021213864907622337,0.22250130772590637,0.18200942873954773,-0.049649428576231,0.19640681147575378,0.08271506428718567,-0.06115368753671646,0.17307212948799133,0.0,-0.06302855163812637,0.28081825375556946,0.37815049290657043,-0.05196257680654526,0.2817908823490143,0.22727090120315552,-0.06413190066814423,0.27811893820762634,0.13547781109809875,-0.05691118538379669,0.2696721851825714,0.056924641132354736,-0.04783289507031441
F,0.21470659971237183,0.7358153462409973,-2.973920061322133e-07,0.1310819387435913,0.6520058512687683,-0.010409479960799217,0.07351833581924438,0.5323435664176941,-0.02226419746875763,0.0228193998336792,0.4420604705810547,-0.041667308658361435,0.0,0.34744328260421753,-0.05972354859113693,0.1529167890548706,0.39630401134490967,0.021317526698112488,0.08556348085403442,0.3181370794773102,-0.03601742535829544,0.037199556827545166,0.3631085157394409,-0.08881580084562302,0.02011924982070923,0.42173272371292114,-0.11479368060827255,0.19286692142486572,0.35995054244995117,0.0035922895185649395,0.15475577116012573,0.1973128616809845,-0.025134852156043053,0.11846286058425903,0.10057094693183899,-0.051367297768592834,0.09287047386169434,0.020469874143600464,-0.06846987456083298,0.24111348390579224,0.3567901849746704,-0.02425866387784481,0.23001182079315186,0.18305617570877075,-0.05224209651350975,0.20599865913391113,0.08361360430717468,-0.06608330458402634,0.18415576219558716,0.0,-0.07129382342100143,0.2841397523880005,0.38321352005004883,-0.054795004427433014,0.2852247357368469,0.2355264127254486,-0.06822706758975983,0.28126800060272217,0.14523100852966309,-0.06289512664079666,0.2724791169166565,0.0670824944972992,-0.05619930848479271
F,0.21305343508720398,0.7391834855079651,-3.147623317545367e-07,0.12802937626838684,0.6582216620445251,-0.0073378002271056175,0.07164159417152405,0.5356725454330444,-0.017417147755622864,0.02287614345550537,0.4434031844139099,-0.03550723195075989,0.0,0.34899768233299255,-0.05220942199230194,0.15068498253822327,0.398756206035614,0.023061711341142654,0.08232364058494568,0.31795793771743774,-0.03261984884738922,0.0338042676448822,0.3632316589355469,-0.08361098915338516,0.017364978790283203,0.4229462742805481,-0.10823654383420944,0.19079437851905823,0.36198270320892334,0.004302539397031069,0.15281400084495544,0.19853395223617554,-0.023417342454195023,0.11603489518165588,0.10171064734458923,-0.04785309359431267,0.08962789177894592,0.022084087133407593,-0.06335942447185516,0.23833408951759338,0.35746294260025024,-0.02427968569099903,0.22686561942100525,0.18286225199699402,-0.05105683207511902,0.2021377980709076,0.08318814635276794,-0.0634467676281929,0.18018707633018494,0.0,-0.06766283512115479,0.27977773547172546,0.3819175958633423,-0.0553315132856369,0.28046849370002747,0.23397564888000488,-0.06766688823699951,0.2763364017009735,0.1439952850341797,-0.06135835498571396,0.26800939440727234,0.06625938415527344,-0.05390939489006996
F,0.21907851099967957,0.7319554686546326,-2.8219520231687056e-07,0.13463744521141052,0.6470279097557068,-0.011654186993837357,0.07594981789588928,0.5272233486175537,-0.024690868332982063,0.023316293954849243,0.43470579385757446,-0.045409634709358215,0.0,0.3385447859764099,-0.06462694704532623,0.15510782599449158,0.3923993706703186,0.02115997113287449,0.08653250336647034,0.31653517484664917,-0.03747382387518883,0.038927942514419556,0.3623359799385071,-0.09150085598230362,0.0238533616065979,0.42075836658477783,-0.11808279901742935,0.19494947791099548,0.35665804147720337,0.004331392701715231,0.1570303738117218,0.1948617696762085,-0.0236909668892622,0.12153217196464539,0.09864357113838196,-0.049528930336236954,0.09671500325202942,0.017975449562072754,-0.06655681878328323,0.24354276061058044,0.35189205408096313,-0.02289402112364769,0.2269555628299713,0.17936182022094727,-0.04955606162548065,0.2019115388393402,0.08194869756698608,-0.06194767728447914,0.17944881319999695,0.0,-0.06641068309545517,0.287479430437088,0.37591689825057983,-0.05314755067229271,0.2858565151691437,0.22858482599258423,-0.0655081495642662,0.2812936007976532,0.1389445662498474,-0.05949677899479866,0.2719257175922394,0.06116423010826111,-0.05230205878615379
F,0.21759578585624695,0.737639456987381,-2.7995906748401467e-07,0.13186272978782654,0.6532772481441498,-0.006850736681371927,0.07457312941551208,0.5323056876659393,-0.017143217846751213,0.023960471153259277,0.4400295317173004,-0.03569555655121803,0.0,0.34484371542930603,-0.052457887679338455,0.15374639630317688,0.39866402745246887,0.024508820846676826,0.08350881934165955,0.32038602232933044,-0.03193983808159828,0.03472301363945007,0.3628097474575043,-0.08304411172866821,0.018410205841064453,0.4189698398113251,-0.10734888911247253,0.19210758805274963,0.3634903132915497,0.00603097677230835,0.1529655158519745,0.1976374089717865,-0.023575877770781517,0.11650004982948303,0.0996321439743042,-0.04874187707901001,0.09118625521659851,0.017698287963867188,-0.0638718456029892,0.23971375823020935,0.35737887024879456,-0.022106220945715904,0.22190448641777039,0.18142655491828918,-0.05055413767695427,0.19556114077568054,0.08274450898170471,-0.06259481608867645,0.1724456250667572,0.0,-0.06519617885351181,0.2837775647640228,0.3789493143558502,-0.052584048360586166,0.28408727049827576,0.22705507278442383,-0.06489154696464539,0.27938124537467957,0.13434430956840515,-0.05805671587586403,0.2700788080692291,0.05463087558746338,-0.049499742686748505
F,0.2093856930732727,0.7344383299350739,-2.7201360808248864e-07,0.12594175338745117,0.648859292268753,-0.006505623459815979,0.0702812671661377,0.5301189124584198,-0.016381852328777313,0.022369414567947388,0.44197455048561096,-0.03436026722192764,0.0,0.3509443998336792,-0.05088481679558754,0.14721012115478516,0.393722265958786,0.02333693392574787,0.07862687110900879,0.3191995918750763,-0.0335322842001915,0.029843151569366455,0.35907527804374695,-0.08557235449552536,0.012363910675048828,0.41245654225349426,-0.11052567511796951,0.18527072668075562,0.3579879105091095,0.004674541763961315,0.1462727189064026,0.1943153738975525,-0.02479609288275242,0.1105496883392334,0.09690818190574646,-0.050427187234163284,0.0854874849319458,0.016496986150741577,-0.06604223698377609,0.23230630159378052,0.35196325182914734,-0.023463640362024307,0.21522468328475952,0.1778428852558136,-0.05141570419073105,0.1894555687904358,0.08073082566261292,-0.06381972134113312,0.16695457696914673,0.0,-0.06698618829250336,0.27559059858322144,0.37409642338752747,-0.05394720286130905,0.2764490246772766,0.22471466660499573,-0.06566443294286728,0.2725350260734558,0.1343066394329071,-0.05871463567018509,0.26433658599853516,0.05714583396911621,-0.05024010315537453
F,0.2181081771850586,0.7318086326122284,-3.011862190760439e-07,0.13386839628219604,0.6458987891674042,-0.008250793442130089,0.07558935880661011,0.5259568393230438,-0.019600385800004005,0.024245858192443848,0.43398353457450867,-0.03921651840209961,0.0,0.3386632800102234,-0.05747612938284874,0.1565232276916504,0.3927733600139618,0.02404843643307686,0.08900225162506104,0.3151343762874603,-0.03291899710893631,0.04157906770706177,0.3586999475955963,-0.08551198989152908,0.024951457977294922,0.41490718722343445,-0.11122804135084152,0.19486451148986816,0.35764941573143005,0.005489536095410585,0.15605872869491577,0.19460996985435486,-0.022544700652360916,0.1205453872680664,0.097635418176651,-0.04860861226916313,0.09542548656463623,0.01681119203567505,-0.06575951725244522,0.24254202842712402,0.3519597351551056,-0.023075662553310394,0.2253168821334839,0.17949828505516052,-0.04976582154631615,0.2001335620880127,0.08199211955070496,-0.06304682046175003,0.1773962378501892,0.0,-0.06807038933038712,0.2871570587158203,0.3739895522594452,-0.05431114137172699,0.2868252992630005,0.22502607107162476,-0.06607259064912796,0.2828625440597534,0.1346096396446228,-0.06030256673693657,0.27364689111709595,0.05655848979949951,-0.05355812981724739
F,0.2134856879711151,0.7368741929531097,-2.7706295213647536e-07,0.12881889939308167,0.6523511707782745,-0.006031719036400318,0.0722857415676117,0.5340957343578339,-0.016225125640630722,0.023160308599472046,0.4452414810657501,-0.03477485850453377,0.0,0.35228434205055237,-0.05192868411540985,0.1514398157596588,0.39668551087379456,0.024713454768061638,0.08275523781776428,0.3202287256717682,-0.031688135117292404,0.0327552855014801,0.3603077232837677,-0.08324500918388367,0.013930022716522217,0.4139327108860016,-0.10805083811283112,0.1895292103290558,0.360941618680954,0.005432280246168375,0.15182021260261536,0.19702336192131042,-0.02414659969508648,0.11504480242729187,0.09957319498062134,-0.04976765811443329,0.08882537484169006,0.01889723539352417,-0.06541623920202255,0.23669925332069397,0.3559059798717499,-0.023461706936359406,0.22367510199546814,0.18141266703605652,-0.05166797712445259,0.1979810893535614,0.08222782611846924,-0.06456493586301804,0.1753270924091339,0.0,-0.06819424778223038,0.2797735035419464,0.3797571361064911,-0.05465792492032051,0.28399458527565,0.22980085015296936,-0.06720900535583496,0.280715674161911,0.13744425773620605,-0.0611298643052578,0.2724126875400543,0.05784398317337036,-0.0533655621111393
F,0.21631979942321777,0.7362090647220612,-2.658685787082504e-07,0.1340731978416443,0.6488522589206696,-0.0113915940746665,0.07647496461868286,0.5302155315876007,-0.02412893995642662,0.02365022897720337,0.44061192870140076,-0.04451713711023331,0.0,0.34566259384155273,-0.06354429572820663,0.15467333793640137,0.39583250880241394,0.02143026888370514,0.08870208263397217,0.32042396068573,-0.036992207169532776,0.03893309831619263,0.3657474219799042,-0.09093291312456131,0.020369350910186768,0.42375704646110535,-0.11757952719926834,0.1940634846687317,0.3604857623577118,0.004413919523358345,0.1573050618171692,0.19789642095565796,-0.02535722777247429,0.12128335237503052,0.10088890790939331,-0.0523265115916729,0.09536319971084595,0.01859825849533081,-0.0696852058172226,0.24307477474212646,0.3563079535961151,-0.022890865802764893,0.22932714223861694,0.1826932430267334,-0.051690101623535156,0.2044256329536438,0.08365920186042786,-0.06541038304567337,0.1811840534210205,0.0,-0.0700610876083374,0.2880171537399292,0.38056889176368713,-0.053015466779470444,0.2894158363342285,0.23145020008087158,-0.06652381271123886,0.285700261592865,0.14043518900871277,-0.06093774363398552,0.27592623233795166,0.061468303203582764,-0.05384158343076706
F,0.21544525027275085,0.7358085811138153,-2.977373583235021e-07,0.12901535630226135,0.6520458161830902,-0.006365517619997263,0.072541743516922,0.5324604213237762,-0.016392912715673447,0.02290228009223938,0.4414157569408417,-0.03465164452791214,0.0,0.3472552001476288,-0.0509490929543972,0.15154287219047546,0.39724937081336975,0.02440781146287918,0.08275601267814636,0.3188258707523346,-0.03188370168209076,0.03569480776786804,0.3636763393878937,-0.08290167897939682,0.020339906215667725,0.4222443401813507,-0.10702294856309891,0.18931671977043152,0.3621123135089874,0.005995897110551596,0.15033164620399475,0.19807985424995422,-0.023278702050447464,0.11377891898155212,0.10026377439498901,-0.04830460250377655,0.08768847584724426,0.017899125814437866,-0.06345610320568085,0.2362762987613678,0.3560645878314972,-0.02202128805220127,0.21896705031394958,0.18230882287025452,-0.04936106130480766,0.19325467944145203,0.08359646797180176,-0.06123277544975281,0.1707737147808075,0.0,-0.06414089351892471,0.2793903648853302,0.37765464186668396,-0.052422430366277695,0.2804292142391205,0.22771143913269043,-0.0635194182395935,0.2760651409626007,0.13573962450027466,-0.0563771091401577,0.2675674855709076,0.056030482053756714,-0.04790579900145531
F,0.21029132604599,0.7372168004512787,-2.8381518291098473e-07,0.12726163864135742,0.6544470489025116,-0.0076691447757184505,0.071380615234375,0.534513384103775,-0.01784665882587433,0.02267506718635559,0.44469454884529114,-0.03574349731206894,0.0,0.35265854001045227,-0.052089110016822815,0.15003728866577148,0.39742526412010193,0.0222011748701334,0.0825796127319336,0.31945326924324036,-0.03464389592409134,0.03448295593261719,0.3609403073787689,-0.08608366549015045,0.017340421676635742,0.41580334305763245,-0.11066709458827972,0.18848532438278198,0.3623289167881012,0.0040516480803489685,0.1493716835975647,0.19746646285057068,-0.02621380239725113,0.11325758695602417,0.09949427843093872,-0.051837481558322906,0.08727449178695679,0.017699748277664185,-0.06737746298313141,0.23639148473739624,0.3576418459415436,-0.023760149255394936,0.22156286239624023,0.18322637677192688,-0.0525578074157238,0.1965692639350891,0.08388584852218628,-0.0656684935092926,0.17411649227142334,0.0,-0.06927976757287979,0.2803691029548645,0.3810831606388092,-0.05391550809144974,0.28148359060287476,0.23042836785316467,-0.06654347479343414,0.27754056453704834,0.13902124762535095,-0.0603807233273983,0.2691449522972107,0.06006625294685364,-0.05256756395101547
F,0.21871817111968994,0.7338118255138397,-3.0156621733112843e-07,0.13325929641723633,0.6489080488681793,-0.010522312484681606,0.0762893557548523,0.5290375649929047,-0.022312624379992485,0.024713903665542603,0.43665727972984314,-0.041709769517183304,0.0,0.34119662642478943,-0.05959266051650047,0.1563771367073059,0.3973676860332489,0.02169983461499214,0.08992302417755127,0.318145215511322,-0.03560999408364296,0.042409539222717285,0.3634812533855438,-0.08834134787321091,0.02567356824874878,0.4225521981716156,-0.11408758163452148,0.19562262296676636,0.3612154424190521,0.004754785448312759,0.15778839588165283,0.1979314386844635,-0.02359049767255783,0.12162524461746216,0.1005132794380188,-0.049714040011167526,0.0953972339630127,0.018907278776168823,-0.06676317006349564,0.2444401979446411,0.35521385073661804,-0.022266164422035217,0.22907191514968872,0.18163228034973145,-0.04902293533086777,0.20471727848052979,0.08311745524406433,-0.06199504807591438,0.1824132204055786,0.0,-0.06672605872154236,0.2892649173736572,0.37720373272895813,-0.0521194152534008,0.28809916973114014,0.22882962226867676,-0.06390799582004547,0.2836282253265381,0.13856834173202515,-0.057686008512973785,0.27378249168395996,0.06067052483558655,-0.05047258362174034
F,0.21507877111434937,0.7358167171478271,-2.778123473490268e-07,0.13023912906646729,0.6523041129112244,-0.00682769576087594,0.07325637340545654,0.5322536826133728,-0.017108364030718803,0.023465067148208618,0.4397914409637451,-0.03553194925189018,0.0,0.3447889983654022,-0.052314888685941696,0.15257716178894043,0.39879047870635986,0.02389233000576496,0.08278465270996094,0.3218139410018921,-0.03204548731446266,0.03413933515548706,0.36135637760162354,-0.082572802901268,0.017880022525787354,0.41552674770355225,-0.10658422857522964,0.19113761186599731,0.3627556562423706,0.0051357378251850605,0.15185362100601196,0.1968526840209961,-0.02415693923830986,0.11524045467376709,0.09896570444107056,-0.048763975501060486,0.08999437093734741,0.018125146627426147,-0.06348084658384323,0.23875778913497925,0.35690242052078247,-0.02323724702000618,0.22224265336990356,0.18121033906936646,-0.05161032825708389,0.19610172510147095,0.08225065469741821,-0.06366916745901108,0.17345619201660156,0.0,-0.06641461700201035,0.2821829915046692,0.3798137307167053,-0.05392289161682129,0.2836568355560303,0.22919443249702454,-0.0665285736322403,0.2787829637527466,0.13677996397018433,-0.060092534869909286,0.26936668157577515,0.05758458375930786,-0.051887523382902145
F,0.21598586440086365,0.7331624031066895,-2.820115412305313e-07,0.13230976462364197,0.6491456031799316,-0.009331776760518551,0.07431283593177795,0.5287265181541443,-0.020591802895069122,0.02309677004814148,0.4356333017349243,-0.039817631244659424,0.0,0.3398854434490204,-0.057454630732536316,0.15404942631721497,0.3963010311126709,0.023633668199181557,0.0858524739742279,0.31880131363868713,-0.03304991126060486,0.03686073422431946,0.3598863482475281,-0.08463703095912933,0.019405335187911987,0.4145907759666443,-0.10939313471317291,0.19314917922019958,0.35979777574539185,0.005934173706918955,0.15454992651939392,0.1960633397102356,-0.022480765357613564,0.11828824877738953,0.09884363412857056,-0.047258902341127396,0.09286561608314514,0.0182037353515625,-0.06272386014461517,0.2408718764781952,0.35363882780075073,-0.021923499181866646,0.2251693308353424,0.180433452129364,-0.049443118274211884,0.19959589838981628,0.0819668173789978,-0.06183744594454765,0.17704448103904724,0.0,-0.06539713591337204,0.28446701169013977,0.37553417682647705,-0.05246938392519951,0.284624844789505,0.22605577111244202,-0.06478966772556305,0.2804512083530426,0.135431170463562,-0.058726146817207336,0.27171382308006287,0.05840343236923218,-0.05116051435470581
F,0.21435880661010742,0.7359530627727509,-2.963485883356043e-07,0.13057124614715576,0.6527117788791656,-0.008085778914391994,0.07419180870056152,0.5317377746105194,-0.01885087788105011,0.02376013994216919,0.4398903548717499,-0.03747580200433731,0.0,0.345462441444397,-0.05464008450508118,0.15429717302322388,0.39988091588020325,0.02187833935022354,0.0861579179763794,0.32192978262901306,-0.03453144431114197,0.03743237257003784,0.36321040987968445,-0.08559547364711761,0.019888877868652344,0.41811493039131165,-0.11004409193992615,0.19283688068389893,0.363553911447525,0.0036749134305864573,0.15455102920532227,0.1990353763103485,-0.02549661323428154,0.11840426921844482,0.10193896293640137,-0.05043701454997063,0.09284651279449463,0.021241068840026855,-0.06572818756103516,0.2404382824897766,0.3573354184627533,-0.024190090596675873,0.22655576467514038,0.18268069624900818,-0.05244298651814461,0.2011755108833313,0.08340021967887878,-0.06514471769332886,0.17845773696899414,0.0,-0.0686657503247261,0.28438788652420044,0.37979623675346375,-0.05446000397205353,0.28646528720855713,0.2293585240840912,-0.06703303754329681,0.2823485732078552,0.13804766535758972,-0.06063422933220863,0.27304714918136597,0.06008666753768921,-0.05272259563207626
F,0.21823185682296753,0.7347553074359894,-3.1379212828142045e-07,0.13314390182495117,0.6517660319805145,-0.009328881278634071,0.07522368431091309,0.5320034325122833,-0.020906951278448105,0.023670732975006104,0.44001665711402893,-0.040467604994773865,0.0,0.3443443775177002,-0.0584489144384861,0.15458691120147705,0.3982183635234833,0.02243395708501339,0.08551806211471558,0.3203129470348358,-0.03499092534184456,0.03796118497848511,0.3676305115222931,-0.08739419281482697,0.022397220134735107,0.4277357757091522,-0.11281148344278336,0.1942516565322876,0.3613291084766388,0.004405647981911898,0.15570998191833496,0.19847261905670166,-0.024755338206887245,0.1186642050743103,0.101511150598526,-0.05075883865356445,0.09196984767913818,0.020387768745422363,-0.06743878871202469,0.2424910068511963,0.35529085993766785,-0.023691857233643532,0.22780275344848633,0.1821705400943756,-0.05156019702553749,0.20293229818344116,0.0835379958152771,-0.06487472355365753,0.18045175075531006,0.0,-0.06948903948068619,0.28642433881759644,0.37809881567955017,-0.05444855988025665,0.2870790362358093,0.2292773723602295,-0.06687049567699432,0.2826574444770813,0.1383810043334961,-0.060915347188711166,0.2729839086532593,0.059365808963775635,-0.053735360503196716
F,0.20656654238700867,0.736594170331955,-2.812498962612153e-07,0.12271538376808167,0.6557669341564178,-0.007322855293750763,0.06777086853981018,0.5402458012104034,-0.01796191930770874,0.02062973380088806,0.4542013704776764,-0.03660028055310249,0.0,0.3640724718570709,-0.053697846829891205,0.14200446009635925,0.4003279507160187,0.021939685568213463,0.07347556948661804,0.3231861889362335,-0.0352732390165329,0.024730652570724487,0.36682531237602234,-0.08693790435791016,0.008073031902313232,0.42393168807029724,-0.11164088547229767,0.18093690276145935,0.3637416660785675,0.0031037076842039824,0.14221373200416565,0.1991482973098755,-0.02739155851304531,0.10584625601768494,0.10164898633956909,-0.0532040111720562,0.07980957627296448,0.020568937063217163,-0.0688367709517479,0.22857216000556946,0.3583419620990753,-0.02539730630815029,0.2146095335483551,0.183309406042099,-0.05475211888551712,0.18968477845191956,0.08374875783920288,-0.06847522407770157,0.16772666573524475,0.0,-0.07247962802648544,0.2720580995082855,0.3819364011287689,-0.056166790425777435,0.2740899622440338,0.2322160303592682,-0.06927496194839478,0.2699359953403473,0.14069461822509766,-0.0633348822593689,0.26124367117881775,0.06152486801147461,-0.05563747510313988
F,0.21468156576156616,0.7322542071342468,-2.6997071245205007e-07,0.13254743814468384,0.6470762491226196,-0.01141225453466177,0.07547152042388916,0.5301685929298401,-0.023470520973205566,0.023775994777679443,0.44065743684768677,-0.042919110506772995,0.0,0.34708672761917114,-0.060958534479141235,0.15223348140716553,0.3963770270347595,0.02128187194466591,0.08772069215774536,0.3205816149711609,-0.036831486970186234,0.03897237777709961,0.3617728352546692,-0.09036313742399216,0.02046319842338562,0.417366623878479,-0.11667980253696442,0.19075649976730347,0.3599734902381897,0.004583864472806454,0.15223610401153564,0.19681698083877563,-0.025242874398827553,0.11553758382797241,0.09986332058906555,-0.05223787575960159,0.08938127756118774,0.01804828643798828,-0.06945588439702988,0.2396882176399231,0.3549027442932129,-0.022255297750234604,0.22480803728103638,0.18100184202194214,-0.05079727619886398,0.19993406534194946,0.08278682827949524,-0.06448549032211304,0.17750555276870728,0.0,-0.06900089234113693,0.28498727083206177,0.3785333037376404,-0.05191674456000328,0.2847335934638977,0.22941339015960693,-0.06473071128129959,0.27994149923324585,0.13910335302352905,-0.058836836367845535,0.26994991302490234,0.06123393774032593,-0.05155817046761513
F,0.21883901953697205,0.7385446727275848,-2.7441529937277664e-07,0.13428935408592224,0.654369980096817,-0.010355265811085701,0.07626190781593323,0.5331710278987885,-0.02233516424894333,0.024285942316055298,0.4392611086368561,-0.0419791005551815,0.0,0.34169885516166687,-0.059621039777994156,0.15631553530693054,0.40087637305259705,0.022244691848754883,0.0876520574092865,0.322371244430542,-0.034608323127031326,0.04037103056907654,0.3662903606891632,-0.08558894693851471,0.02551242709159851,0.42441824078559875,-0.10985688865184784,0.19528284668922424,0.36479851603507996,0.005125019233673811,0.15568533539772034,0.200646311044693,-0.024264076724648476,0.11917737126350403,0.1031278669834137,-0.04885344207286835,0.09396544098854065,0.020761311054229736,-0.06374889612197876,0.24350395798683167,0.35919269919395447,-0.022162117063999176,0.22683307528495789,0.1847914457321167,-0.05078251659870148,0.2008410394191742,0.08478957414627075,-0.06265551596879959,0.17796745896339417,0.0,-0.06536771357059479,0.28746840357780457,0.38170453906059265,-0.052148573100566864,0.28815075755119324,0.2312062680721283,-0.06527749449014664,0.28397372364997864,0.1383211612701416,-0.05899384617805481,0.2751298248767853,0.05764201283454895,-0.050913188606500626
F,0.20743036270141602,0.7359376549720764,-3.078933161759778e-07,0.12154829502105713,0.6524010896682739,-0.00550759257748723,0.06770890951156616,0.5340844988822937,-0.014541209675371647,0.02184826135635376,0.4458710551261902,-0.031901244074106216,0.0,0.3547988533973694,-0.04775296524167061,0.14341390132904053,0.39846932888031006,0.02605266682803631,0.07765626907348633,0.3161945044994354,-0.028962410986423492,0.031310319900512695,0.35894155502319336,-0.07879956066608429,0.014626860618591309,0.4152703881263733,-0.10234962403774261,0.18347352743148804,0.3626267910003662,0.006844385527074337,0.1451326608657837,0.19907647371292114,-0.022858688607811928,0.1088075041770935,0.10181158781051636,-0.04860705882310867,0.08204615116119385,0.019870012998580933,-0.06425394117832184,0.23202049732208252,0.3576660752296448,-0.021913133561611176,0.22024619579315186,0.1846495270729065,-0.05002602934837341,0.19618284702301025,0.08496633172035217,-0.0631534606218338,0.17412137985229492,0.0,-0.06690400838851929,0.2760632634162903,0.3807123899459839,-0.05285966396331787,0.2769368290901184,0.23090091347694397,-0.06452514976263046,0.2725535035133362,0.1393752098083496,-0.05777748301625252,0.26360368728637695,0.059498995542526245,-0.04974901303648949
F,0.22148045897483826,0.7363753914833069,-2.866875377094402e-07,0.13528236746788025,0.6540607810020447,-0.013144874013960361,0.07661256194114685,0.5329266786575317,-0.0251577477902174,0.023631423711776733,0.43936431407928467,-0.04402513802051544,0.0,0.34217867255210876,-0.06122296303510666,0.1548515260219574,0.4006357789039612,0.021054735407233238,0.09274521470069885,0.3211601972579956,-0.037913233041763306,0.045713216066360474,0.3625274896621704,-0.09183648973703384,0.027177780866622925,0.4196007251739502,-0.11818739026784897,0.19563445448875427,0.3624562621116638,0.00549553195014596,0.15875115990638733,0.20082694292068481,-0.02476642094552517,0.12270155549049377,0.10383602976799011,-0.05154374986886978,0.0964231789112091,0.022458791732788086,-0.06839317828416824,0.2460288107395172,0.3570607900619507,-0.020579682663083076,0.2334149181842804,0.1848156452178955,-0.049413472414016724,0.21020236611366272,0.08525118231773376,-0.06260388344526291,0.1888824999332428,0.0,-0.06664947420358658,0.2918449938297272,0.3809509873390198,-0.049638669937849045,0.2905673682689667,0.2337903380393982,-0.0630495548248291,0.28509965538978577,0.14343184232711792,-0.05704615265130997,0.2749975025653839,0.0640864372253418,-0.04944551736116409
F,0.21019035577774048,0.7370882630348206,-2.796335252241988e-07,0.12619471549987793,0.6534219980239868,-0.006305457558482885,0.07111746072769165,0.5343234539031982,-0.01584779843688011,0.022583425045013428,0.44472694396972656,-0.03358517587184906,0.0,0.3519420027732849,-0.04982266575098038,0.14905130863189697,0.4015856981277466,0.025513021275401115,0.08237349987030029,0.3236710727214813,-0.03034641034901142,0.03269302845001221,0.3631405830383301,-0.08094911277294159,0.013718664646148682,0.4166470170021057,-0.10487023741006851,0.18785858154296875,0.36560744047164917,0.006846271920949221,0.14866137504577637,0.20078417658805847,-0.022934792563319206,0.11271929740905762,0.1030961275100708,-0.04776547849178314,0.08742320537567139,0.021282583475112915,-0.06223050132393837,0.2358112335205078,0.35987478494644165,-0.02152460813522339,0.22115272283554077,0.1846713423728943,-0.050061602145433426,0.19597864151000977,0.08448350429534912,-0.06220591440796852,0.17376476526260376,0.0,-0.06463179737329483,0.27967560291290283,0.3822450041770935,-0.052155058830976486,0.2797110080718994,0.23176848888397217,-0.06429710239171982,0.27470552921295166,0.1398385763168335,-0.057168394327163696,0.26524555683135986,0.06050184369087219,-0.048312410712242126
F,0.22054708003997803,0.7338118553161621,-3.1352402629636344e-07,0.1328865885734558,0.6489530801773071,-0.010316669940948486,0.07576662302017212,0.5290809273719788,-0.02095933072268963,0.024657994508743286,0.4363793730735779,-0.039250995963811874,0.0,0.3394804000854492,-0.05602293834090233,0.1560204029083252,0.39883118867874146,0.024824049323797226,0.09096843004226685,0.31756824254989624,-0.031004590913653374,0.04476886987686157,0.36321163177490234,-0.08272971212863922,0.028416424989700317,0.42283231019973755,-0.10806891322135925,0.19625800848007202,0.36191272735595703,0.007670220918953419,0.15853381156921387,0.19964158535003662,-0.020769506692886353,0.12148308753967285,0.10284137725830078,-0.04751753434538841,0.09412449598312378,0.021748125553131104,-0.06498928368091583,0.24517208337783813,0.3562602400779724,-0.019718602299690247,0.2331545352935791,0.1839430332183838,-0.047103460878133774,0.20958924293518066,0.08476251363754272,-0.061055537313222885,0.18747228384017944,0.0,-0.0663253664970398,0.28947222232818604,0.3793322443962097,-0.04986420273780823,0.2877689003944397,0.2320612668991089,-0.06205659359693527,0.2827497124671936,0.1420935094356537,-0.05609831213951111,0.2725819945335388,0.06422001123428345,-0.04914388805627823
F,0.21018457412719727,0.7377114295959473,-2.8659232498284837e-07,0.1266729235649109,0.6543667912483215,-0.006660697516053915,0.07114791870117188,0.5357489585876465,-0.016451677307486534,0.022711455821990967,0.44721585512161255,-0.03428932651877403,0.0,0.3551027178764343,-0.050476789474487305,0.14752280712127686,0.4018164873123169,0.022813374176621437,0.08003151416778564,0.3232438564300537,-0.03354095295071602,0.031245172023773193,0.367104172706604,-0.08416516333818436,0.013835340738296509,0.4249334931373596,-0.10810460895299911,0.18645715713500977,0.36563819646835327,0.004198929760605097,0.147006094455719,0.20045429468154907,-0.026658615097403526,0.1108022928237915,0.10254606604576111,-0.052127160131931305,0.0853232741355896,0.020409077405929565,-0.06705624610185623,0.2346712350845337,0.359907329082489,-0.023918762803077698,0.21962511539459229,0.18442875146865845,-0.053525350987911224,0.19382166862487793,0.08423414826393127,-0.06641331315040588,0.17095106840133667,0.0,-0.06924247741699219,0.2788770794868469,0.3824167251586914,-0.05422447621822357,0.2795031666755676,0.23116880655288696,-0.06704659014940262,0.27467113733291626,0.138828307390213,-0.0603305958211422,0.265377402305603,0.059002459049224854,-0.051734086126089096
F,0.20706027746200562,0.7349037826061249,-3.075750782954856e-07,0.12443304061889648,0.6497105658054352,-0.007652185391634703,0.06970179080963135,0.5336695611476898,-0.018244510516524315,0.021675705909729004,0.447406142950058,-0.03682012856006622,0.0,0.3561221659183502,-0.05406615883111954,0.14898961782455444,0.39770933985710144,0.023017259314656258,0.08409875631332397,0.32056570053100586,-0.033549319952726364,0.033767759799957275,0.36294350028038025,-0.08578763157129288,0.013091683387756348,0.41813644766807556,-0.11135601997375488,0.1865760087966919,0.3617771565914154,0.004279268439859152,0.14820992946624756,0.19946205615997314,-0.025500399991869926,0.11170876026153564,0.10257261991500854,-0.051821526139974594,0.08528470993041992,0.021185755729675293,-0.06835071742534637,0.23324662446975708,0.3568849265575409,-0.02420070394873619,0.22068661451339722,0.18356263637542725,-0.05261905863881111,0.19630098342895508,0.08388683199882507,-0.06609021872282028,0.1741207242012024,0.0,-0.07040325552225113,0.2758675217628479,0.38050368428230286,-0.055152527987957,0.275260865688324,0.23179450631141663,-0.06766392290592194,0.27066946029663086,0.1416015326976776,-0.06123661994934082,0.2609708309173584,0.06377670168876648,-0.053547851741313934
F,0.2166871428489685,0.7343899309635162,-3.2271407235384686e-07,0.1318749189376831,0.6503722369670868,-0.009249507449567318,0.07541400194168091,0.5302610099315643,-0.020854493603110313,0.024232089519500732,0.4383656084537506,-0.04059203714132309,0.0,0.3423078656196594,-0.05874083936214447,0.1557946801185608,0.3975459635257721,0.024132682010531425,0.08919960260391235,0.31743231415748596,-0.0328267440199852,0.04096895456314087,0.3635249435901642,-0.0847802683711052,0.02334660291671753,0.4231886565685272,-0.10988727957010269,0.1948021650314331,0.3617452085018158,0.0060628848150372505,0.1564224362373352,0.20040270686149597,-0.022576482966542244,0.11982399225234985,0.10416942834854126,-0.04786281660199165,0.09314590692520142,0.023155510425567627,-0.06394851207733154,0.24253058433532715,0.3563595712184906,-0.022282689809799194,0.2292182445526123,0.18394607305526733,-0.04957341402769089,0.205480694770813,0.08450073003768921,-0.061627261340618134,0.1837746500968933,0.0,-0.06538498401641846,0.2855314016342163,0.37902215123176575,-0.053433213382959366,0.2839873433113098,0.23107632994651794,-0.06573455780744553,0.2797126770019531,0.14038020372390747,-0.05919267609715462,0.27060818672180176,0.06091466546058655,-0.051505498588085175
F,0.21447330713272095,0.7346706092357635,-2.881262730625167e-07,0.12917214632034302,0.6518173515796661,-0.007178259082138538,0.07215255498886108,0.5321974456310272,-0.017423119395971298,0.023181021213531494,0.440023273229599,-0.035767558962106705,0.0,0.3452164828777313,-0.05260949209332466,0.15032410621643066,0.4001806080341339,0.024186773225665092,0.08142244815826416,0.3214331269264221,-0.032669320702552795,0.03329265117645264,0.3608173429965973,-0.08416833728551865,0.01605468988418579,0.41484323143959045,-0.10877310484647751,0.18965286016464233,0.3632902204990387,0.005600601900368929,0.15143990516662598,0.19874101877212524,-0.02430952712893486,0.11543470621109009,0.10104450583457947,-0.050312988460063934,0.08964449167251587,0.01999419927597046,-0.06617185473442078,0.23823332786560059,0.35640624165534973,-0.022696446627378464,0.2240506410598755,0.18242254853248596,-0.05138222873210907,0.1988506317138672,0.08330288529396057,-0.06462258845567703,0.1761869192123413,0.0,-0.06833525002002716,0.2830390930175781,0.3781934082508087,-0.05331689119338989,0.28514355421066284,0.22889921069145203,-0.06600818783044815,0.2814931273460388,0.13749954104423523,-0.05992697924375534,0.2727559208869934,0.058350175619125366,-0.05213738977909088
F,0.21380546689033508,0.7305684685707092,-2.971169976717647e-07,0.1296025812625885,0.6462417840957642,-0.008315864950418472,0.07257214188575745,0.5302417278289795,-0.01870819181203842,0.022368311882019043,0.4420478940010071,-0.036979369819164276,0.0,0.3499825596809387,-0.05363938584923744,0.1520690619945526,0.39508259296417236,0.022844770923256874,0.0846123993396759,0.319436639547348,-0.034314170479774475,0.035466164350509644,0.3627898693084717,-0.08666937053203583,0.017370641231536865,0.41952455043792725,-0.11194072663784027,0.18936094641685486,0.3586076498031616,0.005356633570045233,0.1498577892780304,0.19648921489715576,-0.02429521083831787,0.11337032914161682,0.10019385814666748,-0.0499839261174202,0.08731719851493835,0.019570589065551758,-0.06571955233812332,0.2366677224636078,0.351698100566864,-0.02194373495876789,0.2196258008480072,0.17832934856414795,-0.04969572648406029,0.19330260157585144,0.08122023940086365,-0.06198037415742874,0.1703040897846222,0.0,-0.06516367942094803,0.2802306115627289,0.372636616230011,-0.05185128375887871,0.2795162498950958,0.2242685854434967,-0.06333281844854355,0.2743988335132599,0.13424882292747498,-0.05633584409952164,0.2648392617702484,0.056575626134872437,-0.04790811240673065
F,0.21249336004257202,0.7325375378131866,-3.0165728048814344e-07,0.12905246019363403,0.6497707664966583,-0.008704397827386856,0.07233738899230957,0.5300215780735016,-0.019548773765563965,0.02266329526901245,0.4398011863231659,-0.03845382109284401,0.0,0.3467257618904114,-0.055850278586149216,0.1511751413345337,0.39301201701164246,0.02343950979411602,0.08213669061660767,0.31621986627578735,-0.033194296061992645,0.033982932567596436,0.3597138226032257,-0.08492039889097214,0.0175132155418396,0.41651037335395813,-0.1098155751824379,0.18991130590438843,0.3569904863834381,0.005414262879639864,0.1503027081489563,0.194603830575943,-0.02261178381741047,0.1138995885848999,0.09871923923492432,-0.047999344766139984,0.08816981315612793,0.018758177757263184,-0.0640799030661583,0.23772400617599487,0.3513944447040558,-0.022595714777708054,0.2204047441482544,0.1790843904018402,-0.05007760599255562,0.1937936544418335,0.0815134346485138,-0.06342848390340805,0.17020779848098755,0.0,-0.06785354018211365,0.28175461292266846,0.3741651475429535,-0.05319325253367424,0.28206634521484375,0.22482889890670776,-0.06604138761758804,0.27724969387054443,0.1334986388683319,-0.06079615280032158,0.2675396203994751,0.05448096990585327,-0.053846411406993866
F,0.22007402777671814,0.7290389835834503,-3.085471007580054e-07,0.13512542843818665,0.6450038254261017,-0.009888340719044209,0.07640698552131653,0.5256317555904388,-0.021809227764606476,0.024477273225784302,0.43297311663627625,-0.04167304188013077,0.0,0.3370242118835449,-0.0599040687084198,0.15722963213920593,0.39218613505363464,0.02303546667098999,0.08935287594795227,0.3156457841396332,-0.034383464604616165,0.04210582375526428,0.3604866564273834,-0.08708024024963379,0.025862544775009155,0.41829487681388855,-0.11272130906581879,0.19601771235466003,0.3558478057384491,0.005437121260911226,0.15688708424568176,0.1948266327381134,-0.02294510044157505,0.11971345543861389,0.0984329879283905,-0.048691511154174805,0.09300091862678528,0.01856282353401184,-0.06539858132600784,0.2435961663722992,0.3497314155101776,-0.022341126576066017,0.2279318869113922,0.17800918221473694,-0.04936408996582031,0.20279940962791443,0.08121031522750854,-0.06176607683300972,0.18018952012062073,0.0,-0.06592325121164322,0.287063866853714,0.37212225794792175,-0.052959781140089035,0.2882201373577118,0.22485172748565674,-0.06513582170009613,0.28434160351753235,0.1346472203731537,-0.059149280190467834,0.2753041684627533,0.056488096714019775,-0.05190844461321831
F,0.21657145023345947,0.7385394275188446,-2.8740896595991217e-07,0.13302600383758545,0.6540236175060272,-0.009132645092904568,0.07561719417572021,0.5325010716915131,-0.020732402801513672,0.02352321147918701,0.4409102499485016,-0.04021931439638138,0.0,0.34492817521095276,-0.05814463645219803,0.15553396940231323,0.3963606655597687,0.022856580093503,0.08573943376541138,0.32022836804389954,-0.03480573371052742,0.03646022081375122,0.36523064970970154,-0.08763005584478378,0.01943659782409668,0.42268648743629456,-0.11342154443264008,0.1950961947441101,0.3609701097011566,0.0046745529398322105,0.15614080429077148,0.197771817445755,-0.024870164692401886,0.11925917863845825,0.10099995136260986,-0.05102983117103577,0.093075692653656,0.020015954971313477,-0.06758316606283188,0.24333983659744263,0.3573075234889984,-0.02359875850379467,0.22876060009002686,0.18287208676338196,-0.05238737538456917,0.20318055152893066,0.08355703949928284,-0.06595979630947113,0.18027520179748535,0.0,-0.07036112248897552,0.2867699861526489,0.3829355537891388,-0.05439193919301033,0.2885923385620117,0.23314300179481506,-0.06807824969291687,0.2839544415473938,0.14136534929275513,-0.06276039034128189,0.2742050290107727,0.061935633420944214,-0.055690355598926544
F,0.21473228931427002,0.7310607135295868,-3.062707776280149e-07,0.12992846965789795,0.647103875875473,-0.008902020752429962,0.07366645336151123,0.529535323381424,-0.02044624090194702,0.02341178059577942,0.43963441252708435,-0.040064986795186996,0.0,0.34577223658561707,-0.05799466371536255,0.15112417936325073,0.3943816125392914,0.02236936055123806,0.0826374888420105,0.3149040937423706,-0.03543584793806076,0.03378748893737793,0.3561975657939911,-0.08773383498191833,0.015757203102111816,0.4110179841518402,-0.11287353187799454,0.18952840566635132,0.3583202064037323,0.0044699739664793015,0.1507367491722107,0.19571572542190552,-0.025486255064606667,0.11348813772201538,0.09899961948394775,-0.05158289521932602,0.08646941184997559,0.018025964498519897,-0.06788469105958939,0.23711031675338745,0.3517710268497467,-0.023356983438134193,0.22134196758270264,0.17950326204299927,-0.051691096276044846,0.19527703523635864,0.08222919702529907,-0.06453411281108856,0.1718272566795349,0.0,-0.0683116540312767,0.2810141444206238,0.37306931614875793,-0.05382319912314415,0.28255653381347656,0.22387152910232544,-0.06641045212745667,0.27815163135528564,0.1326662302017212,-0.06055575981736183,0.2688469886779785,0.05364418029785156,-0.053057972341775894
F,0.20894694328308105,0.7327392995357513,-2.805942926897842e-07,0.12599658966064453,0.6518858373165131,-0.008976387791335583,0.07043594121932983,0.5348839461803436,-0.019916493445634842,0.021591782569885254,0.4460221230983734,-0.038617998361587524,0.0,0.35396555066108704,-0.05576649680733681,0.14603674411773682,0.39890846610069275,0.02193615585565567,0.07965868711471558,0.321584552526474,-0.03499221056699753,0.031353652477264404,0.36387792229652405,-0.08630169183015823,0.014594227075576782,0.4203210771083832,-0.11073263734579086,0.18469643592834473,0.3614979684352875,0.004343225155025721,0.14620065689086914,0.19824889302253723,-0.024908894672989845,0.11035561561584473,0.10118889808654785,-0.04978855699300766,0.08488517999649048,0.019606679677963257,-0.06493031233549118,0.23274821043014526,0.354773610830307,-0.023143844678997993,0.21817922592163086,0.18147066235542297,-0.051553040742874146,0.1927039623260498,0.0830005407333374,-0.0642709881067276,0.16967469453811646,0.0,-0.06769109517335892,0.27717024087905884,0.37655743956565857,-0.053168702870607376,0.27892881631851196,0.22742536664009094,-0.0661705955862999,0.27498215436935425,0.13631290197372437,-0.06016216054558754,0.26606494188308716,0.057622671127319336,-0.05235137790441513
F,0.21625369787216187,0.7277041375637054,-2.753241687969421e-07,0.13253623247146606,0.6449807584285736,-0.01187075674533844,0.07560724020004272,0.5278581082820892,-0.024541201069951057,0.023726671934127808,0.4367690980434418,-0.04461296647787094,0.0,0.3415164351463318,-0.06289050728082657,0.15280914306640625,0.3936438262462616,0.020513039082288742,0.08675152063369751,0.3152393400669098,-0.037999629974365234,0.039781808853149414,0.3600562512874603,-0.09075271338224411,0.02448013424873352,0.4188310205936432,-0.11620356887578964,0.19268113374710083,0.3569003641605377,0.0041153146885335445,0.15470165014266968,0.19460901618003845,-0.026070956140756607,0.11821854114532471,0.09823977947235107,-0.052076712250709534,0.09218746423721313,0.017491817474365234,-0.06839079409837723,0.24187898635864258,0.35122135281562805,-0.022559070959687233,0.22795379161834717,0.17896601557731628,-0.05133466795086861,0.20303016901016235,0.08186373114585876,-0.0640021413564682,0.1802876591682434,0.0,-0.06766054779291153,0.28695976734161377,0.3739045560359955,-0.052087824791669846,0.2886504530906677,0.2257777750492096,-0.0654018446803093,0.28478628396987915,0.1347973346710205,-0.05957277491688728,0.2756783366203308,0.05559796094894409,-0.05205298215150833
F,0.22046560049057007,0.7360913753509521,-2.9629023856614367e-07,0.1347264051437378,0.6542890071868896,-0.007870622910559177,0.07600992918014526,0.5326312780380249,-0.01806800626218319,0.023948609828948975,0.4391028881072998,-0.03621125593781471,0.0,0.3420185148715973,-0.05281507223844528,0.15651088953018188,0.3999027609825134,0.024988645687699318,0.08868759870529175,0.32093867659568787,-0.030577315017580986,0.040613770484924316,0.3631141185760498,-0.08137886971235275,0.02363133430480957,0.4182789921760559,-0.10598434507846832,0.1967247724533081,0.36307674646377563,0.006569167599081993,0.15750885009765625,0.20049849152565002,-0.022683516144752502,0.1207815408706665,0.10331016778945923,-0.04817822575569153,0.09489017724990845,0.022182434797286987,-0.06402812898159027,0.24546080827713013,0.3579728603363037,-0.021760685369372368,0.2318512201309204,0.1847807765007019,-0.05010731518268585,0.20637309551239014,0.08476796746253967,-0.06305433064699173,0.18393278121948242,0.0,-0.06689807772636414,0.2897346615791321,0.3815537095069885,-0.05250490456819534,0.2907254099845886,0.2323082685470581,-0.06548265367746353,0.28573399782180786,0.14021506905555725,-0.059592172503471375,0.2761719226837158,0.059742271900177,-0.052196864038705826
F,0.21701085567474365,0.7324093878269196,-2.6833711785911873e-07,0.132382333278656,0.6501496136188507,-0.009500058367848396,0.07451701164245605,0.5316313207149506,-0.02121572569012642,0.023015856742858887,0.4396834671497345,-0.04063590243458748,0.0,0.343571275472641,-0.058300040662288666,0.15288066864013672,0.3978112041950226,0.02260746993124485,0.08591002225875854,0.3195200264453888,-0.035183195024728775,0.038100361824035645,0.3605976998806,-0.087117038667202,0.02178579568862915,0.41604140400886536,-0.11187602579593658,0.19232648611068726,0.360722154378891,0.0050923777744174,0.15325987339019775,0.19740566611289978,-0.025353068485856056,0.11717069149017334,0.09945428371429443,-0.05076384171843529,0.09188514947891235,0.01713457703590393,-0.0660725086927414,0.24046272039413452,0.35480329394340515,-0.02251770719885826,0.22588592767715454,0.18185627460479736,-0.051498912274837494,0.20052289962768555,0.08337825536727905,-0.06345394253730774,0.17804205417633057,0.0,-0.06609281152486801,0.2841007709503174,0.37742486596107483,-0.052741508930921555,0.2848256826400757,0.22858697175979614,-0.0656052678823471,0.28015732765197754,0.13801822066307068,-0.05894971266388893,0.271081805229187,0.05946284532546997,-0.05055459961295128
F,0.2116851806640625,0.7357300221920013,-2.930473215201346e-07,0.1277834177017212,0.6550980508327484,-0.00896933488547802,0.07148313522338867,0.5353848040103912,-0.019646426662802696,0.02248668670654297,0.4445485770702362,-0.037827376276254654,0.0,0.3511779010295868,-0.05446875840425491,0.14942604303359985,0.4015975892543793,0.021075982600450516,0.08306431770324707,0.32247647643089294,-0.03607063740491867,0.03408151865005493,0.3629445731639862,-0.08760316669940948,0.015650391578674316,0.4176396429538727,-0.11229252070188522,0.188795804977417,0.36424824595451355,0.0033375767525285482,0.1492553949356079,0.20065894722938538,-0.027147334069013596,0.11269116401672363,0.10244390368461609,-0.052986256778240204,0.08677977323532104,0.020414799451828003,-0.06871141493320465,0.23714423179626465,0.3582201302051544,-0.024159695953130722,0.22322332859039307,0.18477347493171692,-0.05349606275558472,0.1971895694732666,0.08479058742523193,-0.06702366471290588,0.17396241426467896,0.0,-0.0709235668182373,0.2815106511116028,0.3808251917362213,-0.05408255383372307,0.2831832766532898,0.23158809542655945,-0.06747350096702576,0.2786563038825989,0.14008429646492004,-0.0617254339158535,0.26930540800094604,0.060708582401275635,-0.05418616905808449
F,0.2199651002883911,0.7348437607288361,-2.9751726060567307e-07,0.1340634822845459,0.6515816152095795,-0.011313256807625294,0.07649648189544678,0.531716912984848,-0.023058872669935226,0.024151921272277832,0.43836870789527893,-0.042533718049526215,0.0,0.3408103883266449,-0.060158368200063705,0.1546040177345276,0.39915719628334045,0.024779124185442924,0.0906674861907959,0.3198615610599518,-0.03348691388964653,0.04329073429107666,0.3621409237384796,-0.08699452131986618,0.02542969584465027,0.4184945523738861,-0.11297643929719925,0.19343239068984985,0.36206480860710144,0.007913146167993546,0.15524548292160034,0.2006988823413849,-0.02097374200820923,0.11791372299194336,0.10364606976509094,-0.04728599637746811,0.09073770046234131,0.02246364951133728,-0.06398957967758179,0.24196714162826538,0.3555311858654022,-0.019594838842749596,0.22573870420455933,0.18300548195838928,-0.04724723473191261,0.19978898763656616,0.08371850848197937,-0.060136206448078156,0.1764742136001587,0.0,-0.06422565877437592,0.2863868474960327,0.3764388859272003,-0.050126008689403534,0.28512829542160034,0.22865629196166992,-0.06289197504520416,0.27947157621383667,0.13792413473129272,-0.05711476132273674,0.26898735761642456,0.059297144412994385,-0.049771565943956375
F,0.21520960330963135,0.7334438264369965,-2.700039374303742e-07,0.12973171472549438,0.6512624323368073,-0.007207241840660572,0.0731501579284668,0.5315858423709869,-0.017052579671144485,0.02316385507583618,0.44004812836647034,-0.034882836043834686,0.0,0.34577441215515137,-0.051015861332416534,0.1507468819618225,0.3996216952800751,0.0254023689776659,0.08318841457366943,0.32175979018211365,-0.03085113875567913,0.035104453563690186,0.356416791677475,-0.08128117769956589,0.017361044883728027,0.406020849943161,-0.10481208562850952,0.1892809271812439,0.36231300234794617,0.007110930979251862,0.14903271198272705,0.19795763492584229,-0.023241842165589333,0.11232060194015503,0.09960249066352844,-0.048072267323732376,0.08661353588104248,0.01811879873275757,-0.062198348343372345,0.23743706941604614,0.3554045259952545,-0.020946163684129715,0.22107738256454468,0.18109148740768433,-0.05004740133881569,0.19503569602966309,0.08263486623764038,-0.06148491054773331,0.17246723175048828,0.0,-0.06294431537389755,0.28182363510131836,0.37663599848747253,-0.05137699097394943,0.2810932397842407,0.22562530636787415,-0.06363201141357422,0.27593886852264404,0.13401803374290466,-0.05622520297765732,0.26712387800216675,0.055561840534210205,-0.04687055945396423
F,0.21922647953033447,0.7312552034854889,-2.834308645560668e-07,0.13222545385360718,0.649098128080368,-0.010664385743439198,0.07418829202651978,0.5296888053417206,-0.02163785882294178,0.022406578063964844,0.43731769919395447,-0.04037684202194214,0.0,0.34190836548805237,-0.05704941973090172,0.151813805103302,0.3988144099712372,0.026076659560203552,0.0903162956237793,0.319408118724823,-0.0315576046705246,0.04396474361419678,0.35683849453926086,-0.08360050618648529,0.026279568672180176,0.4092797338962555,-0.10816852003335953,0.19051170349121094,0.36144348978996277,0.00937578547745943,0.15116530656814575,0.19943973422050476,-0.019962847232818604,0.11450779438018799,0.10263252258300781,-0.04492626711726189,0.08853268623352051,0.02066674828529358,-0.05970258638262749,0.23983001708984375,0.3537064790725708,-0.01796952448785305,0.22181373834609985,0.18091893196105957,-0.04611657187342644,0.1953466534614563,0.08307093381881714,-0.05742757394909859,0.172016441822052,0.0,-0.05939142405986786,0.2857785224914551,0.37288686633110046,-0.048297785222530365,0.2833033800125122,0.22365978360176086,-0.060474589467048645,0.27756327390670776,0.1335272490978241,-0.05343624949455261,0.2676447033882141,0.055705904960632324,-0.04465287923812866
F,0.21387320756912231,0.7336195111274719,-2.560241512128414e-07,0.1291295289993286,0.6519414186477661,-0.01089385710656643,0.072512686252594,0.532529890537262,-0.02223285101354122,0.021869689226150513,0.44114965200424194,-0.04122370854020119,0.0,0.34632688760757446,-0.05825210362672806,0.14904916286468506,0.3984474539756775,0.025027509778738022,0.08541339635848999,0.31866180896759033,-0.03291225805878639,0.038200974464416504,0.35547369718551636,-0.08470866084098816,0.020609050989151,0.4075824022293091,-0.10892103612422943,0.18806242942810059,0.3611053228378296,0.008432741276919842,0.14918094873428345,0.19920998811721802,-0.02202322706580162,0.11277967691421509,0.10125100612640381,-0.04711955040693283,0.0872119665145874,0.018168330192565918,-0.06159638985991478,0.23740476369857788,0.35484641790390015,-0.01875009387731552,0.2210075855255127,0.1824997067451477,-0.047985732555389404,0.19496572017669678,0.08375480771064758,-0.059697385877370834,0.17219692468643188,0.0,-0.06148109957575798,0.282998263835907,0.3765220046043396,-0.048811886459589005,0.28176701068878174,0.22678124904632568,-0.06180034577846527,0.276242196559906,0.13521334528923035,-0.05520569905638695,0.26696276664733887,0.05631554126739502,-0.046455156058073044
F,0.22233280539512634,0.7353695929050446,-2.8524740969260165e-07,0.13517197966575623,0.6538722813129425,-0.00959281250834465,0.07591226696968079,0.5312272012233734,-0.019960641860961914,0.02360433340072632,0.4363086521625519,-0.038029689341783524,0.0,0.3379506766796112,-0.05420082062482834,0.1550064980983734,0.40041878819465637,0.025597043335437775,0.0918211042881012,0.3205004036426544,-0.03078732080757618,0.04562351107597351,0.35887590050697327,-0.08147848397493362,0.0288027822971344,0.41294315457344055,-0.10528560727834702,0.19454404711723328,0.3629111349582672,0.008337459526956081,0.15457949042320251,0.1993265450000763,-0.020190348848700523,0.11818370223045349,0.10256370902061462,-0.044273585081100464,0.0931379497051239,0.022390782833099365,-0.05840333178639412,0.24463370442390442,0.3562258183956146,-0.01926371455192566,0.22566160559654236,0.1821509301662445,-0.04732678830623627,0.19855853915214539,0.0834331214427948,-0.058687493205070496,0.17492029070854187,0.0,-0.06067170575261116,0.2913644015789032,0.3773801624774933,-0.04956510663032532,0.28870460391044617,0.22768446803092957,-0.06243447959423065,0.2823946177959442,0.13656306266784668,-0.055701207369565964,0.271793395280838,0.057898104190826416,-0.04699842259287834
F,0.2139492630958557,0.7346900999546051,-2.721832288443693e-07,0.1293591856956482,0.653080016374588,-0.010215187445282936,0.07189249992370605,0.5322973430156708,-0.020531751215457916,0.022044777870178223,0.4398711621761322,-0.03829585015773773,0.0,0.3449341058731079,-0.054252106696367264,0.1481482982635498,0.3978472650051117,0.023409239947795868,0.084372878074646,0.31881892681121826,-0.0333426259458065,0.036857426166534424,0.35842397809028625,-0.08436286449432373,0.01928424835205078,0.4123401939868927,-0.10858850926160812,0.18795621395111084,0.3600434958934784,0.0064146327786147594,0.14951783418655396,0.19720152020454407,-0.023798469454050064,0.11346989870071411,0.09998378157615662,-0.04908044636249542,0.08828407526016235,0.01892659068107605,-0.06404067575931549,0.23741376399993896,0.35429686307907104,-0.020780613645911217,0.2235555648803711,0.1818738877773285,-0.050369154661893845,0.19761008024215698,0.08324605226516724,-0.06308779865503311,0.17444562911987305,0.0,-0.0658673495054245,0.2829894423484802,0.37709686160087585,-0.05063025280833244,0.28411340713500977,0.22788408398628235,-0.06439679861068726,0.2795979380607605,0.1365717053413391,-0.05849948152899742,0.27036386728286743,0.057734400033950806,-0.050462137907743454
F,0.2216828167438507,0.7314020395278931,-2.6636817551661807e-07,0.13636866211891174,0.648972749710083,-0.013031385838985443,0.07734259963035583,0.5279682278633118,-0.025290681049227715,0.023763328790664673,0.4331907033920288,-0.04481000453233719,0.0,0.33458220958709717,-0.062340445816516876,0.1559121310710907,0.3964115381240845,0.023570740595459938,0.09375354647636414,0.3163749575614929,-0.034978706389665604,0.04680255055427551,0.3554835915565491,-0.0880843997001648,0.029196709394454956,0.4101138710975647,-0.11370068788528442,0.19514557719230652,0.35868531465530396,0.007847092114388943,0.15711233019828796,0.1971634030342102,-0.022452006116509438,0.12075981497764587,0.09987851977348328,-0.04880741611123085,0.09505763649940491,0.018311798572540283,-0.06514327228069305,0.24463286995887756,0.3521795868873596,-0.018652386963367462,0.22895893454551697,0.17938733100891113,-0.0476638562977314,0.20351877808570862,0.08227995038032532,-0.060312818735837936,0.1807040274143219,0.0,-0.06360610574483871,0.29059603810310364,0.3738449215888977,-0.04822807013988495,0.28972843289375305,0.22455191612243652,-0.06139279529452324,0.2848862111568451,0.13450127840042114,-0.05551428720355034,0.2755022346973419,0.05683442950248718,-0.04790709912776947
F,0.21521538496017456,0.7334118783473969,-2.9763154429929273e-07,0.13074535131454468,0.6536993682384491,-0.009087074548006058,0.07261371612548828,0.530338317155838,-0.019378043711185455,0.02265685796737671,0.43607041239738464,-0.037324242293834686,0.0,0.3404676616191864,-0.05360810458660126,0.15028470754623413,0.39716437458992004,0.023385362699627876,0.0854942798614502,0.317423552274704,-0.032697442919015884,0.03909766674041748,0.35725030303001404,-0.08323857188224792,0.02263474464416504,0.41106775403022766,-0.10722404718399048,0.19018316268920898,0.36019167304039,0.005766461603343487,0.1518884301185608,0.19801029562950134,-0.022677958011627197,0.11519438028335571,0.10132995247840881,-0.047341056168079376,0.08904135227203369,0.02124306559562683,-0.0626109316945076,0.23905599117279053,0.35443195700645447,-0.0219107698649168,0.22429853677749634,0.18164637684822083,-0.04963180795311928,0.1984400749206543,0.08301711082458496,-0.06245874986052513,0.17535370588302612,0.0,-0.06629331409931183,0.2840723395347595,0.3771619498729706,-0.05215153470635414,0.2850012183189392,0.22761094570159912,-0.06498850882053375,0.28043484687805176,0.1364118754863739,-0.05963391438126564,0.2712060809135437,0.05764573812484741,-0.052583176642656326
F,0.2185474932193756,0.7293007969856262,-2.829941365689592e-07,0.133873850107193,0.6471037268638611,-0.010793166235089302,0.0751519501209259,0.5274140238761902,-0.02195286750793457,0.02346092462539673,0.4351566433906555,-0.04063533991575241,0.0,0.3393458127975464,-0.057640720158815384,0.1527976095676422,0.39405620098114014,0.02368958666920662,0.08860674500465393,0.31570911407470703,-0.0335998609662056,0.04157117009162903,0.3559432625770569,-0.08575122058391571,0.02404344081878662,0.410236120223999,-0.11092332005500793,0.19262424111366272,0.3561362028121948,0.006905974354594946,0.15393421053886414,0.19591432809829712,-0.02268906868994236,0.11749324202537537,0.09954246878623962,-0.04885910078883171,0.09154954552650452,0.019165754318237305,-0.06522351503372192,0.2419271171092987,0.3498580753803253,-0.020226409658789635,0.22808054089546204,0.17950278520584106,-0.048855654895305634,0.20285680890083313,0.08217766880989075,-0.06209039315581322,0.1797439157962799,0.0,-0.06606383621692657,0.2871655523777008,0.3720434904098511,-0.050126880407333374,0.2885696589946747,0.22499704360961914,-0.06334172189235687,0.284403532743454,0.13569936156272888,-0.05785807967185974,0.27488747239112854,0.058142393827438354,-0.05064927414059639
F,0.21801501512527466,0.7317978739738464,-2.8843740551565134e-07,0.13227498531341553,0.6516904234886169,-0.010470532812178135,0.07389169931411743,0.5303060412406921,-0.02106657065451145,0.02361658215522766,0.4367104172706604,-0.03900899365544319,0.0,0.34106534719467163,-0.05490369349718094,0.15298128128051758,0.3969711661338806,0.0228059533983469,0.08681148290634155,0.3170025944709778,-0.03331784904003143,0.04053366184234619,0.35790330171585083,-0.08377128839492798,0.02450159192085266,0.413139283657074,-0.10757962614297867,0.19187068939208984,0.3590106964111328,0.00627174274995923,0.1518341302871704,0.19762179255485535,-0.022967834025621414,0.11515092849731445,0.10066118836402893,-0.047998037189245224,0.08953028917312622,0.019895344972610474,-0.06315363198518753,0.2402430772781372,0.35167211294174194,-0.020342018455266953,0.2236289381980896,0.17954063415527344,-0.0486840084195137,0.19772619009017944,0.08220106363296509,-0.061046723276376724,0.17510098218917847,0.0,-0.0640096664428711,0.28496652841567993,0.372215211391449,-0.04964415356516838,0.28535014390945435,0.22299408912658691,-0.06216533109545708,0.2808499336242676,0.13249990344047546,-0.0559779591858387,0.2719828486442566,0.05466282367706299,-0.04800371825695038
F,0.21671253442764282,0.7295507788658142,-2.918166046583792e-07,0.13070595264434814,0.6487835049629211,-0.00828524585813284,0.07277727127075195,0.5290899276733398,-0.018623631447553635,0.02359616756439209,0.43593186140060425,-0.036814525723457336,0.0,0.3403162956237793,-0.053152263164520264,0.15075397491455078,0.3964219093322754,0.02400258369743824,0.08376538753509521,0.3166942298412323,-0.031824059784412384,0.03767359256744385,0.3556881546974182,-0.0822983905673027,0.02194845676422119,0.4097052812576294,-0.10622775554656982,0.18963497877120972,0.3585011959075928,0.006305215414613485,0.1487758755683899,0.19571340084075928,-0.022265922278165817,0.11206871271133423,0.09854167699813843,-0.04724502936005592,0.08657199144363403,0.017860502004623413,-0.06258435547351837,0.23819726705551147,0.35056638717651367,-0.02118600159883499,0.22009795904159546,0.17836147546768188,-0.04864019528031349,0.19347447156906128,0.08156910538673401,-0.06068192422389984,0.17022335529327393,0.0,-0.06375901401042938,0.28349095582962036,0.37092339992523193,-0.051230963319540024,0.28327327966690063,0.2219616174697876,-0.06317175179719925,0.2784116864204407,0.1313634216785431,-0.05669441446661949,0.2690601348876953,0.05327963829040527,-0.04869760945439339
F,0.2238665223121643,0.7335889339447021,-2.667560750069242e-07,0.13875848054885864,0.6499810218811035,-0.012069875374436378,0.07948869466781616,0.5291882753372192,-0.0235277209430933,0.02517324686050415,0.4343244433403015,-0.04250480607151985,0.0,0.3352813422679901,-0.05941465497016907,0.15752917528152466,0.3985068202018738,0.02570260688662529,0.09258389472961426,0.31989872455596924,-0.031179452314972878,0.04582715034484863,0.3628818392753601,-0.08340167999267578,0.030227571725845337,0.4192933440208435,-0.10871867835521698,0.19718831777572632,0.3611293435096741,0.009883198887109756,0.1585596799850464,0.1989385485649109,-0.018604515120387077,0.12213414907455444,0.10267588496208191,-0.04426434263586998,0.09697079658508301,0.02108892798423767,-0.06041408330202103,0.24688810110092163,0.3540304899215698,-0.016618089750409126,0.23036134243011475,0.18114852905273438,-0.04462500289082527,0.20376557111740112,0.08297690749168396,-0.057204972952604294,0.17983001470565796,0.0,-0.060704778879880905,0.2927033305168152,0.3744094967842102,-0.04611099138855934,0.29296594858169556,0.22585555911064148,-0.059138018637895584,0.28813862800598145,0.13458463549613953,-0.053465429693460464,0.2779749631881714,0.05503168702125549,-0.046086546033620834
F,0.21462857723236084,0.7313320338726044,-2.9078975671836815e-07,0.12842512130737305,0.6505688726902008,-0.007667808793485165,0.07189834117889404,0.528105765581131,-0.016922593116760254,0.022526592016220093,0.4340216815471649,-0.03418640419840813,0.0,0.3388153314590454,-0.04967205971479416,0.15011751651763916,0.39776477217674255,0.02638486586511135,0.08474177122116089,0.3174077868461609,-0.029115542769432068,0.03931748867034912,0.3509666919708252,-0.07876408100128174,0.022940605878829956,0.3992902338504791,-0.10193531960248947,0.18919354677200317,0.3603925406932831,0.008194541558623314,0.14912688732147217,0.19736215472221375,-0.021178243681788445,0.11234802007675171,0.09966346621513367,-0.04603167995810509,0.08629703521728516,0.01918289065361023,-0.060620106756687164,0.23757386207580566,0.3530714809894562,-0.01994166150689125,0.21950221061706543,0.18082037568092346,-0.04833902791142464,0.19295388460159302,0.08280056715011597,-0.060602352023124695,0.16975682973861694,0.0,-0.0631532371044159,0.28228747844696045,0.37338778376579285,-0.050549376755952835,0.2802414894104004,0.22318151593208313,-0.06276343017816544,0.27469098567962646,0.13187000155448914,-0.05652768909931183,0.2655038833618164,0.05354571342468262,-0.04843059927225113
F,0.2152206301689148,0.7338406145572662,-2.908764713538403e-07,0.1300869584083557,0.654291182756424,-0.00977423693984747,0.07305586338043213,0.5336467325687408,-0.020299850031733513,0.022573888301849365,0.44067147374153137,-0.03839774802327156,0.0,0.34503981471061707,-0.054626647382974625,0.15193575620651245,0.39970502257347107,0.02373422496020794,0.08572876453399658,0.3210007846355438,-0.03315084055066109,0.03761744499206543,0.3604625165462494,-0.0843418538570404,0.02037423849105835,0.4143306314945221,-0.10854612290859222,0.19094061851501465,0.36168375611305237,0.006730207242071629,0.15172278881072998,0.19943872094154358,-0.02262885496020317,0.11509007215499878,0.10240411758422852,-0.04725325480103493,0.0891682505607605,0.021568745374679565,-0.061875391751527786,0.23930895328521729,0.35477596521377563,-0.020462770015001297,0.22375911474227905,0.1820479929447174,-0.0488579086959362,0.19791287183761597,0.0834604799747467,-0.06055332347750664,0.1749749779701233,0.0,-0.0628741979598999,0.2833150029182434,0.37622180581092834,-0.05036131292581558,0.28369611501693726,0.22685834765434265,-0.06316894292831421,0.27897578477859497,0.13583871722221375,-0.0567031055688858,0.26947253942489624,0.05700904130935669,-0.04830202832818031
F,0.21735608577728271,0.7366226017475128,-3.3016294764820486e-07,0.130626380443573,0.6569183170795441,-0.007546835578978062,0.07304072380065918,0.5337226688861847,-0.01743713766336441,0.02334153652191162,0.4388858377933502,-0.035472575575113297,0.0,0.34272465109825134,-0.051711149513721466,0.15190613269805908,0.40088048577308655,0.025744406506419182,0.08775252103805542,0.31877753138542175,-0.029774611815810204,0.042214393615722656,0.359388142824173,-0.0797230675816536,0.02614760398864746,0.41467157006263733,-0.10334577411413193,0.19146078824996948,0.3633095324039459,0.006963674444705248,0.1513214111328125,0.20097121596336365,-0.021214142441749573,0.11425381898880005,0.10426869988441467,-0.045270830392837524,0.08776134252548218,0.023820072412490845,-0.05998164787888527,0.24048954248428345,0.3570250868797302,-0.02192329429090023,0.22498804330825806,0.18395498394966125,-0.049429673701524734,0.19910842180252075,0.08450242877006531,-0.06145484372973442,0.17597270011901855,0.0,-0.06474688649177551,0.28583359718322754,0.37940314412117004,-0.0533691868185997,0.28566640615463257,0.2297724187374115,-0.06599076837301254,0.2802162170410156,0.13842898607254028,-0.05992954596877098,0.27000927925109863,0.05910217761993408,-0.052407585084438324
F,0.2228914499282837,0.7337908148765564,-2.774465315269481e-07,0.1354326605796814,0.6516731977462769,-0.010153260082006454,0.07635533809661865,0.5298460125923157,-0.020556025207042694,0.023937523365020752,0.4354114532470703,-0.038918476551771164,0.0,0.33826667070388794,-0.0552837997674942,0.15431827306747437,0.3981652855873108,0.027214298024773598,0.09000957012176514,0.31982487440109253,-0.029256803914904594,0.04315370321273804,0.3562319874763489,-0.08045884221792221,0.025729656219482422,0.40765219926834106,-0.10455220192670822,0.19224035739898682,0.35969316959381104,0.010512071661651134,0.15318220853805542,0.19842547178268433,-0.017140239477157593,0.11664599180221558,0.10216587781906128,-0.04092491418123245,0.09119302034378052,0.02175968885421753,-0.05498266965150833,0.2409244179725647,0.35129788517951965,-0.0167835783213377,0.2223759889602661,0.17905694246292114,-0.04353976622223854,0.19503140449523926,0.08154425024986267,-0.05415979400277138,0.17115533351898193,0.0,-0.05585022643208504,0.2861907482147217,0.3703773617744446,-0.047113627195358276,0.28447234630584717,0.22176575660705566,-0.058861374855041504,0.2784688472747803,0.13110744953155518,-0.05197689309716225,0.2681150436401367,0.05325666069984436,-0.043268151581287384
F,0.21388113498687744,0.732696533203125,-2.8167860932626354e-07,0.1284368634223938,0.6507249474525452,-0.007233097217977047,0.07205480337142944,0.5307076573371887,-0.01668098010122776,0.02279198169708252,0.43926727771759033,-0.0342598557472229,0.0,0.34594035148620605,-0.049909383058547974,0.15050619840621948,0.3970632553100586,0.026531601324677467,0.08429926633834839,0.31791579723358154,-0.028794314712285995,0.03645116090774536,0.35418301820755005,-0.0783296525478363,0.018745392560958862,0.4053446054458618,-0.10120894014835358,0.18814051151275635,0.3601646423339844,0.008667901158332825,0.14790016412734985,0.1974523663520813,-0.020105114206671715,0.11091041564941406,0.10077899694442749,-0.04351235181093216,0.08478355407714844,0.0197887122631073,-0.05695457011461258,0.23533904552459717,0.3525969684123993,-0.01917337067425251,0.21879643201828003,0.1805410385131836,-0.046775057911872864,0.19234490394592285,0.08275452256202698,-0.05745628848671913,0.16913384199142456,0.0,-0.05888323858380318,0.27879786491394043,0.37272536754608154,-0.04956762120127678,0.2788664698600769,0.22215497493743896,-0.06107792258262634,0.2743704915046692,0.130895733833313,-0.05375572293996811,0.2658767104148865,0.05247855186462402,-0.04475437477231026
F,0.2180517315864563,0.7297424972057343,-2.8604517865460366e-07,0.13187175989151,0.6461491882801056,-0.010068868286907673,0.07455545663833618,0.5272388160228729,-0.021125799044966698,0.02359318733215332,0.43520888686180115,-0.040044330060482025,0.0,0.3394451141357422,-0.057137489318847656,0.15067654848098755,0.39387276768684387,0.024664251133799553,0.08799785375595093,0.3144838511943817,-0.033247411251068115,0.04188847541809082,0.35517147183418274,-0.08558561652898788,0.024590253829956055,0.41151902079582214,-0.11035829782485962,0.1901286244392395,0.3564201891422272,0.0076214042492210865,0.15148800611495972,0.19507476687431335,-0.021670354530215263,0.11478233337402344,0.0990658700466156,-0.04691449552774429,0.08841168880462646,0.01918521523475647,-0.062178511172533035,0.2396678328514099,0.3495647609233856,-0.019813373684883118,0.22355782985687256,0.17692384123802185,-0.04787696152925491,0.19751638174057007,0.08054491877555847,-0.05953414738178253,0.17414164543151855,0.0,-0.062023937702178955,0.2852284908294678,0.37095996737480164,-0.05012208968400955,0.2848789095878601,0.22246000170707703,-0.062672920525074,0.2797558903694153,0.13248008489608765,-0.055943820625543594,0.26996684074401855,0.05537521839141846,-0.04741671308875084
F,0.2150784432888031,0.7315372228622437,-2.9197639150879695e-07,0.13066664338111877,0.6491715312004089,-0.007973477244377136,0.07343623042106628,0.5307025909423828,-0.01789964735507965,0.022960513830184937,0.4392384886741638,-0.035698551684617996,0.0,0.3442451059818268,-0.051772382110357285,0.15181627869606018,0.39878571033477783,0.02504938468337059,0.0860815942287445,0.3219320774078369,-0.031173208728432655,0.038264304399490356,0.3610716462135315,-0.08223598450422287,0.020590931177139282,0.4139041304588318,-0.10660997778177261,0.190489262342453,0.3607293367385864,0.007178946398198605,0.15036514401435852,0.1980789303779602,-0.022551154717803,0.11345556378364563,0.10083231329917908,-0.047972459346055984,0.0878991186618805,0.019569069147109985,-0.06325463205575943,0.23844221234321594,0.35298511385917664,-0.02058159001171589,0.22193589806556702,0.18016260862350464,-0.04941181093454361,0.1948089301586151,0.0822572112083435,-0.06205763295292854,0.1711733639240265,0.0,-0.06496629863977432,0.2825329601764679,0.3735145330429077,-0.050789725035429,0.28173723816871643,0.22418847680091858,-0.06346311420202255,0.2758462727069855,0.13338181376457214,-0.05713755264878273,0.2655913531780243,0.05525845289230347,-0.048974040895700455
F,0.22288137674331665,0.7277466058731079,-2.935731799880159e-07,0.13687336444854736,0.6478134393692017,-0.012247242033481598,0.07677257061004639,0.5270328521728516,-0.024068979546427727,0.024367600679397583,0.4329060912132263,-0.04319457709789276,0.0,0.33625519275665283,-0.060359589755535126,0.15562206506729126,0.39390742778778076,0.021531617268919945,0.089993417263031,0.3150814175605774,-0.03545694425702095,0.04496520757675171,0.3586691617965698,-0.08674550801515579,0.030726313591003418,0.41624194383621216,-0.11125678569078445,0.19609582424163818,0.35577666759490967,0.005414748564362526,0.15590530633926392,0.1956489086151123,-0.023308245465159416,0.11886650323867798,0.09982216358184814,-0.04846612364053726,0.09280163049697876,0.019565850496292114,-0.0641980692744255,0.24567115306854248,0.3489840030670166,-0.021013863384723663,0.22889697551727295,0.17778760194778442,-0.04901760816574097,0.20277893543243408,0.08167007565498352,-0.06113457307219505,0.17960375547409058,0.0,-0.06443291157484055,0.29112064838409424,0.3704953193664551,-0.05035374313592911,0.29051870107650757,0.22322094440460205,-0.06345608830451965,0.28554296493530273,0.13318955898284912,-0.05753973871469498,0.27617543935775757,0.054506391286849976,-0.049920231103897095
F,0.217906653881073,0.7328004539012909,-2.9143035362722003e-07,0.13174742460250854,0.65201136469841,-0.00815520342439413,0.07406497001647949,0.5299340784549713,-0.018161002546548843,0.02359825372695923,0.4364066421985626,-0.03617037460207939,0.0,0.3407115340232849,-0.0523318350315094,0.1524580717086792,0.3957042396068573,0.02507563680410385,0.08425045013427734,0.3169509768486023,-0.03029654547572136,0.037859976291656494,0.3596375286579132,-0.08014124631881714,0.023199409246444702,0.41643205285072327,-0.10364469885826111,0.19245535135269165,0.35894420742988586,0.007062870543450117,0.15190058946609497,0.19638493657112122,-0.021536054089665413,0.11463040113449097,0.09947562217712402,-0.04571646824479103,0.08838313817977905,0.019590437412261963,-0.060239147394895554,0.24078106880187988,0.3528183400630951,-0.020904647186398506,0.22327756881713867,0.17966756224632263,-0.04877658933401108,0.19671982526779175,0.08174595236778259,-0.060194119811058044,0.17379331588745117,0.0,-0.0625368133187294,0.28430479764938354,0.3748307526111603,-0.051399167627096176,0.28267544507980347,0.22479310631752014,-0.06384143978357315,0.2775360345840454,0.1331375539302826,-0.057135168462991714,0.2689558267593384,0.05420100688934326,-0.04872946813702583
F,0.21587267518043518,0.7334610223770142,-3.1287115120903763e-07,0.13049986958503723,0.6532277464866638,-0.007761194370687008,0.07300558686256409,0.5322675108909607,-0.01745455525815487,0.0236988365650177,0.44100749492645264,-0.034918490797281265,0.0,0.34810999035835266,-0.05074102059006691,0.1516037881374359,0.3971019387245178,0.023007793352007866,0.08399084210395813,0.31959885358810425,-0.03231920674443245,0.037277668714523315,0.3619539737701416,-0.0822090357542038,0.02113407850265503,0.41770392656326294,-0.10586149245500565,0.19126209616661072,0.35953760147094727,0.004937837831676006,0.1501334011554718,0.1976737082004547,-0.023980434983968735,0.1131887137889862,0.10149502754211426,-0.04874749109148979,0.08705863356590271,0.02143523097038269,-0.06380566954612732,0.2398783266544342,0.3530663251876831,-0.0227876678109169,0.22398987412452698,0.1801832914352417,-0.051072172820568085,0.19765016436576843,0.0826103687286377,-0.06370807439088821,0.17447206377983093,0.0,-0.06709452718496323,0.2844999134540558,0.37501370906829834,-0.05285514518618584,0.2852858006954193,0.22574889659881592,-0.06568346917629242,0.28044065833091736,0.13470914959907532,-0.05962863937020302,0.27088412642478943,0.05562910437583923,-0.05187460407614708
F,0.22068381309509277,0.729812741279602,-3.0751689905628155e-07,0.1350277066230774,0.646293044090271,-0.011085422709584236,0.0764998197555542,0.5262303948402405,-0.022351868450641632,0.024414539337158203,0.43330276012420654,-0.04119269549846649,0.0,0.33642011880874634,-0.05821012333035469,0.15622031688690186,0.39265716075897217,0.02420891262590885,0.09050464630126953,0.31305450201034546,-0.0324038565158844,0.04331451654434204,0.35737335681915283,-0.08449337631464005,0.026346564292907715,0.4151949882507324,-0.1098414957523346,0.19601452350616455,0.3556056618690491,0.007413696963340044,0.15641754865646362,0.1950587034225464,-0.021104106679558754,0.11888742446899414,0.09969660639762878,-0.04724302515387535,0.09219259023666382,0.020075678825378418,-0.06399276852607727,0.24478501081466675,0.34995967149734497,-0.019754959270358086,0.22996258735656738,0.17891541123390198,-0.04740022122859955,0.2040625810623169,0.08198601007461548,-0.060186967253685,0.18097078800201416,0.0,-0.06423967331647873,0.28892451524734497,0.37243860960006714,-0.04982404410839081,0.2878926396369934,0.22531604766845703,-0.06248253211379051,0.2821156978607178,0.13603922724723816,-0.05647849664092064,0.27158230543136597,0.058609724044799805,-0.049065001308918
F,0.21870440244674683,0.7385517060756683,-3.1694361268819193e-07,0.13265389204025269,0.6563826501369476,-0.008684728294610977,0.0746239423751831,0.5329577028751373,-0.01847396045923233,0.024255454540252686,0.4391396939754486,-0.036129843443632126,0.0,0.34330376982688904,-0.05212836340069771,0.1547291874885559,0.40097776055336,0.02490130066871643,0.08602869510650635,0.321757048368454,-0.030552485957741737,0.03797769546508789,0.3645472228527069,-0.08109346777200699,0.020756065845489502,0.4204360544681549,-0.10528092086315155,0.19432967901229858,0.3633054196834564,0.006995216943323612,0.1539444923400879,0.20078185200691223,-0.0212717242538929,0.1167750358581543,0.10430905222892761,-0.04636674001812935,0.09048688411712646,0.023992180824279785,-0.06181638315320015,0.2429184913635254,0.35657015442848206,-0.020914707332849503,0.22762465476989746,0.183833509683609,-0.04926726594567299,0.2010478377342224,0.08409595489501953,-0.06250783056020737,0.17753183841705322,0.0,-0.06619703769683838,0.28701066970825195,0.37818828225135803,-0.05131819471716881,0.2870016098022461,0.22846701741218567,-0.06464634090662003,0.2815060615539551,0.13684669137001038,-0.05896494537591934,0.2711760401725769,0.05781027674674988,-0.05138435214757919
F,0.21241223812103271,0.7317482531070709,-3.112613171651901e-07,0.12801909446716309,0.6467169225215912,-0.007970021106302738,0.07256114482879639,0.5300192534923553,-0.01844770833849907,0.023449063301086426,0.4425515830516815,-0.0372297428548336,0.0,0.35119324922561646,-0.05445297434926033,0.14909911155700684,0.3950612246990204,0.026048894971609116,0.08410173654556274,0.31675273180007935,-0.03025464527308941,0.036900877952575684,0.35978272557258606,-0.0820038765668869,0.018989622592926025,0.4157254993915558,-0.10685949772596359,0.18792378902435303,0.3579650819301605,0.007634793408215046,0.14806246757507324,0.19770625233650208,-0.02055511064827442,0.11091530323028564,0.10216325521469116,-0.04609933868050575,0.08367973566055298,0.022441834211349487,-0.06204206869006157,0.23605918884277344,0.3515223562717438,-0.02086314745247364,0.22246170043945312,0.17945590615272522,-0.047973986715078354,0.19690406322479248,0.08212530612945557,-0.06027008965611458,0.1732211709022522,0.0,-0.0638369545340538,0.28013068437576294,0.3733866512775421,-0.052032239735126495,0.2814598083496094,0.2261568009853363,-0.06397140771150589,0.2768818140029907,0.13650360703468323,-0.05724110081791878,0.26656484603881836,0.05832540988922119,-0.04915019869804382
F,0.22253918647766113,0.7308557033538818,-3.023479848707211e-07,0.13653641939163208,0.6467055082321167,-0.012004395946860313,0.07801848649978638,0.5273629426956177,-0.023687593638896942,0.02501469850540161,0.433590292930603,-0.04298193380236626,0.0,0.3363065719604492,-0.06039922311902046,0.15836554765701294,0.39389359951019287,0.024851733818650246,0.09240782260894775,0.31490540504455566,-0.032571956515312195,0.04562157392501831,0.357246994972229,-0.08535872399806976,0.029349684715270996,0.41402703523635864,-0.11100363731384277,0.19743561744689941,0.35618484020233154,0.008798619732260704,0.15789228677749634,0.19543904066085815,-0.019926434382796288,0.12010115385055542,0.09989401698112488,-0.04633214324712753,0.09276235103607178,0.01960122585296631,-0.06318679451942444,0.24677175283432007,0.34897395968437195,-0.017806073650717735,0.22994381189346313,0.1778084635734558,-0.04542989656329155,0.20299875736236572,0.08140596747398376,-0.05823541432619095,0.17880821228027344,0.0,-0.06214480102062225,0.29229122400283813,0.36959004402160645,-0.047485049813985825,0.2917543649673462,0.2212355136871338,-0.06002912297844887,0.2858509421348572,0.13093236088752747,-0.054350391030311584,0.2749135494232178,0.05263781547546387,-0.04705251008272171
F,0.21387696266174316,0.7325694561004639,-3.0741222190044937e-07,0.1284528374671936,0.6513683795928955,-0.007692662067711353,0.0712209939956665,0.5331165790557861,-0.017860103398561478,0.022428154945373535,0.4421379566192627,-0.036072906106710434,0.0,0.34780117869377136,-0.052706848829984665,0.14749008417129517,0.3980715870857239,0.02442805841565132,0.08056843280792236,0.318773090839386,-0.03156105428934097,0.03256016969680786,0.35976582765579224,-0.08237070590257645,0.01485598087310791,0.4143959879875183,-0.1067056730389595,0.1871740221977234,0.3601655960083008,0.005995048675686121,0.14745283126831055,0.19812148809432983,-0.023045651614665985,0.11097747087478638,0.10206392407417297,-0.04842295125126839,0.08494865894317627,0.02193659543991089,-0.06411255896091461,0.23546183109283447,0.35317981243133545,-0.022282563149929047,0.22103863954544067,0.18144023418426514,-0.05056067928671837,0.1956397294998169,0.08328935503959656,-0.06353220343589783,0.17260676622390747,0.0,-0.06734485924243927,0.2798892855644226,0.3749693036079407,-0.05299929156899452,0.2807418704032898,0.22704070806503296,-0.06586549431085587,0.27613288164138794,0.13635215163230896,-0.05996331200003624,0.26640379428863525,0.057225555181503296,-0.0524667352437973
F,0.2175702154636383,0.7315660417079926,-2.7908819788535766e-07,0.13397172093391418,0.6471569836139679,-0.011991959065198898,0.07540127635002136,0.5300628244876862,-0.02401548996567726,0.023411542177200317,0.44084426760673523,-0.04348216578364372,0.0,0.34585821628570557,-0.061100758612155914,0.1529507339000702,0.3945535123348236,0.022005269303917885,0.08743724226951599,0.3176940083503723,-0.03595102205872536,0.0393616259098053,0.3614005148410797,-0.08894737809896469,0.021127134561538696,0.41781219840049744,-0.114781953394413,0.19142267107963562,0.35673514008522034,0.00563478097319603,0.1510392725467682,0.1966848075389862,-0.025462094694375992,0.11423078179359436,0.10043206810951233,-0.05300432816147804,0.08831247687339783,0.018768280744552612,-0.07008710503578186,0.23967459797859192,0.34937784075737,-0.02097427472472191,0.22271046042442322,0.1780228316783905,-0.05114181712269783,0.19574621319770813,0.081383615732193,-0.06504051387310028,0.17130586504936218,0.0,-0.06890648603439331,0.28457406163215637,0.36959877610206604,-0.05038728192448616,0.28459271788597107,0.2211170196533203,-0.06419917941093445,0.2794797718524933,0.13091915845870972,-0.05864567309617996,0.2690867483615875,0.053079187870025635,-0.051062967628240585
F,0.21280929446220398,0.7351403832435608,-3.068778369197389e-07,0.12944945693016052,0.6509756445884705,-0.007312466856092215,0.07250645756721497,0.531451940536499,-0.017413966357707977,0.02317562699317932,0.4408605694770813,-0.03561865910887718,0.0,0.347345232963562,-0.052395373582839966,0.15106824040412903,0.39739423990249634,0.02368251606822014,0.08236905932426453,0.3212215304374695,-0.03226162865757942,0.03351143002510071,0.3650500774383545,-0.08353669941425323,0.01602041721343994,0.4213412404060364,-0.1083540990948677,0.1903129518032074,0.36118650436401367,0.005156485363841057,0.15065351128578186,0.19831836223602295,-0.023509500548243523,0.11385735869407654,0.10202199220657349,-0.049139201641082764,0.08743801712989807,0.021548807621002197,-0.06535160541534424,0.2382415235042572,0.35523736476898193,-0.023051844909787178,0.22312411665916443,0.18169832229614258,-0.050985705107450485,0.1968214213848114,0.08292722702026367,-0.0645032450556755,0.17298653721809387,0.0,-0.06898172199726105,0.2821592390537262,0.37760239839553833,-0.053600139915943146,0.2837817966938019,0.2281092405319214,-0.06626434624195099,0.2791885435581207,0.13596737384796143,-0.060688506811857224,0.2692345082759857,0.055999040603637695,-0.05362425372004509
F,0.2155207395553589,0.7326582074165344,-3.1839098824093526e-07,0.13259410858154297,0.6475281119346619,-0.010955741629004478,0.07478511333465576,0.5293131470680237,-0.022972727194428444,0.023011833429336548,0.43883031606674194,-0.0426788292825222,0.0,0.3431970775127411,-0.060798291116952896,0.15444046258926392,0.3941136598587036,0.022699030116200447,0.08785837888717651,0.3161260485649109,-0.034751974046230316,0.039174020290374756,0.3596867322921753,-0.08772919327020645,0.0204622745513916,0.4162023067474365,-0.11384894698858261,0.19341576099395752,0.3570345640182495,0.005400223657488823,0.15433257818222046,0.19776099920272827,-0.024293119087815285,0.11638706922531128,0.10226815938949585,-0.05170413851737976,0.0880698561668396,0.022598683834075928,-0.0695178434252739,0.24147802591323853,0.35107421875,-0.02208583615720272,0.22879940271377563,0.1804056167602539,-0.0506182461977005,0.20348632335662842,0.08256646990776062,-0.06473717093467712,0.17948925495147705,0.0,-0.06995187699794769,0.28529834747314453,0.374057412147522,-0.0523613840341568,0.2873194217681885,0.227453351020813,-0.06560288369655609,0.28335142135620117,0.13739007711410522,-0.06040079519152641,0.2733914256095886,0.05890291929244995,-0.053791869431734085
F,0.22077089548110962,0.731983482837677,-3.30302356132961e-07,0.13432103395462036,0.6499622464179993,-0.0081394724547863,0.07620245218276978,0.5276327729225159,-0.01833946816623211,0.0248984694480896,0.43384814262390137,-0.03664976358413696,0.0,0.3381490409374237,-0.053248777985572815,0.15540456771850586,0.39545679092407227,0.024537919089198112,0.08714866638183594,0.31595203280448914,-0.031034592539072037,0.04125243425369263,0.3613426089286804,-0.0814773365855217,0.025619328022003174,0.4198496341705322,-0.10560023784637451,0.1953081488609314,0.358013391494751,0.006362127605825663,0.15489453077316284,0.19672077894210815,-0.02224412001669407,0.11745774745941162,0.1006273627281189,-0.04753139242529869,0.08995139598846436,0.02072778344154358,-0.06338368356227875,0.24378424882888794,0.3510581851005554,-0.02169712260365486,0.22857218980789185,0.17981714010238647,-0.049403805285692215,0.20302635431289673,0.08259734511375427,-0.061928268522024155,0.1797381043434143,0.0,-0.06565023213624954,0.28803449869155884,0.37259840965270996,-0.05228542163968086,0.2890462279319763,0.22456294298171997,-0.06447140872478485,0.28440481424331665,0.13414281606674194,-0.058186616748571396,0.2744610905647278,0.05552548170089722,-0.05058829486370087
F,0.21212351322174072,0.7291194498538971,-3.0511961313095526e-07,0.12840372323989868,0.6472305953502655,-0.008206038735806942,0.07172340154647827,0.5303425490856171,-0.018348179757595062,0.022833704948425293,0.4433269202709198,-0.03635292500257492,0.0,0.3528558909893036,-0.05265331268310547,0.1479557752609253,0.3921532928943634,0.022928671911358833,0.0797988772392273,0.3157064616680145,-0.03330323472619057,0.031513750553131104,0.36072102189064026,-0.08446579426527023,0.014602124691009521,0.4181429445743561,-0.10899515450000763,0.18708938360214233,0.3549030125141144,0.004934229888021946,0.14625149965286255,0.19401031732559204,-0.024356549605727196,0.10945296287536621,0.09860971570014954,-0.04996730759739876,0.08346104621887207,0.019136369228363037,-0.06573738902807236,0.234857976436615,0.34820207953453064,-0.02277275174856186,0.21949917078018188,0.1766299307346344,-0.051142822951078415,0.19360005855560303,0.08073246479034424,-0.06388509273529053,0.17060399055480957,0.0,-0.06739252060651779,0.2784951329231262,0.3700622022151947,-0.05293950065970421,0.2798956632614136,0.22224825620651245,-0.06550917774438858,0.2754891514778137,0.1321445107460022,-0.05910295993089676,0.26642054319381714,0.053604692220687866,-0.051057182252407074
F,0.2210702896118164,0.7306467890739441,-3.0053217869863147e-07,0.1360323429107666,0.6468210220336914,-0.012671232223510742,0.07829588651657104,0.5253884792327881,-0.024534905329346657,0.025146543979644775,0.43112683296203613,-0.04379265755414963,0.0,0.3341403901576996,-0.061105355620384216,0.1563764214515686,0.39446699619293213,0.02237817645072937,0.08953171968460083,0.3162875473499298,-0.034711215645074844,0.04367321729660034,0.3634280562400818,-0.0866871178150177,0.02902039885520935,0.42245978116989136,-0.1119084358215332,0.19540315866470337,0.3570908308029175,0.006442921236157417,0.15527325868606567,0.19615775346755981,-0.022939244285225868,0.11781555414199829,0.10029670596122742,-0.04919727146625519,0.09100949764251709,0.019032537937164307,-0.06588352471590042,0.24404889345169067,0.3505328297615051,-0.019911017268896103,0.22710400819778442,0.17902886867523193,-0.04824265092611313,0.20132291316986084,0.08242601156234741,-0.06122255697846413,0.17807501554489136,0.0,-0.06518184393644333,0.28870004415512085,0.3721262216567993,-0.049272969365119934,0.2877574563026428,0.22353655099868774,-0.061941128224134445,0.2823163866996765,0.1329929232597351,-0.05611000582575798,0.27214115858078003,0.05448096990585327,-0.04879717901349068
F,0.21166929602622986,0.7322422862052917,-2.9781460852973396e-07,0.12556925415992737,0.6519098877906799,-0.005767542868852615,0.06956306099891663,0.533946692943573,-0.014685864560306072,0.022535890340805054,0.44607532024383545,-0.03186259791254997,0.0,0.35621392726898193,-0.04739483445882797,0.14494958519935608,0.399397075176239,0.024212436750531197,0.07651469111442566,0.31868281960487366,-0.03110959567129612,0.028132647275924683,0.35667502880096436,-0.08065466582775116,0.009915560483932495,0.40914249420166016,-0.10378597676753998,0.1835986077785492,0.3620319962501526,0.0050796507857739925,0.142701655626297,0.19780242443084717,-0.02494187094271183,0.10614964365959167,0.10089343786239624,-0.05005662143230438,0.08020487427711487,0.020579159259796143,-0.06463158130645752,0.23143920302391052,0.35408419370651245,-0.023422297090291977,0.21479448676109314,0.18059229850769043,-0.05233537778258324,0.18826964497566223,0.08272320032119751,-0.06492874771356583,0.16504773497581482,0.0,-0.0675610825419426,0.2758396565914154,0.37407565116882324,-0.05408702790737152,0.2754242718219757,0.22353512048721313,-0.06623081117868423,0.2701641619205475,0.13228759169578552,-0.05921612307429314,0.2606142461299896,0.05367448925971985,-0.05045750364661217
F,0.21736770868301392,0.7299805283546448,-2.848636029284535e-07,0.1336652636528015,0.6468858122825623,-0.01258289348334074,0.07582652568817139,0.5276699662208557,-0.024536287412047386,0.024503111839294434,0.43717634677886963,-0.0435144379734993,0.0,0.3437801003456116,-0.060494694858789444,0.15208464860916138,0.39264291524887085,0.01865921914577484,0.08571118116378784,0.3131580650806427,-0.039107803255319595,0.03983116149902344,0.362520694732666,-0.09099762886762619,0.025362342596054077,0.4256266951560974,-0.11588205397129059,0.19136595726013184,0.35567182302474976,0.0033438869286328554,0.15081536769866943,0.19514504075050354,-0.02742205373942852,0.1139225959777832,0.0996466875076294,-0.054052602499723434,0.08749008178710938,0.01828402280807495,-0.07068457454442978,0.24083149433135986,0.34931492805480957,-0.021951355040073395,0.22411876916885376,0.17723515629768372,-0.051096148788928986,0.19831526279449463,0.08165434002876282,-0.0641355887055397,0.17500907182693481,0.0,-0.06787515431642532,0.28655576705932617,0.3709874153137207,-0.05005332827568054,0.2861395478248596,0.22195661067962646,-0.06271113455295563,0.28151869773864746,0.13186576962471008,-0.05641595274209976,0.27229928970336914,0.053474217653274536,-0.048618726432323456
F,0.2088651955127716,0.7285910248756409,-3.1880998108135827e-07,0.12564364075660706,0.6496525406837463,-0.010340067557990551,0.06983891129493713,0.534218966960907,-0.02145778015255928,0.021915197372436523,0.447787880897522,-0.04001997038722038,0.0,0.3585045337677002,-0.05680011585354805,0.14508476853370667,0.3947063684463501,0.01932436227798462,0.07769730687141418,0.31772369146347046,-0.03823572024703026,0.030072778463363647,0.3626365661621094,-0.0904783383011818,0.013014525175094604,0.41959232091903687,-0.11574075371026993,0.18337789177894592,0.3568968176841736,0.0022928002290427685,0.14281854033470154,0.19646474719047546,-0.027878452092409134,0.10574653744697571,0.10086607933044434,-0.05471516400575638,0.07903245091438293,0.020311206579208374,-0.07158990204334259,0.23111799359321594,0.34941935539245605,-0.02442903444170952,0.21421781182289124,0.17748361825942993,-0.05320538952946663,0.1874236762523651,0.08146053552627563,-0.06723146140575409,0.16339465975761414,0.0,-0.07186350971460342,0.2759089767932892,0.370405912399292,-0.0537925660610199,0.2769816219806671,0.22192597389221191,-0.06653140485286713,0.2717811167240143,0.1315033733844757,-0.06105460226535797,0.26153138279914856,0.05267602205276489,-0.05391119420528412
F,0.21736618876457214,0.7318561673164368,-2.927946525232983e-07,0.13431277871131897,0.6469809412956238,-0.01246584765613079,0.07657685875892639,0.5301229953765869,-0.02516918256878853,0.023829668760299683,0.4394086003303528,-0.045101046562194824,0.0,0.343371719121933,-0.06333787739276886,0.15582850575447083,0.3966670036315918,0.018950004130601883,0.08804652094841003,0.3198876678943634,-0.039267685264348984,0.040172964334487915,0.3650655746459961,-0.09278043359518051,0.023329198360443115,0.4220202565193176,-0.11947557330131531,0.19381055235862732,0.3594992756843567,0.002738341921940446,0.153316468000412,0.19852161407470703,-0.0287579745054245,0.11530432105064392,0.10187417268753052,-0.057417284697294235,0.08745995163917542,0.01950293779373169,-0.07597383111715317,0.24175527691841125,0.3521864414215088,-0.023370563983917236,0.22425493597984314,0.18061554431915283,-0.05320701748132706,0.19743612408638,0.08324724435806274,-0.06798645108938217,0.1729983389377594,0.0,-0.07330214977264404,0.2865199148654938,0.37293195724487305,-0.05230216309428215,0.287141889333725,0.22423094511032104,-0.06571806967258453,0.2820928394794464,0.13304799795150757,-0.060592565685510635,0.2717096507549286,0.05392858386039734,-0.05397018790245056
F,0.2106407880783081,0.7308178842067719,-3.273015352078801e-07,0.12652915716171265,0.64926478266716,-0.007532948162406683,0.07065129280090332,0.5311961472034454,-0.018018916249275208,0.022099584341049194,0.44147059321403503,-0.03646000474691391,0.0,0.34899452328681946,-0.05353662744164467,0.14927786588668823,0.3963957726955414,0.023018352687358856,0.08110392093658447,0.32028889656066895,-0.03370141610503197,0.032695114612579346,0.3596141040325165,-0.08565186709165573,0.014162719249725342,0.41103270649909973,-0.11099571734666824,0.1877933144569397,0.3589502274990082,0.0041154068894684315,0.1471143364906311,0.1978178322315216,-0.025653040036559105,0.1093859076499939,0.10133740305900574,-0.05236533284187317,0.0817645788192749,0.020924925804138184,-0.06923872232437134,0.23514342308044434,0.3519599735736847,-0.024402959272265434,0.2188454270362854,0.18014559149742126,-0.05282187834382057,0.19220250844955444,0.08262699842453003,-0.06663975864648819,0.168448805809021,0.0,-0.07129422575235367,0.27906113862991333,0.3738415539264679,-0.05534496158361435,0.27916115522384644,0.2250317633152008,-0.06796688586473465,0.273748517036438,0.1344762146472931,-0.06240834668278694,0.2634809613227844,0.05581066012382507,-0.05540304258465767
F,0.21692383289337158,0.7321523427963257,-3.031470328096475e-07,0.13366752862930298,0.6471449136734009,-0.010762736201286316,0.07611340284347534,0.5310274958610535,-0.02302086539566517,0.023563146591186523,0.4423624873161316,-0.04276243969798088,0.0,0.3467312157154083,-0.06124241650104523,0.15500962734222412,0.397169291973114,0.0198515597730875,0.08758258819580078,0.3228916525840759,-0.03731858357787132,0.03859913349151611,0.3687429428100586,-0.09016425162553787,0.020597636699676514,0.426685094833374,-0.11661221086978912,0.19474923610687256,0.3598998785018921,0.0024340206291526556,0.15571290254592896,0.19927239418029785,-0.0285398680716753,0.11704343557357788,0.10375094413757324,-0.05662393942475319,0.08829343318939209,0.02288639545440674,-0.07484273612499237,0.24308252334594727,0.35385793447494507,-0.024707818403840065,0.2309037446975708,0.18123844265937805,-0.054663944989442825,0.20527219772338867,0.08342304825782776,-0.06941407173871994,0.18103176355361938,0.0,-0.07483001798391342,0.28715747594833374,0.3775482773780823,-0.05438000708818436,0.28921037912368774,0.22987014055252075,-0.06821966916322708,0.2845616340637207,0.13911709189414978,-0.06274458020925522,0.2736769914627075,0.05991968512535095,-0.05594439059495926
F,0.22037094831466675,0.730772852897644,-3.270598369908839e-07,0.13474571704864502,0.6488770842552185,-0.009405102580785751,0.07625776529312134,0.5301237106323242,-0.02102723903954029,0.024586260318756104,0.4389351010322571,-0.040556084364652634,0.0,0.3438225984573364,-0.058275993913412094,0.15530848503112793,0.3965250253677368,0.021775588393211365,0.08434426784515381,0.31832873821258545,-0.03567562624812126,0.035047680139541626,0.36014360189437866,-0.08794492483139038,0.01670539379119873,0.41425591707229614,-0.11331558227539062,0.19453835487365723,0.3596544861793518,0.0038343577180057764,0.15254807472229004,0.19823312759399414,-0.02587752975523472,0.11409693956375122,0.10230231285095215,-0.05244292691349983,0.0862848162651062,0.022406339645385742,-0.06926055252552032,0.2427840232849121,0.35189104080200195,-0.023932961747050285,0.22333091497421265,0.1792704463005066,-0.05221348628401756,0.19559890031814575,0.0822325050830841,-0.06513889133930206,0.17111694812774658,0.0,-0.06916479766368866,0.2874848246574402,0.37209010124206543,-0.05435050278902054,0.28566503524780273,0.22289365530014038,-0.06685854494571686,0.27907007932662964,0.13203036785125732,-0.06084917485713959,0.2675527334213257,0.05313920974731445,-0.05333787575364113
F,0.21754366159439087,0.7316059768199921,-3.005022790603107e-07,0.13347142934799194,0.6482554376125336,-0.007689759135246277,0.07540982961654663,0.5301336348056793,-0.018159229308366776,0.024958372116088867,0.44089773297309875,-0.0369097962975502,0.0,0.34734779596328735,-0.05396868288516998,0.153814435005188,0.39638999104499817,0.023930063471198082,0.08330368995666504,0.32071396708488464,-0.033657897263765335,0.03388625383377075,0.3600321114063263,-0.08648207783699036,0.01484602689743042,0.41179296374320984,-0.11209873110055923,0.19192051887512207,0.35948631167411804,0.005331833381205797,0.1498691439628601,0.1968892216682434,-0.025040823966264725,0.11262065172195435,0.10055440664291382,-0.0524226576089859,0.08642274141311646,0.019204765558242798,-0.06933282315731049,0.2398046851158142,0.35098251700401306,-0.02294323220849037,0.2192065715789795,0.17769727110862732,-0.051785171031951904,0.19102317094802856,0.08142209053039551,-0.0651063546538353,0.1664111614227295,0.0,-0.06885599344968796,0.2846166491508484,0.36948391795158386,-0.053726885467767715,0.2821418046951294,0.22000357508659363,-0.06587304919958115,0.27530819177627563,0.1299475133419037,-0.05936664342880249,0.26380985975265503,0.05193224549293518,-0.05128047615289688
F,0.2152843475341797,0.7324118912220001,-3.112932915882993e-07,0.13124370574951172,0.6488463580608368,-0.008019781671464443,0.07461303472518921,0.5313946902751923,-0.018633021041750908,0.02440735697746277,0.44318750500679016,-0.0376301184296608,0.0,0.3510799705982208,-0.05488714575767517,0.15108877420425415,0.3971464931964874,0.023270193487405777,0.0802774429321289,0.3196296691894531,-0.03335564583539963,0.031554460525512695,0.3632403314113617,-0.08503589779138565,0.013752758502960205,0.41826382279396057,-0.10995779931545258,0.1894758939743042,0.3606840670108795,0.004958337172865868,0.14843332767486572,0.19814351201057434,-0.025147734209895134,0.11108940839767456,0.10206809639930725,-0.052021995186805725,0.08401137590408325,0.02057686448097229,-0.06862334161996841,0.23721837997436523,0.3521457612514496,-0.022976404055953026,0.21628272533416748,0.17943453788757324,-0.05155083164572716,0.1877368688583374,0.0825616717338562,-0.0651303380727768,0.16238945722579956,0.0,-0.06919292360544205,0.28196364641189575,0.3702426254749298,-0.05342397466301918,0.2796195149421692,0.2204340398311615,-0.06544375419616699,0.2730456590652466,0.12892666459083557,-0.059364572167396545,0.2615017890930176,0.049242258071899414,-0.05172623321413994
F,0.2182406187057495,0.7307840585708618,-3.0761654556954454e-07,0.13339084386825562,0.6481087803840637,-0.007670690771192312,0.07576781511306763,0.5288282632827759,-0.017958693206310272,0.025197714567184448,0.4388713240623474,-0.03660669922828674,0.0,0.3458617031574249,-0.053654931485652924,0.15339022874832153,0.3947433829307556,0.02410489320755005,0.0825243592262268,0.3176113963127136,-0.03284214064478874,0.03318178653717041,0.356103777885437,-0.08468157798051834,0.014292031526565552,0.4073140025138855,-0.10950417071580887,0.191522479057312,0.3580777645111084,0.005486642010509968,0.14981776475906372,0.19543775916099548,-0.024464787915349007,0.11269301176071167,0.09926795959472656,-0.05097618326544762,0.08633613586425781,0.018933147192001343,-0.06714159995317459,0.2393307089805603,0.34946489334106445,-0.02282317541539669,0.21806740760803223,0.1768454909324646,-0.05138499662280083,0.1899769902229309,0.08093944191932678,-0.06428604573011398,0.1650332808494568,0.0,-0.06762655824422836,0.28438329696655273,0.36757850646972656,-0.05365914851427078,0.2808416485786438,0.21751248836517334,-0.06580336391925812,0.27418726682662964,0.1270604431629181,-0.059371333569288254,0.2624630331993103,0.04915231466293335,-0.05122978240251541
F,0.21537742018699646,0.733718603849411,-3.120156577551825e-07,0.13052228093147278,0.6502748429775238,-0.00530190858989954,0.07381740212440491,0.5306135714054108,-0.014224166050553322,0.024946779012680054,0.44104674458503723,-0.03158894553780556,0.0,0.34773266315460205,-0.047374825924634933,0.15207573771476746,0.3962653577327728,0.0248391255736351,0.07943597435951233,0.3204788267612457,-0.030670782551169395,0.02898108959197998,0.35987672209739685,-0.08180893212556839,0.010059982538223267,0.4115777313709259,-0.10650262981653214,0.19048747420310974,0.36028942465782166,0.005401937756687403,0.14779332280158997,0.19636043906211853,-0.024295441806316376,0.11001631617546082,0.09984830021858215,-0.05083253234624863,0.0833941400051117,0.01954883337020874,-0.0669802725315094,0.23763629794120789,0.35198643803596497,-0.023260492831468582,0.21678206324577332,0.17811033129692078,-0.051583919674158096,0.18832990527153015,0.08143207430839539,-0.06460411846637726,0.1638442575931549,0.0,-0.06803801655769348,0.28115221858024597,0.3707939684391022,-0.054101694375276566,0.2773496210575104,0.22082409262657166,-0.06571384519338608,0.2698540985584259,0.13049039244651794,-0.058668095618486404,0.2580987513065338,0.0528220534324646,-0.050133123993873596
F,0.21582961082458496,0.7326124608516693,-3.150463214751653e-07,0.13104277849197388,0.651119738817215,-0.007430159021168947,0.07449239492416382,0.5324097573757172,-0.017599964514374733,0.024817615747451782,0.44330641627311707,-0.036152150481939316,0.0,0.3512098491191864,-0.052922334522008896,0.1510290503501892,0.3954707086086273,0.023956438526511192,0.08073151111602783,0.31771063804626465,-0.032554708421230316,0.03193315863609314,0.3591304123401642,-0.08417941629886627,0.01400667428970337,0.41326436400413513,-0.10892827063798904,0.18872594833374023,0.35894665122032166,0.005314945708960295,0.14764046669006348,0.1958441436290741,-0.023705951869487762,0.11031597852706909,0.10004532337188721,-0.04958575591444969,0.08365416526794434,0.02040177583694458,-0.06553281098604202,0.23618119955062866,0.3512122333049774,-0.0230043213814497,0.21633410453796387,0.17829400300979614,-0.050463903695344925,0.18847084045410156,0.08175390958786011,-0.06302092969417572,0.1640421748161316,0.0,-0.0665653869509697,0.28064244985580444,0.37071725726127625,-0.05390244722366333,0.2793949246406555,0.2207888662815094,-0.06535659730434418,0.2731707692146301,0.12971541285514832,-0.058724548667669296,0.26226407289505005,0.05089107155799866,-0.050664059817790985
F,0.21413767337799072,0.7298047542572021,-3.030434356787737e-07,0.13137787580490112,0.6445643901824951,-0.006062493193894625,0.07416641712188721,0.5260210633277893,-0.01561779249459505,0.02400556206703186,0.43827056884765625,-0.03338973596692085,0.0,0.34594032168388367,-0.04991856589913368,0.15385472774505615,0.3930177092552185,0.02389143407344818,0.08411937952041626,0.31824713945388794,-0.03222118318080902,0.03214621543884277,0.3552423119544983,-0.08426646143198013,0.0105610191822052,0.4048830270767212,-0.1097334697842598,0.1922389268875122,0.357164204120636,0.00474023912101984,0.15159589052200317,0.1944500207901001,-0.024789439514279366,0.11398226022720337,0.09791913628578186,-0.051733553409576416,0.08703529834747314,0.0183660089969635,-0.06875209510326385,0.24027377367019653,0.3506554365158081,-0.023733878508210182,0.22464120388031006,0.17708462476730347,-0.051805563271045685,0.19814330339431763,0.08066624402999878,-0.06523488461971283,0.17436212301254272,0.0,-0.06949656456708908,0.2852843999862671,0.372244656085968,-0.05446440353989601,0.2851754426956177,0.22282373905181885,-0.06622486561536789,0.28003478050231934,0.13289758563041687,-0.05964408442378044,0.26943331956863403,0.055709242820739746,-0.05183503031730652
F,0.21556547284126282,0.7303397953510284,-3.328270850033732e-07,0.13128498196601868,0.6461804807186127,-0.007902448065578938,0.07364478707313538,0.5272768437862396,-0.01830313168466091,0.022860318422317505,0.4373507797718048,-0.03676272928714752,0.0,0.3427604138851166,-0.05373767390847206,0.15359118580818176,0.39329829812049866,0.023320257663726807,0.08415672183036804,0.31607481837272644,-0.033059827983379364,0.03330156207084656,0.35865166783332825,-0.08511573821306229,0.012774735689163208,0.413444846868515,-0.110537588596344,0.19254353642463684,0.35640934109687805,0.00491822324693203,0.15268221497535706,0.19533151388168335,-0.024253297597169876,0.11392059922218323,0.09949308633804321,-0.05110250413417816,0.08536788821220398,0.019976437091827393,-0.0682971179485321,0.24072328209877014,0.3499169647693634,-0.02314111962914467,0.22725340723991394,0.17843863368034363,-0.05124875530600548,0.20099791884422302,0.08146694302558899,-0.06515803933143616,0.177097350358963,0.0,-0.06995154917240143,0.2850511968135834,0.3719736635684967,-0.05365784093737602,0.2876265347003937,0.22403916716575623,-0.0662076324224472,0.2829943597316742,0.13352495431900024,-0.060524992644786835,0.27256539463996887,0.05486714839935303,-0.05341911315917969
F,0.2199125587940216,0.7296625375747681,-3.1390158028443693e-07,0.13452377915382385,0.6476187705993652,-0.010897750034928322,0.07644084095954895,0.5297799706459045,-0.022982226684689522,0.024663060903549194,0.44034838676452637,-0.042521849274635315,0.0,0.34620341658592224,-0.060335561633110046,0.15473434329032898,0.3962109088897705,0.018906844779849052,0.08525177836418152,0.31816956400871277,-0.03884284570813179,0.036545366048812866,0.3642142415046692,-0.09101397544145584,0.018880575895309448,0.42275863885879517,-0.11622685194015503,0.19379857182502747,0.35941219329833984,0.001929624704644084,0.15356507897377014,0.19768452644348145,-0.02859964407980442,0.11539682745933533,0.10233816504478455,-0.05559825524687767,0.08717265725135803,0.022296875715255737,-0.07256048917770386,0.2424042522907257,0.3521440625190735,-0.024777213111519814,0.22553697228431702,0.17979466915130615,-0.053791679441928864,0.1986570656299591,0.0828511118888855,-0.06743726879358292,0.1738344132900238,0.0,-0.07181466370820999,0.2878214418888092,0.3730858564376831,-0.05409952998161316,0.28776755928993225,0.22433555126190186,-0.06691604852676392,0.2824982702732086,0.1334991753101349,-0.06086451932787895,0.2716924846172333,0.05404239892959595,-0.05331704020500183
F,0.216719388961792,0.7300133109092712,-2.949275312857935e-07,0.13256585597991943,0.6487256288528442,-0.009001643396914005,0.07487136125564575,0.5309432744979858,-0.020084356889128685,0.024069130420684814,0.4412323832511902,-0.039197031408548355,0.0,0.3475484848022461,-0.056541718542575836,0.1517212986946106,0.39408862590789795,0.022955715656280518,0.08049774169921875,0.31832051277160645,-0.034697290509939194,0.031561076641082764,0.35989147424697876,-0.0873824879527092,0.014141619205474854,0.4133875370025635,-0.11291760206222534,0.19075900316238403,0.35714995861053467,0.004897251259535551,0.14876329898834229,0.1952354907989502,-0.025220626965165138,0.11202484369277954,0.099397212266922,-0.052045781165361404,0.08632612228393555,0.019402354955673218,-0.06865668296813965,0.23847055435180664,0.3491387367248535,-0.02304134890437126,0.2174466848373413,0.17687582969665527,-0.05207495763897896,0.18907380104064941,0.08060801029205322,-0.06553811579942703,0.1646021008491516,0.0,-0.06940107047557831,0.2822500467300415,0.36874181032180786,-0.053556472063064575,0.278938889503479,0.2196468710899353,-0.06641830503940582,0.27176225185394287,0.1295466125011444,-0.06059849634766579,0.26038503646850586,0.051975756883621216,-0.05293414369225502
F,0.21934515237808228,0.7298793792724609,-2.816753976730979e-07,0.13374745845794678,0.6482622623443604,-0.0063104936853051186,0.0753600001335144,0.5304329991340637,-0.016103778034448624,0.02448982000350952,0.4403313994407654,-0.03408756107091904,0.0,0.34657925367355347,-0.050297174602746964,0.15208274126052856,0.39771366119384766,0.02375081554055214,0.08181428909301758,0.32040920853614807,-0.032217223197221756,0.03289380669593811,0.35814255475997925,-0.08293627202510834,0.014937758445739746,0.40938758850097656,-0.10719476640224457,0.19083857536315918,0.3605113625526428,0.004969423171132803,0.15019428730010986,0.19632810354232788,-0.025817304849624634,0.11371469497680664,0.0987798273563385,-0.05179668217897415,0.08815515041351318,0.017634272575378418,-0.06720152497291565,0.2383463978767395,0.3515142798423767,-0.023108256980776787,0.21887826919555664,0.17823559045791626,-0.052105195820331573,0.19165605306625366,0.08180961012840271,-0.06410098075866699,0.16815835237503052,0.0,-0.06645718216896057,0.2822827100753784,0.3703734874725342,-0.05342810973525047,0.280007541179657,0.2206249237060547,-0.06502315402030945,0.2741008996963501,0.13013574481010437,-0.05738986283540726,0.26431041955947876,0.05187228322029114,-0.04829859361052513
F,0.21200865507125854,0.7302169501781464,-2.880724423448555e-07,0.12651360034942627,0.648548811674118,-0.006577021908015013,0.07088977098464966,0.5296876728534698,-0.016211260110139847,0.023724615573883057,0.44100257754325867,-0.03401600569486618,0.0,0.35003986954689026,-0.05005433037877083,0.14684367179870605,0.39401641488075256,0.0233504306524992,0.07639873027801514,0.3154216706752777,-0.03257203474640846,0.028764665126800537,0.35623130202293396,-0.08282414823770523,0.01245027780532837,0.4111391603946686,-0.10642240196466446,0.1850510835647583,0.35792770981788635,0.0046875979751348495,0.1424957513809204,0.19485190510749817,-0.025477804243564606,0.1048048734664917,0.09869539737701416,-0.05090976879000664,0.0781320333480835,0.018900245428085327,-0.0658455565571785,0.23216980695724487,0.3503880798816681,-0.023365112021565437,0.21207189559936523,0.1773732602596283,-0.05209130421280861,0.1838638186454773,0.08103209733963013,-0.06402026116847992,0.1594182252883911,0.0,-0.06633073091506958,0.27540236711502075,0.37011072039604187,-0.05369716137647629,0.2725486755371094,0.22015675902366638,-0.0653848722577095,0.2663472890853882,0.12983918190002441,-0.05784280598163605,0.25653791427612305,0.05272737145423889,-0.04874684661626816
F,0.2108546495437622,0.7276041805744171,-3.0124633099148923e-07,0.12741100788116455,0.6442528069019318,-0.007476007100194693,0.07115447521209717,0.5294806659221649,-0.017586560919880867,0.02311176061630249,0.4431563913822174,-0.03552333638072014,0.0,0.3537686765193939,-0.05199878662824631,0.14781779050827026,0.3939078748226166,0.021536417305469513,0.08029472827911377,0.3175034821033478,-0.03514548018574715,0.03169596195220947,0.35959455370903015,-0.08701382577419281,0.013468801975250244,0.4141246974468231,-0.11219058930873871,0.18585288524627686,0.3572991192340851,0.0032944423146545887,0.14534622430801392,0.1949107050895691,-0.027633484452962875,0.10834550857543945,0.09832319617271423,-0.05518706515431404,0.08181995153427124,0.01741921901702881,-0.07240936160087585,0.23355746269226074,0.3503621518611908,-0.024237219244241714,0.2174757719039917,0.1770959198474884,-0.05352802202105522,0.1911112666130066,0.08103013038635254,-0.06799251586198807,0.16779959201812744,0.0,-0.07266535609960556,0.27841317653656006,0.3717747628688812,-0.054008740931749344,0.27893561124801636,0.22198382019996643,-0.06635700166225433,0.273892879486084,0.13125687837600708,-0.060432154685258865,0.2643622159957886,0.052502065896987915,-0.05302642285823822
F,0.21774783730506897,0.7286323606967926,-2.9940815693407785e-07,0.1338384449481964,0.6457007229328156,-0.012025229632854462,0.07600006461143494,0.5297183692455292,-0.024166997522115707,0.024094223976135254,0.43971195816993713,-0.04362471401691437,0.0,0.34497159719467163,-0.06124734878540039,0.15528550744056702,0.39562180638313293,0.020696403458714485,0.08781513571739197,0.3183070421218872,-0.036937881261110306,0.04068842530250549,0.3622302711009979,-0.08984346687793732,0.024007827043533325,0.4189439117908478,-0.11582416296005249,0.19357416033744812,0.3577325642108917,0.004698070231825113,0.1539151966571808,0.19713205099105835,-0.025588521733880043,0.11578312516212463,0.10107296705245972,-0.05320030078291893,0.0874578058719635,0.019319593906402588,-0.07084335386753082,0.24185428023338318,0.3494580090045929,-0.021258359774947166,0.22452333569526672,0.17940351366996765,-0.049668412655591965,0.1976257860660553,0.08289974927902222,-0.06306981295347214,0.17333748936653137,0.0,-0.06745786964893341,0.28682801127433777,0.3689068853855133,-0.05013846606016159,0.2867790758609772,0.22154119610786438,-0.06235232576727867,0.2815612852573395,0.13169124722480774,-0.056170471012592316,0.2712661325931549,0.05307397246360779,-0.04869149625301361
F,0.21516722440719604,0.7284601032733917,-3.182155410286214e-07,0.12897449731826782,0.6488639414310455,-0.006535776890814304,0.07185828685760498,0.5305574834346771,-0.015760483220219612,0.022822558879852295,0.4399888813495636,-0.03303677216172218,0.0,0.3469489514827728,-0.04870866984128952,0.1490699052810669,0.3967154324054718,0.02425110898911953,0.07970786094665527,0.31797313690185547,-0.030940622091293335,0.033094048500061035,0.36037710309028625,-0.08108349144458771,0.01723596453666687,0.41613897681236267,-0.10495542734861374,0.18773144483566284,0.35907039046287537,0.005714332684874535,0.14697474241256714,0.19654420018196106,-0.022953366860747337,0.10974305868148804,0.09997430443763733,-0.04822980612516403,0.08279913663864136,0.019920289516448975,-0.06380651891231537,0.2353297472000122,0.35130050778388977,-0.022325530648231506,0.2187061309814453,0.17951294779777527,-0.049736980348825455,0.19265305995941162,0.08222499489784241,-0.06256195902824402,0.16963911056518555,0.0,-0.06631602346897125,0.2790319323539734,0.3717816174030304,-0.052677519619464874,0.2791789174079895,0.22379764914512634,-0.0642760694026947,0.2741202116012573,0.13344913721084595,-0.057883430272340775,0.2645787000656128,0.05518200993537903,-0.05012672767043114
F,0.21747535467147827,0.7279758751392365,-3.004215329838189e-07,0.13230770826339722,0.6459157168865204,-0.009681244380772114,0.0741834044456482,0.5306876003742218,-0.019970424473285675,0.023463189601898193,0.44295987486839294,-0.037704095244407654,0.0,0.35072818398475647,-0.05359768494963646,0.15163660049438477,0.39562657475471497,0.02172989957034588,0.08285260200500488,0.3195731043815613,-0.0347878634929657,0.03524589538574219,0.3649352490901947,-0.08636001497507095,0.018702268600463867,0.42282429337501526,-0.11127406358718872,0.19024091958999634,0.3575177490711212,0.005127318203449249,0.1482791304588318,0.19708046317100525,-0.025608379393815994,0.11101865768432617,0.10133251547813416,-0.05271236225962639,0.08423775434494019,0.02009904384613037,-0.06942685693502426,0.23817670345306396,0.348871111869812,-0.021092146635055542,0.2190433144569397,0.17744609713554382,-0.050423771142959595,0.1922006607055664,0.08170893788337708,-0.06422747671604156,0.1684977412223816,0.0,-0.0681784525513649,0.28244102001190186,0.3683430850505829,-0.049756914377212524,0.2805936336517334,0.22064688801765442,-0.06205527111887932,0.2742645740509033,0.1312689185142517,-0.05565595254302025,0.26367831230163574,0.05352431535720825,-0.04766899719834328
F,0.2106671929359436,0.7268005013465881,-2.955804632165382e-07,0.12671899795532227,0.6446694731712341,-0.008769665844738483,0.07063484191894531,0.5286291837692261,-0.019206924363970757,0.022401392459869385,0.43961650133132935,-0.037366267293691635,0.0,0.3472314476966858,-0.05390280857682228,0.14788269996643066,0.3946484327316284,0.022629696875810623,0.07937085628509521,0.3171483874320984,-0.03366059064865112,0.03265458345413208,0.3577856421470642,-0.08487069606781006,0.016679763793945312,0.4113418459892273,-0.10952190309762955,0.18741577863693237,0.35650700330734253,0.004931523930281401,0.14620882272720337,0.19479665160179138,-0.025042004883289337,0.10974359512329102,0.09819382429122925,-0.05162476375699043,0.08382165431976318,0.017995625734329224,-0.06815128028392792,0.23546826839447021,0.3482321500778198,-0.02237837389111519,0.218083918094635,0.17707571387290955,-0.0509461872279644,0.19149434566497803,0.08090755343437195,-0.06424719095230103,0.16813045740127563,0.0,-0.06813278794288635,0.2799568772315979,0.3682454824447632,-0.052175551652908325,0.27923285961151123,0.21983784437179565,-0.06435070186853409,0.27390366792678833,0.12958019971847534,-0.058083564043045044,0.26437413692474365,0.05214837193489075,-0.05029594153165817
F,0.21861746907234192,0.7303202152252197,-3.1226934993355826e-07,0.13421514630317688,0.6484910249710083,-0.010969823226332664,0.07692638039588928,0.5302641987800598,-0.022567490115761757,0.025003373622894287,0.43954139947891235,-0.04155251383781433,0.0,0.34439921379089355,-0.058713458478450775,0.15717270970344543,0.39521461725234985,0.021279238164424896,0.08868703246116638,0.3183061480522156,-0.036150041967630386,0.04029741883277893,0.361624538898468,-0.08842121064662933,0.02261391282081604,0.41825443506240845,-0.11375301331281662,0.19584247469902039,0.3572865128517151,0.004558488726615906,0.15505686402320862,0.1970655918121338,-0.025282006710767746,0.11624369025230408,0.10096344351768494,-0.05170655623078346,0.08771482110023499,0.021005749702453613,-0.06826122850179672,0.24362114071846008,0.35012876987457275,-0.022145215421915054,0.22765687108039856,0.1794663965702057,-0.05071530118584633,0.20063522458076477,0.08223053812980652,-0.06368722021579742,0.17625781893730164,0.0,-0.06752623617649078,0.2871660888195038,0.37180209159851074,-0.05161552131175995,0.2888244688510895,0.22494852542877197,-0.06455123424530029,0.2838124930858612,0.13447654247283936,-0.05867066606879234,0.27352455258369446,0.05568736791610718,-0.051114924252033234
F,0.22033971548080444,0.728886216878891,-3.063991300678026e-07,0.1354328989982605,0.6473536193370819,-0.011189333163201809,0.07652479410171509,0.5289837419986725,-0.023540830239653587,0.024119675159454346,0.4354558289051056,-0.043571460992097855,0.0,0.3382425010204315,-0.06183767691254616,0.15470635890960693,0.3976452648639679,0.022187108173966408,0.08670717477798462,0.3188263773918152,-0.03512219339609146,0.039155781269073486,0.36095014214515686,-0.08726233243942261,0.022613942623138428,0.41646715998649597,-0.11256571114063263,0.19386065006256104,0.35966888070106506,0.005218422506004572,0.15337759256362915,0.19797161221504211,-0.023840654641389847,0.1156320571899414,0.10182824730873108,-0.04995077848434448,0.0885322093963623,0.021157056093215942,-0.06657200306653976,0.2427319884300232,0.3518080413341522,-0.02194034494459629,0.2247273325920105,0.17989370226860046,-0.05019532889127731,0.1979442834854126,0.08250725269317627,-0.06308680772781372,0.17378228902816772,0.0,-0.06704811751842499,0.288296103477478,0.37197884917259216,-0.05193961411714554,0.28736478090286255,0.2228950560092926,-0.06499002128839493,0.2819567918777466,0.13161414861679077,-0.05936002358794212,0.27129095792770386,0.052106618881225586,-0.052171122282743454
F,0.2113107442855835,0.7305192947387695,-3.008307771779073e-07,0.12789380550384521,0.6499667167663574,-0.007588603999465704,0.07127267122268677,0.532396137714386,-0.017649350687861443,0.023251891136169434,0.44373446702957153,-0.035629142075777054,0.0,0.35209619998931885,-0.05210460349917412,0.14676690101623535,0.3971530795097351,0.02179449237883091,0.0772552490234375,0.32129597663879395,-0.03458740562200546,0.028526604175567627,0.3636947274208069,-0.08598736673593521,0.011226654052734375,0.41815096139907837,-0.11087212711572647,0.1852414608001709,0.36009538173675537,0.0033881915733218193,0.14332830905914307,0.19816088676452637,-0.026811392977833748,0.10679477453231812,0.10176253318786621,-0.05351419374346733,0.08127868175506592,0.02070900797843933,-0.07006794214248657,0.23271816968917847,0.352358877658844,-0.024416493251919746,0.21357578039169312,0.17948082089424133,-0.053457822650671005,0.18659430742263794,0.08221745491027832,-0.06755157560110092,0.16334474086761475,0.0,-0.07199908047914505,0.2768627405166626,0.37274348735809326,-0.05450350418686867,0.275210976600647,0.22371432185173035,-0.06717528402805328,0.2691396474838257,0.13346236944198608,-0.06136610731482506,0.2589454650878906,0.05572381615638733,-0.053936686366796494
F,0.2188841700553894,0.7302428781986237,-3.1096820407583436e-07,0.1348940134048462,0.6494790613651276,-0.010007251985371113,0.07637488842010498,0.5296474397182465,-0.020647941157221794,0.024653971195220947,0.4394820034503937,-0.03863489255309105,0.0,0.3464984893798828,-0.05487463250756264,0.1544436812400818,0.39342811703681946,0.01940091885626316,0.08366310596466064,0.317594051361084,-0.0370115265250206,0.03714114427566528,0.3649788200855255,-0.08835598081350327,0.023135632276535034,0.4240882098674774,-0.11331342905759811,0.19336503744125366,0.3560505211353302,0.00255905045196414,0.1514410376548767,0.19461894035339355,-0.027219941839575768,0.11383461952209473,0.0989108681678772,-0.05362684652209282,0.08698320388793945,0.018664300441741943,-0.07027576863765717,0.24168550968170166,0.349025696516037,-0.023800568655133247,0.22315120697021484,0.176695317029953,-0.05251210927963257,0.19603317975997925,0.08108949661254883,-0.06596852093935013,0.17194026708602905,0.0,-0.07017817348241806,0.28657037019729614,0.37048420310020447,-0.052652690559625626,0.286871075630188,0.22129297256469727,-0.06527689099311829,0.2814163565635681,0.1310209035873413,-0.059283945709466934,0.27119946479797363,0.0529191792011261,-0.05176037177443504
F,0.21535152196884155,0.7286347150802612,-3.105362509359111e-07,0.13037455081939697,0.6475608348846436,-0.009586600586771965,0.07200169563293457,0.5308729410171509,-0.02102571725845337,0.022048979997634888,0.44123148918151855,-0.04035226255655289,0.0,0.34779655933380127,-0.0579538568854332,0.15080559253692627,0.3942880630493164,0.02158418670296669,0.08162593841552734,0.31663036346435547,-0.035434458404779434,0.033649981021881104,0.36018097400665283,-0.08713452517986298,0.016957759857177734,0.4158739447593689,-0.11211090534925461,0.18932026624679565,0.35677725076675415,0.003704963717609644,0.14824062585830688,0.195150226354599,-0.025825224816799164,0.11052709817886353,0.09940463304519653,-0.05208350345492363,0.0835566520690918,0.019764363765716553,-0.06870070099830627,0.23679298162460327,0.34957772493362427,-0.024044783785939217,0.2186533808708191,0.17759543657302856,-0.052576594054698944,0.19091790914535522,0.08107277750968933,-0.06621234118938446,0.16647827625274658,0.0,-0.07067769020795822,0.28116273880004883,0.3707093596458435,-0.054396506398916245,0.2813209891319275,0.22148019075393677,-0.06743127852678299,0.27575457096099854,0.13034337759017944,-0.06213977560400963,0.2654924988746643,0.0514582097530365,-0.055187568068504333
F,0.21177899837493896,0.7264892160892487,-3.0691657570969255e-07,0.12983351945877075,0.6447263062000275,-0.010264549404382706,0.07254201173782349,0.5282468497753143,-0.02156686969101429,0.022321105003356934,0.43931010365486145,-0.04032358154654503,0.0,0.3459453880786896,-0.05749306082725525,0.1501280665397644,0.39490053057670593,0.020434724166989326,0.08342927694320679,0.31755331158638,-0.03681446611881256,0.03523343801498413,0.360786110162735,-0.08894264698028564,0.01768118143081665,0.4166732132434845,-0.11428401619195938,0.18913978338241577,0.35733160376548767,0.00346193159930408,0.1489189863204956,0.19627520442008972,-0.026941072195768356,0.11164242029190063,0.10031634569168091,-0.054014626890420914,0.08480733633041382,0.01973697543144226,-0.07110399007797241,0.23738276958465576,0.35010698437690735,-0.023259224370121956,0.2223576307296753,0.17814987897872925,-0.05234893411397934,0.19658291339874268,0.08177641034126282,-0.06618303060531616,0.17309314012527466,0.0,-0.07056227326393127,0.28224676847457886,0.37129494547843933,-0.052533894777297974,0.2820788025856018,0.22295653820037842,-0.06547811627388,0.2766736149787903,0.1329684853553772,-0.05963134765625,0.2660544514656067,0.054727524518966675,-0.052231620997190475
F,0.22426724433898926,0.7282392978668213,-3.089658946464624e-07,0.13822799921035767,0.6473572850227356,-0.011326989158987999,0.07886350154876709,0.5275538563728333,-0.023287996649742126,0.025613069534301758,0.43349188566207886,-0.042866501957178116,0.0,0.3354851007461548,-0.06051317974925041,0.1590937376022339,0.39679181575775146,0.02286575548350811,0.09180957078933716,0.31895458698272705,-0.03394213318824768,0.04500550031661987,0.3615400195121765,-0.08562219887971878,0.028206169605255127,0.41654056310653687,-0.11066064983606339,0.1977837085723877,0.3590068817138672,0.006103139370679855,0.15679490566253662,0.19859862327575684,-0.02294263429939747,0.11813127994537354,0.102977454662323,-0.0491073913872242,0.09004628658294678,0.022262930870056152,-0.06567087769508362,0.24630117416381836,0.35066625475883484,-0.020872600376605988,0.22694778442382812,0.1795770525932312,-0.04889301583170891,0.1984662413597107,0.08255484700202942,-0.061774078756570816,0.17276394367218018,0.0,-0.0657757893204689,0.2917476296424866,0.3697933554649353,-0.050712570548057556,0.2916247248649597,0.22185054421424866,-0.06324590742588043,0.28643912076950073,0.1316893994808197,-0.057555947452783585,0.27583593130111694,0.05283251404762268,-0.05037900060415268
F,0.2168283760547638,0.7327056527137756,-2.901557252243947e-07,0.13283756375312805,0.6494339108467102,-0.0072094472125172615,0.07518008351325989,0.5294991135597229,-0.017138663679361343,0.024373233318328857,0.4394518733024597,-0.03527800738811493,0.0,0.34540504217147827,-0.05168581381440163,0.15380123257637024,0.39612841606140137,0.024223802611231804,0.08238378167152405,0.31851738691329956,-0.03134541213512421,0.03370365500450134,0.36202454566955566,-0.08188638836145401,0.017043739557266235,0.41785961389541626,-0.10608148574829102,0.1928441822528839,0.36010825634002686,0.005664120893925428,0.15170958638191223,0.19762039184570312,-0.02403150126338005,0.11460784077644348,0.10166344046592712,-0.050190746784210205,0.08843806385993958,0.021793067455291748,-0.06615652143955231,0.24013051390647888,0.3530372679233551,-0.022468218579888344,0.21999356150627136,0.18006479740142822,-0.051403582096099854,0.19177094101905823,0.08239215612411499,-0.06479926407337189,0.16722699999809265,0.0,-0.0684613287448883,0.2834111154079437,0.37352508306503296,-0.05285350978374481,0.2810445725917816,0.22330966591835022,-0.06553145498037338,0.274567574262619,0.1318741738796234,-0.0594487339258194,0.26358547806739807,0.05295807123184204,-0.051587097346782684
F,0.22440946102142334,0.7259930670261383,-2.98085353733768e-07,0.13866788148880005,0.6444635689258575,-0.009586886502802372,0.07882100343704224,0.5248526632785797,-0.021285489201545715,0.024781763553619385,0.4314402639865875,-0.04108614847064018,0.0,0.3343203365802765,-0.059089235961437225,0.15823149681091309,0.39468565583229065,0.02438327856361866,0.089846670627594,0.31421980261802673,-0.03158755227923393,0.042932987213134766,0.3530016243457794,-0.08225874602794647,0.026315927505493164,0.40444841980934143,-0.10672895610332489,0.19775044918060303,0.35792264342308044,0.006374016869813204,0.15684252977371216,0.19636353850364685,-0.022999657317996025,0.11989468336105347,0.10035979747772217,-0.04902803897857666,0.0937996506690979,0.01996251940727234,-0.06545139104127884,0.2461254596710205,0.3502102792263031,-0.02171887643635273,0.22680485248565674,0.17959457635879517,-0.05010078474879265,0.20004552602767944,0.08292245864868164,-0.06291818618774414,0.17629873752593994,0.0,-0.06678338348865509,0.29125845432281494,0.3697662651538849,-0.05248468741774559,0.2885628342628479,0.22041580080986023,-0.06506409496068954,0.282981812953949,0.1299116611480713,-0.05931824818253517,0.27256524562835693,0.05111384391784668,-0.05223563313484192
F,0.21881723403930664,0.7270108759403229,-2.850703992862691e-07,0.13228994607925415,0.6469314396381378,-0.007654405664652586,0.07391625642776489,0.5275170505046844,-0.01742571033537388,0.02398267388343811,0.4366709887981415,-0.03518802300095558,0.0,0.34319815039634705,-0.051054295152425766,0.15128672122955322,0.394887238740921,0.02358955517411232,0.07964926958084106,0.3170963525772095,-0.032502394169569016,0.03236865997314453,0.35673657059669495,-0.08302202820777893,0.016524434089660645,0.4100988805294037,-0.1068844124674797,0.18986386060714722,0.35755297541618347,0.005556201096624136,0.1468520164489746,0.19555696845054626,-0.024861743673682213,0.10995370149612427,0.09851497411727905,-0.05106009542942047,0.08425980806350708,0.018409311771392822,-0.06659058481454849,0.23725318908691406,0.34829258918762207,-0.021979648619890213,0.21528595685958862,0.17697781324386597,-0.050781458616256714,0.18735146522521973,0.08074632287025452,-0.06305848807096481,0.16342949867248535,0.0,-0.06553524732589722,0.2805618643760681,0.36601415276527405,-0.05188310518860817,0.27480822801589966,0.21723827719688416,-0.0635899156332016,0.26769500970840454,0.12788990139961243,-0.05636073276400566,0.2574286460876465,0.05162474513053894,-0.04742191731929779
F,0.21724897623062134,0.7267947494983673,-2.731813992795651e-07,0.13228952884674072,0.6458926498889923,-0.007893277332186699,0.0746234655380249,0.5266585052013397,-0.018135784193873405,0.024217188358306885,0.4370589554309845,-0.036274053156375885,0.0,0.34438183903694153,-0.05262868478894234,0.15193086862564087,0.39214566349983215,0.022633174434304237,0.08058857917785645,0.3152489960193634,-0.03396221622824669,0.03232869505882263,0.35531291365623474,-0.08492966741323471,0.015659213066101074,0.408831924200058,-0.10901520401239395,0.19060653448104858,0.35623279213905334,0.004614492412656546,0.14812421798706055,0.19290897250175476,-0.02606005035340786,0.11095881462097168,0.09622964262962341,-0.05210281163454056,0.08529585599899292,0.01652371883392334,-0.06748995184898376,0.2380056381225586,0.34885212779045105,-0.02287970669567585,0.2167455554008484,0.17649462819099426,-0.05162499472498894,0.18830835819244385,0.08044278621673584,-0.06342370808124542,0.16391927003860474,0.0,-0.06557473540306091,0.28145653009414673,0.36884060502052307,-0.05276334285736084,0.2764589190483093,0.21934548020362854,-0.06419277936220169,0.2696494460105896,0.1295865774154663,-0.05640575289726257,0.25982773303985596,0.05327954888343811,-0.04704989120364189
F,0.21579232811927795,0.7295652329921722,-2.815252742038865e-07,0.13079890608787537,0.6457197368144989,-0.008658126927912235,0.07452890276908875,0.5280165374279022,-0.019670862704515457,0.024249166250228882,0.43875738978385925,-0.03874554485082626,0.0,0.3456162214279175,-0.056122537702322006,0.14945551753044128,0.3946744501590729,0.022536547854542732,0.07852742075920105,0.31681039929389954,-0.03485662862658501,0.03142997622489929,0.359107106924057,-0.08658736944198608,0.01591622829437256,0.4149019420146942,-0.11124405264854431,0.18911585211753845,0.357700377702713,0.004615383222699165,0.14772167801856995,0.19483456015586853,-0.026394611224532127,0.11066469550132751,0.09794434905052185,-0.0532599538564682,0.0843072235584259,0.01723131537437439,-0.06945996731519699,0.2377544343471527,0.34970489144325256,-0.022957593202590942,0.2176744043827057,0.17729994654655457,-0.05277343466877937,0.18955311179161072,0.08081972599029541,-0.06587513536214828,0.16485735774040222,0.0,-0.06888709217309952,0.28233960270881653,0.3694792091846466,-0.052937768399715424,0.2788681089878082,0.21972450613975525,-0.06580420583486557,0.27202603220939636,0.12863320112228394,-0.05916373431682587,0.2610987722873688,0.050883591175079346,-0.05056536942720413
F,0.21159547567367554,0.7294833958148956,-2.87976064328177e-07,0.12753832340240479,0.6494192779064178,-0.006841678638011217,0.07088351249694824,0.5308696329593658,-0.016237955540418625,0.022549331188201904,0.4426715672016144,-0.03356422856450081,0.0,0.35057947039604187,-0.04915699362754822,0.1471218466758728,0.39547428488731384,0.022726712748408318,0.07816320657730103,0.31929823756217957,-0.033818941563367844,0.029046833515167236,0.35645046830177307,-0.08442448079586029,0.01050800085067749,0.40713152289390564,-0.10822790116071701,0.18587720394134521,0.3579382598400116,0.004288321360945702,0.14534908533096313,0.19558179378509521,-0.02625524252653122,0.10822337865829468,0.09825792908668518,-0.051257580518722534,0.0816349983215332,0.01796099543571472,-0.06569354981184006,0.23372632265090942,0.35055795311927795,-0.0236110407859087,0.2164478302001953,0.1783428192138672,-0.05264560133218765,0.18892455101013184,0.08137872815132141,-0.06417923420667648,0.16465365886688232,0.0,-0.06594565510749817,0.27801769971847534,0.3716491162776947,-0.05384679511189461,0.27832669019699097,0.22248312830924988,-0.06628400832414627,0.2729675769805908,0.13127419352531433,-0.05915364250540733,0.26337939500808716,0.05256524682044983,-0.05001387745141983
F,0.21963804960250854,0.7268390357494354,-2.8494144999058335e-07,0.13653260469436646,0.64256551861763,-0.013431201688945293,0.07787144184112549,0.5267958343029022,-0.02678387053310871,0.023723959922790527,0.4358201324939728,-0.04739736393094063,0.0,0.33836039900779724,-0.06625424325466156,0.15808266401290894,0.3927746117115021,0.021649394184350967,0.09152758121490479,0.3170153796672821,-0.03666052967309952,0.043315887451171875,0.3591655194759369,-0.09023328125476837,0.025030136108398438,0.41316714882850647,-0.11673840880393982,0.19751721620559692,0.35518398880958557,0.005737473722547293,0.15716016292572021,0.19583866000175476,-0.02506939508020878,0.11904144287109375,0.10036912560462952,-0.052684444934129715,0.09076261520385742,0.01969379186630249,-0.07036169618368149,0.24601930379867554,0.34825512766838074,-0.020603926852345467,0.2308061718940735,0.17820331454277039,-0.050177719444036484,0.2047855257987976,0.0820493996143341,-0.06341071426868439,0.1802605390548706,0.0,-0.06740080565214157,0.29035067558288574,0.3695875108242035,-0.04996767267584801,0.28996092081069946,0.222323477268219,-0.06338515132665634,0.28529608249664307,0.13284704089164734,-0.05749523639678955,0.2748716473579407,0.054943352937698364,-0.05008469149470329
F,0.21914267539978027,0.733403891324997,-3.1216063689498696e-07,0.13284087181091309,0.6541858613491058,-0.009053467772901058,0.07547861337661743,0.5327964127063751,-0.019962424412369728,0.02478480339050293,0.438736230134964,-0.03877173364162445,0.0,0.3426207900047302,-0.055590249598026276,0.15242469310760498,0.3991176187992096,0.022513870149850845,0.084300696849823,0.31883442401885986,-0.03356673941016197,0.03830462694168091,0.36093321442604065,-0.08375836163759232,0.02253556251525879,0.4175351560115814,-0.10747203230857849,0.1915973424911499,0.36171039938926697,0.004755674861371517,0.1516171097755432,0.19942918419837952,-0.024510584771633148,0.11402493715286255,0.10259246826171875,-0.049223367124795914,0.08633840084075928,0.02152407169342041,-0.06411625444889069,0.2396007776260376,0.35416314005851746,-0.022813282907009125,0.22129738330841064,0.1819722056388855,-0.050966065376996994,0.19390755891799927,0.0835486352443695,-0.0628272145986557,0.16934305429458618,0.0,-0.06563930958509445,0.2834397554397583,0.374555379152298,-0.05299384146928787,0.28334516286849976,0.2256406843662262,-0.06548818200826645,0.27758729457855225,0.13373863697052002,-0.05910684913396835,0.2672600746154785,0.05398201942443848,-0.05106554180383682
F,0.21232831478118896,0.7291532754898071,-3.138016211323702e-07,0.12731122970581055,0.6479713320732117,-0.006441800855100155,0.07085204124450684,0.5305676460266113,-0.014985472895205021,0.02322244644165039,0.44305819272994995,-0.03130127117037773,0.0,0.35409438610076904,-0.0458139143884182,0.1479266881942749,0.3950648903846741,0.02314166910946369,0.08072227239608765,0.318403422832489,-0.03242706507444382,0.033542752265930176,0.3636043071746826,-0.08280190825462341,0.01655992865562439,0.4210737347602844,-0.10650760680437088,0.18631088733673096,0.3587343692779541,0.005319602787494659,0.14562714099884033,0.19684261083602905,-0.024353627115488052,0.10862505435943604,0.10022073984146118,-0.049775172024965286,0.08149904012680054,0.018637120723724365,-0.0649208053946495,0.23378890752792358,0.3515459895133972,-0.021813156083226204,0.2164270281791687,0.17819654941558838,-0.04986988753080368,0.18996012210845947,0.08183082938194275,-0.062271248549222946,0.16658484935760498,0.0,-0.06503140926361084,0.2773836851119995,0.3717411160469055,-0.051174625754356384,0.2761135697364807,0.22183221578598022,-0.06222989782691002,0.27073168754577637,0.13184374570846558,-0.054782357066869736,0.26133567094802856,0.05356907844543457,-0.04585197940468788
F,0.21674609184265137,0.7303642630577087,-3.1761817353981314e-07,0.13194864988327026,0.6489112377166748,-0.009246930480003357,0.0743948221206665,0.5290605425834656,-0.018821824342012405,0.02357196807861328,0.4387812614440918,-0.036034099757671356,0.0,0.34561002254486084,-0.051434025168418884,0.15140235424041748,0.3944650888442993,0.02372131124138832,0.08572119474411011,0.31590718030929565,-0.03218916058540344,0.03798943758010864,0.36060047149658203,-0.08353003114461899,0.02025383710861206,0.41811859607696533,-0.1083885133266449,0.18979883193969727,0.35703355073928833,0.0066733467392623425,0.1503480076789856,0.19641882181167603,-0.02249687723815441,0.11230272054672241,0.10073933005332947,-0.048677053302526474,0.08422023057937622,0.02037680149078369,-0.06508900225162506,0.23792743682861328,0.3502683639526367,-0.02024025470018387,0.22317928075790405,0.17836862802505493,-0.04800470173358917,0.1974979043006897,0.08199533820152283,-0.06109918653964996,0.17444324493408203,0.0,-0.06511872261762619,0.2822984457015991,0.3716832995414734,-0.04981040209531784,0.2831020951271057,0.22328734397888184,-0.061695218086242676,0.27845829725265503,0.13332808017730713,-0.05540679767727852,0.2690510153770447,0.05498695373535156,-0.047798048704862595
F,0.21468138694763184,0.7279504239559174,-2.926802267211315e-07,0.12971824407577515,0.6465410888195038,-0.009620202705264091,0.07258158922195435,0.5304501354694366,-0.019894849509000778,0.022621095180511475,0.442828506231308,-0.03764756768941879,0.0,0.3515361249446869,-0.05371492728590965,0.14843988418579102,0.39330974221229553,0.022540774196386337,0.08146858215332031,0.3172725439071655,-0.034031208604574203,0.03405439853668213,0.3601137101650238,-0.08569268137216568,0.017346560955047607,0.4158112108707428,-0.11056510359048843,0.18756574392318726,0.3556659519672394,0.00549650751054287,0.14747214317321777,0.19450584053993225,-0.024213099852204323,0.11003339290618896,0.0986197292804718,-0.05040036514401436,0.0830087661743164,0.018550485372543335,-0.06655669212341309,0.2360054850578308,0.3491915166378021,-0.021390482783317566,0.22095632553100586,0.17717114090919495,-0.04980572685599327,0.1946738362312317,0.0810537040233612,-0.06290308386087418,0.17123562097549438,0.0,-0.06661111861467361,0.2802090048789978,0.3715146481990814,-0.05086560547351837,0.2803369164466858,0.2239343225955963,-0.06294140964746475,0.2748962640762329,0.13447079062461853,-0.05644325911998749,0.2648490071296692,0.057165563106536865,-0.04845911264419556
F,0.21439629793167114,0.7251385748386383,-2.879107796616154e-07,0.13086700439453125,0.6429376900196075,-0.01260356418788433,0.07427281141281128,0.5271380841732025,-0.024752559140324593,0.02347087860107422,0.4384267032146454,-0.04405936971306801,0.0,0.3453303873538971,-0.06167621910572052,0.15074235200881958,0.3913792669773102,0.020028986036777496,0.08525353670120239,0.3130621314048767,-0.037391457706689835,0.03838348388671875,0.35779044032096863,-0.08963018655776978,0.022105634212493896,0.41629788279533386,-0.11497177928686142,0.19000530242919922,0.35380837321281433,0.00418076803907752,0.15006595849990845,0.19347265362739563,-0.02621619589626789,0.11232459545135498,0.09778708219528198,-0.053486645221710205,0.0851823091506958,0.01699310541152954,-0.07077830284833908,0.23922550678253174,0.34790346026420593,-0.021745363250374794,0.22435671091079712,0.17704221606254578,-0.05106167867779732,0.19834083318710327,0.08125877380371094,-0.06524388492107391,0.17454487085342407,0.0,-0.06987938284873962,0.2848796248435974,0.37052974104881287,-0.05048730969429016,0.28627878427505493,0.2226385772228241,-0.06375351548194885,0.2815482020378113,0.1327536404132843,-0.05839364603161812,0.27145129442214966,0.0551585853099823,-0.05137656629085541
F,0.21804755926132202,0.7305030524730682,-3.0989374977252737e-07,0.133070170879364,0.6483722627162933,-0.012074513360857964,0.07593333721160889,0.530046671628952,-0.023689471185207367,0.02412983775138855,0.43843796849250793,-0.04265214502811432,0.0,0.3419423997402191,-0.0599651113152504,0.15382033586502075,0.39528974890708923,0.02247353456914425,0.0887877345085144,0.31700554490089417,-0.034186359494924545,0.042550623416900635,0.36331549286842346,-0.08640486001968384,0.026152193546295166,0.4228331744670868,-0.11212814599275589,0.19369184970855713,0.3573988974094391,0.006124715320765972,0.15574103593826294,0.19808357954025269,-0.02328604832291603,0.11741095781326294,0.10257408022880554,-0.050597529858350754,0.08838224411010742,0.022105008363723755,-0.06843008100986481,0.24247491359710693,0.35102853178977966,-0.02049502171576023,0.22991782426834106,0.18114125728607178,-0.04890880361199379,0.2042890191078186,0.08315795660018921,-0.0635274350643158,0.17996525764465332,0.0,-0.0691596120595932,0.2868436574935913,0.37374237179756165,-0.049973152577877045,0.28715986013412476,0.2276327908039093,-0.06315242499113083,0.2818441390991211,0.1381778120994568,-0.058267295360565186,0.27062344551086426,0.06099748611450195,-0.052031658589839935
F,0.21574217081069946,0.734450101852417,-3.309116891614394e-07,0.13098084926605225,0.654146671295166,-0.009079263545572758,0.07349222898483276,0.5333665609359741,-0.01918264664709568,0.023363471031188965,0.4420137405395508,-0.03695153817534447,0.0,0.3478071093559265,-0.05300348997116089,0.15253114700317383,0.3987025022506714,0.023039991036057472,0.0845179557800293,0.3208823800086975,-0.03239228203892708,0.03681379556655884,0.36882293224334717,-0.08309613913297653,0.020262718200683594,0.42816227674484253,-0.10778379440307617,0.19241803884506226,0.3617173433303833,0.005205658730119467,0.15172803401947021,0.20001864433288574,-0.024068767204880714,0.1140013337135315,0.10432130098342896,-0.05023452267050743,0.08657240867614746,0.0230848491191864,-0.06679809838533401,0.24103152751922607,0.356173038482666,-0.022479485720396042,0.2264905571937561,0.18401992321014404,-0.05122413858771324,0.2007749080657959,0.08501812815666199,-0.06534285098314285,0.1772141456604004,0.0,-0.07017915695905685,0.2855128049850464,0.3796035647392273,-0.052612945437431335,0.2861570119857788,0.2310575246810913,-0.06566893309354782,0.28024041652679443,0.1403121054172516,-0.06012666970491409,0.2689192295074463,0.061111390590667725,-0.053212039172649384
F,0.21455973386764526,0.7338184118270874,-3.3899297591233335e-07,0.13042688369750977,0.6501133441925049,-0.00953303836286068,0.07347339391708374,0.5331687927246094,-0.020817473530769348,0.022644758224487305,0.44608235359191895,-0.039675772190093994,0.0,0.353701114654541,-0.05714203417301178,0.15325284004211426,0.39693504571914673,0.020423104986548424,0.08576458692550659,0.3201885521411896,-0.03656166419386864,0.03601336479187012,0.366344690322876,-0.08926242589950562,0.016363203525543213,0.42477214336395264,-0.11537962406873703,0.19223874807357788,0.3606492877006531,0.0026579969562590122,0.15256059169769287,0.2002912163734436,-0.027754222974181175,0.11290419101715088,0.10494232177734375,-0.055636972188949585,0.0827559232711792,0.024554938077926636,-0.0736146792769432,0.240043044090271,0.35509711503982544,-0.024708010256290436,0.22647684812545776,0.1818649172782898,-0.05394123122096062,0.1999264359474182,0.08365538716316223,-0.06882378458976746,0.17522650957107544,0.0,-0.07441973686218262,0.28374284505844116,0.37865710258483887,-0.054528962820768356,0.28468549251556396,0.23117148876190186,-0.06777690351009369,0.27883660793304443,0.1412082016468048,-0.062255896627902985,0.2671058177947998,0.06293913722038269,-0.05543184652924538
F,0.2193339467048645,0.7325745522975922,-3.2293431218022306e-07,0.13407796621322632,0.6485597789287567,-0.009417612105607986,0.07520067691802979,0.5311029851436615,-0.020783348008990288,0.023135125637054443,0.4406992495059967,-0.03996250405907631,0.0,0.34512051939964294,-0.057595957070589066,0.15366709232330322,0.3977361023426056,0.023142945021390915,0.0850253701210022,0.321169912815094,-0.03415752574801445,0.03656208515167236,0.3666571080684662,-0.08715420961380005,0.018802106380462646,0.42432472109794617,-0.11334486305713654,0.19305366277694702,0.3612532913684845,0.005348844453692436,0.15236526727676392,0.1998313069343567,-0.024968961253762245,0.11409693956375122,0.10344105958938599,-0.05285070091485977,0.08562445640563965,0.022390544414520264,-0.07075577974319458,0.24089539051055908,0.3543846905231476,-0.022347737103700638,0.22372716665267944,0.1823807656764984,-0.05112840235233307,0.19703823328018188,0.08399698138237,-0.06535722315311432,0.1727779507637024,0.0,-0.07037913799285889,0.28461170196533203,0.3759622275829315,-0.05260453745722771,0.28205400705337524,0.22851094603538513,-0.06501754373311996,0.2753455638885498,0.13925525546073914,-0.058954719454050064,0.2636110782623291,0.06176340579986572,-0.05170860514044762
F,0.20770704746246338,0.7294049859046936,-3.149101246435748e-07,0.12381303310394287,0.6506068706512451,-0.00304661993868649,0.06819868087768555,0.5322266221046448,-0.010115750133991241,0.022418856620788574,0.4456220269203186,-0.02575492300093174,0.0,0.3565809726715088,-0.039761416614055634,0.1447339653968811,0.39465928077697754,0.026790613308548927,0.07547736167907715,0.3179946541786194,-0.02678532525897026,0.026680409908294678,0.35748302936553955,-0.07530698925256729,0.008530199527740479,0.40971553325653076,-0.09806877374649048,0.18188410997390747,0.3590543866157532,0.006712369155138731,0.13963866233825684,0.19588971138000488,-0.022728469222784042,0.1022840142250061,0.09952735900878906,-0.047352712601423264,0.0756688117980957,0.019334644079208374,-0.06156960502266884,0.22761762142181396,0.35252147912979126,-0.022483667358756065,0.20924949645996094,0.18008196353912354,-0.05049334466457367,0.18204081058502197,0.08270105719566345,-0.06269848346710205,0.15838754177093506,0.0,-0.06528259813785553,0.26960068941116333,0.37345635890960693,-0.053651656955480576,0.26695626974105835,0.22458547353744507,-0.06463486701250076,0.25981199741363525,0.1347246766090393,-0.05737335979938507,0.2488797903060913,0.05675560235977173,-0.04868810623884201
F,0.21053075790405273,0.7281679213047028,-3.1384550425173074e-07,0.12689602375030518,0.6467264592647552,-0.009044810198247433,0.07040983438491821,0.5312334597110748,-0.019371209666132927,0.021980851888656616,0.4457058012485504,-0.03696553409099579,0.0,0.3556860387325287,-0.05324722081422806,0.1472170352935791,0.39400002360343933,0.019399406388401985,0.0823049545288086,0.31741219758987427,-0.0375923290848732,0.03395277261734009,0.36191192269325256,-0.08979979157447815,0.014917731285095215,0.4187593162059784,-0.11541467905044556,0.18691295385360718,0.3571443259716034,0.0018195374868810177,0.1487857699394226,0.1964719593524933,-0.029619695618748665,0.11135458946228027,0.10006031394004822,-0.05740378051996231,0.08265239000320435,0.01903223991394043,-0.0749053955078125,0.23581403493881226,0.3520798981189728,-0.02516450174152851,0.22492128610610962,0.1806463599205017,-0.0548999048769474,0.20101743936538696,0.08348739147186279,-0.06956484168767929,0.17803269624710083,0.0,-0.07459797710180283,0.28078943490982056,0.3763257563114166,-0.054461006075143814,0.28199130296707153,0.2295249104499817,-0.06768781691789627,0.2772209048271179,0.1401391327381134,-0.06178651750087738,0.2669982314109802,0.06178593635559082,-0.054483816027641296
F,0.21832019090652466,0.7288810908794403,-3.0797730232734466e-07,0.1343173384666443,0.6471824944019318,-0.012888745404779911,0.07599669694900513,0.5284523069858551,-0.02544332668185234,0.023328959941864014,0.4358130991458893,-0.04497272148728371,0.0,0.33820536732673645,-0.06256018579006195,0.15486520528793335,0.39385518431663513,0.01940462924540043,0.08960515260696411,0.31746527552604675,-0.039014365524053574,0.04342818260192871,0.3616361916065216,-0.09195636212825775,0.027238696813583374,0.4200643002986908,-0.11779391765594482,0.19178926944732666,0.3570748269557953,0.0037088762037456036,0.15272963047027588,0.19587942957878113,-0.02709338068962097,0.11397117376327515,0.10038316249847412,-0.05375508964061737,0.08496791124343872,0.0206679105758667,-0.0704096332192421,0.2390398383140564,0.3510790765285492,-0.022147048264741898,0.219804584980011,0.1795022189617157,-0.05050494521856308,0.19314157962799072,0.08249109983444214,-0.06329894065856934,0.16848981380462646,0.0,-0.067206971347332,0.282806932926178,0.37317654490470886,-0.051026009023189545,0.27803635597229004,0.22722727060317993,-0.06350280344486237,0.2689540982246399,0.13791513442993164,-0.057543132454156876,0.25484079122543335,0.06055060029029846,-0.050126075744628906
F,0.2189374566078186,0.7277567684650421,-2.702325616610324e-07,0.133752703666687,0.6464441120624542,-0.007992471568286419,0.07517802715301514,0.526441365480423,-0.01803065650165081,0.023698925971984863,0.43391600251197815,-0.03586459904909134,0.0,0.33681297302246094,-0.051877327263355255,0.15328794717788696,0.39643850922584534,0.025057638064026833,0.08757996559143066,0.31765079498291016,-0.030850816518068314,0.039509475231170654,0.35110369324684143,-0.0809435248374939,0.019261598587036133,0.39706507325172424,-0.10455944389104843,0.19126075506210327,0.36123427748680115,0.007128607947379351,0.15220260620117188,0.19635799527168274,-0.024630259722471237,0.11673742532730103,0.0987468957901001,-0.050177160650491714,0.09078764915466309,0.016510486602783203,-0.06448683887720108,0.23776483535766602,0.35419878363609314,-0.020623452961444855,0.2157248854637146,0.18345627188682556,-0.050630033016204834,0.19021594524383545,0.08482113480567932,-0.06246984750032425,0.16683268547058105,0.0,-0.0638214647769928,0.2807680368423462,0.37331053614616394,-0.05077890679240227,0.26909399032592773,0.22516939043998718,-0.06245805323123932,0.2581391930580139,0.13845017552375793,-0.05445554852485657,0.24330496788024902,0.06534668803215027,-0.04475071281194687
F,0.2184848189353943,0.7263869345188141,-2.532043481551227e-07,0.1323171854019165,0.6458310782909393,-0.008651623502373695,0.07303929328918457,0.5232320725917816,-0.018045304343104362,0.022694170475006104,0.43046244978904724,-0.03540435805916786,0.0,0.3333416283130646,-0.05066642537713051,0.148445725440979,0.39029422402381897,0.026711581274867058,0.08432072401046753,0.311805784702301,-0.029367201030254364,0.036789536476135254,0.3507131040096283,-0.07971740514039993,0.01661539077758789,0.4007734954357147,-0.10311278700828552,0.186518132686615,0.357379287481308,0.009125040844082832,0.15021437406539917,0.1919061839580536,-0.021116092801094055,0.11617708206176758,0.09501361846923828,-0.04551377519965172,0.09071362018585205,0.014294952154159546,-0.05856555327773094,0.23243439197540283,0.3521263301372528,-0.01870705932378769,0.20715928077697754,0.1806611716747284,-0.04680624604225159,0.18253988027572632,0.08265972137451172,-0.05710623785853386,0.1600359082221985,0.0,-0.05719965696334839,0.27416884899139404,0.3719247877597809,-0.04926826059818268,0.25727128982543945,0.22586464881896973,-0.059885405004024506,0.24462926387786865,0.14006954431533813,-0.05092529579997063,0.22926771640777588,0.0682632327079773,-0.04001282528042793
F,0.22201406955718994,0.723003476858139,-2.302610369042668e-07,0.13502150774002075,0.6393494307994843,-0.010525858029723167,0.07394051551818848,0.5139921605587006,-0.020324354991316795,0.023180067539215088,0.4177633225917816,-0.038225796073675156,0.0,0.3201765716075897,-0.05364134535193443,0.1474928855895996,0.3857852518558502,0.028468837961554527,0.08817917108535767,0.3050057590007782,-0.027911724522709846,0.04517918825149536,0.3481092154979706,-0.07797546684741974,0.028493016958236694,0.4019397795200348,-0.10038888454437256,0.1850481629371643,0.3541289269924164,0.012973475269973278,0.15334361791610718,0.18857267498970032,-0.013606215827167034,0.12318581342697144,0.09092187881469727,-0.03553880378603935,0.1008080244064331,0.006920814514160156,-0.04744317755103111,0.231148362159729,0.34774407744407654,-0.013400309719145298,0.20084089040756226,0.1774340569972992,-0.038080547004938126,0.17521429061889648,0.08048981428146362,-0.04708801582455635,0.15166598558425903,0.0,-0.04674063250422478,0.27464771270751953,0.36412718892097473,-0.042981263250112534,0.2527211904525757,0.2186402976512909,-0.051561303436756134,0.23820066452026367,0.1341860294342041,-0.04238715022802353,0.22212082147598267,0.06481301784515381,-0.031388431787490845
F,0.21545088291168213,0.7212538421154022,-2.3374300894829503e-07,0.13082903623580933,0.6362653076648712,-0.010263791307806969,0.07020270824432373,0.5100660622119904,-0.019756129011511803,0.021001219749450684,0.4152548611164093,-0.03769145533442497,0.0,0.319850891828537,-0.05323527753353119,0.14208322763442993,0.37974467873573303,0.02993497997522354,0.08548080921173096,0.2992197573184967,-0.025301696732640266,0.04314202070236206,0.3454645574092865,-0.07413474470376968,0.02696514129638672,0.4012403190135956,-0.09575334191322327,0.1795957088470459,0.35055258870124817,0.01406249962747097,0.14899742603302002,0.18591222167015076,-0.010484812781214714,0.12085843086242676,0.09041544795036316,-0.03049921803176403,0.10025292634963989,0.006843119859695435,-0.041133441030979156,0.2263842225074768,0.3468996584415436,-0.013002957217395306,0.19547337293624878,0.17716172337532043,-0.03627559542655945,0.17009860277175903,0.08038344979286194,-0.04441089183092117,0.14697349071502686,0.0,-0.04359288886189461,0.2707553505897522,0.3655206263065338,-0.043463680893182755,0.24590909481048584,0.21975725889205933,-0.05228853598237038,0.23072677850723267,0.13467618823051453,-0.04352382570505142,0.2144378423690796,0.06410625576972961,-0.03266846388578415
F,0.2180498242378235,0.7224801182746887,-2.1894508961395331e-07,0.1331484317779541,0.6349626779556274,-0.012747709639370441,0.07190752029418945,0.5092212557792664,-0.024554291740059853,0.021212399005889893,0.41330277919769287,-0.04448245093226433,0.0,0.3154270350933075,-0.061991773545742035,0.1461814045906067,0.3826998472213745,0.026628855615854263,0.08840334415435791,0.301973819732666,-0.030464906245470047,0.04715991020202637,0.3476974368095398,-0.08066060394048691,0.03304928541183472,0.40467900037765503,-0.10313715040683746,0.18406778573989868,0.35356372594833374,0.011908411979675293,0.1528308391571045,0.1893002986907959,-0.013695128262043,0.12476956844329834,0.09223201870918274,-0.03450093790888786,0.10405796766281128,0.007257580757141113,-0.04605689272284508,0.2311418652534485,0.3489437699317932,-0.014134201221168041,0.19849997758865356,0.179554283618927,-0.0378488153219223,0.17333823442459106,0.08150306344032288,-0.04623090475797653,0.1496950387954712,0.0,-0.04588126391172409,0.27622413635253906,0.3662656545639038,-0.043793439865112305,0.2504475712776184,0.2210315763950348,-0.05271735042333603,0.234510600566864,0.13572058081626892,-0.04428884759545326,0.21674102544784546,0.06574645638465881,-0.03396562859416008
F,0.21725228428840637,0.7202633619308472,-2.168390551560151e-07,0.1315605342388153,0.6383093595504761,-0.011142863892018795,0.06922778487205505,0.5131195783615112,-0.021537337452173233,0.020349234342575073,0.41623353958129883,-0.040288083255290985,0.0,0.3182618021965027,-0.05680730566382408,0.14370819926261902,0.38818591833114624,0.02847500704228878,0.08977541327476501,0.3069925010204315,-0.027158742770552635,0.048950403928756714,0.34271669387817383,-0.07639189064502716,0.030515700578689575,0.3898480534553528,-0.0986061692237854,0.18146446347236633,0.35637086629867554,0.012149366550147533,0.1508311927318573,0.19082170724868774,-0.01417343970388174,0.12371501326560974,0.0928366482257843,-0.036354102194309235,0.10296192765235901,0.0073157548904418945,-0.04854437708854675,0.22774270176887512,0.34904611110687256,-0.015221145004034042,0.19445142149925232,0.1809835135936737,-0.039712727069854736,0.16928914189338684,0.08269205689430237,-0.05001704767346382,0.14562532305717468,0.0,-0.05087480694055557,0.27332594990730286,0.3640095591545105,-0.04598476365208626,0.24664714932441711,0.21910372376441956,-0.05487227812409401,0.2304806411266327,0.13510477542877197,-0.04712645336985588,0.21216246485710144,0.06628444790840149,-0.03753219544887543
F,0.21137720346450806,0.7114586234092712,-1.5555698951175145e-07,0.12536925077438354,0.6338497996330261,-0.015328957699239254,0.06410443782806396,0.5097766518592834,-0.026074370369315147,0.01916593313217163,0.41227495670318604,-0.04411659389734268,0.0,0.31488633155822754,-0.05963187292218208,0.1304481029510498,0.38635629415512085,0.02684248983860016,0.08383172750473022,0.3028380274772644,-0.026180503889918327,0.05135762691497803,0.3358169198036194,-0.07264883071184158,0.03712862730026245,0.3809211254119873,-0.09360382705926895,0.17098498344421387,0.35170280933380127,0.01205388829112053,0.14188122749328613,0.1878790259361267,-0.015822989866137505,0.11730146408081055,0.08985689282417297,-0.0401240698993206,0.09795153141021729,0.00595739483833313,-0.05380256101489067,0.2190866470336914,0.3423834443092346,-0.013953141868114471,0.18650776147842407,0.17815294861793518,-0.041112739592790604,0.1633673906326294,0.08116230368614197,-0.05479666218161583,0.14038383960723877,0.0,-0.05788789317011833,0.2683907151222229,0.35489195585250854,-0.0433795191347599,0.24086451530456543,0.21200692653656006,-0.05427224934101105,0.22520142793655396,0.12901413440704346,-0.04918676242232323,0.20621013641357422,0.06157344579696655,-0.041922640055418015
F,0.21385693550109863,0.7016085386276245,-3.404772996873362e-08,0.12480193376541138,0.6295610070228577,-0.017325574532151222,0.06400364637374878,0.5051424503326416,-0.02693408541381359,0.021693557500839233,0.4030359983444214,-0.04298202693462372,0.0,0.3091227114200592,-0.05747029930353165,0.12279367446899414,0.38885176181793213,0.026323236525058746,0.07581859827041626,0.31099510192871094,-0.02398446761071682,0.039823055267333984,0.3192560076713562,-0.0694364383816719,0.01961153745651245,0.3424413204193115,-0.09082554280757904,0.16420972347259521,0.3500034213066101,0.012704897671937943,0.13835877180099487,0.18567746877670288,-0.014444042928516865,0.11514323949813843,0.08709865808486938,-0.038952991366386414,0.09697186946868896,0.00416603684425354,-0.052487749606370926,0.21360135078430176,0.33868926763534546,-0.011769716627895832,0.1840507984161377,0.17539042234420776,-0.039265286177396774,0.16140127182006836,0.07901030778884888,-0.053610898554325104,0.1396183967590332,0.0,-0.05705563724040985,0.2648507356643677,0.35026347637176514,-0.039753176271915436,0.2398132085800171,0.20947566628456116,-0.05207843333482742,0.22491562366485596,0.12661579251289368,-0.04840145632624626,0.2068331241607666,0.05984508991241455,-0.04214026406407356
F,0.21153753995895386,0.6976232826709747,3.351241417703932e-08,0.12140893936157227,0.6269016563892365,-0.016688870266079903,0.06188666820526123,0.5006616413593292,-0.0243051890283823,0.021071553230285645,0.3969756066799164,-0.038375478237867355,0.0,0.30565136671066284,-0.05107511579990387,0.11551505327224731,0.3900702893733978,0.030308714136481285,0.06958597898483276,0.31115779280662537,-0.017744170501828194,0.0339052677154541,0.31212446093559265,-0.0627177432179451,0.013225793838500977,0.33048543334007263,-0.0842849388718605,0.15568000078201294,0.3491811454296112,0.016832072287797928,0.12931203842163086,0.18509045243263245,-0.008746092207729816,0.10785341262817383,0.08448892831802368,-0.03416423127055168,0.091999351978302,0.0009697675704956055,-0.04863631725311279,0.20485687255859375,0.33592769503593445,-0.007512259297072887,0.17667418718338013,0.17502418160438538,-0.03434353321790695,0.15546661615371704,0.0780479907989502,-0.05079863220453262,0.1355336308479309,0.0,-0.055996425449848175,0.2565898299217224,0.3448704183101654,-0.035283491015434265,0.23309558629989624,0.204840749502182,-0.047823525965213776,0.21879005432128906,0.12235721945762634,-0.0455331914126873,0.20159399509429932,0.05697402358055115,-0.04062589630484581
F,0.2090255618095398,0.6969108581542969,6.589620937802465e-08,0.11882847547531128,0.6228260397911072,-0.017599372193217278,0.05790054798126221,0.4956973195075989,-0.02498069405555725,0.01907828450202942,0.38915741443634033,-0.0386870875954628,0.0,0.29368510842323303,-0.050493355840444565,0.11181718111038208,0.3861048221588135,0.03382381051778793,0.07222187519073486,0.3067147135734558,-0.01066550798714161,0.043096303939819336,0.31678295135498047,-0.053526293486356735,0.028390169143676758,0.34203416109085083,-0.0743151605129242,0.1524459719657898,0.34666305780410767,0.020620061084628105,0.12636035680770874,0.18339884281158447,-0.0018319712253287435,0.10418039560317993,0.08444410562515259,-0.026974881067872047,0.0883980393409729,0.0021285712718963623,-0.04236823320388794,0.20198768377304077,0.3347952961921692,-0.003763117827475071,0.17630690336227417,0.17370930314064026,-0.02899559959769249,0.15638625621795654,0.07768514752388,-0.045897286385297775,0.13763201236724854,0.0,-0.052448589354753494,0.2547091245651245,0.34466421604156494,-0.0316067710518837,0.2326904535293579,0.20592421293258667,-0.04416796192526817,0.21904367208480835,0.12318143248558044,-0.04258371889591217,0.20203369855880737,0.05624470114707947,-0.03889225795865059
F,0.2092781662940979,0.6912674605846405,7.594488238282793e-08,0.11628943681716919,0.622692197561264,-0.021493107080459595,0.05401909351348877,0.49221327900886536,-0.028940673917531967,0.018277466297149658,0.3787557780742645,-0.0414825901389122,0.0,0.28168222308158875,-0.05142762139439583,0.10714948177337646,0.3750062882900238,0.032263997942209244,0.07198023796081543,0.2831520140171051,-0.005540857557207346,0.04911226034164429,0.29858893156051636,-0.043326959013938904,0.03987383842468262,0.326524943113327,-0.06220425292849541,0.14990019798278809,0.3369881808757782,0.021867405623197556,0.12512916326522827,0.17552420496940613,0.0045098778791725636,0.10347354412078857,0.0811312198638916,-0.019028428941965103,0.08799409866333008,0.00400504469871521,-0.035099465399980545,0.19866228103637695,0.32734498381614685,0.00024186224618460983,0.17536765336990356,0.16846051812171936,-0.02157839946448803,0.15505850315093994,0.07491379976272583,-0.03921368718147278,0.1355750560760498,0.0,-0.04820166155695915,0.2496250867843628,0.339285284280777,-0.02502538077533245,0.22828584909439087,0.2039380967617035,-0.037260446697473526,0.21434563398361206,0.12328627705574036,-0.03792419284582138,0.1972193717956543,0.0571216344833374,-0.03703494742512703
F,0.20345360040664673,0.6866376996040344,1.0423954677207803e-07,0.11059123277664185,0.620173990726471,-0.022212237119674683,0.04878777265548706,0.4915148615837097,-0.029812775552272797,0.01553642749786377,0.3763207793235779,-0.04243700951337814,0.0,0.27887478470802307,-0.052598945796489716,0.09878289699554443,0.3764078617095947,0.03277996927499771,0.06353616714477539,0.288932740688324,-0.006634282413870096,0.040401458740234375,0.3023330867290497,-0.04607168212532997,0.030256927013397217,0.329200804233551,-0.06562810391187668,0.1423458456993103,0.33706527948379517,0.023041466251015663,0.11948323249816895,0.1755068302154541,0.005330000072717667,0.09957414865493774,0.08046841621398926,-0.01836821809411049,0.08598065376281738,0.0024562180042266846,-0.034373026341199875,0.192132830619812,0.3270034193992615,0.0018340034876018763,0.1701299548149109,0.16798004508018494,-0.020140783861279488,0.15098249912261963,0.07497978210449219,-0.03720512613654137,0.13296198844909668,0.0,-0.04561174660921097,0.24513792991638184,0.3392479419708252,-0.02315702475607395,0.22469323873519897,0.2040049433708191,-0.035073552280664444,0.2118396759033203,0.12339162826538086,-0.03484427556395531,0.19602972269058228,0.056993842124938965,-0.033189088106155396
F,0.19998261332511902,0.6852341890335083,1.0816853546202765e-07,0.10680040717124939,0.6228826642036438,-0.02142244018614292,0.04391232132911682,0.49427276849746704,-0.028335457667708397,0.011273354291915894,0.3774506449699402,-0.04030822962522507,0.0,0.27905091643333435,-0.04980998858809471,0.09353169798851013,0.3790953755378723,0.03357696533203125,0.06042012572288513,0.2911444306373596,-0.005296261515468359,0.04299566149711609,0.30546095967292786,-0.043757952749729156,0.03917160630226135,0.33429694175720215,-0.062457840889692307,0.13786742091178894,0.3393471837043762,0.023595308884978294,0.11522117257118225,0.1772170066833496,0.006581341847777367,0.09572389721870422,0.08227837085723877,-0.016421567648649216,0.08252254128456116,0.004245400428771973,-0.031807493418455124,0.1885632574558258,0.3286939859390259,0.002197174821048975,0.16624853014945984,0.16950666904449463,-0.019543509930372238,0.1470336616039276,0.07588887214660645,-0.0365130752325058,0.12897655367851257,0.0,-0.04487770050764084,0.2426716387271881,0.3397747874259949,-0.022818097844719887,0.22332260012626648,0.2050851583480835,-0.03445320948958397,0.2107158601284027,0.12473464012145996,-0.0339379720389843,0.1950652301311493,0.058160096406936646,-0.032127223908901215
F,0.20504462718963623,0.6855422556400299,1.440083963188954e-07,0.1100570559501648,0.6277843415737152,-0.02337036095559597,0.047249436378479004,0.49574390053749084,-0.030631061643362045,0.01589071750640869,0.3767557442188263,-0.04195641726255417,0.0,0.2785285413265228,-0.0507357157766819,0.09520107507705688,0.3799698054790497,0.028507675975561142,0.06309044361114502,0.28651225566864014,-0.009493465535342693,0.04368305206298828,0.2940451502799988,-0.04684184491634369,0.03648859262466431,0.31879374384880066,-0.06495334208011627,0.14145827293395996,0.34020349383354187,0.01975816860795021,0.12023508548736572,0.177727609872818,0.0036690738052129745,0.10233891010284424,0.08023160696029663,-0.018241187557578087,0.09080386161804199,0.0002677440643310547,-0.033172398805618286,0.19263088703155518,0.3296930491924286,-0.00015774407074786723,0.17148196697235107,0.1718168556690216,-0.020855536684393883,0.1529160737991333,0.07701987028121948,-0.03729962557554245,0.13577085733413696,0.0,-0.045833226293325424,0.24664264917373657,0.34098222851753235,-0.023842405527830124,0.22749477624893188,0.20742294192314148,-0.03552092984318733,0.21512871980667114,0.12732753157615662,-0.035216569900512695,0.19985508918762207,0.061431288719177246,-0.03381772339344025
F,0.19901490211486816,0.6868378221988678,1.2972461149729497e-07,0.10702091455459595,0.6259064376354218,-0.022659406065940857,0.045393168926239014,0.49755415320396423,-0.03140733391046524,0.013811081647872925,0.3815452754497528,-0.044700805097818375,0.0,0.2824404537677765,-0.05557874217629433,0.09787189960479736,0.37867024540901184,0.02800128422677517,0.06427216529846191,0.2908533811569214,-0.01221900898963213,0.04374653100967407,0.3060213029384613,-0.05157352611422539,0.03696507215499878,0.3346222937107086,-0.07087462395429611,0.14192426204681396,0.3398687541484833,0.018301161006093025,0.12019848823547363,0.17820391058921814,0.0003236092161387205,0.10186529159545898,0.08108139038085938,-0.022873075678944588,0.09044283628463745,0.0010241568088531494,-0.038716960698366165,0.1918015480041504,0.33010873198509216,-0.0026269848458468914,0.17060339450836182,0.1720195710659027,-0.024881895631551743,0.1515323519706726,0.076937735080719,-0.04236283525824547,0.13414102792739868,0.0,-0.051384441554546356,0.24423372745513916,0.3430546820163727,-0.027199367061257362,0.22535067796707153,0.20904526114463806,-0.03960816562175751,0.21278691291809082,0.12810978293418884,-0.03993111476302147,0.19709879159927368,0.06174623966217041,-0.03885716199874878
F,0.20134931802749634,0.6881507933139801,1.491285956944921e-07,0.10751181840896606,0.626762181520462,-0.022932251915335655,0.044437944889068604,0.49449142813682556,-0.030223574489355087,0.012376070022583008,0.3744102418422699,-0.04132341966032982,0.0,0.27258750796318054,-0.04979225993156433,0.09714430570602417,0.3745591342449188,0.028217507526278496,0.06736922264099121,0.27021467685699463,-0.005246194079518318,0.04564940929412842,0.2690635621547699,-0.039005279541015625,0.03642094135284424,0.28311917185783386,-0.056400783360004425,0.1424960494041443,0.33831968903541565,0.019347218796610832,0.12067681550979614,0.1757945716381073,0.003914233297109604,0.10166323184967041,0.0786142647266388,-0.017817113548517227,0.08800417184829712,0.0,-0.033120010048151016,0.19151532649993896,0.330229252576828,-0.00020201256847940385,0.17031961679458618,0.1719418466091156,-0.02066049911081791,0.15164393186569214,0.07700452208518982,-0.03765451908111572,0.13380283117294312,5.0187110900878906e-05,-0.04708872362971306,0.24249792098999023,0.34257760643959045,-0.023335298523306847,0.22335469722747803,0.2086646854877472,-0.036479003727436066,0.21062445640563965,0.12764862179756165,-0.038562141358852386,0.1953226923942566,0.060154616832733154,-0.03917909786105156
F,0.20120278000831604,0.692589521408081,1.1683862055633654e-07,0.1074616014957428,0.6308276653289795,-0.02385377138853073,0.04459848999977112,0.4987304210662842,-0.032485075294971466,0.012042045593261719,0.379497766494751,-0.045038338750600815,0.0,0.27668920159339905,-0.05472804605960846,0.09805557131767273,0.3781135678291321,0.027439087629318237,0.06614604592323303,0.2789310812950134,-0.008804978802800179,0.04674646258354187,0.29152533411979675,-0.04465818032622337,0.040842026472091675,0.3159888982772827,-0.06267354637384415,0.14301052689552307,0.34042561054229736,0.018692685291171074,0.12017384171485901,0.17656856775283813,0.0025345811154693365,0.10135963559150696,0.08019319176673889,-0.01933412440121174,0.08831515908241272,0.0015298426151275635,-0.03469979763031006,0.1924562156200409,0.33185553550720215,-0.0011470667086541653,0.17024418711662292,0.17240244150161743,-0.022111138328909874,0.15086111426353455,0.07724875211715698,-0.03899562731385231,0.1326572597026825,0.0,-0.04815499484539032,0.24376609921455383,0.3443421721458435,-0.02465459704399109,0.2234669029712677,0.20947223901748657,-0.03709535673260689,0.21083471179008484,0.1282273530960083,-0.038221076130867004,0.1953863799571991,0.061097025871276855,-0.03810378164052963
F,0.20182275772094727,0.6945736110210419,1.346867435358945e-07,0.10639405250549316,0.6319490969181061,-0.0231042318046093,0.0439378023147583,0.5030513107776642,-0.032393764704465866,0.01175612211227417,0.3852469027042389,-0.04582960531115532,0.0,0.281606525182724,-0.056725166738033295,0.0913851261138916,0.38720688223838806,0.027493251487612724,0.05765056610107422,0.2959328591823578,-0.01119318138808012,0.04009026288986206,0.3141207993030548,-0.04985519126057625,0.03589046001434326,0.34533169865608215,-0.06919188797473907,0.13761425018310547,0.3468080461025238,0.018113503232598305,0.11723059415817261,0.18091747164726257,0.0024301446974277496,0.10052478313446045,0.08184024691581726,-0.019827725365757942,0.08989846706390381,0.0014394819736480713,-0.03564451262354851,0.18901664018630981,0.33742329478263855,-0.002385818399488926,0.16790461540222168,0.17536219954490662,-0.022717701271176338,0.14976513385772705,0.07884231209754944,-0.039294905960559845,0.13260722160339355,0.0,-0.04844098910689354,0.24304986000061035,0.3504469692707062,-0.026537811383605003,0.22344458103179932,0.21522650122642517,-0.03801413252949715,0.2112210988998413,0.13362917304039001,-0.03724060580134392,0.19578486680984497,0.06613519787788391,-0.03582306206226349
F,0.20253592729568481,0.6940666139125824,1.907668831790943e-07,0.10647910833358765,0.633489578962326,-0.02322370558977127,0.042933106422424316,0.5024459064006805,-0.03155532851815224,0.011262446641921997,0.3816658556461334,-0.04382859915494919,0.0,0.27718767523765564,-0.053685516119003296,0.09321856498718262,0.38587501645088196,0.028808504343032837,0.05922114849090576,0.2902998626232147,-0.005819656420499086,0.03777557611465454,0.2975524961948395,-0.04132021591067314,0.030114591121673584,0.3191119432449341,-0.059354472905397415,0.13880085945129395,0.3459925949573517,0.02014516294002533,0.11799567937850952,0.18063119053840637,0.006250197999179363,0.10146099328994751,0.0814092755317688,-0.014706318266689777,0.09150415658950806,0.0010717809200286865,-0.029709389433264732,0.1887977123260498,0.33602622151374817,0.0005314544541761279,0.16687923669815063,0.17579641938209534,-0.018798716366291046,0.1490386724472046,0.0789426863193512,-0.03521863371133804,0.1323278546333313,0.0,-0.04451557248830795,0.2416166067123413,0.3470552861690521,-0.02268807590007782,0.22189968824386597,0.21302530169487,-0.03433922678232193,0.21031278371810913,0.13176333904266357,-0.03458061441779137,0.19586622714996338,0.06491783261299133,-0.03409900516271591
F,0.20253705978393555,0.6953377723693848,1.9334325429554156e-07,0.10697782039642334,0.6348849534988403,-0.024057870730757713,0.04292905330657959,0.504408061504364,-0.0329948291182518,0.010343343019485474,0.38474369049072266,-0.04574277251958847,0.0,0.2791696786880493,-0.056102633476257324,0.09423315525054932,0.3850211501121521,0.028665676712989807,0.059304773807525635,0.2912037968635559,-0.006334558594971895,0.03655725717544556,0.3003852367401123,-0.04280323162674904,0.02771538496017456,0.32379117608070374,-0.061587486416101456,0.13954806327819824,0.34453868865966797,0.02024969831109047,0.11878257989883423,0.17924892902374268,0.006209950428456068,0.10095202922821045,0.0795215368270874,-0.01584690436720848,0.08987313508987427,0.0,-0.03189670294523239,0.18906235694885254,0.33501067757606506,0.00082201644545421,0.16779601573944092,0.1750490665435791,-0.018073469400405884,0.1495378613471985,0.07859805226325989,-0.035163216292858124,0.13287466764450073,0.00029966235160827637,-0.045304883271455765,0.24087679386138916,0.3472325801849365,-0.02231961116194725,0.22211992740631104,0.21391236782073975,-0.033543314784765244,0.21061396598815918,0.1327315866947174,-0.03405948728322983,0.19634872674942017,0.06579163670539856,-0.03398836404085159
F,0.20046979188919067,0.6974054872989655,1.8498181475479214e-07,0.10609227418899536,0.6344387829303741,-0.023920321837067604,0.04176616668701172,0.5033767521381378,-0.033254943788051605,0.008172929286956787,0.3828471601009369,-0.04689431190490723,0.0,0.2755209803581238,-0.05823160707950592,0.09222841262817383,0.38867905735969543,0.031131964176893234,0.058132171630859375,0.30023419857025146,-0.006397309713065624,0.0382649302482605,0.31218716502189636,-0.04486359283328056,0.03246396780014038,0.33785805106163025,-0.06438911706209183,0.13868463039398193,0.3469167649745941,0.02219834364950657,0.11828476190567017,0.18139412999153137,0.006813132204115391,0.10165464878082275,0.08148643374443054,-0.01640046015381813,0.09187048673629761,0.00021222233772277832,-0.03306514397263527,0.19041836261749268,0.3366996645927429,0.0017894904594868422,0.17007339000701904,0.17588621377944946,-0.018743567168712616,0.15160751342773438,0.07862123847007751,-0.03688064217567444,0.13445168733596802,0.0,-0.047194287180900574,0.24419206380844116,0.3488982617855072,-0.02230706252157688,0.22444075345993042,0.2135947048664093,-0.03424365445971489,0.2121015191078186,0.13104799389839172,-0.035072047263383865,0.19661015272140503,0.0632120668888092,-0.034970175474882126
F,0.20170235633850098,0.6965526640415192,2.1214623302512337e-07,0.1075366735458374,0.6328804194927216,-0.024312157183885574,0.042765259742736816,0.5052531063556671,-0.033986881375312805,0.009432882070541382,0.38516148924827576,-0.047520965337753296,0.0,0.27899858355522156,-0.05869874730706215,0.09149724245071411,0.3891395628452301,0.027963660657405853,0.05759012699127197,0.2931306064128876,-0.008726063184440136,0.03768032789230347,0.30084455013275146,-0.04621440917253494,0.032075464725494385,0.3243718147277832,-0.06544704735279083,0.1389768123626709,0.3478870689868927,0.019515007734298706,0.11910754442214966,0.18123719096183777,0.0032146514859050512,0.10259979963302612,0.08094295859336853,-0.021075064316391945,0.09225571155548096,0.00023853778839111328,-0.03864353522658348,0.19057023525238037,0.33751943707466125,8.862456161295995e-05,0.17116457223892212,0.17614051699638367,-0.021075386554002762,0.15390163660049438,0.07878199219703674,-0.0401257686316967,0.13713395595550537,0.0,-0.051144227385520935,0.24390685558319092,0.34929153323173523,-0.02282247133553028,0.22534430027008057,0.21363210678100586,-0.035509780049324036,0.2135636806488037,0.13098126649856567,-0.037185054272413254,0.1983533501625061,0.06255674362182617,-0.03769988939166069
F,0.20450115203857422,0.7024927139282227,2.178882709813479e-07,0.10975736379623413,0.6353447437286377,-0.023115249350667,0.04392445087432861,0.5073415040969849,-0.03269673511385918,0.00953221321105957,0.38834118843078613,-0.04630988463759422,0.0,0.2812604606151581,-0.05737288296222687,0.09563553333282471,0.3875160217285156,0.029906075447797775,0.060353755950927734,0.29139113426208496,-0.005800965242087841,0.03658652305603027,0.29895710945129395,-0.042872123420238495,0.02676558494567871,0.32219111919403076,-0.062146540731191635,0.1427815556526184,0.3477344512939453,0.020784512162208557,0.1222042441368103,0.18105101585388184,0.004841514863073826,0.10595715045928955,0.0806334912776947,-0.019125880673527718,0.09548187255859375,0.0,-0.03645904362201691,0.19432508945465088,0.3386223018169403,0.0007381762261502445,0.17373883724212646,0.17742860317230225,-0.02015269175171852,0.15670418739318848,0.07919034361839294,-0.03852156177163124,0.1402064561843872,0.00019890069961547852,-0.04903110861778259,0.24747788906097412,0.3514600992202759,-0.02275770530104637,0.2277752161026001,0.2157207429409027,-0.035346031188964844,0.21574175357818604,0.13210394978523254,-0.03679415583610535,0.2003345489501953,0.06327596306800842,-0.037067562341690063
F,0.2076094150543213,0.7060577869415283,2.2757006945539615e-07,0.11269241571426392,0.640582799911499,-0.024825794622302055,0.04552805423736572,0.5108640193939209,-0.03530088812112808,0.008939862251281738,0.3925122022628784,-0.04995867609977722,0.0,0.2852024734020233,-0.062114614993333817,0.09405016899108887,0.39278048276901245,0.030083149671554565,0.056979358196258545,0.3031080663204193,-0.009158113040030003,0.03140619397163391,0.30902421474456787,-0.04938637465238571,0.018708646297454834,0.3319644629955292,-0.07010944932699203,0.14211130142211914,0.35052061080932617,0.021295851096510887,0.12204307317733765,0.18423831462860107,0.0039034446235746145,0.10632246732711792,0.08306315541267395,-0.020741144195199013,0.0962098240852356,0.0,-0.03810422122478485,0.1951766014099121,0.3399686813354492,0.0010090924333781004,0.17396920919418335,0.1787235140800476,-0.020622139796614647,0.15663886070251465,0.08074900507926941,-0.038234975188970566,0.13965636491775513,0.0007856786251068115,-0.04772603511810303,0.2503613233566284,0.35282766819000244,-0.023102646693587303,0.22931361198425293,0.21666625142097473,-0.035277727991342545,0.21720874309539795,0.13267692923545837,-0.03543482720851898,0.201637864112854,0.06312194466590881,-0.03451074659824371
F,0.20638346672058105,0.7154981195926666,2.4423860622846405e-07,0.11145061254501343,0.6491453945636749,-0.02340863086283207,0.045858681201934814,0.5190993845462799,-0.03322391211986542,0.010971426963806152,0.40206077694892883,-0.047253284603357315,0.0,0.29621008038520813,-0.058964140713214874,0.0875902771949768,0.3983984887599945,0.02888442389667034,0.04609599709510803,0.3101770579814911,-0.011172146536409855,0.01901113986968994,0.31624478101730347,-0.05224301293492317,0.005541503429412842,0.3394545018672943,-0.07339925318956375,0.13629639148712158,0.35530611872673035,0.01938769780099392,0.1166374683380127,0.1889483630657196,0.0015014518285170197,0.10218465328216553,0.08570095896720886,-0.02373919077217579,0.09330946207046509,0.0,-0.04140404239296913,0.19012951850891113,0.34527871012687683,-0.0012814381625503302,0.16941708326339722,0.18318012356758118,-0.023305131122469902,0.1533355712890625,0.08288872241973877,-0.04134698957204819,0.13721579313278198,0.0002409219741821289,-0.05106162279844284,0.2461841106414795,0.3595004975795746,-0.02562282606959343,0.2255842685699463,0.22225657105445862,-0.03830350562930107,0.21394729614257812,0.1363919973373413,-0.03827623277902603,0.19899243116378784,0.06508412957191467,-0.03699902072548866
F,0.20309388637542725,0.72059366106987,2.8446422106753744e-07,0.10914343595504761,0.6593041121959686,-0.026690710335969925,0.04403179883956909,0.5272040069103241,-0.03781956061720848,0.011644542217254639,0.40797916054725647,-0.05222276225686073,0.0,0.29947561025619507,-0.06414234638214111,0.08157896995544434,0.399978369474411,0.024389665573835373,0.038874924182891846,0.31187760829925537,-0.015906373038887978,0.012424170970916748,0.3144739270210266,-0.056608203798532486,0.0002625882625579834,0.33306846022605896,-0.07770489901304245,0.13134193420410156,0.35577577352523804,0.01611139439046383,0.11094778776168823,0.19042298197746277,-0.0023482157848775387,0.0969088077545166,0.08686727285385132,-0.02755000628530979,0.08866310119628906,0.0,-0.04529346153140068,0.18542438745498657,0.3472123444080353,-0.00346448109485209,0.16518354415893555,0.18553990125656128,-0.0264545027166605,0.15028071403503418,0.08591586351394653,-0.044540975242853165,0.1349218487739563,0.0033433735370635986,-0.05439281463623047,0.24166125059127808,0.36362746357917786,-0.026896493509411812,0.2205539345741272,0.2264212667942047,-0.04069150984287262,0.20819693803787231,0.14102503657341003,-0.04104878753423691,0.19243967533111572,0.06983634829521179,-0.04006219655275345
F,0.20035159587860107,0.7206230461597443,2.9946770041533455e-07,0.10737371444702148,0.658809632062912,-0.028889678418636322,0.0431637167930603,0.5268854200839996,-0.04041057080030441,0.011454552412033081,0.4050217568874359,-0.05484054982662201,0.0,0.2964005470275879,-0.06651560962200165,0.07711267471313477,0.40294787287712097,0.023200716823339462,0.039047569036483765,0.3127845227718353,-0.017244555056095123,0.014431864023208618,0.30803146958351135,-0.05736557021737099,0.0016257166862487793,0.3195178210735321,-0.07825005054473877,0.12499374151229858,0.358549565076828,0.015952371060848236,0.10428154468536377,0.19253972172737122,-0.003459896659478545,0.08991503715515137,0.08873265981674194,-0.028429076075553894,0.08111077547073364,0.0,-0.04563659802079201,0.17814970016479492,0.34821778535842896,-0.0027794046327471733,0.15715545415878296,0.1870499551296234,-0.026255669072270393,0.14188647270202637,0.08724352717399597,-0.04422290623188019,0.12663686275482178,0.002867966890335083,-0.05388541892170906,0.23456794023513794,0.3622432351112366,-0.02568136341869831,0.21364611387252808,0.22617369890213013,-0.03985751047730446,0.2012612223625183,0.1405876874923706,-0.04081812873482704,0.18588387966156006,0.06768077611923218,-0.04026545211672783
F,0.19480007886886597,0.7159377634525299,2.82093338910272e-07,0.10347390174865723,0.6576466858386993,-0.03166910260915756,0.038015782833099365,0.5249090492725372,-0.044409796595573425,0.008857309818267822,0.40021833777427673,-0.0597032830119133,0.0,0.28843727707862854,-0.07159768044948578,0.06608402729034424,0.3985763490200043,0.022976187989115715,0.03281348943710327,0.305470734834671,-0.02068711258471012,0.016262054443359375,0.3176358938217163,-0.06333897262811661,0.011883914470672607,0.34634929895401,-0.08471546322107315,0.11406970024108887,0.3542271554470062,0.017362868413329124,0.09586173295974731,0.18991020321846008,-0.0011103098513558507,0.08314931392669678,0.08794808387756348,-0.02671823278069496,0.07615536451339722,0.0,-0.04517722129821777,0.166703462600708,0.3459738492965698,-0.0006950786919333041,0.14760255813598633,0.18566077947616577,-0.024026982486248016,0.13353025913238525,0.08567509055137634,-0.043916914612054825,0.11953973770141602,0.0011219978332519531,-0.055563222616910934,0.2232910394668579,0.3610106110572815,-0.023100726306438446,0.20392227172851562,0.22594097256660461,-0.037816110998392105,0.19222813844680786,0.14035135507583618,-0.04068835452198982,0.17749887704849243,0.06630375981330872,-0.041963860392570496
F,0.18237879872322083,0.7196843326091766,3.3502081464575895e-07,0.092020183801651,0.6655668318271637,-0.032608017325401306,0.026546627283096313,0.5350106060504913,-0.046619050204753876,0.0029875338077545166,0.4060499370098114,-0.06256628781557083,0.0,0.2932991683483124,-0.07427984476089478,0.0407690703868866,0.4057849943637848,0.018727630376815796,0.010435163974761963,0.30049607157707214,-0.02502671629190445,0.0012344419956207275,0.3155604898929596,-0.06621120125055313,0.002778857946395874,0.3479856848716736,-0.08577390760183334,0.09071734547615051,0.36040937900543213,0.014307952485978603,0.07642599940299988,0.1898936629295349,-0.00306676491163671,0.06694170832633972,0.08773580193519592,-0.027144648134708405,0.061258405447006226,0.0,-0.04432542994618416,0.14410892128944397,0.3513937294483185,-0.0022121858783066273,0.12817421555519104,0.1892583668231964,-0.023181332275271416,0.11788001656532288,0.09010547399520874,-0.04180346056818962,0.10675874352455139,0.0068138837814331055,-0.05302201583981514,0.20153513550758362,0.36511775851249695,-0.02311721444129944,0.1850775182247162,0.23075509071350098,-0.03493897244334221,0.17557308077812195,0.14780819416046143,-0.03610435500741005,0.16326406598091125,0.0771484375,-0.03637313470244408
F,0.1774066686630249,0.7196843028068542,3.748388053281815e-07,0.08812302350997925,0.6594752073287964,-0.030630657449364662,0.022497713565826416,0.5329568386077881,-0.04451256990432739,0.0,0.4044652581214905,-0.061036307364702225,0.004694432020187378,0.2899983525276184,-0.07338620722293854,0.028320014476776123,0.40575236082077026,0.025266125798225403,0.006944715976715088,0.29420194029808044,-0.017063811421394348,0.003598034381866455,0.3083381652832031,-0.05890633165836334,0.008447796106338501,0.3436060845851898,-0.07967675477266312,0.07902461290359497,0.36263132095336914,0.020202316343784332,0.07061469554901123,0.18998390436172485,0.004597819875925779,0.06441468000411987,0.08836832642555237,-0.021384747698903084,0.0608333945274353,0.0,-0.041152145713567734,0.13283097743988037,0.35578587651252747,0.0030731558799743652,0.12046563625335693,0.19285839796066284,-0.01648196205496788,0.11103713512420654,0.09417319297790527,-0.0371551439166069,0.10051572322845459,0.010398119688034058,-0.05097395181655884,0.19237995147705078,0.36934027075767517,-0.018268313258886337,0.17879009246826172,0.23539650440216064,-0.028826182708144188,0.17152655124664307,0.15373456478118896,-0.03045031614601612,0.1612260341644287,0.08252528309822083,-0.03209748491644859
F,0.17430317401885986,0.7063559293746948,4.779133746524167e-07,0.08636593818664551,0.6443814039230347,-0.04234059154987335,0.020387887954711914,0.5189433693885803,-0.06104908511042595,0.0,0.3853594958782196,-0.07916746288537979,0.014523953199386597,0.2677357494831085,-0.09251467138528824,0.03145724534988403,0.3960232138633728,0.012670735828578472,0.02377927303314209,0.2831568717956543,-0.02907087281346321,0.04057466983795166,0.27668583393096924,-0.06986764073371887,0.06360822916030884,0.2879047095775604,-0.09149797260761261,0.08287012577056885,0.35560154914855957,0.013633877970278263,0.07785242795944214,0.18922114372253418,-0.004513510502874851,0.07628136873245239,0.0891687273979187,-0.030317241325974464,0.07810759544372559,0.0,-0.04989028722047806,0.13650906085968018,0.34854596853256226,0.0021794610656797886,0.12715965509414673,0.18934273719787598,-0.019817007705569267,0.12016487121582031,0.09216007590293884,-0.03844839707016945,0.11395263671875,0.00914415717124939,-0.05019371211528778,0.19504815340042114,0.36000049114227295,-0.01454172469675541,0.1804952621459961,0.22850501537322998,-0.026959950104355812,0.17273861169815063,0.14930081367492676,-0.028581470251083374,0.1635248064994812,0.07927832007408142,-0.02997184917330742
F,0.1627771258354187,0.7129950523376465,7.947237463667989e-07,0.07831919193267822,0.6538115739822388,-0.053009774535894394,0.01642167568206787,0.5337285995483398,-0.07542482763528824,0.0,0.3969557285308838,-0.09457387030124664,0.024568617343902588,0.28585928678512573,-0.10958707332611084,0.021965384483337402,0.39115631580352783,0.0039953687228262424,0.03837454319000244,0.2701603174209595,-0.0337899811565876,0.07021188735961914,0.21169710159301758,-0.07249680906534195,0.10593199729919434,0.1689569354057312,-0.09550690650939941,0.073214590549469,0.36007872223854065,0.010524539276957512,0.07473397254943848,0.20097267627716064,-0.010363229550421238,0.0786086916923523,0.09831184148788452,-0.03630749508738518,0.08201897144317627,0.0,-0.05485403910279274,0.12746667861938477,0.3574303686618805,0.004977714270353317,0.12407952547073364,0.2033693790435791,-0.01991119608283043,0.12188512086868286,0.10526776313781738,-0.036562349647283554,0.11976468563079834,0.02012389898300171,-0.045698028057813644,0.18635404109954834,0.3730497658252716,-0.006917634047567844,0.17433708906173706,0.24568066000938416,-0.023494720458984375,0.16767698526382446,0.16761904954910278,-0.02674013003706932,0.15992456674575806,0.09721934795379639,-0.027884123846888542
F,0.14204025268554688,0.7039974927902222,7.832235837668122e-07,0.0684199333190918,0.6427590847015381,-0.05801168084144592,0.009940087795257568,0.5242713689804077,-0.08661330491304398,0.005077540874481201,0.39124417304992676,-0.1101800724864006,0.050073981285095215,0.29685038328170776,-0.1284734606742859,0.0,0.37879809737205505,-0.008462409488856792,0.04087376594543457,0.2785656452178955,-0.04812413081526756,0.08222121000289917,0.2499733567237854,-0.0876031368970871,0.11728793382644653,0.23007351160049438,-0.11052240431308746,0.05351632833480835,0.3488084077835083,-0.00046276464127004147,0.07227832078933716,0.1947948932647705,-0.020145529881119728,0.08449476957321167,0.096825510263443,-0.04157106578350067,0.0907171368598938,0.0,-0.056819066405296326,0.11243313550949097,0.34906110167503357,-0.004805896431207657,0.12088954448699951,0.20231541991233826,-0.030880844220519066,0.12580984830856323,0.10861307382583618,-0.046409256756305695,0.12620478868484497,0.0278165340423584,-0.053909823298454285,0.17438846826553345,0.36954501271247864,-0.015478217042982578,0.1690087914466858,0.245317280292511,-0.034053076058626175,0.16695678234100342,0.16799700260162354,-0.037138063460588455,0.16051900386810303,0.10033077001571655,-0.03766269236803055
F,0.1357954740524292,0.7024381458759308,8.195647751563229e-07,0.06727153062820435,0.6397114098072052,-0.0557963103055954,0.02218317985534668,0.5255129635334015,-0.08467630296945572,0.032080769538879395,0.407544881105423,-0.10797955095767975,0.07390320301055908,0.3231167197227478,-0.12637506425380707,0.0,0.3761460781097412,-0.020821059122681618,0.05293983221054077,0.2742612659931183,-0.06269382685422897,0.10248970985412598,0.25034162402153015,-0.10359737277030945,0.14200913906097412,0.231632262468338,-0.12797865271568298,0.05340391397476196,0.3467549979686737,-0.014943263493478298,0.08307266235351562,0.19323518872261047,-0.0385565347969532,0.09965550899505615,0.0928550660610199,-0.06311894953250885,0.10982555150985718,0.0,-0.08078879863023758,0.11222141981124878,0.3490164279937744,-0.01976381614804268,0.13047534227371216,0.20314785838127136,-0.047279760241508484,0.14072400331497192,0.11163955926895142,-0.06363460421562195,0.14543402194976807,0.0324934720993042,-0.07196009159088135,0.17532777786254883,0.3733504116535187,-0.030475789681077003,0.17760097980499268,0.24772372841835022,-0.04994765669107437,0.17906469106674194,0.17138859629631042,-0.05244008079171181,0.17532789707183838,0.10327699780464172,-0.0523773692548275
F,0.13949978351593018,0.6823818683624268,5.487034968609805e-07,0.07088720798492432,0.623727023601532,-0.049030404537916183,0.027134478092193604,0.5075712203979492,-0.07322568446397781,0.04431074857711792,0.3885161280632019,-0.09369272738695145,0.09413039684295654,0.3073285222053528,-0.10860152542591095,0.0,0.37679216265678406,-0.00810882356017828,0.03416222333908081,0.29789599776268005,-0.053634677082300186,0.0628129243850708,0.3237152099609375,-0.09656810015439987,0.08343768119812012,0.3635786473751068,-0.11918818950653076,0.057903409004211426,0.33888813853263855,-0.004577595740556717,0.08935552835464478,0.18721932172775269,-0.02470444329082966,0.10510653257369995,0.09101539850234985,-0.049728307873010635,0.1186838150024414,0.0,-0.06879767030477524,0.11844336986541748,0.33626192808151245,-0.012565035372972488,0.1357296109199524,0.1947377622127533,-0.036828625947237015,0.14675146341323853,0.10683992505073547,-0.05610764026641846,0.15509873628616333,0.025376558303833008,-0.06784943491220474,0.18296408653259277,0.3590606153011322,-0.02593928389251232,0.18405061960220337,0.23816049098968506,-0.040825165808200836,0.18739426136016846,0.16736191511154175,-0.04131612181663513,0.18557840585708618,0.10118991136550903,-0.04120146855711937
F,0.14370030164718628,0.6759779751300812,6.45661202725023e-07,0.07909601926803589,0.6144982874393463,-0.05420219898223877,0.04214608669281006,0.5053562819957733,-0.08213610202074051,0.06662338972091675,0.38876670598983765,-0.10487861186265945,0.11260104179382324,0.30189111828804016,-0.1218755692243576,0.0,0.37181609869003296,-0.015624086372554302,0.04388582706451416,0.30148133635520935,-0.06119992583990097,0.07619792222976685,0.3242049813270569,-0.10393204540014267,0.09826290607452393,0.3602379262447357,-0.1269005537033081,0.05824291706085205,0.33164191246032715,-0.009945247322320938,0.09824568033218384,0.18482711911201477,-0.03176168352365494,0.11766541004180908,0.08948689699172974,-0.05858940631151199,0.133819580078125,0.0,-0.07897789031267166,0.11919134855270386,0.3272639214992523,-0.01555758249014616,0.1434970498085022,0.1890076994895935,-0.041221607476472855,0.15607315301895142,0.10235115885734558,-0.06225627288222313,0.1644282341003418,0.023134976625442505,-0.07531064748764038,0.18351256847381592,0.3512367308139801,-0.026707664132118225,0.19166326522827148,0.23285230994224548,-0.04335441812872887,0.19700002670288086,0.16299951076507568,-0.04548371955752373,0.19554269313812256,0.0987185537815094,-0.046259719878435135
F,0.14766043424606323,0.6738775968551636,7.000867299211677e-07,0.08395904302597046,0.6128844022750854,-0.0606989748775959,0.04802441596984863,0.5069161057472229,-0.09197491407394409,0.07661062479019165,0.3887749910354614,-0.11601889133453369,0.12286168336868286,0.29884809255599976,-0.13366492092609406,0.0,0.3744049072265625,-0.026617594063282013,0.05154120922088623,0.30444762110710144,-0.0749950036406517,0.08883702754974365,0.32734423875808716,-0.11821500211954117,0.11458390951156616,0.35987988114356995,-0.14142930507659912,0.061220645904541016,0.33451035618782043,-0.01788307912647724,0.10346269607543945,0.18700182437896729,-0.043009016662836075,0.12479984760284424,0.09140375256538391,-0.0707063376903534,0.14144843816757202,0.0,-0.09179726243019104,0.12346774339675903,0.32907068729400635,-0.020550165325403214,0.15111714601516724,0.19284546375274658,-0.04884999245405197,0.164514422416687,0.10746967792510986,-0.07013431936502457,0.17236268520355225,0.029188036918640137,-0.08320074528455734,0.1876181960105896,0.3513035178184509,-0.029093429446220398,0.19757723808288574,0.23358213901519775,-0.04736853018403053,0.20320039987564087,0.1630871295928955,-0.05040125921368599,0.20183461904525757,0.09713906049728394,-0.051751233637332916
F,0.15083545446395874,0.6738848388195038,7.053581612126436e-07,0.08809733390808105,0.6159254014492035,-0.06493712961673737,0.05312848091125488,0.5105351507663727,-0.09762518107891083,0.08443999290466309,0.3924003541469574,-0.12145613133907318,0.13047456741333008,0.3026414215564728,-0.13827496767044067,0.0,0.37494683265686035,-0.034396152943372726,0.05779331922531128,0.3119705021381378,-0.08208528161048889,0.09406542778015137,0.3446083962917328,-0.12292321026325226,0.11825370788574219,0.3798929750919342,-0.14479592442512512,0.06101512908935547,0.33315420150756836,-0.023352883756160736,0.10883736610412598,0.19099211692810059,-0.050115227699279785,0.12960106134414673,0.09474530816078186,-0.07831189781427383,0.1456051468849182,0.0,-0.09984593093395233,0.1237783432006836,0.32680726051330566,-0.02332291379570961,0.15334779024124146,0.19520166516304016,-0.05341804400086403,0.1664157509803772,0.10959792137145996,-0.07624863088130951,0.1733759641647339,0.029251039028167725,-0.0903908982872963,0.18674451112747192,0.3496241569519043,-0.029109805822372437,0.19777566194534302,0.2334844172000885,-0.049593184143304825,0.2029934525489807,0.16259512305259705,-0.05433862283825874,0.20163005590438843,0.0943644642829895,-0.056695856153964996
F,0.16139835119247437,0.6921088993549347,9.185648082166153e-07,0.09833121299743652,0.630637913942337,-0.06434345245361328,0.06531649827957153,0.5200996696949005,-0.09534276276826859,0.09913837909698486,0.40231236815452576,-0.11729349195957184,0.14496147632598877,0.3130073845386505,-0.13079532980918884,0.0,0.3876212239265442,-0.03137452155351639,0.07281702756881714,0.3215841054916382,-0.07730568945407867,0.11506187915802002,0.3486761152744293,-0.11736676841974258,0.14027416706085205,0.36760881543159485,-0.13954611122608185,0.05985015630722046,0.34767934679985046,-0.02008858509361744,0.1280919313430786,0.2113359272480011,-0.05505047366023064,0.15563523769378662,0.1065649688243866,-0.08709730952978134,0.17436015605926514,0.0,-0.10838440805673599,0.1220276951789856,0.34468263387680054,-0.01904074102640152,0.16683149337768555,0.24008402228355408,-0.06155141443014145,0.17940294742584229,0.2185312807559967,-0.08134930580854416,0.18243664503097534,0.1906062662601471,-0.08641742914915085,0.1847955584526062,0.3688673973083496,-0.02279381826519966,0.20142459869384766,0.26745375990867615,-0.05225352570414543,0.2064194679260254,0.22701898217201233,-0.053931817412376404,0.20304012298583984,0.1824348270893097,-0.04945885017514229
F,0.1434035301208496,0.6951811611652374,1.4133636341284728e-06,0.08939123153686523,0.6300534307956696,-0.07513068616390228,0.06180465221405029,0.5254765450954437,-0.10987953841686249,0.0920267105102539,0.40906813740730286,-0.13208796083927155,0.1366887092590332,0.3180980384349823,-0.14972050487995148,0.0,0.3751109540462494,-0.053127940744161606,0.08588582277297974,0.25576648116111755,-0.09724747389554977,0.13946610689163208,0.18247249722480774,-0.1377267688512802,0.18202567100524902,0.11704698204994202,-0.1628074198961258,0.05042600631713867,0.3468940556049347,-0.034392718225717545,0.11873883008956909,0.19975396990776062,-0.07099238783121109,0.1509292721748352,0.097402423620224,-0.10215269774198532,0.17409682273864746,0.0,-0.12118088454008102,0.10523808002471924,0.3496706783771515,-0.024355212226510048,0.15529006719589233,0.22985145449638367,-0.06526276469230652,0.17715442180633545,0.17639514803886414,-0.08406868577003479,0.1881617307662964,0.12459173798561096,-0.08860880136489868,0.15929913520812988,0.3756966292858124,-0.020293746143579483,0.18302088975906372,0.2688756585121155,-0.049708351492881775,0.193364679813385,0.21970906853675842,-0.05385707691311836,0.19417130947113037,0.17171314358711243,-0.050588447600603104
F,0.16297906637191772,0.6895657777786255,1.1309664387226803e-06,0.10110801458358765,0.6268512606620789,-0.06576070934534073,0.07020008563995361,0.5139790177345276,-0.09582874178886414,0.10484522581100464,0.3959926962852478,-0.11667108535766602,0.15003693103790283,0.30387821793556213,-0.12932047247886658,0.0,0.373717337846756,-0.03222685679793358,0.07808995246887207,0.30362117290496826,-0.07593221962451935,0.1273707151412964,0.31081706285476685,-0.11228543519973755,0.15827488899230957,0.30317121744155884,-0.13278909027576447,0.05558180809020996,0.3369447886943817,-0.020560696721076965,0.1272270679473877,0.20097726583480835,-0.060803964734077454,0.15643471479415894,0.10152694582939148,-0.09111375361680984,0.1738014817237854,0.0,-0.1073845624923706,0.11309826374053955,0.3394228518009186,-0.01842808909714222,0.1620885133743286,0.26597076654434204,-0.07104317843914032,0.1637284755706787,0.3176316022872925,-0.08487746864557266,0.15381252765655518,0.3430577218532562,-0.07960159331560135,0.17393136024475098,0.3674686849117279,-0.02072654291987419,0.19082844257354736,0.3033061623573303,-0.0587223619222641,0.18797391653060913,0.3299667239189148,-0.056959062814712524,0.1759423017501831,0.3378699719905853,-0.04548997804522514
F,0.15276819467544556,0.6955935657024384,1.5252218190653366e-06,0.09329003095626831,0.6302649080753326,-0.07227110862731934,0.064541757106781,0.5192305743694305,-0.10290316492319107,0.09286761283874512,0.4003280699253082,-0.12320177257061005,0.1336904764175415,0.3076575994491577,-0.13855642080307007,0.0,0.36302700638771057,-0.04390115663409233,0.07670903205871582,0.24120798707008362,-0.08982612937688828,0.12545931339263916,0.15602493286132812,-0.12922438979148865,0.16531413793563843,0.08255782723426819,-0.15248006582260132,0.051294922828674316,0.3396901786327362,-0.02833872102200985,0.11369967460632324,0.19738730788230896,-0.0709322988986969,0.14419901371002197,0.09522569179534912,-0.10023608058691025,0.16415339708328247,0.0,-0.11401558667421341,0.10632675886154175,0.34885069727897644,-0.022154759615659714,0.14863067865371704,0.26758450269699097,-0.07489784061908722,0.1571292281150818,0.2963655889034271,-0.0879582017660141,0.15320301055908203,0.3053757846355438,-0.08154501020908356,0.16299772262573242,0.3798123896121979,-0.02174733765423298,0.17776262760162354,0.3130614459514618,-0.0608864426612854,0.1757640838623047,0.33710503578186035,-0.061003684997558594,0.16335320472717285,0.34910911321640015,-0.04987841099500656
F,0.15893268585205078,0.6936999559402466,1.174190515484952e-06,0.09457617998123169,0.6273024082183838,-0.06285979598760605,0.06274580955505371,0.5220709443092346,-0.09259069710969925,0.09656602144241333,0.40522539615631104,-0.11345063149929047,0.14144694805145264,0.3132207691669464,-0.1279396116733551,0.0,0.37630578875541687,-0.03249272331595421,0.07204222679138184,0.29081207513809204,-0.07619668543338776,0.1275550127029419,0.2623594403266907,-0.11648033559322357,0.17112797498703003,0.22786366939544678,-0.14049369096755981,0.05555272102355957,0.34265971183776855,-0.022297827526926994,0.11787354946136475,0.20489493012428284,-0.057274408638477325,0.14742594957351685,0.1012970507144928,-0.08883629739284515,0.16888487339019775,0.0,-0.10824771970510483,0.1134997010231018,0.3448735475540161,-0.02147640846669674,0.15659701824188232,0.2414342761039734,-0.06586641073226929,0.16887348890304565,0.22573912143707275,-0.08548477292060852,0.17033743858337402,0.20381048321723938,-0.08872099220752716,0.17282605171203613,0.37381434440612793,-0.025369388982653618,0.1873413324356079,0.28300929069519043,-0.057744741439819336,0.18811720609664917,0.26726454496383667,-0.06004779785871506,0.18024581670761108,0.24642592668533325,-0.05451223999261856
F,0.1530160903930664,0.7015559375286102,1.4068680229684105e-06,0.08892124891281128,0.6316042244434357,-0.06862355023622513,0.058058083057403564,0.5234603583812714,-0.09901514649391174,0.09181076288223267,0.40607497096061707,-0.11969675868749619,0.13613873720169067,0.31487467885017395,-0.1356501579284668,0.0,0.37620118260383606,-0.039270710200071335,0.0754997730255127,0.25955817103385925,-0.08698035031557083,0.12741923332214355,0.1863618791103363,-0.13055236637592316,0.1719709038734436,0.1226186752319336,-0.15648740530014038,0.055403172969818115,0.3506532609462738,-0.02557934634387493,0.11642372608184814,0.20578083395957947,-0.06536710262298584,0.14462924003601074,0.10000857710838318,-0.09834451228380203,0.16446727514266968,0.0,-0.11696650832891464,0.11308842897415161,0.3569052219390869,-0.02141304314136505,0.15361201763153076,0.2503649890422821,-0.06826882809400558,0.16399919986724854,0.23203933238983154,-0.08650300651788712,0.16381007432937622,0.2086394727230072,-0.0873883068561554,0.1699698567390442,0.38821062445640564,-0.02280811220407486,0.18233716487884521,0.2987303137779236,-0.05639992281794548,0.18040162324905396,0.2855711877346039,-0.05841593071818352,0.1696000099182129,0.2691290080547333,-0.05156174302101135
F,0.16224557161331177,0.6825625598430634,1.0068305300592328e-06,0.1011461615562439,0.6209078133106232,-0.07034590095281601,0.07079148292541504,0.5172212421894073,-0.10154224932193756,0.10368669033050537,0.4003838002681732,-0.12099702656269073,0.14818048477172852,0.31105121970176697,-0.1323772519826889,0.0,0.3770808279514313,-0.0387912392616272,0.07079356908798218,0.30208927392959595,-0.0816916972398758,0.12544673681259155,0.29874786734580994,-0.12003783881664276,0.16607815027236938,0.28803834319114685,-0.14207644760608673,0.056810617446899414,0.3392206132411957,-0.023061828687787056,0.1156345009803772,0.20144954323768616,-0.05463225394487381,0.1434003710746765,0.10040569305419922,-0.0846528634428978,0.16335248947143555,0.0,-0.10430758446455002,0.11584222316741943,0.3355792760848999,-0.017297493293881416,0.1557847261428833,0.2205248773097992,-0.055384740233421326,0.17093926668167114,0.16821497678756714,-0.07596173882484436,0.17490822076797485,0.1155485212802887,-0.08320383727550507,0.17528611421585083,0.3584649860858917,-0.017022084444761276,0.19001007080078125,0.2536349296569824,-0.04363628476858139,0.1929585337638855,0.2097776234149933,-0.04643905907869339,0.1876634955406189,0.1635453999042511,-0.043603140860795975
F,0.1574038863182068,0.704198032617569,1.4166606661092374e-06,0.09442156553268433,0.6367699205875397,-0.07173105329275131,0.0645132064819336,0.531266063451767,-0.10260411351919174,0.0992884635925293,0.4136005938053131,-0.12214840948581696,0.1445205807685852,0.3240303099155426,-0.13673771917819977,0.0,0.3833739161491394,-0.04244124889373779,0.08120894432067871,0.26814761757850647,-0.08906108140945435,0.13518351316452026,0.19268688559532166,-0.13265804946422577,0.18095624446868896,0.1246131956577301,-0.15919892489910126,0.053303658962249756,0.3533790409564972,-0.026271380484104156,0.11480814218521118,0.20896181464195251,-0.06490609794855118,0.1434715986251831,0.10262486338615417,-0.09840760380029678,0.1644604206085205,0.0,-0.11792971938848495,0.11010700464248657,0.3551355302333832,-0.019474713131785393,0.15142345428466797,0.24053063988685608,-0.06374219059944153,0.16480636596679688,0.2035960853099823,-0.08337200433015823,0.16768956184387207,0.16353517770767212,-0.08650849759578705,0.16641664505004883,0.38288456201553345,-0.018616370856761932,0.1821659803390503,0.2842436730861664,-0.05063807591795921,0.18320602178573608,0.2547496259212494,-0.05424853786826134,0.17463546991348267,0.22283169627189636,-0.049192652106285095
F,0.15307998657226562,0.6956406831741333,1.2261739357199986e-06,0.0922582745552063,0.6273000836372375,-0.06841286271810532,0.064258873462677,0.520808219909668,-0.09760459512472153,0.09983313083648682,0.4077420234680176,-0.11509592086076736,0.14558333158493042,0.3241361677646637,-0.1280963271856308,0.0,0.3728441298007965,-0.042906906455755234,0.08718037605285645,0.26200130581855774,-0.08573425561189651,0.1435481309890747,0.1963403820991516,-0.12811151146888733,0.18994581699371338,0.13592910766601562,-0.15525253117084503,0.052318572998046875,0.3412889242172241,-0.028548654168844223,0.11234378814697266,0.19815105199813843,-0.061100732535123825,0.14030641317367554,0.09674808382987976,-0.0927911028265953,0.16145944595336914,0.0,-0.11352354288101196,0.10886317491531372,0.34149235486984253,-0.02313513681292534,0.1498134732246399,0.21127527952194214,-0.0595778152346611,0.1660643219947815,0.13438183069229126,-0.08123873174190521,0.17253756523132324,0.061104387044906616,-0.09067145735025406,0.16660749912261963,0.3677840530872345,-0.023687947541475296,0.18311500549316406,0.2573367655277252,-0.05261345952749252,0.18688362836837769,0.2079552710056305,-0.05881736800074577,0.18085706233978271,0.1585489809513092,-0.05847601220011711
F,0.1598793864250183,0.7042218744754791,1.1944260904783732e-06,0.09453105926513672,0.638362854719162,-0.06902127712965012,0.06510168313980103,0.528881162405014,-0.0986468717455864,0.10295343399047852,0.4135793149471283,-0.11756323277950287,0.15155190229415894,0.3272934556007385,-0.1296430230140686,0.0,0.382687509059906,-0.036525189876556396,0.08248913288116455,0.2936989963054657,-0.08142304420471191,0.13984453678131104,0.2617655098438263,-0.12252680957317352,0.1842125654220581,0.22200676798820496,-0.14690130949020386,0.05467337369918823,0.3475811779499054,-0.022336870431900024,0.12063837051391602,0.2101232409477234,-0.05822790414094925,0.14903467893600464,0.1045408844947815,-0.08932309597730637,0.16875237226486206,0.0,-0.10784780979156494,0.11170607805252075,0.3468969762325287,-0.01826486736536026,0.1544589400291443,0.24284687638282776,-0.06297919899225235,0.1637037992477417,0.2216767966747284,-0.08300191164016724,0.16275852918624878,0.1928490400314331,-0.086029052734375,0.1712714433670044,0.3726324439048767,-0.019537605345249176,0.18523365259170532,0.2802713215351105,-0.051939621567726135,0.1859474778175354,0.2616558074951172,-0.05506819859147072,0.17758530378341675,0.23685690760612488,-0.04978667572140694
F,0.15349072217941284,0.711807519197464,1.4336832236949704e-06,0.08533650636672974,0.6397946178913116,-0.06479301303625107,0.056611061096191406,0.5254484117031097,-0.09139417856931686,0.09465581178665161,0.4081774353981018,-0.11048532277345657,0.14021241664886475,0.32103395462036133,-0.12393482029438019,0.0,0.3794667422771454,-0.02857871726155281,0.07877999544143677,0.2717389166355133,-0.07749023288488388,0.13481736183166504,0.21127524971961975,-0.11951016634702682,0.18030285835266113,0.15417328476905823,-0.14314840734004974,0.05662393569946289,0.35291826725006104,-0.018428102135658264,0.11420899629592896,0.2099878489971161,-0.06270841509103775,0.14352655410766602,0.10169258713722229,-0.0948932096362114,0.16204869747161865,0.0,-0.11016402393579483,0.1146121621131897,0.361459344625473,-0.018606796860694885,0.15383416414260864,0.28013232350349426,-0.0759870857000351,0.1577489972114563,0.3268754184246063,-0.09154488891363144,0.14836227893829346,0.35153356194496155,-0.08448819071054459,0.17377811670303345,0.3948740065097809,-0.023690087720751762,0.18390417098999023,0.3304457664489746,-0.06533513963222504,0.17779362201690674,0.36819568276405334,-0.06522496789693832,0.16112852096557617,0.3930220603942871,-0.05290082097053528
F,0.15489190816879272,0.6941246092319489,1.0247459840684314e-06,0.0890316367149353,0.6276736557483673,-0.06359302252531052,0.06040078401565552,0.5199243128299713,-0.09139521420001984,0.09806722402572632,0.40627381205558777,-0.10973864048719406,0.14482587575912476,0.32202455401420593,-0.1208571046590805,0.0,0.37908658385276794,-0.031535930931568146,0.06866586208343506,0.3028489649295807,-0.07382437586784363,0.12516403198242188,0.29449620842933655,-0.11183695495128632,0.16749340295791626,0.27967599034309387,-0.13351163268089294,0.058357834815979004,0.3420066237449646,-0.01996498368680477,0.11575150489807129,0.2029845118522644,-0.05059967190027237,0.14329475164413452,0.10014644265174866,-0.0788787454366684,0.16250073909759521,0.0,-0.09676847606897354,0.11792540550231934,0.3403342664241791,-0.0184640996158123,0.1544608473777771,0.23048242926597595,-0.05794883519411087,0.16217166185379028,0.1994301974773407,-0.07783067971467972,0.16071516275405884,0.1640630066394806,-0.08305899053812027,0.17952841520309448,0.365456223487854,-0.021956291049718857,0.19274979829788208,0.26736363768577576,-0.050298843532800674,0.19333434104919434,0.24138912558555603,-0.05264398083090782,0.1861809492111206,0.2115064561367035,-0.048515837639570236
F,0.15800702571868896,0.696358323097229,1.2504403912316775e-06,0.09434539079666138,0.6284161806106567,-0.06449875235557556,0.06557202339172363,0.5174513459205627,-0.09355869889259338,0.10247349739074707,0.4020589590072632,-0.11445381492376328,0.1487831473350525,0.31253913044929504,-0.12773728370666504,0.0,0.3746243417263031,-0.0300364438444376,0.07705181837081909,0.29569417238235474,-0.07568410038948059,0.1330992579460144,0.27928754687309265,-0.11258867383003235,0.17115825414657593,0.2523655295372009,-0.13292045891284943,0.05616486072540283,0.33908843994140625,-0.01946159638464451,0.12161213159561157,0.20222064852714539,-0.063737653195858,0.15319716930389404,0.1011953353881836,-0.09486927092075348,0.17023521661758423,0.0,-0.10979779064655304,0.11369287967681885,0.3421960473060608,-0.018669432029128075,0.1611378788948059,0.27367204427719116,-0.07747769355773926,0.16139912605285645,0.34593266248703003,-0.09173959493637085,0.14782017469406128,0.3889331817626953,-0.08316661417484283,0.17413330078125,0.37008020281791687,-0.022043658420443535,0.1917189359664917,0.30754393339157104,-0.06387878209352493,0.18957942724227905,0.34557604789733887,-0.06323496252298355,0.17620038986206055,0.36732664704322815,-0.05056369677186012
F,0.15039539337158203,0.6834447383880615,1.006469005915278e-06,0.08574146032333374,0.6186031699180603,-0.06358734518289566,0.05745738744735718,0.5139637589454651,-0.09409158676862717,0.09461206197738647,0.3973110318183899,-0.11466950178146362,0.1410304307937622,0.3121339678764343,-0.1300445944070816,0.0,0.36628666520118713,-0.03523435816168785,0.07751047611236572,0.27727895975112915,-0.07732295244932175,0.13819068670272827,0.25040483474731445,-0.11927580088376999,0.1860198974609375,0.2226538062095642,-0.14529313147068024,0.05669581890106201,0.33041825890541077,-0.02436595968902111,0.1110830307006836,0.19065731763839722,-0.051930129528045654,0.1411813497543335,0.09385603666305542,-0.08279828727245331,0.16554886102676392,0.0,-0.10483279824256897,0.11689507961273193,0.3281228840351105,-0.023017456755042076,0.15294277667999268,0.19425663352012634,-0.054188624024391174,0.17168718576431274,0.10525289177894592,-0.0770731046795845,0.18214702606201172,0.021209895610809326,-0.08972494304180145,0.17909836769104004,0.3541291356086731,-0.02726103365421295,0.1921442151069641,0.23177069425582886,-0.04986030235886574,0.19697916507720947,0.16314977407455444,-0.055145397782325745,0.1944364309310913,0.09522423148155212,-0.056506235152482986
F,0.15971732139587402,0.6640384197235107,7.07287199475104e-07,0.0932382345199585,0.608268678188324,-0.05888694152235985,0.057971060276031494,0.5094672441482544,-0.09167148172855377,0.08843493461608887,0.39469313621520996,-0.11708272248506546,0.13303428888320923,0.3082973062992096,-0.13614286482334137,0.0,0.36279964447021484,-0.03107074461877346,0.04109358787536621,0.29767510294914246,-0.08356083929538727,0.08276808261871338,0.3265041708946228,-0.13098855316638947,0.11603784561157227,0.3700544238090515,-0.1564052700996399,0.06252837181091309,0.3196995258331299,-0.024333983659744263,0.10525411367416382,0.1815657615661621,-0.052705757319927216,0.13057512044906616,0.08827874064445496,-0.08591392636299133,0.1525997519493103,0.0,-0.11117133498191833,0.1271570920944214,0.31287702918052673,-0.028114400804042816,0.15517348051071167,0.1845441460609436,-0.05793460085988045,0.16959065198898315,0.09453094005584717,-0.08283291012048721,0.17914652824401855,0.011652469635009766,-0.0990775004029274,0.19338315725326538,0.3390618562698364,-0.03732174634933472,0.20358002185821533,0.22319340705871582,-0.05652512609958649,0.20672327280044556,0.1498907208442688,-0.06029108539223671,0.20383453369140625,0.08038458228111267,-0.0621861033141613
F,0.16920006275177002,0.6621939539909363,6.975977271395095e-07,0.09599083662033081,0.6206257343292236,-0.05444808304309845,0.05150634050369263,0.5258798003196716,-0.08566983044147491,0.07264846563339233,0.4098427891731262,-0.11103992909193039,0.11404788494110107,0.3236471116542816,-0.13062064349651337,0.0,0.37543579936027527,-0.02604198269546032,0.0368538498878479,0.30544546246528625,-0.07875435799360275,0.07594609260559082,0.3279610276222229,-0.1258344054222107,0.10720705986022949,0.3639885485172272,-0.1508495807647705,0.05890685319900513,0.3286413252353668,-0.022605784237384796,0.09389221668243408,0.1879999041557312,-0.04991302639245987,0.11543583869934082,0.09223049879074097,-0.07903517782688141,0.13502877950668335,0.0,-0.10081847012042999,0.12180781364440918,0.3184325397014618,-0.030067957937717438,0.1450318694114685,0.18684935569763184,-0.058858469128608704,0.15698260068893433,0.09794142842292786,-0.08061327785253525,0.16556024551391602,0.015206217765808105,-0.09424775093793869,0.18880528211593628,0.3391515612602234,-0.04308043420314789,0.19341343641281128,0.22148394584655762,-0.06176992878317833,0.19498836994171143,0.14656853675842285,-0.06462754309177399,0.19218450784683228,0.07635605335235596,-0.0655132606625557
F,0.15862399339675903,0.6717572808265686,9.802230351851904e-07,0.08814501762390137,0.6311053037643433,-0.052624404430389404,0.036404967308044434,0.5255841016769409,-0.08167438209056854,0.043729424476623535,0.4041861295700073,-0.10435961931943893,0.07770895957946777,0.31734201312065125,-0.12372491508722305,0.0,0.3777257204055786,-0.03344598412513733,0.05316072702407837,0.26760947704315186,-0.07361795753240585,0.10069620609283447,0.21000367403030396,-0.11147970706224442,0.14116710424423218,0.16075342893600464,-0.1353846788406372,0.05241549015045166,0.3435584604740143,-0.02905000001192093,0.0784563422203064,0.19359052181243896,-0.05497598648071289,0.09469336271286011,0.09315308928489685,-0.07835914194583893,0.10409265756607056,0.0,-0.0952238216996193,0.11149930953979492,0.3371042013168335,-0.033181607723236084,0.12527495622634888,0.19616320729255676,-0.06080019474029541,0.13114482164382935,0.10269826650619507,-0.07599446177482605,0.13205695152282715,0.024029016494750977,-0.08426406979560852,0.17508208751678467,0.35083499550819397,-0.042713187634944916,0.17171621322631836,0.22841495275497437,-0.0634874626994133,0.16859841346740723,0.1495705246925354,-0.06774681061506271,0.16170567274093628,0.08234667778015137,-0.06911611557006836
F,0.17513424158096313,0.6532424688339233,4.326559235323657e-07,0.09938210248947144,0.6264402866363525,-0.039768870919942856,0.027317404747009277,0.5183145403862,-0.058919813483953476,0.0,0.39421892166137695,-0.07708069682121277,0.02600693702697754,0.2966774106025696,-0.09238743782043457,0.02829045057296753,0.39324718713760376,-0.003947401884943247,0.01782393455505371,0.29953882098197937,-0.04844271019101143,0.03353697061538696,0.2993871867656708,-0.088701993227005,0.053111493587493896,0.31215983629226685,-0.11027060449123383,0.07409024238586426,0.3443654775619507,-0.005378162022680044,0.06143534183502197,0.1909254789352417,-0.02863125503063202,0.05764007568359375,0.09721618890762329,-0.05512458458542824,0.057637691497802734,0.012268275022506714,-0.07448308914899826,0.1259356141090393,0.3279414176940918,-0.017308834940195084,0.11138606071472168,0.17894870042800903,-0.04513133689761162,0.10446929931640625,0.08353316783905029,-0.06883902102708817,0.0985184907913208,0.0,-0.08318063616752625,0.1838809847831726,0.33043888211250305,-0.03334555774927139,0.16952353715896606,0.2041490077972412,-0.05183827131986618,0.1620018482208252,0.12285591661930084,-0.05960622802376747,0.15231162309646606,0.050646424293518066,-0.06498703360557556
F,0.18154531717300415,0.6673029363155365,4.2382285414532817e-07,0.10228562355041504,0.6357865631580353,-0.038564283400774,0.03357726335525513,0.5287714898586273,-0.05765875428915024,0.0006151199340820312,0.41131600737571716,-0.07659561187028885,0.0,0.3024875521659851,-0.09249716252088547,0.036639392375946045,0.4035779535770416,0.0019210189348086715,0.006562292575836182,0.3174462616443634,-0.045179836452007294,0.000944674015045166,0.3222847580909729,-0.08775249123573303,0.007707655429840088,0.3436506688594818,-0.10920317471027374,0.07880210876464844,0.3521832227706909,9.051376400748268e-05,0.05384856462478638,0.19374170899391174,-0.02535378932952881,0.040992677211761475,0.09641098976135254,-0.05335133895277977,0.03608977794647217,0.01217031478881836,-0.07227227836847305,0.1297454833984375,0.3355085253715515,-0.012981778010725975,0.10814249515533447,0.1812969148159027,-0.04316641762852669,0.09649604558944702,0.08349883556365967,-0.06780242919921875,0.08659815788269043,0.0,-0.08162539452314377,0.188274085521698,0.3403346538543701,-0.029841523617506027,0.17200738191604614,0.20979830622673035,-0.05047861114144325,0.16194134950637817,0.12687650322914124,-0.0586213581264019,0.14784729480743408,0.05465728044509888,-0.06303781270980835
F,0.19667869806289673,0.6652359366416931,4.2777648445735394e-07,0.11258190870285034,0.6286996006965637,-0.03590149059891701,0.04546886682510376,0.517016589641571,-0.05095641687512398,0.012036025524139404,0.3972284197807312,-0.06553132086992264,0.0,0.2901785969734192,-0.07761060446500778,0.057473182678222656,0.3914338946342468,0.001545314327813685,0.025813519954681396,0.27952706813812256,-0.032217007130384445,0.01950860023498535,0.258854478597641,-0.06369659304618835,0.023176193237304688,0.2475450038909912,-0.08117721229791641,0.0983228087425232,0.34882983565330505,-0.0006324840360321105,0.07047766447067261,0.18594571948051453,-0.019782189279794693,0.055022597312927246,0.09013247489929199,-0.04371791332960129,0.045412302017211914,0.007414281368255615,-0.0612548403441906,0.14509087800979614,0.3364666700363159,-0.012577100656926632,0.12114948034286499,0.17974132299423218,-0.03645903989672661,0.10477089881896973,0.08278700709342957,-0.059608932584524155,0.090426504611969,0.0,-0.07471562176942825,0.1969379186630249,0.34124085307121277,-0.028155125677585602,0.17605531215667725,0.21391528844833374,-0.04625920578837395,0.16525661945343018,0.13275615870952606,-0.05581310763955116,0.15344786643981934,0.061003029346466064,-0.06288907676935196
F,0.21197685599327087,0.6706491112709045,2.7893207743545645e-07,0.12154087424278259,0.6261861324310303,-0.0263268630951643,0.051004379987716675,0.5140941143035889,-0.03868525102734566,0.013787895441055298,0.4006617069244385,-0.05373028293251991,0.0,0.2958991527557373,-0.0661555826663971,0.07189062237739563,0.38443344831466675,0.015897585079073906,0.029325038194656372,0.28269192576408386,-0.02086794562637806,0.012781292200088501,0.2788214683532715,-0.05597435683012009,0.010082453489303589,0.2893272638320923,-0.0744704008102417,0.11258497834205627,0.34054064750671387,0.007964587770402431,0.07770082354545593,0.18198680877685547,-0.011099820025265217,0.054802268743515015,0.08668717741966248,-0.03609578311443329,0.03973618149757385,0.007810533046722412,-0.05404515564441681,0.16207829117774963,0.32770097255706787,-0.009952208027243614,0.1301402747631073,0.17184823751449585,-0.03276798874139786,0.10675784945487976,0.07769015431404114,-0.05368933081626892,0.08652809262275696,0.0,-0.06673679500818253,0.21778598427772522,0.3363274037837982,-0.031198879703879356,0.1908797323703766,0.20747345685958862,-0.046926651149988174,0.1742434799671173,0.12614190578460693,-0.052658967673778534,0.1570015847682953,0.057356446981430054,-0.05630016326904297
F,0.22479519248008728,0.6757520735263824,1.426566882400948e-07,0.1287347972393036,0.6241581737995148,-0.02534736879169941,0.05648675560951233,0.5116725265979767,-0.038491688668727875,0.016475945711135864,0.40551283955574036,-0.055135659873485565,0.0,0.30432841181755066,-0.06903966516256332,0.09344795346260071,0.38349440693855286,0.016782529652118683,0.05115637183189392,0.2954563796520233,-0.026849081739783287,0.03330102562904358,0.3100261986255646,-0.06722351908683777,0.028387218713760376,0.3365989923477173,-0.08751488476991653,0.1358647644519806,0.33888161182403564,0.007094536442309618,0.1015150249004364,0.17850354313850403,-0.014450939372181892,0.07700183987617493,0.08384892344474792,-0.03950495645403862,0.06022396683692932,0.004949301481246948,-0.05699407681822777,0.18750092387199402,0.32377007603645325,-0.013237317092716694,0.15505006909370422,0.16776034235954285,-0.037204671651124954,0.13165637850761414,0.0758729875087738,-0.05506322160363197,0.11051985621452332,0.0,-0.06491515040397644,0.24462857842445374,0.3316435217857361,-0.03728315234184265,0.21487835049629211,0.20148995518684387,-0.05156511813402176,0.1974627673625946,0.12078556418418884,-0.05292647331953049,0.17867258191108704,0.053724080324172974,-0.05275486037135124
F,0.2318730354309082,0.6807125508785248,7.49259214671838e-08,0.1347891092300415,0.6281058490276337,-0.021975921466946602,0.06359314918518066,0.5135379135608673,-0.03358231484889984,0.02075207233428955,0.41013529896736145,-0.05005494877696037,0.0,0.31242695450782776,-0.06419853121042252,0.10517346858978271,0.386475533246994,0.02307078056037426,0.059084296226501465,0.31426864862442017,-0.0245335903018713,0.03699314594268799,0.34314438700675964,-0.06982093304395676,0.03018474578857422,0.3789685070514679,-0.09231829643249512,0.14578330516815186,0.34389159083366394,0.011303369887173176,0.11401724815368652,0.18271902203559875,-0.011034637689590454,0.0902518630027771,0.08512994647026062,-0.036305252462625504,0.0745619535446167,0.005057275295257568,-0.052881479263305664,0.19731956720352173,0.33119529485702515,-0.011721913702785969,0.1642138957977295,0.17240586876869202,-0.036126065999269485,0.13915228843688965,0.07703384757041931,-0.05328598618507385,0.11708217859268188,0.0,-0.06126172095537186,0.25472497940063477,0.34262147545814514,-0.03844602778553963,0.22429358959197998,0.20788738131523132,-0.05148203670978546,0.20549112558364868,0.1254330575466156,-0.050286635756492615,0.1854502558708191,0.05873796343803406,-0.047332167625427246
F,0.23145043849945068,0.6840682327747345,2.65431605583899e-08,0.13836616277694702,0.6270345151424408,-0.018451564013957977,0.06961369514465332,0.5102283656597137,-0.027656199410557747,0.025011122226715088,0.40843597054481506,-0.04251875355839729,0.0,0.31188300251960754,-0.05544569715857506,0.11171239614486694,0.39041587710380554,0.027558762580156326,0.06900012493133545,0.3151402473449707,-0.01753798872232437,0.04323238134384155,0.3328641355037689,-0.06078429892659187,0.03039640188217163,0.36074474453926086,-0.0823260247707367,0.14984440803527832,0.34724870324134827,0.013967534527182579,0.11435830593109131,0.18690475821495056,-0.010056577622890472,0.08731639385223389,0.09111875295639038,-0.03602585569024086,0.06772875785827637,0.013855129480361938,-0.0520021952688694,0.1994956135749817,0.33131906390190125,-0.010474964044988155,0.16458874940872192,0.17094740271568298,-0.037491511553525925,0.13870394229888916,0.07559606432914734,-0.056077081710100174,0.11459583044052124,0.0,-0.06370247155427933,0.2547873854637146,0.33849504590034485,-0.03805441036820412,0.22309714555740356,0.20313811302185059,-0.052958469837903976,0.20326876640319824,0.12034261226654053,-0.05281846225261688,0.18064433336257935,0.05482125282287598,-0.05002696439623833
F,0.23324036598205566,0.6919647753238678,-1.8900013998290888e-08,0.14125150442123413,0.6323942840099335,-0.01514583919197321,0.07173609733581543,0.5097223818302155,-0.021234212443232536,0.026250839233398438,0.40821418166160583,-0.033679381012916565,0.0,0.3134353458881378,-0.044122710824012756,0.11887943744659424,0.3869679868221283,0.03364655375480652,0.07384145259857178,0.3121037185192108,-0.008942782878875732,0.04587346315383911,0.33223846554756165,-0.05014787241816521,0.031973421573638916,0.362239271402359,-0.07043631374835968,0.15548914670944214,0.34536275267601013,0.019265495240688324,0.11728304624557495,0.18791624903678894,-0.0030328487046062946,0.08942246437072754,0.09354931116104126,-0.027084967121481895,0.0688665509223938,0.016781270503997803,-0.04158782958984375,0.20368123054504395,0.33114972710609436,-0.006100854370743036,0.1672993302345276,0.17233356833457947,-0.032093457877635956,0.14062625169754028,0.0761694610118866,-0.04986216872930527,0.11563146114349365,0.0,-0.05661429837346077,0.25685983896255493,0.3387182056903839,-0.03450796380639076,0.2239270806312561,0.2020726501941681,-0.04900415241718292,0.2028965950012207,0.11804807186126709,-0.04930882528424263,0.1786782145500183,0.05083617568016052,-0.0466572567820549
F,0.2358686923980713,0.6885175704956055,-4.93478395924285e-08,0.14560675621032715,0.6272701621055603,-0.013814354315400124,0.07482463121414185,0.5028666257858276,-0.018360480666160583,0.026832103729248047,0.4032708406448364,-0.02953399159014225,0.0,0.30844634771347046,-0.038773756474256516,0.12577277421951294,0.3816518187522888,0.038290832191705704,0.08030366897583008,0.3104707598686218,-0.001302438206039369,0.048232316970825195,0.32521116733551025,-0.04107930511236191,0.02939218282699585,0.3489726185798645,-0.06093830242753029,0.16129392385482788,0.3403487801551819,0.023593632504343987,0.12336164712905884,0.1866130828857422,0.0037056035362184048,0.09437012672424316,0.09378647804260254,-0.01912863366305828,0.07234424352645874,0.018321633338928223,-0.032970551401376724,0.2074546217918396,0.32572680711746216,-0.002193315653130412,0.1719493269920349,0.17070502042770386,-0.026859236881136894,0.1444900631904602,0.07523223757743835,-0.04424550384283066,0.11863929033279419,0.0,-0.05077420175075531,0.2572946548461914,0.3325169086456299,-0.0310555100440979,0.2231433391571045,0.1977524757385254,-0.045188430696725845,0.20192694664001465,0.1156497597694397,-0.04563196003437042,0.1770598292350769,0.04975581169128418,-0.04319031164050102
F,0.22943130135536194,0.6833496391773224,-1.1593125748277089e-07,0.14256015419960022,0.6237700283527374,-0.014939133077859879,0.07169881463050842,0.49882516264915466,-0.021199362352490425,0.02304777503013611,0.40253230929374695,-0.033792976289987564,0.0,0.308445006608963,-0.04425891488790512,0.12426450848579407,0.3730120360851288,0.03197123110294342,0.077330082654953,0.3012595474720001,-0.012503057718276978,0.045520633459091187,0.32770678400993347,-0.054640792310237885,0.03027758002281189,0.36346110701560974,-0.07465684413909912,0.15959742665290833,0.334076851606369,0.018012212589383125,0.12008276581764221,0.1822761595249176,-0.001785771339200437,0.0907042920589447,0.09195560216903687,-0.022562863305211067,0.06858983635902405,0.018217772245407104,-0.03513926640152931,0.20570769906044006,0.3222956955432892,-0.00725893210619688,0.16843345761299133,0.1685514748096466,-0.030631206929683685,0.1409425437450409,0.07483458518981934,-0.0453527569770813,0.11534282565116882,0.0,-0.05034144967794418,0.254026859998703,0.3323586881160736,-0.03586925193667412,0.2187216579914093,0.1976960301399231,-0.04896557331085205,0.1971607506275177,0.11669003963470459,-0.04777643829584122,0.172800213098526,0.051566898822784424,-0.043954912573099136
F,0.22614610195159912,0.6800337433815002,-1.6915450373744534e-07,0.13934195041656494,0.6145083904266357,-0.011648404411971569,0.0710439682006836,0.49172675609588623,-0.01707707718014717,0.02383524179458618,0.3985669016838074,-0.029439305886626244,0.0,0.30613142251968384,-0.03993107005953789,0.13079476356506348,0.36547982692718506,0.03414259850978851,0.08000123500823975,0.2957705855369568,-0.009583516046404839,0.042735755443573,0.32581406831741333,-0.05175578221678734,0.02333676815032959,0.3619012236595154,-0.07196664810180664,0.1651509404182434,0.329720139503479,0.018548082560300827,0.12460184097290039,0.17939218878746033,-0.0005662821931764483,0.09394848346710205,0.09027916193008423,-0.02085225284099579,0.07070493698120117,0.016882002353668213,-0.033155154436826706,0.2098279595375061,0.3209083080291748,-0.008016428910195827,0.17322051525115967,0.16747349500656128,-0.030446287244558334,0.14543235301971436,0.07456296682357788,-0.04368202015757561,0.12000077962875366,0.0,-0.0476553849875927,0.2556493282318115,0.3337608575820923,-0.03772902116179466,0.2191253900527954,0.1997244954109192,-0.050166089087724686,0.19688355922698975,0.11883705854415894,-0.047566939145326614,0.1722257137298584,0.05429598689079285,-0.042483966797590256
F,0.2248278558254242,0.6837234199047089,-1.7822058850924805e-07,0.13307276368141174,0.6140038073062897,-0.0068668946623802185,0.06672337651252747,0.4960493743419647,-0.012447045184671879,0.021408826112747192,0.4045664966106415,-0.026836492121219635,0.0,0.3127302825450897,-0.039270754903554916,0.12241050601005554,0.37219056487083435,0.04053833708167076,0.07184800505638123,0.29585984349250793,-0.00505285756662488,0.03931465744972229,0.3268387019634247,-0.047518983483314514,0.024859219789505005,0.36713239550590515,-0.06698960810899734,0.15662029385566711,0.33842167258262634,0.02254432626068592,0.1157061755657196,0.1859275996685028,0.0017255862476304173,0.08420071005821228,0.09569251537322998,-0.01941053755581379,0.05926600098609924,0.019548147916793823,-0.03169923275709152,0.20155319571495056,0.3279952108860016,-0.006467070430517197,0.15990415215492249,0.1725194752216339,-0.028659919276833534,0.12948355078697205,0.07746073603630066,-0.041967447847127914,0.10277214646339417,0.0,-0.04596071317791939,0.24827077984809875,0.3366282284259796,-0.03844316303730011,0.20950379967689514,0.20160025358200073,-0.04893707111477852,0.18623694777488708,0.12062603235244751,-0.04579279571771622,0.1619689166545868,0.05413395166397095,-0.040451306849718094
F,0.2167048454284668,0.6774818301200867,-1.9950792307099618e-07,0.12699824571609497,0.6110060214996338,-0.004706100560724735,0.06285226345062256,0.49475234746932983,-0.007622170727699995,0.01747792959213257,0.40677839517593384,-0.01959584653377533,0.0,0.32064753770828247,-0.029699454084038734,0.11613708734512329,0.37059473991394043,0.045089419931173325,0.0701589584350586,0.29651492834091187,0.0006798568065278232,0.03712880611419678,0.3248863220214844,-0.0411064587533474,0.0213775634765625,0.3644198179244995,-0.05988996848464012,0.14991730451583862,0.33478736877441406,0.02706265076994896,0.11070919036865234,0.1852976679801941,0.007211395539343357,0.07881021499633789,0.09676459431648254,-0.012927231378853321,0.0525285005569458,0.022491872310638428,-0.024262741208076477,0.19459354877471924,0.32190096378326416,-0.0019553357269614935,0.15571624040603638,0.16972744464874268,-0.022618399932980537,0.12623673677444458,0.07573142647743225,-0.03481248766183853,0.09886980056762695,0.0,-0.038033582270145416,0.24010324478149414,0.32870006561279297,-0.03391917422413826,0.2030785083770752,0.1952534317970276,-0.04228958114981651,0.18033885955810547,0.11604392528533936,-0.03776772692799568,0.15595579147338867,0.05179840326309204,-0.03156732767820358
F,0.2123212218284607,0.6789083480834961,-2.1083907597585494e-07,0.12428194284439087,0.61121666431427,-0.00444123987108469,0.06407105922698975,0.4956820011138916,-0.007317677140235901,0.019113004207611084,0.41268986463546753,-0.01918509230017662,0.0,0.32964956760406494,-0.028758950531482697,0.11871081590652466,0.36873024702072144,0.04437398910522461,0.07284754514694214,0.2935097813606262,-0.0008395489421673119,0.03876370191574097,0.3287532329559326,-0.04331232234835625,0.021522998809814453,0.37345731258392334,-0.06222541257739067,0.15195542573928833,0.33432382345199585,0.026659049093723297,0.11494934558868408,0.1842879056930542,0.006984049454331398,0.08398270606994629,0.09738308191299438,-0.012559231370687485,0.05782264471054077,0.02318701148033142,-0.023211702704429626,0.19603031873703003,0.32195019721984863,-0.0019591040909290314,0.15849506855010986,0.1702345609664917,-0.02112683840095997,0.12966066598892212,0.07669547200202942,-0.03152457997202873,0.10254043340682983,0.0,-0.033444248139858246,0.2402607798576355,0.32899296283721924,-0.033708564937114716,0.20461583137512207,0.19570255279541016,-0.040101923048496246,0.18268471956253052,0.11774066090583801,-0.033470816910266876,0.15907162427902222,0.053825557231903076,-0.02550336718559265
F,0.21575617790222168,0.6834791898727417,-2.454908383242582e-07,0.12887221574783325,0.6098307371139526,0.0011055190116167068,0.06995832920074463,0.4900534749031067,0.00030535791302099824,0.024371802806854248,0.40761590003967285,-0.01023959368467331,0.0,0.326416552066803,-0.01889091171324253,0.13105297088623047,0.36935293674468994,0.04469675198197365,0.07921290397644043,0.29541850090026855,-9.206329559674487e-05,0.039110660552978516,0.33329516649246216,-0.04214959591627121,0.018845081329345703,0.38066065311431885,-0.06051520258188248,0.16290676593780518,0.3386549949645996,0.024988846853375435,0.12474751472473145,0.1859341263771057,0.006395407021045685,0.093547523021698,0.0973166823387146,-0.010759669356048107,0.06809407472610474,0.022208869457244873,-0.019478842616081238,0.20572173595428467,0.32905519008636475,-0.004928301554173231,0.1679161787033081,0.17293626070022583,-0.02258879318833351,0.13884884119033813,0.0772276520729065,-0.030337775126099586,0.11317873001098633,0.0,-0.030245672911405563,0.24774032831192017,0.3376331925392151,-0.03750629723072052,0.21111845970153809,0.20159798860549927,-0.042607810348272324,0.18937689065933228,0.12272503972053528,-0.03392038494348526,0.16744565963745117,0.05947142839431763,-0.024155883118510246
F,0.2166615128517151,0.6857342720031738,-2.5682953719297075e-07,0.12548083066940308,0.6057066321372986,0.0016647090669721365,0.06635457277297974,0.48508429527282715,0.0011059355456382036,0.021717965602874756,0.395349383354187,-0.010205896571278572,0.0,0.30581438541412354,-0.01881684921681881,0.1307423710823059,0.3723655939102173,0.054671842604875565,0.0845375657081604,0.29236137866973877,0.011438611894845963,0.04606044292449951,0.3269028663635254,-0.029817890375852585,0.024888992309570312,0.37342703342437744,-0.047624263912439346,0.1616707444190979,0.342415988445282,0.03475886583328247,0.12304455041885376,0.19007891416549683,0.018063949421048164,0.09023135900497437,0.10127407312393188,0.0009487068164162338,0.062333106994628906,0.02556338906288147,-0.007946174591779709,0.2037109136581421,0.3305659294128418,0.003758525475859642,0.16399157047271729,0.17480844259262085,-0.011902245692908764,0.13432174921035767,0.07809910178184509,-0.0194750614464283,0.1072167158126831,0.0,-0.019669799134135246,0.24664431810379028,0.33476001024246216,-0.030250657349824905,0.2117929458618164,0.19975614547729492,-0.0331631638109684,0.19017457962036133,0.12109780311584473,-0.024489346891641617,0.16717416048049927,0.05807581543922424,-0.015228529460728168
F,0.2237025499343872,0.6843319535255432,-2.6645565753824485e-07,0.13331907987594604,0.6044390201568604,0.0022789158392697573,0.07194119691848755,0.4778316020965576,0.0029043161775916815,0.023194730281829834,0.3833022713661194,-0.0069334544241428375,0.0,0.2890753746032715,-0.013902307488024235,0.14165866374969482,0.36829137802124023,0.056499090045690536,0.09394186735153198,0.28716981410980225,0.014590740203857422,0.05283242464065552,0.3232839107513428,-0.02555886283516884,0.031464338302612305,0.3711152672767639,-0.042491741478443146,0.174655020236969,0.33931952714920044,0.037267055362463,0.13721156120300293,0.1868787407875061,0.023655937984585762,0.10422009229660034,0.09885409474372864,0.009570865891873837,0.07682204246520996,0.02471676468849182,0.0022629143204540014,0.21659433841705322,0.32859092950820923,0.006721549201756716,0.18024492263793945,0.17175471782684326,-0.006497157737612724,0.15078914165496826,0.07633769512176514,-0.01056685671210289,0.12413358688354492,0.0,-0.008589730598032475,0.25661909580230713,0.3337847590446472,-0.026880702003836632,0.21808010339736938,0.19733715057373047,-0.0288323312997818,0.19484084844589233,0.11996334791183472,-0.018355390056967735,0.17110717296600342,0.058962076902389526,-0.007636990863829851
F,0.22084790468215942,0.6919184029102325,-2.6676582365325885e-07,0.13058191537857056,0.6104725897312164,0.004686012398451567,0.07175415754318237,0.48196032643318176,0.005723476409912109,0.024648547172546387,0.38577112555503845,-0.0045235310681164265,0.0,0.2906542718410492,-0.012152877636253834,0.14416831731796265,0.3731197416782379,0.058704689145088196,0.09377026557922363,0.29290083050727844,0.016956401988863945,0.0499497652053833,0.3267810046672821,-0.023292073979973793,0.02804964780807495,0.3736872971057892,-0.040316805243492126,0.17612731456756592,0.3452724516391754,0.03806867077946663,0.13903582096099854,0.19037571549415588,0.02545623667538166,0.10583579540252686,0.1008400022983551,0.01221113745123148,0.07927501201629639,0.024846404790878296,0.005514401011168957,0.21797776222229004,0.3356809914112091,0.006239875219762325,0.1823596954345703,0.1754334568977356,-0.005660570226609707,0.15307044982910156,0.07797792553901672,-0.008633216843008995,0.12772727012634277,0.0,-0.006203264929354191,0.25810056924819946,0.34203431010246277,-0.028602750971913338,0.2235824465751648,0.20406284928321838,-0.029917508363723755,0.20185887813568115,0.12435081601142883,-0.019027311354875565,0.1796533465385437,0.06068739295005798,-0.008021950721740723
F,0.224683940410614,0.6977442502975464,-2.4070899939943047e-07,0.13257044553756714,0.6162468791007996,-0.00035882319207303226,0.07196718454360962,0.4875301122665405,-0.0020668478682637215,0.024554431438446045,0.3891468644142151,-0.01451603788882494,0.0,0.2916352152824402,-0.02361179329454899,0.1434122920036316,0.3768998980522156,0.055836569517850876,0.09398496150970459,0.29201656579971313,0.013505165465176105,0.052131831645965576,0.3330313563346863,-0.02696831338107586,0.03185617923736572,0.38519859313964844,-0.044255759567022324,0.17527616024017334,0.34907639026641846,0.03694375604391098,0.1390710473060608,0.19328773021697998,0.02420961670577526,0.10661846399307251,0.10173025727272034,0.010180573910474777,0.0814092755317688,0.023268818855285645,0.0024602736812084913,0.2168218493461609,0.34029972553253174,0.006241985131055117,0.18055778741836548,0.18058818578720093,-0.006321065593510866,0.15186291933059692,0.08042314648628235,-0.01117032952606678,0.12711846828460693,0.0,-0.010504486039280891,0.258186399936676,0.3466798663139343,-0.027918420732021332,0.22682160139083862,0.20871073007583618,-0.030520807951688766,0.2070046067237854,0.12715479731559753,-0.021520663052797318,0.1859344244003296,0.06105673313140869,-0.012200052849948406
F,0.22427362203598022,0.6968551874160767,-2.3103858382000908e-07,0.1319524645805359,0.6139146685600281,0.0025341513101011515,0.07184499502182007,0.4842628836631775,0.0024586240760982037,0.02481865882873535,0.3854621648788452,-0.008900138549506664,0.0,0.2887642979621887,-0.017202286049723625,0.14189302921295166,0.3753274083137512,0.059405747801065445,0.09230250120162964,0.2913944721221924,0.018350381404161453,0.05068331956863403,0.3291982412338257,-0.020905345678329468,0.03116816282272339,0.37946170568466187,-0.03715801611542702,0.17464691400527954,0.3469204306602478,0.039425406605005264,0.1384185552597046,0.1910496950149536,0.02808978036046028,0.10644775629043579,0.10038983821868896,0.015989387407898903,0.08134353160858154,0.023608803749084473,0.009863668121397495,0.21645283699035645,0.33769214153289795,0.0076864552684128284,0.18206077814102173,0.17726251482963562,-0.003556274576112628,0.1539437174797058,0.07831278443336487,-0.006471535656601191,0.12941217422485352,0.0,-0.004278142470866442,0.2571588158607483,0.3440365791320801,-0.027377324178814888,0.2249295711517334,0.20556598901748657,-0.02876506932079792,0.20447194576263428,0.12471213936805725,-0.018488721922039986,0.18312996625900269,0.060594797134399414,-0.00807731319218874
F,0.2230013608932495,0.700082391500473,-2.3482348865400127e-07,0.13417059183120728,0.6146034300327301,-0.002330219140276313,0.07458436489105225,0.48334166407585144,-0.005421745590865612,0.026485025882720947,0.38367077708244324,-0.01875968649983406,0.0,0.2851046025753021,-0.029190566390752792,0.14541804790496826,0.3748783767223358,0.04962379112839699,0.09326833486557007,0.2918008267879486,0.005153406877070665,0.050101280212402344,0.33513328433036804,-0.036070745438337326,0.031134366989135742,0.38890400528907776,-0.05349483713507652,0.17805498838424683,0.34688493609428406,0.03171825036406517,0.14210611581802368,0.19089725613594055,0.01835525408387184,0.10975873470306396,0.0998985767364502,0.005653977394104004,0.08504772186279297,0.02221086621284485,-0.0011713821440935135,0.22040659189224243,0.33945146203041077,0.0021085753105580807,0.18499791622161865,0.17772391438484192,-0.010778299532830715,0.15686815977096558,0.07843291759490967,-0.013519166968762875,0.1324986219406128,0.0,-0.011225203052163124,0.26167285442352295,0.34831157326698303,-0.031113898381590843,0.2297675609588623,0.20817002654075623,-0.0342947319149971,0.2103390097618103,0.12534043192863464,-0.02441551350057125,0.18960469961166382,0.05935820937156677,-0.014102146960794926
F,0.2275930941104889,0.703027755022049,-2.7005810920854856e-07,0.13589408993721008,0.6173708140850067,0.0013173415791243315,0.07503071427345276,0.48553726077079773,0.000937359465751797,0.02637442946434021,0.38626769185066223,-0.010600139386951923,0.0,0.2872777283191681,-0.018824482336640358,0.1484299600124359,0.3743792474269867,0.05905511602759361,0.09909096360206604,0.2907196581363678,0.01716708019375801,0.055807918310165405,0.332498162984848,-0.023648148402571678,0.03407958149909973,0.3845392167568207,-0.041344303637742996,0.1799185574054718,0.34822311997413635,0.039270248264074326,0.14436259865760803,0.19181537628173828,0.027096426114439964,0.1112770140171051,0.1012926995754242,0.01292431354522705,0.0850915014743805,0.023346930742263794,0.004799592774361372,0.2216016948223114,0.3412967026233673,0.00762705085799098,0.1869145929813385,0.17926982045173645,-0.004478944931179285,0.15786460041999817,0.07958683371543884,-0.009124294854700565,0.13223406672477722,0.0,-0.008416444063186646,0.2625223696231842,0.34911611676216125,-0.027426155284047127,0.2310049831867218,0.2086275815963745,-0.029375368729233742,0.2105788290500641,0.12635919451713562,-0.019959766417741776,0.18877509236335754,0.06003737449645996,-0.010513337329030037
F,0.22432976961135864,0.7084813117980957,-2.6898402438746416e-07,0.13410812616348267,0.6217924356460571,0.0012341297697275877,0.07451742887496948,0.4893243908882141,0.0005359000060707331,0.02637428045272827,0.390541136264801,-0.011141514405608177,0.0,0.2922782003879547,-0.019888125360012054,0.14694851636886597,0.380090594291687,0.055223993957042694,0.09381288290023804,0.29572030901908875,0.011869627982378006,0.05015653371810913,0.3390565514564514,-0.029544947668910027,0.02972412109375,0.3925195336341858,-0.047225773334503174,0.1787438988685608,0.3521850109100342,0.035819120705127716,0.14175444841384888,0.19403135776519775,0.022669360041618347,0.10785996913909912,0.10238257050514221,0.008423633873462677,0.08170276880264282,0.023784279823303223,0.000601540261413902,0.22095412015914917,0.34445393085479736,0.004887783899903297,0.18437528610229492,0.180683434009552,-0.007440254557877779,0.15486878156661987,0.08006829023361206,-0.011732921935617924,0.12952780723571777,0.0,-0.01056088786572218,0.26229792833328247,0.35256022214889526,-0.029370678588747978,0.23025107383728027,0.21077769994735718,-0.031072132289409637,0.21021705865859985,0.12747329473495483,-0.021085798740386963,0.18884390592575073,0.060364216566085815,-0.010975298471748829
F,0.22459226846694946,0.7104926109313965,-2.863473582692677e-07,0.1339166760444641,0.6222825050354004,0.0016627247678115964,0.07408738136291504,0.4897543787956238,0.0014400628861039877,0.026821017265319824,0.39070039987564087,-0.009758634492754936,0.0,0.2923206686973572,-0.017862388864159584,0.14642906188964844,0.3804301619529724,0.0560762919485569,0.09412717819213867,0.29487574100494385,0.012860866263508797,0.05030423402786255,0.3398791551589966,-0.028972147032618523,0.028809189796447754,0.3951539993286133,-0.04705600067973137,0.17817199230194092,0.35342371463775635,0.03651469573378563,0.1419162154197693,0.19416749477386475,0.023305129259824753,0.10823523998260498,0.10252523422241211,0.007928915321826935,0.08203983306884766,0.023502856492996216,-0.0009659734205342829,0.2207774519920349,0.34600961208343506,0.005490506533533335,0.1847042441368103,0.18110966682434082,-0.006999226752668619,0.1551116704940796,0.08048287034034729,-0.012609983794391155,0.12921786308288574,0.0,-0.012557375244796276,0.26307862997055054,0.35379284620285034,-0.028761105611920357,0.2310802936553955,0.21180099248886108,-0.030389292165637016,0.2109215259552002,0.12840327620506287,-0.02081497386097908,0.1890467405319214,0.06059005856513977,-0.011251081712543964
F,0.2206898033618927,0.7065962553024292,-2.671789616215392e-07,0.1316479742527008,0.6163918972015381,0.0017825168324634433,0.07360288500785828,0.4860597848892212,1.156179769168375e-05,0.025760680437088013,0.3891591429710388,-0.013152829371392727,0.0,0.292373925447464,-0.023428576067090034,0.1461036503314972,0.3749702572822571,0.05522585287690163,0.08975335955619812,0.2924225926399231,0.010908660478889942,0.04625716805458069,0.3407335877418518,-0.031494155526161194,0.02881661057472229,0.3993632197380066,-0.04963397979736328,0.17625692486763,0.34762513637542725,0.03604660928249359,0.13821610808372498,0.1918635368347168,0.02393343299627304,0.10479822754859924,0.10124942660331726,0.010572602041065693,0.0792982280254364,0.022244900465011597,0.0029804641380906105,0.21722820401191711,0.33960485458374023,0.005307591054588556,0.18021497130393982,0.17783355712890625,-0.005413512233644724,0.15137222409248352,0.07942742109298706,-0.008008740842342377,0.12688502669334412,0.0,-0.006280174944549799,0.2569751441478729,0.34824103116989136,-0.028883595019578934,0.22533467411994934,0.20984727144241333,-0.029302600771188736,0.20648667216300964,0.12814313173294067,-0.018178211525082588,0.18711110949516296,0.06188994646072388,-0.007468883413821459
F,0.21773099899291992,0.7037995457649231,-2.6612372039380716e-07,0.1267293095588684,0.617300271987915,0.0019754688255488873,0.06876474618911743,0.4908348321914673,0.0006213057786226273,0.024143636226654053,0.3979617953300476,-0.012136345729231834,0.0,0.3055136799812317,-0.021953295916318893,0.1384945511817932,0.3764200806617737,0.05664199963212013,0.08850288391113281,0.29344630241394043,0.01281573437154293,0.04567629098892212,0.3348842263221741,-0.029616346582770348,0.023516356945037842,0.3878071904182434,-0.047908615320920944,0.16839110851287842,0.34964829683303833,0.03639688342809677,0.13317203521728516,0.19248700141906738,0.022247903048992157,0.10063105821609497,0.10138511657714844,0.006356282625347376,0.07463330030441284,0.021804124116897583,-0.0024678800255060196,0.20970672369003296,0.3413621187210083,0.004652255214750767,0.17526620626449585,0.17886602878570557,-0.008634600788354874,0.14691603183746338,0.07979834079742432,-0.014582780189812183,0.12188035249710083,0.0,-0.014464405365288258,0.25102096796035767,0.34860897064208984,-0.030355308204889297,0.22097861766815186,0.20889347791671753,-0.03194399178028107,0.20272034406661987,0.12694051861763,-0.022222358733415604,0.18320786952972412,0.06001940369606018,-0.012521110475063324
F,0.2135080099105835,0.7008111476898193,-2.513468757570081e-07,0.12312805652618408,0.617557942867279,0.0006558623281307518,0.06786990165710449,0.4930068850517273,-0.0019204587442800403,0.023834943771362305,0.4008733034133911,-0.015493003651499748,0.0,0.3092584013938904,-0.026372425258159637,0.1348370909690857,0.37543153762817383,0.0513186939060688,0.07912987470626831,0.29497674107551575,0.006345290224999189,0.03589165210723877,0.3422791361808777,-0.03610377386212349,0.017791688442230225,0.39998936653137207,-0.054065048694610596,0.1639927625656128,0.3462953567504883,0.03264734894037247,0.12623542547225952,0.19124281406402588,0.01908988133072853,0.09234434366226196,0.10174226760864258,0.005021205637603998,0.06614041328430176,0.02291470766067505,-0.002552617806941271,0.20473521947860718,0.33676546812057495,0.002721766009926796,0.1674620509147644,0.17637133598327637,-0.009693890810012817,0.13846510648727417,0.07894015312194824,-0.013785345479846,0.11412936449050903,0.0,-0.012605203315615654,0.24441826343536377,0.3445581793785095,-0.030551128089427948,0.21326756477355957,0.2071303129196167,-0.03184656798839569,0.19492673873901367,0.12627682089805603,-0.021428266540169716,0.17638975381851196,0.05993172526359558,-0.010979073122143745
F,0.21294516324996948,0.6998316645622253,-2.6128117269763607e-07,0.12193912267684937,0.6213894486427307,-0.0007391024846583605,0.06596803665161133,0.4968980550765991,-0.0028743429575115442,0.023196160793304443,0.4079352617263794,-0.01552197989076376,0.0,0.32106155157089233,-0.025431538000702858,0.1312541365623474,0.37728583812713623,0.049538541585206985,0.07782387733459473,0.29445943236351013,0.005071285180747509,0.0349886417388916,0.3387983441352844,-0.03716941177845001,0.014102280139923096,0.3939352035522461,-0.055155862122774124,0.1601371169090271,0.34777241945266724,0.031239613890647888,0.12388741970062256,0.19224435091018677,0.01644439809024334,0.09070909023284912,0.1025901734828949,0.0004688891931436956,0.06422567367553711,0.02422022819519043,-0.00826338678598404,0.20088261365890503,0.33780646324157715,0.0017870820593088865,0.164686918258667,0.1769852638244629,-0.012102260254323483,0.13578587770462036,0.07913866639137268,-0.019235076382756233,0.11060220003128052,0.0,-0.019928019493818283,0.24175745248794556,0.3446904420852661,-0.03095044568181038,0.21159476041793823,0.20605939626693726,-0.03310137987136841,0.1937340497970581,0.12462639808654785,-0.024310287088155746,0.1748027205467224,0.057962775230407715,-0.015231138095259666
F,0.21137768030166626,0.7012501060962677,-2.409744013220916e-07,0.12098133563995361,0.6185435950756073,0.004307806957513094,0.06742984056472778,0.4949440062046051,0.0036117208655923605,0.02362191677093506,0.40620431303977966,-0.008808424696326256,0.0,0.31781843304634094,-0.018903492018580437,0.13473349809646606,0.37534406781196594,0.055999916046857834,0.07984262704849243,0.295582115650177,0.012903840281069279,0.03757280111312866,0.3387897312641144,-0.02906692400574684,0.019917607307434082,0.3925987184047699,-0.04694434255361557,0.16332310438156128,0.34641608595848083,0.035563819110393524,0.12545382976531982,0.19102635979652405,0.023713307455182076,0.0919649600982666,0.10093316435813904,0.009796656668186188,0.06568700075149536,0.02212470769882202,0.002133887493982911,0.20330995321273804,0.3359610140323639,0.004153446294367313,0.16569650173187256,0.17628920078277588,-0.006145339459180832,0.13679033517837524,0.07887470722198486,-0.00998084805905819,0.11292576789855957,0.0,-0.00908613670617342,0.24214643239974976,0.3421032130718231,-0.03046855702996254,0.21082884073257446,0.20458808541297913,-0.029819391667842865,0.19265425205230713,0.1244167685508728,-0.018574805930256844,0.17468756437301636,0.05880787968635559,-0.007914862595498562
F,0.2094733715057373,0.6989243626594543,-2.841310333678848e-07,0.11830639839172363,0.6208881735801697,0.002547681797295809,0.06310856342315674,0.49903666973114014,0.001975475111976266,0.021603405475616455,0.4132142663002014,-0.009728732518851757,0.0,0.3294706344604492,-0.01884961873292923,0.12767112255096436,0.3737311363220215,0.05302443727850914,0.07461732625961304,0.2929680049419403,0.008734198287129402,0.031842052936553955,0.3370654582977295,-0.03424127772450447,0.010413587093353271,0.3918524384498596,-0.05275856703519821,0.15578854084014893,0.34453946352005005,0.03346330672502518,0.12043201923370361,0.18934360146522522,0.01926264539361,0.08712446689605713,0.10067251324653625,0.003095387015491724,0.060101091861724854,0.022780925035476685,-0.005822493229061365,0.19600683450698853,0.3342221975326538,0.003027471713721752,0.1613263487815857,0.17324554920196533,-0.009772969409823418,0.1326296329498291,0.07772129774093628,-0.016139285638928413,0.10766065120697021,0.0,-0.016475265845656395,0.23578381538391113,0.34066909551620483,-0.030548211187124252,0.2067188024520874,0.20379731059074402,-0.031573183834552765,0.18889933824539185,0.12411686778068542,-0.02178896591067314,0.17022937536239624,0.0580899715423584,-0.012003093957901001
F,0.19888263940811157,0.7020948827266693,-2.3233279478063196e-07,0.11048638820648193,0.6159274280071259,0.004651503171771765,0.0602419376373291,0.49627485871315,0.0030387912411242723,0.020336151123046875,0.4104958474636078,-0.010548328049480915,0.0,0.32548341155052185,-0.021941473707556725,0.1262151002883911,0.3774130642414093,0.055368367582559586,0.0733036994934082,0.296840101480484,0.012149251066148281,0.030554533004760742,0.3415500819683075,-0.029996711760759354,0.012016892433166504,0.3955954611301422,-0.04822906106710434,0.15415412187576294,0.3495669662952423,0.0342196449637413,0.11763548851013184,0.19268399477005005,0.02139309048652649,0.08514750003814697,0.10144349932670593,0.0061792428605258465,0.05953162908554077,0.021078944206237793,-0.0025730126071721315,0.19372421503067017,0.33944758772850037,0.00223213410936296,0.15717166662216187,0.177372008562088,-0.009676680900156498,0.12912172079086304,0.07887089252471924,-0.015648657456040382,0.10563486814498901,0.0,-0.01615898311138153,0.23334866762161255,0.34506502747535706,-0.03272959217429161,0.203887939453125,0.2056540548801422,-0.03348514810204506,0.18706858158111572,0.1234029233455658,-0.023771151900291443,0.16968339681625366,0.056407004594802856,-0.014321199618279934
F,0.20777833461761475,0.7015378177165985,-2.383931416716223e-07,0.1170453429222107,0.6172283589839935,0.003090656129643321,0.06371283531188965,0.4955127537250519,0.0017478691879659891,0.022316932678222656,0.40768709778785706,-0.011415166780352592,0.0,0.31928929686546326,-0.021952493116259575,0.12883347272872925,0.3771694004535675,0.05772494897246361,0.07769566774368286,0.29206788539886475,0.015064310282468796,0.03459674119949341,0.33432266116142273,-0.026867080479860306,0.012720823287963867,0.38887766003608704,-0.04479480907320976,0.15768563747406006,0.34832367300987244,0.037384822964668274,0.12303745746612549,0.1917380392551422,0.024735039100050926,0.09097468852996826,0.10031172633171082,0.008881264366209507,0.0658499002456665,0.0207139253616333,-2.9217213523224927e-05,0.19827526807785034,0.3385528028011322,0.0057540168054401875,0.16408264636993408,0.17701581120491028,-0.0067154900170862675,0.13605529069900513,0.07850071787834167,-0.013693981803953648,0.11229526996612549,0.0,-0.014414919540286064,0.23819822072982788,0.3450638949871063,-0.02900746278464794,0.20827347040176392,0.20751872658729553,-0.03081635944545269,0.19002360105514526,0.12541642785072327,-0.022099535912275314,0.1709733009338379,0.05828133225440979,-0.013046296313405037
F,0.2069302201271057,0.7001508474349976,-2.149802185158478e-07,0.11916512250900269,0.6138553619384766,0.0008490905165672302,0.06509548425674438,0.4886283874511719,-0.0016035179141908884,0.021191954612731934,0.39775967597961426,-0.015076099894940853,0.0,0.30827704071998596,-0.026197584345936775,0.129377543926239,0.3713470697402954,0.050688549876213074,0.07873433828353882,0.28894758224487305,0.005553247407078743,0.03813570737838745,0.3329498767852783,-0.036853574216365814,0.02147287130355835,0.38781410455703735,-0.054785095155239105,0.16107428073883057,0.3430154323577881,0.031475260853767395,0.12783610820770264,0.1861761212348938,0.01766069233417511,0.09654450416564941,0.09474846720695496,0.0038031188305467367,0.07199227809906006,0.014931470155715942,-0.0034136015456169844,0.2038918137550354,0.33551955223083496,0.001093564205802977,0.1712598204612732,0.17489606142044067,-0.011372067034244537,0.1445714235305786,0.07769450545310974,-0.014901211485266685,0.12142997980117798,0.0,-0.013019979000091553,0.24575650691986084,0.34570908546447754,-0.032695405185222626,0.2175118327140808,0.20608305931091309,-0.03451450914144516,0.19972825050354004,0.12426450848579407,-0.023809868842363358,0.18129730224609375,0.0581572949886322,-0.012796299532055855
F,0.20595401525497437,0.6992706954479218,-2.259983489238948e-07,0.11759090423583984,0.6147226989269257,0.00017580979329068214,0.0635499358177185,0.49130871891975403,-0.0027742478996515274,0.021332979202270508,0.4005071222782135,-0.016870461404323578,0.0,0.31077542901039124,-0.028542345389723778,0.1276288628578186,0.37433090806007385,0.05309273302555084,0.07832533121109009,0.2907811105251312,0.008675634860992432,0.03742873668670654,0.3314087688922882,-0.03354202210903168,0.0185433030128479,0.38464221358299255,-0.051440414041280746,0.15877968072891235,0.34578701853752136,0.03397909179329872,0.12628942728042603,0.18914872407913208,0.020046981051564217,0.09529656171798706,0.09838366508483887,0.0050830845721066,0.07072216272354126,0.018440812826156616,-0.0030115360859781504,0.20168405771255493,0.33756139874458313,0.0034253315534442663,0.1694849729537964,0.1760043501853943,-0.009902081452310085,0.14311468601226807,0.0782524049282074,-0.015221064910292625,0.11937880516052246,0.0,-0.014609082601964474,0.24411743879318237,0.3461643159389496,-0.030494794249534607,0.2160702347755432,0.20665445923805237,-0.032926883548498154,0.19899553060531616,0.12439113855361938,-0.023437514901161194,0.18031436204910278,0.057139068841934204,-0.01359089370816946
F,0.21153676509857178,0.7060331404209137,-1.893024261789833e-07,0.1270694136619568,0.6235404908657074,-0.006504857446998358,0.07038658857345581,0.4915030300617218,-0.011513709090650082,0.019892096519470215,0.3922578990459442,-0.025360731407999992,0.0,0.293241947889328,-0.03617602586746216,0.14202392101287842,0.380718857049942,0.04065222293138504,0.09124153852462769,0.29699164628982544,-0.006359833292663097,0.05045062303543091,0.33816614747047424,-0.04779091477394104,0.035980284214019775,0.39062443375587463,-0.06503379344940186,0.17819339036941528,0.34972789883613586,0.024792378768324852,0.14515984058380127,0.19095316529273987,0.005833541043102741,0.11307990550994873,0.09588074684143066,-0.00769554078578949,0.08912396430969238,0.01605549454689026,-0.01351589523255825,0.22372490167617798,0.3431605398654938,-0.0025651047471910715,0.1941491961479187,0.17996659874916077,-0.020579297095537186,0.16888612508773804,0.08058586716651917,-0.023039622232317924,0.1464976668357849,0.0,-0.018764585256576538,0.26654911041259766,0.35698118805885315,-0.033417776226997375,0.2400628924369812,0.21435785293579102,-0.0392877534031868,0.22274208068847656,0.1302546262741089,-0.029087774455547333,0.2049543857574463,0.06173580884933472,-0.01755068078637123
F,0.2159518003463745,0.7089624106884003,-2.640721561419923e-07,0.12869644165039062,0.6206900775432587,-0.0032112826593220234,0.07173562049865723,0.49094757437705994,-0.008146065287292004,0.02295905351638794,0.3932655155658722,-0.023431921377778053,0.0,0.29514363408088684,-0.03619031608104706,0.14678162336349487,0.3794117271900177,0.05005677789449692,0.0979461669921875,0.29563936591148376,0.0019461375195533037,0.053807079792022705,0.32853445410728455,-0.04333111271262169,0.03102511167526245,0.37555697560310364,-0.06338284909725189,0.1816312074661255,0.35187509655952454,0.031270258128643036,0.15049266815185547,0.19378766417503357,0.01289064809679985,0.11717313528060913,0.09904435276985168,-0.005056364461779594,0.09075725078582764,0.01782858371734619,-0.015126713551580906,0.22619110345840454,0.3469478189945221,0.0005263692000880837,0.19950145483016968,0.1818120777606964,-0.01754474639892578,0.17357170581817627,0.08085641264915466,-0.02479393593966961,0.1496564745903015,0.0,-0.024715567007660866,0.2675880193710327,0.35985133051872253,-0.033594753593206406,0.24296945333480835,0.21724584698677063,-0.039669837802648544,0.22555285692214966,0.13241511583328247,-0.03200078383088112,0.20593029260635376,0.06240704655647278,-0.023238329216837883
F,0.2130894660949707,0.7167233526706696,-1.9173194232280366e-07,0.12552684545516968,0.6299429833889008,-0.005785544868558645,0.06772321462631226,0.49457064270973206,-0.011023473925888538,0.01867729425430298,0.3949054777622223,-0.02568003535270691,0.0,0.29544275999069214,-0.03698131814599037,0.13894444704055786,0.3836672604084015,0.042770251631736755,0.08992797136306763,0.29195913672447205,-0.00635220343247056,0.050137341022491455,0.33428066968917847,-0.04909117519855499,0.035498976707458496,0.39096298813819885,-0.06652157753705978,0.17610859870910645,0.3549489676952362,0.026000957936048508,0.1456674337387085,0.19135096669197083,0.005609914660453796,0.11663204431533813,0.09308388829231262,-0.009492851793766022,0.09596914052963257,0.00925368070602417,-0.01612427644431591,0.22284799814224243,0.3507100045681,-0.0027241124771535397,0.19515258073806763,0.1840764582157135,-0.0215472225099802,0.1718103289604187,0.0826740562915802,-0.02620861865580082,0.15179115533828735,0.0,-0.023444432765245438,0.26764190196990967,0.36625197529792786,-0.03493652120232582,0.2424514889717102,0.22250249981880188,-0.040784746408462524,0.22507697343826294,0.13806098699569702,-0.03138558194041252,0.20772546529769897,0.06881353259086609,-0.020525213330984116
F,0.21005219221115112,0.7179062068462372,-2.1424260410185525e-07,0.12389373779296875,0.6277799904346466,-0.004599433857947588,0.06810051202774048,0.492798775434494,-0.008919418789446354,0.020102083683013916,0.3941361606121063,-0.023160548880696297,0.0,0.29604846239089966,-0.03447418287396431,0.1404867172241211,0.38178887963294983,0.04754322022199631,0.0924026370048523,0.2930541932582855,-0.0016851825639605522,0.04932749271392822,0.3326117992401123,-0.0458228774368763,0.030644536018371582,0.3869159519672394,-0.06405805796384811,0.1762845516204834,0.3540486991405487,0.03020181693136692,0.14806479215621948,0.1905861794948578,0.011141311377286911,0.11889612674713135,0.09353795647621155,-0.004181197378784418,0.09775310754776001,0.009795218706130981,-0.011159448884427547,0.22223174571990967,0.35025063157081604,0.0006149617256596684,0.19802755117416382,0.1816411316394806,-0.0177497286349535,0.17507266998291016,0.081136554479599,-0.02201727218925953,0.15449869632720947,0.0,-0.01881762407720089,0.26563239097595215,0.36494311690330505,-0.0325157567858696,0.24075818061828613,0.22018569707870483,-0.03822403773665428,0.2243741750717163,0.13523447513580322,-0.028196970000863075,0.206856369972229,0.06533083319664001,-0.01680716685950756
F,0.21214079856872559,0.7182207703590393,-2.2473793137578468e-07,0.1253509521484375,0.6272045969963074,-0.00569878751412034,0.06804794073104858,0.49386465549468994,-0.011128087528049946,0.01906299591064453,0.3940119743347168,-0.026183487847447395,0.0,0.29426974058151245,-0.038113147020339966,0.1425619125366211,0.37913280725479126,0.04654018580913544,0.09473788738250732,0.2915619909763336,-0.0029904483817517757,0.053868114948272705,0.3344261646270752,-0.047772012650966644,0.03787869215011597,0.39103925228118896,-0.06687668710947037,0.180353045463562,0.351548433303833,0.029481995850801468,0.15005820989608765,0.18858873844146729,0.010526870377361774,0.1199999451637268,0.0912443995475769,-0.0061978502199053764,0.09825515747070312,0.007093936204910278,-0.015019092708826065,0.2277301549911499,0.34820038080215454,0.0001675170351518318,0.20205962657928467,0.18161442875862122,-0.018353372812271118,0.1782814860343933,0.08180224895477295,-0.02446262538433075,0.15667766332626343,0.0,-0.023407606407999992,0.27279311418533325,0.3642235994338989,-0.032645076513290405,0.24961847066879272,0.22113293409347534,-0.03880251199007034,0.2328210473060608,0.13731369376182556,-0.030021928250789642,0.2140255570411682,0.06743091344833374,-0.020080765709280968
F,0.20818012952804565,0.7202371060848236,-2.3894125433798763e-07,0.1218145489692688,0.6269213259220123,-0.0019071584101766348,0.06636786460876465,0.4953397810459137,-0.0064272815361619,0.01957327127456665,0.3960399329662323,-0.021656326949596405,0.0,0.29714229702949524,-0.03406752645969391,0.14063143730163574,0.3813105523586273,0.05173241347074509,0.09490668773651123,0.293447881937027,0.0031475014984607697,0.05314511060714722,0.3323979675769806,-0.04146410897374153,0.03411346673965454,0.3860931694507599,-0.06045300140976906,0.17776703834533691,0.3548416197299957,0.03224479407072067,0.1486266851425171,0.1901351809501648,0.014302321709692478,0.11876755952835083,0.09291785955429077,-0.002418514806777239,0.0963979959487915,0.009427934885025024,-0.011261120438575745,0.22478508949279785,0.3513091504573822,0.0006080169114284217,0.20028215646743774,0.18203768134117126,-0.017291909083724022,0.1766459345817566,0.08124837279319763,-0.023740535601973534,0.15476888418197632,0.0,-0.022968344390392303,0.2699800133705139,0.3659578263759613,-0.03428330644965172,0.2471022605895996,0.22168493270874023,-0.04012739658355713,0.2306452989578247,0.13674286007881165,-0.03141545131802559,0.21132034063339233,0.06637579202651978,-0.021624181419610977
F,0.2096039056777954,0.7249082326889038,-2.108505299247554e-07,0.12352937459945679,0.6316665410995483,-0.00277177756652236,0.06864666938781738,0.4980236291885376,-0.007452596444636583,0.020719468593597412,0.39831578731536865,-0.022496422752738,0.0,0.2995995879173279,-0.03494242951273918,0.14264684915542603,0.38534122705459595,0.048927899450063705,0.09625518321990967,0.29688361287117004,-0.00016168532602023333,0.05548650026321411,0.33633217215538025,-0.044526904821395874,0.039098143577575684,0.3906329274177551,-0.06336939334869385,0.18152445554733276,0.3582673668861389,0.029461916536092758,0.153414785861969,0.19194769859313965,0.010205027647316456,0.12494039535522461,0.0926617681980133,-0.006881883833557367,0.10463219881057739,0.0075539350509643555,-0.015705646947026253,0.22956258058547974,0.3563554286956787,-0.002046818844974041,0.20590698719024658,0.18678179383277893,-0.021232562139630318,0.1831834316253662,0.08406788110733032,-0.02812785468995571,0.1623409390449524,0.0,-0.02748972736299038,0.2752023935317993,0.3737555742263794,-0.036762118339538574,0.2543070912361145,0.22871774435043335,-0.04364529997110367,0.23881053924560547,0.14236754179000854,-0.03529706969857216,0.22074085474014282,0.0696624219417572,-0.025693772360682487
F,0.2116328477859497,0.7274475693702698,-2.255198978673434e-07,0.1256338357925415,0.6344715356826782,-0.0028213595505803823,0.0698922872543335,0.5021423101425171,-0.008685125038027763,0.019864201545715332,0.40307074785232544,-0.0252635907381773,0.0,0.30247700214385986,-0.039369478821754456,0.14888602495193481,0.3842558264732361,0.050161100924015045,0.10235190391540527,0.29634004831314087,0.00036917926627211273,0.05910539627075195,0.33211445808410645,-0.045388009399175644,0.03898376226425171,0.38331520557403564,-0.06529177725315094,0.18702852725982666,0.3578868508338928,0.030250975862145424,0.15952223539352417,0.19228875637054443,0.01136128418147564,0.13051056861877441,0.09341365098953247,-0.006060346495360136,0.10878640413284302,0.00944429636001587,-0.015450903214514256,0.23416274785995483,0.3569081425666809,-0.0019346599001437426,0.2103673219680786,0.18655690550804138,-0.020626336336135864,0.1875554919242859,0.08358985185623169,-0.027264343574643135,0.16605830192565918,0.0,-0.02667100913822651,0.27851027250289917,0.37502431869506836,-0.03747407719492912,0.2569851875305176,0.22985389828681946,-0.04459720849990845,0.24098050594329834,0.1432214081287384,-0.036596886813640594,0.22157025337219238,0.07075119018554688,-0.027258193120360374
F,0.20832723379135132,0.729312539100647,-2.379512835659625e-07,0.12389397621154785,0.6342730522155762,-0.002243191935122013,0.06946855783462524,0.5010390281677246,-0.00774330273270607,0.020483672618865967,0.4026418924331665,-0.023683322593569756,0.0,0.3039218783378601,-0.03732866793870926,0.14712101221084595,0.38287603855133057,0.04895613715052605,0.1010352373123169,0.2940734326839447,-0.0013946996768936515,0.0583687424659729,0.33225494623184204,-0.04786858707666397,0.03924894332885742,0.3850599527359009,-0.06833024322986603,0.1884998083114624,0.35817137360572815,0.02832675166428089,0.16032493114471436,0.19128215312957764,0.008902630768716335,0.1333845853805542,0.09091868996620178,-0.009888041764497757,0.11438560485839844,0.004750877618789673,-0.020687958225607872,0.23727339506149292,0.35988032817840576,-0.004457089118659496,0.21618348360061646,0.19154375791549683,-0.024814698845148087,0.1940893530845642,0.08655667304992676,-0.03407203033566475,0.17363321781158447,0.0,-0.03546908497810364,0.2826663851737976,0.3820101022720337,-0.04024098813533783,0.26209986209869385,0.23638859391212463,-0.04930216073989868,0.24501585960388184,0.14884310960769653,-0.04278041422367096,0.22412645816802979,0.0752187967300415,-0.03464338928461075
F,0.2084144949913025,0.72987300157547,-2.1314860987331485e-07,0.12232095003128052,0.6360405087471008,-0.006490593776106834,0.06712055206298828,0.5020779371261597,-0.013767413794994354,0.019820570945739746,0.4008345603942871,-0.030997462570667267,0.0,0.2993811070919037,-0.04572199657559395,0.14923256635665894,0.3846885561943054,0.04615342617034912,0.1035299301147461,0.29819539189338684,-0.005959711037576199,0.06072753667831421,0.3303608298301697,-0.053755827248096466,0.039319396018981934,0.3770308494567871,-0.07495005428791046,0.1896728277206421,0.35834401845932007,0.02725062519311905,0.16520357131958008,0.1932416558265686,0.006418552715331316,0.1384602189064026,0.09209948778152466,-0.013316194526851177,0.11839467287063599,0.005951046943664551,-0.02453092485666275,0.23760396242141724,0.35881689190864563,-0.0042634629644453526,0.2173391580581665,0.1902434229850769,-0.026025764644145966,0.19534063339233398,0.08575424551963806,-0.036032456904649734,0.17425429821014404,0.0,-0.03749886527657509,0.28272545337677,0.37980377674102783,-0.03919078782200813,0.2648826241493225,0.23456650972366333,-0.04932558164000511,0.24901419878005981,0.14673453569412231,-0.04386492073535919,0.2283458709716797,0.07330188155174255,-0.03626004233956337
F,0.20474928617477417,0.7257817387580872,-2.1035414476955339e-07,0.12026441097259521,0.634876549243927,-0.011212381534278393,0.06453365087509155,0.502122700214386,-0.02099176123738289,0.016878247261047363,0.3992308974266052,-0.03945998474955559,0.0,0.2964712977409363,-0.0551985539495945,0.14423894882202148,0.3847092390060425,0.03817487508058548,0.10172182321548462,0.2958560883998871,-0.017413988709449768,0.06305098533630371,0.32852280139923096,-0.06729347258806229,0.04575908184051514,0.37792712450027466,-0.08953437954187393,0.18606680631637573,0.35713762044906616,0.022130383178591728,0.16294419765472412,0.19263947010040283,-0.0009361337870359421,0.13831615447998047,0.09168142080307007,-0.022526461631059647,0.11987996101379395,0.0057205259799957275,-0.03523491322994232,0.23573237657546997,0.35584399104118347,-0.006480155047029257,0.215032160282135,0.18864136934280396,-0.029481135308742523,0.19392484426498413,0.08575323224067688,-0.04079635068774223,0.17314964532852173,0.0,-0.04327337443828583,0.2837013602256775,0.37607884407043457,-0.038708608597517014,0.2660711407661438,0.23242318630218506,-0.04964278265833855,0.24977129697799683,0.1456957757472992,-0.045023493468761444,0.22825753688812256,0.07334208488464355,-0.0379493422806263
F,0.2046506702899933,0.7280018031597137,-2.0083649587832042e-07,0.12028422951698303,0.6378906667232513,-0.009824953973293304,0.06510534882545471,0.5054924786090851,-0.018967045471072197,0.017954975366592407,0.4037095606327057,-0.03698692470788956,0.0,0.30149784684181213,-0.05248492211103439,0.144926518201828,0.38814255595207214,0.039747145026922226,0.10311415791511536,0.3011789321899414,-0.014489363878965378,0.06347975134849548,0.3302060663700104,-0.06353285163640976,0.044014424085617065,0.37630143761634827,-0.08541571348905563,0.1861138641834259,0.3606847822666168,0.022764675319194794,0.1628306806087494,0.1961372196674347,-2.531782229198143e-05,0.13812342286109924,0.09515827894210815,-0.02148820273578167,0.11921563744544983,0.00970640778541565,-0.033850718289613724,0.23558542132377625,0.3594759404659271,-0.00660719582810998,0.21444657444953918,0.19114011526107788,-0.029712984338402748,0.19310125708580017,0.0866611897945404,-0.04140954464673996,0.17199543118476868,0.0,-0.04401279240846634,0.28349927067756653,0.37970855832099915,-0.03941771760582924,0.2649630606174469,0.23583194613456726,-0.05053463950753212,0.2484312355518341,0.148540198802948,-0.04617886245250702,0.2267076075077057,0.07562512159347534,-0.03930162265896797
F,0.20153319835662842,0.7295731902122498,-1.6456941409614956e-07,0.11917716264724731,0.6394447684288025,-0.00975798349827528,0.06589478254318237,0.506558358669281,-0.01860656589269638,0.01925438642501831,0.4059826135635376,-0.03633125498890877,0.0,0.3058256506919861,-0.0512627549469471,0.14473861455917358,0.38635146617889404,0.03834014758467674,0.10054802894592285,0.29969322681427,-0.014702655375003815,0.0597723126411438,0.3321356475353241,-0.06132225692272186,0.04128217697143555,0.3815535306930542,-0.08096384257078171,0.1834213137626648,0.359925776720047,0.02192140743136406,0.16058087348937988,0.1917933225631714,5.6851222325349227e-05,0.1363922357559204,0.09117823839187622,-0.017619628459215164,0.11926513910293579,0.005522340536117554,-0.026032578200101852,0.2316601276397705,0.35997459292411804,-0.006745621562004089,0.20905262231826782,0.1898607611656189,-0.028353378176689148,0.18868637084960938,0.08579146862030029,-0.035934820771217346,0.1697169542312622,0.0,-0.03477432206273079,0.27764809131622314,0.3807078003883362,-0.03906210884451866,0.2593448758125305,0.2353755533695221,-0.04806770011782646,0.24521636962890625,0.14778602123260498,-0.04062288627028465,0.22762620449066162,0.07489240169525146,-0.030765388160943985
F,0.19955337047576904,0.7278128862380981,-1.7619336745156033e-07,0.11566019058227539,0.6306218504905701,-0.009554106742143631,0.06266188621520996,0.49705803394317627,-0.01746690273284912,0.017354369163513184,0.3961482048034668,-0.03455694019794464,0.0,0.29516464471817017,-0.04835350811481476,0.13977032899856567,0.3828689455986023,0.043098464608192444,0.09775340557098389,0.2930152416229248,-0.009034957736730576,0.058064937591552734,0.33305060863494873,-0.055565573275089264,0.039896607398986816,0.3877949118614197,-0.07551246136426926,0.17946678400039673,0.35753610730171204,0.027017902582883835,0.15781939029693604,0.1923643946647644,0.0049274074845016,0.1349204182624817,0.09128203988075256,-0.014540429227054119,0.11797547340393066,0.0019252002239227295,-0.024700606241822243,0.22792232036590576,0.3566989600658417,-0.0016172727337107062,0.20531535148620605,0.1897507905960083,-0.023359790444374084,0.18603992462158203,0.08679458498954773,-0.03206150606274605,0.16663336753845215,0.0,-0.031918156892061234,0.2750130891799927,0.37535184621810913,-0.03393760696053505,0.2562025189399719,0.23193371295928955,-0.04242612048983574,0.24293851852416992,0.14620310068130493,-0.03499273583292961,0.22541892528533936,0.0738423764705658,-0.025522643700242043
F,0.20259883999824524,0.7307975590229034,-1.8380666233497323e-07,0.11687228083610535,0.6363374292850494,-0.01081546489149332,0.06293395161628723,0.5012394487857819,-0.01914042979478836,0.01621153950691223,0.3977004587650299,-0.03648337349295616,0.0,0.294140487909317,-0.050658971071243286,0.14223238825798035,0.3853960931301117,0.04291282221674919,0.09976133704185486,0.2936381697654724,-0.010297451168298721,0.05832436680793762,0.32974773645401,-0.05840581655502319,0.03890392184257507,0.3821094334125519,-0.07938111573457718,0.1814045011997223,0.35872599482536316,0.027731943875551224,0.16045477986335754,0.19247668981552124,0.006255410611629486,0.13676276803016663,0.09142044186592102,-0.01320561207830906,0.11952129006385803,0.0034216344356536865,-0.0236060693860054,0.23008134961128235,0.35766804218292236,-0.00023075145145412534,0.20816084742546082,0.1878640353679657,-0.020890630781650543,0.18847402930259705,0.08531519770622253,-0.028982121497392654,0.16921427845954895,0.0,-0.028624655678868294,0.2770572006702423,0.37628373503685,-0.03213546425104141,0.2583099901676178,0.23159125447273254,-0.04004678130149841,0.24418994784355164,0.14544659852981567,-0.03242456540465355,0.226231187582016,0.07384318113327026,-0.02280871942639351
F,0.20100903511047363,0.7354528903961182,-1.69140349726149e-07,0.11617237329483032,0.6385797262191772,-0.01009130198508501,0.06280547380447388,0.5024877190589905,-0.017672553658485413,0.01540529727935791,0.40078914165496826,-0.03445450961589813,0.0,0.2984223961830139,-0.04792892560362816,0.14262431859970093,0.3838117718696594,0.04433722048997879,0.09705501794815063,0.2951485514640808,-0.008019298315048218,0.055644690990448,0.3365269899368286,-0.05516630783677101,0.03797227144241333,0.39205801486968994,-0.07535543292760849,0.18250304460525513,0.35692206025123596,0.0289867352694273,0.15999144315719604,0.19108149409294128,0.008768701925873756,0.13583219051361084,0.09103131294250488,-0.009101931937038898,0.11786419153213501,0.003984689712524414,-0.01822361722588539,0.2315928339958191,0.3564499020576477,0.0008032617042772472,0.2099602222442627,0.18808186054229736,-0.018893597647547722,0.19002562761306763,0.08559715747833252,-0.025535626336932182,0.1699327826499939,0.0,-0.024180389940738678,0.27862709760665894,0.3769489526748657,-0.03135833889245987,0.2623468041419983,0.23197585344314575,-0.03869209811091423,0.24948203563690186,0.14543703198432922,-0.030296944081783295,0.23174238204956055,0.07296541333198547,-0.019950732588768005
F,0.20173165202140808,0.7366340756416321,-2.117982376148575e-07,0.11735942959785461,0.6376799941062927,-0.009935835376381874,0.06340989470481873,0.5019164681434631,-0.01765906997025013,0.015469938516616821,0.3995738625526428,-0.034898944199085236,0.0,0.29711446166038513,-0.04894798621535301,0.1453920304775238,0.3820321559906006,0.0464552566409111,0.1014467179775238,0.2913037836551666,-0.007603189442306757,0.058081597089767456,0.32743901014328003,-0.05719221383333206,0.037408679723739624,0.3786308169364929,-0.0789797455072403,0.18577858805656433,0.3551124632358551,0.031114911660552025,0.16426774859428406,0.19003888964653015,0.01055098045617342,0.13941189646720886,0.08973187208175659,-0.008925669826567173,0.12044385075569153,0.0018015503883361816,-0.019715772941708565,0.23483231663703918,0.35409608483314514,0.0026439058128744364,0.21532002091407776,0.18481439352035522,-0.017124496400356293,0.19480577111244202,0.08412128686904907,-0.024717286229133606,0.17370858788490295,0.0,-0.024279030039906502,0.2815665900707245,0.37453728914260864,-0.02989502064883709,0.2660774886608124,0.22930356860160828,-0.037227973341941833,0.2513878047466278,0.14381539821624756,-0.02935427613556385,0.23107829689979553,0.07235360145568848,-0.019598718732595444
F,0.20687422156333923,0.7371475398540497,-1.957902213689522e-07,0.12008282542228699,0.6404426395893097,-0.01493122149258852,0.06279942393302917,0.5032878816127777,-0.02524946630001068,0.015291422605514526,0.3994637429714203,-0.043849628418684006,0.0,0.2935929596424103,-0.0589275136590004,0.14480164647102356,0.3789067566394806,0.03849323093891144,0.10045066475868225,0.28606635332107544,-0.017383886501193047,0.058648139238357544,0.3284022808074951,-0.06790746748447418,0.03874698281288147,0.3842248022556305,-0.09035961329936981,0.1862640678882599,0.3517761528491974,0.025402138009667397,0.1660688817501068,0.18730401992797852,0.004025439731776714,0.14213290810585022,0.08687496185302734,-0.01591036282479763,0.12416335940361023,0.0,-0.02759466879069805,0.23645010590553284,0.3534278869628906,-0.0009918254800140858,0.21757754683494568,0.18510642647743225,-0.02149302139878273,0.19718894362449646,0.08573034405708313,-0.02967706136405468,0.17629536986351013,0.0020845532417297363,-0.030140165239572525,0.28479859232902527,0.376652330160141,-0.03177084028720856,0.26941922307014465,0.23158660531044006,-0.0409904383122921,0.254854291677475,0.14497005939483643,-0.03467634320259094,0.2349431812763214,0.07107296586036682,-0.02606860361993313
F,0.20839321613311768,0.73520228266716,-1.9148943408708874e-07,0.12148106098175049,0.6388310492038727,-0.01213773898780346,0.06387871503829956,0.502598911523819,-0.021177200600504875,0.016510605812072754,0.400297611951828,-0.0389140360057354,0.0,0.2954424321651459,-0.053528837859630585,0.14923495054244995,0.38092783093452454,0.040782228112220764,0.1028633713722229,0.2908661961555481,-0.01094392966479063,0.05952417850494385,0.3295902907848358,-0.05833218991756439,0.038585007190704346,0.38117197155952454,-0.07938399165868759,0.18884533643722534,0.35502853989601135,0.025914663448929787,0.16675937175750732,0.18843868374824524,0.006470880471169949,0.14255785942077637,0.0879586935043335,-0.011738570407032967,0.12426060438156128,0.0014069676399230957,-0.022208068519830704,0.2366788387298584,0.35580798983573914,-0.0017773335566744208,0.21535325050354004,0.185868501663208,-0.0212334506213665,0.19453710317611694,0.08451515436172485,-0.028417406603693962,0.17393934726715088,0.0,-0.02832130715250969,0.2823977470397949,0.3769854009151459,-0.033594489097595215,0.2624165415763855,0.23147273063659668,-0.04183504357933998,0.24825799465179443,0.14525631070137024,-0.03444458544254303,0.22926729917526245,0.07207942008972168,-0.025421224534511566
F,0.20490139722824097,0.7394246757030487,-2.1585731246887008e-07,0.12077480554580688,0.6404145658016205,-0.006782290991395712,0.06614762544631958,0.5044603645801544,-0.01359565369784832,0.01907426118850708,0.4054258167743683,-0.030305763706564903,0.0,0.3058401644229889,-0.044041648507118225,0.1459195613861084,0.3855304419994354,0.0457523912191391,0.09879451990127563,0.29559800028800964,-0.005244652274996042,0.05502718687057495,0.33425673842430115,-0.05151139944791794,0.03475534915924072,0.38737449049949646,-0.07139867544174194,0.1836625337600708,0.36095741391181946,0.02817191742360592,0.15991437435150146,0.1937759518623352,0.008371480740606785,0.13490813970565796,0.09373036026954651,-0.009232011623680592,0.11631762981414795,0.005811363458633423,-0.018229441717267036,0.23132812976837158,0.361113041639328,-0.0018367735901847482,0.20890671014785767,0.18998482823371887,-0.02137984335422516,0.18812590837478638,0.08647292852401733,-0.027777424082159996,0.16808515787124634,0.0,-0.02629449963569641,0.2771049737930298,0.380702406167984,-0.03554027900099754,0.2572677731513977,0.23426619172096252,-0.042546071112155914,0.24408245086669922,0.14786037802696228,-0.03338821232318878,0.22731173038482666,0.07490968704223633,-0.02265276201069355
F,0.20456117391586304,0.7226575911045074,-2.05515902962361e-07,0.11875909566879272,0.6292236745357513,-0.015179985202848911,0.06101638078689575,0.4988934099674225,-0.024471523240208626,0.016014039516448975,0.3977293074131012,-0.04159720614552498,0.0,0.2957991659641266,-0.055307213217020035,0.14016473293304443,0.37483885884284973,0.03845939412713051,0.092693030834198,0.2856365442276001,-0.01437798049300909,0.05292433500289917,0.3299499452114105,-0.06293950229883194,0.03595811128616333,0.38739100098609924,-0.08472791314125061,0.1782693862915039,0.3461880385875702,0.026622211560606956,0.15685909986495972,0.1838676631450653,0.004572313744574785,0.132163405418396,0.0869886577129364,-0.016671547666192055,0.11314886808395386,0.002961784601211548,-0.029303276911377907,0.22520560026168823,0.34429776668548584,0.002046439331024885,0.2043231725692749,0.17790034413337708,-0.01912090554833412,0.18425250053405762,0.0809912383556366,-0.029342105612158775,0.16342711448669434,0.0,-0.03114326111972332,0.27066802978515625,0.36301669478416443,-0.026677442714571953,0.25421684980392456,0.22021660208702087,-0.03463525325059891,0.24242693185806274,0.13526445627212524,-0.028668956831097603,0.22572165727615356,0.06354132294654846,-0.020934004336595535
F,0.20189327001571655,0.7255648672580719,-1.9202481382762926e-07,0.11788606643676758,0.6274309456348419,-0.008773338049650192,0.06378328800201416,0.4947567284107208,-0.015541816130280495,0.01869100332260132,0.39633020758628845,-0.031457122415304184,0.0,0.29874661564826965,-0.04454243555665016,0.1393314003944397,0.37927916646003723,0.044021494686603546,0.09351855516433716,0.29215216636657715,-0.007133376318961382,0.05267977714538574,0.3317711353302002,-0.05428531765937805,0.03449845314025879,0.38419005274772644,-0.07495429366827011,0.1767846941947937,0.35308244824409485,0.02827312983572483,0.15485906600952148,0.1889883279800415,0.007892712950706482,0.1307576298713684,0.09205904603004456,-0.011471804231405258,0.11264419555664062,0.006631433963775635,-0.02211020328104496,0.22387278079986572,0.350928395986557,0.0002437644434394315,0.20311057567596436,0.18211516737937927,-0.019623566418886185,0.18349075317382812,0.08256775140762329,-0.027542395517230034,0.16409069299697876,0.0,-0.02726602368056774,0.2691013216972351,0.36829110980033875,-0.03152485564351082,0.25123608112335205,0.22211256623268127,-0.037778932601213455,0.24031507968902588,0.13719362020492554,-0.028847185894846916,0.2258339524269104,0.06639739871025085,-0.01866922713816166
F,0.20313310623168945,0.7299871742725372,-1.8933705803192424e-07,0.11977261304855347,0.6337811052799225,-0.009405235759913921,0.0629194974899292,0.501811295747757,-0.017920097336173058,0.017475426197052002,0.4020419418811798,-0.03536487743258476,0.0,0.3007887005805969,-0.05023076385259628,0.14637726545333862,0.3854568898677826,0.03897927328944206,0.09711825847625732,0.29914262890815735,-0.009804654866456985,0.05338531732559204,0.33569881319999695,-0.054832424968481064,0.03353309631347656,0.38632985949516296,-0.0748622715473175,0.18361616134643555,0.35797515511512756,0.02298489212989807,0.15817564725875854,0.1923655867576599,0.003437069710344076,0.131696879863739,0.09262329339981079,-0.01531632523983717,0.11217886209487915,0.008191466331481934,-0.02610175870358944,0.22876501083374023,0.3553340435028076,-0.004691264592111111,0.20263725519180298,0.18504652380943298,-0.024761909618973732,0.17973101139068604,0.08243319392204285,-0.034172043204307556,0.15789800882339478,0.0,-0.035479865968227386,0.2720012664794922,0.37177368998527527,-0.03583686053752899,0.251986026763916,0.2250289022922516,-0.043710608035326004,0.23901164531707764,0.13816994428634644,-0.03711025416851044,0.22137826681137085,0.06745338439941406,-0.02894771657884121
F,0.20173227787017822,0.7294766306877136,-2.091328497044742e-07,0.11913520097732544,0.6337313055992126,-0.007835311815142632,0.06300479173660278,0.503121554851532,-0.016460256651043892,0.017954111099243164,0.4051100015640259,-0.03455333784222603,0.0,0.30744555592536926,-0.05010703206062317,0.14198553562164307,0.38486921787261963,0.03960633650422096,0.09245765209197998,0.30103176832199097,-0.011299015022814274,0.04976165294647217,0.3388631343841553,-0.057705044746398926,0.03141516447067261,0.38972896337509155,-0.07820353657007217,0.1783052682876587,0.3581918179988861,0.022339625284075737,0.15296155214309692,0.19313150644302368,0.0013542466331273317,0.12709832191467285,0.09316298365592957,-0.01766362413764,0.10869526863098145,0.00739327073097229,-0.028147529810667038,0.22353887557983398,0.3563202917575836,-0.006682135630398989,0.19858920574188232,0.18657666444778442,-0.0278633926063776,0.1761033535003662,0.08328455686569214,-0.03719547763466835,0.15544456243515015,0.0,-0.0380140095949173,0.26680076122283936,0.37393832206726074,-0.039080191403627396,0.24731194972991943,0.22781258821487427,-0.04733651503920555,0.23450452089309692,0.14129957556724548,-0.04027102142572403,0.21845167875289917,0.06994637846946716,-0.03144519776105881
F,0.20591309666633606,0.7226169109344482,-2.0796800015432382e-07,0.12207344174385071,0.6270525455474854,-0.00952330231666565,0.06379613280296326,0.4989078640937805,-0.018844133242964745,0.01715371012687683,0.4005550146102905,-0.03709784895181656,0.0,0.30024266242980957,-0.05273565277457237,0.1452549397945404,0.38097983598709106,0.037206459790468216,0.09460166096687317,0.2959240674972534,-0.013429105281829834,0.05205604434013367,0.33353474736213684,-0.05973130837082863,0.033815473318099976,0.38539308309555054,-0.08040573447942734,0.18234071135520935,0.35318723320961,0.02132691629230976,0.1563638150691986,0.18907564878463745,0.0002977070980705321,0.12928155064582825,0.09073305130004883,-0.01919337920844555,0.10909321904182434,0.007254749536514282,-0.030431345105171204,0.22778919339179993,0.34956619143486023,-0.006134697236120701,0.20227065682411194,0.18078452348709106,-0.026759639382362366,0.1795046627521515,0.0806012749671936,-0.03570622578263283,0.1574394404888153,0.0,-0.03662506118416786,0.27141836285591125,0.3655213713645935,-0.03709786385297775,0.2516893446445465,0.22060039639472961,-0.044820405542850494,0.23858115077018738,0.134974867105484,-0.037649866193532944,0.2209782898426056,0.06518468260765076,-0.02901339717209339
F,0.20561498403549194,0.7233112752437592,-1.9703689702055271e-07,0.12132769823074341,0.6266603767871857,-0.007316927425563335,0.06328773498535156,0.4986465275287628,-0.015746578574180603,0.017592906951904297,0.40091803669929504,-0.03354669734835625,0.0,0.30244240164756775,-0.04897475615143776,0.14244258403778076,0.38236936926841736,0.039140913635492325,0.09277719259262085,0.3001135587692261,-0.011507588438689709,0.05023676156997681,0.3355235755443573,-0.057683754712343216,0.0313946008682251,0.38463249802589417,-0.07808694243431091,0.17881029844284058,0.35624364018440247,0.021827101707458496,0.15345555543899536,0.19154658913612366,0.0007077623158693314,0.127447247505188,0.09335315227508545,-0.0179436057806015,0.10838073492050171,0.008843570947647095,-0.028009755536913872,0.22472858428955078,0.35370418429374695,-0.007022522855550051,0.20003539323806763,0.18420812487602234,-0.027993235737085342,0.1776476502418518,0.08213114738464355,-0.03605969250202179,0.15651100873947144,0.0,-0.03577661141753197,0.2689359188079834,0.3702007830142975,-0.03924126923084259,0.24876314401626587,0.2244253158569336,-0.04697156324982643,0.23645919561386108,0.13832256197929382,-0.03891540318727493,0.22090023756027222,0.06771844625473022,-0.029266180470585823
F,0.2062675654888153,0.7199006080627441,-1.9893877833965234e-07,0.12219330668449402,0.6272627711296082,-0.007898152805864811,0.0650845468044281,0.49809730052948,-0.015724971890449524,0.018686801195144653,0.3998107314109802,-0.03262488171458244,0.0,0.30147784948349,-0.047271180897951126,0.14414605498313904,0.38194841146469116,0.038963433355093,0.0937747061252594,0.29971665143966675,-0.01152826752513647,0.04888913035392761,0.3313751816749573,-0.05764106288552284,0.027464836835861206,0.3777883052825928,-0.07791280001401901,0.17962750792503357,0.3541673719882965,0.02254532091319561,0.1536196768283844,0.19050711393356323,0.0017972993664443493,0.1265530288219452,0.09309473633766174,-0.01630030758678913,0.10676619410514832,0.009593695402145386,-0.025705143809318542,0.2250782549381256,0.3506624102592468,-0.005390000995248556,0.1996200978755951,0.1824706494808197,-0.025813952088356018,0.17653384804725647,0.08137968182563782,-0.03309314325451851,0.1552886664867401,0.0,-0.032113078981637955,0.26857373118400574,0.3667452335357666,-0.03679676726460457,0.24832060933113098,0.22192904353141785,-0.044175148010253906,0.23563870787620544,0.13655829429626465,-0.035820573568344116,0.22017225623130798,0.06647270917892456,-0.025786003097891808
F,0.20618945360183716,0.7206474840641022,-1.9832106090689194e-07,0.12165600061416626,0.6272735893726349,-0.006650933064520359,0.06465274095535278,0.4979070723056793,-0.013952740468084812,0.018775641918182373,0.39994147419929504,-0.030530136078596115,0.0,0.3018482029438019,-0.04488638415932655,0.14420586824417114,0.38290753960609436,0.03973330929875374,0.09352761507034302,0.30013492703437805,-0.009980193339288235,0.048167645931243896,0.33206814527511597,-0.05546609312295914,0.026575684547424316,0.3787737190723419,-0.0753731057047844,0.17961585521697998,0.355684369802475,0.022716106846928596,0.15309089422225952,0.19098922610282898,0.0024048248305916786,0.12604409456253052,0.09314119815826416,-0.015313678421080112,0.10681968927383423,0.009514182806015015,-0.024404017254710197,0.22493815422058105,0.35269561409950256,-0.005675853695720434,0.19915533065795898,0.18353721499443054,-0.025896713137626648,0.17562079429626465,0.08164253830909729,-0.03323940932750702,0.15460479259490967,0.0,-0.03220745921134949,0.2683621048927307,0.3692075312137604,-0.03738267347216606,0.24796265363693237,0.22335496544837952,-0.04471404105424881,0.23489457368850708,0.13715115189552307,-0.03636880964040756,0.21946817636489868,0.06664726138114929,-0.02628694474697113
F,0.20357343554496765,0.7217600345611572,-2.201941669000007e-07,0.12073728442192078,0.6267976760864258,-0.00590553181245923,0.06629905104637146,0.4991973638534546,-0.013742625713348389,0.02003118395805359,0.4027451276779175,-0.03116968274116516,0.0,0.30611759424209595,-0.04631926864385605,0.14508262276649475,0.38183408975601196,0.040070489048957825,0.09495195746421814,0.3014143109321594,-0.011462521739304066,0.051424652338027954,0.3387121558189392,-0.0585569329559803,0.03267422318458557,0.38805657625198364,-0.07962800562381744,0.18119099736213684,0.35551583766937256,0.022061007097363472,0.15420320630073547,0.1926094889640808,-0.00012824097939301282,0.12688544392585754,0.0947091281414032,-0.0194172952324152,0.10652771592140198,0.009185075759887695,-0.029774390161037445,0.22682073712348938,0.3525505065917969,-0.007391551975160837,0.2018921673297882,0.1837189793586731,-0.028934089466929436,0.17883065342903137,0.082612544298172,-0.03660974279046059,0.15737518668174744,0.0,-0.035968393087387085,0.2698294222354889,0.3699268698692322,-0.040077053010463715,0.24951186776161194,0.2247292399406433,-0.047713667154312134,0.23557034134864807,0.13936951756477356,-0.03883682191371918,0.21882078051567078,0.06987926363945007,-0.028514454141259193
F,0.20565569400787354,0.7254442274570465,-2.0674812617471616e-07,0.12180787324905396,0.6298142969608307,-0.007164681795984507,0.06536519527435303,0.5020377337932587,-0.015607505105435848,0.01853036880493164,0.40399596095085144,-0.03348391875624657,0.0,0.30490657687187195,-0.048990100622177124,0.1454595923423767,0.3872521221637726,0.039553865790367126,0.09493577480316162,0.30506792664527893,-0.011778492480516434,0.052180349826812744,0.34068116545677185,-0.05858210101723671,0.034201741218566895,0.39034023880958557,-0.07927100360393524,0.1808229684829712,0.35963916778564453,0.022453144192695618,0.15443813800811768,0.19492694735527039,0.0007764323963783681,0.12738806009292603,0.09543129801750183,-0.01848127879202366,0.10753244161605835,0.010095208883285522,-0.02888614870607853,0.22599446773529053,0.3556928336620331,-0.006171282380819321,0.200248122215271,0.18603697419166565,-0.027405699715018272,0.17766767740249634,0.08303984999656677,-0.03617146983742714,0.15647006034851074,0.0,-0.03631560131907463,0.2690395712852478,0.3711908757686615,-0.038092050701379776,0.24988287687301636,0.22521892189979553,-0.045696716755628586,0.23741906881332397,0.13865628838539124,-0.03784792870283127,0.2218896746635437,0.0679197907447815,-0.028369195759296417
F,0.20619672536849976,0.7220709025859833,-2.1641052683207818e-07,0.12257105112075806,0.6269136965274811,-0.008652751334011555,0.06536746025085449,0.49806758761405945,-0.017268802970647812,0.017973363399505615,0.3993692696094513,-0.035068217664957047,0.0,0.30031266808509827,-0.050268031656742096,0.1438920497894287,0.38049498200416565,0.03926951438188553,0.09293800592422485,0.29817453026771545,-0.01280544139444828,0.04835379123687744,0.33529436588287354,-0.060605380684137344,0.028721749782562256,0.3852981626987457,-0.08193604648113251,0.17975234985351562,0.35384294390678406,0.0232440996915102,0.15380144119262695,0.19117790460586548,0.001912700361572206,0.12628817558288574,0.0934872031211853,-0.017042627558112144,0.10601884126663208,0.009002327919006348,-0.027355264872312546,0.22539937496185303,0.3511340320110321,-0.0046005649492144585,0.2007507085800171,0.1820029318332672,-0.025548137724399567,0.17779844999313354,0.0811862051486969,-0.03334473446011543,0.15640664100646973,0.0,-0.03276586905121803,0.26863545179367065,0.3681117594242096,-0.03598925471305847,0.24957114458084106,0.22250628471374512,-0.04367085173726082,0.23700010776519775,0.13665255904197693,-0.03553956747055054,0.22176432609558105,0.06639224290847778,-0.025651806965470314
F,0.20472317934036255,0.7238401770591736,-2.1528119020786107e-07,0.11982196569442749,0.6290947198867798,-0.006071710027754307,0.06361591815948486,0.498985230922699,-0.012816059403121471,0.018237382173538208,0.4020766615867615,-0.029095545411109924,0.0,0.3053360879421234,-0.04296542704105377,0.14104074239730835,0.381943941116333,0.04138556867837906,0.0905260443687439,0.2996806502342224,-0.008998948149383068,0.0457039475440979,0.336045503616333,-0.05571729689836502,0.02533644437789917,0.3850554823875427,-0.07653874903917313,0.1768602728843689,0.35550323128700256,0.024079516530036926,0.15015965700149536,0.19244065880775452,0.0033797179348766804,0.12324219942092896,0.09418380260467529,-0.015417774207890034,0.10393553972244263,0.008756577968597412,-0.02544412761926651,0.22253215312957764,0.3526969850063324,-0.004727857653051615,0.19643986225128174,0.1837814450263977,-0.025283420458436012,0.17330914735794067,0.08222892880439758,-0.03321504592895508,0.15264225006103516,0.0,-0.032680097967386246,0.26623135805130005,0.36917799711227417,-0.036838777363300323,0.2459547519683838,0.22326135635375977,-0.04406288266181946,0.23302483558654785,0.13738223910331726,-0.035507168620824814,0.2179710865020752,0.06700554490089417,-0.025348132476210594
F,0.20647060871124268,0.7199446260929108,-2.2020918777343468e-07,0.12225604057312012,0.6258819401264191,-0.00803940650075674,0.06583434343338013,0.49929091334342957,-0.016851147636771202,0.01909160614013672,0.40286877751350403,-0.034894730895757675,0.0,0.30550065636634827,-0.050608325749635696,0.14357388019561768,0.38082966208457947,0.03791717812418938,0.09303593635559082,0.2991921305656433,-0.014214353635907173,0.048337340354919434,0.3357997238636017,-0.062191110104322433,0.02763313055038452,0.3851868808269501,-0.08381921052932739,0.1787494421005249,0.3536331355571747,0.02135111577808857,0.15198099613189697,0.1915239691734314,-0.000531789381057024,0.12351423501968384,0.09462758898735046,-0.02037007175385952,0.10186922550201416,0.010797381401062012,-0.03136236220598221,0.22431153059005737,0.35004332661628723,-0.006688042543828487,0.19776403903961182,0.18143042922019958,-0.028093088418245316,0.17432695627212524,0.08110091090202332,-0.0366070456802845,0.15194416046142578,0.0,-0.036637939512729645,0.26800769567489624,0.36603936553001404,-0.03811996057629585,0.24798303842544556,0.22094175219535828,-0.04614711552858353,0.23550456762313843,0.1356838047504425,-0.038167040795087814,0.21991503238677979,0.06535443663597107,-0.028506921604275703
F,0.20621979236602783,0.718447744846344,-2.1920492088156607e-07,0.12208843231201172,0.6244606971740723,-0.0077141341753304005,0.06588691473007202,0.4985162615776062,-0.016514185816049576,0.01914319396018982,0.40217167139053345,-0.03451153635978699,0.0,0.30477824807167053,-0.050251755863428116,0.1437804102897644,0.380229651927948,0.037539515644311905,0.09286254644393921,0.29924654960632324,-0.014458926394581795,0.04805946350097656,0.33474472165107727,-0.06232373043894768,0.027442872524261475,0.3833377957344055,-0.08390062302350998,0.17876219749450684,0.35297128558158875,0.020955195650458336,0.1517810821533203,0.19095900654792786,-0.0008248392841778696,0.12326961755752563,0.09424829483032227,-0.020446522161364555,0.10172349214553833,0.010874390602111816,-0.03126020357012749,0.22410297393798828,0.34908515214920044,-0.006974020041525364,0.19774127006530762,0.18067586421966553,-0.028258204460144043,0.17437750101089478,0.08063575625419617,-0.03651846572756767,0.1521373987197876,0.0,-0.036354150623083115,0.2675672173500061,0.36483341455459595,-0.0382535494863987,0.2481071949005127,0.22005468606948853,-0.0462377704679966,0.23557591438293457,0.13497698307037354,-0.03816736489534378,0.219751238822937,0.06498983502388,-0.028408264741301537
F,0.2011227011680603,0.7182267606258392,-2.21993474269766e-07,0.11826145648956299,0.6241331994533539,-0.006689493078738451,0.06373459100723267,0.4977492392063141,-0.014577667228877544,0.01827201247215271,0.4014074504375458,-0.03194236755371094,0.0,0.30523112416267395,-0.046794526278972626,0.14012283086776733,0.3793451488018036,0.040259335190057755,0.09084922075271606,0.29717373847961426,-0.010905909352004528,0.047579944133758545,0.3344570994377136,-0.05765152350068092,0.028910398483276367,0.38433513045310974,-0.07844939827919006,0.17584383487701416,0.3525506258010864,0.022826071828603745,0.14846229553222656,0.18955329060554504,0.0008500930271111429,0.12064772844314575,0.0923837423324585,-0.018026020377874374,0.10016316175460815,0.008661538362503052,-0.02795971743762493,0.22105741500854492,0.34963735938072205,-0.006145412102341652,0.19631218910217285,0.18133297562599182,-0.027792738750576973,0.172882080078125,0.08105465769767761,-0.03529268875718117,0.15099984407424927,0.0,-0.03431218862533569,0.2639421224594116,0.36706462502479553,-0.03844275698065758,0.24491459131240845,0.22168490290641785,-0.04640571027994156,0.23178726434707642,0.13567882776260376,-0.037780411541461945,0.21577000617980957,0.06487223505973816,-0.027495814487338066
F,0.20211541652679443,0.721037745475769,-2.235844931419706e-07,0.11841899156570435,0.6255600452423096,-0.004459005314856768,0.06397557258605957,0.4977346658706665,-0.01126965880393982,0.018638789653778076,0.40157538652420044,-0.027943437919020653,0.0,0.30491310358047485,-0.04243580251932144,0.14158165454864502,0.381669819355011,0.042397283017635345,0.09117954969406128,0.2993883490562439,-0.007758200168609619,0.04784291982650757,0.33489498496055603,-0.05397384241223335,0.028005361557006836,0.38381481170654297,-0.07449138909578323,0.17666476964950562,0.35486477613449097,0.02387920394539833,0.14893406629562378,0.1909218728542328,0.002443385776132345,0.12079977989196777,0.09326714277267456,-0.016949009150266647,0.09975337982177734,0.009889990091323853,-0.027263814583420753,0.22204148769378662,0.3520459830760956,-0.005882798694074154,0.19590801000595093,0.18308955430984497,-0.0269881933927536,0.1723870038986206,0.0818486213684082,-0.03529105708003044,0.1503286361694336,0.0,-0.035023439675569534,0.26532596349716187,0.36873167753219604,-0.03873257339000702,0.24538540840148926,0.22352373600006104,-0.04625651240348816,0.23295336961746216,0.1377371847629547,-0.037854790687561035,0.21740978956222534,0.06663438677787781,-0.02791532129049301
F,0.2029516100883484,0.7191082239151001,-2.2319939319004334e-07,0.11824536323547363,0.6228120923042297,-0.005787768866866827,0.06286787986755371,0.49397754669189453,-0.012555548921227455,0.018433034420013428,0.3976631760597229,-0.028882043436169624,0.0,0.3020370304584503,-0.042998284101486206,0.1387915015220642,0.37910526990890503,0.04172956570982933,0.0883404016494751,0.297334223985672,-0.008816330693662167,0.04526245594024658,0.33298155665397644,-0.05604025349020958,0.025235235691070557,0.3826292157173157,-0.07730378955602646,0.17387831211090088,0.35134240984916687,0.024508340284228325,0.14794331789016724,0.18982192873954773,0.0035565823782235384,0.11985480785369873,0.09314611554145813,-0.016600722447037697,0.09867388010025024,0.010679662227630615,-0.027756035327911377,0.21957427263259888,0.3476162552833557,-0.004014485515654087,0.1936623454093933,0.18039470911026,-0.02426711469888687,0.17041730880737305,0.08052864670753479,-0.0332813486456871,0.14893203973770142,0.0,-0.03390504792332649,0.2637140154838562,0.3636380434036255,-0.035809218883514404,0.24488860368728638,0.22018343210220337,-0.04259419068694115,0.23236840963363647,0.1358327567577362,-0.034558553248643875,0.21698343753814697,0.06599947810173035,-0.025148779153823853
F,0.20273464918136597,0.718325138092041,-2.0668484523866937e-07,0.11887359619140625,0.6213408708572388,-0.007305917330086231,0.06354445219039917,0.49306726455688477,-0.014978479593992233,0.018046855926513672,0.3963843584060669,-0.031970832496881485,0.0,0.29915040731430054,-0.04671142250299454,0.14015483856201172,0.3773342967033386,0.040755175054073334,0.08896678686141968,0.2954360246658325,-0.010605206713080406,0.045599520206451416,0.3316325545310974,-0.05834796279668808,0.026217639446258545,0.3820003271102905,-0.07982802391052246,0.17562466859817505,0.34958985447883606,0.024415485560894012,0.14955008029937744,0.18792155385017395,0.003381832968443632,0.12104249000549316,0.09150868654251099,-0.016415951773524284,0.09946578741073608,0.008927732706069946,-0.027315307408571243,0.22162169218063354,0.3460070788860321,-0.0034329837653785944,0.19610989093780518,0.17859917879104614,-0.023700201883912086,0.1724785566329956,0.07977992296218872,-0.03154142200946808,0.15027815103530884,0.0,-0.031189149245619774,0.2657243609428406,0.36230677366256714,-0.03474602475762367,0.24681371450424194,0.21843543648719788,-0.04158886522054672,0.2345227599143982,0.1340002417564392,-0.03287869691848755,0.21904754638671875,0.0640811026096344,-0.022748082876205444
F,0.20314913988113403,0.7174001336097717,-2.2284250178472575e-07,0.11888492107391357,0.6217849254608154,-0.0045382478274405,0.06538975238800049,0.49573540687561035,-0.01142023503780365,0.020820915699005127,0.40196508169174194,-0.028292996808886528,0.0,0.3096280097961426,-0.04300740361213684,0.13914036750793457,0.3791465759277344,0.04236423224210739,0.09018945693969727,0.297156423330307,-0.008570026606321335,0.048590660095214844,0.33374184370040894,-0.05553647130727768,0.030114352703094482,0.38337939977645874,-0.07644667476415634,0.17388564348220825,0.35240453481674194,0.02397962287068367,0.14669382572174072,0.19136470556259155,0.0023216456174850464,0.11896365880966187,0.0943654477596283,-0.01768842525780201,0.09821712970733643,0.010110437870025635,-0.02859462983906269,0.21953511238098145,0.34866955876350403,-0.005728729534894228,0.19338709115982056,0.18184518814086914,-0.026733946055173874,0.17052769660949707,0.08185899257659912,-0.035374194383621216,0.1495290994644165,0.0,-0.03564578294754028,0.2636709213256836,0.3648124933242798,-0.038603462278842926,0.244043231010437,0.22151461243629456,-0.045794520527124405,0.23133689165115356,0.13685226440429688,-0.03746630623936653,0.21587634086608887,0.06607404351234436,-0.027797551825642586
F,0.2043071985244751,0.7150528728961945,-2.0526361765860202e-07,0.12008452415466309,0.619938999414444,-0.006633379030972719,0.06528574228286743,0.4913273751735687,-0.013799884356558323,0.019482195377349854,0.3946589529514313,-0.030303597450256348,0.0,0.29788994789123535,-0.04444992169737816,0.14248043298721313,0.3777618706226349,0.04107825458049774,0.09359574317932129,0.29402491450309753,-0.009296496398746967,0.05168122053146362,0.3293628394603729,-0.05538448691368103,0.03284120559692383,0.37895336747169495,-0.07561836391687393,0.17817658185958862,0.350538432598114,0.024206889793276787,0.1511838436126709,0.1883651316165924,0.0029723262414336205,0.1227295994758606,0.09211665391921997,-0.01636991649866104,0.1008651852607727,0.009629100561141968,-0.026697274297475815,0.2237878441810608,0.3469077944755554,-0.004097966942936182,0.19848346710205078,0.1791279911994934,-0.024769404903054237,0.17513161897659302,0.08028823137283325,-0.03276807442307472,0.15288478136062622,0.0,-0.03238687664270401,0.26740437746047974,0.3628891408443451,-0.03568940609693527,0.24772661924362183,0.21901312470436096,-0.04278574883937836,0.23511546850204468,0.1344793438911438,-0.03434528037905693,0.21939104795455933,0.06456965208053589,-0.024404438212513924
F,0.20429998636245728,0.7237091660499573,-2.0703353698081628e-07,0.12065577507019043,0.6279292702674866,-0.006366238929331303,0.06618988513946533,0.4977777600288391,-0.013019535690546036,0.02039659023284912,0.4006075859069824,-0.029123716056346893,0.0,0.3043815493583679,-0.04265129566192627,0.14173710346221924,0.3829958438873291,0.04265821352601051,0.0915343165397644,0.2983369827270508,-0.007492939941585064,0.05004614591598511,0.3334816098213196,-0.053227417171001434,0.03257632255554199,0.3829227685928345,-0.073125921189785,0.17697745561599731,0.3554518520832062,0.025947367772459984,0.14845818281173706,0.19392961263656616,0.005014681722968817,0.12105733156204224,0.09643888473510742,-0.013504005037248135,0.10094618797302246,0.011933624744415283,-0.022926930338144302,0.2223832607269287,0.3513903021812439,-0.002420383505523205,0.19545739889144897,0.18476951122283936,-0.023072024807333946,0.17265385389328003,0.08319315314292908,-0.030691100284457207,0.15180784463882446,0.0,-0.02973116748034954,0.26590651273727417,0.3668750524520874,-0.034127965569496155,0.2456068992614746,0.22187086939811707,-0.04132002592086792,0.23315995931625366,0.13633471727371216,-0.032850392162799835,0.21835702657699585,0.06512454152107239,-0.022629037499427795
F,0.20521694421768188,0.7242502272129059,-1.9745397139558918e-07,0.12022769451141357,0.6279472410678864,-0.007447154261171818,0.06546640396118164,0.4976906478404999,-0.014390052296221256,0.01988399028778076,0.40047040581703186,-0.030689269304275513,0.0,0.30369624495506287,-0.044493261724710464,0.14295178651809692,0.3829706609249115,0.043209075927734375,0.0922250747680664,0.2990058362483978,-0.00626973994076252,0.04970735311508179,0.3327083885669708,-0.052222445607185364,0.03133714199066162,0.38147446513175964,-0.07246551662683487,0.177625834941864,0.3542369604110718,0.027190636843442917,0.15040165185928345,0.19367656111717224,0.007749320473521948,0.12190544605255127,0.0967266857624054,-0.01094113290309906,0.10093379020690918,0.01320958137512207,-0.02103646658360958,0.22225868701934814,0.34956735372543335,-0.0005883510457351804,0.19683152437210083,0.18319091200828552,-0.01993577368557453,0.1736210584640503,0.08223086595535278,-0.02800392545759678,0.15253585577011108,0.0,-0.027991170063614845,0.2648695111274719,0.36470237374305725,-0.03188597783446312,0.24733507633209229,0.22089532017707825,-0.03836379572749138,0.23562544584274292,0.13599953055381775,-0.030182864516973495,0.2211940884590149,0.06572416424751282,-0.020588617771863937
F,0.20918163657188416,0.7211525738239288,-2.123566815726008e-07,0.1232999861240387,0.6230796873569489,-0.006741317454725504,0.06587383151054382,0.4921775758266449,-0.013184944167733192,0.019110649824142456,0.39295682311058044,-0.029187949374318123,0.0,0.29260846972465515,-0.04258904978632927,0.14477553963661194,0.3798810541629791,0.04565413296222687,0.09569421410560608,0.29346421360969543,-0.002794889034703374,0.052921026945114136,0.32751303911209106,-0.0482448972761631,0.03310993313789368,0.37616774439811707,-0.06845027953386307,0.1816224753856659,0.3520861864089966,0.02937006577849388,0.15507367253303528,0.19041675329208374,0.010286142118275166,0.12664571404457092,0.09393048286437988,-0.008933565579354763,0.10476252436637878,0.011344492435455322,-0.0197838693857193,0.22767922282218933,0.3473118841648102,0.0012926339404657483,0.20201078057289124,0.17980435490608215,-0.017842506989836693,0.17857876420021057,0.08028599619865417,-0.026155905798077583,0.1557932198047638,0.0,-0.026479993015527725,0.2723260223865509,0.36120614409446716,-0.030184390023350716,0.25189200043678284,0.21749591827392578,-0.03643292933702469,0.23887506127357483,0.13309064507484436,-0.02841242402791977,0.22185108065605164,0.06357941031455994,-0.019161922857165337
F,0.20913594961166382,0.721943736076355,-2.2582048586627934e-07,0.12387728691101074,0.625357985496521,-0.00677122687920928,0.06709951162338257,0.4937741756439209,-0.013255157507956028,0.019862353801727295,0.3960878849029541,-0.029364947229623795,0.0,0.29839658737182617,-0.042799364775419235,0.14387017488479614,0.37781089544296265,0.04421551153063774,0.09375202655792236,0.2930659353733063,-0.0058469390496611595,0.05134260654449463,0.33023756742477417,-0.05210481584072113,0.03293031454086304,0.3816736936569214,-0.07238955050706863,0.17964351177215576,0.3506743609905243,0.027953265234827995,0.15222913026809692,0.19017744064331055,0.008211135864257812,0.1236954927444458,0.09423387050628662,-0.010180563665926456,0.10180830955505371,0.011097192764282227,-0.019960995763540268,0.2256219983100891,0.3466668128967285,-0.00017160549759864807,0.19979262351989746,0.17943724989891052,-0.01933245174586773,0.17665445804595947,0.08055981993675232,-0.02616226114332676,0.15439146757125854,0.0,-0.025148391723632812,0.26981979608535767,0.3619365096092224,-0.03183472529053688,0.2500656247138977,0.21845203638076782,-0.037853896617889404,0.23771405220031738,0.13452959060668945,-0.02877344936132431,0.2222161889076233,0.06461754441261292,-0.01835513301193714
F,0.2109607756137848,0.7244928479194641,-2.2101684749031847e-07,0.12559208273887634,0.6291528940200806,-0.006731174420565367,0.06953957676887512,0.49661147594451904,-0.0129844406619668,0.021484822034835815,0.398570716381073,-0.028782131150364876,0.0,0.3005906343460083,-0.04210234060883522,0.1479969322681427,0.38093674182891846,0.044600050896406174,0.09653207659721375,0.2961125671863556,-0.0046538906171917915,0.05327114462852478,0.3303927183151245,-0.05068183317780495,0.03382018208503723,0.3797783851623535,-0.07105153053998947,0.18322399258613586,0.35252314805984497,0.028232179582118988,0.15565910935401917,0.19136977195739746,0.008805912919342518,0.1264045536518097,0.09492069482803345,-0.01020166464149952,0.10394558310508728,0.012340575456619263,-0.020720144733786583,0.22843244671821594,0.3479123115539551,0.00010032449790742248,0.20277711749076843,0.1811237931251526,-0.018907835707068443,0.17890867590904236,0.0811486542224884,-0.026702603325247765,0.15581998229026794,0.0,-0.02666681446135044,0.27167364954948425,0.3627009391784668,-0.03153633698821068,0.2524658739566803,0.21863362193107605,-0.037471670657396317,0.24034085869789124,0.1341632902622223,-0.029041463509202003,0.2244323194026947,0.06409069895744324,-0.01948229782283306
F,0.21059256792068481,0.7234055399894714,-2.2325885140617174e-07,0.12511497735977173,0.6263338923454285,-0.005769520532339811,0.06899923086166382,0.4959968328475952,-0.012187803164124489,0.021753013134002686,0.3986058235168457,-0.028504706919193268,0.0,0.3015347421169281,-0.04246408864855766,0.14709407091140747,0.38093429803848267,0.045695871114730835,0.09594058990478516,0.297916442155838,-0.0034545285161584616,0.052335143089294434,0.33143895864486694,-0.049587883055210114,0.03253692388534546,0.37923216819763184,-0.07009065896272659,0.18208593130111694,0.35331040620803833,0.028501322492957115,0.15455561876296997,0.1925736665725708,0.009180208668112755,0.12544399499893188,0.09610551595687866,-0.009764970280230045,0.1032213568687439,0.012992829084396362,-0.020200880244374275,0.22736066579818726,0.34883254766464233,-0.0004378979210741818,0.20172756910324097,0.18223801255226135,-0.01956477388739586,0.17797690629959106,0.0815952718257904,-0.027445970103144646,0.15526807308197021,0.0,-0.02740091271698475,0.2708823084831238,0.36379826068878174,-0.03281739726662636,0.2516358494758606,0.22001612186431885,-0.03898995369672775,0.23925060033798218,0.13542887568473816,-0.030596137046813965,0.22320079803466797,0.0652076005935669,-0.020997874438762665
F,0.2128288447856903,0.7227723002433777,-1.9258885686213034e-07,0.12612614035606384,0.6256064772605896,-0.009834100492298603,0.06792280077934265,0.4961300492286682,-0.018977606669068336,0.01988402009010315,0.39696061611175537,-0.03705514222383499,0.0,0.29438847303390503,-0.05216838791966438,0.14835718274116516,0.3802395462989807,0.04093093425035477,0.09821024537086487,0.2930600345134735,-0.0093971136957407,0.05612632632255554,0.333085298538208,-0.05638307332992554,0.03754511475563049,0.3874872326850891,-0.07759829610586166,0.18472173810005188,0.3525303602218628,0.025593271479010582,0.15724590420722961,0.19160836935043335,0.004994899500161409,0.12835875153541565,0.09447404742240906,-0.01587829366326332,0.1062760055065155,0.011990964412689209,-0.028345966711640358,0.23035559058189392,0.34842973947525024,-0.0016650364268571138,0.20361259579658508,0.18104299902915955,-0.021973785012960434,0.18064752221107483,0.08066767454147339,-0.03170187771320343,0.15814337134361267,0.0,-0.03330723196268082,0.27450069785118103,0.36355745792388916,-0.03247843310236931,0.2548753321170807,0.21921774744987488,-0.039699945598840714,0.24284544587135315,0.13351163268089294,-0.032673031091690063,0.22663643956184387,0.06291043758392334,-0.02436143532395363
F,0.209877610206604,0.7193624675273895,-2.2465258098236518e-07,0.12440448999404907,0.6209881007671356,-0.007955487817525864,0.06671231985092163,0.4925704300403595,-0.016194341704249382,0.02024981379508972,0.39492300152778625,-0.03364134207367897,0.0,0.29624444246292114,-0.04833359271287918,0.14663469791412354,0.3782648742198944,0.040497198700904846,0.09714126586914062,0.29545438289642334,-0.009897635318338871,0.054389774799346924,0.3366239368915558,-0.05681435391306877,0.03550910949707031,0.38877859711647034,-0.07808993011713028,0.18287652730941772,0.35280153155326843,0.02388867922127247,0.15506285429000854,0.19178232550621033,0.0027039775159209967,0.12615668773651123,0.09496939182281494,-0.01782688871026039,0.10395246744155884,0.010396242141723633,-0.029769618064165115,0.2286999225616455,0.34954676032066345,-0.004326552152633667,0.2030220627784729,0.1815291941165924,-0.025432521477341652,0.1793426275253296,0.0812515914440155,-0.0345149002969265,0.1560271978378296,0.0,-0.03530016914010048,0.2730506658554077,0.36487945914268494,-0.03588590770959854,0.2523355484008789,0.22011050581932068,-0.043546926230192184,0.2395716905593872,0.1349523961544037,-0.035630978643894196,0.22276610136032104,0.0643686056137085,-0.02638215944170952
F,0.2098236083984375,0.7126993834972382,-2.0900277775126597e-07,0.12507688999176025,0.6145089566707611,-0.009510332718491554,0.06584089994430542,0.48782435059547424,-0.019198525696992874,0.018148273229599,0.3910367786884308,-0.037876009941101074,0.0,0.2900697886943817,-0.053725581616163254,0.1444089412689209,0.3741926848888397,0.03844086453318596,0.0966179370880127,0.28977665305137634,-0.013186978176236153,0.056124746799468994,0.3320644795894623,-0.06049663573503494,0.038465142250061035,0.38605818152427673,-0.08197047561407089,0.18273138999938965,0.3484738767147064,0.022314386442303658,0.15532630681991577,0.18917009234428406,-0.00028540854691527784,0.12737125158309937,0.09289294481277466,-0.021843256428837776,0.10518819093704224,0.009670495986938477,-0.034711841493844986,0.22971194982528687,0.34548529982566833,-0.005545316729694605,0.20315086841583252,0.1788303554058075,-0.02783752791583538,0.18052518367767334,0.08008986711502075,-0.037714883685112,0.15715765953063965,0.0,-0.0391082726418972,0.27536481618881226,0.3605458736419678,-0.03675471991300583,0.25420987606048584,0.21702232956886292,-0.045325495302677155,0.2418760061264038,0.13217702507972717,-0.03839864581823349,0.22518932819366455,0.06204938888549805,-0.029960161074995995
F,0.20704567432403564,0.7130499184131622,-2.1605694655590924e-07,0.12409412860870361,0.6150834858417511,-0.0077767265029251575,0.06682008504867554,0.4886328876018524,-0.016523586586117744,0.019981592893600464,0.3913455307483673,-0.0343879759311676,0.0,0.2918931543827057,-0.04936258867383003,0.14464104175567627,0.37817975878715515,0.03880000114440918,0.09684383869171143,0.29588836431503296,-0.012475773692131042,0.0559234619140625,0.3364410102367401,-0.05933330953121185,0.03834390640258789,0.3876871168613434,-0.08057686686515808,0.18100154399871826,0.35332393646240234,0.02189376763999462,0.15287744998931885,0.19251838326454163,-0.0010926718823611736,0.12493884563446045,0.0951659083366394,-0.02209223061800003,0.10319650173187256,0.010279417037963867,-0.034139394760131836,0.22684752941131592,0.3497534394264221,-0.006459565833210945,0.2005125880241394,0.18237411975860596,-0.028859034180641174,0.17745882272720337,0.08160838484764099,-0.03807924687862396,0.15406280755996704,0.0,-0.03868131712079048,0.2715209722518921,0.36355018615722656,-0.038037337362766266,0.25072675943374634,0.2195243537425995,-0.046366073191165924,0.2382187843322754,0.13374000787734985,-0.03887153044342995,0.22161900997161865,0.06301796436309814,-0.02983660064637661
F,0.2093169093132019,0.7126825451850891,-2.0202686812353932e-07,0.12430155277252197,0.6157749891281128,-0.007506579160690308,0.06643146276473999,0.4902634620666504,-0.016340622678399086,0.01926863193511963,0.39280807971954346,-0.03421889245510101,0.0,0.29322555661201477,-0.04921502247452736,0.1442110538482666,0.37881189584732056,0.038600027561187744,0.0965186357498169,0.2953651249408722,-0.012776203453540802,0.05667877197265625,0.3368874192237854,-0.05953694507479668,0.04015910625457764,0.38895803689956665,-0.08067765086889267,0.18149536848068237,0.3532571494579315,0.021912341937422752,0.15404236316680908,0.19352006912231445,-0.0014672508696094155,0.1268976926803589,0.09611296653747559,-0.022655921056866646,0.10594803094863892,0.010987430810928345,-0.03478177264332771,0.22806572914123535,0.34954050183296204,-0.006154078524559736,0.20126056671142578,0.18344652652740479,-0.02906513214111328,0.1781752109527588,0.08222082257270813,-0.038978297263383865,0.15519195795059204,0.0,-0.03996386379003525,0.2735084891319275,0.36365923285484314,-0.03729330375790596,0.2524535655975342,0.22004592418670654,-0.04638022929430008,0.23878300189971924,0.1339491605758667,-0.03974399343132973,0.2212766408920288,0.06271716952323914,-0.0312032550573349
F,0.2089998722076416,0.7127353847026825,-2.0228053188020567e-07,0.12476503849029541,0.6166400015354156,-0.00763713801279664,0.06698107719421387,0.4903331696987152,-0.01608441025018692,0.019312560558319092,0.39250078797340393,-0.03358219563961029,0.0,0.29250577092170715,-0.04809153825044632,0.14586728811264038,0.3797719180583954,0.03940052166581154,0.09813857078552246,0.29505690932273865,-0.011317036114633083,0.056932151317596436,0.3346647322177887,-0.05741332843899727,0.0394134521484375,0.3855423629283905,-0.07802952826023102,0.18295937776565552,0.3542611300945282,0.022727718576788902,0.1543816328048706,0.19323185086250305,0.00011710833496181294,0.1268460750579834,0.09513980150222778,-0.020155467092990875,0.1060076355934143,0.009845554828643799,-0.0314963161945343,0.22920358180999756,0.3505495488643646,-0.0054555549286305904,0.202531099319458,0.1836090385913849,-0.027897296473383904,0.17887580394744873,0.0818573534488678,-0.03705432638525963,0.15572160482406616,0.0,-0.03729553520679474,0.27423083782196045,0.36455851793289185,-0.03680019453167915,0.2526690363883972,0.21988829970359802,-0.04555853456258774,0.23859667778015137,0.13331034779548645,-0.0384303443133831,0.2211054563522339,0.06256425380706787,-0.029398128390312195
F,0.2116701602935791,0.7158830165863037,-2.1194635735355405e-07,0.12573468685150146,0.620527982711792,-0.007629096508026123,0.06706315279006958,0.4942885637283325,-0.016449419781565666,0.019134879112243652,0.39638394117355347,-0.0343562513589859,0.0,0.29497987031936646,-0.04941096529364586,0.1470266580581665,0.3816366195678711,0.039326708763837814,0.0981978178024292,0.2970084249973297,-0.011127919889986515,0.05804085731506348,0.33724015951156616,-0.05741111561655998,0.04074221849441528,0.38942962884902954,-0.07834944128990173,0.18410634994506836,0.35623255372047424,0.022203540429472923,0.15468531847000122,0.19512322545051575,9.932844113791361e-05,0.12686419486999512,0.09787145256996155,-0.020712438970804214,0.10497641563415527,0.014253884553909302,-0.032755013555288315,0.2303794026374817,0.35279110074043274,-0.006403665523976088,0.2023380994796753,0.1857464611530304,-0.02847466804087162,0.1783905029296875,0.08285778760910034,-0.03842369467020035,0.15434551239013672,0.0,-0.039611462503671646,0.2753206491470337,0.3668482303619385,-0.03816427290439606,0.2530473470687866,0.2218078374862671,-0.046826932579278946,0.239709734916687,0.13501322269439697,-0.04007840156555176,0.22238868474960327,0.06336948275566101,-0.03168835863471031
F,0.21006685495376587,0.7157871127128601,-2.0874064432518935e-07,0.12400233745574951,0.6200093626976013,-0.006615609861910343,0.0657503604888916,0.4928426742553711,-0.014364786446094513,0.01936781406402588,0.39499831199645996,-0.03129132464528084,0.0,0.29468148946762085,-0.045498091727495193,0.1449122428894043,0.3809612989425659,0.039961013942956924,0.09663885831832886,0.29647111892700195,-0.009750587865710258,0.056554317474365234,0.33606868982315063,-0.05542830377817154,0.039034128189086914,0.38761472702026367,-0.07600769400596619,0.18236130475997925,0.35534629225730896,0.022469954565167427,0.1534212827682495,0.19395554065704346,0.0004605649155564606,0.12532085180282593,0.0960705578327179,-0.02018100582063198,0.10336023569107056,0.011988788843154907,-0.031963907182216644,0.22873198986053467,0.35184815526008606,-0.006343528162688017,0.20134246349334717,0.18470919132232666,-0.02839558944106102,0.1771523356437683,0.08222800493240356,-0.03825077414512634,0.15306341648101807,0.0,-0.039282239973545074,0.2736867070198059,0.36623233556747437,-0.038209278136491776,0.25162261724472046,0.22140872478485107,-0.04685356840491295,0.2380542755126953,0.13464227318763733,-0.039949845522642136,0.22062349319458008,0.06308352947235107,-0.031380657106637955
F,0.21052387356758118,0.7165422737598419,-2.109089507484896e-07,0.12465861439704895,0.6202139556407928,-0.0077788918279111385,0.06629183888435364,0.49280938506126404,-0.01643848419189453,0.019273579120635986,0.3949413001537323,-0.03433508425951004,0.0,0.2941318452358246,-0.04937351495027542,0.1466834843158722,0.38271787762641907,0.04036175459623337,0.09850636124610901,0.2977040112018585,-0.009387442842125893,0.058228880167007446,0.3396695852279663,-0.055675163865089417,0.04091885685920715,0.3934963643550873,-0.07687100768089294,0.18375161290168762,0.3570754826068878,0.02303910255432129,0.15532496571540833,0.1958496868610382,0.0016622556140646338,0.1271502673625946,0.09798872470855713,-0.020034225657582283,0.10533741116523743,0.013780444860458374,-0.03320074826478958,0.2294100821018219,0.35371795296669006,-0.005785850808024406,0.20180663466453552,0.185998797416687,-0.027906954288482666,0.1772773563861847,0.08253920078277588,-0.039510298520326614,0.1529528796672821,0.0,-0.04218880087137222,0.27356067299842834,0.3675675094127655,-0.03770017996430397,0.25201907753944397,0.22243532538414001,-0.046913083642721176,0.23848822712898254,0.13512665033340454,-0.04120473936200142,0.22097191214561462,0.06414222717285156,-0.03378508239984512
F,0.20836138725280762,0.7132788002490997,-2.2740033500667778e-07,0.12443113327026367,0.6178649961948395,-0.006692308466881514,0.0664626955986023,0.49138614535331726,-0.014974785037338734,0.01966378092765808,0.3945445716381073,-0.03258020058274269,0.0,0.29536154866218567,-0.04758559912443161,0.1463989019393921,0.378650039434433,0.040096331387758255,0.09706103801727295,0.2989954948425293,-0.010557304136455059,0.05651205778121948,0.341185063123703,-0.057788603007793427,0.03914964199066162,0.39291855692863464,-0.07962482422590256,0.1826937198638916,0.3533957302570343,0.022295767441391945,0.15368294715881348,0.19349831342697144,0.00034857288119383156,0.125832200050354,0.09706979990005493,-0.02107337675988674,0.10436123609542847,0.013192892074584961,-0.033776260912418365,0.2286399006843567,0.35064417123794556,-0.006911453325301409,0.20090210437774658,0.18410155177116394,-0.028950881212949753,0.17645496129989624,0.08212122321128845,-0.039448972791433334,0.1524195671081543,0.0,-0.041261255741119385,0.2730417847633362,0.3654533922672272,-0.039217155426740646,0.25067901611328125,0.221428781747818,-0.048098742961883545,0.2363119125366211,0.13566738367080688,-0.041563231498003006,0.2179415225982666,0.06516700983047485,-0.03338109701871872
F,0.21097344160079956,0.7144579887390137,-2.352773691427501e-07,0.12501907348632812,0.6198792457580566,-0.007344805635511875,0.06590646505355835,0.4935687780380249,-0.01595178060233593,0.01905357837677002,0.39600956439971924,-0.033687323331832886,0.0,0.2956065237522125,-0.04848557710647583,0.14706730842590332,0.3775179386138916,0.03941019997000694,0.09613454341888428,0.2954426109790802,-0.011023329570889473,0.055149853229522705,0.3365723788738251,-0.05758688226342201,0.037862181663513184,0.3884124755859375,-0.07872465997934341,0.18430030345916748,0.3516708016395569,0.022292936220765114,0.15357047319412231,0.1922481656074524,0.0005539963021874428,0.12474596500396729,0.09622752666473389,-0.019926153123378754,0.10260123014450073,0.013765275478363037,-0.03164906054735184,0.2300952672958374,0.3482106328010559,-0.006251717451959848,0.20194077491760254,0.18255573511123657,-0.028092272579669952,0.1767156720161438,0.0811166763305664,-0.03746381029486656,0.15187197923660278,0.0,-0.0381983183324337,0.27392667531967163,0.36260294914245605,-0.03795083984732628,0.2519320249557495,0.21912580728530884,-0.04687323421239853,0.23713278770446777,0.1332753598690033,-0.03990331292152405,0.21800142526626587,0.06289371848106384,-0.031032929196953773
F,0.2104145884513855,0.7178570330142975,-2.3532540183168749e-07,0.12452208995819092,0.6208805739879608,-0.00695507088676095,0.06628948450088501,0.49324944615364075,-0.01535098534077406,0.01957523822784424,0.39591625332832336,-0.03305168077349663,0.0,0.2955017685890198,-0.04781733453273773,0.14849364757537842,0.37810513377189636,0.04020851477980614,0.09751909971237183,0.2948462963104248,-0.009886995889246464,0.05577361583709717,0.3355044424533844,-0.05634468048810959,0.037795841693878174,0.38756605982780457,-0.0773664340376854,0.18530839681625366,0.35279983282089233,0.02286849357187748,0.15411585569381714,0.19266417622566223,0.0016947719268500805,0.12506097555160522,0.09621638059616089,-0.018727736547589302,0.10265123844146729,0.013615965843200684,-0.030469950288534164,0.23085755109786987,0.3493936061859131,-0.005880609154701233,0.2022119164466858,0.18273478746414185,-0.02710680663585663,0.1773197054862976,0.08118093013763428,-0.036297302693128586,0.1527206301689148,0.0,-0.03701753541827202,0.2744373679161072,0.3637462556362152,-0.037813227623701096,0.252299964427948,0.2195414900779724,-0.04599793255329132,0.2381669282913208,0.13379588723182678,-0.038579896092414856,0.2196750044822693,0.06367620825767517,-0.029495058581233025
F,0.21119552850723267,0.7166972458362579,-2.2656340092908067e-07,0.12439912557601929,0.6184627711772919,-0.00749641889706254,0.06521177291870117,0.4909815490245819,-0.01590142585337162,0.018897205591201782,0.3925361931324005,-0.033564455807209015,0.0,0.29115816950798035,-0.048279423266649246,0.1471913456916809,0.3787370026111603,0.041042689234018326,0.09755218029022217,0.2943533658981323,-0.00896021444350481,0.0580480694770813,0.3374224603176117,-0.05551658198237419,0.04148286581039429,0.3924672305583954,-0.07677356153726578,0.1844170093536377,0.352842777967453,0.02405092678964138,0.15488630533218384,0.19256111979484558,0.0018358819652348757,0.12691909074783325,0.0959479808807373,-0.02034415304660797,0.10488402843475342,0.013239264488220215,-0.0335293747484684,0.23029154539108276,0.34891727566719055,-0.004370294511318207,0.2006431221961975,0.18290039896965027,-0.026363780722022057,0.1767250895500183,0.08176600933074951,-0.03734299913048744,0.15261298418045044,0.0,-0.03945222869515419,0.2749883532524109,0.3626590073108673,-0.03590162470936775,0.25292402505874634,0.21893757581710815,-0.043761782348155975,0.23998373746871948,0.13389179110527039,-0.03690826892852783,0.2228068709373474,0.06385788321495056,-0.02865411899983883
F,0.20964473485946655,0.7161040604114532,-2.2499537521980528e-07,0.12475466728210449,0.6186492741107941,-0.007026691921055317,0.06583309173583984,0.4914861023426056,-0.015195346437394619,0.019765198230743408,0.39400020241737366,-0.032515764236450195,0.0,0.2942892611026764,-0.04705687239766121,0.14764893054962158,0.37881043553352356,0.04005450755357742,0.09830152988433838,0.29643383622169495,-0.009706154465675354,0.05776476860046387,0.3374280333518982,-0.056102752685546875,0.03988534212112427,0.3893071115016937,-0.07746703922748566,0.18393832445144653,0.35344198346138,0.022564565762877464,0.1538117527961731,0.1926218569278717,0.0005173123790882528,0.1258593201637268,0.09608280658721924,-0.02118484303355217,0.10452830791473389,0.012817144393920898,-0.03405482694506645,0.22953999042510986,0.35004037618637085,-0.006200746167451143,0.20060259103775024,0.18329665064811707,-0.0283192191272974,0.17613285779953003,0.08204549551010132,-0.03888297080993652,0.15201878547668457,0.0,-0.0407349057495594,0.27402347326278687,0.3641919195652008,-0.03802630677819252,0.2515602111816406,0.21999552845954895,-0.046520937234163284,0.23817771673202515,0.13457491993904114,-0.03970477730035782,0.2205878496170044,0.0636259913444519,-0.031422823667526245
F,0.2137649655342102,0.7161637842655182,-2.2413250633235293e-07,0.12690943479537964,0.6190929114818573,-0.0077814096584916115,0.06736129522323608,0.4922008216381073,-0.01615149900317192,0.019254982471466064,0.3934761583805084,-0.0337025448679924,0.0,0.29151201248168945,-0.04844050109386444,0.14925652742385864,0.3803273141384125,0.041164711117744446,0.09800589084625244,0.29645201563835144,-0.008616751059889793,0.055960118770599365,0.3354867994785309,-0.055226150900125504,0.037280887365341187,0.38747438788414,-0.07648642361164093,0.18561774492263794,0.35310691595077515,0.024597061797976494,0.15548092126846313,0.19197210669517517,0.0032713557593524456,0.12650710344314575,0.09621700644493103,-0.01801036112010479,0.10372763872146606,0.014403432607650757,-0.03042413480579853,0.23120510578155518,0.3478871285915375,-0.0034364094026386738,0.20193803310394287,0.18103322386741638,-0.02457357384264469,0.17744630575180054,0.08073261380195618,-0.03452370688319206,0.1529673933982849,0.0,-0.03582708537578583,0.27528172731399536,0.36045804619789124,-0.03470531851053238,0.2535770535469055,0.21612897515296936,-0.042189158499240875,0.24031829833984375,0.1313781440258026,-0.03489121049642563,0.22255289554595947,0.06193947792053223,-0.026188131421804428
F,0.21163585782051086,0.7157084941864014,-2.2274173261394026e-07,0.12574777007102966,0.6186591386795044,-0.006155436392873526,0.06705042719841003,0.4907686114311218,-0.013723201118409634,0.019962012767791748,0.3931311368942261,-0.030529750511050224,0.0,0.29341891407966614,-0.044441115111112595,0.14834722876548767,0.37840360403060913,0.041416916996240616,0.09883353114128113,0.2946961522102356,-0.0075157987885177135,0.05735155940055847,0.33461737632751465,-0.05309401452541351,0.03829267621040344,0.3858729600906372,-0.07378914952278137,0.18415674567222595,0.35296615958213806,0.02390657737851143,0.15345951914787292,0.19204378128051758,0.002631430746987462,0.12535324692726135,0.09550541639328003,-0.018068840727210045,0.10345932841300964,0.011758357286453247,-0.030063780024647713,0.2293681800365448,0.34914690256118774,-0.004877305589616299,0.20011839270591736,0.18341302871704102,-0.026172729209065437,0.1758234202861786,0.08236485719680786,-0.03580225631594658,0.15160635113716125,0.0,-0.036842670291662216,0.2732596695423126,0.36299848556518555,-0.03670148923993111,0.24948182702064514,0.2181529998779297,-0.04430001229047775,0.235838383436203,0.13346990942955017,-0.036652930080890656,0.21816936135292053,0.06363731622695923,-0.027687614783644676
F,0.21147602796554565,0.7153812944889069,-2.075466767337275e-07,0.1250351071357727,0.6186143457889557,-0.006645026616752148,0.06580239534378052,0.4914827048778534,-0.014112798497080803,0.01993405818939209,0.39419153332710266,-0.03061279095709324,0.0,0.2943825125694275,-0.04444212466478348,0.14690744876861572,0.3811202347278595,0.04047785699367523,0.09776097536087036,0.29770025610923767,-0.0077078500762581825,0.05742567777633667,0.33697202801704407,-0.052551887929439545,0.03892543911933899,0.3881221115589142,-0.07287359982728958,0.18350201845169067,0.35437318682670593,0.023291585966944695,0.15394484996795654,0.19388672709465027,0.0020171827636659145,0.12575358152389526,0.09741437435150146,-0.019139917567372322,0.10388857126235962,0.014020472764968872,-0.03150457516312599,0.22908097505569458,0.3498474657535553,-0.005056047346442938,0.20025306940078735,0.1851119101047516,-0.026736462488770485,0.17534613609313965,0.08298969268798828,-0.03777351602911949,0.15093141794204712,0.0,-0.03988732025027275,0.2736002802848816,0.3630056381225586,-0.036351412534713745,0.2511295676231384,0.2190226912498474,-0.044587429612874985,0.23750323057174683,0.13326984643936157,-0.03816470503807068,0.21976661682128906,0.06248140335083008,-0.030247678980231285
F,0.20966115593910217,0.713474690914154,-2.128327878381242e-07,0.12494757771492004,0.6176273226737976,-0.00723064923658967,0.06615230441093445,0.49162757396698,-0.01585240662097931,0.019479095935821533,0.39498376846313477,-0.033360376954078674,0.0,0.2947646975517273,-0.048251230269670486,0.1479078233242035,0.37834274768829346,0.03749469667673111,0.097788006067276,0.29740869998931885,-0.012111273594200611,0.05622854828834534,0.3374596834182739,-0.05787922441959381,0.03728067874908447,0.38793885707855225,-0.07886840403079987,0.18433335423469543,0.3528292775154114,0.019965235143899918,0.1542436182498932,0.19186100363731384,-0.0021902271546423435,0.1257939636707306,0.09554457664489746,-0.023257194086909294,0.1038004457950592,0.012537121772766113,-0.035571563988924026,0.2298586070537567,0.3497949540615082,-0.008650959469377995,0.20086804032325745,0.18409618735313416,-0.031132491305470467,0.17613014578819275,0.08223316073417664,-0.041481029242277145,0.15164843201637268,0.0,-0.0430309996008873,0.2736808955669403,0.36438173055648804,-0.040260978043079376,0.25078603625297546,0.21992212533950806,-0.04935694858431816,0.2370757758617401,0.1339625120162964,-0.04269630089402199,0.21883144974708557,0.06339505314826965,-0.03440166637301445
F,0.20892387628555298,0.70975461602211,-2.1699537455788231e-07,0.12447494268417358,0.6156134307384491,-0.007403064053505659,0.06526756286621094,0.49074384570121765,-0.0162606593221426,0.01907813549041748,0.39405354857444763,-0.03389914706349373,0.0,0.29470717906951904,-0.048960015177726746,0.14619028568267822,0.3780672252178192,0.036771342158317566,0.09756642580032349,0.29763126373291016,-0.01272744033485651,0.05713224411010742,0.335283488035202,-0.058271829038858414,0.037866294384002686,0.3834799826145172,-0.07910672575235367,0.18267971277236938,0.3521157205104828,0.019339168444275856,0.15323883295059204,0.19248464703559875,-0.003385131945833564,0.12493258714675903,0.09666964411735535,-0.024605773389339447,0.1024237871170044,0.014375686645507812,-0.036777373403310776,0.22779500484466553,0.3486829102039337,-0.009098528884351254,0.1990947127342224,0.18410655856132507,-0.032376453280448914,0.1743972897529602,0.08252719044685364,-0.04348605498671532,0.14963054656982422,0.0,-0.04534551873803139,0.27158886194229126,0.3634181618690491,-0.04042269289493561,0.24944496154785156,0.22046977281570435,-0.050078876316547394,0.2356436848640442,0.13547512888908386,-0.043983347713947296,0.21728968620300293,0.06524589657783508,-0.03604380041360855
F,0.20851141214370728,0.7071054875850677,-2.1043703668510716e-07,0.12422889471054077,0.6133621037006378,-0.0084134042263031,0.06511545181274414,0.4884330928325653,-0.017682429403066635,0.019276022911071777,0.3914821445941925,-0.035452939569950104,0.0,0.29248204827308655,-0.05067973956465721,0.145011305809021,0.3797474205493927,0.03428330272436142,0.09655433893203735,0.2965056002140045,-0.014554185792803764,0.055943965911865234,0.3348497152328491,-0.05907639488577843,0.03772610425949097,0.385454922914505,-0.07928385585546494,0.18209946155548096,0.3537365794181824,0.017688488587737083,0.15302062034606934,0.19390293955802917,-0.004198371898382902,0.12450838088989258,0.09741437435150146,-0.02482345513999462,0.10248267650604248,0.01492360234260559,-0.03700592741370201,0.22746849060058594,0.34980353713035583,-0.009747046045958996,0.1993551254272461,0.1841391623020172,-0.03219519183039665,0.1743982434272766,0.08218967914581299,-0.04326242208480835,0.1500212550163269,0.0,-0.045512594282627106,0.27191978693008423,0.36390188336372375,-0.04008233919739723,0.2504897117614746,0.22068706154823303,-0.04948289319872856,0.23695051670074463,0.13494151830673218,-0.04368455335497856,0.2193095088005066,0.06475552916526794,-0.03620023652911186
F,0.21051985025405884,0.7046583294868469,-2.0004392808914417e-07,0.12593990564346313,0.6133637428283691,-0.008123183622956276,0.06584811210632324,0.48843711614608765,-0.017476286739110947,0.018996477127075195,0.3918291926383972,-0.03547731041908264,0.0,0.29273808002471924,-0.0509924478828907,0.14410758018493652,0.37582242488861084,0.03547707945108414,0.09619653224945068,0.2946943938732147,-0.013986875303089619,0.05636429786682129,0.33338117599487305,-0.05908878892660141,0.03789877891540527,0.38290733098983765,-0.07959388941526413,0.18188321590423584,0.350089430809021,0.0182251688092947,0.1526818871498108,0.1903417706489563,-0.0037423777393996716,0.12546628713607788,0.09435418248176575,-0.024130651727318764,0.10376876592636108,0.012375473976135254,-0.035945191979408264,0.2281530499458313,0.34688499569892883,-0.010110817849636078,0.199812114238739,0.18277022242546082,-0.03289122134447098,0.17520135641098022,0.08132371306419373,-0.04373499006032944,0.15030890703201294,0.0,-0.04561116173863411,0.2732403874397278,0.3614290952682495,-0.04137333855032921,0.24971860647201538,0.2187982201576233,-0.05145769193768501,0.23537564277648926,0.13387048244476318,-0.045737579464912415,0.21666020154953003,0.06436559557914734,-0.03807668760418892
F,0.21029877662658691,0.7034002244472504,-1.8346929664403433e-07,0.1257714033126831,0.6090063154697418,-0.006733401212841272,0.06583470106124878,0.4857421815395355,-0.016004592180252075,0.018632352352142334,0.3901970684528351,-0.03409719094634056,0.0,0.2912587821483612,-0.04982222989201546,0.1461944580078125,0.37545958161354065,0.03520822525024414,0.0980578064918518,0.29535719752311707,-0.014304068870842457,0.058092355728149414,0.3353107273578644,-0.05921139940619469,0.03990674018859863,0.3852790296077728,-0.07971120625734329,0.18355292081832886,0.35054129362106323,0.01706935279071331,0.15431302785873413,0.18997332453727722,-0.006082945037633181,0.12688028812408447,0.0935772955417633,-0.026934385299682617,0.1053539514541626,0.010951787233352661,-0.038950227200984955,0.22951602935791016,0.34811878204345703,-0.011893698945641518,0.20125383138656616,0.18383944034576416,-0.03552448749542236,0.1768261194229126,0.08169373869895935,-0.04638708382844925,0.15259110927581787,0.0,-0.04812035709619522,0.27386975288391113,0.3631689250469208,-0.043594807386398315,0.2506880760192871,0.2195848524570465,-0.05381099507212639,0.23680591583251953,0.13314330577850342,-0.04790862277150154,0.21866732835769653,0.06282785534858704,-0.04012871906161308
F,0.205461323261261,0.7013387978076935,-1.859209817212104e-07,0.12277591228485107,0.6095621287822723,-0.008023404516279697,0.06440764665603638,0.4848434031009674,-0.017408257350325584,0.018452882766723633,0.38853129744529724,-0.03529689833521843,0.0,0.2903222441673279,-0.05064039304852486,0.14277005195617676,0.37424436211586,0.03396296873688698,0.09517866373062134,0.2934055030345917,-0.016814127564430237,0.055415451526641846,0.332327276468277,-0.06219780445098877,0.03728526830673218,0.38138869404792786,-0.08257895708084106,0.18077003955841064,0.34805622696876526,0.01668592542409897,0.15258324146270752,0.1884031593799591,-0.0072779059410095215,0.1253652572631836,0.09120646119117737,-0.0277586430311203,0.10387474298477173,0.007752746343612671,-0.03901351988315582,0.22699403762817383,0.3451443314552307,-0.011626153253018856,0.19924086332321167,0.1827923059463501,-0.035500653088092804,0.1747923493385315,0.0816943347454071,-0.04529723897576332,0.150737464427948,0.0,-0.045939840376377106,0.27160459756851196,0.36044326424598694,-0.04289659112691879,0.24904096126556396,0.2178919017314911,-0.053135935217142105,0.235096275806427,0.1321791410446167,-0.046607162803411484,0.21738892793655396,0.061745285987854004,-0.03802156448364258
F,0.20345699787139893,0.6997902393341064,-1.8626681708155957e-07,0.12165391445159912,0.6109076738357544,-0.009091662243008614,0.0648384690284729,0.4872187376022339,-0.019063569605350494,0.018605083227157593,0.39084142446517944,-0.037472810596227646,0.0,0.2932054102420807,-0.05338212847709656,0.1401914358139038,0.3739857077598572,0.03292063996195793,0.09321600198745728,0.2909609079360962,-0.018751442432403564,0.05458253622055054,0.3275395929813385,-0.06439067423343658,0.038084328174591064,0.3758125901222229,-0.08456116914749146,0.17857873439788818,0.34805697202682495,0.016454970464110374,0.15151500701904297,0.18867498636245728,-0.007352581713348627,0.12454110383987427,0.09220191836357117,-0.02728884480893612,0.10310995578765869,0.01019442081451416,-0.038138821721076965,0.2250872254371643,0.3452349901199341,-0.011188271455466747,0.19860363006591797,0.18098142743110657,-0.034725286066532135,0.1750146746635437,0.08073863387107849,-0.044225312769412994,0.15214204788208008,0.0,-0.044717323035001755,0.26970362663269043,0.360953152179718,-0.041898421943187714,0.24864858388900757,0.21849334239959717,-0.05213937908411026,0.23509865999221802,0.13312816619873047,-0.04607827216386795,0.21844089031219482,0.06302043795585632,-0.037751808762550354
F,0.20189723372459412,0.7044138014316559,-1.9151411834172904e-07,0.11964026093482971,0.6126131117343903,-0.009878957644104958,0.06421652436256409,0.48914310336112976,-0.01983819529414177,0.017324507236480713,0.3927018344402313,-0.03828912228345871,0.0,0.2932368218898773,-0.05402008816599846,0.14148220419883728,0.3776913583278656,0.035067152231931686,0.09403219819068909,0.2953735589981079,-0.015983939170837402,0.052888721227645874,0.3325592875480652,-0.061856891959905624,0.03448185324668884,0.38153043389320374,-0.08232889324426651,0.1790253221988678,0.35201600193977356,0.019385403022170067,0.1520628035068512,0.19225427508354187,-0.0032168857287615538,0.12441763281822205,0.0958121120929718,-0.022969769313931465,0.10224255919456482,0.0126875638961792,-0.033813949674367905,0.22513899207115173,0.34831807017326355,-0.007693263236433268,0.19823262095451355,0.18250155448913574,-0.030361369252204895,0.17407658696174622,0.08123105764389038,-0.03966214880347252,0.14997026324272156,0.0,-0.0399685874581337,0.2695598304271698,0.36227840185165405,-0.03800923749804497,0.24851861596107483,0.21933850646018982,-0.04755507782101631,0.2346648871898651,0.1338391900062561,-0.04107048735022545,0.21686682105064392,0.06459030508995056,-0.03239550441503525
F,0.206462562084198,0.701706051826477,-1.854264723988308e-07,0.1238970160484314,0.6125738620758057,-0.010898672044277191,0.06556987762451172,0.4901331663131714,-0.02164139226078987,0.017654240131378174,0.3926531672477722,-0.04084109514951706,0.0,0.2912791967391968,-0.05741846561431885,0.14247965812683105,0.37820684909820557,0.035592932254076004,0.09417939186096191,0.29581284523010254,-0.014639168046414852,0.053905606269836426,0.3331942558288574,-0.06053232029080391,0.03629022836685181,0.381830096244812,-0.0816531553864479,0.1801377534866333,0.35197561979293823,0.019569773226976395,0.1530604362487793,0.19230368733406067,-0.003363627241924405,0.12606269121170044,0.09588342905044556,-0.02524743415415287,0.10466957092285156,0.013750523328781128,-0.03832435607910156,0.2256711721420288,0.34864139556884766,-0.007964340969920158,0.1985466480255127,0.18349343538284302,-0.032176222652196884,0.17507898807525635,0.08160263299942017,-0.044806934893131256,0.1511554718017578,0.0,-0.047814399003982544,0.2698296308517456,0.36260128021240234,-0.03856375813484192,0.24841392040252686,0.21968907117843628,-0.04972289502620697,0.23532825708389282,0.13393634557724,-0.045535434037446976,0.21772444248199463,0.06387865543365479,-0.03907459229230881
F,0.20578008890151978,0.7017894089221954,-1.8059739659292973e-07,0.12369322776794434,0.6110539138317108,-0.009037135168910027,0.06677526235580444,0.4881993234157562,-0.018730269744992256,0.018963128328323364,0.39205142855644226,-0.037027228623628616,0.0,0.2926911413669586,-0.052649740129709244,0.1437845230102539,0.3753792941570282,0.03599514067173004,0.09668165445327759,0.29202720522880554,-0.014262109063565731,0.05752342939376831,0.3281193673610687,-0.05927564576268196,0.04051166772842407,0.3766571581363678,-0.07926807552576065,0.1814415454864502,0.34974995255470276,0.019687438383698463,0.1533486247062683,0.18965592980384827,-0.0027297723572701216,0.1258729100227356,0.0935300886631012,-0.02259722165763378,0.10378694534301758,0.01130068302154541,-0.03363065794110298,0.22771894931793213,0.3463796079158783,-0.007923746481537819,0.2001209855079651,0.18168538808822632,-0.03072316013276577,0.1759105920791626,0.0810190737247467,-0.04037228971719742,0.1516430377960205,0.0,-0.041045594960451126,0.2723589539527893,0.3609369695186615,-0.03862522542476654,0.25015848875045776,0.2188728153705597,-0.048263464123010635,0.2362191081047058,0.13392460346221924,-0.04205067828297615,0.21820348501205444,0.0642385482788086,-0.03377016633749008
F,0.2057892084121704,0.70110222697258,-1.775540283688315e-07,0.12318718433380127,0.6100722849369049,-0.0098603880032897,0.06511509418487549,0.4874820411205292,-0.02028939127922058,0.01797574758529663,0.3906080424785614,-0.039091628044843674,0.0,0.2910214066505432,-0.05524895712733269,0.14233875274658203,0.3777957260608673,0.034356389194726944,0.09633713960647583,0.2937612235546112,-0.016148941591382027,0.0574684739112854,0.3309900164604187,-0.06155591458082199,0.04013758897781372,0.3800484240055084,-0.08200082182884216,0.1799858808517456,0.352194219827652,0.01828428916633129,0.15293806791305542,0.1913844645023346,-0.004756108392030001,0.12629789113998413,0.09475237131118774,-0.02569328248500824,0.10478252172470093,0.012218296527862549,-0.03778019919991493,0.2261294722557068,0.34816548228263855,-0.009014460258185863,0.19878613948822021,0.1828729212284088,-0.03237414360046387,0.17525029182434082,0.08156880736351013,-0.043269749730825424,0.15138667821884155,0.0,-0.045006733387708664,0.27139121294021606,0.3610551953315735,-0.03936774283647537,0.2489849328994751,0.21808424592018127,-0.04952507093548775,0.2355096936225891,0.13300848007202148,-0.04405134916305542,0.21798443794250488,0.06334412097930908,-0.03652084991335869
F,0.2039770781993866,0.7017878890037537,-1.803689144708187e-07,0.12164762616157532,0.6107788681983948,-0.008787988685071468,0.06540551781654358,0.4872145652770996,-0.01819857768714428,0.018631339073181152,0.39104360342025757,-0.03603554517030716,0.0,0.29300951957702637,-0.05122683569788933,0.1407986581325531,0.3764342665672302,0.0343431793153286,0.09479084610939026,0.29336413741111755,-0.01651887781918049,0.055665522813797,0.3303305506706238,-0.06167614459991455,0.03827372193336487,0.37937045097351074,-0.08156304806470871,0.17891594767570496,0.3510456085205078,0.018184075132012367,0.1523243486881256,0.19097602367401123,-0.005138423293828964,0.12588909268379211,0.09390515089035034,-0.024931464344263077,0.10434529185295105,0.011078953742980957,-0.03563017025589943,0.22538349032402039,0.34741097688674927,-0.009116753935813904,0.19892671704292297,0.18259751796722412,-0.03233341500163078,0.17573335766792297,0.08131185173988342,-0.0419122539460659,0.1521492898464203,0.0,-0.04228018596768379,0.2703531086444855,0.36146852374076843,-0.0394291952252388,0.24912956357002258,0.219052255153656,-0.049069859087467194,0.23580148816108704,0.1338059902191162,-0.04266427084803581,0.21858689188957214,0.06448912620544434,-0.034067850559949875
F,0.20466938614845276,0.700581431388855,-1.9285120345102769e-07,0.12249031662940979,0.608328640460968,-0.010068434290587902,0.06548872590065002,0.48495930433273315,-0.020566018298268318,0.017994940280914307,0.3886631727218628,-0.03958698362112045,0.0,0.28895145654678345,-0.0559074692428112,0.14309361577033997,0.3736097812652588,0.034254688769578934,0.09451600909233093,0.2919550836086273,-0.017623107880353928,0.05550602078437805,0.3336046040058136,-0.06405597180128098,0.04049113392829895,0.38710302114486694,-0.08485960215330124,0.18164393305778503,0.348739355802536,0.01831350475549698,0.15379568934440613,0.18882936239242554,-0.004641515202820301,0.12728646397590637,0.09230589866638184,-0.025288933888077736,0.10670861601829529,0.010084688663482666,-0.03723836690187454,0.22843244671821594,0.3462476432323456,-0.009019702672958374,0.20131340622901917,0.18063092231750488,-0.032186705619096756,0.1780930459499359,0.08026638627052307,-0.04215582460165024,0.15439459681510925,0.0,-0.043155211955308914,0.2730453908443451,0.36131104826927185,-0.03950341045856476,0.250833660364151,0.21817916631698608,-0.04939555749297142,0.23729392886161804,0.1329687535762787,-0.04312054440379143,0.21952113509178162,0.06370508670806885,-0.03477336838841438
F,0.20713776350021362,0.7048977017402649,-1.903196817920616e-07,0.12373459339141846,0.6156139969825745,-0.010741074569523335,0.0656082034111023,0.49143022298812866,-0.020862597972154617,0.018183469772338867,0.39360302686691284,-0.03949137404561043,0.0,0.29200002551078796,-0.055333174765110016,0.14364087581634521,0.38029611110687256,0.03635923191905022,0.09608036279678345,0.2959347665309906,-0.013736964203417301,0.05742901563644409,0.3365009129047394,-0.05926189944148064,0.0410425066947937,0.38968294858932495,-0.07981512695550919,0.18092632293701172,0.35340458154678345,0.020783202722668648,0.15372323989868164,0.19403481483459473,-0.0012527318904176354,0.12677764892578125,0.09717562794685364,-0.022488245740532875,0.10516601800918579,0.014649003744125366,-0.03516395390033722,0.22636020183563232,0.3490850031375885,-0.006374652497470379,0.1983659267425537,0.18407148122787476,-0.029162809252738953,0.1749117374420166,0.08191579580307007,-0.04102349653840065,0.15106415748596191,0.0,-0.04373835027217865,0.27061402797698975,0.36163678765296936,-0.03672461211681366,0.24906110763549805,0.218597412109375,-0.04656825587153435,0.23645120859146118,0.1325247883796692,-0.04176412895321846,0.21961039304733276,0.06231921911239624,-0.03497130051255226
F,0.2061820924282074,0.7020912170410156,-1.9136982132295088e-07,0.12232431769371033,0.6095470190048218,-0.007917610928416252,0.06438055634498596,0.48574650287628174,-0.017225254327058792,0.01815059781074524,0.3898122310638428,-0.03542054072022438,0.0,0.29081448912620544,-0.0510423444211483,0.14362052083015442,0.37428271770477295,0.03722897917032242,0.0960778295993805,0.2924208641052246,-0.011989996768534184,0.057394713163375854,0.3305302560329437,-0.05648857355117798,0.040702998638153076,0.3812600374221802,-0.07630761712789536,0.18098434805870056,0.34899845719337463,0.0202434454113245,0.15216824412345886,0.19064027070999146,-0.001402141060680151,0.12459632754325867,0.09467041492462158,-0.021303800866007805,0.10274675488471985,0.012515485286712646,-0.032672617584466934,0.22645381093025208,0.34563779830932617,-0.008000747300684452,0.19747141003608704,0.182686448097229,-0.03039831481873989,0.17280498147010803,0.08132994174957275,-0.04083355516195297,0.1487160623073578,0.0,-0.04235535115003586,0.2703709304332733,0.3595922887325287,-0.039256155490875244,0.24749484658241272,0.21739551424980164,-0.04883459210395813,0.23375067114830017,0.13192158937454224,-0.04319126904010773,0.21620449423789978,0.06167593598365784,-0.035603780299425125
F,0.20703497529029846,0.7024644613265991,-1.8415632041524077e-07,0.12278589606285095,0.6114335060119629,-0.008832307532429695,0.06421831250190735,0.4887802004814148,-0.01847248338162899,0.017882615327835083,0.3928842544555664,-0.036787234246730804,0.0,0.2929899990558624,-0.05228288844227791,0.14367178082466125,0.3754711151123047,0.03694365546107292,0.09696075320243835,0.29314467310905457,-0.012375719845294952,0.05912533402442932,0.3314754366874695,-0.056651629507541656,0.043004781007766724,0.38194018602371216,-0.0763009712100029,0.18087700009346008,0.3497048616409302,0.020429862663149834,0.15240129828453064,0.1914510726928711,-0.001738815102726221,0.12516382336616516,0.09613257646560669,-0.02162027545273304,0.10335221886634827,0.014174938201904297,-0.03272818773984909,0.22641006112098694,0.34622418880462646,-0.007492298260331154,0.1978442370891571,0.18361616134643555,-0.030477186664938927,0.17377790808677673,0.0820477306842804,-0.04090334475040436,0.1498291790485382,0.0,-0.042134013026952744,0.27044984698295593,0.3600454032421112,-0.03847527131438255,0.24815723299980164,0.2173193395137787,-0.04841640219092369,0.23483791947364807,0.13171279430389404,-0.04286566749215126,0.2174801528453827,0.061416298151016235,-0.035152826458215714
F,0.20583611726760864,0.7010553479194641,-1.7227196735802863e-07,0.1216890811920166,0.6106377243995667,-0.009192229248583317,0.06430411338806152,0.4865514636039734,-0.018417963758111,0.018636345863342285,0.39008766412734985,-0.036075159907341,0.0,0.2916351556777954,-0.05105084925889969,0.14104580879211426,0.3762664198875427,0.03562803566455841,0.09479004144668579,0.29371920228004456,-0.013781320303678513,0.05663192272186279,0.3307746946811676,-0.057961445301771164,0.03994494676589966,0.3806387782096863,-0.07736817002296448,0.17909502983093262,0.3492536246776581,0.019807280972599983,0.15146535634994507,0.19042426347732544,-0.002107542008161545,0.12486696243286133,0.09400337934494019,-0.02184014394879341,0.10362452268600464,0.01172897219657898,-0.03278139606118202,0.22558575868606567,0.34428349137306213,-0.0072215343825519085,0.19727271795272827,0.18188434839248657,-0.02970878779888153,0.17349231243133545,0.08088979125022888,-0.040055014193058014,0.14988332986831665,0.0,-0.04125840961933136,0.2711148262023926,0.35727059841156006,-0.03729947283864021,0.2487887740135193,0.21570473909378052,-0.046694573014974594,0.2351778745651245,0.13114750385284424,-0.0408201739192009,0.21754610538482666,0.06263202428817749,-0.0328497514128685
F,0.20547237992286682,0.702404260635376,-1.667120272941247e-07,0.12215390801429749,0.6126025915145874,-0.00962215568870306,0.06402286887168884,0.48890089988708496,-0.019170302897691727,0.018067389726638794,0.39197516441345215,-0.0370950773358345,0.0,0.2925106883049011,-0.05252101272344589,0.14144554734230042,0.3790318965911865,0.034916847944259644,0.09465667605400085,0.29676130414009094,-0.014640782959759235,0.05548396706581116,0.33052781224250793,-0.058898765593767166,0.0378972589969635,0.37844109535217285,-0.07837674766778946,0.17931023240089417,0.35144540667533875,0.018941175192594528,0.15198132395744324,0.19141530990600586,-0.00337510509416461,0.12539133429527283,0.09494751691818237,-0.02302234061062336,0.10460492968559265,0.01380079984664917,-0.03380269557237625,0.2252732217311859,0.3467867076396942,-0.008253874257206917,0.19783875346183777,0.1826688051223755,-0.03142249211668968,0.17406263947486877,0.08097028732299805,-0.04183852672576904,0.15074560046195984,0.0,-0.04292384535074234,0.26971110701560974,0.3603399991989136,-0.03850400075316429,0.2481682002544403,0.21742290258407593,-0.04860823601484299,0.23488494753837585,0.13161885738372803,-0.04305094853043556,0.21782532334327698,0.061942845582962036,-0.035257015377283096
F,0.2060692310333252,0.6999739110469818,-1.7072373736937152e-07,0.12271225452423096,0.611212819814682,-0.01026772428303957,0.06435835361480713,0.4871964156627655,-0.019891753792762756,0.017898857593536377,0.3911477029323578,-0.03773145377635956,0.0,0.29189354181289673,-0.05320774391293526,0.14273357391357422,0.376688688993454,0.0335739403963089,0.09365957975387573,0.29462480545043945,-0.015361485071480274,0.05346161127090454,0.3283008933067322,-0.05922360718250275,0.03550615906715393,0.3760806620121002,-0.07856255769729614,0.18087631464004517,0.3494427800178528,0.017774954438209534,0.15225815773010254,0.18957063555717468,-0.004376397468149662,0.12524741888046265,0.09278491139411926,-0.02456813119351864,0.10384583473205566,0.01225009560585022,-0.036030471324920654,0.22649866342544556,0.34479838609695435,-0.009131788276135921,0.1984095573425293,0.18038132786750793,-0.032547030597925186,0.17458957433700562,0.0795198380947113,-0.04409323260188103,0.15070128440856934,0.0,-0.04601508751511574,0.2708045244216919,0.358486533164978,-0.039003655314445496,0.24889296293258667,0.21476665139198303,-0.049339279532432556,0.23581308126449585,0.1291409730911255,-0.04446233808994293,0.2180843949317932,0.060594797134399414,-0.03727332502603531
F,0.20979225635528564,0.7021911144256592,-1.698486471468641e-07,0.125055730342865,0.6148787140846252,-0.010936089791357517,0.06543350219726562,0.4907154440879822,-0.019945677369832993,0.01903286576271057,0.3944377303123474,-0.03690207004547119,0.0,0.29434746503829956,-0.05144224315881729,0.1438760757446289,0.3802192807197571,0.034072089940309525,0.09343904256820679,0.29816046357154846,-0.013382445089519024,0.050930798053741455,0.3308192491531372,-0.05680021643638611,0.030415475368499756,0.3766688108444214,-0.07644037902355194,0.1817428469657898,0.3511989414691925,0.01867024227976799,0.15337884426116943,0.19112509489059448,-0.0033705392852425575,0.12588196992874146,0.09450793266296387,-0.024304168298840523,0.10450106859207153,0.014482855796813965,-0.03639569878578186,0.22736471891403198,0.3456757366657257,-0.007769627496600151,0.19890129566192627,0.18104076385498047,-0.03154498711228371,0.17432928085327148,0.07972750067710876,-0.044276002794504166,0.15016376972198486,0.0,-0.047042276710271835,0.272280216217041,0.3583199679851532,-0.037158556282520294,0.2506852149963379,0.2147357165813446,-0.047981299459934235,0.23747730255126953,0.12900903820991516,-0.04382641986012459,0.21951335668563843,0.06054425239562988,-0.037259530276060104
F,0.2080850601196289,0.7060111463069916,-1.2213322975185292e-07,0.12444186210632324,0.6151785552501678,-0.01219155639410019,0.06736111640930176,0.49373045563697815,-0.023809242993593216,0.0179862380027771,0.3980330526828766,-0.04315927252173424,0.0,0.2993205487728119,-0.05939091742038727,0.1369645595550537,0.37868908047676086,0.02922898344695568,0.08977878093719482,0.2951725423336029,-0.025227250531315804,0.05566376447677612,0.3389001488685608,-0.07176683098077774,0.04362666606903076,0.3919335901737213,-0.09204384684562683,0.17684179544448853,0.34983134269714355,0.014368422329425812,0.1501484513282776,0.1908605992794037,-0.013795127160847187,0.12596404552459717,0.09494975209236145,-0.03459862247109413,0.10683298110961914,0.011420190334320068,-0.04481552913784981,0.224542498588562,0.34539154171943665,-0.011826535686850548,0.1935650110244751,0.1839432418346405,-0.03822823986411095,0.17073404788970947,0.08360451459884644,-0.04677736386656761,0.15003538131713867,0.0,-0.04533056169748306,0.27101027965545654,0.36295321583747864,-0.04131246358156204,0.24676454067230225,0.2202388346195221,-0.05099039152264595,0.2328903079032898,0.1356659233570099,-0.042630862444639206,0.21822381019592285,0.06699714064598083,-0.03203410282731056
F,0.20455199480056763,0.7048518061637878,-1.4110328550032136e-07,0.12248533964157104,0.612239420413971,-0.01159043051302433,0.06613576412200928,0.48630857467651367,-0.02101864106953144,0.018339335918426514,0.388868510723114,-0.038737181574106216,0.0,0.2905845642089844,-0.053363703191280365,0.13602280616760254,0.37531888484954834,0.036669451743364334,0.09346461296081543,0.285863995552063,-0.014472542330622673,0.05666607618331909,0.3283495008945465,-0.05958249419927597,0.041410207748413086,0.3815847635269165,-0.07909741997718811,0.17647546529769897,0.3495481014251709,0.022048024460673332,0.15323424339294434,0.18832197785377502,-0.0009329631575383246,0.12869006395339966,0.09152081608772278,-0.020829157903790474,0.10861873626708984,0.007046520709991455,-0.03158516064286232,0.22456687688827515,0.3463793396949768,-0.004513983149081469,0.19984674453735352,0.18193164467811584,-0.027538973838090897,0.17714416980743408,0.08152595162391663,-0.03707721829414368,0.15413057804107666,0.0,-0.037219204008579254,0.2710267901420593,0.3612983226776123,-0.03449932858347893,0.24904465675354004,0.2172136902809143,-0.04389563575387001,0.23514294624328613,0.13157743215560913,-0.03732220083475113,0.21830099821090698,0.0620671808719635,-0.0284452885389328
F,0.20322877168655396,0.7054089903831482,-1.589046547678663e-07,0.12172961235046387,0.6140914559364319,-0.012463314458727837,0.06653702259063721,0.48892712593078613,-0.02220129780471325,0.018793553113937378,0.3914271593093872,-0.04006423056125641,0.0,0.2930552065372467,-0.0547156035900116,0.13788342475891113,0.37423253059387207,0.03631773591041565,0.09228944778442383,0.28562629222869873,-0.016169901937246323,0.05413299798965454,0.32598674297332764,-0.06234775483608246,0.03871637582778931,0.3796711564064026,-0.08215489983558655,0.17707699537277222,0.34718072414398193,0.022878387942910194,0.1516503095626831,0.1872871220111847,-0.000620840466581285,0.12686806917190552,0.09062537550926208,-0.019997460767626762,0.107338547706604,0.006116241216659546,-0.02988171949982643,0.22457170486450195,0.3430665135383606,-0.0026178418193012476,0.1975390911102295,0.18038427829742432,-0.025246165692806244,0.1754632592201233,0.08124029636383057,-0.03304059058427811,0.1537136435508728,0.0,-0.03155086562037468,0.2699395418167114,0.35819414258003235,-0.03181779384613037,0.24711990356445312,0.2151494026184082,-0.04013534635305405,0.23322540521621704,0.13098207116127014,-0.03216664120554924,0.2169787883758545,0.06213262677192688,-0.021907204762101173
F,0.20455867052078247,0.7044040262699127,-1.6192916518775746e-07,0.12287700176239014,0.6128750145435333,-0.013463117182254791,0.06661319732666016,0.4883698523044586,-0.024061936885118484,0.018744289875030518,0.3912676274776459,-0.04274265840649605,0.0,0.2923073172569275,-0.058435723185539246,0.1387653946876526,0.3757801055908203,0.03533313050866127,0.09405845403671265,0.2881508469581604,-0.017011042684316635,0.05519664287567139,0.3258697986602783,-0.06338228285312653,0.038400352001190186,0.3770890533924103,-0.08358559012413025,0.17789411544799805,0.34809550642967224,0.02193048968911171,0.15290993452072144,0.18796148896217346,-0.0010496941395103931,0.12780219316482544,0.09091201424598694,-0.020854147151112556,0.10776883363723755,0.006809204816818237,-0.03157050535082817,0.22551387548446655,0.343680739402771,-0.0035697785206139088,0.19858592748641968,0.18048951029777527,-0.026254257187247276,0.17620182037353516,0.08107113838195801,-0.034983035176992416,0.15355002880096436,0.0,-0.03461001068353653,0.27182018756866455,0.3577348291873932,-0.03279898315668106,0.24937665462493896,0.21512028574943542,-0.04170963913202286,0.23582041263580322,0.1310071051120758,-0.03464355319738388,0.21912431716918945,0.061976343393325806,-0.025437789037823677
F,0.20676827430725098,0.7054958641529083,-1.5485852600249927e-07,0.12326109409332275,0.6130823194980621,-0.01150242518633604,0.06643837690353394,0.4886385500431061,-0.02094591222703457,0.01918691396713257,0.39134469628334045,-0.03871496394276619,0.0,0.29324063658714294,-0.053572289645671844,0.13911211490631104,0.37767961621284485,0.03655305504798889,0.09336179494857788,0.28938931226730347,-0.014539381489157677,0.05422544479370117,0.325591117143631,-0.059943787753582,0.03733205795288086,0.37607184052467346,-0.07954316586256027,0.1774323582649231,0.34980645775794983,0.02262054942548275,0.15272217988967896,0.18859359622001648,0.00031614158069714904,0.12686699628829956,0.09191301465034485,-0.018994618207216263,0.1061180830001831,0.007883697748184204,-0.029192518442869186,0.2241162657737732,0.3443875014781952,-0.003036368638277054,0.19706791639328003,0.17997223138809204,-0.02491701766848564,0.17406201362609863,0.08051830530166626,-0.033447492867708206,0.15114891529083252,0.0,-0.032894860953092575,0.2693707346916199,0.35732316970825195,-0.03224492818117142,0.24822509288787842,0.21410542726516724,-0.040181126445531845,0.23515844345092773,0.12989914417266846,-0.03263784572482109,0.21921539306640625,0.06131446361541748,-0.023090016096830368
F,0.20550650358200073,0.7066828012466431,-1.4187040164870268e-07,0.12268173694610596,0.6127169132232666,-0.01079497579485178,0.06634294986724854,0.4897858500480652,-0.020648188889026642,0.019163668155670166,0.3950009346008301,-0.03909272700548172,0.0,0.2976365089416504,-0.05478159338235855,0.13962018489837646,0.37652942538261414,0.03668232262134552,0.09311407804489136,0.2908119261264801,-0.014429943636059761,0.05464273691177368,0.3291689455509186,-0.05984511971473694,0.038585156202316284,0.38119637966156006,-0.07950104773044586,0.1776922345161438,0.34995371103286743,0.02161315828561783,0.15118157863616943,0.18825852870941162,-0.0012276936322450638,0.1253756880760193,0.0914144515991211,-0.02082127332687378,0.1049349308013916,0.007547914981842041,-0.03109217807650566,0.22441232204437256,0.3461240530014038,-0.005193790420889854,0.1965617537498474,0.1819242537021637,-0.02777756191790104,0.17301535606384277,0.08122450113296509,-0.03657251223921776,0.1498088240623474,0.0,-0.03605252504348755,0.2692676782608032,0.3609220087528229,-0.035492099821567535,0.24666684865951538,0.21734502911567688,-0.044029779732227325,0.2334110140800476,0.13193130493164062,-0.0366126149892807,0.2170848250389099,0.06262752413749695,-0.027078332379460335
F,0.2041066586971283,0.7029450833797455,-1.574840382545517e-07,0.1223439872264862,0.6130662858486176,-0.0113627128303051,0.06504008173942566,0.4898897707462311,-0.021670186892151833,0.018088966608047485,0.39375039935112,-0.040364742279052734,0.0,0.2958919107913971,-0.05621599778532982,0.13747629523277283,0.37434282898902893,0.03526642918586731,0.09122088551521301,0.2883899211883545,-0.0162916649132967,0.053118497133255005,0.32660749554634094,-0.06153862923383713,0.03735297918319702,0.37807413935661316,-0.0810469463467598,0.17587456107139587,0.34743526577949524,0.020370738580822945,0.14908501505851746,0.18638774752616882,-0.002623317763209343,0.12395378947257996,0.09048578143119812,-0.021594583988189697,0.1042802631855011,0.007502883672714233,-0.03148309141397476,0.2227058708667755,0.34376123547554016,-0.006331439130008221,0.19466456770896912,0.18017032742500305,-0.029129261150956154,0.17200198769569397,0.08086788654327393,-0.03741500526666641,0.1499057114124298,0.0,-0.03667767345905304,0.26806220412254333,0.35880497097969055,-0.03653893619775772,0.24472996592521667,0.21607300639152527,-0.04549442231655121,0.2314036786556244,0.132027268409729,-0.03819893300533295,0.21531566977500916,0.06324994564056396,-0.02879926562309265
F,0.2052876055240631,0.7034859359264374,-1.3880728033655032e-07,0.12182977795600891,0.6109685003757477,-0.011285430751740932,0.06474420428276062,0.4874466359615326,-0.02116922102868557,0.01829501986503601,0.390843003988266,-0.03943727910518646,0.0,0.29313385486602783,-0.05481996387243271,0.13648048043251038,0.37605276703834534,0.0361320897936821,0.09114333987236023,0.2894114553928375,-0.01564384251832962,0.05248793959617615,0.32680344581604004,-0.061403028666973114,0.03545442223548889,0.37793198227882385,-0.08118520677089691,0.1747259795665741,0.34922733902931213,0.021607212722301483,0.1493188440799713,0.18792501091957092,-0.0016492139548063278,0.12407538294792175,0.09072265028953552,-0.021212885156273842,0.10397598147392273,0.006539434194564819,-0.03140328451991081,0.22155895829200745,0.34498330950737,-0.004717339761555195,0.19414964318275452,0.1814698874950409,-0.027468211948871613,0.17115351557731628,0.08103445172309875,-0.03618566319346428,0.1485435664653778,0.0,-0.03562330827116966,0.2670035660266876,0.3591032028198242,-0.034577876329422,0.24507400393486023,0.21660712361335754,-0.043265845626592636,0.23194685578346252,0.1316404938697815,-0.03606729581952095,0.21603301167488098,0.06238999962806702,-0.026694463565945625
F,0.20352905988693237,0.6985107064247131,-1.4002425530179607e-07,0.12173980474472046,0.6051451563835144,-0.011698535643517971,0.06416702270507812,0.4817255139350891,-0.022143764421343803,0.016917109489440918,0.3864442706108093,-0.04070986434817314,0.0,0.2886699438095093,-0.05644460394978523,0.1348934769630432,0.3704802989959717,0.03344910219311714,0.09144896268844604,0.2845224142074585,-0.019364209845662117,0.055054426193237305,0.3242832124233246,-0.06547840684652328,0.040083885192871094,0.3764108419418335,-0.08554022759199142,0.17449384927749634,0.3446506857872009,0.01870923489332199,0.14947664737701416,0.18518370389938354,-0.005791126750409603,0.12515991926193237,0.08879566192626953,-0.025760389864444733,0.10528910160064697,0.005053579807281494,-0.03626067563891411,0.22244304418563843,0.3417644798755646,-0.00777437211945653,0.19597482681274414,0.1794755458831787,-0.031612832099199295,0.1739434003829956,0.08064302802085876,-0.040089089423418045,0.15152382850646973,0.0,-0.039239514619112015,0.2687827944755554,0.35749298334121704,-0.037713002413511276,0.24576187133789062,0.2153741717338562,-0.04742811247706413,0.23240327835083008,0.1312384009361267,-0.0402042418718338,0.2162601351737976,0.062346845865249634,-0.030660804361104965
F,0.2026563584804535,0.6989639699459076,-1.5683937704125128e-07,0.12151321768760681,0.6083583533763885,-0.009516528807580471,0.06506112217903137,0.485472172498703,-0.01901024580001831,0.01851680874824524,0.390929251909256,-0.03689717873930931,0.0,0.29502683877944946,-0.052218519151210785,0.13602259755134583,0.373015433549881,0.034200575202703476,0.09120437502861023,0.28762632608413696,-0.01680620200932026,0.053909510374069214,0.3273616135120392,-0.06169687211513519,0.03846496343612671,0.37863078713417053,-0.08120357245206833,0.17542287707328796,0.3473580777645111,0.018323006108403206,0.15019091963768005,0.18634209036827087,-0.005310562439262867,0.12539246678352356,0.08959245681762695,-0.025121740996837616,0.10528066754341125,0.006322294473648071,-0.03557893633842468,0.2228708565235138,0.34452956914901733,-0.008835958316922188,0.19662192463874817,0.1810327172279358,-0.032324519008398056,0.17357978224754333,0.08080992102622986,-0.041677940636873245,0.15023842453956604,0.0,-0.04159323126077652,0.2683037221431732,0.3600930869579315,-0.03908522054553032,0.24503597617149353,0.21789765357971191,-0.048715587705373764,0.23100116848945618,0.1337851881980896,-0.041743479669094086,0.21384945511817932,0.06555789709091187,-0.03252526372671127
F,0.2041381597518921,0.6994187235832214,-1.5930204710912221e-07,0.12181413173675537,0.6091629862785339,-0.010817712172865868,0.06482094526290894,0.4867129325866699,-0.02086508274078369,0.018011927604675293,0.39173614978790283,-0.039257023483514786,0.0,0.2949028015136719,-0.05500079691410065,0.13718777894973755,0.3740491569042206,0.03501910716295242,0.0917670726776123,0.2884443998336792,-0.01695338450372219,0.05390256643295288,0.3250183165073395,-0.06284615397453308,0.03750735521316528,0.3748341202735901,-0.08283129334449768,0.17638444900512695,0.3474462032318115,0.01991737075150013,0.15052592754364014,0.18771037459373474,-0.0033929310739040375,0.12517380714416504,0.09209853410720825,-0.023114020004868507,0.1046333909034729,0.009602576494216919,-0.03351869434118271,0.22385132312774658,0.3442060649394989,-0.0068252794444561005,0.19708168506622314,0.18115633726119995,-0.029674606397747993,0.17379099130630493,0.08108851313591003,-0.03846387565135956,0.1504414677619934,0.0,-0.03809918835759163,0.2693192958831787,0.3598388135433197,-0.036976408213377,0.24646073579788208,0.21803569793701172,-0.04612698778510094,0.2324284315109253,0.1336662471294403,-0.039109617471694946,0.21551525592803955,0.0645785927772522,-0.029872959479689598
F,0.2033226490020752,0.6995410025119781,-1.4751132937362854e-07,0.12160974740982056,0.6092168390750885,-0.010751591064035892,0.06558167934417725,0.4870128333568573,-0.02091781422495842,0.01863524317741394,0.39152291417121887,-0.039264898747205734,0.0,0.29444172978401184,-0.0549113005399704,0.13729935884475708,0.3752634525299072,0.03379037231206894,0.09169936180114746,0.2891191840171814,-0.018222087994217873,0.05259174108505249,0.3240640163421631,-0.06374260783195496,0.035643815994262695,0.37300702929496765,-0.08334331959486008,0.17606455087661743,0.34809455275535583,0.019050614908337593,0.1503351926803589,0.1870623528957367,-0.004720743745565414,0.12499934434890747,0.09074181318283081,-0.023800412192940712,0.10473072528839111,0.007915794849395752,-0.03340532258152962,0.22338169813156128,0.34370920062065125,-0.007124714087694883,0.19618409872055054,0.17968305945396423,-0.030080409720540047,0.17351561784744263,0.08029565215110779,-0.03779337927699089,0.15108352899551392,0.0,-0.03637777268886566,0.2688724994659424,0.3581404387950897,-0.03665729612112045,0.24602985382080078,0.21593084931373596,-0.045390333980321884,0.23230159282684326,0.1321294605731964,-0.03743784502148628,0.2159401774406433,0.06421616673469543,-0.027317550033330917
