label,x0,y0,z0,x1,y1,z1,x2,y2,z2,x3,y3,z3,x4,y4,z4,x5,y5,z5,x6,y6,z6,x7,y7,z7,x8,y8,z8,x9,y9,z9,x10,y10,z10,x11,y11,z11,x12,y12,z12,x13,y13,z13,x14,y14,z14,x15,y15,z15,x16,y16,z16,x17,y17,z17,x18,y18,z18,x19,y19,z19,x20,y20,z20
N,0.1372528374195099,0.0,7.037979230517522e-07,0.04206034541130066,0.10264083743095398,-0.02227102406322956,0.023615628480911255,0.2683371305465698,-0.04849095642566681,0.06670951843261719,0.40061238408088684,-0.06821810454130173,0.1114245057106018,0.48362383246421814,-0.0867762565612793,0.006757408380508423,0.2566545903682709,-0.10378345847129822,0.0,0.4768039882183075,-0.1365654468536377,0.006893366575241089,0.5941879451274872,-0.1484655886888504,0.01257982850074768,0.6876208484172821,-0.1542932242155075,0.09231710433959961,0.2504201829433441,-0.10667738318443298,0.11550945043563843,0.48579469323158264,-0.1391371637582779,0.1284884214401245,0.615200012922287,-0.1449885070323944,0.14006367325782776,0.7090214192867279,-0.150335893034935,0.16876044869422913,0.24483639001846313,-0.10394364595413208,0.16672995686531067,0.4658556282520294,-0.12882012128829956,0.1379181444644928,0.44351622462272644,-0.11085732281208038,0.1269620656967163,0.3896961510181427,-0.09474022686481476,0.22522804141044617,0.24131152033805847,-0.10213087499141693,0.1962437927722931,0.3964291512966156,-0.11937997490167618,0.1671145260334015,0.37089434266090393,-0.1025538519024849,0.1589113175868988,0.3195388913154602,-0.08624431490898132
N,0.14089453220367432,0.0,6.798198342039541e-07,0.045212745666503906,0.1011311411857605,-0.021119341254234314,0.022647857666015625,0.26466384530067444,-0.046843212097883224,0.05849701166152954,0.40000343322753906,-0.0658571645617485,0.09733867645263672,0.4886401295661926,-0.08372153341770172,0.009867072105407715,0.255224347114563,-0.10577263683080673,0.0,0.4764777421951294,-0.14019758999347687,0.00644373893737793,0.5962353348731995,-0.15277856588363647,0.012757450342178345,0.6895326375961304,-0.15853022038936615,0.09530198574066162,0.2506915032863617,-0.1082155629992485,0.1149854063987732,0.48595577478408813,-0.14262233674526215,0.12882930040359497,0.6159692406654358,-0.14813894033432007,0.1410505771636963,0.7086222767829895,-0.15220892429351807,0.17033785581588745,0.24725961685180664,-0.10484857112169266,0.16617602109909058,0.46534305810928345,-0.12985025346279144,0.13814449310302734,0.45073169469833374,-0.11202483624219894,0.12578672170639038,0.4034481644630432,-0.09564028680324554,0.22543901205062866,0.2445622682571411,-0.10220827162265778,0.1957734227180481,0.39485251903533936,-0.11852790415287018,0.16651618480682373,0.37414517998695374,-0.10183627903461456,0.15484488010406494,0.3283313810825348,-0.08529665321111679
N,0.1421433687210083,0.0,7.162798851823027e-07,0.044752657413482666,0.09982897341251373,-0.02357492409646511,0.02306881546974182,0.26310598850250244,-0.051534123718738556,0.0637749433517456,0.39474570751190186,-0.07265210896730423,0.11287567019462585,0.475694477558136,-0.09299574047327042,0.009328961372375488,0.25190550088882446,-0.10902600735425949,0.0,0.47507625818252563,-0.14316977560520172,0.005448460578918457,0.5929527878761292,-0.15569910407066345,0.010980814695358276,0.6862669587135315,-0.16159901022911072,0.09480211138725281,0.24783927202224731,-0.11136619001626968,0.11271345615386963,0.48444247245788574,-0.14484161138534546,0.12591451406478882,0.6150400042533875,-0.1503715217113495,0.13891184329986572,0.708615779876709,-0.15511761605739594,0.17066463828086853,0.2444465458393097,-0.10799513757228851,0.16727378964424133,0.4671582579612732,-0.133602574467659,0.13943397998809814,0.447775661945343,-0.11640817672014236,0.12860959768295288,0.39425671100616455,-0.10066892951726913,0.2262219488620758,0.2425852119922638,-0.10552314668893814,0.1958165466785431,0.39843976497650146,-0.12379617989063263,0.16574940085411072,0.3762482702732086,-0.10814645886421204,0.1554863154888153,0.3267454504966736,-0.0925418883562088
N,0.14272046089172363,0.0,6.881627427901549e-07,0.045469850301742554,0.09784016013145447,-0.02207295596599579,0.02205371856689453,0.2595532238483429,-0.049575358629226685,0.06001001596450806,0.3914611339569092,-0.07085848599672318,0.10536441206932068,0.473991334438324,-0.09138558804988861,0.009953498840332031,0.2539242208003998,-0.10666175931692123,0.0,0.4743608236312866,-0.14254707098007202,0.0038099586963653564,0.592724621295929,-0.15697860717773438,0.008527487516403198,0.6865227818489075,-0.1641920655965805,0.09416162967681885,0.25175905227661133,-0.10997481644153595,0.1133044958114624,0.486525297164917,-0.14493732154369354,0.12589126825332642,0.6185862421989441,-0.1519051492214203,0.13926953077316284,0.7154080271720886,-0.15759176015853882,0.16957896947860718,0.24909183382987976,-0.10756833851337433,0.16589140892028809,0.465923011302948,-0.13372203707695007,0.1368924081325531,0.4401337504386902,-0.11552241444587708,0.12586849927902222,0.38588947057724,-0.09886510670185089,0.22573405504226685,0.24579694867134094,-0.10614532977342606,0.19444239139556885,0.39564305543899536,-0.12415490299463272,0.16547006368637085,0.36919543147087097,-0.10746454447507858,0.15677368640899658,0.31957605481147766,-0.0909765362739563
N,0.13982069492340088,0.0,7.128047627702472e-07,0.04315459728240967,0.10086402297019958,-0.022980237379670143,0.019188493490219116,0.2628318667411804,-0.05181724578142166,0.05215895175933838,0.39457231760025024,-0.07386951148509979,0.090430349111557,0.4817900061607361,-0.09537464380264282,0.00978761911392212,0.25249767303466797,-0.11505948752164841,0.0,0.47202199697494507,-0.15248899161815643,0.004678070545196533,0.5893968343734741,-0.1665356606245041,0.009240061044692993,0.68294358253479,-0.17285816371440887,0.09421059489250183,0.24477612972259521,-0.11817219108343124,0.11458754539489746,0.4823649525642395,-0.15565115213394165,0.12629973888397217,0.6162940859794617,-0.1619606763124466,0.13817250728607178,0.7147133350372314,-0.16654682159423828,0.16927438974380493,0.2391696572303772,-0.11504629999399185,0.1649724245071411,0.4588193893432617,-0.14341594278812408,0.13539457321166992,0.4326028823852539,-0.12351112812757492,0.12382891774177551,0.3779137134552002,-0.10490976274013519,0.22497618198394775,0.2344265580177307,-0.11274056881666183,0.1945033073425293,0.3877115249633789,-0.13151448965072632,0.1644032597541809,0.3620949387550354,-0.11314241588115692,0.15424442291259766,0.31326940655708313,-0.09503261744976044
N,0.14156386256217957,0.0,7.269517823260685e-07,0.04640170931816101,0.09859354794025421,-0.023233352228999138,0.022023946046829224,0.2586631178855896,-0.05135415121912956,0.05693981051445007,0.39037179946899414,-0.07276848703622818,0.0992814302444458,0.47493451833724976,-0.09338832646608353,0.009396135807037354,0.253217875957489,-0.11026869714260101,0.0,0.4693219065666199,-0.14693352580070496,0.004899919033050537,0.586274266242981,-0.16095156967639923,0.010066509246826172,0.6791431307792664,-0.16734693944454193,0.09399682283401489,0.24847173690795898,-0.11302506923675537,0.11442595720291138,0.48230552673339844,-0.15019312500953674,0.1252821981906891,0.6132889986038208,-0.15714555978775024,0.13594526052474976,0.709932267665863,-0.1619146466255188,0.16958361864089966,0.24389761686325073,-0.10990282148122787,0.1650935411453247,0.4546818137168884,-0.1383313536643982,0.13669708371162415,0.42917537689208984,-0.11960753798484802,0.12611085176467896,0.376822829246521,-0.1015530526638031,0.22593998908996582,0.2389797568321228,-0.10766751319169998,0.19445013999938965,0.3861689567565918,-0.12526702880859375,0.1670820713043213,0.3597157895565033,-0.10677143931388855,0.15973687171936035,0.3109373450279236,-0.08867538720369339
N,0.1361674666404724,0.0,7.111948434612714e-07,0.04239875078201294,0.09920687973499298,-0.022048939019441605,0.02039426565170288,0.25670474767684937,-0.04993126541376114,0.05506420135498047,0.38570088148117065,-0.07123550772666931,0.09658348560333252,0.4683762788772583,-0.09158006310462952,0.008641630411148071,0.25558918714523315,-0.10919781029224396,0.0,0.47075599431991577,-0.14514757692813873,0.006771385669708252,0.5881495475769043,-0.15849101543426514,0.012781858444213867,0.6813535690307617,-0.16406583786010742,0.09398695826530457,0.24688208103179932,-0.1120656281709671,0.11861404776573181,0.47607421875,-0.14905963838100433,0.13184812664985657,0.6083316802978516,-0.15477363765239716,0.14408749341964722,0.7064077854156494,-0.158334419131279,0.16883772611618042,0.23961958289146423,-0.10906995087862015,0.1634690761566162,0.4437960386276245,-0.13693015277385712,0.13309380412101746,0.4223077893257141,-0.11802232265472412,0.12208065390586853,0.3715839385986328,-0.09944018721580505,0.22437071800231934,0.23255783319473267,-0.10690858215093613,0.19071531295776367,0.3819703459739685,-0.12192293256521225,0.1635569930076599,0.3598732352256775,-0.10197681933641434,0.15724322199821472,0.3115217387676239,-0.08295565843582153
N,0.1361282467842102,0.0,6.971550305934215e-07,0.03994107246398926,0.09852874279022217,-0.023623740300536156,0.017322450876235962,0.2572510540485382,-0.05054989829659462,0.051987797021865845,0.387753963470459,-0.0707700252532959,0.09514504671096802,0.4694804549217224,-0.09020295739173889,0.006434023380279541,0.2545675039291382,-0.1081048920750618,0.0,0.47315317392349243,-0.14234457910060883,0.0061141252517700195,0.5902048349380493,-0.15487292408943176,0.011412352323532104,0.6832451820373535,-0.16070552170276642,0.09023034572601318,0.24728894233703613,-0.11021187156438828,0.11766970157623291,0.47616326808929443,-0.14502370357513428,0.13194358348846436,0.6053866147994995,-0.15158244967460632,0.1442006528377533,0.6983939409255981,-0.1569395661354065,0.16506734490394592,0.24066704511642456,-0.10674251616001129,0.16642722487449646,0.45348256826400757,-0.13451600074768066,0.13583913445472717,0.43713921308517456,-0.11935718357563019,0.12276241183280945,0.3864096999168396,-0.10442977398633957,0.22072580456733704,0.2358243763446808,-0.10404022783041,0.19270119071006775,0.38864731788635254,-0.12299492955207825,0.16336753964424133,0.3693885803222656,-0.10828913003206253,0.15355703234672546,0.3220154047012329,-0.09321008622646332
N,0.1415080726146698,0.0,6.888289476592035e-07,0.042516350746154785,0.09734372794628143,-0.024511640891432762,0.01649913191795349,0.2567128539085388,-0.050322145223617554,0.04717180132865906,0.3871218264102936,-0.06931907683610916,0.08279764652252197,0.4740199148654938,-0.08677748590707779,0.009931594133377075,0.2561037242412567,-0.10441621392965317,0.0,0.47428181767463684,-0.13974615931510925,0.005952507257461548,0.592800110578537,-0.1541212499141693,0.012729227542877197,0.6863110959529877,-0.1612745076417923,0.09626397490501404,0.25483834743499756,-0.10555092990398407,0.11856693029403687,0.4828670918941498,-0.14103132486343384,0.131791353225708,0.6126907169818878,-0.14920581877231598,0.14507213234901428,0.7063020169734955,-0.15529967844486237,0.1718737781047821,0.2517183721065521,-0.10147282481193542,0.1657598912715912,0.458716481924057,-0.1291162520647049,0.13342583179473877,0.438544899225235,-0.11387663334608078,0.12137028574943542,0.38676974177360535,-0.09875483065843582,0.2275705635547638,0.2475651204586029,-0.09856527298688889,0.19203630089759827,0.3889380395412445,-0.11803305894136429,0.16186153888702393,0.3656918704509735,-0.10384843498468399,0.15254589915275574,0.3185194432735443,-0.08873151987791061
N,0.13455727696418762,0.0,6.911165542078379e-07,0.03894340991973877,0.09989655017852783,-0.02308586612343788,0.01524302363395691,0.25947511196136475,-0.04989778622984886,0.04230174422264099,0.3922092318534851,-0.06981570273637772,0.07400205731391907,0.4794809818267822,-0.08854647725820541,0.00676766037940979,0.2539708614349365,-0.10987450182437897,0.0,0.4764806628227234,-0.144478902220726,0.0050592124462127686,0.5948517918586731,-0.15637168288230896,0.01069033145904541,0.6872310638427734,-0.1613970398902893,0.09313508868217468,0.24820390343666077,-0.1117602288722992,0.11891886591911316,0.48278313875198364,-0.14825962483882904,0.13134217262268066,0.6122938394546509,-0.1544419825077057,0.14351800084114075,0.7038955688476562,-0.15858997404575348,0.16895288228988647,0.24329981207847595,-0.10771140456199646,0.16871494054794312,0.45893895626068115,-0.13664427399635315,0.13496392965316772,0.4424281716346741,-0.12073760479688644,0.12067827582359314,0.3922325372695923,-0.10469555854797363,0.22458124160766602,0.2391570806503296,-0.10421773046255112,0.1935175061225891,0.39032989740371704,-0.12375380843877792,0.16128399968147278,0.3701082468032837,-0.10845125466585159,0.14929193258285522,0.32319575548171997,-0.09242968261241913
N,0.13460245728492737,0.0,6.900571065671102e-07,0.03967922925949097,0.10224810242652893,-0.023509850725531578,0.016989171504974365,0.2610585689544678,-0.04918800666928291,0.04979294538497925,0.3900899887084961,-0.06817641854286194,0.08668723702430725,0.4715084433555603,-0.08617044240236282,0.009381353855133057,0.2558304965496063,-0.10494723170995712,0.0,0.4703882336616516,-0.13984118402004242,0.005032896995544434,0.5886234045028687,-0.15350092947483063,0.011042952537536621,0.6809582710266113,-0.15987999737262726,0.09414935111999512,0.25027498602867126,-0.10631099343299866,0.1177344024181366,0.47737789154052734,-0.14164352416992188,0.1306469440460205,0.6048324108123779,-0.1490732729434967,0.14283213019371033,0.6962951421737671,-0.15428484976291656,0.1680549681186676,0.2450694739818573,-0.1022314727306366,0.16756373643875122,0.45478492975234985,-0.12982116639614105,0.1343778669834137,0.4456712007522583,-0.11579166352748871,0.11906430125236511,0.40225422382354736,-0.1013457253575325,0.22169387340545654,0.24152860045433044,-0.09894929826259613,0.19081413745880127,0.39125335216522217,-0.11722154915332794,0.15889856219291687,0.3751761317253113,-0.10279171168804169,0.1464659571647644,0.331916481256485,-0.08765574544668198
N,0.140656977891922,0.0,7.329784352805291e-07,0.04622602462768555,0.09769392013549805,-0.024399813264608383,0.019115865230560303,0.2534595727920532,-0.05056580528616905,0.04490458965301514,0.3838958740234375,-0.0698009580373764,0.07801187038421631,0.46771401166915894,-0.08799386024475098,0.008293628692626953,0.2524672746658325,-0.10695887356996536,0.0,0.4682440757751465,-0.14244672656059265,0.004806727170944214,0.585222601890564,-0.15588685870170593,0.009808182716369629,0.6786465048789978,-0.1621810495853424,0.0928727388381958,0.2494526207447052,-0.10881678014993668,0.11673656105995178,0.4816630482673645,-0.14585202932357788,0.12956660985946655,0.6118432879447937,-0.15356101095676422,0.14120027422904968,0.7065363526344299,-0.15881796181201935,0.1686217188835144,0.2448585331439972,-0.10527431964874268,0.16950330138206482,0.459284245967865,-0.13495993614196777,0.1407984495162964,0.44540899991989136,-0.11963894218206406,0.12875929474830627,0.3965355157852173,-0.10348373651504517,0.2248726487159729,0.24199706315994263,-0.10252650827169418,0.1987186074256897,0.3982353210449219,-0.12129789590835571,0.17147809267044067,0.38039010763168335,-0.10524428635835648,0.16291147470474243,0.33335080742836,-0.0886886715888977
N,0.14105772972106934,0.0,6.900689868416521e-07,0.0449063777923584,0.09567436575889587,-0.022460509091615677,0.0168723464012146,0.253312349319458,-0.04839693009853363,0.04833516478538513,0.3826146721839905,-0.06785524636507034,0.08881619572639465,0.46345025300979614,-0.08662373572587967,0.005690842866897583,0.25249308347702026,-0.10398990660905838,0.0,0.4708736538887024,-0.13871116936206818,0.004340112209320068,0.5884665846824646,-0.1523849368095398,0.008183956146240234,0.6824261546134949,-0.15897955000400543,0.09099102020263672,0.2507829964160919,-0.10678213834762573,0.11467871069908142,0.4845377802848816,-0.14307180047035217,0.12875810265541077,0.6151122450828552,-0.15140274167060852,0.14108529686927795,0.710107147693634,-0.15679191052913666,0.16659367084503174,0.2472938895225525,-0.10380090028047562,0.1662408709526062,0.4573260545730591,-0.13214759528636932,0.13908478617668152,0.4352003335952759,-0.11587148159742355,0.12786367535591125,0.3841637372970581,-0.09926437586545944,0.2234897017478943,0.24367311596870422,-0.1015724316239357,0.19769012928009033,0.3874378204345703,-0.11945398896932602,0.17195606231689453,0.36167848110198975,-0.1024715006351471,0.16287332773208618,0.31360530853271484,-0.08519649505615234
N,0.14003726840019226,0.0,6.682921593892388e-07,0.04454386234283447,0.09615758061408997,-0.019317269325256348,0.024586737155914307,0.2550872564315796,-0.04502381384372711,0.07124188542366028,0.3813008666038513,-0.06512749195098877,0.1217014491558075,0.4581862688064575,-0.08462073653936386,0.005523800849914551,0.26023393869400024,-0.09866894781589508,0.0,0.4773308038711548,-0.1319250464439392,0.0053105950355529785,0.5953140258789062,-0.1447606086730957,0.010255038738250732,0.6890904903411865,-0.15098616480827332,0.08998158574104309,0.25954294204711914,-0.10315287858247757,0.1158565878868103,0.4909685254096985,-0.13786330819129944,0.13004326820373535,0.6195570230484009,-0.14534655213356018,0.14297351241111755,0.7145122289657593,-0.15028153359889984,0.16569265723228455,0.2540450692176819,-0.10168933123350143,0.1666124165058136,0.45564329624176025,-0.12796670198440552,0.1391044557094574,0.42785149812698364,-0.11019635945558548,0.12860190868377686,0.3765646815299988,-0.09276968985795975,0.2235904335975647,0.24523630738258362,-0.1008259579539299,0.19711148738861084,0.385448694229126,-0.11566317826509476,0.1720743477344513,0.3582410216331482,-0.09634232521057129,0.16543084383010864,0.31056633591651917,-0.07780825346708298
N,0.14013957977294922,0.0,6.95905612246861e-07,0.042008280754089355,0.09742553532123566,-0.020856589078903198,0.018067151308059692,0.25816476345062256,-0.04708755388855934,0.05587869882583618,0.3861732482910156,-0.06752408295869827,0.10009229183197021,0.4658045768737793,-0.08738873153924942,0.00748056173324585,0.26011601090431213,-0.10467327386140823,0.0,0.4799385070800781,-0.13916438817977905,0.00457426905632019,0.5985774397850037,-0.1520921289920807,0.009141474962234497,0.6933634877204895,-0.1584642231464386,0.09287399053573608,0.25677362084388733,-0.10925688594579697,0.11600205302238464,0.49273574352264404,-0.14597313106060028,0.12773585319519043,0.6245485544204712,-0.15335573256015778,0.13940447568893433,0.7221590876579285,-0.15850380063056946,0.16870403289794922,0.250286340713501,-0.10787107795476913,0.16730815172195435,0.4653626084327698,-0.13691841065883636,0.13661059737205505,0.4378499388694763,-0.11876325309276581,0.12473177909851074,0.38279157876968384,-0.10090658068656921,0.22519034147262573,0.2417691946029663,-0.10716529935598373,0.1965240240097046,0.3940350413322449,-0.1259809285402298,0.16853660345077515,0.36566394567489624,-0.10770153254270554,0.16057533025741577,0.31249701976776123,-0.08955024182796478
N,0.14105528593063354,0.0,6.95808410000609e-07,0.04334583878517151,0.09925517439842224,-0.01989717036485672,0.017361462116241455,0.26109784841537476,-0.04610457271337509,0.04901611804962158,0.3930535614490509,-0.0663229301571846,0.0871451199054718,0.4782826006412506,-0.08615822345018387,0.0059479475021362305,0.25788548588752747,-0.10735800862312317,0.0,0.4803185760974884,-0.14269524812698364,0.005658328533172607,0.6004240214824677,-0.1553780436515808,0.01151508092880249,0.6955896317958832,-0.16105401515960693,0.09063860774040222,0.25103554129600525,-0.11252216249704361,0.11452049016952515,0.49232998490333557,-0.14927908778190613,0.12579622864723206,0.6247415244579315,-0.1553955227136612,0.13657966256141663,0.721266359090805,-0.15947291254997253,0.16620418429374695,0.24399089813232422,-0.11162139475345612,0.16875940561294556,0.46580860018730164,-0.14110638201236725,0.13948285579681396,0.4433468282222748,-0.12323126941919327,0.12695720791816711,0.38970085978507996,-0.10544421523809433,0.2231314480304718,0.2373678982257843,-0.11114166676998138,0.19728884100914001,0.3943122327327728,-0.13028863072395325,0.16954100131988525,0.3693665564060211,-0.1123911589384079,0.16034385561943054,0.31768736243247986,-0.09446349740028381
N,0.14214029908180237,0.0,6.638122727053997e-07,0.042423129081726074,0.10011324286460876,-0.020186947658658028,0.019348710775375366,0.263440877199173,-0.04594511538743973,0.06258586049079895,0.3941260576248169,-0.06580101698637009,0.11235368251800537,0.4739552140235901,-0.0851372554898262,0.0072479248046875,0.2626483738422394,-0.101220041513443,0.0,0.48416727781295776,-0.13507013022899628,0.005589276552200317,0.6042523980140686,-0.14826887845993042,0.010970711708068848,0.6990472674369812,-0.1548343151807785,0.09279027581214905,0.2607298791408539,-0.10540232062339783,0.11608222126960754,0.4958084225654602,-0.14005635678768158,0.13048452138900757,0.625863254070282,-0.1467604786157608,0.1437930464744568,0.7197666168212891,-0.15148437023162842,0.16837668418884277,0.25641337037086487,-0.10390636324882507,0.16849035024642944,0.46933823823928833,-0.13086383044719696,0.13908249139785767,0.4467158317565918,-0.11438517272472382,0.12662243843078613,0.39403700828552246,-0.09823126345872879,0.22543692588806152,0.25127679109573364,-0.10308478772640228,0.19780123233795166,0.39813166856765747,-0.1209636703133583,0.16969835758209229,0.3722202181816101,-0.1044054701924324,0.15998554229736328,0.3221850097179413,-0.08765322715044022
N,0.13726606965065002,0.0,6.626789854635717e-07,0.04172268509864807,0.10308346152305603,-0.016967985779047012,0.020532548427581787,0.2636755704879761,-0.04138348996639252,0.06614288687705994,0.39222487807273865,-0.06079823896288872,0.11704820394515991,0.4706834852695465,-0.07998060435056686,0.004865050315856934,0.26894235610961914,-0.09495481848716736,0.0,0.48826149106025696,-0.12821903824806213,0.005630522966384888,0.6077151000499725,-0.1419338434934616,0.01141667366027832,0.7013062536716461,-0.14888238906860352,0.08904638886451721,0.26747336983680725,-0.10058017075061798,0.11144489049911499,0.5001470148563385,-0.13365891575813293,0.12346279621124268,0.627553254365921,-0.14029043912887573,0.13519376516342163,0.7181181013584137,-0.14496970176696777,0.16344115138053894,0.2610298693180084,-0.10064379870891571,0.1654665470123291,0.4704190194606781,-0.125359445810318,0.1359724998474121,0.45146098732948303,-0.10925152152776718,0.1230994164943695,0.40087106823921204,-0.09381863474845886,0.22012215852737427,0.25225695967674255,-0.10126746445894241,0.19496500492095947,0.39606091380119324,-0.11680882424116135,0.16729560494422913,0.3741244375705719,-0.10001248866319656,0.1574190855026245,0.32610800862312317,-0.08346909284591675
N,0.1380276083946228,0.0,6.788884547859197e-07,0.041328877210617065,0.10089024901390076,-0.018110614269971848,0.013992160558700562,0.2605510652065277,-0.04236917942762375,0.04599076509475708,0.3937331736087799,-0.061230625957250595,0.08512517809867859,0.48057129979133606,-0.07978639006614685,0.0029789209365844727,0.26383599638938904,-0.10024482756853104,0.0,0.4862305223941803,-0.13435892760753632,0.006035745143890381,0.6059618294239044,-0.1474241316318512,0.012027531862258911,0.6989965736865997,-0.15359777212142944,0.08724826574325562,0.2592051923274994,-0.1053347960114479,0.10701039433479309,0.49510112404823303,-0.14112605154514313,0.11524033546447754,0.6266641914844513,-0.14890193939208984,0.1234998106956482,0.7207604944705963,-0.15401436388492584,0.16169115900993347,0.2525724470615387,-0.10471475124359131,0.1662079095840454,0.47398361563682556,-0.13201752305030823,0.13657769560813904,0.46594253182411194,-0.11802877485752106,0.1219317615032196,0.4202764928340912,-0.10345129668712616,0.21685343980789185,0.2457694113254547,-0.1043558195233345,0.19515377283096313,0.39999625086784363,-0.12187223881483078,0.16531619429588318,0.3861582577228546,-0.1070573627948761,0.152335524559021,0.3407343327999115,-0.0915703997015953
N,0.14042478799819946,0.0,7.015694905021519e-07,0.042398661375045776,0.09970211982727051,-0.018353600054979324,0.017264455556869507,0.2576603889465332,-0.04397330433130264,0.05093836784362793,0.39192163944244385,-0.06407865881919861,0.09021764993667603,0.48011982440948486,-0.08356713503599167,0.004110068082809448,0.25327441096305847,-0.10298661887645721,0.0,0.4802377223968506,-0.13757462799549103,0.0034055709838867188,0.5995720028877258,-0.15018169581890106,0.007870525121688843,0.6929708123207092,-0.15568307042121887,0.08768883347511292,0.2503582537174225,-0.10786905884742737,0.10066425800323486,0.4926980137825012,-0.14421731233596802,0.10361021757125854,0.6248400211334229,-0.15161778032779694,0.10753932595252991,0.7198224663734436,-0.15591591596603394,0.16084232926368713,0.24659860134124756,-0.10676440596580505,0.15842553973197937,0.4708806276321411,-0.1343386471271515,0.12723419070243835,0.46383899450302124,-0.12012719362974167,0.11217278242111206,0.42048197984695435,-0.10507722944021225,0.21431311964988708,0.2426203489303589,-0.10586773604154587,0.18613490462303162,0.3922446370124817,-0.1237492710351944,0.15300890803337097,0.3793383836746216,-0.10935318470001221,0.13779601454734802,0.3373431861400604,-0.09400277584791183
N,0.14346477389335632,0.0,7.017841880951892e-07,0.0439203679561615,0.09520590305328369,-0.0202932208776474,0.021341323852539062,0.25524839758872986,-0.046389397233724594,0.0682080090045929,0.3898721933364868,-0.06726674735546112,0.11996188759803772,0.4719800353050232,-0.08731455355882645,0.0044702887535095215,0.2511295974254608,-0.09860824793577194,0.0,0.4776110053062439,-0.13380680978298187,0.006078779697418213,0.5979335904121399,-0.14764966070652008,0.011789321899414062,0.6923736929893494,-0.15418702363967896,0.08913785219192505,0.2525619566440582,-0.10360147058963776,0.09963735938072205,0.4944611191749573,-0.14059597253799438,0.10258781909942627,0.6266337037086487,-0.14881053566932678,0.10525810718536377,0.7228040099143982,-0.1536458432674408,0.16338607668876648,0.2524450719356537,-0.10337411612272263,0.15473327040672302,0.4723953604698181,-0.13311658799648285,0.12662044167518616,0.45351308584213257,-0.11863440275192261,0.11492770910263062,0.40296798944473267,-0.10248547792434692,0.218512624502182,0.2511194348335266,-0.10367073863744736,0.18643033504486084,0.39991217851638794,-0.12265507131814957,0.15634289383888245,0.3807758688926697,-0.10779379308223724,0.14488157629966736,0.33584102988243103,-0.09192293137311935
N,0.14308738708496094,0.0,7.034617510726093e-07,0.04744642972946167,0.09536623954772949,-0.02010107785463333,0.023337572813034058,0.2541782557964325,-0.04627165570855141,0.06747284531593323,0.38827839493751526,-0.06739535927772522,0.12099087238311768,0.46656718850135803,-0.08777086436748505,0.0031194090843200684,0.2512763738632202,-0.09598881751298904,0.0,0.4766472280025482,-0.1296185553073883,0.005993545055389404,0.593595415353775,-0.14338305592536926,0.011423707008361816,0.6872942745685577,-0.15033647418022156,0.08546257019042969,0.2511518597602844,-0.10110069066286087,0.098431795835495,0.4897419512271881,-0.1359781175851822,0.1023469865322113,0.6202707588672638,-0.14385411143302917,0.10634320974349976,0.7159527242183685,-0.14963661134243011,0.15964362025260925,0.24953943490982056,-0.10121241956949234,0.15444475412368774,0.46680697798728943,-0.12928509712219238,0.12951630353927612,0.442076712846756,-0.11436893790960312,0.12060996890068054,0.3866821229457855,-0.09888345748186111,0.21633881330490112,0.24838018417358398,-0.10208816081285477,0.18802419304847717,0.39622506499290466,-0.12049423903226852,0.16207051277160645,0.37235578894615173,-0.10587647557258606,0.15441861748695374,0.3236631155014038,-0.09093015640974045
N,0.13874509930610657,0.0,6.92599769536173e-07,0.04332655668258667,0.093301922082901,-0.019398167729377747,0.02218201756477356,0.2495776116847992,-0.04649828374385834,0.06775885820388794,0.3788076937198639,-0.06834321469068527,0.11907464265823364,0.4574117958545685,-0.08936012536287308,0.006537914276123047,0.24903637170791626,-0.0997193455696106,0.0,0.4725901186466217,-0.1327745020389557,0.005499333143234253,0.588623434305191,-0.1449725180864334,0.010676413774490356,0.6809386312961578,-0.15053416788578033,0.09154582023620605,0.247210294008255,-0.10504922270774841,0.10560035705566406,0.4861743152141571,-0.14030252397060394,0.11128050088882446,0.6162320673465729,-0.14698617160320282,0.11748555302619934,0.7127214968204498,-0.1513843536376953,0.16682013869285583,0.24474281072616577,-0.10468722134828568,0.1570347547531128,0.45917245745658875,-0.13382530212402344,0.13000702857971191,0.4310556948184967,-0.11717081069946289,0.12185654044151306,0.37728461623191833,-0.09989693015813828,0.22421342134475708,0.2412877380847931,-0.10472232848405838,0.19120937585830688,0.3875744044780731,-0.12298507243394852,0.1649473011493683,0.35844776034355164,-0.1053595319390297,0.15912067890167236,0.3079160153865814,-0.08783947676420212
N,0.13567614555358887,0.0,6.946955295461521e-07,0.0416143536567688,0.10203519463539124,-0.01659616082906723,0.018109291791915894,0.25805234909057617,-0.042770061641931534,0.05473214387893677,0.3875860571861267,-0.06358498334884644,0.10241970419883728,0.4690515398979187,-0.08443480730056763,0.007382750511169434,0.2504741847515106,-0.10519830137491226,0.0,0.46846067905426025,-0.1414450705051422,0.0054433345794677734,0.5856553316116333,-0.15517589449882507,0.01011955738067627,0.6771989464759827,-0.1609768122434616,0.09286651015281677,0.2426770031452179,-0.11091155558824539,0.11113733053207397,0.48147207498550415,-0.1465427279472351,0.11970138549804688,0.6157255172729492,-0.15237705409526825,0.12897372245788574,0.7121372818946838,-0.1560242623090744,0.16818806529045105,0.23368757963180542,-0.11009491980075836,0.16130274534225464,0.45113879442214966,-0.13822117447853088,0.13303539156913757,0.43257683515548706,-0.12103665620088577,0.12428712844848633,0.37896549701690674,-0.10325459390878677,0.22618573904037476,0.22525659203529358,-0.1092582419514656,0.19838958978652954,0.3744785189628601,-0.1275922805070877,0.1697382926940918,0.356098473072052,-0.11025995016098022,0.15968751907348633,0.3081052601337433,-0.09227913618087769
N,0.13954105973243713,0.0,7.578937584185041e-07,0.0426030158996582,0.09761342406272888,-0.023297080770134926,0.01737213134765625,0.2572789490222931,-0.05034070089459419,0.05223679542541504,0.3908701539039612,-0.07017998397350311,0.090910404920578,0.475480318069458,-0.08888953924179077,0.010365337133407593,0.24094563722610474,-0.11253225803375244,0.0,0.4632519483566284,-0.14874909818172455,0.002560168504714966,0.5826343894004822,-0.16193869709968567,0.006230294704437256,0.6758318543434143,-0.167751744389534,0.09697237610816956,0.23809650540351868,-0.11328675597906113,0.11244595050811768,0.4767519235610962,-0.15029339492321014,0.11843666434288025,0.6070188879966736,-0.15669786930084229,0.12529471516609192,0.6998720169067383,-0.16092878580093384,0.17236295342445374,0.23683646321296692,-0.10779969394207001,0.16201847791671753,0.45543962717056274,-0.13512785732746124,0.13274258375167847,0.43688178062438965,-0.11698730289936066,0.12251490354537964,0.3872720003128052,-0.09939596801996231,0.22629904747009277,0.23715952038764954,-0.10294482111930847,0.191789448261261,0.386318564414978,-0.12044268101453781,0.16162067651748657,0.3656030297279358,-0.1040351390838623,0.15138286352157593,0.3204536736011505,-0.08733510971069336
N,0.14032378792762756,0.0,7.504860377594014e-07,0.04419854283332825,0.09272794425487518,-0.025710226967930794,0.016475558280944824,0.25155919790267944,-0.054143305867910385,0.045733869075775146,0.387813538312912,-0.07455961406230927,0.08202093839645386,0.47515222430229187,-0.0942145586013794,0.007143557071685791,0.2395012080669403,-0.12008462101221085,0.0,0.46355119347572327,-0.1587585061788559,0.005009889602661133,0.5820352137088776,-0.17254965007305145,0.010433316230773926,0.6752665936946869,-0.1784593015909195,0.09355437755584717,0.23482730984687805,-0.12091125547885895,0.10937255620956421,0.4785948097705841,-0.1602269411087036,0.11712849140167236,0.6118764579296112,-0.1670951396226883,0.1254315972328186,0.7077899873256683,-0.1713590770959854,0.16962754726409912,0.23164412379264832,-0.11551237106323242,0.1661088466644287,0.45330050587654114,-0.1462782472372055,0.1386324167251587,0.4342603385448456,-0.12935341894626617,0.12737619876861572,0.38304343819618225,-0.11183302104473114,0.22514015436172485,0.2304481863975525,-0.11072054505348206,0.19620686769485474,0.3820796310901642,-0.1318495124578476,0.16815286874771118,0.3601585924625397,-0.11693033576011658,0.15792298316955566,0.313744455575943,-0.10068304091691971
N,0.13830047845840454,0.0,7.421276109198516e-07,0.03997141122817993,0.09568467736244202,-0.022748293355107307,0.01707473397254944,0.25474029779434204,-0.050213832408189774,0.058495402336120605,0.38711151480674744,-0.07067547738552094,0.10434144735336304,0.47071608901023865,-0.09038078784942627,0.006205141544342041,0.2443895936012268,-0.11255518347024918,0.0,0.4662315547466278,-0.15000760555267334,0.0049155354499816895,0.5861429274082184,-0.16451098024845123,0.009830772876739502,0.6810735166072845,-0.1712929904460907,0.0921241044998169,0.2446618378162384,-0.11451974511146545,0.10802397131919861,0.48179444670677185,-0.15239118039608002,0.11305493116378784,0.612057238817215,-0.15945316851139069,0.11802783608436584,0.7062146365642548,-0.16406331956386566,0.16787004470825195,0.24457129836082458,-0.11036039888858795,0.16079047322273254,0.45797619223594666,-0.13874560594558716,0.13198694586753845,0.43687525391578674,-0.1215713620185852,0.12035304307937622,0.3866271674633026,-0.1044871062040329,0.22302865982055664,0.24308469891548157,-0.10682222992181778,0.1899890899658203,0.38688191771507263,-0.12552130222320557,0.16075348854064941,0.36299946904182434,-0.10967456549406052,0.15032196044921875,0.31610968708992004,-0.09326804429292679
N,0.13508331775665283,0.0,7.622520001859812e-07,0.03804537653923035,0.09770071506500244,-0.024724360555410385,0.01262769103050232,0.25834301114082336,-0.05326196923851967,0.048839569091796875,0.39209407567977905,-0.07405859231948853,0.09338706731796265,0.4765925407409668,-0.0942075103521347,0.00463595986366272,0.24405387043952942,-0.11786706000566483,0.0,0.4669373631477356,-0.15584157407283783,0.004646569490432739,0.5865721106529236,-0.17009682953357697,0.009430378675460815,0.6811813712120056,-0.17667467892169952,0.09229087829589844,0.2407243847846985,-0.119356669485569,0.10767513513565063,0.4799445867538452,-0.1582149714231491,0.11308366060256958,0.6120790839195251,-0.1648268848657608,0.11885887384414673,0.7068385481834412,-0.1691654920578003,0.16911324858665466,0.23854580521583557,-0.11467678844928741,0.16246196627616882,0.45942044258117676,-0.1441602110862732,0.132150799036026,0.441139280796051,-0.12680229544639587,0.11900889873504639,0.3902891278266907,-0.10968149453401566,0.22473588585853577,0.23706230521202087,-0.1106867641210556,0.1936464011669159,0.3872997760772705,-0.13066978752613068,0.16305893659591675,0.3658146858215332,-0.11525999754667282,0.15106210112571716,0.31926172971725464,-0.09922807663679123
N,0.13488471508026123,0.0,7.772123922222818e-07,0.03669676184654236,0.09414014220237732,-0.02495093084871769,0.010208070278167725,0.2513740658760071,-0.053733184933662415,0.04278123378753662,0.383156955242157,-0.07476069033145905,0.08399239182472229,0.4682418704032898,-0.09574133157730103,0.006893932819366455,0.24502336978912354,-0.12141051888465881,0.0,0.46649986505508423,-0.15980134904384613,0.004300534725189209,0.5854417681694031,-0.17360298335552216,0.009095430374145508,0.6790379285812378,-0.17968276143074036,0.09378531575202942,0.2374333143234253,-0.1228150799870491,0.10850077867507935,0.4764370322227478,-0.16270661354064941,0.11219879984855652,0.6093063950538635,-0.1695958375930786,0.11735013127326965,0.7054316401481628,-0.1738070249557495,0.16927576065063477,0.23067635297775269,-0.11773692071437836,0.16491711139678955,0.4515129327774048,-0.14809370040893555,0.13308078050613403,0.4357413649559021,-0.13109146058559418,0.11923032999038696,0.3867688775062561,-0.11374861747026443,0.223138689994812,0.22485122084617615,-0.11312206089496613,0.19384676218032837,0.3795137405395508,-0.13305678963661194,0.16265368461608887,0.36189842224121094,-0.1172223761677742,0.15026631951332092,0.31699293851852417,-0.1006791815161705
N,0.13913020491600037,0.0,8.206743586924858e-07,0.041766732931137085,0.09436506032943726,-0.027329247444868088,0.010554313659667969,0.2507578432559967,-0.056327883154153824,0.03480559587478638,0.3841056823730469,-0.07738752663135529,0.07152748107910156,0.4693944454193115,-0.09799285978078842,0.0070570409297943115,0.24103829264640808,-0.1198674812912941,0.0,0.4627443552017212,-0.15806490182876587,0.004333406686782837,0.5808552503585815,-0.17185690999031067,0.009770005941390991,0.6737723350524902,-0.17779842019081116,0.09502357244491577,0.23519423604011536,-0.12066320329904556,0.10604816675186157,0.47361624240875244,-0.16117411851882935,0.10853278636932373,0.6054031848907471,-0.16849850118160248,0.11229625344276428,0.7005482316017151,-0.1727074682712555,0.1713745892047882,0.23161068558692932,-0.11568742990493774,0.1642383337020874,0.4529946446418762,-0.1473979353904724,0.13414832949638367,0.4442899227142334,-0.13248088955879211,0.12038064002990723,0.3997923731803894,-0.11634183675050735,0.22659489512443542,0.23113670945167542,-0.11143506318330765,0.19524940848350525,0.3872528076171875,-0.13198567926883698,0.16378769278526306,0.3737487196922302,-0.11765239387750626,0.14994320273399353,0.33200180530548096,-0.1022694781422615
N,0.14159083366394043,0.0,7.801949664099084e-07,0.043804556131362915,0.09148530662059784,-0.02553027682006359,0.009094804525375366,0.24526280164718628,-0.05479726195335388,0.0319463312625885,0.3802766799926758,-0.07603476941585541,0.06744629144668579,0.4687255024909973,-0.0975065603852272,0.007883727550506592,0.23835444450378418,-0.12342049926519394,0.0,0.46196913719177246,-0.1616988480091095,0.004262804985046387,0.5802978277206421,-0.174764484167099,0.009399771690368652,0.6722816228866577,-0.17996346950531006,0.09565800428390503,0.2322356104850769,-0.12501178681850433,0.1062304675579071,0.4742279648780823,-0.1647697538137436,0.10753679275512695,0.6075916290283203,-0.17101380228996277,0.11085474491119385,0.7026908993721008,-0.1744001805782318,0.17171987891197205,0.22670355439186096,-0.12021543830633163,0.16827693581581116,0.45199131965637207,-0.1505110263824463,0.13593310117721558,0.44894981384277344,-0.1352255791425705,0.11989593505859375,0.4072111248970032,-0.1192592903971672,0.2274680733680725,0.2230081856250763,-0.11577022075653076,0.20050156116485596,0.38229143619537354,-0.1358214020729065,0.16823440790176392,0.371685266494751,-0.12091656774282455,0.15278422832489014,0.3301270008087158,-0.10504084080457687
N,0.14226114749908447,0.0,7.628412390658923e-07,0.04599815607070923,0.09185035526752472,-0.024852273985743523,0.012365788221359253,0.24530094861984253,-0.05303488299250603,0.03626185655593872,0.37872520089149475,-0.07402635365724564,0.07314735651016235,0.46547433733940125,-0.09514733403921127,0.008060038089752197,0.2442721128463745,-0.11603817343711853,0.0,0.46257176995277405,-0.1546006053686142,0.005091071128845215,0.581071525812149,-0.169496551156044,0.010819494724273682,0.6739992201328278,-0.17624443769454956,0.09464371204376221,0.2403891384601593,-0.11885648220777512,0.10593315958976746,0.4764973223209381,-0.15850743651390076,0.10869258642196655,0.6089600026607513,-0.16627217829227448,0.11250150203704834,0.7061874568462372,-0.17094705998897552,0.17116180062294006,0.23461884260177612,-0.11588916927576065,0.16763952374458313,0.45155081152915955,-0.1464691460132599,0.13856643438339233,0.4411982595920563,-0.13074013590812683,0.12485823035240173,0.39648953080177307,-0.11428610235452652,0.22881454229354858,0.22976788878440857,-0.11356911063194275,0.20147031545639038,0.38379332423210144,-0.13265100121498108,0.1726897954940796,0.370466023683548,-0.11654788255691528,0.16088244318962097,0.3287225365638733,-0.09999430179595947
N,0.14142939448356628,0.0,7.737353939774039e-07,0.045225679874420166,0.09390592575073242,-0.02382037602365017,0.012347757816314697,0.2485460638999939,-0.0522284172475338,0.0352037250995636,0.38311702013015747,-0.07337185740470886,0.0720793604850769,0.47097867727279663,-0.09493992477655411,0.008759081363677979,0.23846572637557983,-0.11982591450214386,0.0,0.46231091022491455,-0.15878228843212128,0.005563974380493164,0.5827674269676208,-0.1732267141342163,0.012242436408996582,0.6763264536857605,-0.17948274314403534,0.09547585248947144,0.2317289412021637,-0.12271379679441452,0.10722541809082031,0.47362083196640015,-0.1625237613916397,0.10999557375907898,0.608893096446991,-0.1695510596036911,0.11387404799461365,0.7068086266517639,-0.17387868463993073,0.17253094911575317,0.2255915105342865,-0.11949360370635986,0.17018932104110718,0.44937586784362793,-0.1500045508146286,0.13991516828536987,0.44292575120925903,-0.13474227488040924,0.12489017844200134,0.399441123008728,-0.11880501359701157,0.23059135675430298,0.2226043939590454,-0.11667630076408386,0.20573914051055908,0.3793766498565674,-0.13718894124031067,0.17531073093414307,0.3694266676902771,-0.12289541214704514,0.16074714064598083,0.330313116312027,-0.10753577947616577
N,0.14407482743263245,0.0,7.813769116182812e-07,0.046471625566482544,0.09288004040718079,-0.022917991504073143,0.012584805488586426,0.24753519892692566,-0.04992210492491722,0.034887850284576416,0.38087454438209534,-0.07012173533439636,0.07066428661346436,0.4678246080875397,-0.09065268933773041,0.01016390323638916,0.2453019618988037,-0.11411981284618378,0.0,0.4672723114490509,-0.1512477546930313,0.004806220531463623,0.5877942740917206,-0.16503718495368958,0.010642588138580322,0.6813695728778839,-0.17109088599681854,0.0962090790271759,0.2397857904434204,-0.11722765117883682,0.1057174801826477,0.47849932312965393,-0.15577182173728943,0.10732463002204895,0.6130541861057281,-0.16318203508853912,0.1104360818862915,0.7106994092464447,-0.1676923930644989,0.17313620448112488,0.23260655999183655,-0.11430589109659195,0.16820067167282104,0.45534196496009827,-0.14414145052433014,0.13730144500732422,0.44662895798683167,-0.12911604344844818,0.12257033586502075,0.40171685814857483,-0.11316316574811935,0.23090273141860962,0.2260090708732605,-0.1116906926035881,0.20395293831825256,0.3824571669101715,-0.13125354051589966,0.17345845699310303,0.3713168799877167,-0.11626888066530228,0.15991497039794922,0.330769807100296,-0.10032430291175842
N,0.14318251609802246,0.0,7.809879889464355e-07,0.04670783877372742,0.09280736744403839,-0.022181261330842972,0.013087332248687744,0.24971336126327515,-0.04804639890789986,0.03835210204124451,0.3846244812011719,-0.06743186712265015,0.07689759135246277,0.47147083282470703,-0.08674898743629456,0.010896235704421997,0.24688661098480225,-0.11021967977285385,0.0,0.4703863859176636,-0.14652064442634583,0.003846287727355957,0.590873122215271,-0.15981172025203705,0.008803188800811768,0.6846811175346375,-0.16558820009231567,0.09697282314300537,0.244236558675766,-0.11372692137956619,0.10470876097679138,0.48476070165634155,-0.1509096324443817,0.1047079861164093,0.6160804629325867,-0.15741702914237976,0.10616979002952576,0.7111093997955322,-0.16128142178058624,0.1740431785583496,0.23894453048706055,-0.11135803163051605,0.16603955626487732,0.4569857716560364,-0.13980259001255035,0.1374443769454956,0.44065314531326294,-0.12242597341537476,0.1259879469871521,0.39169424772262573,-0.10493825376033783,0.23224270343780518,0.23363074660301208,-0.10954045504331589,0.2034951150417328,0.3863995671272278,-0.12748192250728607,0.1751781702041626,0.3702925443649292,-0.11040645092725754,0.16538751125335693,0.3272411823272705,-0.09308595210313797
N,0.14106270670890808,0.0,7.937741202113102e-07,0.044741272926330566,0.09611065685749054,-0.024569453671574593,0.011900633573532104,0.2506313621997833,-0.053644489496946335,0.033294737339019775,0.3856624364852905,-0.07484034448862076,0.06740495562553406,0.4740685224533081,-0.09636137634515762,0.009068131446838379,0.24362462759017944,-0.12266800552606583,0.0,0.467587947845459,-0.16205503046512604,0.005512446165084839,0.5880810618400574,-0.1766483187675476,0.011375457048416138,0.6814002990722656,-0.1828700304031372,0.09653645753860474,0.2374328374862671,-0.12449672073125839,0.106190025806427,0.47997164726257324,-0.16380397975444794,0.10733804106712341,0.6137431263923645,-0.169950470328331,0.10938286781311035,0.7084356546401978,-0.17368854582309723,0.1737983226776123,0.23143619298934937,-0.12006320059299469,0.16902640461921692,0.45703965425491333,-0.1486271470785141,0.13900277018547058,0.45475631952285767,-0.1321510672569275,0.12370625138282776,0.41393041610717773,-0.11586885899305344,0.23112237453460693,0.22708943486213684,-0.11612433195114136,0.20706719160079956,0.38631510734558105,-0.133992001414299,0.1777377426624298,0.37835419178009033,-0.11806361377239227,0.16366857290267944,0.3403622508049011,-0.10185226798057556
N,0.14167767763137817,0.0,8.13265842225519e-07,0.044628798961639404,0.09353487193584442,-0.022369597107172012,0.01082882285118103,0.24854162335395813,-0.0501164086163044,0.03237640857696533,0.38266026973724365,-0.0706382766366005,0.06678727269172668,0.47056031227111816,-0.09181787073612213,0.009284108877182007,0.24351754784584045,-0.11912374943494797,0.0,0.46668851375579834,-0.15717047452926636,0.0037886202335357666,0.5867577791213989,-0.1709008663892746,0.008686274290084839,0.6791639924049377,-0.17653818428516388,0.0974740982055664,0.23687073588371277,-0.12190994620323181,0.10638999938964844,0.4781343936920166,-0.1605122834444046,0.10538327693939209,0.6120254993438721,-0.16649557650089264,0.10660746693611145,0.7076230049133301,-0.16969765722751617,0.1744210124015808,0.22896921634674072,-0.11817000806331635,0.17009618878364563,0.4525270462036133,-0.14685918390750885,0.13851016759872437,0.4500579237937927,-0.13086648285388947,0.12280428409576416,0.41090917587280273,-0.11476092785596848,0.23113971948623657,0.22113767266273499,-0.11460941284894943,0.20424634218215942,0.3723874092102051,-0.13331682980060577,0.17261561751365662,0.36040329933166504,-0.11737609654664993,0.15715041756629944,0.32016193866729736,-0.10081402212381363
N,0.14337772130966187,0.0,8.22603908545716e-07,0.04666593670845032,0.09185688197612762,-0.024942882359027863,0.010660320520401001,0.2469315230846405,-0.053026601672172546,0.03133407235145569,0.38118776679039,-0.07349745184183121,0.06854972243309021,0.4672059714794159,-0.09429974108934402,0.01098892092704773,0.2435818612575531,-0.11857499927282333,0.0,0.46697214245796204,-0.1574590653181076,0.0037514567375183105,0.5873871743679047,-0.17248304188251495,0.008164674043655396,0.6805424988269806,-0.17897313833236694,0.09885779023170471,0.2387598156929016,-0.119893878698349,0.10538706183433533,0.48072507977485657,-0.15856346487998962,0.10446575284004211,0.6137940585613251,-0.16529113054275513,0.10526260733604431,0.7087949216365814,-0.16919104754924774,0.17566293478012085,0.23341253399848938,-0.1151670292019844,0.16808661818504333,0.4576452672481537,-0.14484481513500214,0.13895362615585327,0.44914087653160095,-0.12904934585094452,0.12545451521873474,0.4044685661792755,-0.11252497136592865,0.232476145029068,0.22976669669151306,-0.11090303957462311,0.2039175033569336,0.3840705454349518,-0.13039104640483856,0.17353904247283936,0.3720531165599823,-0.11507680267095566,0.1594061553478241,0.33289873600006104,-0.09874198585748672
N,0.1450311839580536,0.0,7.991858410605346e-07,0.04714643955230713,0.09171590209007263,-0.02466949075460434,0.011729300022125244,0.24774131178855896,-0.05265073850750923,0.03585535287857056,0.3842495381832123,-0.0732581838965416,0.07480019330978394,0.4718731939792633,-0.09419214725494385,0.009593307971954346,0.24592527747154236,-0.11652138829231262,0.0,0.4688527286052704,-0.15330776572227478,0.004027456045150757,0.5871244966983795,-0.16626021265983582,0.00878971815109253,0.6783606708049774,-0.17136570811271667,0.09760308265686035,0.24041280150413513,-0.11882283538579941,0.10460048913955688,0.48171135783195496,-0.15566077828407288,0.1047530472278595,0.6144669950008392,-0.16186682879924774,0.10644784569740295,0.7089546024799347,-0.1656385064125061,0.17559924721717834,0.23349562287330627,-0.11518681794404984,0.16848480701446533,0.456325501203537,-0.14350026845932007,0.14010241627693176,0.44939282536506653,-0.1283755600452423,0.12713631987571716,0.40414854884147644,-0.1126997098326683,0.23450374603271484,0.22882124781608582,-0.11198031902313232,0.207620769739151,0.3882199227809906,-0.13006846606731415,0.1784481704235077,0.38171300292015076,-0.11499436944723129,0.16588163375854492,0.34491902589797974,-0.09930507838726044
N,0.1467038094997406,0.0,7.97776749550394e-07,0.047628045082092285,0.08959852159023285,-0.026642924174666405,0.011877059936523438,0.24518513679504395,-0.05572260171175003,0.0325811505317688,0.38406211137771606,-0.07663511484861374,0.06873661279678345,0.47429049015045166,-0.09762158244848251,0.009608179330825806,0.24182036519050598,-0.12240594625473022,0.0,0.46833497285842896,-0.1604418307542801,0.0032840371131896973,0.5877562761306763,-0.17386798560619354,0.007632136344909668,0.6798727512359619,-0.17949752509593964,0.09912541508674622,0.2391643524169922,-0.12346310168504715,0.10638308525085449,0.4818204641342163,-0.16241993010044098,0.10493677854537964,0.6155259609222412,-0.16902464628219604,0.10545650124549866,0.7097366452217102,-0.1730528473854065,0.1777181625366211,0.23543411493301392,-0.11854519695043564,0.167965829372406,0.46548032760620117,-0.14873990416526794,0.13630157709121704,0.46034908294677734,-0.13439474999904633,0.12172535061836243,0.41531211137771606,-0.11921688914299011,0.23498892784118652,0.23366960883140564,-0.11405950039625168,0.20504194498062134,0.3912225365638733,-0.13533028960227966,0.1718134880065918,0.386292040348053,-0.1229344978928566,0.15585792064666748,0.35179853439331055,-0.10885319858789444
N,0.14752888679504395,0.0,8.157301749633916e-07,0.05063122510910034,0.09145233035087585,-0.024529676884412766,0.012648135423660278,0.24354687333106995,-0.05472983419895172,0.030921965837478638,0.3794684112071991,-0.07715221494436264,0.06801697611808777,0.46773216128349304,-0.10019411146640778,0.008918017148971558,0.23999857902526855,-0.1235506683588028,0.0,0.46687188744544983,-0.16256368160247803,0.004213660955429077,0.5871886909008026,-0.17637982964515686,0.009359091520309448,0.6798407733440399,-0.1818474680185318,0.09675762057304382,0.2341880202293396,-0.1263667345046997,0.10461357235908508,0.48041751980781555,-0.1657644808292389,0.104132741689682,0.6164683997631073,-0.1721246838569641,0.10440623760223389,0.7130336463451385,-0.17562615871429443,0.17511847615242004,0.22840678691864014,-0.12279841303825378,0.1691940426826477,0.4586927592754364,-0.15267665684223175,0.1414964497089386,0.4611315429210663,-0.1373489648103714,0.1277766227722168,0.42317333817481995,-0.12144383788108826,0.2348708212375641,0.2246948778629303,-0.11947812139987946,0.20884034037590027,0.3806177079677582,-0.13910996913909912,0.17812827229499817,0.3793546259403229,-0.12469500303268433,0.16179794073104858,0.3486681580543518,-0.10920903831720352
N,0.1529606282711029,0.0,7.417204983539705e-07,0.05357921123504639,0.09164626896381378,-0.023405205458402634,0.016228199005126953,0.24848532676696777,-0.05208848789334297,0.036371320486068726,0.3881303071975708,-0.07347045838832855,0.07293680310249329,0.4819711446762085,-0.09541387856006622,0.008902013301849365,0.24257135391235352,-0.11925122886896133,0.0,0.46882253885269165,-0.15781274437904358,0.00566825270652771,0.5901269316673279,-0.17185358703136444,0.011310875415802002,0.684876024723053,-0.17796722054481506,0.09670847654342651,0.23909622430801392,-0.1231631264090538,0.10568064451217651,0.48429548740386963,-0.1620209813117981,0.10769268870353699,0.6206479072570801,-0.16857966780662537,0.11045119166374207,0.7197679877281189,-0.17292538285255432,0.17606019973754883,0.23487567901611328,-0.121039979159832,0.17064616084098816,0.4676576256752014,-0.15134702622890472,0.14050987362861633,0.4607321619987488,-0.13588008284568787,0.1257484257221222,0.4139096736907959,-0.11982077360153198,0.23712706565856934,0.2325402796268463,-0.11919013410806656,0.21218934655189514,0.3986946940422058,-0.13979743421077728,0.18193522095680237,0.3951627016067505,-0.1257542222738266,0.1673855483531952,0.3599671721458435,-0.11059018969535828
N,0.15584009885787964,0.0,7.088555662448925e-07,0.0563528835773468,0.09171947836875916,-0.022879598662257195,0.014493286609649658,0.24682149291038513,-0.05097813531756401,0.03159227967262268,0.3867715001106262,-0.07204495370388031,0.06591063737869263,0.48090898990631104,-0.09368153661489487,0.007225692272186279,0.24592751264572144,-0.11569423228502274,0.0,0.47294461727142334,-0.15438680350780487,0.005121022462844849,0.5956196784973145,-0.16947731375694275,0.009876728057861328,0.690834105014801,-0.1762930154800415,0.09568223357200623,0.2418554425239563,-0.11994828283786774,0.10717183351516724,0.4875035881996155,-0.15931783616542816,0.10842794179916382,0.6235504150390625,-0.16722016036510468,0.10915103554725647,0.7197281718254089,-0.17217671871185303,0.17501428723335266,0.23710310459136963,-0.1184573620557785,0.17172551155090332,0.46914970874786377,-0.14870160818099976,0.14059147238731384,0.4775571823120117,-0.13507384061813354,0.12314656376838684,0.4419568181037903,-0.12027852237224579,0.23660510778427124,0.23443901538848877,-0.11728613823652267,0.21076738834381104,0.4025266170501709,-0.13735529780387878,0.17864519357681274,0.4090871810913086,-0.12400604784488678,0.16046836972236633,0.3811072111129761,-0.10932344943284988
N,0.15891891717910767,0.0,6.976912345635355e-07,0.0566992461681366,0.09519121050834656,-0.02010383829474449,0.015533417463302612,0.24998247623443604,-0.047310955822467804,0.032919615507125854,0.38863274455070496,-0.06829263269901276,0.06729218363761902,0.48132047057151794,-0.08999370038509369,0.008845746517181396,0.2517779469490051,-0.11119374632835388,0.0,0.47983935475349426,-0.149421826004982,0.0053122639656066895,0.6037375628948212,-0.16481716930866241,0.010542720556259155,0.7002328336238861,-0.17186836898326874,0.09737902879714966,0.24872800707817078,-0.11684691160917282,0.10788598656654358,0.49381276965141296,-0.1561543047428131,0.10932618379592896,0.6293153464794159,-0.16486434638500214,0.10989245772361755,0.7253579795360565,-0.1701822280883789,0.17737367749214172,0.24561408162117004,-0.11659802496433258,0.17242464423179626,0.473586767911911,-0.1466805338859558,0.1419532299041748,0.4795437753200531,-0.13330604135990143,0.12493112683296204,0.44312962889671326,-0.11862064152956009,0.23975977301597595,0.244288831949234,-0.1164872869849205,0.21454524993896484,0.4054277241230011,-0.13591666519641876,0.183344304561615,0.40659263730049133,-0.12184558808803558,0.1658606231212616,0.3753718435764313,-0.10656961053609848
N,0.1568026840686798,0.0,6.835918497927196e-07,0.05549737811088562,0.09502652287483215,-0.02339017577469349,0.015602529048919678,0.2531300187110901,-0.050486236810684204,0.033665597438812256,0.39437997341156006,-0.07073866575956345,0.06822383403778076,0.48914670944213867,-0.09109103679656982,0.0075012147426605225,0.25275319814682007,-0.11105799674987793,0.0,0.4798099994659424,-0.14914926886558533,0.005509555339813232,0.6022604703903198,-0.16485464572906494,0.010726213455200195,0.6990568041801453,-0.17243283987045288,0.0947783887386322,0.249557763338089,-0.11487206816673279,0.10807099938392639,0.4933663606643677,-0.15453457832336426,0.1091819703578949,0.628799557685852,-0.16397149860858917,0.109717458486557,0.72553950548172,-0.17021989822387695,0.17394107580184937,0.2466837763786316,-0.1133020892739296,0.17169144749641418,0.4774068593978882,-0.14533011615276337,0.14073395729064941,0.4756222367286682,-0.13343386352062225,0.12449464201927185,0.4316380023956299,-0.11940666288137436,0.2354479730129242,0.24637222290039062,-0.11217402666807175,0.20976042747497559,0.41019368171691895,-0.13474339246749878,0.17851728200912476,0.40800827741622925,-0.1233312338590622,0.1623150110244751,0.37264007329940796,-0.10969039797782898
N,0.15575578808784485,0.0,6.691812473036407e-07,0.05518770217895508,0.09952506422996521,-0.019862480461597443,0.017351478338241577,0.2548476457595825,-0.04636327177286148,0.037157922983169556,0.3941762447357178,-0.06685028225183487,0.07150226831436157,0.4875873923301697,-0.08766795694828033,0.006852537393569946,0.25126388669013977,-0.10796914994716644,0.0,0.4795226454734802,-0.14629395306110382,0.006726205348968506,0.6030530333518982,-0.16168071329593658,0.012688905000686646,0.6993024945259094,-0.16866371035575867,0.09387081861495972,0.24560260772705078,-0.11373205482959747,0.10890623927116394,0.4925268888473511,-0.15362869203090668,0.11107689142227173,0.6287084221839905,-0.16265378892421722,0.11094173789024353,0.7250948548316956,-0.16810394823551178,0.17295977473258972,0.24269968271255493,-0.11407267302274704,0.1737453043460846,0.47485125064849854,-0.1454324871301651,0.14475461840629578,0.4850057363510132,-0.13368700444698334,0.1267584264278412,0.45142000913619995,-0.11966519802808762,0.2350982129573822,0.24387219548225403,-0.11455598473548889,0.21448266506195068,0.410078763961792,-0.135033518075943,0.18490752577781677,0.4155467748641968,-0.12266521900892258,0.16704431176185608,0.38669341802597046,-0.10847216844558716
N,0.15641069412231445,0.0,6.75867568133981e-07,0.0555284321308136,0.0962885320186615,-0.020361758768558502,0.0180208683013916,0.25120821595191956,-0.04762851446866989,0.037836819887161255,0.3891744911670685,-0.06884205341339111,0.07347932457923889,0.4808427393436432,-0.09024616330862045,0.009069263935089111,0.24788051843643188,-0.11095122247934341,0.0,0.4764149487018585,-0.1491706371307373,0.006096482276916504,0.5995108187198639,-0.1644873023033142,0.011756181716918945,0.6963358223438263,-0.17167116701602936,0.09581005573272705,0.24286428093910217,-0.11646299809217453,0.10792899131774902,0.48927465081214905,-0.15659241378307343,0.10983029007911682,0.6261229813098907,-0.1652931272983551,0.11075779795646667,0.7250174582004547,-0.17085979878902435,0.17450153827667236,0.24029865860939026,-0.11613960564136505,0.17099234461784363,0.4712488353252411,-0.14815831184387207,0.1405368447303772,0.4650002419948578,-0.134225994348526,0.12467491626739502,0.4179474413394928,-0.11844366788864136,0.23613086342811584,0.24143722653388977,-0.1160106211900711,0.21039330959320068,0.40616342425346375,-0.13771390914916992,0.17903292179107666,0.39933428168296814,-0.1241823136806488,0.16235274076461792,0.3600980341434479,-0.10885889083147049
N,0.15369346737861633,0.0,6.239632739379886e-07,0.05429849028587341,0.09905913472175598,-0.017300905659794807,0.02065873146057129,0.2562585771083832,-0.043152548372745514,0.046632587909698486,0.3925730288028717,-0.06347552686929703,0.0867106020450592,0.48166409134864807,-0.08444269001483917,0.006517589092254639,0.25085195899009705,-0.10609927773475647,0.0,0.47457101941108704,-0.14275431632995605,0.006352603435516357,0.5952811539173126,-0.1573542207479477,0.01162099838256836,0.6885862648487091,-0.16399076581001282,0.09268388152122498,0.24224647879600525,-0.11317235231399536,0.10685670375823975,0.48681291937828064,-0.15037328004837036,0.11084440350532532,0.6233571469783783,-0.1584823727607727,0.11366459727287292,0.721563071012497,-0.1640811264514923,0.17124897241592407,0.2358502447605133,-0.11430252343416214,0.1685839295387268,0.465835303068161,-0.14555829763412476,0.1384430229663849,0.46217355132102966,-0.13376669585704803,0.12281927466392517,0.41648390889167786,-0.11980409920215607,0.23435232043266296,0.2329738736152649,-0.11517518758773804,0.20885837078094482,0.3931879699230194,-0.1379002332687378,0.17712253332138062,0.3820830285549164,-0.12567457556724548,0.16095826029777527,0.33771511912345886,-0.11127140372991562
N,0.15574130415916443,0.0,6.598882009711815e-07,0.05464985966682434,0.09402871131896973,-0.02239742875099182,0.01885506510734558,0.25164204835891724,-0.049812622368335724,0.03985297679901123,0.3908666670322418,-0.07072226703166962,0.07418587803840637,0.4852965772151947,-0.09180354326963425,0.008578687906265259,0.24350115656852722,-0.11205773800611496,0.0,0.4721866548061371,-0.14985962212085724,0.005197644233703613,0.5926215946674347,-0.16444359719753265,0.009987354278564453,0.6873245537281036,-0.17088665068149567,0.09472817182540894,0.2381230592727661,-0.11708319187164307,0.10703495144844055,0.485555499792099,-0.15616562962532043,0.10961577296257019,0.6217460930347443,-0.16422511637210846,0.11125171184539795,0.7199726402759552,-0.16966041922569275,0.17355003952980042,0.23561927676200867,-0.11665111780166626,0.16784146428108215,0.46874019503593445,-0.15011847019195557,0.13817089796066284,0.461119681596756,-0.1376923769712448,0.12429851293563843,0.41200926899909973,-0.12289246171712875,0.23630529642105103,0.23761627078056335,-0.11641260981559753,0.20870459079742432,0.4034253656864166,-0.14114655554294586,0.17755067348480225,0.3916618525981903,-0.12913598120212555,0.16343164443969727,0.3466513156890869,-0.11473672837018967
N,0.15413376688957214,0.0,6.487533710242133e-07,0.05638253688812256,0.09831199049949646,-0.018800895661115646,0.020691633224487305,0.2563673257827759,-0.04528167098760605,0.041461169719696045,0.3937857151031494,-0.06586262583732605,0.07522940635681152,0.4877226948738098,-0.08701809495687485,0.007257997989654541,0.24816736578941345,-0.10895897448062897,0.0,0.47330015897750854,-0.14660538733005524,0.004592180252075195,0.594088613986969,-0.16135862469673157,0.008069664239883423,0.6886461973190308,-0.1678125411272049,0.09219169616699219,0.23775699734687805,-0.11593665182590485,0.106987863779068,0.48733222484588623,-0.15520142018795013,0.11155056953430176,0.623016893863678,-0.1627189964056015,0.1139664351940155,0.7191802263259888,-0.16728146374225616,0.17072626948356628,0.23047655820846558,-0.11709178984165192,0.16917365789413452,0.4686928987503052,-0.15063171088695526,0.14280328154563904,0.464874804019928,-0.13620932400226593,0.12949267029762268,0.4177735447883606,-0.1194176897406578,0.23485127091407776,0.22775915265083313,-0.11808393150568008,0.21077632904052734,0.39925283193588257,-0.14178171753883362,0.1817937195301056,0.3897884488105774,-0.12709113955497742,0.16783592104911804,0.3445618748664856,-0.11029183864593506
N,0.1606399416923523,0.0,6.135168177934247e-07,0.06256219744682312,0.09354099631309509,-0.017577996477484703,0.025531679391860962,0.25203070044517517,-0.04221183434128761,0.046810269355773926,0.391659677028656,-0.06125194579362869,0.0833597183227539,0.4867948889732361,-0.08063844591379166,0.011161863803863525,0.2514280676841736,-0.10047630965709686,0.0,0.4729689955711365,-0.1350547820329666,0.0050206780433654785,0.590830385684967,-0.14882618188858032,0.010291099548339844,0.683505654335022,-0.1552858054637909,0.09624192118644714,0.24649173021316528,-0.10708285123109818,0.11092895269393921,0.49117904901504517,-0.142533078789711,0.11802327632904053,0.6225205063819885,-0.14975635707378387,0.1235809326171875,0.7179201245307922,-0.15495887398719788,0.17563876509666443,0.2414696216583252,-0.1080501452088356,0.17092779278755188,0.47149860858917236,-0.13956531882286072,0.14586588740348816,0.4528965950012207,-0.12485061585903168,0.13565370440483093,0.3996002674102783,-0.10871320217847824,0.2404615879058838,0.23772913217544556,-0.1088193953037262,0.2133326232433319,0.3951389789581299,-0.13270717859268188,0.18635901808738708,0.3729739785194397,-0.11847558617591858,0.1756812036037445,0.3239802420139313,-0.10220953077077866
N,0.15805745124816895,0.0,6.024684466865438e-07,0.05893301963806152,0.09803842008113861,-0.017553139477968216,0.02338549494743347,0.25647857785224915,-0.043429356068372726,0.04547575116157532,0.3950267434120178,-0.06341692060232162,0.07996484637260437,0.4897168278694153,-0.08405052125453949,0.009581416845321655,0.24984413385391235,-0.10792142897844315,0.0,0.47384554147720337,-0.14522920548915863,0.006210237741470337,0.5943123698234558,-0.1597794145345688,0.012369006872177124,0.6875702142715454,-0.16603542864322662,0.09516674280166626,0.2414105236530304,-0.11465509235858917,0.11273202300071716,0.48893314599990845,-0.15207929909229279,0.12056758999824524,0.624258816242218,-0.15899084508419037,0.12647858262062073,0.7204340100288391,-0.1634225845336914,0.17411917448043823,0.2355300784111023,-0.11544004827737808,0.1707184910774231,0.46684491634368896,-0.14673089981079102,0.14403009414672852,0.4622972011566162,-0.13220016658306122,0.13187554478645325,0.4178609251976013,-0.11615457385778427,0.2384253442287445,0.23310226202011108,-0.11604651063680649,0.21226850152015686,0.39273542165756226,-0.1388678401708603,0.18303871154785156,0.38089263439178467,-0.12467968463897705,0.169906347990036,0.337792307138443,-0.10842323303222656
N,0.15401867032051086,0.0,6.053689389773353e-07,0.05626294016838074,0.09641070663928986,-0.019222019240260124,0.021253317594528198,0.25613856315612793,-0.045186206698417664,0.043056100606918335,0.39596885442733765,-0.06479636579751968,0.07958760857582092,0.4889625906944275,-0.08505776524543762,0.009446412324905396,0.25245216488838196,-0.1086919829249382,0.0,0.4763110876083374,-0.14524400234222412,0.005470991134643555,0.5975135564804077,-0.15948642790317535,0.010684788227081299,0.6906100511550903,-0.16564886271953583,0.09349408745765686,0.2425331175327301,-0.11432380974292755,0.11032629013061523,0.49025416374206543,-0.15164291858673096,0.11910507082939148,0.6267796158790588,-0.15858039259910583,0.1261022388935089,0.7219074964523315,-0.163058340549469,0.17104780673980713,0.23542305827140808,-0.11404862999916077,0.16871443390846252,0.4714195728302002,-0.14509432017803192,0.14411449432373047,0.47110843658447266,-0.1309068202972412,0.13323453068733215,0.4270132780075073,-0.11495436728000641,0.23417794704437256,0.23252978920936584,-0.11368193477392197,0.21018630266189575,0.4018462896347046,-0.13556697964668274,0.18202757835388184,0.394813597202301,-0.12127186357975006,0.16942086815834045,0.35231783986091614,-0.1050565242767334
N,0.15720060467720032,0.0,6.623868102906272e-07,0.056971192359924316,0.09275186061859131,-0.022648461163043976,0.020930618047714233,0.2507374882698059,-0.0513596311211586,0.0442604124546051,0.3897978365421295,-0.07266859710216522,0.08078986406326294,0.48350128531455994,-0.09422646462917328,0.011277616024017334,0.2421058714389801,-0.11926643550395966,0.0,0.4720228612422943,-0.15814359486103058,0.004928082227706909,0.5936485826969147,-0.17227177321910858,0.01036691665649414,0.6873174011707306,-0.17786504328250885,0.09722328186035156,0.23434796929359436,-0.12289736419916153,0.11201536655426025,0.48326143622398376,-0.16226960718631744,0.11808016896247864,0.6193974316120148,-0.16807521879673004,0.12301275134086609,0.7164142429828644,-0.17139728367328644,0.1755337119102478,0.23041486740112305,-0.1204071119427681,0.16945362091064453,0.4617728888988495,-0.15174612402915955,0.14173591136932373,0.45911046862602234,-0.1354864090681076,0.12960851192474365,0.417087584733963,-0.11820744723081589,0.23757433891296387,0.23035749793052673,-0.11811333149671555,0.20723611116409302,0.39236393570899963,-0.13948163390159607,0.17686596512794495,0.38360825181007385,-0.12413044273853302,0.16362237930297852,0.3442719876766205,-0.1073693037033081
N,0.1556798219680786,0.0,6.073524900784832e-07,0.05843016505241394,0.09577852487564087,-0.019402263686060905,0.02427053451538086,0.25473013520240784,-0.046263113617897034,0.047223955392837524,0.39419177174568176,-0.06637744605541229,0.0821375846862793,0.48897984623908997,-0.08681952953338623,0.00989869236946106,0.24782490730285645,-0.11256768554449081,0.0,0.4720776379108429,-0.15002703666687012,0.006342053413391113,0.5927633345127106,-0.16423876583576202,0.012260586023330688,0.6860717833042145,-0.1704370379447937,0.0958172082901001,0.23973330855369568,-0.11768469214439392,0.11332330107688904,0.4877760112285614,-0.1550259292125702,0.11969229578971863,0.6228623688220978,-0.16139329969882965,0.124683678150177,0.7194364368915558,-0.16569450497627258,0.1740398406982422,0.2342042624950409,-0.11661957949399948,0.17097890377044678,0.46242085099220276,-0.14705383777618408,0.1413828730583191,0.4522428810596466,-0.13228827714920044,0.12799423933029175,0.4049006998538971,-0.11651812493801117,0.23690193891525269,0.23170366883277893,-0.11545291543006897,0.2108546793460846,0.3877117931842804,-0.1373218446969986,0.1812986433506012,0.3712461292743683,-0.12311375141143799,0.1681886613368988,0.3267083168029785,-0.10730389505624771
N,0.15649965405464172,0.0,6.20798971340264e-07,0.05531740188598633,0.09070722758769989,-0.020458092913031578,0.01983371376991272,0.2463201880455017,-0.04415777325630188,0.04515659809112549,0.38579291105270386,-0.061381906270980835,0.08306178450584412,0.4763757586479187,-0.07860411703586578,0.01053917407989502,0.2471860647201538,-0.10209178179502487,0.0,0.4703892469406128,-0.13619515299797058,0.00536656379699707,0.5900663137435913,-0.14884087443351746,0.0109691321849823,0.6828036904335022,-0.15397857129573822,0.09623807668685913,0.2471638023853302,-0.10526135563850403,0.11065307259559631,0.48743772506713867,-0.1400202065706253,0.1189272403717041,0.6202069520950317,-0.14637814462184906,0.1257634162902832,0.7142013907432556,-0.15032325685024261,0.1735095977783203,0.24733179807662964,-0.10311972349882126,0.16719719767570496,0.4704141616821289,-0.13100120425224304,0.14206886291503906,0.4670811891555786,-0.11781640350818634,0.13183578848838806,0.42305850982666016,-0.10295389592647552,0.23401334881782532,0.2491801381111145,-0.10126999765634537,0.2083781659603119,0.4083811044692993,-0.11945000290870667,0.1812911331653595,0.4038611650466919,-0.10589323937892914,0.16981127858161926,0.366693377494812,-0.09086412191390991
N,0.15700757503509521,0.0,6.470331186392286e-07,0.057351112365722656,0.09550435841083527,-0.019723549485206604,0.021606892347335815,0.25245219469070435,-0.04637591168284416,0.04360753297805786,0.3878525495529175,-0.06672913581132889,0.07849964499473572,0.47752630710601807,-0.08768235892057419,0.010423272848129272,0.24810120463371277,-0.11088760942220688,0.0,0.47098207473754883,-0.14859001338481903,0.004506021738052368,0.5926288366317749,-0.1640194207429886,0.009164094924926758,0.6880238652229309,-0.17118890583515167,0.09517410397529602,0.24184849858283997,-0.11636774986982346,0.10981529951095581,0.4830050468444824,-0.15359006822109222,0.11636409163475037,0.6185119152069092,-0.16100578010082245,0.12183120846748352,0.716363251209259,-0.16616937518119812,0.17383220791816711,0.2368449568748474,-0.11580844968557358,0.17009207606315613,0.46175384521484375,-0.1449635922908783,0.14163362979888916,0.45511817932128906,-0.12949208915233612,0.12812703847885132,0.41015344858169556,-0.11359461396932602,0.2370472252368927,0.23431330919265747,-0.11543818563222885,0.21028363704681396,0.39341604709625244,-0.1352071613073349,0.18158742785453796,0.3824802041053772,-0.11941733211278915,0.16904139518737793,0.34101352095603943,-0.10283778607845306
N,0.1585417091846466,0.0,6.398195750989544e-07,0.06084749102592468,0.09328629076480865,-0.020175959914922714,0.026051640510559082,0.25253891944885254,-0.04681790992617607,0.050023555755615234,0.39243632555007935,-0.06688440591096878,0.08444997668266296,0.48597127199172974,-0.08706822991371155,0.011686950922012329,0.24780729413032532,-0.11083193868398666,0.0,0.47281116247177124,-0.1473270058631897,0.004746735095977783,0.5932477712631226,-0.16078568994998932,0.010427683591842651,0.6866950392723083,-0.1665658950805664,0.096219003200531,0.2425403892993927,-0.11581788212060928,0.11133769154548645,0.488423228263855,-0.1525743305683136,0.11841699481010437,0.6216545701026917,-0.15873651206493378,0.1249183714389801,0.716560959815979,-0.16281503438949585,0.1746077835559845,0.23763978481292725,-0.11478511989116669,0.17317727208137512,0.46161752939224243,-0.14395903050899506,0.14624205231666565,0.44976556301116943,-0.12772521376609802,0.13398537039756775,0.40274345874786377,-0.11116081476211548,0.23746460676193237,0.23454424738883972,-0.11393887549638748,0.2108953297138214,0.3910282254219055,-0.13366812467575073,0.18398192524909973,0.37665611505508423,-0.11788083612918854,0.1731918454170227,0.33475199341773987,-0.10131890326738358
N,0.16057351231575012,0.0,6.235313776414841e-07,0.061175912618637085,0.09613637626171112,-0.020181039348244667,0.024327397346496582,0.2521625757217407,-0.04683729633688927,0.04394081234931946,0.39223021268844604,-0.06691433489322662,0.07610815763473511,0.48862868547439575,-0.08736588060855865,0.010529369115829468,0.24418416619300842,-0.10979969054460526,0.0,0.47071313858032227,-0.1463955193758011,0.005295008420944214,0.5917737483978271,-0.15997859835624695,0.010365992784500122,0.6857669353485107,-0.1655946671962738,0.09602430462837219,0.23650729656219482,-0.1150180846452713,0.11226809024810791,0.4849291443824768,-0.15258625149726868,0.11955446004867554,0.6203204393386841,-0.15921816229820251,0.1248038113117218,0.7151749134063721,-0.16347798705101013,0.17462873458862305,0.23282140493392944,-0.11457681655883789,0.1723513901233673,0.46682387590408325,-0.14541181921958923,0.1468183398246765,0.4656373858451843,-0.13116365671157837,0.13494279980659485,0.4218054413795471,-0.11540203541517258,0.23796406388282776,0.23447111248970032,-0.11414125561714172,0.21689927577972412,0.40454453229904175,-0.1353643387556076,0.1897401511669159,0.3977804183959961,-0.12093771249055862,0.17716699838638306,0.3569396436214447,-0.10496123880147934
N,0.15819081664085388,0.0,5.930597239967028e-07,0.05972042679786682,0.09515872597694397,-0.019314387813210487,0.022348225116729736,0.2528919279575348,-0.04678652435541153,0.042367756366729736,0.39202022552490234,-0.06783343851566315,0.07641881704330444,0.4874727725982666,-0.08965107798576355,0.010222375392913818,0.24718981981277466,-0.1122766062617302,0.0,0.4727157950401306,-0.15036657452583313,0.005669116973876953,0.5938270688056946,-0.1651485711336136,0.011518895626068115,0.68707674741745,-0.1715262085199356,0.09589460492134094,0.2380264699459076,-0.11874870955944061,0.1111084520816803,0.48870372772216797,-0.15632757544517517,0.11883077025413513,0.6236034035682678,-0.16253940761089325,0.1250356137752533,0.7182767391204834,-0.1666279286146164,0.17477232217788696,0.23128706216812134,-0.11930063366889954,0.17089128494262695,0.4651687741279602,-0.15083788335323334,0.14348512887954712,0.46369290351867676,-0.13578081130981445,0.13026025891304016,0.42098474502563477,-0.11962594836950302,0.2397177815437317,0.2285943329334259,-0.11973453313112259,0.2133261263370514,0.3948848843574524,-0.14247742295265198,0.18411916494369507,0.38455748558044434,-0.12733474373817444,0.1706486940383911,0.3415757119655609,-0.1106727197766304
N,0.1604202389717102,0.0,6.241500045689463e-07,0.05971965193748474,0.09215988218784332,-0.020060589537024498,0.022032856941223145,0.2481096088886261,-0.04714382067322731,0.04261317849159241,0.3855079412460327,-0.06784796714782715,0.07763537764549255,0.47634708881378174,-0.08897703886032104,0.010922789573669434,0.2445044219493866,-0.11135171353816986,0.0,0.4719608426094055,-0.14822514355182648,0.0017915666103363037,0.5931143164634705,-0.16187730431556702,0.0034524202346801758,0.687764048576355,-0.1677227020263672,0.09673294425010681,0.23968082666397095,-0.11707613617181778,0.11097052693367004,0.4878156781196594,-0.15477286279201508,0.1169995367527008,0.6219202280044556,-0.1611904501914978,0.12241101264953613,0.7166721224784851,-0.16500402987003326,0.17497602105140686,0.23613154888153076,-0.11680678278207779,0.1698232889175415,0.4622141122817993,-0.14711478352546692,0.1400873064994812,0.4572182893753052,-0.13174819946289062,0.12611174583435059,0.4138840436935425,-0.1153792068362236,0.23721802234649658,0.23574846982955933,-0.11668812483549118,0.2092718780040741,0.3958209753036499,-0.13714870810508728,0.17913976311683655,0.38472098112106323,-0.12150585651397705,0.16589775681495667,0.34320375323295593,-0.10477710515260696
N,0.1576465368270874,0.0,6.293040542004746e-07,0.05898544192314148,0.09428569674491882,-0.02075052633881569,0.023356467485427856,0.2515007257461548,-0.04863787442445755,0.04639768600463867,0.3909960091114044,-0.06947845965623856,0.08159434795379639,0.4829423725605011,-0.0907764881849289,0.00932157039642334,0.24114885926246643,-0.11284471303224564,0.0,0.4698643386363983,-0.15003150701522827,0.002338021993637085,0.5913448631763458,-0.16441991925239563,0.004180580377578735,0.6865390837192535,-0.17071855068206787,0.09578466415405273,0.23382875323295593,-0.11760824173688889,0.11166396737098694,0.4823578894138336,-0.15513619780540466,0.11870715022087097,0.617198258638382,-0.1613531857728958,0.12392237782478333,0.7117725312709808,-0.16530443727970123,0.17477133870124817,0.23113977909088135,-0.11637872457504272,0.16959694027900696,0.46412816643714905,-0.14671596884727478,0.14341884851455688,0.4647490084171295,-0.13146714866161346,0.13208264112472534,0.42406365275382996,-0.11528512090444565,0.2381453812122345,0.23326683044433594,-0.1152060255408287,0.211012601852417,0.39697495102882385,-0.1360040158033371,0.18206021189689636,0.3874293267726898,-0.12041900306940079,0.1692909300327301,0.34631335735321045,-0.10365031659603119
N,0.15579724311828613,0.0,6.394328693204443e-07,0.05931895971298218,0.093313068151474,-0.019958844408392906,0.024217844009399414,0.2510908246040344,-0.04685847461223602,0.04679560661315918,0.38893193006515503,-0.06757665425539017,0.08032330870628357,0.48047196865081787,-0.08869419991970062,0.010377109050750732,0.24523022770881653,-0.10838692635297775,0.0,0.4717782735824585,-0.14453810453414917,0.001627206802368164,0.5912055373191833,-0.15899918973445892,0.002591431140899658,0.6860629916191101,-0.16588835418224335,0.0963810384273529,0.23978692293167114,-0.113591767847538,0.1104370653629303,0.48452943563461304,-0.1499018371105194,0.11633971333503723,0.6161683797836304,-0.1572103202342987,0.12041941285133362,0.7124063372612,-0.1625242382287979,0.1753409206867218,0.235354483127594,-0.11280883103609085,0.16899323463439941,0.458684504032135,-0.14320223033428192,0.1423160433769226,0.4401264786720276,-0.1274913251399994,0.13109850883483887,0.39000171422958374,-0.11126086115837097,0.23857933282852173,0.23301911354064941,-0.11211353540420532,0.20938777923583984,0.3858538866043091,-0.13406525552272797,0.18184912204742432,0.3640766441822052,-0.11858522146940231,0.17144230008125305,0.31750229001045227,-0.10204173624515533
N,0.1561662256717682,0.0,6.968659818085143e-07,0.05678042769432068,0.09171320497989655,-0.021572917699813843,0.020832300186157227,0.24668413400650024,-0.047923069447278976,0.04080125689506531,0.38626986742019653,-0.06760546565055847,0.07175466418266296,0.47912269830703735,-0.08729813992977142,0.00912320613861084,0.2403465211391449,-0.10950743407011032,0.0,0.4698152542114258,-0.14698584377765656,0.0004118978977203369,0.5910115242004395,-0.16211242973804474,8.153915405273438e-05,0.6869450807571411,-0.1691410392522812,0.09407621622085571,0.2397451400756836,-0.1132633313536644,0.10384643077850342,0.4838367700576782,-0.15047793090343475,0.10510855913162231,0.6181304454803467,-0.1584853231906891,0.1054747998714447,0.7146902084350586,-0.16358907520771027,0.17151540517807007,0.23953893780708313,-0.11135313659906387,0.1651744544506073,0.4614032506942749,-0.14073842763900757,0.13764619827270508,0.455441951751709,-0.12747643887996674,0.12436637282371521,0.412387490272522,-0.1129724308848381,0.23190352320671082,0.24008643627166748,-0.10982124507427216,0.20509794354438782,0.386299729347229,-0.1311352401971817,0.17646577954292297,0.3714519739151001,-0.11840870976448059,0.16310206055641174,0.32913738489151,-0.10372109711170197
N,0.15360546112060547,0.0,7.099204140104121e-07,0.0535033643245697,0.08958013355731964,-0.023181524127721786,0.018040478229522705,0.2462037205696106,-0.05204670503735542,0.04032576084136963,0.38747143745422363,-0.07390568405389786,0.07424271106719971,0.48230308294296265,-0.09596613794565201,0.007297217845916748,0.23379069566726685,-0.11725128442049026,0.0,0.4692760705947876,-0.1561518758535385,0.0023810863494873047,0.5909898281097412,-0.1707008183002472,0.004646420478820801,0.6859183311462402,-0.1768539696931839,0.09322607517242432,0.23289155960083008,-0.12201400101184845,0.09547331929206848,0.48295068740844727,-0.1610233187675476,0.09316650032997131,0.6180124282836914,-0.16802649199962616,0.09146487712860107,0.7135401964187622,-0.17222651839256287,0.1716703474521637,0.23275181651115417,-0.12099014967679977,0.15989887714385986,0.4655749201774597,-0.1520458310842514,0.13357886672019958,0.4598865509033203,-0.1373915821313858,0.12185508012771606,0.4146609306335449,-0.1217874139547348,0.2333720326423645,0.23408830165863037,-0.1203039214015007,0.2046237587928772,0.3923878073692322,-0.14245830476284027,0.17564797401428223,0.37991636991500854,-0.1287696808576584,0.16302388906478882,0.33776938915252686,-0.11355745047330856
N,0.1471269428730011,0.0,7.13314477707172e-07,0.04937368631362915,0.08896006643772125,-0.020714538171887398,0.018741905689239502,0.2487887740135193,-0.05054779723286629,0.04889264702796936,0.3920598030090332,-0.07406431436538696,0.08882832527160645,0.48729825019836426,-0.09821867197751999,0.001205146312713623,0.23543396592140198,-0.118601493537426,0.0,0.469394326210022,-0.15843218564987183,0.0044117271900177,0.5886090993881226,-0.17261050641536713,0.009120285511016846,0.6826105117797852,-0.17810975015163422,0.08537358045578003,0.23241785168647766,-0.1256990134716034,0.08050531148910522,0.48590004444122314,-0.16470909118652344,0.07586508989334106,0.6227890253067017,-0.1709350198507309,0.07451444864273071,0.7212693095207214,-0.17433854937553406,0.16339337825775146,0.22906744480133057,-0.12653757631778717,0.1511349380016327,0.4639749526977539,-0.15826907753944397,0.12632912397384644,0.4514405131340027,-0.1424451321363449,0.11612021923065186,0.40219539403915405,-0.12546133995056152,0.22629135847091675,0.22664883732795715,-0.12728440761566162,0.19609549641609192,0.3822883367538452,-0.14940565824508667,0.1660359501838684,0.36992305517196655,-0.13488763570785522,0.15217465162277222,0.33082035183906555,-0.11906886100769043
N,0.14323380589485168,0.0,7.489182394238014e-07,0.050002098083496094,0.08855229616165161,-0.021427607163786888,0.026255786418914795,0.24882736802101135,-0.052388995885849,0.07105052471160889,0.3891838490962982,-0.07793108373880386,0.12098279595375061,0.47681012749671936,-0.10462082922458649,0.0,0.23519176244735718,-0.11396968364715576,0.0033175647258758545,0.4669876992702484,-0.15561887621879578,0.008183687925338745,0.5872678458690643,-0.1724567860364914,0.014331787824630737,0.6839786469936371,-0.1799072027206421,0.08191409707069397,0.2330072820186615,-0.12215358763933182,0.07117080688476562,0.4786706864833832,-0.16084593534469604,0.06726095080375671,0.6152942478656769,-0.16934248805046082,0.06820753216743469,0.7185752093791962,-0.1745188981294632,0.1608264148235321,0.2283729612827301,-0.12454823404550552,0.15057802200317383,0.4496200382709503,-0.1585114449262619,0.13376131653785706,0.42099764943122864,-0.143862783908844,0.12859663367271423,0.3650740385055542,-0.12657660245895386,0.2276630699634552,0.22462201118469238,-0.12676425278186798,0.20266538858413696,0.36867961287498474,-0.1502070277929306,0.17831748723983765,0.348333477973938,-0.13548199832439423,0.168484628200531,0.3076530396938324,-0.1192052885890007
N,0.14143547415733337,0.0,7.606129202031298e-07,0.04850342869758606,0.08746330440044403,-0.022229867056012154,0.023045390844345093,0.24656754732131958,-0.05199882760643959,0.06681576371192932,0.387656569480896,-0.0757979303598404,0.11365380883216858,0.4759821891784668,-0.100465789437294,0.0,0.2309640645980835,-0.11165568232536316,0.001726984977722168,0.4583433270454407,-0.15210483968257904,0.006434082984924316,0.5771868824958801,-0.16863839328289032,0.011856764554977417,0.6729815602302551,-0.17595115303993225,0.08157283067703247,0.22931504249572754,-0.11803868412971497,0.07041770219802856,0.4734424948692322,-0.15448148548603058,0.06495165824890137,0.6076722741127014,-0.16196855902671814,0.0633459985256195,0.7094940543174744,-0.166714608669281,0.15891042351722717,0.22707349061965942,-0.11887895315885544,0.1503303349018097,0.4482015371322632,-0.14936940371990204,0.13129723072052002,0.4278874397277832,-0.13468368351459503,0.12286698818206787,0.37799060344696045,-0.11831683665513992,0.22457090020179749,0.22644132375717163,-0.11981316655874252,0.20016831159591675,0.37223899364471436,-0.13940703868865967,0.17566192150115967,0.3589748740196228,-0.12429478019475937,0.16466960310935974,0.32388100028038025,-0.1086558997631073
N,0.1393900215625763,0.0,7.63454352181725e-07,0.0442904531955719,0.0872085839509964,-0.02008688449859619,0.015714555978775024,0.24638226628303528,-0.050374116748571396,0.056466907262802124,0.3855161666870117,-0.07479745149612427,0.10191988945007324,0.47386908531188965,-0.1007266715168953,0.0,0.2312702238559723,-0.11600428074598312,0.0035446584224700928,0.45812928676605225,-0.15563468635082245,0.00903967022895813,0.5747828483581543,-0.17088718712329865,0.015158653259277344,0.669879674911499,-0.17786754667758942,0.0850665271282196,0.22687724232673645,-0.1244773343205452,0.07290750741958618,0.4731404185295105,-0.16113243997097015,0.06588700413703918,0.6057787537574768,-0.16704514622688293,0.06487298011779785,0.7076464891433716,-0.17121624946594238,0.16491839289665222,0.22209757566452026,-0.12682828307151794,0.15487685799598694,0.45081114768981934,-0.15889662504196167,0.1283884346485138,0.42137664556503296,-0.1422378420829773,0.11671832203865051,0.3634223937988281,-0.12478802353143692,0.23104503750801086,0.2179921269416809,-0.12881334125995636,0.20338746905326843,0.3726249933242798,-0.15121394395828247,0.17384237051010132,0.34973421692848206,-0.1347348839044571,0.16101428866386414,0.3046201169490814,-0.1180729791522026
N,0.14489713311195374,0.0,7.896565534792899e-07,0.049972712993621826,0.08334586024284363,-0.0249368567019701,0.024611562490463257,0.24394020438194275,-0.056409504264593124,0.06655296683311462,0.38586851954460144,-0.08037390559911728,0.10890427231788635,0.47838184237480164,-0.104689821600914,0.0,0.2254493236541748,-0.12095087021589279,0.001980036497116089,0.45789089798927307,-0.16138175129890442,0.008095532655715942,0.5744903981685638,-0.17659001052379608,0.014650583267211914,0.6693030297756195,-0.18333356082439423,0.0855804979801178,0.2218870222568512,-0.12564876675605774,0.07206743955612183,0.46816423535346985,-0.1630113422870636,0.06660822033882141,0.6008997857570648,-0.1692642867565155,0.06695917248725891,0.7030609548091888,-0.1738758385181427,0.1655198037624359,0.2205735146999359,-0.12456308305263519,0.15377706289291382,0.44976404309272766,-0.1566127985715866,0.12906137108802795,0.4226331412792206,-0.14083270728588104,0.11908683180809021,0.36586466431617737,-0.12424071133136749,0.23086270689964294,0.22187307476997375,-0.12349699437618256,0.20160722732543945,0.3743652403354645,-0.1462547928094864,0.17466023564338684,0.35197389125823975,-0.13158273696899414,0.1642465889453888,0.30824148654937744,-0.11627305299043655
N,0.14012715220451355,0.0,7.29802081878006e-07,0.04555055499076843,0.08784008026123047,-0.022564634680747986,0.022555649280548096,0.2528855800628662,-0.05616367608308792,0.0714452862739563,0.39357879757881165,-0.08259250968694687,0.12310528755187988,0.48037776350975037,-0.11009896546602249,0.0,0.2269057333469391,-0.12790490686893463,0.006507694721221924,0.45899567008018494,-0.17155419290065765,0.012148678302764893,0.5760829150676727,-0.18931306898593903,0.01773887872695923,0.6720173060894012,-0.19795306026935577,0.08645376563072205,0.21982058882713318,-0.13546855747699738,0.07638007402420044,0.472238689661026,-0.17509883642196655,0.06922617554664612,0.6063794195652008,-0.18174493312835693,0.06828892230987549,0.7107219994068146,-0.18710899353027344,0.166619211435318,0.21613553166389465,-0.13647635281085968,0.15498769283294678,0.45542505383491516,-0.17015057802200317,0.12793686985969543,0.4273078739643097,-0.15257495641708374,0.11657586693763733,0.3690511882305145,-0.13487190008163452,0.2322027087211609,0.2158709466457367,-0.13724417984485626,0.20046848058700562,0.37644508481025696,-0.1610417515039444,0.1698664128780365,0.3556433618068695,-0.14505349099636078,0.1566975712776184,0.312167763710022,-0.12906645238399506
N,0.13966584205627441,0.0,7.797798389219679e-07,0.0452045202255249,0.0902222990989685,-0.022905193269252777,0.02165377140045166,0.25591251254081726,-0.05618618428707123,0.0684683620929718,0.3966415822505951,-0.08243545144796371,0.11902409791946411,0.48498472571372986,-0.11016488075256348,0.0,0.23241284489631653,-0.12696702778339386,0.005066961050033569,0.4610133469104767,-0.1696048080921173,0.010904878377914429,0.577341765165329,-0.1861649751663208,0.017203420400619507,0.6726222932338715,-0.1938849240541458,0.08466199040412903,0.223580002784729,-0.13456808030605316,0.0739680826663971,0.47387996315956116,-0.17398139834403992,0.06794995069503784,0.6083710491657257,-0.1799764782190323,0.06781047582626343,0.7129075825214386,-0.18441113829612732,0.1641482412815094,0.2169097661972046,-0.1356324702501297,0.15465983748435974,0.4546913802623749,-0.16836847364902496,0.1273742914199829,0.4304704964160919,-0.15012429654598236,0.11512798070907593,0.3755066692829132,-0.13196741044521332,0.23098427057266235,0.21255186200141907,-0.1365484893321991,0.20284906029701233,0.375708669424057,-0.15896464884281158,0.17294368147850037,0.35640808939933777,-0.1416839361190796,0.1603107452392578,0.3124334514141083,-0.12472755461931229
N,0.14030176401138306,0.0,7.718394385847205e-07,0.04858142137527466,0.08959744870662689,-0.02274727076292038,0.027655690908432007,0.2529844641685486,-0.05556933581829071,0.07556077837944031,0.39252495765686035,-0.08182724565267563,0.12138402462005615,0.4821271300315857,-0.10896994918584824,0.0,0.23302030563354492,-0.12075022608041763,0.0020076632499694824,0.4619007706642151,-0.16305750608444214,0.007598429918289185,0.5774537920951843,-0.17970962822437286,0.014418214559555054,0.6726917028427124,-0.18734659254550934,0.08333930373191833,0.22618639469146729,-0.12828780710697174,0.07076659798622131,0.473263680934906,-0.16722960770130157,0.06615713238716125,0.6060096621513367,-0.17357642948627472,0.06765276193618774,0.7108160853385925,-0.17803995311260223,0.1623191237449646,0.2216605842113495,-0.12990543246269226,0.15354278683662415,0.45326387882232666,-0.16368934512138367,0.1303206980228424,0.4205802083015442,-0.14563080668449402,0.12089699506759644,0.36235594749450684,-0.12680116295814514,0.2283019721508026,0.21927893161773682,-0.131429985165596,0.2021193504333496,0.37737733125686646,-0.15453676879405975,0.1766415238380432,0.3527911305427551,-0.13721215724945068,0.16814780235290527,0.3072975277900696,-0.11972851306200027
N,0.1455201804637909,0.0,7.540900810454332e-07,0.050920456647872925,0.08891052007675171,-0.024747716262936592,0.02871537208557129,0.2555347979068756,-0.05842043459415436,0.07933929562568665,0.39813855290412903,-0.08467022329568863,0.12837141752243042,0.487414687871933,-0.11155231297016144,0.0,0.22917741537094116,-0.12444120645523071,0.005356878042221069,0.46013227105140686,-0.1674743890762329,0.011719822883605957,0.5766384899616241,-0.18447545170783997,0.017888277769088745,0.6730972826480865,-0.19244611263275146,0.08580401539802551,0.22588858008384705,-0.13040155172348022,0.07520818710327148,0.47641196846961975,-0.16979427635669708,0.06917896866798401,0.610182136297226,-0.17601606249809265,0.06890302896499634,0.7159365117549896,-0.18051689863204956,0.1656797230243683,0.22514882683753967,-0.13039138913154602,0.1567424237728119,0.4607539474964142,-0.16468484699726105,0.1327541470527649,0.4258832633495331,-0.14676453173160553,0.12332168221473694,0.36512717604637146,-0.12790904939174652,0.23109883069992065,0.226708322763443,-0.13039544224739075,0.20189327001571655,0.38429227471351624,-0.15453603863716125,0.17370766401290894,0.35852155089378357,-0.13841092586517334,0.1629992425441742,0.312802791595459,-0.12168002128601074
N,0.13865160942077637,0.0,7.351425779233978e-07,0.049679309129714966,0.08978666365146637,-0.02268851362168789,0.03100520372390747,0.2575942277908325,-0.054806310683488846,0.08547067642211914,0.40250077843666077,-0.08048107475042343,0.13553324341773987,0.4906831681728363,-0.10694336146116257,0.0,0.23329564929008484,-0.11708216369152069,0.004311919212341309,0.46769294142723083,-0.15839239954948425,0.010430783033370972,0.584137350320816,-0.17369970679283142,0.016698628664016724,0.6785254180431366,-0.18004566431045532,0.08359858393669128,0.2264079451560974,-0.12415795773267746,0.07572400569915771,0.47946426272392273,-0.16257908940315247,0.07159805297851562,0.6122030913829803,-0.1679438203573227,0.072267085313797,0.7138918936252594,-0.17116321623325348,0.1623881757259369,0.2220078408718109,-0.12562021613121033,0.1586228907108307,0.45143452286720276,-0.1596532166004181,0.13575252890586853,0.4191093146800995,-0.14196059107780457,0.12542927265167236,0.35985782742500305,-0.12238354235887527,0.2302376925945282,0.2215951681137085,-0.12688517570495605,0.20788505673408508,0.384268194437027,-0.14950072765350342,0.18269836902618408,0.36086907982826233,-0.1323002725839615,0.173650324344635,0.3132406771183014,-0.11462796479463577
N,0.14164963364601135,0.0,7.308145768547547e-07,0.05666893720626831,0.09615042805671692,-0.02312524989247322,0.04477033019065857,0.26470065116882324,-0.055654313415288925,0.0987497866153717,0.40804702043533325,-0.08180075883865356,0.13600435853004456,0.49848055839538574,-0.10814383625984192,0.0,0.2358076572418213,-0.11508772522211075,0.006705492734909058,0.4685388207435608,-0.15773488581180573,0.013114511966705322,0.5864923000335693,-0.1749729961156845,0.020188599824905396,0.6827051639556885,-0.1826900839805603,0.08169123530387878,0.22731822729110718,-0.12171491235494614,0.07508575916290283,0.4791741371154785,-0.16085684299468994,0.07218647003173828,0.6129177808761597,-0.16769376397132874,0.07301217317581177,0.7181650400161743,-0.172072172164917,0.1596274971961975,0.22279858589172363,-0.12303802371025085,0.1568213701248169,0.45596444606781006,-0.1570645570755005,0.13727441430091858,0.43153679370880127,-0.14070621132850647,0.1280994713306427,0.37824374437332153,-0.12217851728200912,0.2279323935508728,0.2237659990787506,-0.12429139018058777,0.205620676279068,0.3882191777229309,-0.1474851667881012,0.17937952280044556,0.3729981780052185,-0.1321742683649063,0.16710039973258972,0.33246898651123047,-0.11575517803430557
N,0.1469307243824005,0.0,7.006183864177729e-07,0.0582556426525116,0.09181176126003265,-0.02105538919568062,0.03813508152961731,0.2594550549983978,-0.051227111369371414,0.08900648355484009,0.4071360230445862,-0.07548633217811584,0.1315171718597412,0.49824297428131104,-0.09998450428247452,0.0,0.2389339804649353,-0.11047723144292831,0.004292279481887817,0.4699660539627075,-0.15204614400863647,0.010996371507644653,0.5874516367912292,-0.16882917284965515,0.01890239119529724,0.6819096803665161,-0.17613059282302856,0.08287134766578674,0.2350316047668457,-0.11749008297920227,0.07542106509208679,0.48388177156448364,-0.1570330262184143,0.07220056653022766,0.6168704628944397,-0.16425250470638275,0.07355260848999023,0.7204379439353943,-0.16828830540180206,0.16098281741142273,0.2336522340774536,-0.1191306859254837,0.15582162141799927,0.46015506982803345,-0.15182854235172272,0.13345372676849365,0.4346175193786621,-0.13495862483978271,0.12289074063301086,0.38286566734313965,-0.11622495204210281,0.22862258553504944,0.23577919602394104,-0.12082954496145248,0.2034364938735962,0.3922136425971985,-0.14134539663791656,0.17613884806632996,0.37959080934524536,-0.12527970969676971,0.16282692551612854,0.3450445532798767,-0.10866258293390274
N,0.14629173278808594,0.0,6.957872074053739e-07,0.05849912762641907,0.09138059616088867,-0.024158211424946785,0.04115447402000427,0.2578483521938324,-0.05777860805392265,0.0939587950706482,0.4027341604232788,-0.08480124920606613,0.13476160168647766,0.4942295551300049,-0.11181557923555374,0.0,0.2339085042476654,-0.11915372312068939,0.00621303915977478,0.46898096799850464,-0.16335630416870117,0.013007670640945435,0.5879096984863281,-0.1815079152584076,0.021670758724212646,0.6829404830932617,-0.18934807181358337,0.08257412910461426,0.2275761365890503,-0.12515683472156525,0.07601431012153625,0.4780042767524719,-0.16733501851558685,0.07388406991958618,0.6119953393936157,-0.17480501532554626,0.07660168409347534,0.7147170305252075,-0.1788054257631302,0.15970775485038757,0.2259763479232788,-0.1257355809211731,0.15493136644363403,0.45057451725006104,-0.1599857658147812,0.13331905007362366,0.4262681007385254,-0.14237931370735168,0.1231539249420166,0.3748818635940552,-0.12291469424962997,0.22689130902290344,0.23059415817260742,-0.12656821310520172,0.20142659544944763,0.3888714909553528,-0.14804035425186157,0.17317524552345276,0.3764379620552063,-0.13154762983322144,0.15862321853637695,0.34105533361434937,-0.11452459543943405
N,0.14425623416900635,0.0,6.774670850973052e-07,0.06263718008995056,0.095022052526474,-0.02378721535205841,0.04978856444358826,0.26269882917404175,-0.056214988231658936,0.10462567210197449,0.4100888669490814,-0.08254767954349518,0.13796544075012207,0.505336731672287,-0.108548603951931,0.0,0.23649057745933533,-0.11264973133802414,0.006696522235870361,0.4701426327228546,-0.1564820259809494,0.01381993293762207,0.5891663134098053,-0.1745714247226715,0.022642523050308228,0.6857907474040985,-0.18242058157920837,0.08016034960746765,0.23020032048225403,-0.11875167489051819,0.07438144087791443,0.47939661145210266,-0.16040557622909546,0.07293784618377686,0.6123387515544891,-0.16813421249389648,0.07548496127128601,0.7176069915294647,-0.172197163105011,0.15674304962158203,0.22783437371253967,-0.11997909843921661,0.15571239590644836,0.4447430670261383,-0.15527814626693726,0.13966462016105652,0.4177630841732025,-0.13831666111946106,0.13226717710494995,0.3678232431411743,-0.11856766790151596,0.22531116008758545,0.23085492849349976,-0.12142487615346909,0.20164111256599426,0.3840889632701874,-0.14352355897426605,0.17437639832496643,0.3737122714519501,-0.12784548103809357,0.15905264019966125,0.343473881483078,-0.11116425693035126
N,0.14100772142410278,0.0,6.967620720388368e-07,0.06075599789619446,0.09531685709953308,-0.02339513786137104,0.04871493577957153,0.2641044855117798,-0.05648317560553551,0.10478511452674866,0.4110312759876251,-0.08399650454521179,0.14080891013145447,0.50593301653862,-0.11188019067049026,0.0,0.23845264315605164,-0.1119057834148407,0.005440950393676758,0.47045591473579407,-0.15551058948040009,0.011247426271438599,0.5888960063457489,-0.17386257648468018,0.019474923610687256,0.6860332190990448,-0.18229281902313232,0.07933124899864197,0.22899991273880005,-0.11948659271001816,0.07192492485046387,0.478056937456131,-0.16045844554901123,0.07070648670196533,0.6118141710758209,-0.1689002364873886,0.07465037703514099,0.7179133594036102,-0.17408199608325958,0.15643036365509033,0.2218542993068695,-0.12211383134126663,0.15748292207717896,0.43994924426078796,-0.15895043313503265,0.14121294021606445,0.4065283238887787,-0.14251075685024261,0.13357815146446228,0.351826012134552,-0.12305507808923721,0.22603151202201843,0.21982842683792114,-0.12472733855247498,0.2062133550643921,0.3749140501022339,-0.14951229095458984,0.18086153268814087,0.3550211787223816,-0.13364173471927643,0.16802063584327698,0.31517738103866577,-0.11656580865383148
N,0.14361444115638733,0.0,7.218316682156001e-07,0.059999167919158936,0.09393304586410522,-0.021806102246046066,0.04414287209510803,0.25870218873023987,-0.05413639172911644,0.09750151634216309,0.40256235003471375,-0.08033300936222076,0.1366603970527649,0.4937790334224701,-0.10714053362607956,0.0,0.23508986830711365,-0.11649375408887863,0.003857225179672241,0.46715494990348816,-0.160373255610466,0.010019779205322266,0.5863669812679291,-0.17884647846221924,0.01895540952682495,0.682146281003952,-0.18743078410625458,0.08102896809577942,0.22746238112449646,-0.12390024960041046,0.07354682683944702,0.47651228308677673,-0.16429424285888672,0.07162356376647949,0.6116073429584503,-0.1731186956167221,0.07391837239265442,0.716122180223465,-0.17886872589588165,0.15868449211120605,0.22220060229301453,-0.1256461888551712,0.16014176607131958,0.4438460171222687,-0.15922467410564423,0.13818511366844177,0.42356976866722107,-0.1449175477027893,0.124998539686203,0.37607434391975403,-0.12877881526947021,0.2269696295261383,0.22105732560157776,-0.12726616859436035,0.20803067088127136,0.3675566613674164,-0.15059475600719452,0.18075579404830933,0.35281819105148315,-0.137063130736351,0.16441255807876587,0.31806084513664246,-0.1224188506603241
N,0.14669761061668396,0.0,6.999125048423593e-07,0.06135725975036621,0.0907573401927948,-0.025531670078635216,0.045681536197662354,0.2568148076534271,-0.05910557508468628,0.09852096438407898,0.40201520919799805,-0.08632189780473709,0.135763019323349,0.49294155836105347,-0.113377146422863,0.0,0.23138102889060974,-0.11607799679040909,0.0060193538665771484,0.4641580581665039,-0.16025538742542267,0.012492358684539795,0.5828372836112976,-0.17920809984207153,0.020290493965148926,0.6797950267791748,-0.18812406063079834,0.08188319206237793,0.22728323936462402,-0.12166877835988998,0.07457184791564941,0.4739135503768921,-0.163671612739563,0.07141757011413574,0.6072475910186768,-0.17273853719234467,0.07276085019111633,0.7132375836372375,-0.1783817708492279,0.15933740139007568,0.22660833597183228,-0.12220609933137894,0.1570304036140442,0.44557666778564453,-0.1576692909002304,0.13728848099708557,0.4112823009490967,-0.14089171588420868,0.12794333696365356,0.3552665114402771,-0.1217617392539978,0.22641465067863464,0.23126819729804993,-0.12313465029001236,0.20352935791015625,0.3867650032043457,-0.14565137028694153,0.17729029059410095,0.36728349328041077,-0.12949559092521667,0.16390016674995422,0.3279425799846649,-0.11270912736654282
N,0.14423644542694092,0.0,6.764570912309864e-07,0.06525447964668274,0.09204608201980591,-0.02299128659069538,0.05186465382575989,0.2575954794883728,-0.055313561111688614,0.10554111003875732,0.40396320819854736,-0.08195666968822479,0.1347346007823944,0.501823902130127,-0.10849428176879883,0.0,0.23630982637405396,-0.11040107905864716,0.005712181329727173,0.46653151512145996,-0.15438608825206757,0.011935651302337646,0.5852840542793274,-0.1728670597076416,0.020846962928771973,0.6814877986907959,-0.18085089325904846,0.0791875422000885,0.2298479974269867,-0.11748702824115753,0.0721123218536377,0.477131724357605,-0.15872550010681152,0.07079660892486572,0.6092907786369324,-0.166395366191864,0.07441464066505432,0.7143920660018921,-0.17014114558696747,0.15608739852905273,0.2247600555419922,-0.11972690373659134,0.15696269273757935,0.43750524520874023,-0.1557559072971344,0.14302021265029907,0.40580064058303833,-0.1375482678413391,0.13686731457710266,0.3532998859882355,-0.11634103953838348,0.22614550590515137,0.22401899099349976,-0.12202110141515732,0.20331570506095886,0.37664806842803955,-0.14422644674777985,0.17758530378341675,0.36566928029060364,-0.12647393345832825,0.16370797157287598,0.33526620268821716,-0.10791543126106262
N,0.1463007926940918,0.0,7.133970143513579e-07,0.061073362827301025,0.0935291200876236,-0.024296941235661507,0.0463583767414093,0.2632586658000946,-0.05671994015574455,0.09961158037185669,0.41112932562828064,-0.08312884718179703,0.1344110369682312,0.5045548975467682,-0.10903478413820267,0.0,0.23396971821784973,-0.11232627928256989,0.0044953227043151855,0.46777185797691345,-0.15634921193122864,0.010152637958526611,0.5869943201541901,-0.17493994534015656,0.018286138772964478,0.6847606599330902,-0.1835038959980011,0.08080747723579407,0.22872456908226013,-0.11862281709909439,0.07111036777496338,0.4766483008861542,-0.16009357571601868,0.06812795996665955,0.6093550622463226,-0.16832251846790314,0.06998935341835022,0.7144850194454193,-0.17305804789066315,0.15822571516036987,0.22608155012130737,-0.12016786634922028,0.15559467673301697,0.44119349122047424,-0.1570056974887848,0.13769876956939697,0.40779343247413635,-0.14102354645729065,0.12881886959075928,0.35265493392944336,-0.12172215431928635,0.2262110412120819,0.22813618183135986,-0.12187712639570236,0.20104503631591797,0.3758792579174042,-0.14620356261730194,0.17340102791786194,0.3574603497982025,-0.1314561367034912,0.1580810844898224,0.32037147879600525,-0.11522435396909714
N,0.14222583174705505,0.0,6.821894658060046e-07,0.05952075123786926,0.09670637547969818,-0.021058280020952225,0.04662907123565674,0.2672083079814911,-0.05474153906106949,0.10195505619049072,0.41273418068885803,-0.08279791474342346,0.13650989532470703,0.5057746469974518,-0.11104336380958557,0.0,0.2347215712070465,-0.11511137336492538,0.004544854164123535,0.4673139750957489,-0.15891630947589874,0.010525643825531006,0.586335152387619,-0.17732253670692444,0.018489718437194824,0.6834301650524139,-0.18609333038330078,0.08073857426643372,0.2243880033493042,-0.12379559129476547,0.070712149143219,0.4743678867816925,-0.16509422659873962,0.0687069296836853,0.6071167886257172,-0.17295962572097778,0.07170361280441284,0.7115978896617889,-0.1782427281141281,0.15825128555297852,0.21895498037338257,-0.12692303955554962,0.15561482310295105,0.44681987166404724,-0.1627897471189499,0.13710102438926697,0.4151640236377716,-0.14473947882652283,0.1281571388244629,0.35990509390830994,-0.12506015598773956,0.22725063562393188,0.2196863889694214,-0.12982043623924255,0.2039393186569214,0.3818952739238739,-0.15369032323360443,0.17704924941062927,0.3623240888118744,-0.13672785460948944,0.1631801724433899,0.3213443458080292,-0.11934532225131989
N,0.1437511444091797,0.0,7.251900342453155e-07,0.05394276976585388,0.09203344583511353,-0.024382514879107475,0.039537519216537476,0.2644650340080261,-0.05862625688314438,0.0958791971206665,0.40827545523643494,-0.08648394048213959,0.1356261670589447,0.4984860122203827,-0.11433416604995728,0.0,0.23507902026176453,-0.11905669420957565,0.003934204578399658,0.4660191833972931,-0.16341671347618103,0.00873565673828125,0.5825299918651581,-0.1820237785577774,0.015365630388259888,0.6787228286266327,-0.19084735214710236,0.0838010311126709,0.22914469242095947,-0.12597160041332245,0.07359886169433594,0.4762003719806671,-0.16811269521713257,0.06910774111747742,0.6083355844020844,-0.1761934906244278,0.07086348533630371,0.7144794166088104,-0.18128177523612976,0.1624796986579895,0.22650668025016785,-0.12735767662525177,0.15489616990089417,0.45197710394859314,-0.1639494001865387,0.1328047513961792,0.4125252068042755,-0.14554060995578766,0.1241770088672638,0.3539178967475891,-0.12553024291992188,0.22906285524368286,0.22724515199661255,-0.1289144903421402,0.1987902820110321,0.38007065653800964,-0.15327398478984833,0.1710779070854187,0.35244885087013245,-0.13599662482738495,0.15923622250556946,0.3084576427936554,-0.11828748881816864
N,0.14269521832466125,0.0,7.328480364776624e-07,0.058874160051345825,0.09331411123275757,-0.02505120448768139,0.04485201835632324,0.25790515542030334,-0.0577910952270031,0.09747833013534546,0.4016522467136383,-0.08412635326385498,0.13340067863464355,0.49450716376304626,-0.11049140244722366,0.0,0.2294885516166687,-0.11491291224956512,0.0016190111637115479,0.4609012305736542,-0.15875011682510376,0.007236301898956299,0.5798202455043793,-0.17662155628204346,0.015406608581542969,0.6763493716716766,-0.18402673304080963,0.07965078949928284,0.22312229871749878,-0.12060065567493439,0.07007753849029541,0.46971169114112854,-0.16215817630290985,0.06756556034088135,0.6035029590129852,-0.17042097449302673,0.068837970495224,0.7090784013271332,-0.17468339204788208,0.1556510329246521,0.2216818630695343,-0.12139260023832321,0.15126895904541016,0.4402136504650116,-0.15589453279972076,0.13495561480522156,0.41956302523612976,-0.1400313377380371,0.12725508213043213,0.3736312687397003,-0.1212901696562767,0.22253644466400146,0.2270156443119049,-0.12245853990316391,0.20006927847862244,0.3838070333003998,-0.142825648188591,0.17595931887626648,0.37867334485054016,-0.12665536999702454,0.16359686851501465,0.35168448090553284,-0.10995768010616302
N,0.14280003309249878,0.0,6.874754490127089e-07,0.05885070562362671,0.09574444591999054,-0.02184137888252735,0.048195838928222656,0.2635842561721802,-0.05509381368756294,0.10238423943519592,0.4061596393585205,-0.08216194063425064,0.13564321398735046,0.4998701214790344,-0.10929175466299057,0.0,0.23114511370658875,-0.11679023504257202,0.002971827983856201,0.4626576900482178,-0.16053110361099243,0.008572667837142944,0.5816376209259033,-0.17858314514160156,0.016147494316101074,0.6786944270133972,-0.18655569851398468,0.08081230521202087,0.22320017218589783,-0.12398334592580795,0.07064816355705261,0.47018009424209595,-0.1655213087797165,0.06758284568786621,0.6038123965263367,-0.17252780497074127,0.06975972652435303,0.7093728184700012,-0.17667974531650543,0.15830937027931213,0.2203056812286377,-0.1255422830581665,0.15463563799858093,0.4441133141517639,-0.16021084785461426,0.1364298164844513,0.4137423634529114,-0.1413346827030182,0.12848949432373047,0.3586791753768921,-0.12073349952697754,0.2270776331424713,0.22275716066360474,-0.1270299255847931,0.20479613542556763,0.3867610692977905,-0.14869078993797302,0.17911392450332642,0.3699248433113098,-0.13048706948757172,0.16611507534980774,0.3288799822330475,-0.11206597834825516
N,0.14252731204032898,0.0,6.839681532255781e-07,0.056958556175231934,0.09295688569545746,-0.022230176255106926,0.04152822494506836,0.25827687978744507,-0.05602150037884712,0.09378555417060852,0.4009714126586914,-0.08397212624549866,0.1318812072277069,0.4926190972328186,-0.11262468248605728,0.0,0.22850307822227478,-0.11888815462589264,0.0021007955074310303,0.45884841680526733,-0.16359739005565643,0.007748275995254517,0.5766687989234924,-0.1814960390329361,0.014897465705871582,0.6723402142524719,-0.18872438371181488,0.0810878574848175,0.2209344208240509,-0.12687478959560394,0.07071277499198914,0.4685714840888977,-0.16943350434303284,0.06701833009719849,0.602226197719574,-0.17643824219703674,0.06873059272766113,0.7088432908058167,-0.17976132035255432,0.15795645117759705,0.21845516562461853,-0.12934620678424835,0.1525992453098297,0.4433642625808716,-0.16391679644584656,0.13164553046226501,0.41534513235092163,-0.14476965367794037,0.12143188714981079,0.36264729499816895,-0.12352952361106873,0.22516024112701416,0.22214314341545105,-0.13184745609760284,0.20234358310699463,0.3929334878921509,-0.15022672712802887,0.17644962668418884,0.38913536071777344,-0.13035129010677338,0.16353845596313477,0.3598959445953369,-0.11131897568702698
N,0.14637291431427002,0.0,6.887027552693326e-07,0.06014743447303772,0.08975018560886383,-0.02237466163933277,0.04251629114151001,0.25608712434768677,-0.054429683834314346,0.09403371810913086,0.4013974666595459,-0.08022505044937134,0.13282239437103271,0.4928348660469055,-0.10600876063108444,0.0,0.22830063104629517,-0.11449185758829117,0.0031237900257110596,0.4614601731300354,-0.15673896670341492,0.00868678092956543,0.5782173871994019,-0.17356741428375244,0.01615622639656067,0.6723599433898926,-0.18094339966773987,0.08154651522636414,0.22438764572143555,-0.12114034593105316,0.07176622748374939,0.4727025032043457,-0.16139943897724152,0.06886836886405945,0.6040960550308228,-0.1686151921749115,0.07075181603431702,0.7064186334609985,-0.1728656142950058,0.15848857164382935,0.2243119776248932,-0.1223621517419815,0.1533433198928833,0.44792425632476807,-0.1568368822336197,0.1330922544002533,0.41865652799606323,-0.14023108780384064,0.12352532148361206,0.3640584945678711,-0.12150553613901138,0.22535181045532227,0.22907960414886475,-0.12351790070533752,0.2011985182762146,0.3829171061515808,-0.14658814668655396,0.17479002475738525,0.3643852770328522,-0.13137806951999664,0.16160115599632263,0.32477349042892456,-0.11516907066106796
N,0.1428704857826233,0.0,6.835595627308066e-07,0.059842705726623535,0.09157516062259674,-0.021721119061112404,0.042447179555892944,0.25347310304641724,-0.053101547062397,0.0931650698184967,0.3988184332847595,-0.07897087931632996,0.12823215126991272,0.49537432193756104,-0.10510062426328659,0.0,0.23351770639419556,-0.10961940884590149,0.0016259253025054932,0.4624641537666321,-0.1528761237859726,0.00684279203414917,0.5830311179161072,-0.17004838585853577,0.015410959720611572,0.6795633435249329,-0.17641563713550568,0.07854920625686646,0.2279391586780548,-0.11685501784086227,0.06703954935073853,0.4704134464263916,-0.15662194788455963,0.06520742177963257,0.6035915613174438,-0.16301727294921875,0.06828978657722473,0.7049707770347595,-0.1653529554605484,0.15344426035881042,0.22447514533996582,-0.11928777396678925,0.15061664581298828,0.430449903011322,-0.1506378948688507,0.13767749071121216,0.4157533645629883,-0.1328885406255722,0.13116592168807983,0.37464696168899536,-0.11275552213191986,0.22103583812713623,0.22537410259246826,-0.12198705226182938,0.20019328594207764,0.38240206241607666,-0.13781140744686127,0.17550548911094666,0.3873761296272278,-0.11945264041423798,0.16091299057006836,0.36941736936569214,-0.10140673816204071
N,0.1425994336605072,0.0,6.792318458792579e-07,0.058135271072387695,0.09235075116157532,-0.020125828683376312,0.04382437467575073,0.25489917397499084,-0.05214589834213257,0.09745803475379944,0.39372196793556213,-0.07888567447662354,0.13842859864234924,0.4828733503818512,-0.10599572211503983,0.0,0.22806388139724731,-0.11284080147743225,0.0037901103496551514,0.4579102098941803,-0.15608669817447662,0.009803682565689087,0.5764465034008026,-0.17449164390563965,0.018237411975860596,0.6731676757335663,-0.18287858366966248,0.07957589626312256,0.22142425179481506,-0.12151769548654556,0.06992429494857788,0.4662306010723114,-0.16192474961280823,0.06827035546302795,0.600867360830307,-0.17014004290103912,0.07228204607963562,0.7073149383068085,-0.17537380754947662,0.15657156705856323,0.21856242418289185,-0.12454096227884293,0.1535274088382721,0.43604615330696106,-0.15809549391269684,0.13473933935165405,0.4032382071018219,-0.13969562947750092,0.12667715549468994,0.34864741563796997,-0.11980170011520386,0.22449544072151184,0.22024622559547424,-0.1275591105222702,0.201041579246521,0.3766005337238312,-0.14835964143276215,0.175774484872818,0.3568527400493622,-0.129860058426857,0.1643470823764801,0.31618571281433105,-0.11151991039514542
N,0.14298757910728455,0.0,6.918641020092764e-07,0.05553954839706421,0.09307233989238739,-0.019749267026782036,0.03834906220436096,0.25869300961494446,-0.051257871091365814,0.08986669778823853,0.4007502496242523,-0.07729131728410721,0.13403210043907166,0.49084845185279846,-0.10405833274126053,0.0,0.22909602522850037,-0.11326166242361069,0.0015479624271392822,0.45945826172828674,-0.1553329974412918,0.008439898490905762,0.577653557062149,-0.17254367470741272,0.01729750633239746,0.6739783585071564,-0.1803012490272522,0.08052518963813782,0.22228646278381348,-0.12228082865476608,0.06775271892547607,0.46890124678611755,-0.1610087901353836,0.0654146671295166,0.6028241217136383,-0.1684960424900055,0.06876865029335022,0.7066144645214081,-0.17361514270305634,0.15825697779655457,0.21950003504753113,-0.1255902200937271,0.1538616120815277,0.4452524483203888,-0.15827032923698425,0.13519099354743958,0.41557028889656067,-0.1408277451992035,0.12705570459365845,0.359720915555954,-0.12218936532735825,0.2261529266834259,0.2221829891204834,-0.12869884073734283,0.20619472861289978,0.38458457589149475,-0.14966480433940887,0.18349125981330872,0.36514511704444885,-0.13204917311668396,0.17370003461837769,0.3225201964378357,-0.11461029201745987
N,0.14321234822273254,0.0,6.818154361099005e-07,0.05503588914871216,0.0894055962562561,-0.019293515011668205,0.03334939479827881,0.2526639401912689,-0.04866711422801018,0.08122417330741882,0.3979520797729492,-0.07246658205986023,0.1265900433063507,0.4891272187232971,-0.09699993580579758,0.0,0.22952041029930115,-0.10988693684339523,0.0045098066329956055,0.4604142904281616,-0.15001249313354492,0.010043561458587646,0.5785272717475891,-0.16588608920574188,0.0168362557888031,0.6743963360786438,-0.1728523224592209,0.08142399787902832,0.22644609212875366,-0.11793159693479538,0.07218265533447266,0.4741591811180115,-0.1539764553308487,0.06902578473091125,0.6076661944389343,-0.1600213199853897,0.07042023539543152,0.7106892466545105,-0.16405268013477325,0.15938788652420044,0.2239377200603485,-0.12029534578323364,0.1549001932144165,0.44658052921295166,-0.151228666305542,0.13462626934051514,0.41968977451324463,-0.13489434123039246,0.12534818053245544,0.36579692363739014,-0.11726251244544983,0.2276756763458252,0.22381427884101868,-0.12246876209974289,0.20416361093521118,0.3748302459716797,-0.14345799386501312,0.1789904236793518,0.3582139015197754,-0.1281323879957199,0.16697430610656738,0.320469468832016,-0.11226373165845871
N,0.13914507627487183,0.0,7.248245310620405e-07,0.055160343647003174,0.09170311689376831,-0.020645197480916977,0.03644225001335144,0.24878346920013428,-0.05178210139274597,0.08566954731941223,0.38689106702804565,-0.07776486873626709,0.1328580379486084,0.473503053188324,-0.10472830384969711,0.0,0.22813740372657776,-0.11105336248874664,0.0027560293674468994,0.45507192611694336,-0.15375202894210815,0.008624166250228882,0.5726985931396484,-0.17201480269432068,0.01614546775817871,0.6684009432792664,-0.18021534383296967,0.07797789573669434,0.22241240739822388,-0.11936193704605103,0.0686241090297699,0.46546536684036255,-0.15807262063026428,0.0676516592502594,0.5987060070037842,-0.16610196232795715,0.07071289420127869,0.700469434261322,-0.17109312117099762,0.15401220321655273,0.2182455062866211,-0.12236548960208893,0.15288659930229187,0.43322354555130005,-0.15379135310649872,0.13746249675750732,0.4094659686088562,-0.1374262124300003,0.1298685371875763,0.3593825697898865,-0.119502954185009,0.22168034315109253,0.21804839372634888,-0.12553952634334564,0.204828679561615,0.3696785569190979,-0.14477865397930145,0.1824883222579956,0.35898590087890625,-0.12813256680965424,0.17057394981384277,0.3267589807510376,-0.11144787073135376
N,0.13736143708229065,0.0,6.755644221811963e-07,0.05589175224304199,0.0886540412902832,-0.01827131025493145,0.03883391618728638,0.24620932340621948,-0.04731692373752594,0.08929920196533203,0.383621484041214,-0.07164724916219711,0.1347869634628296,0.4710780680179596,-0.09693251550197601,0.0,0.23193106055259705,-0.10674406588077545,0.005969524383544922,0.4582587778568268,-0.14697584509849548,0.011629253625869751,0.5743132531642914,-0.16345007717609406,0.019835174083709717,0.6689742505550385,-0.17060500383377075,0.07703369855880737,0.22576820850372314,-0.11547509580850601,0.07053744792938232,0.4665928781032562,-0.1513587236404419,0.06959182024002075,0.5963142216205597,-0.1574988216161728,0.0743638277053833,0.696765273809433,-0.16138283908367157,0.15236753225326538,0.21946027874946594,-0.11880423873662949,0.15303409099578857,0.4293076694011688,-0.14943665266036987,0.13561901450157166,0.40025100111961365,-0.1329321265220642,0.12778639793395996,0.3472107946872711,-0.11470700055360794,0.21996372938156128,0.2158133089542389,-0.12197034806013107,0.1995137631893158,0.36639365553855896,-0.14210771024227142,0.17381277680397034,0.3533417284488678,-0.1260880082845688,0.1605684757232666,0.3186070919036865,-0.10955891758203506
N,0.14592140913009644,0.0,6.490767532341124e-07,0.060848236083984375,0.0912785530090332,-0.01789555884897709,0.03853926062583923,0.24886474013328552,-0.046698812395334244,0.08380594849586487,0.38709545135498047,-0.07107559591531754,0.1278148591518402,0.4753488302230835,-0.09639518707990646,0.0,0.22740072011947632,-0.10624882578849792,0.007152259349822998,0.45029276609420776,-0.14769908785820007,0.014587849378585815,0.5666010975837708,-0.16594278812408447,0.02189558744430542,0.6619753837585449,-0.17480072379112244,0.07836970686912537,0.22045832872390747,-0.11604278534650803,0.07353350520133972,0.4614872336387634,-0.15411297976970673,0.07235834002494812,0.592668890953064,-0.16290363669395447,0.07363572716712952,0.695029616355896,-0.16921573877334595,0.15438827872276306,0.21641802787780762,-0.12056683003902435,0.15351596474647522,0.43835538625717163,-0.15351274609565735,0.1387387216091156,0.41251444816589355,-0.1385461390018463,0.13150763511657715,0.35884660482406616,-0.12149521708488464,0.22195935249328613,0.2181539237499237,-0.12496687471866608,0.2043890655040741,0.3775172233581543,-0.14702053368091583,0.18224012851715088,0.36591964960098267,-0.1325475126504898,0.17001017928123474,0.33030834794044495,-0.11722445487976074
N,0.1428631842136383,0.0,6.249327384466596e-07,0.06455853581428528,0.0902559757232666,-0.018759096041321754,0.04820635914802551,0.2523432970046997,-0.048550404608249664,0.09855392575263977,0.3916071951389313,-0.07352831959724426,0.13931173086166382,0.4793976843357086,-0.09892477840185165,0.0,0.2286112904548645,-0.10552733391523361,0.00637170672416687,0.4523219168186188,-0.1460566520690918,0.013535380363464355,0.5666936337947845,-0.16304008662700653,0.02326306700706482,0.6615548431873322,-0.17119267582893372,0.0763113796710968,0.2213408350944519,-0.11476817727088928,0.06871679425239563,0.4593797028064728,-0.15348310768604279,0.06880539655685425,0.5879402458667755,-0.16161634027957916,0.07408353686332703,0.6896151602268219,-0.16711407899856567,0.15155664086341858,0.21600180864334106,-0.11864455789327621,0.15306127071380615,0.42679956555366516,-0.1545262336730957,0.1403461992740631,0.39172598719596863,-0.13867995142936707,0.13431671261787415,0.33554044365882874,-0.1199505403637886,0.22087779641151428,0.21438553929328918,-0.12216980010271072,0.19838616251945496,0.36074718832969666,-0.1477595418691635,0.172275573015213,0.3408189117908478,-0.13357530534267426,0.1572352647781372,0.30103781819343567,-0.11776543408632278
N,0.14378005266189575,0.0,6.146440796328534e-07,0.06496626138687134,0.08960965275764465,-0.018663626164197922,0.05101156234741211,0.2443220019340515,-0.04611365124583244,0.10100051760673523,0.38326385617256165,-0.0693848729133606,0.13737505674362183,0.4758279621601105,-0.09199664741754532,0.0,0.22001001238822937,-0.09317480027675629,0.003694772720336914,0.4418644607067108,-0.13111834228038788,0.009038001298904419,0.5556937158107758,-0.1463930308818817,0.017219871282577515,0.6489515602588654,-0.15277588367462158,0.07312813401222229,0.2186952829360962,-0.10072939842939377,0.06471768021583557,0.4537752568721771,-0.13594822585582733,0.0641598105430603,0.5805769264698029,-0.14329777657985687,0.06868952512741089,0.6789859235286713,-0.14761601388454437,0.14543861150741577,0.21793091297149658,-0.10396529734134674,0.14696004986763,0.4137762486934662,-0.13540518283843994,0.13701525330543518,0.3794175088405609,-0.12037496268749237,0.13373017311096191,0.3269655704498291,-0.10232221335172653,0.21154740452766418,0.22045722603797913,-0.10727157443761826,0.19140708446502686,0.35685667395591736,-0.12758086621761322,0.16895020008087158,0.3353519141674042,-0.11281337589025497,0.15758711099624634,0.2972191870212555,-0.09682983160018921
N,0.14960157871246338,0.0,5.919746399740689e-07,0.06595882773399353,0.08387857675552368,-0.016378365457057953,0.045552968978881836,0.23534166812896729,-0.04321731626987457,0.09303873777389526,0.37319761514663696,-0.06596238911151886,0.13072696328163147,0.4602569341659546,-0.08824820816516876,0.0,0.20954692363739014,-0.09043611586093903,0.002852827310562134,0.4273877739906311,-0.12669402360916138,0.00907948613166809,0.5398679375648499,-0.14225773513317108,0.01571008563041687,0.630727231502533,-0.14959527552127838,0.07560396194458008,0.21095332503318787,-0.09877582639455795,0.06539523601531982,0.4405021071434021,-0.13237135112285614,0.06016656756401062,0.5638765692710876,-0.14011768996715546,0.05935263633728027,0.6576048731803894,-0.14580073952674866,0.14960286021232605,0.2149198353290558,-0.10254159569740295,0.14524540305137634,0.4227330684661865,-0.1306217461824417,0.13448670506477356,0.39475566148757935,-0.1143755167722702,0.13293316960334778,0.3431512713432312,-0.09725634008646011,0.21544942259788513,0.22335195541381836,-0.10644885152578354,0.19555598497390747,0.36789995431900024,-0.12421865016222,0.1759997010231018,0.34899014234542847,-0.1084362119436264,0.1679772138595581,0.30997902154922485,-0.09267417341470718
N,0.1439165472984314,0.0,5.267669394015684e-07,0.06293216347694397,0.08440655469894409,-0.013508575037121773,0.03982895612716675,0.23535901308059692,-0.042538922280073166,0.0840013325214386,0.371473103761673,-0.06758152693510056,0.1278439462184906,0.45786699652671814,-0.09374457597732544,0.0,0.20933204889297485,-0.10307486355304718,0.0036574602127075195,0.42617931962013245,-0.14217956364154816,0.009966999292373657,0.5385205447673798,-0.15884298086166382,0.017364680767059326,0.6285318434238434,-0.16673685610294342,0.07579582929611206,0.20354506373405457,-0.11472859978675842,0.06581467390060425,0.43829813599586487,-0.1502881795167923,0.06199568510055542,0.5616644322872162,-0.15617266297340393,0.06350788474082947,0.6549319326877594,-0.160785973072052,0.1501503884792328,0.20214316248893738,-0.1207316443324089,0.14380839467048645,0.42054763436317444,-0.14920459687709808,0.13195368647575378,0.39637425541877747,-0.12972402572631836,0.13011446595191956,0.3449340760707855,-0.11086761951446533,0.21776503324508667,0.20742085576057434,-0.12644048035144806,0.1965847909450531,0.37106165289878845,-0.1438935101032257,0.17543035745620728,0.3593989908695221,-0.12529818713665009,0.16622883081436157,0.321088045835495,-0.1079787090420723
N,0.14254099130630493,0.0,5.23196206358989e-07,0.0608288049697876,0.08218070864677429,-0.012944553047418594,0.0373268723487854,0.22700098156929016,-0.040332596749067307,0.07793349027633667,0.3582523763179779,-0.06421806663274765,0.12113779783248901,0.4415874779224396,-0.08938243240118027,0.0,0.20643958449363708,-0.09796397387981415,0.005233168601989746,0.4200746715068817,-0.13579818606376648,0.013279110193252563,0.5313641726970673,-0.15206696093082428,0.022409260272979736,0.6203989088535309,-0.1597188413143158,0.07444331049919128,0.20048236846923828,-0.10978295654058456,0.06871622800827026,0.43220236897468567,-0.14424735307693481,0.06651866436004639,0.554625004529953,-0.15095794200897217,0.06907060742378235,0.6457142531871796,-0.15589836239814758,0.14810872077941895,0.19706356525421143,-0.11619237810373306,0.14560312032699585,0.4118519723415375,-0.14479710161685944,0.13376984000205994,0.39190080761909485,-0.12786516547203064,0.13140854239463806,0.34319040179252625,-0.11063888669013977,0.21536511182785034,0.19965118169784546,-0.12229522317647934,0.1976315975189209,0.3552038371562958,-0.14124643802642822,0.1772027313709259,0.34653517603874207,-0.1250430792570114,0.16784846782684326,0.31161707639694214,-0.10904844105243683
N,0.14059513807296753,0.0,5.409372647591226e-07,0.05617871880531311,0.08254539966583252,-0.013829953968524933,0.028055548667907715,0.2286064326763153,-0.04278118535876274,0.0630524754524231,0.3576784133911133,-0.06726746261119843,0.10734570026397705,0.43893617391586304,-0.09329503029584885,0.0,0.20626497268676758,-0.10810571908950806,0.005294531583786011,0.418870747089386,-0.14861662685871124,0.012658447027206421,0.5306902527809143,-0.16684964299201965,0.02045324444770813,0.6195140480995178,-0.17578810453414917,0.07588309049606323,0.19868803024291992,-0.11995527148246765,0.06753474473953247,0.429043710231781,-0.1560397446155548,0.06446847319602966,0.5526730418205261,-0.16267716884613037,0.06607267260551453,0.6427354216575623,-0.16797912120819092,0.15050268173217773,0.19509154558181763,-0.12587372958660126,0.1432102620601654,0.41823989152908325,-0.15393437445163727,0.13182532787322998,0.40443676710128784,-0.13527102768421173,0.12967932224273682,0.3551747798919678,-0.11776167154312134,0.21719712018966675,0.19736093282699585,-0.13155435025691986,0.19823205471038818,0.3599720597267151,-0.1490015983581543,0.18037617206573486,0.3528527617454529,-0.13050752878189087,0.17340689897537231,0.31485748291015625,-0.11337058246135712
N,0.13437828421592712,0.0,5.657413453263871e-07,0.052466005086898804,0.0838574469089508,-0.015418114140629768,0.03355675935745239,0.23391377925872803,-0.0471610501408577,0.0804341733455658,0.3623330593109131,-0.07409825176000595,0.12900909781455994,0.44188714027404785,-0.10253007709980011,0.0,0.20265603065490723,-0.11405881494283676,0.00672757625579834,0.4191288948059082,-0.15467530488967896,0.013499259948730469,0.5286628603935242,-0.1724075973033905,0.020271509885787964,0.6169534921646118,-0.18143396079540253,0.07715025544166565,0.1940639615058899,-0.12489831447601318,0.06965860724449158,0.42684733867645264,-0.1615639477968216,0.06703856587409973,0.5510913133621216,-0.1680210679769516,0.06961214542388916,0.6451557874679565,-0.1738809198141098,0.15096908807754517,0.18999695777893066,-0.12936964631080627,0.14396488666534424,0.41319727897644043,-0.15843798220157623,0.12650340795516968,0.3860623240470886,-0.1389879286289215,0.12112116813659668,0.33138352632522583,-0.12124340236186981,0.2150016725063324,0.1917957365512848,-0.13349992036819458,0.19328096508979797,0.35121870040893555,-0.1529456079006195,0.1701701581478119,0.3331899046897888,-0.13488896191120148,0.16021457314491272,0.290401816368103,-0.11839865148067474
N,0.13530781865119934,0.0,6.07968843269191e-07,0.050615131855010986,0.08519718050956726,-0.017613405361771584,0.03153574466705322,0.23862749338150024,-0.04637736454606056,0.0795586109161377,0.36832982301712036,-0.0700109526515007,0.12914100289344788,0.4447324275970459,-0.09465233981609344,0.0,0.20178091526031494,-0.10693495720624924,0.0034593045711517334,0.4159242510795593,-0.14448383450508118,0.009548038244247437,0.524864137172699,-0.15985485911369324,0.014709502458572388,0.6132053136825562,-0.1672627031803131,0.07570880651473999,0.19487819075584412,-0.11540994048118591,0.0675244927406311,0.4243936538696289,-0.14938493072986603,0.06359291076660156,0.548069179058075,-0.15551458299160004,0.06387370824813843,0.6403399109840393,-0.16096854209899902,0.14795443415641785,0.1928759515285492,-0.11828751116991043,0.14105871319770813,0.4100567698478699,-0.14611196517944336,0.1270011067390442,0.3870927095413208,-0.13019606471061707,0.12390398979187012,0.3341417908668518,-0.11445275694131851,0.20998242497444153,0.19694945216178894,-0.12105537205934525,0.190575510263443,0.35224610567092896,-0.13944999873638153,0.17084142565727234,0.33470338582992554,-0.12403575330972672,0.16413834691047668,0.29085010290145874,-0.1093955710530281
N,0.1317170262336731,0.0,5.913321388106851e-07,0.05209070444107056,0.08831986784934998,-0.016232570633292198,0.03525927662849426,0.23703795671463013,-0.04581505060195923,0.07869279384613037,0.3648291826248169,-0.07033944129943848,0.12027537822723389,0.4445599317550659,-0.09613651037216187,0.0,0.20090079307556152,-0.10903728008270264,0.003957867622375488,0.41467756032943726,-0.1483868956565857,0.010211825370788574,0.5243780612945557,-0.16483455896377563,0.016931802034378052,0.6121419668197632,-0.17248304188251495,0.07470393180847168,0.19160541892051697,-0.1182946041226387,0.06557917594909668,0.419927716255188,-0.15366563200950623,0.06375405192375183,0.5430362820625305,-0.15963253378868103,0.06564858555793762,0.6342431902885437,-0.1642872840166092,0.14632347226142883,0.1876888871192932,-0.12193074077367783,0.1408490538597107,0.40431666374206543,-0.14849154651165009,0.123127281665802,0.3984687328338623,-0.13213442265987396,0.11392819881439209,0.3593827486038208,-0.11652325838804245,0.20853197574615479,0.19097718596458435,-0.12542568147182465,0.19084346294403076,0.34765195846557617,-0.14189986884593964,0.16676992177963257,0.3502788543701172,-0.12691658735275269,0.15191128849983215,0.325209379196167,-0.11295605450868607
N,0.135940283536911,0.0,5.984173299111717e-07,0.05227509140968323,0.08189931511878967,-0.01898716203868389,0.03300619125366211,0.2290547788143158,-0.04688861593604088,0.07507625222206116,0.3607467710971832,-0.06917867809534073,0.11711052060127258,0.44311586022377014,-0.09229685366153717,0.0,0.19799739122390747,-0.10524693876504898,0.0033009350299835205,0.41120806336402893,-0.1422429084777832,0.009782791137695312,0.5205442607402802,-0.15675053000450134,0.015981167554855347,0.6074332892894745,-0.16305482387542725,0.07436186075210571,0.19676771759986877,-0.11166509240865707,0.0664912760257721,0.4234865605831146,-0.14531035721302032,0.06401273608207703,0.5448438823223114,-0.15076600015163422,0.06450557708740234,0.6331288516521454,-0.15491661429405212,0.14473417401313782,0.19872507452964783,-0.11294595897197723,0.13776591420173645,0.41109707951545715,-0.13917753100395203,0.11955586075782776,0.40154895186424255,-0.124734066426754,0.1114460825920105,0.3582976758480072,-0.11023860424757004,0.20499303936958313,0.20581397414207458,-0.11433731764554977,0.18426832556724548,0.3559233248233795,-0.13179361820220947,0.15922316908836365,0.35408148169517517,-0.1190653070807457,0.14570659399032593,0.3256402909755707,-0.10643871873617172
N,0.1311882734298706,0.0,6.018873364155297e-07,0.0482025146484375,0.0817277729511261,-0.017746994271874428,0.026303768157958984,0.22908011078834534,-0.045625876635313034,0.06342735886573792,0.35872676968574524,-0.06814680993556976,0.1032910943031311,0.4407820999622345,-0.09164838492870331,0.0,0.20205026865005493,-0.10686087608337402,0.0010447800159454346,0.4144088327884674,-0.14357136189937592,0.006256908178329468,0.523212343454361,-0.1582389920949936,0.01123809814453125,0.6101307570934296,-0.16498707234859467,0.07502886652946472,0.19921627640724182,-0.11444096267223358,0.06344228982925415,0.424439936876297,-0.14815425872802734,0.0593542754650116,0.5446920692920685,-0.1529931277036667,0.060136884450912476,0.6313207447528839,-0.15711134672164917,0.1462876796722412,0.19857290387153625,-0.11650779843330383,0.136336088180542,0.41426798701286316,-0.1428631693124771,0.11910581588745117,0.39692941308021545,-0.12586630880832672,0.11360442638397217,0.34533634781837463,-0.10977447032928467,0.20792371034622192,0.20265859365463257,-0.11865987628698349,0.1874712109565735,0.35946419835090637,-0.136499285697937,0.16555964946746826,0.3496497571468353,-0.12144830822944641,0.15674817562103271,0.3102246820926666,-0.10697667300701141
N,0.13485631346702576,0.0,6.497476761069265e-07,0.050115615129470825,0.07880452275276184,-0.02067973092198372,0.02816835045814514,0.22336256504058838,-0.0480598546564579,0.06665509939193726,0.3558650016784668,-0.06926625967025757,0.10484468936920166,0.4410092234611511,-0.09097988903522491,0.0,0.19857880473136902,-0.10613000392913818,0.0026877224445343018,0.41097843647003174,-0.14267027378082275,0.007908254861831665,0.5205281376838684,-0.15641430020332336,0.012491345405578613,0.6068790555000305,-0.16207441687583923,0.07501864433288574,0.19871282577514648,-0.1108827143907547,0.06603586673736572,0.4240332245826721,-0.14497873187065125,0.0617508590221405,0.5463716387748718,-0.15045787394046783,0.05955857038497925,0.6356242299079895,-0.1538463681936264,0.14492088556289673,0.2000504732131958,-0.11046519875526428,0.13587036728858948,0.4068300724029541,-0.1352512240409851,0.11806687712669373,0.40576088428497314,-0.12034053355455399,0.1096174418926239,0.37187260389328003,-0.10552355647087097,0.20376569032669067,0.20443454384803772,-0.11041866987943649,0.1810646653175354,0.3459034562110901,-0.125181645154953,0.1566230058670044,0.34974026679992676,-0.11148339509963989,0.1428346037864685,0.32871806621551514,-0.09814206510782242
N,0.13556385040283203,0.0,6.111118864282616e-07,0.05222427845001221,0.07954460382461548,-0.0172572061419487,0.03223001956939697,0.22636821866035461,-0.04465077072381973,0.07375308871269226,0.3569104075431824,-0.06671100854873657,0.11332190036773682,0.4400096535682678,-0.08950760960578918,0.0,0.20342186093330383,-0.10306534171104431,0.0007911622524261475,0.4134123921394348,-0.13918188214302063,0.005783200263977051,0.5214927792549133,-0.1537487804889679,0.011273354291915894,0.6080594062805176,-0.1603928804397583,0.07478338479995728,0.20225822925567627,-0.1102290153503418,0.06257310509681702,0.42461884021759033,-0.14382842183113098,0.057638853788375854,0.5430326461791992,-0.1490687131881714,0.05824589729309082,0.6302971839904785,-0.15307669341564178,0.1456732153892517,0.2028501331806183,-0.11190403997898102,0.13583442568778992,0.4133080840110779,-0.13758613169193268,0.11779364943504333,0.3943706750869751,-0.11979228258132935,0.1121978759765625,0.3457489609718323,-0.10296925157308578,0.20675450563430786,0.20640972256660461,-0.11365986615419388,0.18469059467315674,0.35776180028915405,-0.12943699955940247,0.16198807954788208,0.3467559218406677,-0.11262070387601852,0.1528037190437317,0.3102331757545471,-0.0969887301325798
N,0.13331449031829834,0.0,6.20454670752224e-07,0.05258789658546448,0.07808750867843628,-0.020755179226398468,0.03455778956413269,0.22184103727340698,-0.048950210213661194,0.07524347305297852,0.352911114692688,-0.07144077867269516,0.11354970932006836,0.43741124868392944,-0.09442689269781113,0.0,0.19748124480247498,-0.10586587339639664,0.0013087987899780273,0.4113755226135254,-0.14359602332115173,0.004952609539031982,0.5212905406951904,-0.15818490087985992,0.00975126028060913,0.608498215675354,-0.1643565148115158,0.0741664469242096,0.19928976893424988,-0.11124160140752792,0.06393221020698547,0.42515814304351807,-0.14586152136325836,0.06047779321670532,0.5472791194915771,-0.15205921232700348,0.060507893562316895,0.6373828649520874,-0.1560564786195755,0.1440657377243042,0.20111039280891418,-0.11160632222890854,0.13618415594100952,0.40089261531829834,-0.14009301364421844,0.11921194195747375,0.38557755947113037,-0.12696221470832825,0.11217531561851501,0.34146690368652344,-0.11227747052907944,0.20340752601623535,0.2056075930595398,-0.11207660287618637,0.18006199598312378,0.34129416942596436,-0.13166284561157227,0.1557464599609375,0.3325040340423584,-0.11999097466468811,0.14307719469070435,0.3021796941757202,-0.10724703222513199
N,0.13050302863121033,0.0,6.338721050269669e-07,0.04781615734100342,0.08616295456886292,-0.01822691224515438,0.031010538339614868,0.2385898232460022,-0.047717515379190445,0.07112008333206177,0.370899498462677,-0.07112725079059601,0.1073518693447113,0.4557710289955139,-0.09513656795024872,0.0,0.20190241932868958,-0.11192002147436142,0.0011358261108398438,0.41336166858673096,-0.15018850564956665,0.006080150604248047,0.5220673680305481,-0.16551204025745392,0.010743826627731323,0.6087499260902405,-0.17265069484710693,0.07584747672080994,0.1943342685699463,-0.11886508017778397,0.06478407979011536,0.4219455122947693,-0.15404172241687775,0.059519290924072266,0.5426512956619263,-0.15918892621994019,0.058325350284576416,0.6291815638542175,-0.1638224869966507,0.14718866348266602,0.19261321425437927,-0.11996101588010788,0.13755902647972107,0.4125695824623108,-0.1477459818124771,0.12028428912162781,0.39554035663604736,-0.13078010082244873,0.11399772763252258,0.34343796968460083,-0.11474386602640152,0.20771390199661255,0.19741606712341309,-0.12089008837938309,0.18689900636672974,0.3538018465042114,-0.14016085863113403,0.1633371114730835,0.3412415385246277,-0.1256801337003708,0.1528000831604004,0.3002181649208069,-0.11158817261457443
N,0.1328715682029724,0.0,6.316745384538081e-07,0.04935291409492493,0.07985642552375793,-0.020868271589279175,0.029531240463256836,0.23020315170288086,-0.04993889853358269,0.06849640607833862,0.3619448244571686,-0.07277301698923111,0.10784074664115906,0.44601133465766907,-0.09596818685531616,0.0,0.1952497661113739,-0.11135071516036987,0.0036920011043548584,0.41031113266944885,-0.14836569130420685,0.008504688739776611,0.5166474878787994,-0.16204595565795898,0.012317806482315063,0.6033342182636261,-0.1683836728334427,0.07661393284797668,0.19271469116210938,-0.11729006469249725,0.06829428672790527,0.42367932200431824,-0.15154984593391418,0.06315335631370544,0.5436023771762848,-0.1562967449426651,0.06168508529663086,0.635045737028122,-0.16084922850131989,0.14845043420791626,0.1948314607143402,-0.11780700087547302,0.13725915551185608,0.41526708006858826,-0.14696219563484192,0.11871084570884705,0.3868090808391571,-0.13031058013439178,0.11294209957122803,0.33085426688194275,-0.11419177055358887,0.20829784870147705,0.2024325430393219,-0.11846137791872025,0.1823827624320984,0.351677805185318,-0.14036937057971954,0.15877431631088257,0.3310627043247223,-0.1273684948682785,0.15050828456878662,0.28832802176475525,-0.11408383399248123
N,0.13552695512771606,0.0,6.21120364030503e-07,0.05120012164115906,0.08190867304801941,-0.019028933718800545,0.03521731495857239,0.2357320785522461,-0.04904672130942345,0.07857576012611389,0.3662603199481964,-0.07288248836994171,0.11704903841018677,0.45087936520576477,-0.097285196185112,0.0,0.20074152946472168,-0.11246888339519501,0.0008539557456970215,0.4146755635738373,-0.15021173655986786,0.0055280327796936035,0.5228238999843597,-0.16472774744033813,0.010258078575134277,0.6092995703220367,-0.17126882076263428,0.07605910301208496,0.196562260389328,-0.11901550740003586,0.06374558806419373,0.4269057810306549,-0.1544560194015503,0.059026479721069336,0.5484363734722137,-0.15957461297512054,0.059287190437316895,0.6383943259716034,-0.16370424628257751,0.14730125665664673,0.19691380858421326,-0.11946939677000046,0.13575643301010132,0.41676291823387146,-0.14684538543224335,0.11793646216392517,0.3933555781841278,-0.12822416424751282,0.1124238669872284,0.33974894881248474,-0.11077073961496353,0.20668023824691772,0.20191973447799683,-0.11986067146062851,0.18242210149765015,0.35819146037101746,-0.13807347416877747,0.15986394882202148,0.3381637632846832,-0.12110316753387451,0.15168988704681396,0.29248371720314026,-0.10499607771635056
N,0.13288888335227966,0.0,6.033885142642248e-07,0.050725191831588745,0.08301103115081787,-0.018582357093691826,0.03258049488067627,0.23529139161109924,-0.048710115253925323,0.07291269302368164,0.36687004566192627,-0.07316131889820099,0.11314806342124939,0.45070111751556396,-0.09881587326526642,0.0,0.1999148726463318,-0.11354625225067139,0.0031456053256988525,0.41574281454086304,-0.1516292691230774,0.0076732635498046875,0.5235710144042969,-0.16623032093048096,0.011741816997528076,0.6101375222206116,-0.17295411229133606,0.07597941160202026,0.19240087270736694,-0.12167739123106003,0.06741362810134888,0.42487919330596924,-0.15668746829032898,0.06268900632858276,0.5459710955619812,-0.16173774003982544,0.06170070171356201,0.6348138451576233,-0.16642221808433533,0.1479012370109558,0.1898626685142517,-0.12399334460496902,0.1395876705646515,0.41325563192367554,-0.15261316299438477,0.12193834781646729,0.39537662267684937,-0.13611970841884613,0.11571288108825684,0.3436252474784851,-0.12040828168392181,0.20950335264205933,0.19445398449897766,-0.1261623054742813,0.1881350874900818,0.35500234365463257,-0.1466721147298813,0.16448688507080078,0.34208208322525024,-0.13253256678581238,0.1542186737060547,0.30075716972351074,-0.11872979998588562
N,0.1365925669670105,0.0,6.15521855706902e-07,0.05097764730453491,0.07980158925056458,-0.021565284579992294,0.03008711338043213,0.22974541783332825,-0.0519634410738945,0.07005643844604492,0.36245056986808777,-0.07571527361869812,0.11023178696632385,0.447946697473526,-0.10024204105138779,0.0,0.19465002417564392,-0.11569469422101974,0.000835031270980835,0.40943393111228943,-0.1547722965478897,0.005626380443572998,0.5182326138019562,-0.16932491958141327,0.010483622550964355,0.6051518023014069,-0.1755611002445221,0.07641449570655823,0.19257521629333496,-0.12116271257400513,0.06470021605491638,0.42313840985298157,-0.1567818820476532,0.05982288718223572,0.5458225309848785,-0.16170527040958405,0.059020668268203735,0.636952131986618,-0.1655532717704773,0.147652268409729,0.1947011947631836,-0.12111681699752808,0.1366845965385437,0.4100255072116852,-0.14947053790092468,0.11614251136779785,0.3955519497394562,-0.13421989977359772,0.10761645436286926,0.34844282269477844,-0.11895623058080673,0.20717179775238037,0.2018735706806183,-0.12114149332046509,0.18157559633255005,0.3521122634410858,-0.14070235192775726,0.1547258496284485,0.34536799788475037,-0.1281145066022873,0.1411973237991333,0.31365910172462463,-0.11535222828388214
N,0.13513168692588806,0.0,5.972110557195265e-07,0.05625760555267334,0.07983142137527466,-0.018821842968463898,0.03647169470787048,0.2253357172012329,-0.04840177297592163,0.07306322455406189,0.3589435815811157,-0.07233425974845886,0.1065015196800232,0.4471932649612427,-0.09726192057132721,0.0,0.19630953669548035,-0.11082170903682709,0.0009923577308654785,0.41343849897384644,-0.1494269073009491,0.006290227174758911,0.5235008001327515,-0.1636384129524231,0.011701613664627075,0.6095755100250244,-0.16935716569423676,0.07423552870750427,0.19131356477737427,-0.11834867298603058,0.06378087401390076,0.423785924911499,-0.1547287255525589,0.05997154116630554,0.5457593202590942,-0.16009043157100677,0.059131890535354614,0.6323327422142029,-0.16352175176143646,0.14448308944702148,0.1905718445777893,-0.12049392610788345,0.13778018951416016,0.40653538703918457,-0.149674654006958,0.1195162832736969,0.39921581745147705,-0.13467904925346375,0.1101691722869873,0.35634350776672363,-0.11904862523078918,0.20534056425094604,0.19681882858276367,-0.1224823072552681,0.185133695602417,0.3522436022758484,-0.14263179898262024,0.16097491979599,0.3503854274749756,-0.12972666323184967,0.14729928970336914,0.32026737928390503,-0.11625535786151886
N,0.13659274578094482,0.0,5.909991500629985e-07,0.05674073100090027,0.07676735520362854,-0.02197992242872715,0.038263678550720215,0.22142383456230164,-0.05311053246259689,0.08008193969726562,0.3528594374656677,-0.07819860428571701,0.11785632371902466,0.4372577667236328,-0.10384287685155869,0.0,0.19213834404945374,-0.11253137141466141,0.0018467605113983154,0.40977054834365845,-0.15171222388744354,0.0070084333419799805,0.5193943381309509,-0.1664978563785553,0.011978745460510254,0.6065906882286072,-0.1728210598230362,0.07512262463569641,0.19047319889068604,-0.11839432269334793,0.0646790862083435,0.422349750995636,-0.15517714619636536,0.06038963794708252,0.5439992547035217,-0.16116772592067719,0.06012582778930664,0.6332954168319702,-0.1654229313135147,0.14549008011817932,0.1929619312286377,-0.11908295750617981,0.13933053612709045,0.4055783748626709,-0.14978639781475067,0.12298616766929626,0.38433533906936646,-0.13462992012500763,0.11672946810722351,0.3331470489501953,-0.11840149760246277,0.20543494820594788,0.20221900939941406,-0.11988794803619385,0.18424519896507263,0.3541637063026428,-0.1414830982685089,0.16123554110527039,0.34092384576797485,-0.12861128151416779,0.15007010102272034,0.30247730016708374,-0.11490995436906815
N,0.134510338306427,0.0,6.1250960925463e-07,0.04938554763793945,0.08278125524520874,-0.021321000531315804,0.030114978551864624,0.23685649037361145,-0.053330402821302414,0.06995421648025513,0.36888623237609863,-0.07879003137350082,0.10751056671142578,0.45231497287750244,-0.10488305985927582,0.00021767616271972656,0.19381412863731384,-0.11821534484624863,0.0,0.40911948680877686,-0.15796396136283875,0.004165023565292358,0.5175000429153442,-0.1734021008014679,0.007423877716064453,0.6044785976409912,-0.18062856793403625,0.07808387279510498,0.18882861733436584,-0.12480322271585464,0.06622320413589478,0.4205777645111084,-0.16200391948223114,0.05880296230316162,0.5412517786026001,-0.1668085902929306,0.05608561635017395,0.6302221417427063,-0.17122790217399597,0.14976537227630615,0.19046753644943237,-0.12569253146648407,0.13710686564445496,0.418326735496521,-0.1558159589767456,0.11622810363769531,0.39490067958831787,-0.137565016746521,0.10941118001937866,0.33862751722335815,-0.12038251012563705,0.20921361446380615,0.19900619983673096,-0.12678591907024384,0.1835157871246338,0.361458957195282,-0.14821305871009827,0.15823060274124146,0.3442320227622986,-0.13339491188526154,0.1484089493751526,0.29923319816589355,-0.1190020814538002
N,0.13557636737823486,0.0,6.258139251258399e-07,0.05127149820327759,0.07690379023551941,-0.022577138617634773,0.029972940683364868,0.2265552282333374,-0.051986247301101685,0.06845659017562866,0.35931864380836487,-0.07467016577720642,0.10815450549125671,0.44382181763648987,-0.09785282611846924,0.00028768181800842285,0.19272693991661072,-0.11271393299102783,0.0,0.4075542390346527,-0.150046706199646,0.0041551291942596436,0.515423446893692,-0.1638207733631134,0.008362799882888794,0.6024655401706696,-0.16976583003997803,0.0773324966430664,0.19367840886116028,-0.11711031198501587,0.0642571747303009,0.42182084918022156,-0.15155743062496185,0.05903196334838867,0.5425363481044769,-0.1561874896287918,0.05875083804130554,0.633285254240036,-0.16007442772388458,0.14868053793907166,0.19878265261650085,-0.11623776704072952,0.13592371344566345,0.4121251404285431,-0.14452432096004486,0.11563143134117126,0.3874180018901825,-0.128750279545784,0.10907930135726929,0.33382824063301086,-0.1129981279373169,0.20721933245658875,0.2091885507106781,-0.11565107107162476,0.17900070548057556,0.3593514859676361,-0.1357082724571228,0.15446874499320984,0.3428932726383209,-0.12264170497655869,0.14517733454704285,0.30327704548835754,-0.10939300060272217
N,0.1329345703125,0.0,6.340816298688878e-07,0.05104422569274902,0.08246120810508728,-0.01979532279074192,0.030285030603408813,0.23314154148101807,-0.05055849999189377,0.06591063737869263,0.3640219271183014,-0.07493478059768677,0.10245263576507568,0.4491367042064667,-0.1002633273601532,0.0003476738929748535,0.19410482048988342,-0.11839146167039871,0.0,0.4081519544124603,-0.1582610309123993,0.003955453634262085,0.5156607925891876,-0.174240842461586,0.008108347654342651,0.6033126413822174,-0.18195092678070068,0.07747289538383484,0.1875647008419037,-0.12558045983314514,0.06463900208473206,0.4180624783039093,-0.16198574006557465,0.059040606021881104,0.5383888781070709,-0.16719144582748413,0.05823475122451782,0.6283664405345917,-0.1721542924642563,0.15001675486564636,0.18728789687156677,-0.1268383115530014,0.13591477274894714,0.4094761908054352,-0.15606622397899628,0.116681307554245,0.3879919946193695,-0.13835132122039795,0.11047428846359253,0.33478304743766785,-0.12190432846546173,0.21101614832878113,0.19420599937438965,-0.1280602365732193,0.18531307578086853,0.3507274091243744,-0.1487971693277359,0.16180452704429626,0.3375310003757477,-0.13431328535079956,0.15261748433113098,0.29885056614875793,-0.12036840617656708
N,0.13291019201278687,0.0,6.319924636954966e-07,0.050446122884750366,0.07999402284622192,-0.021204523742198944,0.029588401317596436,0.23132416605949402,-0.0522373728454113,0.06736928224563599,0.362815797328949,-0.07674341648817062,0.10645702481269836,0.44669467210769653,-0.10218595713376999,0.0,0.19341176748275757,-0.11825994402170181,0.00044736266136169434,0.4081605076789856,-0.1577150672674179,0.004351496696472168,0.5148229598999023,-0.1731034219264984,0.007694929838180542,0.6016893982887268,-0.18056637048721313,0.07743674516677856,0.18820834159851074,-0.1250443160533905,0.06491091847419739,0.4194874167442322,-0.16092167794704437,0.059490710496902466,0.5390741229057312,-0.16590018570423126,0.058739274740219116,0.6293688416481018,-0.17081305384635925,0.14982187747955322,0.18806028366088867,-0.12606631219387054,0.13631394505500793,0.4113383889198303,-0.15590712428092957,0.11695656180381775,0.3856083154678345,-0.13827663660049438,0.1110394299030304,0.3302890658378601,-0.12181524932384491,0.21010267734527588,0.1938595473766327,-0.12716645002365112,0.18317198753356934,0.34880226850509644,-0.1493590772151947,0.15918278694152832,0.33055490255355835,-0.13526368141174316,0.15066516399383545,0.2884129285812378,-0.12141003459692001
N,0.13615718483924866,0.0,6.154510856504203e-07,0.05169948935508728,0.07819285988807678,-0.02258431166410446,0.031851619482040405,0.22908976674079895,-0.05538744851946831,0.07228508591651917,0.36109253764152527,-0.08133767545223236,0.11212801933288574,0.4464740455150604,-0.10825370997190475,0.0,0.18986070156097412,-0.12205342203378677,0.00026047229766845703,0.40596911311149597,-0.16193869709968567,0.004701852798461914,0.5133713185787201,-0.17621488869190216,0.008380711078643799,0.6002226769924164,-0.1822831630706787,0.07628154754638672,0.18418791890144348,-0.12813758850097656,0.06505760550498962,0.41862353682518005,-0.1655452698469162,0.05997359752655029,0.5394776165485382,-0.1692473292350769,0.0598396360874176,0.6290043294429779,-0.17232254147529602,0.147585928440094,0.18493863940238953,-0.12833939492702484,0.13723039627075195,0.4089592397212982,-0.15887178480625153,0.11785751581192017,0.38224682211875916,-0.13929323852062225,0.11193981766700745,0.32529810070991516,-0.12060939520597458,0.20740675926208496,0.19237661361694336,-0.12865953147411346,0.18462234735488892,0.35593441128730774,-0.14981837570667267,0.16080373525619507,0.3375650942325592,-0.13328246772289276,0.1525425910949707,0.2922486960887909,-0.11727415025234222
N,0.13355901837348938,0.0,5.80631365210138e-07,0.05249983072280884,0.07807248830795288,-0.01961841993033886,0.03275114297866821,0.22933098673820496,-0.05212479084730148,0.07551833987236023,0.36148351430892944,-0.07855892926454544,0.11649712920188904,0.44648033380508423,-0.10609343647956848,0.0,0.19053399562835693,-0.11856529861688614,0.0009014904499053955,0.40721893310546875,-0.15791666507720947,0.005049020051956177,0.5147538781166077,-0.17255206406116486,0.00848168134689331,0.601135790348053,-0.17912563681602478,0.07692989706993103,0.18489229679107666,-0.1263166218996048,0.0644916296005249,0.4199073910713196,-0.16304491460323334,0.05877426266670227,0.539251983165741,-0.16708491742610931,0.058490604162216187,0.6283182501792908,-0.17067337036132812,0.14862018823623657,0.18581950664520264,-0.1279505491256714,0.1389055848121643,0.40930724143981934,-0.15815258026123047,0.12078428268432617,0.37857574224472046,-0.13795872032642365,0.1157587468624115,0.32078272104263306,-0.11893602460622787,0.20955026149749756,0.19343781471252441,-0.12937045097351074,0.1859378218650818,0.3568149209022522,-0.14981108903884888,0.16202062368392944,0.33623427152633667,-0.13209553062915802,0.15318113565444946,0.29079097509384155,-0.11545978486537933
N,0.13499468564987183,0.0,6.185334200381476e-07,0.05572706460952759,0.08159485459327698,-0.019267836585640907,0.03979143500328064,0.2368268370628357,-0.05019771680235863,0.08200007677078247,0.3688439428806305,-0.07560960948467255,0.11563017964363098,0.456056147813797,-0.10204736888408661,0.0010682940483093262,0.19815883040428162,-0.11477445811033249,0.0,0.4153002202510834,-0.15409411489963531,0.00470501184463501,0.5228666365146637,-0.1684097945690155,0.010275274515151978,0.6103130280971527,-0.17460644245147705,0.07725554704666138,0.1907305121421814,-0.12304264307022095,0.06347569823265076,0.4242667853832245,-0.1594502031803131,0.06025737524032593,0.5451972186565399,-0.16414690017700195,0.06211546063423157,0.6371752917766571,-0.16784298419952393,0.14998826384544373,0.18782362341880798,-0.12558521330356598,0.14337888360023499,0.4043383300304413,-0.15784621238708496,0.12683632969856262,0.36981746554374695,-0.14040745794773102,0.12046191096305847,0.3107302486896515,-0.12240240722894669,0.21232983469963074,0.19109174609184265,-0.1277109980583191,0.19033029675483704,0.34496334195137024,-0.15160925686359406,0.16926142573356628,0.3222285211086273,-0.13672712445259094,0.16094109416007996,0.27715370059013367,-0.12127523869276047
N,0.13607347011566162,0.0,6.221705461939564e-07,0.050671160221099854,0.081205815076828,-0.02184862457215786,0.032971978187561035,0.24000036716461182,-0.05358944460749626,0.07751047611236572,0.3738871216773987,-0.07894382625818253,0.1168566346168518,0.46016037464141846,-0.10504178702831268,0.00018924474716186523,0.19869989156723022,-0.117752805352211,0.0,0.4174875020980835,-0.15621110796928406,0.003517448902130127,0.5256990194320679,-0.16948604583740234,0.0072817206382751465,0.6140562295913696,-0.17491094768047333,0.07789486646652222,0.19493672251701355,-0.12395180761814117,0.06329134106636047,0.4293169379234314,-0.15939626097679138,0.05876713991165161,0.5513182878494263,-0.16287899017333984,0.06031343340873718,0.6445268392562866,-0.1658688634634018,0.15050417184829712,0.19674158096313477,-0.12433124333620071,0.13975191116333008,0.4137512445449829,-0.15457724034786224,0.12088969349861145,0.3769264817237854,-0.13582885265350342,0.11533588171005249,0.3167495131492615,-0.1173504889011383,0.21112918853759766,0.20410871505737305,-0.12464726716279984,0.18482834100723267,0.36204200983047485,-0.14548034965991974,0.16150563955307007,0.33550477027893066,-0.12864816188812256,0.15406036376953125,0.2870146334171295,-0.11237874627113342
N,0.1371263563632965,0.0,6.247165060813131e-07,0.051431864500045776,0.08176299929618835,-0.0214482881128788,0.03260225057601929,0.2399272322654724,-0.052904337644577026,0.07552218437194824,0.37398001551628113,-0.0780569463968277,0.11408233642578125,0.46078380942344666,-0.10394636541604996,0.0002427995204925537,0.1988525390625,-0.11739073693752289,0.0,0.41797617077827454,-0.15605804324150085,0.003338634967803955,0.5265792906284332,-0.1694679707288742,0.007206082344055176,0.61522176861763,-0.1749154031276703,0.0780138373374939,0.19476869702339172,-0.12383390963077545,0.06316065788269043,0.42928364872932434,-0.15964241325855255,0.05864754319190979,0.5515096485614777,-0.16330452263355255,0.06029579043388367,0.6446128189563751,-0.16629771888256073,0.15051203966140747,0.19650742411613464,-0.1244855746626854,0.13924634456634521,0.4138931334018707,-0.15498164296150208,0.1192571222782135,0.37932851910591125,-0.13670378923416138,0.11262094974517822,0.32066550850868225,-0.11850564926862717,0.21097683906555176,0.2041255235671997,-0.1250568926334381,0.1841135025024414,0.3617594540119171,-0.14607712626457214,0.1596965789794922,0.3375703990459442,-0.1298503428697586,0.15105319023132324,0.29131385684013367,-0.11401379853487015
N,0.13931196928024292,0.0,6.39452196082857e-07,0.05272403359413147,0.07729452848434448,-0.01885397918522358,0.029900968074798584,0.2263202965259552,-0.04692789539694786,0.06974181532859802,0.3601815700531006,-0.06925816833972931,0.10744491219520569,0.4452499747276306,-0.09222745150327682,0.0018508434295654297,0.20104774832725525,-0.10847845673561096,0.0,0.41662299633026123,-0.14523175358772278,0.002026796340942383,0.5251535773277283,-0.15862469375133514,0.00426173210144043,0.6133073568344116,-0.1645572930574417,0.07890939712524414,0.2038205862045288,-0.11498766392469406,0.06403025984764099,0.43112993240356445,-0.1497202217578888,0.05651971697807312,0.5518723130226135,-0.1550300419330597,0.05454716086387634,0.6437243223190308,-0.15899591147899628,0.15046069025993347,0.20682665705680847,-0.11580018699169159,0.13866615295410156,0.4158339500427246,-0.14436082541942596,0.1183786392211914,0.38512861728668213,-0.1285824179649353,0.11111348867416382,0.329415500164032,-0.11231828480958939,0.20921525359153748,0.21218246221542358,-0.11650698632001877,0.18482598662376404,0.3557872772216797,-0.13643072545528412,0.16164204478263855,0.3365442752838135,-0.12291060388088226,0.15270474553108215,0.2959350347518921,-0.10891080647706985
N,0.13919144868850708,0.0,6.398065579560352e-07,0.052950888872146606,0.07856875658035278,-0.01836620457470417,0.0311259925365448,0.22810369729995728,-0.04579085856676102,0.07130441069602966,0.36103174090385437,-0.06770431995391846,0.10846138000488281,0.44478538632392883,-0.09020441770553589,0.0018814802169799805,0.19981005787849426,-0.10650702565908432,0.0,0.41524848341941833,-0.14312013983726501,0.002034693956375122,0.523799329996109,-0.15663036704063416,0.004342257976531982,0.6121445000171661,-0.16268035769462585,0.07845747470855713,0.20233163237571716,-0.1131589338183403,0.06400135159492493,0.4297647774219513,-0.14726680517196655,0.056724488735198975,0.5502739250659943,-0.15257902443408966,0.05474519729614258,0.6420248448848724,-0.1566465049982071,0.149856835603714,0.20503681898117065,-0.1142122820019722,0.13855409622192383,0.4133250415325165,-0.1424216330051422,0.1183539628982544,0.3829902708530426,-0.12694422900676727,0.11088547110557556,0.32764163613319397,-0.11093538999557495,0.20877525210380554,0.21016085147857666,-0.11517839133739471,0.1843145787715912,0.35145488381385803,-0.13517838716506958,0.1608874499797821,0.3324607312679291,-0.12213785201311111,0.1516953408718109,0.2924744784832001,-0.1085013598203659
N,0.13970643281936646,0.0,6.344185976558947e-07,0.055732667446136475,0.0784716010093689,-0.019731909036636353,0.03445962071418762,0.2311161458492279,-0.049047913402318954,0.07316330075263977,0.3647708296775818,-0.07229297608137131,0.10843437910079956,0.45263993740081787,-0.0964103564620018,0.0035202205181121826,0.19805878400802612,-0.11473189294338226,0.0,0.4149748682975769,-0.15217162668704987,0.0024022459983825684,0.5226519107818604,-0.16517743468284607,0.005363345146179199,0.610544741153717,-0.17068953812122345,0.0812465250492096,0.1961582899093628,-0.12130959331989288,0.06480011343955994,0.4279046654701233,-0.15692861378192902,0.058745890855789185,0.5491436719894409,-0.16126026213169098,0.05869075655937195,0.640813946723938,-0.1647508591413498,0.15373513102531433,0.19816353917121887,-0.12204180657863617,0.14136266708374023,0.4135686755180359,-0.1518680900335312,0.12051311135292053,0.38400882482528687,-0.13559432327747345,0.11299014091491699,0.3267907500267029,-0.11903434246778488,0.2136426866054535,0.205552875995636,-0.12252837419509888,0.18706873059272766,0.361288845539093,-0.14343751966953278,0.1649239957332611,0.33855748176574707,-0.12884782254695892,0.1577950417995453,0.2909902334213257,-0.11415693163871765
N,0.14240127801895142,0.0,6.217301802280417e-07,0.05788800120353699,0.07760262489318848,-0.019392624497413635,0.03768962621688843,0.22902750968933105,-0.04801923781633377,0.07784846425056458,0.36266517639160156,-0.07087703049182892,0.1145639419555664,0.4513135552406311,-0.0946185290813446,0.003353208303451538,0.1997617483139038,-0.11039953678846359,0.0,0.4153391122817993,-0.14754441380500793,0.0024109482765197754,0.5234304666519165,-0.16065575182437897,0.005383670330047607,0.6114643216133118,-0.16608265042304993,0.07974952459335327,0.19991189241409302,-0.11698313057422638,0.06422996520996094,0.4306478500366211,-0.15161047875881195,0.05882313847541809,0.5518810749053955,-0.1559678167104721,0.059404462575912476,0.6435892581939697,-0.1592787504196167,0.15187454223632812,0.20173653960227966,-0.11794711649417877,0.14096376299858093,0.41450273990631104,-0.14691787958145142,0.12263476848602295,0.3855448365211487,-0.1304527372121811,0.11692255735397339,0.3294726610183716,-0.11356085538864136,0.21224677562713623,0.20763421058654785,-0.11876845359802246,0.18818151950836182,0.3613327145576477,-0.13882160186767578,0.16742879152297974,0.34122657775878906,-0.12392687797546387,0.16125082969665527,0.29645925760269165,-0.10881108045578003
N,0.140211284160614,0.0,6.249749162634544e-07,0.055283308029174805,0.0786878764629364,-0.01885887421667576,0.03463655710220337,0.23017653822898865,-0.047582175582647324,0.07423365116119385,0.36436474323272705,-0.07039304077625275,0.11200803518295288,0.45252251625061035,-0.0937194675207138,0.004458308219909668,0.19798335433006287,-0.11162617057561874,0.0,0.41542577743530273,-0.1492333710193634,0.0013616681098937988,0.5244882106781006,-0.16259770095348358,0.003422558307647705,0.6121125817298889,-0.167951300740242,0.08251464366912842,0.19957447052001953,-0.11779791116714478,0.06486481428146362,0.4322631359100342,-0.1536305695772171,0.05771446228027344,0.5536973476409912,-0.1580464094877243,0.056162744760513306,0.6437532901763916,-0.16091372072696686,0.1539551019668579,0.20395785570144653,-0.1180604100227356,0.1396312713623047,0.41657501459121704,-0.14695167541503906,0.12130555510520935,0.3876662254333496,-0.1294330358505249,0.11575239896774292,0.3317013382911682,-0.1115000918507576,0.21175891160964966,0.2118491232395172,-0.11813425272703171,0.18529033660888672,0.36303848028182983,-0.1364932656288147,0.1631392240524292,0.34306347370147705,-0.12021487951278687,0.1553158164024353,0.29928213357925415,-0.1041073128581047
N,0.14359170198440552,0.0,6.584599532288848e-07,0.054653316736221313,0.07764658331871033,-0.0215232502669096,0.029215365648269653,0.22770151495933533,-0.049900490790605545,0.06267619132995605,0.3626004159450531,-0.07163050025701523,0.09882763028144836,0.4523408114910126,-0.09388365596532822,0.005517750978469849,0.19661778211593628,-0.11383756995201111,0.0,0.4131515920162201,-0.1517602652311325,0.0016370117664337158,0.5227456390857697,-0.16497354209423065,0.003860265016555786,0.6104643642902374,-0.1700499802827835,0.08332180976867676,0.19890126585960388,-0.11837274581193924,0.06636130809783936,0.43050023913383484,-0.15403863787651062,0.05934759974479675,0.553300529718399,-0.1585603654384613,0.05723148584365845,0.6428375542163849,-0.16132380068302155,0.15392079949378967,0.203546941280365,-0.11736049503087997,0.1395559012889862,0.41633132100105286,-0.14556600153446198,0.11897873878479004,0.39737990498542786,-0.1302085816860199,0.11055567860603333,0.3464193046092987,-0.1142597645521164,0.21042081713676453,0.21219858527183533,-0.11648029834032059,0.18430325388908386,0.360697478055954,-0.13483725488185883,0.16144415736198425,0.34675291180610657,-0.12099553644657135,0.15232136845588684,0.30781134963035583,-0.10688787698745728
N,0.13882538676261902,0.0,6.439947810576996e-07,0.05573186278343201,0.08317652344703674,-0.01662256009876728,0.03713884949684143,0.23627430200576782,-0.04384973272681236,0.07727256417274475,0.3684508502483368,-0.0658717155456543,0.11572352051734924,0.4524253308773041,-0.08848230540752411,0.008383959531784058,0.20410290360450745,-0.10688342154026031,0.0,0.4188726246356964,-0.14249642193317413,0.0008470416069030762,0.5266924202442169,-0.15504059195518494,0.0025536715984344482,0.6151610910892487,-0.16085588932037354,0.0860348641872406,0.20354634523391724,-0.11458159238100052,0.07245618104934692,0.43360885977745056,-0.14914707839488983,0.06666445732116699,0.5549038946628571,-0.15416911244392395,0.0652686059474945,0.647683173418045,-0.15818047523498535,0.1581035852432251,0.20263710618019104,-0.11624311655759811,0.14166370034217834,0.41240397095680237,-0.14522698521614075,0.11985641717910767,0.384175568819046,-0.1290513128042221,0.11285015940666199,0.3305579125881195,-0.1126030907034874,0.2164568305015564,0.20363038778305054,-0.11754072457551956,0.1866605281829834,0.34605005383491516,-0.1379532665014267,0.16310906410217285,0.3261679708957672,-0.12396377325057983,0.15528535842895508,0.28422707319259644,-0.10969143360853195
N,0.13871803879737854,0.0,7.025523700576741e-07,0.05150502920150757,0.08570206165313721,-0.01911384053528309,0.03155875205993652,0.24078673124313354,-0.047436267137527466,0.06781357526779175,0.3727027475833893,-0.06927048414945602,0.10645702481269836,0.45874157547950745,-0.09191539883613586,0.009096592664718628,0.20238536596298218,-0.11511479318141937,0.0,0.41651222109794617,-0.15160122513771057,0.00023433566093444824,0.5248174369335175,-0.16442091763019562,0.0014307498931884766,0.6125414073467255,-0.16987024247646332,0.08725857734680176,0.19714435935020447,-0.12099592387676239,0.07184940576553345,0.4292641580104828,-0.15442505478858948,0.06584826111793518,0.5527300536632538,-0.1584482491016388,0.06450748443603516,0.6453664004802704,-0.16217023134231567,0.1596875786781311,0.19519749283790588,-0.12045162171125412,0.14141929149627686,0.4146920144557953,-0.14702385663986206,0.11875924468040466,0.3971354067325592,-0.1300639510154724,0.11080202460289001,0.34818217158317566,-0.11436109989881516,0.21828293800354004,0.1966669261455536,-0.11967087537050247,0.18887370824813843,0.34681132435798645,-0.13803395628929138,0.16483169794082642,0.32977649569511414,-0.12264544516801834,0.15744060277938843,0.28770729899406433,-0.10793916881084442
N,0.14303210377693176,0.0,6.780819035157037e-07,0.0531843900680542,0.07983440160751343,-0.0202664565294981,0.02487802505493164,0.2266429364681244,-0.04740172624588013,0.05602923035621643,0.3574317693710327,-0.06811463087797165,0.09379157423973083,0.4430745840072632,-0.08944392949342728,0.005827665328979492,0.2070152759552002,-0.11044666916131973,0.0,0.4148560166358948,-0.1471855491399765,0.0018419921398162842,0.5213198661804199,-0.1618266999721527,0.0030273497104644775,0.6089292764663696,-0.1692385971546173,0.08483138680458069,0.20597320795059204,-0.11587367951869965,0.07483863830566406,0.43040353059768677,-0.15067158639431,0.06989583373069763,0.5519242286682129,-0.15795955061912537,0.06802237033843994,0.6452021598815918,-0.16407303512096405,0.15760353207588196,0.20533514022827148,-0.11541227996349335,0.14342042803764343,0.41672855615615845,-0.14374396204948425,0.12204527854919434,0.3926941752433777,-0.12906090915203094,0.11344718933105469,0.340595543384552,-0.11445152014493942,0.2149871289730072,0.20653170347213745,-0.11497750133275986,0.18909332156181335,0.3494182229042053,-0.1349370777606964,0.16697350144386292,0.33087432384490967,-0.12174982577562332,0.1595763862133026,0.29007256031036377,-0.10820567607879639
N,0.14542636275291443,0.0,6.378015768859768e-07,0.05599212646484375,0.0816696286201477,-0.017535125836730003,0.02880874276161194,0.22985032200813293,-0.04499493166804314,0.06374809145927429,0.3611011505126953,-0.06689626723527908,0.1049146056175232,0.44723284244537354,-0.09004177153110504,0.007564842700958252,0.20819386839866638,-0.10997612774372101,0.0,0.41792798042297363,-0.14660073816776276,0.002243638038635254,0.5263774394989014,-0.16062285006046295,0.004139453172683716,0.6142351627349854,-0.16738975048065186,0.08567589521408081,0.20574137568473816,-0.11749817430973053,0.075903981924057,0.43452030420303345,-0.15174683928489685,0.07094821333885193,0.5571492910385132,-0.15776939690113068,0.06864944100379944,0.6491422653198242,-0.16291460394859314,0.15831008553504944,0.20316332578659058,-0.11891236156225204,0.14397433400154114,0.4170047640800476,-0.14660941064357758,0.12253263592720032,0.39722830057144165,-0.13132677972316742,0.11427214741706848,0.3458760380744934,-0.11633656173944473,0.21707388758659363,0.2026265263557434,-0.12008972465991974,0.19190892577171326,0.3520843982696533,-0.13950718939304352,0.1690407693386078,0.33824729919433594,-0.12562625110149384,0.1609509289264679,0.2981235980987549,-0.11162502318620682
N,0.13861370086669922,0.0,6.83568828208081e-07,0.04905259609222412,0.08057385683059692,-0.01795995607972145,0.01792868971824646,0.22517189383506775,-0.045131079852581024,0.045502930879592896,0.3558579683303833,-0.06652966886758804,0.08313620090484619,0.44145530462265015,-0.08868402987718582,0.005366772413253784,0.2121376097202301,-0.11116095632314682,0.0,0.42801088094711304,-0.14699500799179077,0.0023359060287475586,0.5387672781944275,-0.16000625491142273,0.004927575588226318,0.6260652542114258,-0.1656295210123062,0.08586400747299194,0.21092405915260315,-0.11761732399463654,0.0785345733165741,0.43987351655960083,-0.15431495010852814,0.07405334711074829,0.5652218461036682,-0.1606091558933258,0.07271203398704529,0.6563117504119873,-0.16482973098754883,0.15877816081047058,0.2102113962173462,-0.11780352145433426,0.14539319276809692,0.42711538076400757,-0.1467093527317047,0.12186047434806824,0.4100359082221985,-0.13150200247764587,0.1121264398097992,0.3585442304611206,-0.11579643189907074,0.21617189049720764,0.21116259694099426,-0.11775539815425873,0.18802335858345032,0.35979729890823364,-0.13709470629692078,0.16196057200431824,0.3454750180244446,-0.12282765656709671,0.15040552616119385,0.3023887276649475,-0.10794815421104431
N,0.14178907871246338,0.0,6.762218163203215e-07,0.05053436756134033,0.0819936990737915,-0.021255839616060257,0.015629827976226807,0.22413590550422668,-0.04969226196408272,0.038421422243118286,0.3540094494819641,-0.07137008011341095,0.07232192158699036,0.4419231414794922,-0.09377782046794891,0.0036395490169525146,0.20915433764457703,-0.11527751386165619,0.0,0.4237241744995117,-0.15278401970863342,0.002679765224456787,0.5352203249931335,-0.16621926426887512,0.004656195640563965,0.6215300559997559,-0.17162670195102692,0.0847092866897583,0.20426076650619507,-0.12048909813165665,0.08333918452262878,0.4356841444969177,-0.1592070311307907,0.08160722255706787,0.5622366070747375,-0.16585108637809753,0.08105012774467468,0.6520434021949768,-0.16952715814113617,0.15717032551765442,0.20274579524993896,-0.11983710527420044,0.14589828252792358,0.4258529543876648,-0.148376926779747,0.12033158540725708,0.4331021308898926,-0.13353313505649567,0.10669916868209839,0.4004741907119751,-0.118141770362854,0.21385061740875244,0.20579233765602112,-0.11933360248804092,0.1890820860862732,0.3673593997955322,-0.1364845633506775,0.1603575348854065,0.37273311614990234,-0.12171150743961334,0.144456684589386,0.3447762727737427,-0.10667987167835236
N,0.14322620630264282,0.0,6.155719347589184e-07,0.051547855138778687,0.08284345269203186,-0.01876356638967991,0.018975168466567993,0.22618713974952698,-0.04572940245270729,0.04347503185272217,0.3554321229457855,-0.06700583547353745,0.07968536019325256,0.44171735644340515,-0.08902572095394135,0.005341440439224243,0.21219396591186523,-0.10868831723928452,0.0,0.4263935983181,-0.14414948225021362,0.002436727285385132,0.5358371436595917,-0.15764205157756805,0.004515737295150757,0.6228502094745636,-0.16402791440486908,0.08542466163635254,0.2081071436405182,-0.11520999670028687,0.08519914746284485,0.4371239244937897,-0.15122509002685547,0.084217369556427,0.561901181936264,-0.1584559828042984,0.0842217206954956,0.6526075303554535,-0.16376017034053802,0.15802019834518433,0.20557895302772522,-0.1160237193107605,0.14705732464790344,0.4229719936847687,-0.1439700871706009,0.11976411938667297,0.420328825712204,-0.13130973279476166,0.1054757833480835,0.3797508180141449,-0.11814781278371811,0.2149263322353363,0.20742985606193542,-0.11686821281909943,0.1896902620792389,0.36150315403938293,-0.13608212769031525,0.16171953082084656,0.3609905540943146,-0.124534472823143,0.14642229676246643,0.3298623859882355,-0.11220906674861908
N,0.14198750257492065,0.0,6.21776621301251e-07,0.050655633211135864,0.0849447250366211,-0.01919400505721569,0.014944463968276978,0.22585296630859375,-0.04638386145234108,0.03260841965675354,0.35317328572273254,-0.06748976558446884,0.06030416488647461,0.44134417176246643,-0.08954034745693207,0.004603445529937744,0.21245917677879333,-0.11157529056072235,0.0,0.42552271485328674,-0.1483578383922577,0.0018550753593444824,0.5383591949939728,-0.16246715188026428,0.0034162700176239014,0.6268847286701202,-0.16871565580368042,0.08687695860862732,0.2074924111366272,-0.11750005185604095,0.0908956229686737,0.43804410099983215,-0.15553593635559082,0.09006130695343018,0.5635450780391693,-0.16254742443561554,0.08940377831459045,0.651058703660965,-0.16685745120048523,0.16005954146385193,0.20614466071128845,-0.11764450371265411,0.14867305755615234,0.4269411861896515,-0.14671163260936737,0.11924684047698975,0.43771830201148987,-0.13338105380535126,0.10315239429473877,0.40594998002052307,-0.11907130479812622,0.21634313464164734,0.2098197340965271,-0.11778145283460617,0.1894117295742035,0.37324264645576477,-0.13692151010036469,0.15752094984054565,0.38009682297706604,-0.12384102493524551,0.13892117142677307,0.3522791564464569,-0.10979339480400085
N,0.14044103026390076,0.0,6.366316256389837e-07,0.04841771721839905,0.08564624190330505,-0.01887279562652111,0.013583838939666748,0.2268035113811493,-0.04612820968031883,0.03086221218109131,0.35274118185043335,-0.06727340072393417,0.059554219245910645,0.4401792287826538,-0.08915773779153824,0.0052032470703125,0.2139192819595337,-0.11241041868925095,0.0,0.42564791440963745,-0.1491667628288269,0.0017614364624023438,0.5374983549118042,-0.16316859424114227,0.003216683864593506,0.6256378889083862,-0.1694612056016922,0.0863819420337677,0.20743948221206665,-0.11837128549814224,0.09043443202972412,0.4367637038230896,-0.156842902302742,0.0894814133644104,0.5632185339927673,-0.16392013430595398,0.08915981650352478,0.6529940366744995,-0.168362095952034,0.15916505455970764,0.2046491503715515,-0.11836625635623932,0.14911723136901855,0.42641544342041016,-0.1482427418231964,0.11878752708435059,0.43082714080810547,-0.13477951288223267,0.10250961780548096,0.39399605989456177,-0.12022232264280319,0.2149086594581604,0.20637378096580505,-0.11824941635131836,0.18801724910736084,0.367353618144989,-0.1383732706308365,0.15674763917922974,0.36706793308258057,-0.12534643709659576,0.13975036144256592,0.3328777551651001,-0.11117656528949738
N,0.1452588140964508,0.0,6.323276693365187e-07,0.05244293808937073,0.08063700795173645,-0.02230152115225792,0.012419164180755615,0.22172901034355164,-0.049936555325984955,0.02853339910507202,0.35049426555633545,-0.0711086317896843,0.05980372428894043,0.4377848505973816,-0.09284979104995728,0.00461965799331665,0.21694839000701904,-0.11019346863031387,0.0,0.4280848503112793,-0.14688067138195038,0.0022607743740081787,0.5390973091125488,-0.16195431351661682,0.0037702322006225586,0.6274250149726868,-0.16965176165103912,0.08577573299407959,0.21472513675689697,-0.11492623388767242,0.09397602081298828,0.4413421154022217,-0.15195712447166443,0.09542399644851685,0.5648073554039001,-0.16010236740112305,0.09644457697868347,0.6536127924919128,-0.16606281697750092,0.15899065136909485,0.21266567707061768,-0.11432331800460815,0.15006089210510254,0.4267498850822449,-0.14444029331207275,0.12290719151496887,0.4178990125656128,-0.1311287134885788,0.1095440685749054,0.3737848401069641,-0.11730361729860306,0.21580296754837036,0.21353837847709656,-0.11411885917186737,0.18880826234817505,0.3615682125091553,-0.1366758495569229,0.1595398485660553,0.35098278522491455,-0.125030517578125,0.14535149931907654,0.3135576844215393,-0.11187877506017685
N,0.1510828733444214,0.0,5.697770575352479e-07,0.05572345852851868,0.08168241381645203,-0.0190674290060997,0.01719379425048828,0.22527942061424255,-0.04481053352355957,0.03640061616897583,0.35449346899986267,-0.06471841037273407,0.07006484270095825,0.4398178160190582,-0.08507322520017624,0.006991535425186157,0.21990087628364563,-0.1040370911359787,0.0,0.4313031733036041,-0.13816048204898834,0.0016443133354187012,0.5411654412746429,-0.15152235329151154,0.0020123720169067383,0.6284069716930389,-0.15820491313934326,0.08675679564476013,0.21692109107971191,-0.10975965112447739,0.09641698002815247,0.4455641806125641,-0.14498937129974365,0.10054939985275269,0.5692386329174042,-0.15224285423755646,0.10379499197006226,0.6584694087505341,-0.1576922982931137,0.15979129076004028,0.21455588936805725,-0.10996609181165695,0.15228071808815002,0.43087443709373474,-0.13941197097301483,0.12508320808410645,0.418044775724411,-0.12609344720840454,0.11211997270584106,0.37014028429985046,-0.11204113811254501,0.21760952472686768,0.21483159065246582,-0.11027589440345764,0.19011348485946655,0.3647319972515106,-0.13255199790000916,0.16180089116096497,0.35104939341545105,-0.1207299679517746,0.1487743854522705,0.3093246519565582,-0.10731497406959534
N,0.15436741709709167,0.0,5.109330913910526e-07,0.06250086426734924,0.08223599195480347,-0.016645271331071854,0.02801913022994995,0.22581040859222412,-0.043032582849264145,0.053748637437820435,0.35602760314941406,-0.06417994946241379,0.09091392159461975,0.4415966272354126,-0.08605318516492844,0.006574720144271851,0.22040951251983643,-0.10371312499046326,0.0,0.4316423535346985,-0.13715514540672302,0.0027791857719421387,0.5429332852363586,-0.15010212361812592,0.004313409328460693,0.631945788860321,-0.1568145900964737,0.08692967891693115,0.215789794921875,-0.11080066859722137,0.1027725338935852,0.44589126110076904,-0.14527690410614014,0.11176517605781555,0.5704442262649536,-0.15202319622039795,0.11917802691459656,0.6600837111473083,-0.15771065652370453,0.16147470474243164,0.2122095823287964,-0.1118132621049881,0.1570623815059662,0.42616593837738037,-0.14054448902606964,0.13373377919197083,0.4082176089286804,-0.12508657574653625,0.12507474422454834,0.35795992612838745,-0.10969886928796768,0.2222251296043396,0.21173113584518433,-0.11269471794366837,0.19520747661590576,0.3602352738380432,-0.1334952861070633,0.16919726133346558,0.34295499324798584,-0.11920055001974106,0.15908366441726685,0.29945671558380127,-0.10416246950626373
N,0.1516331434249878,0.0,4.5673093040932145e-07,0.06106060743331909,0.0832928717136383,-0.015151950530707836,0.02684718370437622,0.22853943705558777,-0.04163166508078575,0.051708221435546875,0.3584935665130615,-0.06318618357181549,0.08763459324836731,0.4447070360183716,-0.08581669628620148,0.0046263039112091064,0.21930164098739624,-0.10328216105699539,0.0,0.42925477027893066,-0.13757586479187012,0.0038817524909973145,0.5407549738883972,-0.15202297270298004,0.005911409854888916,0.6317253112792969,-0.16006121039390564,0.08461442589759827,0.21144288778305054,-0.11200179159641266,0.10135757923126221,0.4439101815223694,-0.1454767882823944,0.11077186465263367,0.5682234764099121,-0.15181894600391388,0.11963829398155212,0.6597251892089844,-0.15818625688552856,0.15911448001861572,0.20574051141738892,-0.11459416896104813,0.156633198261261,0.4226151704788208,-0.1436661332845688,0.1346316635608673,0.39727985858917236,-0.12686768174171448,0.12744122743606567,0.3428327441215515,-0.1111065223813057,0.22179841995239258,0.20474675297737122,-0.11699873954057693,0.1965295672416687,0.3574695587158203,-0.1390615552663803,0.17286524176597595,0.33472704887390137,-0.12370821833610535,0.16472208499908447,0.2871820330619812,-0.10825196653604507
N,0.15559124946594238,0.0,4.978617198503343e-07,0.06168097257614136,0.08583414554595947,-0.016482258215546608,0.027528226375579834,0.23186242580413818,-0.04180297255516052,0.05430921912193298,0.3638354539871216,-0.06211840733885765,0.09271952509880066,0.44814038276672363,-0.08320967853069305,0.007368326187133789,0.21379408240318298,-0.09859545528888702,0.0,0.42369508743286133,-0.1318444460630417,0.0027850568294525146,0.5370668768882751,-0.14572976529598236,0.003765195608139038,0.6276073455810547,-0.15317592024803162,0.08815985918045044,0.20887568593025208,-0.10593827068805695,0.10170778632164001,0.4390312433242798,-0.14058396220207214,0.10928833484649658,0.5653886795043945,-0.14850491285324097,0.11577656865119934,0.6551376581192017,-0.15505482256412506,0.16219693422317505,0.207985520362854,-0.10772448033094406,0.15454703569412231,0.4238082766532898,-0.13760769367218018,0.12999454140663147,0.41208839416503906,-0.1253034621477127,0.12073057889938354,0.3637828826904297,-0.11182155460119247,0.2228909730911255,0.2136002480983734,-0.10937593877315521,0.1946849822998047,0.3682476878166199,-0.13133853673934937,0.16769587993621826,0.3555399179458618,-0.11941538006067276,0.15661200881004333,0.3122606873512268,-0.10619668662548065
N,0.15523755550384521,0.0,4.863033495894342e-07,0.06214284896850586,0.08542776107788086,-0.016502343118190765,0.026757419109344482,0.23222538828849792,-0.042806342244148254,0.052104651927948,0.3638344705104828,-0.06425090879201889,0.09079137444496155,0.44902917742729187,-0.08682025223970413,0.007563948631286621,0.21439602971076965,-0.10118592530488968,0.0,0.42430898547172546,-0.13512012362480164,0.002530992031097412,0.5375358760356903,-0.1494261771440506,0.0032144486904144287,0.6279543340206146,-0.15717177093029022,0.08787590265274048,0.20680272579193115,-0.10940112173557281,0.10113036632537842,0.43757137656211853,-0.14420704543590546,0.10854318737983704,0.5634342730045319,-0.1519947201013565,0.11456426978111267,0.6533255279064178,-0.15876905620098114,0.16199809312820435,0.20402324199676514,-0.11197831481695175,0.1550663709640503,0.4230714738368988,-0.14233577251434326,0.13053864240646362,0.41000398993492126,-0.12942279875278473,0.12085461616516113,0.3601936399936676,-0.11569930613040924,0.2233496904373169,0.2089156210422516,-0.11438889056444168,0.19492971897125244,0.3689432442188263,-0.13718749582767487,0.16798686981201172,0.3554665744304657,-0.12481923401355743,0.15708774328231812,0.3101551830768585,-0.11133283376693726
N,0.16275596618652344,0.0,5.369153086576262e-07,0.06694158911705017,0.07999303936958313,-0.017334159463644028,0.02735733985900879,0.2267388105392456,-0.042316995561122894,0.05214214324951172,0.3599284589290619,-0.06184091791510582,0.09086552262306213,0.44520655274391174,-0.08210611343383789,0.011958509683609009,0.2179330587387085,-0.09979517757892609,0.0,0.4263019263744354,-0.13261531293392181,0.002033025026321411,0.5399132668972015,-0.14571355283260345,0.0026131868362426758,0.6311934292316437,-0.15273845195770264,0.09319353103637695,0.21817296743392944,-0.10657540708780289,0.10483860969543457,0.44721755385398865,-0.13960595428943634,0.11102312803268433,0.5712091624736786,-0.14551933109760284,0.11629441380500793,0.6597634255886078,-0.15083208680152893,0.1682751178741455,0.21885156631469727,-0.10781245678663254,0.1591392457485199,0.42946335673332214,-0.1364869773387909,0.13510596752166748,0.40715500712394714,-0.12109777331352234,0.1269567906856537,0.3534491956233978,-0.10577601194381714,0.22994980216026306,0.22168952226638794,-0.10912743210792542,0.19900822639465332,0.36928465962409973,-0.13017351925373077,0.17410972714424133,0.3465113341808319,-0.11582614481449127,0.16691330075263977,0.2989206612110138,-0.10091056674718857
N,0.1652178168296814,0.0,5.176673312234925e-07,0.06858867406845093,0.08206740021705627,-0.0178398285061121,0.029317736625671387,0.23163479566574097,-0.04345819726586342,0.053882867097854614,0.36454081535339355,-0.06369137018918991,0.09100562334060669,0.4506272077560425,-0.08450839668512344,0.010326683521270752,0.2202475666999817,-0.10079406201839447,0.0,0.43119436502456665,-0.13331356644630432,0.0010069608688354492,0.5452998280525208,-0.14608117938041687,0.00037026405334472656,0.6371440887451172,-0.15285420417785645,0.09206610918045044,0.21749168634414673,-0.10778547823429108,0.10441392660140991,0.4495394229888916,-0.1423265039920807,0.11171284317970276,0.5773075222969055,-0.1493116021156311,0.11836478114128113,0.6692466735839844,-0.1550411731004715,0.16764160990715027,0.21668797731399536,-0.10903282463550568,0.15900704264640808,0.43258148431777954,-0.1392480731010437,0.13559895753860474,0.41225624084472656,-0.1246991902589798,0.12827053666114807,0.35869520902633667,-0.10931632667779922,0.2292962670326233,0.22022134065628052,-0.11024660617113113,0.19807195663452148,0.3747437000274658,-0.13183148205280304,0.1730656921863556,0.35314881801605225,-0.11723253130912781,0.16562968492507935,0.30341637134552,-0.10185147076845169
N,0.17117038369178772,0.0,5.480953859660076e-07,0.07263916730880737,0.0827409029006958,-0.015447369776666164,0.028359293937683105,0.23134562373161316,-0.04131555184721947,0.04641649127006531,0.3651658892631531,-0.06248053163290024,0.08349278569221497,0.4538753628730774,-0.08476811647415161,0.009102225303649902,0.22629818320274353,-0.10353320091962814,0.0,0.43975263833999634,-0.13894379138946533,0.00450173020362854,0.5565424561500549,-0.15283755958080292,0.007434219121932983,0.6517021059989929,-0.16005389392375946,0.09120172262191772,0.22252917289733887,-0.11337126046419144,0.10649856925010681,0.4606052041053772,-0.14853888750076294,0.1118137538433075,0.5891806483268738,-0.15423962473869324,0.114661306142807,0.6824781894683838,-0.15969324111938477,0.16893860697746277,0.21977442502975464,-0.11772695183753967,0.16136428713798523,0.44172871112823486,-0.14907141029834747,0.13607925176620483,0.42128437757492065,-0.13380169868469238,0.1250026822090149,0.3667287826538086,-0.11824698001146317,0.23444420099258423,0.22081276774406433,-0.12198841571807861,0.20264393091201782,0.37972062826156616,-0.14493252336978912,0.17577838897705078,0.3621973395347595,-0.13134433329105377,0.16544872522354126,0.31676995754241943,-0.11700622737407684
N,0.16870653629302979,0.0,4.7264191493923136e-07,0.07313215732574463,0.08218902349472046,-0.011555708944797516,0.033510953187942505,0.23163801431655884,-0.036623869091272354,0.06115725636482239,0.36746132373809814,-0.058079324662685394,0.10549798607826233,0.4549534320831299,-0.08119699358940125,0.011417359113693237,0.2278415560722351,-0.09668874740600586,0.0,0.44259709119796753,-0.12981756031513214,0.0028934478759765625,0.558285653591156,-0.14380121231079102,0.0053538978099823,0.6506460905075073,-0.15125904977321625,0.09339392185211182,0.22587090730667114,-0.10781601816415787,0.10099908709526062,0.45735156536102295,-0.14104194939136505,0.10428878664970398,0.5839613676071167,-0.1481129378080368,0.10819333791732788,0.6762262582778931,-0.1545398235321045,0.1695309579372406,0.22403204441070557,-0.11280834674835205,0.1609751284122467,0.43933987617492676,-0.14074422419071198,0.1397622525691986,0.4189079999923706,-0.12529656291007996,0.13383439183235168,0.3670332431793213,-0.11020611971616745,0.2333935797214508,0.22481775283813477,-0.11736811697483063,0.20518413186073303,0.38135284185409546,-0.1359342783689499,0.18163421750068665,0.3615589141845703,-0.11931245774030685,0.1747363805770874,0.31334054470062256,-0.10318610072135925
N,0.1648494303226471,0.0,4.986321755495737e-07,0.06990638375282288,0.08864495158195496,-0.01078998576849699,0.03220725059509277,0.24093857407569885,-0.03733645752072334,0.0626283586025238,0.3741236925125122,-0.06060173362493515,0.11014577746391296,0.4601934552192688,-0.08586885035037994,0.008474022150039673,0.23523381352424622,-0.09919287264347076,0.0,0.44981688261032104,-0.134007528424263,0.0032125115394592285,0.5643853545188904,-0.14900095760822296,0.0056757330894470215,0.6557474136352539,-0.1569388508796692,0.09088906645774841,0.2278280258178711,-0.11195889115333557,0.09939810633659363,0.46184760332107544,-0.14599721133708954,0.10330599546432495,0.5895941257476807,-0.15358060598373413,0.1066354513168335,0.683624804019928,-0.16040094196796417,0.1686604619026184,0.22143134474754333,-0.11838981509208679,0.16204842925071716,0.4431905746459961,-0.14747436344623566,0.14032286405563354,0.42599374055862427,-0.13231123983860016,0.1320849061012268,0.3760644793510437,-0.11746089160442352,0.23506563901901245,0.21812373399734497,-0.12415196001529694,0.20718252658843994,0.37781405448913574,-0.14367663860321045,0.1828548014163971,0.3592405319213867,-0.1267423778772354,0.1740502119064331,0.31174516677856445,-0.11039625108242035
N,0.17007270455360413,0.0,5.022774871576985e-07,0.07441920042037964,0.08468058705329895,-0.010651792399585247,0.03343033790588379,0.2338941991329193,-0.03627396374940872,0.05729225277900696,0.3646627366542816,-0.05898352712392807,0.09994551539421082,0.45052382349967957,-0.0834680125117302,0.00689283013343811,0.23638957738876343,-0.09734131395816803,0.0,0.45259228348731995,-0.1321917176246643,0.003920644521713257,0.5674378573894501,-0.14711052179336548,0.0062544941902160645,0.6575281322002411,-0.1547878235578537,0.08907169103622437,0.23147761821746826,-0.11028317362070084,0.09778180718421936,0.46672096848487854,-0.1443798691034317,0.1010766327381134,0.5955941379070282,-0.1522325873374939,0.10398364067077637,0.6887365877628326,-0.15907402336597443,0.16813591122627258,0.22629383206367493,-0.11714296787977219,0.16329240798950195,0.4508053958415985,-0.14730797708034515,0.14424297213554382,0.42971763014793396,-0.13248641788959503,0.13770833611488342,0.3741514980792999,-0.11721988022327423,0.2360861599445343,0.22282710671424866,-0.12334426492452621,0.2089209258556366,0.3842344582080841,-0.14498651027679443,0.18549877405166626,0.36298999190330505,-0.12886762619018555,0.17752814292907715,0.31155702471733093,-0.11230319738388062
N,0.17094698548316956,0.0,4.548944900761853e-07,0.07476836442947388,0.08595064282417297,-0.010371766053140163,0.04032137989997864,0.24535894393920898,-0.03483295440673828,0.07724028825759888,0.387165904045105,-0.056040871888399124,0.12385842204093933,0.4774690866470337,-0.07844312489032745,0.008415430784225464,0.2363341748714447,-0.09182208776473999,0.0,0.45146864652633667,-0.12487538158893585,0.003141433000564575,0.5655994415283203,-0.13866858184337616,0.004900753498077393,0.6575762033462524,-0.14596398174762726,0.09088072180747986,0.23769500851631165,-0.10347210615873337,0.09853047132492065,0.46993744373321533,-0.13558660447597504,0.10238218307495117,0.5959150791168213,-0.14220190048217773,0.10704082250595093,0.6910935044288635,-0.14851370453834534,0.16832593083381653,0.23806169629096985,-0.10915421694517136,0.16204935312271118,0.4529666304588318,-0.13750438392162323,0.14392563700675964,0.41972482204437256,-0.12090907990932465,0.1402740478515625,0.36262208223342896,-0.1046924740076065,0.23425409197807312,0.23810797929763794,-0.11430013924837112,0.2061358094215393,0.39132678508758545,-0.1333453506231308,0.1841427981853485,0.3627145290374756,-0.11591509729623795,0.17833152413368225,0.3114365339279175,-0.09904447942972183
N,0.17504361271858215,0.0,4.705914875557937e-07,0.07840040326118469,0.08526524901390076,-0.009320706129074097,0.036758601665496826,0.2326134443283081,-0.03496752679347992,0.06095939874649048,0.3627745807170868,-0.0576152428984642,0.104175865650177,0.4480026066303253,-0.08243579417467117,0.009148448705673218,0.22782227396965027,-0.0977548360824585,0.0,0.4434957802295685,-0.1337946653366089,0.00419124960899353,0.5586996376514435,-0.14966577291488647,0.007962167263031006,0.6483366787433624,-0.157721608877182,0.09123572707176208,0.22274741530418396,-0.11093661189079285,0.09710687398910522,0.4574390947818756,-0.1446753442287445,0.10061034560203552,0.5859912931919098,-0.15229210257530212,0.10360047221183777,0.6797207891941071,-0.15926332771778107,0.16994434595108032,0.2201269567012787,-0.11807725578546524,0.1650029420852661,0.44354352355003357,-0.14682245254516602,0.14518079161643982,0.42944207787513733,-0.13270732760429382,0.13651826977729797,0.3799099624156952,-0.11870453506708145,0.23789459466934204,0.2218191921710968,-0.12446503341197968,0.21273541450500488,0.38260963559150696,-0.14448046684265137,0.18800923228263855,0.36704328656196594,-0.12904509902000427,0.17656785249710083,0.3220854699611664,-0.1137278601527214
N,0.17235800623893738,0.0,4.253673751009046e-07,0.07854101061820984,0.0873245894908905,-0.008285505697131157,0.04250892996788025,0.24285227060317993,-0.034879811108112335,0.07606631517410278,0.3815669119358063,-0.05841120332479477,0.12294155359268188,0.47221216559410095,-0.08392811566591263,0.008929610252380371,0.22722876071929932,-0.09900927543640137,0.0,0.44603267312049866,-0.13489410281181335,0.0039979517459869385,0.5618434846401215,-0.15104003250598907,0.007063060998916626,0.653999537229538,-0.15986484289169312,0.09182557463645935,0.222619891166687,-0.11260811984539032,0.0976124107837677,0.45830538868904114,-0.14561627805233002,0.10058131814002991,0.5835431516170502,-0.15272213518619537,0.10379967093467712,0.6764692962169647,-0.16019482910633087,0.1704203486442566,0.22022691369056702,-0.11970973014831543,0.1636759340763092,0.44486263394355774,-0.1476294845342636,0.14631423354148865,0.41810688376426697,-0.1312626451253891,0.14146879315376282,0.3622964918613434,-0.11630623787641525,0.23820456862449646,0.2216242551803589,-0.12594112753868103,0.21243971586227417,0.3806318938732147,-0.14567942917346954,0.19061362743377686,0.35745081305503845,-0.12909729778766632,0.1824461817741394,0.30833908915519714,-0.11329495906829834
N,0.1702815592288971,0.0,4.3680199723894475e-07,0.07586526870727539,0.08995267748832703,-0.0099881486967206,0.04004484415054321,0.2445557415485382,-0.0367194339632988,0.07141652703285217,0.3795764744281769,-0.06046319752931595,0.11758652329444885,0.46571508049964905,-0.08614981174468994,0.008282780647277832,0.22999140620231628,-0.09783192723989487,0.0,0.44478514790534973,-0.13326525688171387,0.0027693510055541992,0.5594660937786102,-0.14885953068733215,0.004503041505813599,0.650799423456192,-0.1573060005903244,0.09021931886672974,0.2235858142375946,-0.11145967245101929,0.09649279713630676,0.4592285454273224,-0.1464342623949051,0.09947696328163147,0.5863312780857086,-0.15430860221385956,0.10253748297691345,0.680368036031723,-0.16128335893154144,0.16835713386535645,0.21972841024398804,-0.11886141449213028,0.1624886393547058,0.4447452127933502,-0.14941994845867157,0.1426006555557251,0.42352041602134705,-0.1340261846780777,0.13605791330337524,0.37029871344566345,-0.11850977689027786,0.23580056428909302,0.22051003575325012,-0.12549620866775513,0.20869684219360352,0.3850345313549042,-0.1464703381061554,0.18532729148864746,0.36560049653053284,-0.12958469986915588,0.1768718957901001,0.31584104895591736,-0.11302082985639572
N,0.16802820563316345,0.0,4.599803276050807e-07,0.0750078558921814,0.08897775411605835,-0.0105971060693264,0.04192161560058594,0.2438431978225708,-0.03825537860393524,0.0763612687587738,0.37866321206092834,-0.06257040798664093,0.1231023371219635,0.4641576111316681,-0.08878615498542786,0.009114652872085571,0.22586184740066528,-0.10074283927679062,0.0,0.4429573714733124,-0.13633710145950317,0.0030610263347625732,0.5582683980464935,-0.15130680799484253,0.005259305238723755,0.6509683430194855,-0.15921077132225037,0.09038868546485901,0.21898499131202698,-0.11381037533283234,0.0976783037185669,0.45702287554740906,-0.1487322449684143,0.1019684374332428,0.5846114456653595,-0.15579266846179962,0.1066550612449646,0.6804126799106598,-0.16223262250423431,0.16816234588623047,0.2154567539691925,-0.12043458968400955,0.16214695572853088,0.43978652358055115,-0.1505446434020996,0.14143726229667664,0.41444703936576843,-0.1335473507642746,0.13477441668510437,0.36084893345832825,-0.1169942319393158,0.23550066351890564,0.21704965829849243,-0.12633182108402252,0.20818981528282166,0.381764680147171,-0.1467946320772171,0.18392929434776306,0.3607083857059479,-0.1289263516664505,0.17537128925323486,0.31294652819633484,-0.11175849288702011
N,0.1674199402332306,0.0,4.3884406863980985e-07,0.07397860288619995,0.08720487356185913,-0.010269633494317532,0.03936615586280823,0.24039095640182495,-0.03628100827336311,0.07353565096855164,0.3766297698020935,-0.05892372131347656,0.11819326877593994,0.46428465843200684,-0.08321473747491837,0.008314132690429688,0.223356693983078,-0.0977528765797615,0.0,0.4383366107940674,-0.13222752511501312,0.0039331912994384766,0.5514528751373291,-0.14672094583511353,0.006702125072479248,0.6407904624938965,-0.15415629744529724,0.09020599722862244,0.21763715147972107,-0.10966015607118607,0.0964827835559845,0.4504767060279846,-0.14375954866409302,0.0996876060962677,0.5759055614471436,-0.15110592544078827,0.10324427485466003,0.669487476348877,-0.15768395364284515,0.16681498289108276,0.2151232659816742,-0.11526037752628326,0.16038870811462402,0.43533891439437866,-0.1439376324415207,0.13849326968193054,0.4149479866027832,-0.1285480111837387,0.13032692670822144,0.36478298902511597,-0.11348777264356613,0.23213011026382446,0.21758317947387695,-0.12012084573507309,0.20513275265693665,0.3781256675720215,-0.13944339752197266,0.1808667778968811,0.3592206835746765,-0.12289194762706757,0.1714687943458557,0.312014102935791,-0.10689795017242432
N,0.1676880121231079,0.0,4.4785267050428956e-07,0.07281163334846497,0.08540478348731995,-0.01058986596763134,0.036935240030288696,0.2376922070980072,-0.0362902507185936,0.07115781307220459,0.3734411895275116,-0.05864068865776062,0.11760485172271729,0.4599372446537018,-0.08272671699523926,0.008975118398666382,0.22173228859901428,-0.09693731367588043,0.0,0.4351727068424225,-0.1311117261648178,0.0033225715160369873,0.5486215651035309,-0.14559338986873627,0.0054010748863220215,0.6383316814899445,-0.15310345590114594,0.09083813428878784,0.21773070096969604,-0.10858853906393051,0.096657395362854,0.4483710825443268,-0.14238032698631287,0.09942737221717834,0.5734275877475739,-0.14971017837524414,0.10274863243103027,0.6664555966854095,-0.15620309114456177,0.1672964096069336,0.2155914008617401,-0.11399081349372864,0.16037827730178833,0.4327406585216522,-0.14239539206027985,0.1382189393043518,0.41218802332878113,-0.1272602677345276,0.13005715608596802,0.3616463243961334,-0.11231084913015366,0.23237693309783936,0.21760541200637817,-0.11869316548109055,0.20527303218841553,0.376380056142807,-0.13756798207759857,0.18109792470932007,0.35775116086006165,-0.12101598083972931,0.172073096036911,0.3100808560848236,-0.10503680258989334
N,0.16602641344070435,0.0,4.5584454255731544e-07,0.07292291522026062,0.08819335699081421,-0.01223843451589346,0.03866225481033325,0.24624782800674438,-0.03907455876469612,0.07172587513923645,0.3840392827987671,-0.061879802495241165,0.11649265885353088,0.47359293699264526,-0.08626165986061096,0.00892689824104309,0.2234976887702942,-0.10128001868724823,0.0,0.4352085590362549,-0.13638627529144287,0.0024685561656951904,0.5484358072280884,-0.15143677592277527,0.003587186336517334,0.6389259099960327,-0.15958397090435028,0.09085965156555176,0.21786022186279297,-0.11261867731809616,0.09586399793624878,0.4501454830169678,-0.1464856117963791,0.09796491265296936,0.5749360918998718,-0.1533774435520172,0.1001814603805542,0.6678884625434875,-0.16007187962532043,0.1677592396736145,0.2146860659122467,-0.11769646406173706,0.1588730812072754,0.435339093208313,-0.14667187631130219,0.13656365871429443,0.414032518863678,-0.13092374801635742,0.12839895486831665,0.3622344732284546,-0.11593519896268845,0.23370927572250366,0.2161632478237152,-0.12219556421041489,0.20420199632644653,0.3743075728416443,-0.14254510402679443,0.17959916591644287,0.35385268926620483,-0.12655924260616302,0.17009317874908447,0.3059127926826477,-0.11112358421087265
N,0.16558623313903809,0.0,4.6720333557459526e-07,0.07271978259086609,0.08468478918075562,-0.012583521194756031,0.037809282541275024,0.23984023928642273,-0.03911598399281502,0.07003086805343628,0.3763498365879059,-0.06149361655116081,0.11484402418136597,0.4646998345851898,-0.0854739248752594,0.009007930755615234,0.2212277352809906,-0.10139915347099304,0.0,0.4337785542011261,-0.13585326075553894,0.002467930316925049,0.5472284853458405,-0.15011535584926605,0.003526538610458374,0.6394052803516388,-0.15785978734493256,0.0902147889137268,0.2175416648387909,-0.11248743534088135,0.09615471959114075,0.449308305978775,-0.14606310427188873,0.09854200482368469,0.5732050240039825,-0.15240365266799927,0.10117977857589722,0.6669365465641022,-0.158654123544693,0.16668277978897095,0.21504315733909607,-0.11731177568435669,0.1585465669631958,0.4324130713939667,-0.1467096209526062,0.1371346116065979,0.4054194986820221,-0.130385622382164,0.12994349002838135,0.35091742873191833,-0.11461260914802551,0.2322964072227478,0.21555635333061218,-0.12156382948160172,0.20331227779388428,0.372448593378067,-0.14218509197235107,0.1792891025543213,0.35022732615470886,-0.12592895328998566,0.17076274752616882,0.30268576741218567,-0.11014295369386673
N,0.16644009947776794,0.0,4.3869900423487707e-07,0.07404619455337524,0.08858510851860046,-0.010915936902165413,0.04134213924407959,0.2456786036491394,-0.038577016443014145,0.0756928026676178,0.38130438327789307,-0.06253837794065475,0.12258574366569519,0.4694732427597046,-0.08841627091169357,0.007255136966705322,0.21904081106185913,-0.103538379073143,0.0,0.4316790699958801,-0.13994100689888,0.0030333399772644043,0.5433539748191833,-0.15538126230239868,0.0041075944900512695,0.6320767998695374,-0.16359002888202667,0.08821031451225281,0.21008643507957458,-0.11660060286521912,0.09442198276519775,0.444857656955719,-0.1513347625732422,0.09618932008743286,0.5679156184196472,-0.15763425827026367,0.09789770841598511,0.6592293977737427,-0.16403575241565704,0.16556096076965332,0.20551049709320068,-0.12339144945144653,0.15834841132164001,0.4323463439941406,-0.15295733511447906,0.13661187887191772,0.40989530086517334,-0.13596919178962708,0.1284940242767334,0.35611873865127563,-0.12012922763824463,0.2326064109802246,0.20711588859558105,-0.12949708104133606,0.205921471118927,0.37421083450317383,-0.15024679899215698,0.18177279829978943,0.3556872010231018,-0.1335151195526123,0.1727420687675476,0.30738741159439087,-0.11762981861829758
N,0.16743731498718262,0.0,4.382049780815578e-07,0.07395219802856445,0.08790650963783264,-0.010606472380459309,0.038967251777648926,0.23938560485839844,-0.038453467190265656,0.06936168670654297,0.3734990656375885,-0.0625009834766388,0.1145825982093811,0.46034523844718933,-0.08865713328123093,0.010303646326065063,0.21404144167900085,-0.1040186807513237,0.0,0.4248295724391937,-0.13967768847942352,0.0025354623794555664,0.537334531545639,-0.1550201028585434,0.003559291362762451,0.6252568066120148,-0.16315264999866486,0.09192091226577759,0.20715153217315674,-0.11632154136896133,0.09657219052314758,0.43862292170524597,-0.15058492124080658,0.09751030802726746,0.5640957057476044,-0.15708166360855103,0.09854555130004883,0.6551885306835175,-0.1636965423822403,0.1689031422138214,0.20437267422676086,-0.12206558138132095,0.15980833768844604,0.42686226963996887,-0.14980390667915344,0.13688093423843384,0.4122461974620819,-0.13355398178100586,0.12839370965957642,0.3631628453731537,-0.1188121810555458,0.23482120037078857,0.2074512541294098,-0.127103790640831,0.20718422532081604,0.3710910975933075,-0.14598582684993744,0.182829350233078,0.35567501187324524,-0.12911370396614075,0.17367646098136902,0.30849507451057434,-0.11345013231039047
N,0.16553747653961182,0.0,4.5785299107592436e-07,0.07299616932868958,0.08515793085098267,-0.011011099442839622,0.03929045796394348,0.23723888397216797,-0.0389588326215744,0.07203274965286255,0.3712877333164215,-0.0629803016781807,0.11908891797065735,0.4570964276790619,-0.08901004493236542,0.010054737329483032,0.2112845480442047,-0.10457967966794968,0.0,0.42121973633766174,-0.13978414237499237,0.0022031664848327637,0.5318714678287506,-0.15438920259475708,0.002608001232147217,0.6198619902133942,-0.16223615407943726,0.09097063541412354,0.20478159189224243,-0.11679781973361969,0.09584560990333557,0.4367683231830597,-0.15103290975093842,0.09623989462852478,0.5607711374759674,-0.15694838762283325,0.0971078872680664,0.6531467735767365,-0.16327723860740662,0.1676689088344574,0.20188069343566895,-0.1224362701177597,0.1579551100730896,0.42321863770484924,-0.1506895124912262,0.13530641794204712,0.4011196196079254,-0.133514866232872,0.12790590524673462,0.34855034947395325,-0.11791446805000305,0.23352396488189697,0.20447269082069397,-0.12738314270973206,0.2043537199497223,0.36693355441093445,-0.14679720997810364,0.18022578954696655,0.34762606024742126,-0.1297616809606552,0.17253217101097107,0.29954251646995544,-0.11399451643228531
N,0.17018094658851624,0.0,4.57990978475209e-07,0.07584497332572937,0.08122634887695312,-0.012629729695618153,0.03903210163116455,0.23046791553497314,-0.04027043655514717,0.06845986843109131,0.36453911662101746,-0.06362614780664444,0.11337995529174805,0.45069047808647156,-0.08894485235214233,0.011742591857910156,0.20378297567367554,-0.10626143962144852,0.0,0.4136669337749481,-0.14130522310733795,0.0024022161960601807,0.5235337913036346,-0.1553344428539276,0.0028381943702697754,0.6102078855037689,-0.16270773112773895,0.09294217824935913,0.19957789778709412,-0.11753366142511368,0.09643074870109558,0.4316939413547516,-0.1514740288257599,0.09513458609580994,0.5551031529903412,-0.157255619764328,0.09440368413925171,0.6450292766094208,-0.1636216640472412,0.16937467455863953,0.19920438528060913,-0.12249407917261124,0.15854015946388245,0.42263898253440857,-0.15114375948905945,0.13609471917152405,0.4013970196247101,-0.1351342648267746,0.1295139193534851,0.346405953168869,-0.12023381888866425,0.23414912819862366,0.20474344491958618,-0.12684181332588196,0.20517149567604065,0.3684637248516083,-0.14773832261562347,0.18086743354797363,0.3495471775531769,-0.13249900937080383,0.17357054352760315,0.29951998591423035,-0.11777543276548386
N,0.1694571077823639,0.0,4.441226622020622e-07,0.07580530643463135,0.07999446988105774,-0.011516248807311058,0.038137972354888916,0.22698837518692017,-0.039120014756917953,0.06818649172782898,0.3609062135219574,-0.06257591396570206,0.11327144503593445,0.4470537006855011,-0.08819615095853806,0.0123940110206604,0.20372167229652405,-0.10527362674474716,0.0,0.4151165783405304,-0.13995663821697235,0.002605617046356201,0.526749461889267,-0.15425485372543335,0.003936678171157837,0.6147474944591522,-0.16190050542354584,0.0930992066860199,0.2006727159023285,-0.1167241632938385,0.09617963433265686,0.4308505952358246,-0.1499863713979721,0.09548783302307129,0.5528300702571869,-0.155710369348526,0.09544381499290466,0.6413922607898712,-0.16207198798656464,0.1688973307609558,0.20133239030838013,-0.12165398895740509,0.1581314504146576,0.4191313683986664,-0.14808551967144012,0.1371004581451416,0.39717337489128113,-0.130840003490448,0.1316395401954651,0.3435584604740143,-0.11572375148534775,0.23343467712402344,0.2078833281993866,-0.12602834403514862,0.20622003078460693,0.367754191160202,-0.14410430192947388,0.18409046530723572,0.34841015934944153,-0.12708979845046997,0.1783408522605896,0.29943910241127014,-0.11155650019645691
N,0.17024025321006775,0.0,4.271285263257596e-07,0.07463517785072327,0.0829738974571228,-0.011773996986448765,0.03801211714744568,0.2360914945602417,-0.0379173569381237,0.06630504131317139,0.372223436832428,-0.059671659022569656,0.10817047953605652,0.46265333890914917,-0.08346708118915558,0.011411994695663452,0.20894482731819153,-0.10251880437135696,0.0,0.4152887463569641,-0.1363505721092224,0.0016874074935913086,0.5258554220199585,-0.15037579834461212,0.0018201768398284912,0.6123729348182678,-0.15767315030097961,0.09307822585105896,0.20655512809753418,-0.11306551843881607,0.09526890516281128,0.43369215726852417,-0.14508545398712158,0.09333950281143188,0.5559062361717224,-0.15076962113380432,0.0925295352935791,0.6427904963493347,-0.15710778534412384,0.16941070556640625,0.2075495421886444,-0.11736485362052917,0.15589630603790283,0.4274829626083374,-0.14307525753974915,0.13272511959075928,0.4129372239112854,-0.12796883285045624,0.1262282133102417,0.362152636051178,-0.11437574774026871,0.23373490571975708,0.21389669179916382,-0.12101497501134872,0.20379358530044556,0.3774567246437073,-0.13886569440364838,0.17879992723464966,0.362906277179718,-0.12358399480581284,0.1712999939918518,0.3157568573951721,-0.109296515583992
N,0.1691974401473999,0.0,4.221215590405336e-07,0.07486021518707275,0.08222347497940063,-0.011187940835952759,0.03845691680908203,0.23560279607772827,-0.03822547197341919,0.06752803921699524,0.3698986768722534,-0.061315227299928665,0.1112997829914093,0.4581279754638672,-0.08655139803886414,0.010777175426483154,0.20793205499649048,-0.10436342656612396,0.0,0.41571974754333496,-0.13857825100421906,0.0023336410522460938,0.5249418020248413,-0.15215079486370087,0.0024505555629730225,0.611985981464386,-0.15942825376987457,0.09214058518409729,0.2045568823814392,-0.1167123019695282,0.0948229432106018,0.4342193007469177,-0.1495780348777771,0.09396502375602722,0.5554490089416504,-0.15478307008743286,0.094278484582901,0.644262433052063,-0.16106688976287842,0.1690438985824585,0.20435088872909546,-0.12270592153072357,0.1562739610671997,0.42590653896331787,-0.15048417448997498,0.13362419605255127,0.39922940731048584,-0.1334691345691681,0.12802952527999878,0.34170347452163696,-0.11824937164783478,0.2344808578491211,0.20884037017822266,-0.1280006617307663,0.20374947786331177,0.3750683069229126,-0.1477680653333664,0.17991644144058228,0.35245972871780396,-0.13129651546478271,0.17483735084533691,0.2998780310153961,-0.11608368158340454
N,0.16640329360961914,0.0,4.3331087340447993e-07,0.07495030760765076,0.07990872859954834,-0.012197990901768208,0.037240564823150635,0.22697663307189941,-0.04033280164003372,0.06361699104309082,0.3615018129348755,-0.06405799090862274,0.10620105266571045,0.45074301958084106,-0.08987811952829361,0.0101604163646698,0.20356184244155884,-0.10599557310342789,0.0,0.4118531346321106,-0.14208732545375824,0.0019041001796722412,0.5220191478729248,-0.1575532853603363,0.0026240646839141846,0.6088302135467529,-0.1658259928226471,0.09010663628578186,0.19815418124198914,-0.1173647791147232,0.09497159719467163,0.4281798005104065,-0.15156172215938568,0.09525749087333679,0.5490496754646301,-0.1572718620300293,0.09588754177093506,0.6364871263504028,-0.16365519165992737,0.16585543751716614,0.19694894552230835,-0.12250562012195587,0.15433672070503235,0.4197823405265808,-0.15090623497962952,0.13502848148345947,0.4011434316635132,-0.13388237357139587,0.13034024834632874,0.3488118648529053,-0.11858402192592621,0.23092901706695557,0.20140737295150757,-0.12708353996276855,0.2028447687625885,0.3638119697570801,-0.147280752658844,0.1802099347114563,0.3475278615951538,-0.13136933743953705,0.17364487051963806,0.30086225271224976,-0.11634857952594757
N,0.16539323329925537,0.0,4.260329262706364e-07,0.07561561465263367,0.08137980103492737,-0.012929433025419712,0.04033100605010986,0.23070630431175232,-0.041024353355169296,0.06904438138008118,0.36655762791633606,-0.06467493623495102,0.11328592896461487,0.45582541823387146,-0.09020913392305374,0.010174334049224854,0.2044096291065216,-0.10481632500886917,0.0,0.4132203757762909,-0.14004826545715332,0.001962423324584961,0.524016946554184,-0.1548791527748108,0.0021820366382598877,0.6108765304088593,-0.16285136342048645,0.08971500396728516,0.19823145866394043,-0.1157524436712265,0.0952407717704773,0.42871007323265076,-0.14973953366279602,0.0954560935497284,0.5504121482372284,-0.15593212842941284,0.09515586495399475,0.6377411186695099,-0.16260051727294922,0.16472464799880981,0.196598619222641,-0.12058675289154053,0.1528284251689911,0.4200778901576996,-0.14926369488239288,0.1330176293849945,0.4040609300136566,-0.13386715948581696,0.12783625721931458,0.3523573577404022,-0.11946220695972443,0.22869884967803955,0.20204433798789978,-0.12485744804143906,0.19985151290893555,0.3654043972492218,-0.14588212966918945,0.17696040868759155,0.35130491852760315,-0.13160929083824158,0.17001274228096008,0.3047635853290558,-0.11756578832864761
N,0.16448312997817993,0.0,4.2148920442741655e-07,0.07269400358200073,0.08288988471031189,-0.012205575592815876,0.0376242995262146,0.23268327116966248,-0.039283398538827896,0.06721675395965576,0.36819013953208923,-0.06213973090052605,0.11145836114883423,0.4560183584690094,-0.08684244006872177,0.008963912725448608,0.20442542433738708,-0.10299929976463318,0.0,0.4127146303653717,-0.13800695538520813,0.0019226670265197754,0.5234085023403168,-0.15267163515090942,0.0020246505737304688,0.6112094819545746,-0.1604274958372116,0.08896470069885254,0.20115414261817932,-0.11393380165100098,0.09383922815322876,0.43033894896507263,-0.14822928607463837,0.09454584121704102,0.5522229373455048,-0.15407896041870117,0.09590703248977661,0.6410524547100067,-0.15999352931976318,0.1644001007080078,0.2019478678703308,-0.11870148032903671,0.15455615520477295,0.4212547242641449,-0.14655546844005585,0.1335677206516266,0.4007233679294586,-0.12959952652454376,0.12806138396263123,0.34812816977500916,-0.1138877347111702,0.22889459133148193,0.20903941988945007,-0.12299950420856476,0.2008894979953766,0.3723667562007904,-0.14194101095199585,0.1780451238155365,0.3558978736400604,-0.1255328506231308,0.17162740230560303,0.3083430230617523,-0.11001749336719513
N,0.16389864683151245,0.0,4.393077972508763e-07,0.07228133082389832,0.08132034540176392,-0.010686775669455528,0.03632327914237976,0.2275473177433014,-0.03758372738957405,0.06513538956642151,0.35891568660736084,-0.06068561598658562,0.10999277234077454,0.4440646767616272,-0.08594629913568497,0.009450733661651611,0.20466402173042297,-0.10239890962839127,0.0,0.41112440824508667,-0.13757507503032684,0.001988321542739868,0.5204865336418152,-0.1524065136909485,0.00247761607170105,0.6082106828689575,-0.16035422682762146,0.08881646394729614,0.20208552479743958,-0.11451498419046402,0.09278297424316406,0.4292065501213074,-0.14880166947841644,0.09407413005828857,0.5504089593887329,-0.15439298748970032,0.09607112407684326,0.6402467489242554,-0.16019763052463531,0.16473275423049927,0.20236104726791382,-0.12034568190574646,0.15476694703102112,0.41876929998397827,-0.14819782972335815,0.13571369647979736,0.3957027196884155,-0.130183145403862,0.13131532073020935,0.34237080812454224,-0.1137707307934761,0.2305041253566742,0.20728027820587158,-0.12562426924705505,0.20211058855056763,0.3679339289665222,-0.14413416385650635,0.17996910214424133,0.3505656123161316,-0.1266179233789444,0.17381152510643005,0.303790807723999,-0.1104082465171814
N,0.16763055324554443,0.0,4.551937706764875e-07,0.07544320821762085,0.07640072703361511,-0.015496850945055485,0.035631537437438965,0.22038352489471436,-0.04489141330122948,0.05881837010383606,0.3505116403102875,-0.06905307620763779,0.09930714964866638,0.43678590655326843,-0.09507448971271515,0.009708553552627563,0.19784215092658997,-0.11236734688282013,0.0,0.40684905648231506,-0.14887064695358276,0.0016045868396759033,0.5171287357807159,-0.16342389583587646,0.001318603754043579,0.6052535474300385,-0.1709054410457611,0.08944663405418396,0.19233715534210205,-0.12213524430990219,0.09526962041854858,0.42247071862220764,-0.15875323116779327,0.09544581174850464,0.5441034734249115,-0.16422779858112335,0.0953262448310852,0.632615476846695,-0.169602170586586,0.1650565266609192,0.19308707118034363,-0.12560436129570007,0.15260684490203857,0.4152425229549408,-0.1556318998336792,0.13173699378967285,0.39707455039024353,-0.1381460428237915,0.12613707780838013,0.34507235884666443,-0.12162711471319199,0.22947266697883606,0.2010287046432495,-0.1287197470664978,0.19797292351722717,0.36713549494743347,-0.1491246074438095,0.17445722222328186,0.3526565730571747,-0.13262110948562622,0.16780850291252136,0.3068259060382843,-0.11680401861667633
N,0.1663111448287964,0.0,4.1811682649495197e-07,0.07475680112838745,0.07925531268119812,-0.013696420006453991,0.03740668296813965,0.22573313117027283,-0.042401839047670364,0.06388279795646667,0.3581770360469818,-0.06648267805576324,0.10596305131912231,0.4453299343585968,-0.09260944277048111,0.01016649603843689,0.20042330026626587,-0.10766910761594772,0.0,0.41012170910835266,-0.14313890039920807,0.0018632113933563232,0.5223386585712433,-0.1582629531621933,0.0019299983978271484,0.6118388473987579,-0.16666090488433838,0.09030148386955261,0.19560962915420532,-0.11837057024240494,0.09542924165725708,0.4266773760318756,-0.15253056585788727,0.09471631050109863,0.5477304756641388,-0.15832814574241638,0.09388077259063721,0.6348570883274078,-0.16486725211143494,0.16590189933776855,0.19628694653511047,-0.12286166101694107,0.15322774648666382,0.4204181730747223,-0.15151500701904297,0.1325703263282776,0.3995678126811981,-0.13486254215240479,0.12783601880073547,0.3446919023990631,-0.11976061761379242,0.23013263940811157,0.2043837308883667,-0.12692420184612274,0.19958972930908203,0.3689798414707184,-0.14838851988315582,0.17635613679885864,0.35117819905281067,-0.13326282799243927,0.170299232006073,0.3020913302898407,-0.11860854178667068
N,0.16679176688194275,0.0,4.1928521454792644e-07,0.07357999682426453,0.0791749656200409,-0.012417973950505257,0.03354912996292114,0.22133275866508484,-0.03943948447704315,0.056239306926727295,0.3513573110103607,-0.06215705722570419,0.09764888882637024,0.43681707978248596,-0.08674280345439911,0.010302484035491943,0.2002851665019989,-0.10306591540575027,0.0,0.40715619921684265,-0.13758470118045807,0.0023774802684783936,0.517555445432663,-0.15193432569503784,0.002853989601135254,0.6040320098400116,-0.1594409942626953,0.08974149823188782,0.19632580876350403,-0.11385263502597809,0.09445899724960327,0.4258265197277069,-0.14726769924163818,0.0943031907081604,0.5472958981990814,-0.15318380296230316,0.09373340010643005,0.6337927281856537,-0.15927967429161072,0.16485419869422913,0.19733461737632751,-0.11853247135877609,0.15221118927001953,0.41643258929252625,-0.1459309309720993,0.13107377290725708,0.40088871121406555,-0.1301882117986679,0.12484577298164368,0.35050901770591736,-0.11567375063896179,0.22878646850585938,0.20544439554214478,-0.1227487176656723,0.19782331585884094,0.365482896566391,-0.14197100698947906,0.17414814233779907,0.35172244906425476,-0.12665876746177673,0.16665127873420715,0.3068437874317169,-0.11205599457025528
N,0.16404211521148682,0.0,4.282604777472443e-07,0.07153835892677307,0.08070164918899536,-0.013408584520220757,0.03336608409881592,0.22340068221092224,-0.04230524227023125,0.05495268106460571,0.35221347212791443,-0.06619831174612045,0.09086674451828003,0.44053706526756287,-0.09226197004318237,0.010065048933029175,0.1973869502544403,-0.11209256201982498,0.0,0.40464624762535095,-0.14803804457187653,0.0015985071659088135,0.5156095921993256,-0.1626015603542328,0.0019328296184539795,0.6025184690952301,-0.16993524134159088,0.09060817956924438,0.18930888175964355,-0.12198290973901749,0.09496369957923889,0.41887786984443665,-0.1575101613998413,0.09449106454849243,0.5421483218669891,-0.16289691627025604,0.09382978081703186,0.6293075978755951,-0.1685086190700531,0.16599974036216736,0.1893085539340973,-0.12526068091392517,0.15137577056884766,0.41328349709510803,-0.1536051481962204,0.12802907824516296,0.40289708971977234,-0.13717934489250183,0.1207415759563446,0.3542949855327606,-0.12205968797206879,0.2293395698070526,0.198510080575943,-0.12787500023841858,0.19741401076316833,0.3672199547290802,-0.14770007133483887,0.17163562774658203,0.3562130630016327,-0.13196302950382233,0.16242334246635437,0.3109114468097687,-0.11687485873699188
N,0.16337749361991882,0.0,4.3255437276457087e-07,0.07087549567222595,0.07802924513816833,-0.013455372303724289,0.03190925717353821,0.21783024072647095,-0.04156460613012314,0.05243226885795593,0.34506669640541077,-0.0647115558385849,0.08762651681900024,0.4311893880367279,-0.0898255854845047,0.010578751564025879,0.19416382908821106,-0.11080683022737503,0.0,0.4012775719165802,-0.14590878784656525,0.0013814270496368408,0.5120140016078949,-0.15962804853916168,0.001525193452835083,0.5991529524326324,-0.16642022132873535,0.09060773253440857,0.18781790137290955,-0.12032142281532288,0.09459328651428223,0.41566649079322815,-0.1559571921825409,0.09431871771812439,0.5385055840015411,-0.16121947765350342,0.09452351927757263,0.626002699136734,-0.16641837358474731,0.1651603877544403,0.18918010592460632,-0.12323497980833054,0.15035119652748108,0.40944144129753113,-0.15176686644554138,0.12669044733047485,0.39553549885749817,-0.13531696796417236,0.12005060911178589,0.3450353443622589,-0.1197555810213089,0.22740265727043152,0.19932422041893005,-0.1255262792110443,0.1948305070400238,0.36631259322166443,-0.14544235169887543,0.16875821352005005,0.35365578532218933,-0.1298685371875763,0.1600862443447113,0.30715152621269226,-0.11464770883321762
N,0.1597329080104828,0.0,4.346714490566228e-07,0.069338858127594,0.0794638991355896,-0.011810746975243092,0.03071233630180359,0.21667253971099854,-0.039072465151548386,0.052055299282073975,0.34046733379364014,-0.06205930560827255,0.09092485904693604,0.42300695180892944,-0.08717884868383408,0.010144919157028198,0.20005103945732117,-0.10565989464521408,0.0,0.40430140495300293,-0.13978888094425201,0.00272408127784729,0.5130804777145386,-0.15349312126636505,0.003364861011505127,0.5974727869033813,-0.16037887334823608,0.09003415703773499,0.19259795546531677,-0.11603610962629318,0.09642672538757324,0.4186675548553467,-0.15003924071788788,0.09577241539955139,0.5392694473266602,-0.1558462232351303,0.0941738486289978,0.6253947019577026,-0.16158939898014069,0.1647675633430481,0.191324383020401,-0.11992421746253967,0.15218830108642578,0.40809905529022217,-0.14673756062984467,0.12721523642539978,0.39683717489242554,-0.13133206963539124,0.11752352118492126,0.3501207232475281,-0.11709295213222504,0.22709587216377258,0.1976032853126526,-0.12315832078456879,0.196049302816391,0.35714030265808105,-0.1414216160774231,0.16987064480781555,0.3484865427017212,-0.12621797621250153,0.1594734489917755,0.307623028755188,-0.11175340414047241
N,0.16182658076286316,0.0,4.6609866899416375e-07,0.07072076201438904,0.0765034556388855,-0.014687752351164818,0.0321175754070282,0.21480467915534973,-0.04216259345412254,0.053478121757507324,0.3406772315502167,-0.06472787261009216,0.09252467751502991,0.4228162467479706,-0.0890425443649292,0.010254979133605957,0.19627723097801208,-0.10705442726612091,0.0,0.40259674191474915,-0.1408325731754303,0.0028551816940307617,0.5113252103328705,-0.15354852378368378,0.0033127665519714355,0.5965401232242584,-0.15970665216445923,0.09010794758796692,0.19082453846931458,-0.11587288230657578,0.09594741463661194,0.41780295968055725,-0.15049435198307037,0.09557756781578064,0.5386500656604767,-0.15632614493370056,0.09393063187599182,0.6261411011219025,-0.16163921356201172,0.16425272822380066,0.19151917099952698,-0.11844109743833542,0.14984938502311707,0.40778717398643494,-0.14634975790977478,0.12507233023643494,0.39681699872016907,-0.13149823248386383,0.11568903923034668,0.3507194221019745,-0.11701402068138123,0.22532710433006287,0.19999009370803833,-0.12053924053907394,0.19366660714149475,0.36055490374565125,-0.13944107294082642,0.16705065965652466,0.3523753583431244,-0.1248791441321373,0.15672871470451355,0.3125440180301666,-0.11063965409994125
N,0.15644481778144836,0.0,4.3913516378779605e-07,0.06756645441055298,0.08048519492149353,-0.01271458063274622,0.030345052480697632,0.22152718901634216,-0.04068078100681305,0.052190035581588745,0.3474225699901581,-0.06414724886417389,0.09038317203521729,0.429500550031662,-0.08966723829507828,0.008350491523742676,0.19913077354431152,-0.10707761347293854,0.0,0.40472176671028137,-0.14171814918518066,0.0026798248291015625,0.5138197839260101,-0.15568828582763672,0.0037959516048431396,0.5999621450901031,-0.1628675013780594,0.08680090308189392,0.18979045748710632,-0.11796066164970398,0.09314486384391785,0.4172345697879791,-0.15213944017887115,0.09409394860267639,0.5388297736644745,-0.1579144150018692,0.09460008144378662,0.6264899671077728,-0.1638687700033188,0.16092434525489807,0.18781116604804993,-0.12249134480953217,0.15054011344909668,0.40646883845329285,-0.1507057398557663,0.1272341012954712,0.39098963141441345,-0.13494454324245453,0.11870431900024414,0.3410010039806366,-0.12034518271684647,0.22409692406654358,0.1947714388370514,-0.12645292282104492,0.19470036029815674,0.35790136456489563,-0.14677739143371582,0.16974684596061707,0.34488680958747864,-0.1317952573299408,0.16067951917648315,0.3010624349117279,-0.11743449419736862
N,0.15492486953735352,0.0,4.493465155519516e-07,0.06677863001823425,0.08094578981399536,-0.01255053747445345,0.031068265438079834,0.22283944487571716,-0.039771705865859985,0.05590420961380005,0.347789466381073,-0.06271546334028244,0.09632185101509094,0.42665743827819824,-0.08771643787622452,0.008524775505065918,0.20005887746810913,-0.10436147451400757,0.0,0.4040372967720032,-0.13812261819839478,0.0024296045303344727,0.511741042137146,-0.15160073339939117,0.0028784573078155518,0.5975454449653625,-0.15863671898841858,0.08603811264038086,0.1912449598312378,-0.11520426720380783,0.09276646375656128,0.4174496531486511,-0.1485927850008011,0.09356275200843811,0.538074791431427,-0.15451443195343018,0.0939120352268219,0.626514732837677,-0.16060270369052887,0.15944084525108337,0.1889740526676178,-0.11978278309106827,0.1490413248538971,0.4059104323387146,-0.14792363345623016,0.12547960877418518,0.3887290954589844,-0.1328439563512802,0.11678516864776611,0.3385472297668457,-0.11850904673337936,0.22208446264266968,0.19530940055847168,-0.12377262115478516,0.19305911660194397,0.35762953758239746,-0.144304096698761,0.16767403483390808,0.3443745970726013,-0.12998467683792114,0.15847885608673096,0.30098897218704224,-0.11602430045604706
N,0.15773075819015503,0.0,4.889010369879543e-07,0.06768178939819336,0.07879230380058289,-0.015417727641761303,0.029408246278762817,0.21495091915130615,-0.04333934560418129,0.048953503370285034,0.33739402890205383,-0.06644342094659805,0.08591610193252563,0.41732296347618103,-0.09138228744268417,0.009134531021118164,0.19381824135780334,-0.10629145801067352,0.0,0.3957493007183075,-0.14106835424900055,0.0011402666568756104,0.5026412904262543,-0.15567085146903992,0.0008130967617034912,0.5873214304447174,-0.16314458847045898,0.08735862374305725,0.18624770641326904,-0.11519557237625122,0.09280222654342651,0.4081478416919708,-0.1498568207025528,0.09264633059501648,0.5285458862781525,-0.15648728609085083,0.09184277057647705,0.6150182783603668,-0.1625763177871704,0.16081765294075012,0.18531396985054016,-0.11816234141588211,0.14813226461410522,0.4003315269947052,-0.14627037942409515,0.12469589710235596,0.3943481743335724,-0.13227008283138275,0.1154274046421051,0.3510589301586151,-0.11868094652891159,0.22229275107383728,0.19307157397270203,-0.12084868550300598,0.19230255484580994,0.3515245020389557,-0.1407049000263214,0.16593554615974426,0.34561315178871155,-0.12699107825756073,0.15471071004867554,0.30778685212135315,-0.11341860890388489
N,0.15867546200752258,0.0,4.6766680839027686e-07,0.06926089525222778,0.078448086977005,-0.013624148443341255,0.02965313196182251,0.21247681975364685,-0.040978025645017624,0.04640650749206543,0.33395323157310486,-0.06382720917463303,0.07901191711425781,0.4157296121120453,-0.08889316022396088,0.0094013512134552,0.1951819360256195,-0.10536743700504303,0.0,0.396188884973526,-0.14024098217487335,0.0011729001998901367,0.5037957727909088,-0.15516731142997742,0.0013887584209442139,0.5882571637630463,-0.1627635955810547,0.08741188049316406,0.18642279505729675,-0.1152222529053688,0.09268394112586975,0.4080487787723541,-0.14972448348999023,0.09286457300186157,0.5286650955677032,-0.15651562809944153,0.09230118989944458,0.6136328279972076,-0.16266758739948273,0.1611444652080536,0.18386659026145935,-0.11901015043258667,0.15011674165725708,0.39833864569664,-0.1468503475189209,0.12721285223960876,0.39561763405799866,-0.13322648406028748,0.11763861775398254,0.3535103499889374,-0.11999281495809555,0.2236461043357849,0.1900927722454071,-0.12228251248598099,0.19506120681762695,0.34947362542152405,-0.14202113449573517,0.1695694923400879,0.34496191143989563,-0.12815216183662415,0.15797275304794312,0.30662116408348083,-0.11434978246688843
N,0.1634485125541687,0.0,4.1585681742617453e-07,0.0735383927822113,0.07766085863113403,-0.011923718266189098,0.03256544470787048,0.21400880813598633,-0.03800992667675018,0.04856997728347778,0.3393104672431946,-0.05992146581411362,0.08057758212089539,0.42468589544296265,-0.08414117991924286,0.008079499006271362,0.19858020544052124,-0.10095161944627762,0.0,0.39765745401382446,-0.13554421067237854,0.0023050904273986816,0.5045744180679321,-0.1509941667318344,0.00296899676322937,0.5890846848487854,-0.15926451981067657,0.08561304211616516,0.19111305475234985,-0.11204949766397476,0.09235182404518127,0.41352957487106323,-0.14478260278701782,0.0936146080493927,0.5323043465614319,-0.15138834714889526,0.09318268299102783,0.6176174283027649,-0.15804415941238403,0.1606416404247284,0.18804043531417847,-0.1172434538602829,0.15457990765571594,0.40159374475479126,-0.14468872547149658,0.1355709433555603,0.38743746280670166,-0.13000018894672394,0.12781193852424622,0.3391048312187195,-0.11642345041036606,0.22555282711982727,0.19192415475845337,-0.12187693268060684,0.20038089156150818,0.34882718324661255,-0.14251956343650818,0.17973920702934265,0.33541518449783325,-0.1280604749917984,0.17139163613319397,0.2924899160861969,-0.11383289098739624
N,0.16514092683792114,0.0,3.9424469377991045e-07,0.07432430982589722,0.07537457346916199,-0.013944382779300213,0.03286081552505493,0.21270635724067688,-0.04162302985787392,0.04907935857772827,0.3395483195781708,-0.06441552191972733,0.08215907216072083,0.4272899329662323,-0.08923843502998352,0.009208142757415771,0.19350942969322205,-0.1076001450419426,0.0,0.39902064204216003,-0.14265069365501404,0.0029112696647644043,0.5091499388217926,-0.15728284418582916,0.003928869962692261,0.5954662263393402,-0.16490884125232697,0.08798298239707947,0.18611076474189758,-0.11705643683671951,0.09484684467315674,0.412004679441452,-0.15100638568401337,0.09576764702796936,0.5323345959186554,-0.15685810148715973,0.09515106678009033,0.6172944009304047,-0.16304755210876465,0.16223964095115662,0.18649286031723022,-0.12041718512773514,0.1517549753189087,0.40338435769081116,-0.14808011054992676,0.129562109708786,0.3922457993030548,-0.13300684094429016,0.12111255526542664,0.34546205401420593,-0.1192716658115387,0.22527849674224854,0.1962270736694336,-0.12332023680210114,0.19510573148727417,0.3557247221469879,-0.1437346190214157,0.17024454474449158,0.3455762565135956,-0.1298244148492813,0.15951550006866455,0.3047282099723816,-0.11623156815767288
N,0.16242077946662903,0.0,3.6096707844990306e-07,0.07277452945709229,0.07933264970779419,-0.011386880651116371,0.03259292244911194,0.21708256006240845,-0.03870207816362381,0.04908710718154907,0.3446301817893982,-0.06169616058468819,0.08081057667732239,0.4326029419898987,-0.08717460185289383,0.009434431791305542,0.1944003701210022,-0.106365866959095,0.0,0.39820295572280884,-0.14149107038974762,0.0030758678913116455,0.5092360973358154,-0.1565319150686264,0.004501909017562866,0.5956494808197021,-0.16435857117176056,0.08778858184814453,0.1825629472732544,-0.11724858731031418,0.09442320466041565,0.411781907081604,-0.1498383730649948,0.09501370787620544,0.5348193645477295,-0.1552722305059433,0.09484237432479858,0.619410514831543,-0.16138099133968353,0.16148459911346436,0.17878657579421997,-0.12178116291761398,0.15130627155303955,0.40196096897125244,-0.14840631186962128,0.1287253201007843,0.39890605211257935,-0.1331753134727478,0.11973634362220764,0.35559290647506714,-0.1195436492562294,0.22443678975105286,0.1849837303161621,-0.1256256103515625,0.1964266300201416,0.34982800483703613,-0.14627572894096375,0.1729278564453125,0.3427295684814453,-0.13200515508651733,0.16375431418418884,0.30003970861434937,-0.1178935319185257
N,0.16297820210456848,0.0,3.8898980392332305e-07,0.07441794872283936,0.07640305161476135,-0.012710683979094028,0.032207638025283813,0.20938682556152344,-0.03922383859753609,0.04599681496620178,0.33509930968284607,-0.06120210886001587,0.07370725274085999,0.4230765998363495,-0.08496040105819702,0.01007986068725586,0.19299539923667908,-0.10390754044055939,0.0,0.3975296914577484,-0.13894836604595184,0.0037770867347717285,0.507777065038681,-0.15353691577911377,0.00568842887878418,0.5933069288730621,-0.1606723964214325,0.08863705396652222,0.18644189834594727,-0.11309777200222015,0.09415623545646667,0.41117021441459656,-0.14634175598621368,0.09437721967697144,0.5312621295452118,-0.15166740119457245,0.09263107180595398,0.616127997636795,-0.15696115791797638,0.16135501861572266,0.18703871965408325,-0.1163797602057457,0.14968451857566833,0.39863333106040955,-0.14249098300933838,0.12909981608390808,0.39323869347572327,-0.12697482109069824,0.121235191822052,0.3511696755886078,-0.1126183345913887,0.22244343161582947,0.19657883048057556,-0.11929603666067123,0.19175812602043152,0.35395893454551697,-0.13747815787792206,0.16768786311149597,0.35321155190467834,-0.12319126725196838,0.15690574049949646,0.3203599750995636,-0.10923521220684052
N,0.16165965795516968,0.0,4.1372447867615847e-07,0.07043984532356262,0.0801803469657898,-0.014572725631296635,0.030833810567855835,0.21959391236305237,-0.04379112645983696,0.04825374484062195,0.3471393585205078,-0.0677567645907402,0.08192262053489685,0.43528908491134644,-0.09396113455295563,0.007952183485031128,0.1897018551826477,-0.111798495054245,0.0,0.3939627408981323,-0.14892104268074036,0.002756059169769287,0.5048539638519287,-0.16486689448356628,0.004203468561172485,0.5909295082092285,-0.17282764613628387,0.08803898096084595,0.17792701721191406,-0.12115120887756348,0.09615671634674072,0.40663623809814453,-0.15609292685985565,0.09594020247459412,0.5303343534469604,-0.16155476868152618,0.09470140933990479,0.6139935255050659,-0.16708318889141083,0.16273584961891174,0.176412433385849,-0.12439770996570587,0.15174773335456848,0.40165555477142334,-0.1519528478384018,0.1284962296485901,0.4082906246185303,-0.1363000124692917,0.11886316537857056,0.3712623715400696,-0.12190450727939606,0.22544091939926147,0.1860644817352295,-0.12725438177585602,0.19558268785476685,0.3528912663459778,-0.14732176065444946,0.16895157098770142,0.35344427824020386,-0.1328682005405426,0.15707263350486755,0.31715381145477295,-0.11855902522802353
N,0.15968167781829834,0.0,3.644492494458973e-07,0.0718720555305481,0.0779837965965271,-0.0123739093542099,0.03319144248962402,0.21489351987838745,-0.0393250435590744,0.051636695861816406,0.34162795543670654,-0.06187044456601143,0.08287805318832397,0.42810308933258057,-0.08634309470653534,0.009367704391479492,0.19274377822875977,-0.10405852645635605,0.0,0.39362460374832153,-0.13871373236179352,0.003293335437774658,0.5024656057357788,-0.15345722436904907,0.004437744617462158,0.5881084203720093,-0.16140605509281158,0.08780589699745178,0.18467417359352112,-0.11432063579559326,0.09457644820213318,0.41014331579208374,-0.14610092341899872,0.09551537036895752,0.5300688743591309,-0.15124793350696564,0.09640190005302429,0.6155151128768921,-0.1574452817440033,0.16158011555671692,0.1818801462650299,-0.11849690973758698,0.15252739191055298,0.3925638794898987,-0.1447519212961197,0.13061010837554932,0.37378162145614624,-0.12857946753501892,0.12368139624595642,0.3234179615974426,-0.11451300233602524,0.2245044708251953,0.1867884397506714,-0.1222359836101532,0.19600388407707214,0.33888524770736694,-0.14232179522514343,0.17304864525794983,0.32478076219558716,-0.1278206706047058,0.16477131843566895,0.2832484245300293,-0.11402390897274017
N,0.15631216764450073,0.0,4.245794400503655e-07,0.06935855746269226,0.07890516519546509,-0.01365010067820549,0.03150102496147156,0.2157091498374939,-0.04296281561255455,0.04998904466629028,0.3388316035270691,-0.06745801866054535,0.08503177762031555,0.4223724603652954,-0.09420830011367798,0.006919056177139282,0.18924161791801453,-0.11114266514778137,0.0,0.393835186958313,-0.14701667428016663,0.0029984712600708008,0.5027909278869629,-0.16198056936264038,0.004146695137023926,0.5885704159736633,-0.16987404227256775,0.08568698167800903,0.1788034737110138,-0.12186096608638763,0.09182065725326538,0.40683984756469727,-0.15570932626724243,0.09318739175796509,0.5281041264533997,-0.16105282306671143,0.09377554059028625,0.6130642294883728,-0.16713698208332062,0.15986976027488708,0.17512765526771545,-0.12620091438293457,0.15033379197120667,0.39346224069595337,-0.15350466966629028,0.1291167140007019,0.3816371560096741,-0.13695278763771057,0.12149807810783386,0.33271878957748413,-0.1225261390209198,0.22301876544952393,0.18095651268959045,-0.13009539246559143,0.19481787085533142,0.34211236238479614,-0.15016965568065643,0.17160522937774658,0.3307793140411377,-0.1347724050283432,0.1631910502910614,0.28731176257133484,-0.12042903900146484
N,0.16131120920181274,0.0,4.0965014136418176e-07,0.07160946726799011,0.07503336668014526,-0.015450352802872658,0.03095337748527527,0.2111416459083557,-0.04342249408364296,0.04820209741592407,0.33617913722991943,-0.06608162075281143,0.08020159602165222,0.42222172021865845,-0.09058434516191483,0.009033769369125366,0.18797510862350464,-0.10876122117042542,0.0,0.3904319405555725,-0.14502158761024475,0.003519207239151001,0.5007052421569824,-0.1604534238576889,0.005639553070068359,0.5873558521270752,-0.1684042513370514,0.08794984221458435,0.18190103769302368,-0.11715482175350189,0.09637320041656494,0.40626299381256104,-0.15157325565814972,0.09754863381385803,0.5260418057441711,-0.15751926600933075,0.09744411706924438,0.6108480095863342,-0.16363196074962616,0.16142991185188293,0.18330296874046326,-0.11964818835258484,0.1530601978302002,0.39724522829055786,-0.14772334694862366,0.13145262002944946,0.38351911306381226,-0.1325719952583313,0.12378272414207458,0.3349224328994751,-0.11850696802139282,0.2234746515750885,0.19344204664230347,-0.12188559025526047,0.19396930932998657,0.35109543800354004,-0.14289490878582,0.1705346405506134,0.3393210172653198,-0.12928378582000732,0.16170015931129456,0.2978619337081909,-0.11567393690347672
N,0.15973308682441711,0.0,4.0868147266337473e-07,0.07004079222679138,0.07596147060394287,-0.014894449152052402,0.030080735683441162,0.20901668071746826,-0.04264471307396889,0.04581916332244873,0.3338215947151184,-0.06543250381946564,0.07632854580879211,0.4199489951133728,-0.0904405415058136,0.010608911514282227,0.18765497207641602,-0.10681556165218353,0.0,0.3876535892486572,-0.14270621538162231,0.002609163522720337,0.49790602922439575,-0.1583784818649292,0.004487037658691406,0.5839707255363464,-0.1663898527622223,0.0878557562828064,0.1790405511856079,-0.11554549634456635,0.09427735209465027,0.4007079005241394,-0.14961886405944824,0.09540638327598572,0.5217621922492981,-0.15606586635112762,0.09583181142807007,0.6050090193748474,-0.16220121085643768,0.16000759601593018,0.17843931913375854,-0.11845188587903976,0.1497403383255005,0.39188915491104126,-0.14592526853084564,0.1283303201198578,0.3900598883628845,-0.13187727332115173,0.12037509679794312,0.34874916076660156,-0.11851092427968979,0.22101831436157227,0.1877695918083191,-0.12102167308330536,0.19310590624809265,0.34626901149749756,-0.14159613847732544,0.16973745822906494,0.34058165550231934,-0.12822476029396057,0.16059333086013794,0.30096083879470825,-0.11455914378166199
N,0.15706533193588257,0.0,3.9970345255824213e-07,0.06975969672203064,0.0790984034538269,-0.012466711923480034,0.030414700508117676,0.21166542172431946,-0.03836553916335106,0.04633361101150513,0.3337882459163666,-0.06010585278272629,0.07710307836532593,0.41530492901802063,-0.08401322364807129,0.009519129991531372,0.19100812077522278,-0.10104399919509888,0.0,0.39115074276924133,-0.13580504059791565,0.0032358169555664062,0.5007367432117462,-0.15081678330898285,0.005494862794876099,0.5860759913921356,-0.15831147134304047,0.0853596031665802,0.18142631649971008,-0.11088734120130539,0.09193819761276245,0.4030515253543854,-0.14355283975601196,0.09426334500312805,0.5235808193683624,-0.14999885857105255,0.09445890784263611,0.6085078418254852,-0.1559787094593048,0.15719980001449585,0.17937275767326355,-0.1150149554014206,0.14949536323547363,0.3881388008594513,-0.14091135561466217,0.12870150804519653,0.3880944550037384,-0.12739373743534088,0.11842885613441467,0.35008737444877625,-0.11439486593008041,0.21856802701950073,0.187883198261261,-0.11874730885028839,0.19092515110969543,0.34492984414100647,-0.13693185150623322,0.16571661829948425,0.34875860810279846,-0.12395556271076202,0.15183258056640625,0.31987306475639343,-0.1110270768404007
N,0.15811622142791748,0.0,3.996061934685713e-07,0.0699930191040039,0.07765072584152222,-0.012989846058189869,0.028899788856506348,0.21136119961738586,-0.04131973907351494,0.04400297999382019,0.3340970277786255,-0.06507549434900284,0.07581093907356262,0.4201509356498718,-0.0913505032658577,0.007540255784988403,0.19440585374832153,-0.10825268179178238,0.0,0.39292430877685547,-0.14507831633090973,0.0030651092529296875,0.5014525651931763,-0.16132278740406036,0.0046024322509765625,0.5868626832962036,-0.16989976167678833,0.08470693230628967,0.18325716257095337,-0.11907514929771423,0.09315928816795349,0.40628594160079956,-0.15373001992702484,0.09476509690284729,0.5256224870681763,-0.15978065133094788,0.09538379311561584,0.6090317964553833,-0.16604608297348022,0.15805435180664062,0.17902886867523193,-0.12380969524383545,0.15122255682945251,0.3954545259475708,-0.15202157199382782,0.13066571950912476,0.38541096448898315,-0.13639916479587555,0.12330788373947144,0.3372858166694641,-0.12210414558649063,0.22134852409362793,0.18352115154266357,-0.12805747985839844,0.19590988755226135,0.3464067578315735,-0.14891207218170166,0.1734674572944641,0.3376489281654358,-0.13438479602336884,0.1649187207221985,0.2950635552406311,-0.1201150193810463
N,0.15362456440925598,0.0,4.010201735127339e-07,0.06714105606079102,0.08001011610031128,-0.012376677244901657,0.029781460762023926,0.21586072444915771,-0.04054891690611839,0.04676634073257446,0.3395719826221466,-0.06398433446884155,0.07978907227516174,0.42428669333457947,-0.09002386778593063,0.007615178823471069,0.19447994232177734,-0.10984568297863007,0.0,0.3949335515499115,-0.1459653526544571,0.0024818778038024902,0.5047594606876373,-0.1614045351743698,0.003099590539932251,0.5907832682132721,-0.1693613976240158,0.08458912372589111,0.182570219039917,-0.12004949897527695,0.09320643544197083,0.4065772593021393,-0.15376247465610504,0.09428980946540833,0.5274152457714081,-0.15875577926635742,0.0940912663936615,0.6118055880069733,-0.164243683218956,0.15731561183929443,0.1777656376361847,-0.12379574775695801,0.1497628390789032,0.39321938157081604,-0.15001684427261353,0.12708505988121033,0.38687363266944885,-0.1335269808769226,0.11776313185691833,0.34256771206855774,-0.11899381130933762,0.21895241737365723,0.1825491189956665,-0.12700317800045013,0.19149133563041687,0.34296855330467224,-0.14580801129341125,0.16645383834838867,0.3377707898616791,-0.13065144419670105,0.1553766429424286,0.2995049059391022,-0.1162671223282814
N,0.15754854679107666,0.0,4.2326345806031895e-07,0.06878075003623962,0.0749855637550354,-0.014852889813482761,0.028035461902618408,0.21035677194595337,-0.04346324875950813,0.04402005672454834,0.33226683735847473,-0.06719250977039337,0.07706272602081299,0.4172773063182831,-0.09285515546798706,0.008092492818832397,0.19272655248641968,-0.10896266996860504,0.0,0.3950343430042267,-0.14497484266757965,0.0033222436904907227,0.5024687945842743,-0.16005200147628784,0.005395054817199707,0.587459534406662,-0.1678294688463211,0.08693075180053711,0.1827247142791748,-0.11870355159044266,0.0939737856388092,0.40782544016838074,-0.15324518084526062,0.09556695818901062,0.5255398452281952,-0.158794105052948,0.09666037559509277,0.6100218594074249,-0.16455921530723572,0.16040992736816406,0.17971602082252502,-0.12248457968235016,0.14977174997329712,0.39369669556617737,-0.15094657242298126,0.12824350595474243,0.37688329815864563,-0.13453643023967743,0.12119865417480469,0.32716038823127747,-0.11951230466365814,0.2221474051475525,0.1853013038635254,-0.12598006427288055,0.19246265292167664,0.3439651429653168,-0.14669975638389587,0.16948795318603516,0.3314952552318573,-0.1317758709192276,0.16153836250305176,0.2897624373435974,-0.1173921525478363
N,0.15789777040481567,0.0,3.9108945770749415e-07,0.06890463829040527,0.07906532287597656,-0.011931334622204304,0.02915644645690918,0.21239277720451355,-0.03836899995803833,0.04507249593734741,0.3367956876754761,-0.06050631031394005,0.07531803846359253,0.422612726688385,-0.08479694277048111,0.007480710744857788,0.19400125741958618,-0.10279364883899689,0.0,0.3928146958351135,-0.13826429843902588,0.003044605255126953,0.5014607310295105,-0.15350903570652008,0.004826396703720093,0.5858769416809082,-0.1611575484275818,0.08520829677581787,0.1851617693901062,-0.1131286546587944,0.09420597553253174,0.4088602662086487,-0.14664268493652344,0.09622851014137268,0.5277677178382874,-0.1519777476787567,0.09688001871109009,0.6100214719772339,-0.15713584423065186,0.15824276208877563,0.18225982785224915,-0.11763865500688553,0.1514427661895752,0.3950313329696655,-0.14373604953289032,0.13005319237709045,0.3922056555747986,-0.12796582281589508,0.12075591087341309,0.3511577844619751,-0.11347665637731552,0.2204900085926056,0.18772673606872559,-0.12171795964241028,0.19510570168495178,0.3481358289718628,-0.13908739387989044,0.17163217067718506,0.3480185270309448,-0.12379596382379532,0.16066086292266846,0.3141208291053772,-0.10929934680461884
N,0.1534288227558136,0.0,3.903390677351126e-07,0.06868541240692139,0.07841423153877258,-0.011042306199669838,0.028931230306625366,0.21232342720031738,-0.03846476599574089,0.04548957943916321,0.33389583230018616,-0.062018491327762604,0.07712143659591675,0.41881176829338074,-0.08797994256019592,0.007285565137863159,0.1995609700679779,-0.10495167970657349,0.0,0.398868590593338,-0.1408991515636444,0.0032331645488739014,0.505722314119339,-0.156550332903862,0.004992276430130005,0.5902343690395355,-0.16487877070903778,0.08343669772148132,0.1881549060344696,-0.11684311926364899,0.09174218773841858,0.41082391142845154,-0.15067629516124725,0.0944032371044159,0.5273012816905975,-0.15615008771419525,0.09595739841461182,0.6116445362567902,-0.16190364956855774,0.15630832314491272,0.18163269758224487,-0.12257279455661774,0.15114560723304749,0.39264413714408875,-0.15039785206317902,0.13036257028579712,0.3752935826778412,-0.13353626430034637,0.12161526083946228,0.3264232575893402,-0.11844594776630402,0.2199050486087799,0.1827840507030487,-0.12774451076984406,0.19365417957305908,0.33845141530036926,-0.14810198545455933,0.17081263661384583,0.3275813162326813,-0.13274982571601868,0.1604771912097931,0.2876039743423462,-0.11807706207036972
N,0.15516066551208496,0.0,4.3108317981932487e-07,0.06699395179748535,0.07905358076095581,-0.01381419412791729,0.02899610996246338,0.21496844291687012,-0.04208438843488693,0.047106385231018066,0.3377852439880371,-0.06557025015354156,0.0817958414554596,0.42263591289520264,-0.09120412170886993,0.00905713438987732,0.19477325677871704,-0.10965976864099503,0.0,0.3958802819252014,-0.14603833854198456,0.0028465986251831055,0.5046690106391907,-0.1606348156929016,0.004375100135803223,0.5891328454017639,-0.16770324110984802,0.08583274483680725,0.18359124660491943,-0.1199055090546608,0.0942729115486145,0.4114624261856079,-0.15562617778778076,0.09569329023361206,0.5323963761329651,-0.16121557354927063,0.09582212567329407,0.6164566278457642,-0.1664421111345291,0.1584964394569397,0.18020585179328918,-0.1240001991391182,0.14989247918128967,0.4018797278404236,-0.15410403907299042,0.12859612703323364,0.3935539722442627,-0.13894756138324738,0.12099742889404297,0.3459763526916504,-0.12392987310886383,0.2206425666809082,0.1858118772506714,-0.12747207283973694,0.193467915058136,0.3518787622451782,-0.14959365129470825,0.17007791996002197,0.342743456363678,-0.13535277545452118,0.16182750463485718,0.29858219623565674,-0.12068577110767365
N,0.15353155136108398,0.0,4.262609252236871e-07,0.06671831011772156,0.07926678657531738,-0.013008570298552513,0.02961793541908264,0.21457141637802124,-0.03987857326865196,0.04800698161125183,0.33743375539779663,-0.06236327812075615,0.08288893103599548,0.4213489890098572,-0.08671417087316513,0.008791089057922363,0.19271183013916016,-0.10418231040239334,0.0,0.39276576042175293,-0.13919851183891296,0.0020912885665893555,0.5014052987098694,-0.1534210592508316,0.0035078823566436768,0.5865532159805298,-0.16032624244689941,0.08487698435783386,0.18483078479766846,-0.11454284936189651,0.09111705422401428,0.40871530771255493,-0.14918041229248047,0.09277698397636414,0.5274540781974792,-0.15443144738674164,0.09352758526802063,0.6106223464012146,-0.15921153128147125,0.15661409497261047,0.1837928295135498,-0.11906028538942337,0.1461508572101593,0.39843934774398804,-0.14716486632823944,0.12639912962913513,0.3924560546875,-0.13158592581748962,0.11995494365692139,0.34760797023773193,-0.11649812012910843,0.21790528297424316,0.19196200370788574,-0.12317012250423431,0.190397709608078,0.35562896728515625,-0.14222408831119537,0.16723939776420593,0.3506259322166443,-0.12705925107002258,0.15900641679763794,0.31003838777542114,-0.11223770678043365
N,0.1546233892440796,0.0,4.472172179248446e-07,0.06737059354782104,0.07668191194534302,-0.013122845441102982,0.02909982204437256,0.20762133598327637,-0.03866109624505043,0.04436635971069336,0.3293674886226654,-0.05956801772117615,0.07651516795158386,0.41110262274742126,-0.08227922022342682,0.009686887264251709,0.1923675537109375,-0.10164501518011093,0.0,0.3926639258861542,-0.13583508133888245,0.0028411149978637695,0.5014831125736237,-0.1493772268295288,0.005382955074310303,0.5853680670261383,-0.15544773638248444,0.0853043794631958,0.18671268224716187,-0.1105734333395958,0.09033310413360596,0.4092744290828705,-0.14420749247074127,0.09229382872581482,0.5287713706493378,-0.14952145516872406,0.09339961409568787,0.611313670873642,-0.1537184715270996,0.156620055437088,0.18664929270744324,-0.11374388635158539,0.1460099220275879,0.39665624499320984,-0.14007332921028137,0.12781137228012085,0.39859041571617126,-0.12570378184318542,0.12147364020347595,0.3604342043399811,-0.11125999689102173,0.2167089581489563,0.194480299949646,-0.11647917330265045,0.19021233916282654,0.35223475098609924,-0.13339561223983765,0.16690737009048462,0.3547714650630951,-0.11898401379585266,0.15659809112548828,0.32220837473869324,-0.10458195209503174
N,0.1577301025390625,0.0,4.439744145656732e-07,0.06937775015830994,0.07624241709709167,-0.013774819672107697,0.029819875955581665,0.21000343561172485,-0.04100150242447853,0.04439428448677063,0.33158355951309204,-0.06351879984140396,0.07697677612304688,0.41397958993911743,-0.08822852373123169,0.009158223867416382,0.19113337993621826,-0.10722188651561737,0.0,0.3926059603691101,-0.14210379123687744,0.0027228891849517822,0.5008805990219116,-0.1563262641429901,0.005048543214797974,0.5854318737983704,-0.16333970427513123,0.08540022373199463,0.18171358108520508,-0.11717913299798965,0.09107539057731628,0.4051026701927185,-0.15118670463562012,0.09374389052391052,0.5257559418678284,-0.15680855512619019,0.0958111584186554,0.6100062727928162,-0.16221456229686737,0.15823999047279358,0.1787361204624176,-0.1210739016532898,0.14815393090248108,0.3944973349571228,-0.1484646052122116,0.12851867079734802,0.3905790448188782,-0.13355699181556702,0.12191060185432434,0.3461070656776428,-0.11937016248703003,0.2199546992778778,0.1848074197769165,-0.12450125813484192,0.19297227263450623,0.3464561700820923,-0.14375507831573486,0.17016613483428955,0.34280818700790405,-0.12935107946395874,0.16166236996650696,0.3035566210746765,-0.11519084125757217
N,0.15684539079666138,0.0,4.1958446672651917e-07,0.06892639398574829,0.07546696066856384,-0.015113935805857182,0.027687788009643555,0.2087136209011078,-0.04420391470193863,0.04261881113052368,0.33231213688850403,-0.06804197281599045,0.07427820563316345,0.418283075094223,-0.09416663646697998,0.008628427982330322,0.19115284085273743,-0.11244332045316696,0.0,0.3952151834964752,-0.1496216356754303,0.0026509761810302734,0.5053575336933136,-0.16506227850914001,0.004208683967590332,0.5911241471767426,-0.17272602021694183,0.08555001020431519,0.18208444118499756,-0.12163782119750977,0.09286913275718689,0.4099173843860626,-0.15682050585746765,0.09466388821601868,0.529436856508255,-0.16201336681842804,0.09427973628044128,0.6129370033740997,-0.16721069812774658,0.15761792659759521,0.18069502711296082,-0.12473693490028381,0.14738112688064575,0.3993673026561737,-0.15297770500183105,0.12656092643737793,0.3939097821712494,-0.1369452327489853,0.11821004748344421,0.34948310256004333,-0.12217000871896744,0.21914231777191162,0.1889629065990448,-0.12749320268630981,0.19054225087165833,0.35163959860801697,-0.14811432361602783,0.1659873127937317,0.34679195284843445,-0.13375039398670197,0.15522322058677673,0.3083542287349701,-0.11954519152641296
N,0.15921783447265625,0.0,4.045265313834534e-07,0.07269290089607239,0.07551649212837219,-0.013014774769544601,0.031956881284713745,0.21008414030075073,-0.04021519422531128,0.0463714599609375,0.3328077495098114,-0.06316041201353073,0.07731461524963379,0.417015939950943,-0.08820026367902756,0.00938725471496582,0.19614878296852112,-0.10496725142002106,0.0,0.39680877327919006,-0.14065659046173096,0.002535909414291382,0.5053220093250275,-0.1557263433933258,0.004259437322616577,0.5917263925075531,-0.16350403428077698,0.08566305041313171,0.1887732446193695,-0.11554355174303055,0.09254896640777588,0.4115990102291107,-0.15019024908542633,0.09461414813995361,0.5305351316928864,-0.1563490331172943,0.09563469886779785,0.6172506511211395,-0.16216276586055756,0.1580359935760498,0.18737855553627014,-0.12016499787569046,0.14958816766738892,0.39703264832496643,-0.14870136976242065,0.12848955392837524,0.38132885098457336,-0.13303901255130768,0.1207929253578186,0.3330287039279938,-0.11812478303909302,0.2201741635799408,0.1947011649608612,-0.12437683343887329,0.19054582715034485,0.3518817722797394,-0.1442936509847641,0.16676005721092224,0.34234610199928284,-0.12943148612976074,0.15704020857810974,0.303783118724823,-0.11494909971952438
N,0.16289901733398438,0.0,4.164143092566519e-07,0.07586213946342468,0.0754314661026001,-0.013092041946947575,0.034404098987579346,0.20934441685676575,-0.04113899543881416,0.04858669638633728,0.33191919326782227,-0.06464734673500061,0.07912400364875793,0.41782087087631226,-0.09024829417467117,0.009544044733047485,0.19501525163650513,-0.1084609404206276,0.0,0.3974953889846802,-0.14465871453285217,0.0024228692054748535,0.506032407283783,-0.15923170745372772,0.003920316696166992,0.5925012230873108,-0.16652056574821472,0.08627563714981079,0.18623632192611694,-0.11917947977781296,0.09290167689323425,0.4119815230369568,-0.1547926813364029,0.09405243396759033,0.5301099419593811,-0.16010218858718872,0.09419462084770203,0.6161004900932312,-0.16520047187805176,0.15933901071548462,0.18433475494384766,-0.12376683205366135,0.15114444494247437,0.39802080392837524,-0.15362143516540527,0.13129809498786926,0.37945592403411865,-0.13697664439678192,0.1244569718837738,0.32891106605529785,-0.12094803899526596,0.22211605310440063,0.1909574270248413,-0.1278119683265686,0.19264355301856995,0.3512776494026184,-0.14901885390281677,0.1691594123840332,0.3392961025238037,-0.13391220569610596,0.15994954109191895,0.2978605031967163,-0.1189158707857132
N,0.16095972061157227,0.0,4.295276880839083e-07,0.07095208764076233,0.07853004336357117,-0.012291730381548405,0.033426880836486816,0.21622726321220398,-0.04192021116614342,0.05517929792404175,0.3415051996707916,-0.06708899140357971,0.09343472123146057,0.4259355366230011,-0.09457121789455414,0.01161167025566101,0.18800118565559387,-0.11150690913200378,0.0,0.39260634779930115,-0.14874087274074554,0.0015729069709777832,0.5033898055553436,-0.16476593911647797,0.0023931562900543213,0.5909256041049957,-0.17330116033554077,0.09016460180282593,0.18094509840011597,-0.12251604348421097,0.09398064017295837,0.40892037749290466,-0.1574334055185318,0.09277144074440002,0.5281326472759247,-0.1624583899974823,0.09170398116111755,0.6124942004680634,-0.16832305490970612,0.16367942094802856,0.18079134821891785,-0.1269882172346115,0.15018144249916077,0.4003916084766388,-0.15450650453567505,0.12951698899269104,0.3840644657611847,-0.13660645484924316,0.12385416030883789,0.3330892026424408,-0.12106408178806305,0.22634175419807434,0.18841612339019775,-0.13100139796733856,0.19565722346305847,0.34890124201774597,-0.15059851109981537,0.17242440581321716,0.335262268781662,-0.13452865183353424,0.16494858264923096,0.29008206725120544,-0.1195894256234169
N,0.15967416763305664,0.0,4.630076944067696e-07,0.07303261756896973,0.07789880037307739,-0.009627867490053177,0.03502023220062256,0.21349871158599854,-0.0371667854487896,0.059178829193115234,0.3331771194934845,-0.06184602901339531,0.10293099284172058,0.4086470901966095,-0.08966782689094543,0.010215342044830322,0.19716599583625793,-0.10191649943590164,0.0005799233913421631,0.39622995257377625,-0.13621780276298523,0.0014276206493377686,0.5015577971935272,-0.15110650658607483,0.0,0.5866760313510895,-0.15947045385837555,0.08682778477668762,0.1886838972568512,-0.11583127826452255,0.08818969130516052,0.40973255038261414,-0.14888547360897064,0.08631008863449097,0.528051882982254,-0.15535256266593933,0.08507394790649414,0.6166550815105438,-0.16217653453350067,0.16187119483947754,0.18398800492286682,-0.1233862116932869,0.15235242247581482,0.39707574248313904,-0.1518455445766449,0.13396334648132324,0.37398895621299744,-0.13615240156650543,0.12841781973838806,0.3205812871456146,-0.12140746414661407,0.2276710867881775,0.18583747744560242,-0.1300683319568634,0.20012405514717102,0.3464646637439728,-0.1504591405391693,0.17799192667007446,0.33015307784080505,-0.13457705080509186,0.17047107219696045,0.28420403599739075,-0.11957690119743347
N,0.1974189281463623,0.0,5.896644665881468e-07,0.11568301916122437,0.07187934219837189,-0.012496245093643665,0.08097797632217407,0.21886561810970306,-0.04525741562247276,0.11722499132156372,0.3464413732290268,-0.07468131929636002,0.16194170713424683,0.4308788627386093,-0.10688287019729614,0.028859943151474,0.16772212088108063,-0.11413951963186264,0.006967425346374512,0.37246040999889374,-0.15368503332138062,0.0035956501960754395,0.47746483981609344,-0.16883009672164917,0.0,0.5629780739545822,-0.17655764520168304,0.10132735967636108,0.15912573039531708,-0.12945832312107086,0.07819238305091858,0.3869132250547409,-0.16640232503414154,0.06797969341278076,0.4995989054441452,-0.17186912894248962,0.05851563811302185,0.5880939215421677,-0.1780109703540802,0.176977276802063,0.15973509848117828,-0.1383238285779953,0.1599152684211731,0.3898988217115402,-0.17336909472942352,0.16221773624420166,0.35596863925457,-0.15244810283184052,0.16944172978401184,0.2963022440671921,-0.13206815719604492,0.24770832061767578,0.169291689991951,-0.14591629803180695,0.21629133820533752,0.34246228635311127,-0.17006568610668182,0.20210769772529602,0.3260829299688339,-0.15044967830181122,0.20184168219566345,0.27985017001628876,-0.13205663859844208
N,0.20818549394607544,0.0,4.090279617230408e-07,0.12209993600845337,0.06947118043899536,-0.008257681503891945,0.08228230476379395,0.21412897109985352,-0.04165367782115936,0.11843663454055786,0.34917622804641724,-0.07386790961027145,0.16236332058906555,0.4299904704093933,-0.10938899964094162,0.02828890085220337,0.1592721939086914,-0.10711928457021713,0.005854785442352295,0.36286187171936035,-0.14966672658920288,0.0027064085006713867,0.4695613384246826,-0.17051617801189423,0.0,0.5558297634124756,-0.18361204862594604,0.09993398189544678,0.1554906964302063,-0.12833207845687866,0.07236242294311523,0.3804694414138794,-0.16724391281604767,0.05966868996620178,0.4936298131942749,-0.17717096209526062,0.050848960876464844,0.5841994285583496,-0.18759353458881378,0.17701444029808044,0.1591874361038208,-0.14347128570079803,0.16081508994102478,0.3826645016670227,-0.17760396003723145,0.1635926067829132,0.34229105710983276,-0.15691684186458588,0.16951033473014832,0.2844880223274231,-0.13871653378009796,0.2523036003112793,0.17083215713500977,-0.15785352885723114,0.22016394138336182,0.3327462077140808,-0.181753471493721,0.20961681008338928,0.3186147212982178,-0.16306103765964508,0.20800480246543884,0.28080642223358154,-0.1469106376171112
N,0.22333458065986633,0.0,3.7554070786427474e-07,0.13754206895828247,0.06876204907894135,-0.00825960747897625,0.09455659985542297,0.20517300069332123,-0.04271187260746956,0.12678289413452148,0.33991222083568573,-0.07638747245073318,0.1677882969379425,0.4141684025526047,-0.1133909747004509,0.036548733711242676,0.14603810012340546,-0.10605642199516296,0.010115444660186768,0.34716658294200897,-0.1500372290611267,0.004135876893997192,0.4566648453474045,-0.17309506237506866,0.0,0.5434290617704391,-0.18813355267047882,0.10530251264572144,0.142211452126503,-0.1279432475566864,0.07380813360214233,0.36433045566082,-0.1689271330833435,0.06080704927444458,0.47878484427928925,-0.1813814789056778,0.05153173208236694,0.5686893910169601,-0.19350393116474152,0.1815275251865387,0.148256316781044,-0.14368586242198944,0.16414129734039307,0.3671014755964279,-0.1770811676979065,0.17059281468391418,0.32915155589580536,-0.15527145564556122,0.1781921684741974,0.27422456443309784,-0.1366318315267563,0.2567916512489319,0.1627395898103714,-0.15903156995773315,0.22352087497711182,0.32347987592220306,-0.18105095624923706,0.21738854050636292,0.30887793004512787,-0.16018454730510712,0.2197026014328003,0.27085839211940765,-0.14266814291477203
N,0.24501559138298035,0.0,3.3124382525784313e-07,0.154832661151886,0.06606477499008179,-0.004327184986323118,0.10460847616195679,0.1993011236190796,-0.03767334669828415,0.12922132015228271,0.3317696750164032,-0.07135093957185745,0.16925391554832458,0.3992861807346344,-0.10972140729427338,0.04822531342506409,0.12929236888885498,-0.10297145694494247,0.017563536763191223,0.3258567154407501,-0.1472211480140686,0.007423460483551025,0.4346592128276825,-0.17054778337478638,0.0,0.5203680694103241,-0.18556678295135498,0.11550980806350708,0.12393856048583984,-0.1279335916042328,0.07564657926559448,0.3418166935443878,-0.16972188651561737,0.05839112401008606,0.45900318026542664,-0.18333949148654938,0.04587748646736145,0.549000471830368,-0.19601300358772278,0.19131532311439514,0.1310386061668396,-0.14653433859348297,0.17048868536949158,0.3561789095401764,-0.18349230289459229,0.18399012088775635,0.327157586812973,-0.16629192233085632,0.19549378752708435,0.2731612026691437,-0.14966987073421478,0.2675352394580841,0.14988937973976135,-0.16390208899974823,0.23792755603790283,0.319906085729599,-0.19041888415813446,0.23490232229232788,0.3062094748020172,-0.1727011501789093,0.2372756004333496,0.26144713163375854,-0.15635700523853302
N,0.25733956694602966,0.0,1.9029393172331766e-07,0.16462072730064392,0.06135866045951843,-0.0062101115472614765,0.10416984558105469,0.19039666652679443,-0.03887961432337761,0.124249666929245,0.3230680823326111,-0.07132808864116669,0.1700698733329773,0.38473254442214966,-0.10867496579885483,0.048418909311294556,0.11140584945678711,-0.0989021584391594,0.017128735780715942,0.30880093574523926,-0.14070351421833038,0.0075235068798065186,0.4201173782348633,-0.16418538987636566,0.0,0.5052573680877686,-0.18065965175628662,0.11344122886657715,0.10701152682304382,-0.12243062257766724,0.07158350944519043,0.31818461418151855,-0.16217313706874847,0.05684119462966919,0.43689441680908203,-0.17857828736305237,0.04675650596618652,0.525954008102417,-0.19455623626708984,0.18732991814613342,0.11816069483757019,-0.13966558873653412,0.1653171181678772,0.3348037004470825,-0.17246878147125244,0.17988839745521545,0.3064342141151428,-0.15733367204666138,0.1900777518749237,0.252767950296402,-0.1443643420934677,0.26113465428352356,0.1436018943786621,-0.15598273277282715,0.23299652338027954,0.31322282552719116,-0.17829003930091858,0.23384490609169006,0.2931516766548157,-0.16060525178909302,0.2375868260860443,0.24197039008140564,-0.14618955552577972
N,0.26209622621536255,0.0,1.0775014658293003e-07,0.16999134421348572,0.06792709231376648,-0.008120824582874775,0.11158591508865356,0.1952381730079651,-0.04357654228806496,0.13213616609573364,0.3273089826107025,-0.07879354804754257,0.1768510937690735,0.3893246352672577,-0.11967570334672928,0.04969248175621033,0.11403214931488037,-0.10170438140630722,0.020785480737686157,0.3039490878582001,-0.14667347073554993,0.009205788373947144,0.4145742952823639,-0.17619189620018005,0.0,0.5003385245800018,-0.19770754873752594,0.11246386170387268,0.10347411036491394,-0.12479735165834427,0.07495534420013428,0.3112463653087616,-0.16457533836364746,0.055704593658447266,0.43177738785743713,-0.18389815092086792,0.04514774680137634,0.5224608480930328,-0.20379948616027832,0.18477165699005127,0.10742861032485962,-0.1418336033821106,0.16629862785339355,0.3221248686313629,-0.17137643694877625,0.18043065071105957,0.2984938323497772,-0.15661610662937164,0.1924210488796234,0.24517059326171875,-0.14651741087436676,0.25652390718460083,0.12777221202850342,-0.1585947722196579,0.23264428973197937,0.30088356137275696,-0.17931218445301056,0.2352924346923828,0.283287912607193,-0.16180258989334106,0.23926538228988647,0.22983798384666443,-0.14884769916534424
N,0.272474467754364,0.0,5.468657349183559e-08,0.1779712736606598,0.06144458055496216,-0.006685989443212748,0.11668598651885986,0.1850254237651825,-0.04056612029671669,0.13467872142791748,0.3169233202934265,-0.07450701296329498,0.17644545435905457,0.38252097368240356,-0.11400701105594635,0.051408857107162476,0.10294267535209656,-0.096435546875,0.021676912903785706,0.29105043411254883,-0.1404450386762619,0.009583577513694763,0.4026746153831482,-0.17005427181720734,0.0,0.48890435695648193,-0.1918964385986328,0.1142953634262085,0.09507966041564941,-0.12022542208433151,0.07400256395339966,0.299716055393219,-0.1588941216468811,0.05486255884170532,0.4224483370780945,-0.17962826788425446,0.043867647647857666,0.5160592198371887,-0.20084328949451447,0.18675243854522705,0.10216709971427917,-0.1379881650209427,0.16669481992721558,0.3169105648994446,-0.16647455096244812,0.18313544988632202,0.2911522388458252,-0.15212532877922058,0.19519129395484924,0.2363933026790619,-0.14276222884655,0.2583393156528473,0.12468969821929932,-0.155392125248909,0.23448637127876282,0.2976253628730774,-0.1748473197221756,0.24005964398384094,0.27925074100494385,-0.1567377746105194,0.24464979767799377,0.22545060515403748,-0.14365479350090027
N,0.27465978264808655,0.0,9.713615689577182e-09,0.17997589707374573,0.058265477418899536,-0.007716604974120855,0.11977806687355042,0.17986443638801575,-0.04172539338469505,0.13608098030090332,0.31175708770751953,-0.07576339691877365,0.1748124063014984,0.3795478940010071,-0.11512179672718048,0.05308088660240173,0.09616068005561829,-0.09474629908800125,0.02219843864440918,0.2817996144294739,-0.13889142870903015,0.010091572999954224,0.39378273487091064,-0.1684703230857849,0.0,0.4788111448287964,-0.19003567099571228,0.11385801434516907,0.08943009376525879,-0.11796632409095764,0.07318076491355896,0.2946545481681824,-0.15612652897834778,0.05123618245124817,0.4159179925918579,-0.1763063669204712,0.038520365953445435,0.505486011505127,-0.1969931423664093,0.1843431293964386,0.09698009490966797,-0.1356697976589203,0.16377556324005127,0.30986589193344116,-0.1644601821899414,0.18059000372886658,0.29288291931152344,-0.1516237109899521,0.19448602199554443,0.2426343560218811,-0.1431204229593277,0.25394579768180847,0.11930173635482788,-0.15314239263534546,0.2297435700893402,0.2927424907684326,-0.17329752445220947,0.2345689833164215,0.27879583835601807,-0.15665508806705475,0.23995250463485718,0.22589647769927979,-0.14440135657787323
N,0.273035004734993,0.0,1.2819934447350079e-08,0.1777317374944687,0.06345120072364807,-0.008985408581793308,0.11734388768672943,0.1861908733844757,-0.04418795555830002,0.13376565277576447,0.3158561587333679,-0.07902032136917114,0.17315782606601715,0.3804916739463806,-0.11958916485309601,0.049907490611076355,0.09945893287658691,-0.10010463744401932,0.02144889533519745,0.2829509973526001,-0.1452435702085495,0.010382696986198425,0.39519810676574707,-0.17595112323760986,0.0,0.4793540835380554,-0.1990003138780594,0.11181904375553131,0.088345468044281,-0.12298265844583511,0.0726909190416336,0.2929818034172058,-0.1627185046672821,0.050622180104255676,0.4162678122520447,-0.18410927057266235,0.03804253041744232,0.5068348050117493,-0.20631027221679688,0.18473924696445465,0.09259247779846191,-0.14001913368701935,0.1625167280435562,0.3084774613380432,-0.16865164041519165,0.178628072142601,0.2956973910331726,-0.15520167350769043,0.1932768076658249,0.24654823541641235,-0.14698100090026855,0.2558937221765518,0.11201393604278564,-0.15703488886356354,0.22918252646923065,0.28958356380462646,-0.17763210833072662,0.2318948656320572,0.28322529792785645,-0.16172204911708832,0.2367963343858719,0.232852965593338,-0.15027709305286407
N,0.2781918793916702,0.0,1.2403738480770699e-08,0.18237896263599396,0.060141533613204956,-0.00796693004667759,0.11974303424358368,0.18256506323814392,-0.041383832693099976,0.13601340353488922,0.3121488690376282,-0.07475094497203827,0.1765068918466568,0.37832605838775635,-0.11380711942911148,0.05158449709415436,0.09748560190200806,-0.09395010024309158,0.02286514639854431,0.28039461374282837,-0.13634860515594482,0.01117776334285736,0.3907201886177063,-0.16544221341609955,0.0,0.4736905097961426,-0.18759556114673615,0.11236171424388885,0.08895230293273926,-0.11698611080646515,0.0727233737707138,0.290905237197876,-0.15397827327251434,0.04981337487697601,0.4106293320655823,-0.1750604659318924,0.03633071482181549,0.5004552602767944,-0.19713473320007324,0.18441598117351532,0.09424719214439392,-0.13432419300079346,0.1636401265859604,0.30677300691604614,-0.16161197423934937,0.18102295696735382,0.28991758823394775,-0.14963145554065704,0.19584597647190094,0.24015957117080688,-0.1426122784614563,0.2556091696023941,0.11407756805419922,-0.15151748061180115,0.23069708049297333,0.2888103127479553,-0.17143672704696655,0.2348463088274002,0.27743834257125854,-0.15622378885746002,0.2400386482477188,0.22559434175491333,-0.14551055431365967
N,0.27998195588588715,0.0,1.833370077974905e-08,0.18276731669902802,0.06302028894424438,-0.0073415860533714294,0.11779563128948212,0.1888095736503601,-0.040487468242645264,0.1351359337568283,0.31801891326904297,-0.07373776286840439,0.1788795441389084,0.3830487132072449,-0.11299601942300797,0.05175919830799103,0.09951752424240112,-0.09363564103841782,0.023135140538215637,0.28440380096435547,-0.1339760273694992,0.011693581938743591,0.3937162756919861,-0.16181734204292297,0.0,0.47634607553482056,-0.18399333953857422,0.11348585784435272,0.08909669518470764,-0.11715813726186752,0.0727219432592392,0.29197901487350464,-0.15324006974697113,0.04981885850429535,0.4123930335044861,-0.17521730065345764,0.0372895747423172,0.5024359822273254,-0.1988839954137802,0.1868201047182083,0.09437501430511475,-0.13461238145828247,0.1623109132051468,0.3111511468887329,-0.16113761067390442,0.18173392117023468,0.2927547097206116,-0.14885717630386353,0.1983068734407425,0.2417912483215332,-0.14253529906272888,0.25881417095661163,0.11488181352615356,-0.15178754925727844,0.23348645865917206,0.2943713665008545,-0.17230667173862457,0.23917220532894135,0.27969998121261597,-0.1574256867170334,0.24567274749279022,0.22517907619476318,-0.14745040237903595
N,0.28658394515514374,0.0,9.648360332903394e-09,0.1883513480424881,0.05485987663269043,-0.007266211323440075,0.12357233464717865,0.17719894647598267,-0.04053044691681862,0.13886384665966034,0.3088228106498718,-0.0739259421825409,0.17936952412128448,0.3801342248916626,-0.11325685679912567,0.05480338633060455,0.094454824924469,-0.09416763484477997,0.0257035493850708,0.2794768810272217,-0.13661600649356842,0.013095811009407043,0.388741135597229,-0.16626502573490143,0.0,0.4723324775695801,-0.18937571346759796,0.11652828752994537,0.08483517169952393,-0.11808912456035614,0.07495637238025665,0.288518488407135,-0.15604424476623535,0.0511365681886673,0.4093581438064575,-0.17822693288326263,0.03669010102748871,0.5001816153526306,-0.20158350467681885,0.19016005098819733,0.09023380279541016,-0.13603715598583221,0.16566230356693268,0.3065701723098755,-0.16355031728744507,0.18497221171855927,0.28854644298553467,-0.14964793622493744,0.20105968415737152,0.23672842979431152,-0.14172327518463135,0.2625253051519394,0.10976064205169678,-0.15383130311965942,0.2356535941362381,0.28737276792526245,-0.1739695519208908,0.24257634580135345,0.27297425270080566,-0.15693242847919464,0.24998892843723297,0.217810720205307,-0.1451096385717392
N,0.2843087464570999,0.0,-4.438800438322232e-09,0.18756435811519623,0.058253347873687744,-0.006343265995383263,0.12414945662021637,0.18270036578178406,-0.03906203433871269,0.13991890847682953,0.3146079182624817,-0.07244256883859634,0.17993159592151642,0.38750332593917847,-0.11172643303871155,0.05545978248119354,0.10207682847976685,-0.08983021974563599,0.02426721155643463,0.2866058945655823,-0.130541130900383,0.0120420902967453,0.3953319787979126,-0.15849289298057556,0.0,0.47751283645629883,-0.18018265068531036,0.11528117954730988,0.09249603748321533,-0.1138775497674942,0.07390125095844269,0.296760618686676,-0.1504814177751541,0.05029575526714325,0.4172954559326172,-0.1716514527797699,0.03689493238925934,0.5066272616386414,-0.1938716322183609,0.1883421093225479,0.0970449447631836,-0.13218015432357788,0.16588841378688812,0.31034040451049805,-0.15936757624149323,0.18652935326099396,0.2959837317466736,-0.1467428356409073,0.20322807133197784,0.24706798791885376,-0.13948364555835724,0.260565385222435,0.11561185121536255,-0.15015147626399994,0.2367633432149887,0.2934531569480896,-0.17015577852725983,0.24369974434375763,0.2805212140083313,-0.15388604998588562,0.2512240558862686,0.2266816794872284,-0.1425352245569229
N,0.2822614908218384,0.0,-9.470555895063626e-09,0.18466567993164062,0.057559072971343994,-0.005559115204960108,0.12244397401809692,0.17913827300071716,-0.03896235302090645,0.1366143822669983,0.31134849786758423,-0.07275046408176422,0.1744614541530609,0.3836115598678589,-0.11205270886421204,0.048941075801849365,0.09874710440635681,-0.09309561550617218,0.021015405654907227,0.28324174880981445,-0.13801880180835724,0.010103225708007812,0.39402586221694946,-0.17006920278072357,0.0,0.4787726402282715,-0.19419504702091217,0.11126387119293213,0.08664745092391968,-0.11761697381734848,0.07014131546020508,0.2881900668144226,-0.15724442899227142,0.04769596457481384,0.4117516875267029,-0.18047524988651276,0.0344410240650177,0.503673255443573,-0.20420004427433014,0.18453696370124817,0.09204906225204468,-0.1361667364835739,0.15960782766342163,0.309593141078949,-0.16381233930587769,0.18119487166404724,0.2989007234573364,-0.14876696467399597,0.19791948795318604,0.2500494718551636,-0.13979586958885193,0.2557843327522278,0.11261573433876038,-0.15455064177513123,0.23176366090774536,0.2916909456253052,-0.17320604622364044,0.23852145671844482,0.2831858992576599,-0.1549217700958252,0.24453356862068176,0.2309361696243286,-0.14204223453998566
N,0.2858087867498398,0.0,-2.8838888610493996e-08,0.190860316157341,0.05245673656463623,-0.006243192125111818,0.1300956755876541,0.172511488199234,-0.040926989167928696,0.1410207897424698,0.30639028549194336,-0.07601073384284973,0.16985924541950226,0.38083547353744507,-0.11639954894781113,0.05030147731304169,0.09850722551345825,-0.09576041996479034,0.022466763854026794,0.28402066230773926,-0.14273390173912048,0.01084667444229126,0.39483916759490967,-0.17664767801761627,0.0,0.479159951210022,-0.20221716165542603,0.11257611215114594,0.08627086877822876,-0.12035436928272247,0.07166336476802826,0.29032033681869507,-0.16252000629901886,0.047640010714530945,0.4132785201072693,-0.18663053214550018,0.032999321818351746,0.5057916641235352,-0.21095600724220276,0.1865300089120865,0.09093904495239258,-0.13905411958694458,0.16174374520778656,0.30883681774139404,-0.16745635867118835,0.18330012261867523,0.2952863574028015,-0.15102455019950867,0.19946230947971344,0.24486225843429565,-0.14146788418293,0.25801657140254974,0.11070072650909424,-0.15778173506259918,0.23465581238269806,0.2907326817512512,-0.17699278891086578,0.24236677587032318,0.28113824129104614,-0.15810562670230865,0.24789546430110931,0.22794586420059204,-0.1448722928762436
N,0.28869763016700745,0.0,-5.76752618997034e-08,0.1921297013759613,0.053386807441711426,-0.0046043130569159985,0.12800094485282898,0.17506709694862366,-0.03528420254588127,0.13848260045051575,0.3097202777862549,-0.06712738424539566,0.17270958423614502,0.38757652044296265,-0.10457774996757507,0.05214020609855652,0.10216179490089417,-0.08221200108528137,0.02431255578994751,0.28677302598953247,-0.12286387383937836,0.01233181357383728,0.3953858017921448,-0.1520090252161026,0.0,0.47725433111190796,-0.1747063547372818,0.1125471293926239,0.09115174412727356,-0.10768869519233704,0.07228848338127136,0.29408812522888184,-0.14444412291049957,0.047749221324920654,0.4137449264526367,-0.16698682308197021,0.03276550769805908,0.5033127069473267,-0.1900656372308731,0.1859893500804901,0.09408566355705261,-0.12775938212871552,0.16441619396209717,0.3093305230140686,-0.15619459748268127,0.18631359934806824,0.29429954290390015,-0.14330121874809265,0.2030770182609558,0.24447685480117798,-0.13544130325317383,0.2592328190803528,0.11062753200531006,-0.1474706530570984,0.23696362972259521,0.29094696044921875,-0.1688067466020584,0.2452838122844696,0.27568525075912476,-0.15191678702831268,0.25253501534461975,0.21956032514572144,-0.13959886133670807
N,0.28250667452812195,0.0,-5.489336984965121e-09,0.18398025631904602,0.060505062341690063,-0.005329889710992575,0.11944854259490967,0.182611882686615,-0.037888333201408386,0.13091245293617249,0.31519731879234314,-0.07154654711484909,0.16754597425460815,0.39031723141670227,-0.11098405718803406,0.04794430732727051,0.1055813729763031,-0.08829028159379959,0.02128128707408905,0.2934320867061615,-0.1324271857738495,0.010787025094032288,0.4032474458217621,-0.16309088468551636,0.0,0.48555269837379456,-0.1860547810792923,0.10972848534584045,0.09489220380783081,-0.11398735642433167,0.06885641813278198,0.30088284611701965,-0.15333989262580872,0.04502306878566742,0.42062410712242126,-0.17556659877300262,0.029723986983299255,0.5087282359600067,-0.19804717600345612,0.18356072902679443,0.09944289922714233,-0.13438931107521057,0.16010263562202454,0.3199211657047272,-0.16469401121139526,0.181263267993927,0.30938586592674255,-0.15203502774238586,0.19786927103996277,0.26007309556007385,-0.14369168877601624,0.2558539807796478,0.1191241443157196,-0.15450623631477356,0.23226934671401978,0.30034974217414856,-0.17578692734241486,0.23831626772880554,0.290814071893692,-0.15975400805473328,0.24410179257392883,0.23718097805976868,-0.1480383574962616
N,0.284240260720253,0.0,-1.618815659298889e-08,0.1885475367307663,0.05675455927848816,-0.00448541808873415,0.12363474071025848,0.17455878853797913,-0.035789165645837784,0.1335161179304123,0.3046974837779999,-0.0692649707198143,0.16824041306972504,0.3834482729434967,-0.10812216997146606,0.04831434786319733,0.10689201951026917,-0.07965920865535736,0.02171178162097931,0.29419276118278503,-0.12208426743745804,0.011240750551223755,0.40092387795448303,-0.15117424726486206,0.0,0.4827626645565033,-0.17316702008247375,0.10611213743686676,0.09761437773704529,-0.10673543065786362,0.06744123995304108,0.3038599193096161,-0.14624887704849243,0.04621236026287079,0.4207685887813568,-0.1687166392803192,0.03174568712711334,0.5091895163059235,-0.19053173065185547,0.17791835963726044,0.10076510906219482,-0.12914085388183594,0.1615433543920517,0.3161377012729645,-0.16178181767463684,0.18514539301395416,0.29473087191581726,-0.1506401151418686,0.20025627315044403,0.2427370846271515,-0.1424463987350464,0.2507333904504776,0.11814567446708679,-0.15122483670711517,0.23299629986286163,0.2939179241657257,-0.1752132624387741,0.2420886605978012,0.2742268145084381,-0.16019999980926514,0.24760760366916656,0.2173624336719513,-0.1486189365386963
N,0.2842712253332138,0.0,-5.964474780739693e-08,0.18818087875843048,0.05397266149520874,-0.00523444265127182,0.12563367187976837,0.17122691869735718,-0.03780021145939827,0.1351824551820755,0.3041839301586151,-0.07192143052816391,0.16817225515842438,0.38560041785240173,-0.11154564470052719,0.046385422348976135,0.10499724745750427,-0.08482135832309723,0.021441295742988586,0.289779394865036,-0.12875711917877197,0.011382877826690674,0.3961509168148041,-0.16005125641822815,0.0,0.47918060421943665,-0.18393203616142273,0.10424764454364777,0.09311670064926147,-0.11121033877134323,0.06637422740459442,0.29826250672340393,-0.1507924646139145,0.04517921805381775,0.41591039299964905,-0.17367075383663177,0.0316493958234787,0.5047647058963776,-0.1967320442199707,0.17659355700016022,0.09322550892829895,-0.13248002529144287,0.15974824130535126,0.3095379173755646,-0.1624794751405716,0.1826750785112381,0.29077139496803284,-0.14862297475337982,0.19787169992923737,0.23823121190071106,-0.1402340531349182,0.24920247495174408,0.10794052481651306,-0.15369769930839539,0.23331449925899506,0.2871936857700348,-0.1756322979927063,0.2425510436296463,0.2705846130847931,-0.15858863294124603,0.24779321253299713,0.21344813704490662,-0.1464192271232605
N,0.2805873900651932,0.0,-6.371668348492676e-08,0.1850830465555191,0.06195026636123657,-0.001488651498220861,0.1222529262304306,0.1831223964691162,-0.03180865943431854,0.1324283927679062,0.3157469630241394,-0.0643511489033699,0.16639094054698944,0.3940252661705017,-0.10253406316041946,0.044550761580467224,0.11738461256027222,-0.08026757836341858,0.020213529467582703,0.30473220348358154,-0.12244508415460587,0.010695651173591614,0.4113551378250122,-0.15250559151172638,0.0,0.49188417196273804,-0.17553645372390747,0.10342036187648773,0.10485589504241943,-0.10780481994152069,0.0660749226808548,0.3098145127296448,-0.1460273414850235,0.04417331516742706,0.42771607637405396,-0.1688843071460724,0.030060186982154846,0.515409529209137,-0.19185428321361542,0.17657728493213654,0.10448268055915833,-0.12991183996200562,0.15826787054538727,0.3206554651260376,-0.15859077870845795,0.18188799917697906,0.3054457902908325,-0.1455916166305542,0.19800011813640594,0.2546582818031311,-0.13762520253658295,0.24978168308734894,0.11778205633163452,-0.15157805383205414,0.23227770626544952,0.2982327342033386,-0.17249593138694763,0.24064849317073822,0.2834938168525696,-0.15591050684452057,0.24593378603458405,0.22671568393707275,-0.14384905993938446
N,0.2822283059358597,0.0,-5.78997081390753e-08,0.19024600088596344,0.05789417028427124,-0.002563140820711851,0.1283537596464157,0.1704311966896057,-0.03419756144285202,0.13502265512943268,0.29680752754211426,-0.06824111193418503,0.16456834971904755,0.37788039445877075,-0.10743864625692368,0.04379062354564667,0.10566264390945435,-0.08002528548240662,0.019484743475914,0.28973227739334106,-0.12341877818107605,0.010643988847732544,0.3951839208602905,-0.15323640406131744,0.0,0.47657185792922974,-0.1751495599746704,0.10076512396335602,0.09495514631271362,-0.10792086273431778,0.06337635219097137,0.302717924118042,-0.14786726236343384,0.04353968799114227,0.41792917251586914,-0.1695031374692917,0.028341516852378845,0.5035167336463928,-0.19010980427265167,0.17127050459384918,0.09587740898132324,-0.13087098300457,0.157244011759758,0.3121575713157654,-0.1640448123216629,0.18230889737606049,0.29759228229522705,-0.15236824750900269,0.19761787354946136,0.24793457984924316,-0.1432148516178131,0.24319563806056976,0.11154472827911377,-0.15329903364181519,0.22946171462535858,0.2894541025161743,-0.17728517949581146,0.23944662511348724,0.2765868306159973,-0.161505326628685,0.2444998174905777,0.2217862904071808,-0.14870451390743256
N,0.2805992364883423,0.0,-7.983420147184006e-08,0.18793413043022156,0.05968669056892395,-0.002254094462841749,0.12556704878807068,0.17400044202804565,-0.03270460292696953,0.13239377737045288,0.29993385076522827,-0.06543651223182678,0.16152963042259216,0.3778225779533386,-0.1036038026213646,0.04193770885467529,0.1072331964969635,-0.07814271003007889,0.019484221935272217,0.28810399770736694,-0.11997860670089722,0.010874554514884949,0.39361268281936646,-0.14932005107402802,0.0,0.4736708998680115,-0.1713682860136032,0.09996640682220459,0.09376159310340881,-0.10596626251935959,0.06272727251052856,0.29804301261901855,-0.14441107213497162,0.04208970069885254,0.41449183225631714,-0.16640599071979523,0.027236297726631165,0.4999234676361084,-0.18769069015979767,0.17235425114631653,0.09250986576080322,-0.12884226441383362,0.15427693724632263,0.30758965015411377,-0.1619441658258438,0.17970988154411316,0.30017441511154175,-0.151691272854805,0.19765010476112366,0.25401830673217773,-0.1435226947069168,0.24590739607810974,0.10669338703155518,-0.15103141963481903,0.22827520966529846,0.2853657007217407,-0.17578311264514923,0.23713457584381104,0.2769380807876587,-0.16127224266529083,0.2440393567085266,0.22332924604415894,-0.14926789700984955
N,0.2819233387708664,0.0,-8.711170096376009e-08,0.187843456864357,0.056434810161590576,-0.001997806830331683,0.12643270194530487,0.16892802715301514,-0.032569728791713715,0.13423864543437958,0.2959280014038086,-0.06557630747556686,0.162490114569664,0.3755178451538086,-0.10373937338590622,0.04282002151012421,0.10475876927375793,-0.07787100225687027,0.01904936134815216,0.28839975595474243,-0.12050105631351471,0.010426118969917297,0.3929668068885803,-0.1505519300699234,0.0,0.47346436977386475,-0.17315512895584106,0.09972123801708221,0.08970144391059875,-0.10579057782888412,0.06254170835018158,0.29614031314849854,-0.1443859338760376,0.042370811104774475,0.4117140769958496,-0.1669117510318756,0.027986064553260803,0.49776768684387207,-0.189118891954422,0.17114190757274628,0.0870259702205658,-0.12884043157100677,0.15676219761371613,0.3028433918952942,-0.1607515811920166,0.18184565007686615,0.2880380153656006,-0.1498766839504242,0.1976437121629715,0.2374991774559021,-0.14230206608772278,0.24343444406986237,0.09976357221603394,-0.15131472051143646,0.22884400188922882,0.2787138819694519,-0.1754610240459442,0.23893718421459198,0.26309913396835327,-0.1604793667793274,0.24443568289279938,0.20501232147216797,-0.1488099843263626
N,0.2807052731513977,0.0,-1.3346306104722316e-07,0.18500301241874695,0.051014482975006104,-0.0015153218992054462,0.12109574675559998,0.16167950630187988,-0.03126272186636925,0.1289859116077423,0.28825655579566956,-0.06352843344211578,0.15748879313468933,0.3666060268878937,-0.10130944848060608,0.03679853677749634,0.10061022639274597,-0.07564716786146164,0.01605290174484253,0.28428158164024353,-0.11707650870084763,0.009742781519889832,0.38911351561546326,-0.14733514189720154,0.0,0.46920284628868103,-0.17040516436100006,0.09487044811248779,0.08575782179832458,-0.10350187122821808,0.05941683053970337,0.29035684466362,-0.1395517736673355,0.03975053131580353,0.40514376759529114,-0.16169829666614532,0.025890886783599854,0.4913358986377716,-0.1843395084142685,0.1673651933670044,0.08276930451393127,-0.12652428448200226,0.15308406949043274,0.29381296038627625,-0.1555081456899643,0.1773236095905304,0.27769914269447327,-0.1447571963071823,0.19280457496643066,0.22725436091423035,-0.1383199393749237,0.24025866389274597,0.09459081292152405,-0.1490834802389145,0.22471973299980164,0.2712987959384918,-0.1711461842060089,0.234836608171463,0.2557324469089508,-0.1558292806148529,0.24104979634284973,0.19835767149925232,-0.14457076787948608
N,0.28091292083263397,0.0,-1.5533737496298272e-07,0.18380607664585114,0.04890739917755127,-0.0010862748604267836,0.11894245445728302,0.15938177704811096,-0.03068307414650917,0.1269892305135727,0.2874346971511841,-0.06303416192531586,0.15624387562274933,0.3641786575317383,-0.10075278580188751,0.03557346761226654,0.10021919012069702,-0.07482219487428665,0.014501750469207764,0.2825773358345032,-0.11648464947938919,0.00890377163887024,0.38631904125213623,-0.14766384661197662,0.0,0.4675329923629761,-0.17206141352653503,0.09381182491779327,0.08528727293014526,-0.1033485159277916,0.058125197887420654,0.28826993703842163,-0.1397479772567749,0.03826777637004852,0.4017859697341919,-0.16300281882286072,0.024706512689590454,0.490480899810791,-0.1872284710407257,0.166458860039711,0.08165991306304932,-0.12710712850093842,0.1534128040075302,0.2906656265258789,-0.15405906736850739,0.17671485245227814,0.2655722498893738,-0.14194698631763458,0.18932677805423737,0.21145018935203552,-0.13617610931396484,0.23860974609851837,0.09101510047912598,-0.1507146805524826,0.22436045110225677,0.26533955335617065,-0.17103120684623718,0.23517857491970062,0.2432154417037964,-0.1548636108636856,0.239838108420372,0.18370479345321655,-0.1442030966281891
N,0.2793782353401184,0.0,-1.4514775159568671e-07,0.1822001338005066,0.055626869201660156,-0.0012064893962815404,0.11646264791488647,0.16564315557479858,-0.03080950491130352,0.1255001425743103,0.29056859016418457,-0.06348814070224762,0.1577989161014557,0.3657459616661072,-0.10196924209594727,0.0348082035779953,0.10344263911247253,-0.07398010045289993,0.014924854040145874,0.28684473037719727,-0.11505256593227386,0.009504139423370361,0.3908405900001526,-0.1452006846666336,0.0,0.4715397357940674,-0.1687963902950287,0.09167540073394775,0.08476695418357849,-0.10265281796455383,0.0563487708568573,0.2881806492805481,-0.138550266623497,0.03711742162704468,0.40180855989456177,-0.16068844497203827,0.024517595767974854,0.4899402856826782,-0.18386678397655487,0.1641940176486969,0.07889887690544128,-0.12682600319385529,0.15192845463752747,0.28992795944213867,-0.1543753296136856,0.1762503683567047,0.2663266062736511,-0.14319275319576263,0.19023141264915466,0.21246761083602905,-0.1375868171453476,0.23677542805671692,0.08762401342391968,-0.1507590413093567,0.22179719805717468,0.2647770643234253,-0.17153075337409973,0.23327460885047913,0.24464774131774902,-0.15602920949459076,0.23972362279891968,0.18540048599243164,-0.14565257728099823
N,0.2779684364795685,0.0,-1.9014382246496098e-07,0.18190693855285645,0.051996469497680664,-0.00035661671427078545,0.11831188201904297,0.1598113775253296,-0.02834448590874672,0.12692219018936157,0.2826535105705261,-0.0598437637090683,0.1547534465789795,0.3570985794067383,-0.09658682346343994,0.03097650408744812,0.1030392050743103,-0.06622864305973053,0.012293785810470581,0.2837144732475281,-0.10653810203075409,0.007901221513748169,0.38771021366119385,-0.13636918365955353,0.0,0.46895915269851685,-0.15924246609210968,0.08707377314567566,0.08484545350074768,-0.09546215087175369,0.054573267698287964,0.28804486989974976,-0.1300966888666153,0.03652319312095642,0.40048080682754517,-0.15162014961242676,0.02336445450782776,0.49019110202789307,-0.17365224659442902,0.1587981879711151,0.0771888792514801,-0.12094898521900177,0.15271124243736267,0.2833746075630188,-0.15014205873012543,0.17629244923591614,0.25366467237472534,-0.14134180545806885,0.18789872527122498,0.1988348662853241,-0.13637813925743103,0.23189771175384521,0.08242607116699219,-0.1460069864988327,0.2204640507698059,0.2543133497238159,-0.16863343119621277,0.23268446326255798,0.22929292917251587,-0.15420135855674744,0.23819869756698608,0.1690387725830078,-0.14384619891643524
N,0.27990925312042236,0.0,-1.835335723399112e-07,0.18368035554885864,0.05088841915130615,0.00010651571938069537,0.11820566654205322,0.15808984637260437,-0.02739723213016987,0.12530571222305298,0.28214216232299805,-0.05868666246533394,0.15520364046096802,0.355399489402771,-0.09538532793521881,0.03240557014942169,0.10154607892036438,-0.06429741531610489,0.014351844787597656,0.28133898973464966,-0.10310018807649612,0.009433478116989136,0.3830391764640808,-0.13215294480323792,0.0,0.4625743627548218,-0.15511110424995422,0.08720532059669495,0.08356061577796936,-0.09373056143522263,0.05369214713573456,0.28378647565841675,-0.12827180325984955,0.035515084862709045,0.39640116691589355,-0.15026934444904327,0.023000717163085938,0.48560047149658203,-0.17276711761951447,0.1584937572479248,0.0765109658241272,-0.11921035498380661,0.1521170735359192,0.2834998369216919,-0.14694246649742126,0.17734253406524658,0.2565462589263916,-0.1371159851551056,0.18948224186897278,0.20270764827728271,-0.13199813663959503,0.23157793283462524,0.08276686072349548,-0.1444394290447235,0.22124958038330078,0.256893515586853,-0.16534405946731567,0.23440951108932495,0.23331648111343384,-0.1503269374370575,0.24033302068710327,0.17335402965545654,-0.14011463522911072
N,0.2779049724340439,0.0,-1.8141211910460697e-07,0.18183456361293793,0.05142319202423096,-0.0016625524731352925,0.11803083121776581,0.15842440724372864,-0.03136518970131874,0.1252845674753189,0.2823079824447632,-0.06429939717054367,0.15481965243816376,0.3498426675796509,-0.10258833318948746,0.03219117224216461,0.09824326634407043,-0.0706961527466774,0.01171557605266571,0.2790066599845886,-0.11136618256568909,0.0073477476835250854,0.38232243061065674,-0.1419115960597992,0.0,0.46133536100387573,-0.16581997275352478,0.08821417391300201,0.07863873243331909,-0.0991738811135292,0.055104151368141174,0.28125500679016113,-0.1353548914194107,0.036337241530418396,0.39694106578826904,-0.1589169055223465,0.024198710918426514,0.4872041940689087,-0.18293046951293945,0.1598833054304123,0.07158923149108887,-0.12342451512813568,0.1496458202600479,0.2784382700920105,-0.1521501988172531,0.17366184294223785,0.25327032804489136,-0.14251211285591125,0.18639062345027924,0.19970783591270447,-0.13762503862380981,0.23115096986293793,0.07830202579498291,-0.14744916558265686,0.21864785254001617,0.2520907521247864,-0.16966499388217926,0.23092786967754364,0.22998356819152832,-0.15512193739414215,0.23761047422885895,0.1708383858203888,-0.1450594961643219
N,0.2741931080818176,0.0,-2.1269052297157032e-07,0.1793387532234192,0.05052363872528076,-0.000945027160923928,0.11308345198631287,0.15671306848526,-0.029567403718829155,0.12018656730651855,0.2802484929561615,-0.06212721765041351,0.1496654748916626,0.3446011245250702,-0.10013122111558914,0.026893317699432373,0.10236653685569763,-0.06482736766338348,0.009129464626312256,0.2811703383922577,-0.10379641503095627,0.006656229496002197,0.3819126784801483,-0.13355416059494019,0.0,0.4601990878582001,-0.15747232735157013,0.08103862404823303,0.08306393027305603,-0.09423322230577469,0.048803284764289856,0.2847292721271515,-0.129303440451622,0.032069236040115356,0.39802607893943787,-0.15306338667869568,0.021088331937789917,0.4885982573032379,-0.17728854715824127,0.15256211161613464,0.07356810569763184,-0.11962030827999115,0.14533841609954834,0.27867457270622253,-0.14741164445877075,0.17133361101150513,0.24974766373634338,-0.1379600167274475,0.18358772993087769,0.19581303000450134,-0.133723184466362,0.2247028648853302,0.07738879323005676,-0.14488805830478668,0.21525481343269348,0.2503035366535187,-0.16659076511859894,0.2286040186882019,0.2259174883365631,-0.15214137732982635,0.2350849211215973,0.16698023676872253,-0.14262548089027405
N,0.2693837583065033,0.0,-2.0436823433556128e-07,0.17489585280418396,0.05210006237030029,-0.001844966784119606,0.11063483357429504,0.15731322765350342,-0.03310025483369827,0.11964094638824463,0.2793119549751282,-0.06809058040380478,0.148262619972229,0.34364616870880127,-0.10863065719604492,0.0243111252784729,0.10333031415939331,-0.07221539318561554,0.006914407014846802,0.28115153312683105,-0.1140938252210617,0.005139410495758057,0.3813071846961975,-0.1459912657737732,0.0,0.4595361351966858,-0.17131654918193817,0.07871696352958679,0.08223351836204529,-0.10185349732637405,0.0477370023727417,0.2827480435371399,-0.13917890191078186,0.031311869621276855,0.3958895206451416,-0.16350460052490234,0.021448075771331787,0.48652535676956177,-0.18852007389068604,0.15052127838134766,0.07128915190696716,-0.12721464037895203,0.14425382018089294,0.27846264839172363,-0.15424120426177979,0.16886761784553528,0.24839019775390625,-0.14266197383403778,0.17984548211097717,0.1930515170097351,-0.1380356401205063,0.22225773334503174,0.07349768280982971,-0.1527332365512848,0.2138955295085907,0.24749135971069336,-0.17335832118988037,0.22642439603805542,0.22313886880874634,-0.15755173563957214,0.23167374730110168,0.16356971859931946,-0.14771424233913422
N,0.26739072799682617,0.0,-2.1899174384998332e-07,0.17299222946166992,0.04711088538169861,-0.00019063634681515396,0.10849514603614807,0.15275412797927856,-0.029607759788632393,0.11737334728240967,0.27566564083099365,-0.06272000074386597,0.147247314453125,0.3434659242630005,-0.10172602534294128,0.023797452449798584,0.10611104965209961,-0.06984178721904755,0.00704348087310791,0.28463590145111084,-0.11082059144973755,0.0055373311042785645,0.3857690095901489,-0.14253941178321838,0.0,0.4628499150276184,-0.1675977259874344,0.07852059602737427,0.08595067262649536,-0.09895401448011398,0.04768417775630951,0.2871283292770386,-0.13369528949260712,0.032129257917404175,0.39927196502685547,-0.15680436789989471,0.023128435015678406,0.48729169368743896,-0.18131797015666962,0.14998206496238708,0.0761200487613678,-0.12380453199148178,0.14154943823814392,0.28268492221832275,-0.14909835159778595,0.16659453511238098,0.2569253444671631,-0.1382855474948883,0.17961788177490234,0.20298397541046143,-0.1344010978937149,0.22078952193260193,0.07976698875427246,-0.1486075520515442,0.21144887804985046,0.25457918643951416,-0.16878415644168854,0.22356629371643066,0.23294174671173096,-0.1540948897600174,0.22982579469680786,0.17439204454421997,-0.14503976702690125
N,0.264797180891037,0.0,-1.906049931221787e-07,0.17151525616645813,0.05068230628967285,-0.0013361612800508738,0.11134162545204163,0.1589319109916687,-0.03183659538626671,0.1236361563205719,0.2820971608161926,-0.06583666056394577,0.15189909934997559,0.3479764461517334,-0.10533755272626877,0.02552950382232666,0.1091228723526001,-0.07160064578056335,0.008286774158477783,0.2879701852798462,-0.11339063197374344,0.005997642874717712,0.3907230496406555,-0.144491508603096,0.0,0.46963465213775635,-0.16880986094474792,0.07910123467445374,0.09014451503753662,-0.10100904852151871,0.04879297316074371,0.29182523488998413,-0.13728415966033936,0.03241509199142456,0.40459561347961426,-0.16001760959625244,0.02146163582801819,0.4938349723815918,-0.1835482269525528,0.14962297677993774,0.07991373538970947,-0.12630607187747955,0.14613047242164612,0.285639226436615,-0.15478478372097015,0.16984710097312927,0.25670385360717773,-0.14492270350456238,0.18031933903694153,0.20174220204353333,-0.14053601026535034,0.22128364443778992,0.08271437883377075,-0.1514461785554886,0.2150132954120636,0.2543833255767822,-0.17375098168849945,0.22633448243141174,0.2300472855567932,-0.15920835733413696,0.23033294081687927,0.17046478390693665,-0.14964310824871063
N,0.26916277408599854,0.0,-1.9815045959603594e-07,0.1779804825782776,0.050398558378219604,-0.0018296228954568505,0.1184922456741333,0.1572917401790619,-0.030983325093984604,0.12803053855895996,0.28118565678596497,-0.06311871111392975,0.15186485648155212,0.35360828042030334,-0.1005612164735794,0.029687732458114624,0.10818654298782349,-0.07040473818778992,0.013878986239433289,0.2846895754337311,-0.1112789735198021,0.00928238034248352,0.3854970633983612,-0.14200495183467865,0.0,0.46475324034690857,-0.16619248688220978,0.08350318670272827,0.08762255311012268,-0.09882012754678726,0.053609222173690796,0.2870192229747772,-0.1341954618692398,0.037915781140327454,0.3994964063167572,-0.15639668703079224,0.02689763903617859,0.488512247800827,-0.17933939397335052,0.1532396376132965,0.07627850770950317,-0.12313874810934067,0.15042147040367126,0.2826516926288605,-0.15185321867465973,0.17516601085662842,0.25670239329338074,-0.14174531400203705,0.18574988842010498,0.20225927233695984,-0.13671933114528656,0.22436651587486267,0.0785762369632721,-0.14722242951393127,0.21988293528556824,0.2508717477321625,-0.16990166902542114,0.2313280999660492,0.22751876711845398,-0.15517786145210266,0.23366743326187134,0.16780656576156616,-0.14505551755428314
N,0.25170573592185974,0.0,-2.528317395444901e-07,0.16295278072357178,0.0606878399848938,-0.00114063685759902,0.10556685924530029,0.17470461130142212,-0.03065541759133339,0.12010404467582703,0.2997859716415405,-0.06375527381896973,0.14865341782569885,0.3715829849243164,-0.10258440673351288,0.017341136932373047,0.1282878816127777,-0.07135821133852005,0.0045419782400131226,0.3069755434989929,-0.11636065691709518,0.0031493306159973145,0.4105149507522583,-0.15154479444026947,0.0,0.49114537239074707,-0.1784025877714157,0.06935474276542664,0.10657671093940735,-0.10027483105659485,0.04661104083061218,0.30606019496917725,-0.13599428534507751,0.03394535183906555,0.41934049129486084,-0.1585574597120285,0.027734622359275818,0.5110123157501221,-0.18283165991306305,0.13904184103012085,0.09322410821914673,-0.12575849890708923,0.14119619131088257,0.30241066217422485,-0.15090744197368622,0.1645602285861969,0.2753378748893738,-0.14015033841133118,0.1762307584285736,0.22055849432945251,-0.13690932095050812,0.21082255244255066,0.0944318175315857,-0.15169081091880798,0.2086104154586792,0.27435898780822754,-0.1722177416086197,0.22037562727928162,0.25869375467300415,-0.15878170728683472,0.22531339526176453,0.20364847779273987,-0.15094532072544098
N,0.24165348708629608,0.0,-2.1085664059228293e-07,0.1508757323026657,0.062440425157547,-0.005805228371173143,0.09637601673603058,0.18647590279579163,-0.0381665863096714,0.11957477033138275,0.3112918436527252,-0.07142072170972824,0.1595599502325058,0.38063767552375793,-0.11119009554386139,0.01740376651287079,0.13133326172828674,-0.08976412564516068,0.005816325545310974,0.31275323033332825,-0.13364718854427338,0.0038205981254577637,0.4186933934688568,-0.1672711819410324,0.0,0.5023281872272491,-0.19365902245044708,0.07332353293895721,0.10650047659873962,-0.1150117814540863,0.05463866889476776,0.3078804314136505,-0.15052469074726105,0.043920353055000305,0.4270942509174347,-0.1718539297580719,0.04221604764461517,0.522700160741806,-0.1961125284433365,0.14452289044857025,0.0925297737121582,-0.13537812232971191,0.14661560952663422,0.3046016991138458,-0.15911202132701874,0.1620701104402542,0.2768348753452301,-0.14763006567955017,0.17118452489376068,0.22024646401405334,-0.14472372829914093,0.21535693109035492,0.09450945258140564,-0.15604232251644135,0.21295268833637238,0.2768154442310333,-0.17590391635894775,0.21947504580020905,0.2597760260105133,-0.16174942255020142,0.22109274566173553,0.20144304633140564,-0.15387439727783203
N,0.2258307933807373,0.0,-2.1641059788635175e-07,0.1404721438884735,0.06250333786010742,-0.0054320222698152065,0.09387621283531189,0.18866530060768127,-0.037847425788640976,0.11820027232170105,0.31617194414138794,-0.071404367685318,0.15227308869361877,0.38831663131713867,-0.11153843253850937,0.016180723905563354,0.14630621671676636,-0.08844706416130066,0.003103792667388916,0.33191126585006714,-0.13096332550048828,0.0019107311964035034,0.4383660554885864,-0.16217747330665588,0.0,0.5222163200378418,-0.18616178631782532,0.07056549191474915,0.12443098425865173,-0.11307534575462341,0.05469924211502075,0.326462984085083,-0.14814713597297668,0.048141926527023315,0.4460412263870239,-0.16728170216083527,0.04877766966819763,0.544197678565979,-0.1888417899608612,0.13997572660446167,0.11112052202224731,-0.13291001319885254,0.1473604142665863,0.3170125484466553,-0.15830956399440765,0.1602148711681366,0.28316688537597656,-0.1476934850215912,0.16668060421943665,0.22556468844413757,-0.1441921442747116,0.20976760983467102,0.11329212784767151,-0.15266498923301697,0.20880678296089172,0.29060542583465576,-0.1743813306093216,0.21508032083511353,0.27040183544158936,-0.16059686243534088,0.216505229473114,0.2123432755470276,-0.15206634998321533
N,0.21444907784461975,0.0,-1.273952960900715e-07,0.13417312502861023,0.07110770046710968,-0.005517816171050072,0.09392336010932922,0.19972200691699982,-0.03970615565776825,0.12009969353675842,0.32207511365413666,-0.07463669031858444,0.1588263213634491,0.38896970450878143,-0.11582529544830322,0.010495781898498535,0.1566978543996811,-0.09707027673721313,0.001643061637878418,0.3380921930074692,-0.14097321033477783,0.0015754401683807373,0.44314776360988617,-0.17240391671657562,0.0,0.5260908454656601,-0.1966811567544937,0.06687518954277039,0.12671492993831635,-0.12179075926542282,0.057777076959609985,0.3327803462743759,-0.16034987568855286,0.05445489287376404,0.452166423201561,-0.17972534894943237,0.056928277015686035,0.5437252372503281,-0.20099182426929474,0.13708266615867615,0.1093205064535141,-0.14083826541900635,0.14855217933654785,0.3206379860639572,-0.1675652265548706,0.1607314944267273,0.2914532274007797,-0.15251009166240692,0.16698157787322998,0.23419438302516937,-0.14493249356746674,0.20631366968154907,0.10809032618999481,-0.15987782180309296,0.20792162418365479,0.29087500274181366,-0.18170686066150665,0.213277667760849,0.27597545087337494,-0.1648244708776474,0.21343201398849487,0.22071222960948944,-0.15302684903144836
N,0.20979812741279602,0.0,-1.0306865050324632e-07,0.12928596138954163,0.07511529326438904,-0.006286001764237881,0.09071025252342224,0.2054905891418457,-0.04063713923096657,0.12030103802680969,0.32615959644317627,-0.07478009909391403,0.1640166938304901,0.3858903646469116,-0.11512386053800583,0.012545347213745117,0.15325045585632324,-0.10073743015527725,0.0023702681064605713,0.3318058252334595,-0.14307382702827454,0.0018428564071655273,0.4357724189758301,-0.17329582571983337,0.0,0.519494891166687,-0.19703072309494019,0.07040804624557495,0.12549886107444763,-0.12346580624580383,0.06300938129425049,0.32744723558425903,-0.1608491837978363,0.06164956092834473,0.44642162322998047,-0.1792200654745102,0.06608209013938904,0.5397802591323853,-0.19990645349025726,0.14040285348892212,0.11213159561157227,-0.1400393545627594,0.14834675192832947,0.3186185956001282,-0.1650565266609192,0.15638580918312073,0.2870906591415405,-0.14896301925182343,0.16140559315681458,0.23019230365753174,-0.1405583620071411,0.20845529437065125,0.11499345302581787,-0.15655100345611572,0.2047366499900818,0.29169631004333496,-0.17559295892715454,0.2077447772026062,0.27844178676605225,-0.15741944313049316,0.2081121802330017,0.22756639122962952,-0.1449357569217682
N,0.19824081659317017,0.0,-1.0333746303103908e-07,0.12013047933578491,0.07246409356594086,-0.007830671966075897,0.08526262640953064,0.2012094110250473,-0.04319307953119278,0.11959829926490784,0.32202185690402985,-0.07815074175596237,0.16163000464439392,0.38452954590320587,-0.11907320469617844,0.008780837059020996,0.15942145884037018,-0.1033138632774353,0.0,0.3437030464410782,-0.1470053791999817,0.003037393093109131,0.4505825787782669,-0.17713120579719543,0.005337536334991455,0.5342613011598587,-0.1998986452817917,0.06787419319152832,0.1313237100839615,-0.12490862607955933,0.06601133942604065,0.33604009449481964,-0.1636505126953125,0.06727442145347595,0.455305352807045,-0.18218259513378143,0.07374069094657898,0.5482525378465652,-0.20242182910442352,0.13792169094085693,0.11671306192874908,-0.1405113786458969,0.14944204688072205,0.31974245607852936,-0.16676726937294006,0.15345817804336548,0.28431351482868195,-0.15147826075553894,0.15462800860404968,0.22679679095745087,-0.14329659938812256,0.2050267457962036,0.11860485374927521,-0.15595708787441254,0.2028922736644745,0.2916044741868973,-0.17577829957008362,0.20398902893066406,0.27420611679553986,-0.15775524079799652,0.2022092044353485,0.22277037799358368,-0.1451304405927658
N,0.18744781613349915,0.0,-7.497518339505405e-08,0.10965251922607422,0.06460228562355042,-0.005430134478956461,0.0807248055934906,0.1942509114742279,-0.04060644283890724,0.12010502815246582,0.3222770392894745,-0.07540077716112137,0.1630372703075409,0.3965069353580475,-0.11629196256399155,0.009626150131225586,0.16255754232406616,-0.10711146891117096,0.0,0.35295137763023376,-0.1504065841436386,0.004804342985153198,0.4602123200893402,-0.17857152223587036,0.007861733436584473,0.5442144572734833,-0.19954904913902283,0.07121747732162476,0.13646313548088074,-0.1294700652360916,0.07015413045883179,0.3441297113895416,-0.16757994890213013,0.07571280002593994,0.46218058466911316,-0.1829541176557541,0.08441844582557678,0.5538491308689117,-0.20060335099697113,0.14143803715705872,0.12348151206970215,-0.14538726210594177,0.1516895592212677,0.32656410336494446,-0.1737641543149948,0.1532851755619049,0.2925815284252167,-0.1580045372247696,0.15336164832115173,0.23649567365646362,-0.14875595271587372,0.20747652649879456,0.1265271008014679,-0.16043983399868011,0.20203182101249695,0.29334887862205505,-0.18286007642745972,0.20082375407218933,0.27571192383766174,-0.16500970721244812,0.19891640543937683,0.22595122456550598,-0.15176042914390564
N,0.1735895276069641,0.0,1.5422351395955047e-08,0.09822532534599304,0.06418845057487488,-0.012430604547262192,0.07016423344612122,0.19547948241233826,-0.04972970858216286,0.10949701070785522,0.32609090209007263,-0.08491074293851852,0.15943893790245056,0.39832940697669983,-0.12551265954971313,0.0060416460037231445,0.16442126035690308,-0.11309147626161575,0.0,0.35977473855018616,-0.15398764610290527,0.00524488091468811,0.466728538274765,-0.17814211547374725,0.006975293159484863,0.5501583516597748,-0.19653768837451935,0.06866106390953064,0.1455208659172058,-0.13139396905899048,0.07162261009216309,0.3565892279148102,-0.17054271697998047,0.07686677575111389,0.4723617136478424,-0.18432097136974335,0.083841472864151,0.5629685819149017,-0.2001141756772995,0.13929909467697144,0.13669109344482422,-0.14338350296020508,0.14587965607643127,0.3353404700756073,-0.17483802139759064,0.1420994997024536,0.29646971821784973,-0.15817594528198242,0.1411864459514618,0.23977503180503845,-0.1467689871788025,0.2063124179840088,0.14181920886039734,-0.15495888888835907,0.19391483068466187,0.30322352051734924,-0.17914822697639465,0.18919968605041504,0.2816086411476135,-0.161875382065773,0.18875539302825928,0.23212888836860657,-0.14867520332336426
N,0.16736361384391785,0.0,6.919594852661248e-08,0.09349372982978821,0.06792175769805908,-0.010720518417656422,0.06639468669891357,0.20026224851608276,-0.044870659708976746,0.10508319735527039,0.3304886221885681,-0.07686949521303177,0.1518239974975586,0.40514039993286133,-0.112954281270504,0.0042504966259002686,0.16816604137420654,-0.10395245254039764,0.0,0.3639494776725769,-0.1419280767440796,0.0070795416831970215,0.4728822708129883,-0.16307862102985382,0.01082378625869751,0.5549494028091431,-0.1780935376882553,0.07010304927825928,0.15161734819412231,-0.1208856925368309,0.07359567284584045,0.3666144609451294,-0.15634189546108246,0.0801931619644165,0.4809502959251404,-0.16770219802856445,0.08608579635620117,0.5655018091201782,-0.1809311807155609,0.1406320035457611,0.14686977863311768,-0.13164857029914856,0.145419180393219,0.3511483073234558,-0.15967389941215515,0.14190304279327393,0.3179889917373657,-0.14155252277851105,0.1413659155368805,0.2627672255039215,-0.12853051722049713,0.20759797096252441,0.15565598011016846,-0.14201165735721588,0.19326812028884888,0.3188779950141907,-0.1617608666419983,0.1891312301158905,0.299397349357605,-0.14257217943668365,0.18950700759887695,0.25047942996025085,-0.12771770358085632
N,0.16410696506500244,0.0,1.2165082807769068e-07,0.09072500467300415,0.06519067287445068,-0.011341448873281479,0.0637407898902893,0.1922103762626648,-0.046031322330236435,0.09980884194374084,0.31812232732772827,-0.07846393436193466,0.1450982391834259,0.3946388363838196,-0.1150066927075386,0.0,0.1666790246963501,-0.10797731578350067,0.00021666288375854492,0.36138397455215454,-0.14520877599716187,0.010119527578353882,0.4678063988685608,-0.16461358964443207,0.015127867460250854,0.5504292249679565,-0.17822837829589844,0.06626549363136292,0.14696615934371948,-0.1244860514998436,0.07494950294494629,0.36480557918548584,-0.15976877510547638,0.0835064947605133,0.4782475233078003,-0.16990052163600922,0.0897226631641388,0.5614784955978394,-0.18197189271450043,0.13758745789527893,0.13931995630264282,-0.13464920222759247,0.14495837688446045,0.3436821699142456,-0.16450299322605133,0.14124330878257751,0.31563621759414673,-0.147938072681427,0.1404222846031189,0.26224443316459656,-0.13531894981861115,0.2052147388458252,0.14750081300735474,-0.14413999021053314,0.19445276260375977,0.30830568075180054,-0.16643421351909637,0.18795496225357056,0.29437869787216187,-0.14960402250289917,0.18469125032424927,0.24920186400413513,-0.1358637660741806
N,0.1529737114906311,0.0,1.4893186062181485e-07,0.07934993505477905,0.06934267282485962,-0.014605395495891571,0.054178714752197266,0.19749316573143005,-0.05283355712890625,0.0926278829574585,0.32097309827804565,-0.08824741840362549,0.14098334312438965,0.3946290612220764,-0.1282351166009903,0.0,0.1704796850681305,-0.11814983934164047,0.0020715296268463135,0.3705782890319824,-0.15733850002288818,0.012062549591064453,0.47683829069137573,-0.17803916335105896,0.01797640323638916,0.5593448281288147,-0.19253414869308472,0.06964272260665894,0.1474718451499939,-0.13347093760967255,0.08035913109779358,0.3644598126411438,-0.17209242284297943,0.08868411183357239,0.4811961054801941,-0.18424558639526367,0.09713131189346313,0.5662352442741394,-0.19796548783779144,0.14166691899299622,0.13933831453323364,-0.1419762372970581,0.1477813720703125,0.3457736372947693,-0.17221850156784058,0.13944777846336365,0.314306378364563,-0.15517374873161316,0.13662084937095642,0.2598000764846802,-0.14293667674064636,0.20678669214248657,0.14819788932800293,-0.15006257593631744,0.19337287545204163,0.3102014660835266,-0.1724173128604889,0.1840353012084961,0.2889305651187897,-0.15476982295513153,0.17995572090148926,0.23908165097236633,-0.14082962274551392
N,0.1550467610359192,0.0,1.5964980093485792e-07,0.07447788119316101,0.0713452696800232,-0.012104207649827003,0.035919368267059326,0.19511285424232483,-0.04423869401216507,0.054449230432510376,0.3090629577636719,-0.07314245402812958,0.09016358852386475,0.38261979818344116,-0.1055554524064064,0.0,0.16912755370140076,-0.11110222339630127,0.0049939751625061035,0.3683058023452759,-0.14932478964328766,0.016940712928771973,0.47707462310791016,-0.16864047944545746,0.024010032415390015,0.5621786117553711,-0.18121664226055145,0.07198765873908997,0.14684799313545227,-0.12565995752811432,0.09060615301132202,0.3656854033470154,-0.16200105845928192,0.09833341836929321,0.4823189377784729,-0.17121629416942596,0.1043611466884613,0.5646555423736572,-0.18194520473480225,0.14466357231140137,0.13963213562965393,-0.13390898704528809,0.14975681900978088,0.3480706810951233,-0.16336335241794586,0.13757404685020447,0.3260606527328491,-0.14595913887023926,0.13387078046798706,0.2746936082839966,-0.13223114609718323,0.2100139856338501,0.1477963626384735,-0.1417350471019745,0.19518542289733887,0.3080238699913025,-0.16391396522521973,0.18039068579673767,0.29295283555984497,-0.14740508794784546,0.17269188165664673,0.24844416975975037,-0.13315901160240173
N,0.14720416069030762,0.0,1.5735361102997558e-07,0.0657273530960083,0.07870341837406158,-0.011579333804547787,0.026838213205337524,0.20567874610424042,-0.04212179034948349,0.039283186197280884,0.3213738352060318,-0.06880394369363785,0.07002043724060059,0.3983861356973648,-0.09911320358514786,0.0,0.17450357973575592,-0.11138306558132172,0.004843324422836304,0.37602879106998444,-0.1495208442211151,0.018042415380477905,0.4877317100763321,-0.16779233515262604,0.02726191282272339,0.572038546204567,-0.17847292125225067,0.07469353079795837,0.1500251144170761,-0.12433036416769028,0.09683901071548462,0.3762142211198807,-0.15907974541187286,0.107290118932724,0.49803026020526886,-0.16585390269756317,0.1149965226650238,0.5786836296319962,-0.17415833473205566,0.14853310585021973,0.1428908258676529,-0.131087988615036,0.1534712314605713,0.35888780653476715,-0.15790115296840668,0.13957640528678894,0.3577292710542679,-0.14004266262054443,0.13379022479057312,0.31782521307468414,-0.1258135437965393,0.2124493420124054,0.15271709859371185,-0.13735170662403107,0.19663363695144653,0.3180883079767227,-0.15713220834732056,0.17923730611801147,0.3168308883905411,-0.14033441245555878,0.1697830855846405,0.2811000496149063,-0.12545135617256165
N,0.140567809343338,0.0,2.2881511085870443e-07,0.05688720941543579,0.07981491088867188,-0.013591891154646873,0.02004218101501465,0.21093598008155823,-0.04361084848642349,0.0377601683139801,0.3286879360675812,-0.06876080483198166,0.07231399416923523,0.406195729970932,-0.09737411141395569,0.0,0.17967361211776733,-0.11266368627548218,0.009044796228408813,0.3821241557598114,-0.15056787431240082,0.022642016410827637,0.4946988523006439,-0.16810119152069092,0.03205662965774536,0.5804314315319061,-0.17767871916294098,0.07659482955932617,0.15568989515304565,-0.12362781912088394,0.10054099559783936,0.38116052746772766,-0.15740254521369934,0.11179116368293762,0.5030399262905121,-0.16256316006183624,0.11908036470413208,0.5813941657543182,-0.16877861320972443,0.15003728866577148,0.14798173308372498,-0.12867942452430725,0.15547209978103638,0.3690122067928314,-0.1550087183713913,0.13955184817314148,0.38874754309654236,-0.13818728923797607,0.1305009126663208,0.3630158007144928,-0.12408257275819778,0.21284431219100952,0.15641525387763977,-0.13327637314796448,0.19601872563362122,0.3249240815639496,-0.1530700922012329,0.1743457317352295,0.33525070548057556,-0.13734254240989685,0.16057637333869934,0.30703219771385193,-0.1226714625954628
N,0.13670358061790466,0.0,3.1227168051373155e-07,0.055100589990615845,0.07771238684654236,-0.01815376803278923,0.01928079128265381,0.21028760075569153,-0.049137141555547714,0.03835257887840271,0.331913560628891,-0.07353967428207397,0.07313060760498047,0.412935346364975,-0.10076285898685455,0.0,0.17394843697547913,-0.12075341492891312,0.008619904518127441,0.380842000246048,-0.15914414823055267,0.02265709638595581,0.4905327260494232,-0.17486046254634857,0.03256863355636597,0.57498499751091,-0.1826535314321518,0.07541781663894653,0.14972808957099915,-0.12763865292072296,0.10070666670799255,0.3779444992542267,-0.16183459758758545,0.11278727650642395,0.4999842345714569,-0.16560447216033936,0.1206648051738739,0.5788167417049408,-0.1705886274576187,0.14765095710754395,0.1419055163860321,-0.1287594735622406,0.15505453944206238,0.3628164231777191,-0.15567173063755035,0.13884255290031433,0.3872193992137909,-0.1404154747724533,0.12897801399230957,0.36354008316993713,-0.12697839736938477,0.20987263321876526,0.1510539948940277,-0.1296112984418869,0.1939622163772583,0.3184221088886261,-0.15131236612796783,0.1707499623298645,0.3398226201534271,-0.13999679684638977,0.15546724200248718,0.321704238653183,-0.12826994061470032
N,0.13121330738067627,0.0,3.216474055989238e-07,0.050246626138687134,0.0849112868309021,-0.018432170152664185,0.018071234226226807,0.22037085890769958,-0.05035143345594406,0.039125144481658936,0.33989614248275757,-0.07592141628265381,0.07495743036270142,0.4191121459007263,-0.10440917313098907,0.0,0.1805267632007599,-0.12042701244354248,0.008373409509658813,0.3839725852012634,-0.1601923406124115,0.023600071668624878,0.49596184492111206,-0.1776711493730545,0.03473958373069763,0.580739438533783,-0.18651160597801208,0.07679420709609985,0.15546071529388428,-0.12791775166988373,0.10364466905593872,0.37959736585617065,-0.16259218752384186,0.11617907881736755,0.5042173266410828,-0.1669236123561859,0.12460854649543762,0.5851566195487976,-0.17225246131420135,0.14924019575119019,0.14625334739685059,-0.1296463906764984,0.15704604983329773,0.3648379445075989,-0.15593348443508148,0.13634827733039856,0.38764041662216187,-0.1389733999967575,0.12298202514648438,0.3633120656013489,-0.12464246153831482,0.21082210540771484,0.15349432826042175,-0.13134782016277313,0.19452807307243347,0.3184601664543152,-0.15158556401729584,0.16949233412742615,0.33248549699783325,-0.13705793023109436,0.15297818183898926,0.3074837923049927,-0.12308572977781296
N,0.12850213050842285,0.0,4.034988876355783e-07,0.047578245401382446,0.08378010988235474,-0.019501082599163055,0.0170137882232666,0.22232931852340698,-0.05070074275135994,0.03956806659698486,0.3462427258491516,-0.07426436245441437,0.07283514738082886,0.43006932735443115,-0.10041859745979309,0.0,0.18074727058410645,-0.12550298869609833,0.005601644515991211,0.3877042531967163,-0.16363361477851868,0.01817372441291809,0.49798184633255005,-0.17796587944030762,0.028274476528167725,0.5810092687606812,-0.1840393841266632,0.07792899012565613,0.15614080429077148,-0.13020150363445282,0.105478435754776,0.38746678829193115,-0.16331617534160614,0.11870524287223816,0.5058807730674744,-0.16461877524852753,0.126867413520813,0.5797668695449829,-0.16735519468784332,0.1499793827533722,0.14663511514663696,-0.12876825034618378,0.15639784932136536,0.37011075019836426,-0.15340353548526764,0.1347295343875885,0.4008384943008423,-0.13635464012622833,0.11936131119728088,0.384652316570282,-0.12213640660047531,0.21024861931800842,0.15254175662994385,-0.127073734998703,0.19214731454849243,0.3174891471862793,-0.14627975225448608,0.16421976685523987,0.3354620337486267,-0.132847398519516,0.1454821527004242,0.31557416915893555,-0.11975885927677155
N,0.12986785173416138,0.0,4.0231537923318683e-07,0.04951196908950806,0.08731499314308167,-0.01984591782093048,0.02213841676712036,0.2293141484260559,-0.050428297370672226,0.04355067014694214,0.35459235310554504,-0.07363282144069672,0.076774001121521,0.4403837025165558,-0.09910716116428375,0.0,0.18527203798294067,-0.12072652578353882,0.005104929208755493,0.3891822397708893,-0.15982702374458313,0.01657271385192871,0.5007544457912445,-0.1758384257555008,0.026785969734191895,0.5853724777698517,-0.1829649806022644,0.07786762714385986,0.1614285409450531,-0.12597139179706573,0.10553398728370667,0.39014574885368347,-0.1598377674818039,0.12176525592803955,0.5118346512317657,-0.16280317306518555,0.1326296627521515,0.5885367691516876,-0.16659675538539886,0.14994120597839355,0.15279483795166016,-0.12556345760822296,0.15742456912994385,0.38000157475471497,-0.15102773904800415,0.13646048307418823,0.4096699059009552,-0.13457657396793365,0.12246197462081909,0.38784483075141907,-0.12016288936138153,0.21082615852355957,0.15989995002746582,-0.12512357532978058,0.19364571571350098,0.3350362479686737,-0.1444866806268692,0.1661701500415802,0.3549335300922394,-0.13093626499176025,0.1482526957988739,0.3321402966976166,-0.1173970028758049
N,0.13156646490097046,0.0,3.876962750837265e-07,0.052010178565979004,0.08648204803466797,-0.021228542551398277,0.02449318766593933,0.22694045305252075,-0.05387743189930916,0.04772293567657471,0.3500688970088959,-0.07891619205474854,0.08151984214782715,0.4334964454174042,-0.10621228069067001,0.0,0.18142849206924438,-0.12569673359394073,0.007948517799377441,0.38905802369117737,-0.1654926836490631,0.019826620817184448,0.5021617710590363,-0.18161052465438843,0.029271811246871948,0.5884899199008942,-0.18908298015594482,0.07904455065727234,0.1553424894809723,-0.13132734596729279,0.10963842272758484,0.3847426474094391,-0.16733364760875702,0.1261412501335144,0.5100610554218292,-0.17106901109218597,0.1369282305240631,0.591730386018753,-0.1755741685628891,0.15187612175941467,0.14651909470558167,-0.13106077909469604,0.15940475463867188,0.37342146039009094,-0.1587369590997696,0.13657590746879578,0.3967858850955963,-0.14187853038311005,0.12285521626472473,0.3714618980884552,-0.12709875404834747,0.21317267417907715,0.15480437874794006,-0.1307978481054306,0.1951485574245453,0.3287082016468048,-0.15166421234607697,0.1661985218524933,0.3400152623653412,-0.13734085857868195,0.14925578236579895,0.31187573075294495,-0.12333222478628159
N,0.1290026605129242,0.0,3.9532017126475694e-07,0.04615581035614014,0.08815515041351318,-0.021058453246951103,0.019663095474243164,0.22986221313476562,-0.05366519093513489,0.042614758014678955,0.3533110022544861,-0.07855250686407089,0.07621565461158752,0.4350423812866211,-0.10543915629386902,0.0,0.18404975533485413,-0.12583735585212708,0.0058297812938690186,0.39107680320739746,-0.16461360454559326,0.01758691668510437,0.5037738084793091,-0.18023407459259033,0.026937127113342285,0.5893093347549438,-0.18750669062137604,0.07953202724456787,0.1600467562675476,-0.13061390817165375,0.10743576288223267,0.3869971036911011,-0.16625294089317322,0.12191158533096313,0.513531506061554,-0.17023897171020508,0.13220131397247314,0.5951944589614868,-0.1752157062292099,0.1519005000591278,0.15292799472808838,-0.1292053461074829,0.1562195122241974,0.37982916831970215,-0.15544159710407257,0.1299295723438263,0.39739763736724854,-0.13903658092021942,0.1148659884929657,0.3646320700645447,-0.12494679540395737,0.21099820733070374,0.16236814856529236,-0.12776632606983185,0.19101601839065552,0.33563709259033203,-0.1472271978855133,0.16076123714447021,0.3443756103515625,-0.1334880292415619,0.1435365378856659,0.31272387504577637,-0.12025976181030273
N,0.126756489276886,0.0,3.953120142341504e-07,0.047701358795166016,0.08524644374847412,-0.020203102380037308,0.022787660360336304,0.23029842972755432,-0.05177649110555649,0.048822999000549316,0.35943377017974854,-0.0760013684630394,0.08201858401298523,0.44485294818878174,-0.10171008110046387,0.0,0.19524729251861572,-0.12215957045555115,0.010546505451202393,0.4034065008163452,-0.15858007967472076,0.023406267166137695,0.5116263628005981,-0.17189371585845947,0.0319521427154541,0.596820592880249,-0.1785382330417633,0.07916292548179626,0.17448902130126953,-0.12816224992275238,0.10875296592712402,0.4049323797225952,-0.1626298427581787,0.12109953165054321,0.5236818194389343,-0.16633732616901398,0.1306798756122589,0.6057336330413818,-0.17150826752185822,0.1514573097229004,0.1634778380393982,-0.127738356590271,0.16141632199287415,0.37912625074386597,-0.15659938752651215,0.13527080416679382,0.3624391555786133,-0.13936205208301544,0.12290716171264648,0.3113335967063904,-0.12437750399112701,0.21253329515457153,0.1640739142894745,-0.1270820051431656,0.19500428438186646,0.3240971565246582,-0.14974188804626465,0.1693665087223053,0.30777525901794434,-0.13578751683235168,0.15774542093276978,0.2631397545337677,-0.12244129180908203
N,0.13512088358402252,0.0,4.580067809456523e-07,0.052487507462501526,0.08351734280586243,-0.024120183661580086,0.02402709424495697,0.22879618406295776,-0.05697407200932503,0.045928314328193665,0.35635724663734436,-0.08192075043916702,0.07520191371440887,0.44248077273368835,-0.10801766812801361,0.0,0.19476458430290222,-0.12702584266662598,0.010889604687690735,0.4064246714115143,-0.16577625274658203,0.02433227002620697,0.5144688189029694,-0.17999902367591858,0.0341801792383194,0.5991819202899933,-0.18643851578235626,0.07963435351848602,0.17185437679290771,-0.13206219673156738,0.10694153606891632,0.4060616195201874,-0.1697060465812683,0.11960293352603912,0.5276705920696259,-0.17485664784908295,0.12827937304973602,0.6121563613414764,-0.1799703985452652,0.15286381542682648,0.16086101531982422,-0.1310717612504959,0.16129453480243683,0.3845098316669464,-0.1625509411096573,0.13770700991153717,0.3765375316143036,-0.14681842923164368,0.12577097117900848,0.3281210958957672,-0.13161230087280273,0.21457435190677643,0.16389626264572144,-0.13016468286514282,0.1978890746831894,0.3338206112384796,-0.15432138741016388,0.17339210212230682,0.326503187417984,-0.14130553603172302,0.16206280887126923,0.2845560610294342,-0.12776002287864685
N,0.1401996612548828,0.0,3.8302718508020916e-07,0.05532044172286987,0.08128637075424194,-0.023553209379315376,0.021639645099639893,0.2250441312789917,-0.05573461204767227,0.041764646768569946,0.35494479537010193,-0.08063678443431854,0.07592645287513733,0.4415593445301056,-0.10697785019874573,0.0,0.19785204529762268,-0.12045162916183472,0.0067601799964904785,0.4066946804523468,-0.16049061715602875,0.019992858171463013,0.5174408853054047,-0.1777244359254837,0.03105655312538147,0.6034742891788483,-0.18672505021095276,0.07927671074867249,0.17882338166236877,-0.12575429677963257,0.10575166344642639,0.4090555012226105,-0.16270610690116882,0.12097644805908203,0.529521256685257,-0.16824570298194885,0.13229140639305115,0.6130554974079132,-0.17438870668411255,0.15249347686767578,0.16936391592025757,-0.12583854794502258,0.1623033583164215,0.3906930387020111,-0.1583215445280075,0.1423529088497162,0.3750174939632416,-0.14250564575195312,0.13218200206756592,0.3215746581554413,-0.1274278461933136,0.21409690380096436,0.1714862883090973,-0.12624631822109222,0.195684015750885,0.33143553137779236,-0.15336874127388,0.17286145687103271,0.3171670734882355,-0.1420174390077591,0.16162699460983276,0.27303364872932434,-0.12935136258602142
N,0.13921129703521729,0.0,3.5042290846831747e-07,0.057594895362854004,0.08338254690170288,-0.01912834867835045,0.024812161922454834,0.22679650783538818,-0.050603486597537994,0.045297831296920776,0.354261577129364,-0.07610360532999039,0.08097484707832336,0.4386135935783386,-0.10340198129415512,0.0,0.1996450126171112,-0.11727405339479446,0.008635669946670532,0.41181379556655884,-0.15713728964328766,0.023584693670272827,0.5229353308677673,-0.17386320233345032,0.03594094514846802,0.6075089573860168,-0.18218755722045898,0.07849946618080139,0.17894402146339417,-0.12570619583129883,0.10500267148017883,0.4124681353569031,-0.1623164713382721,0.12042045593261719,0.5349066853523254,-0.16760608553886414,0.13213953375816345,0.620265007019043,-0.17330853641033173,0.1527312695980072,0.1675255298614502,-0.12854976952075958,0.1625201404094696,0.38546544313430786,-0.16027723252773285,0.14320465922355652,0.36903220415115356,-0.14318262040615082,0.13357368111610413,0.3176215887069702,-0.12717153131961823,0.21646210551261902,0.1682630479335785,-0.13133208453655243,0.19790765643119812,0.32516902685165405,-0.15589147806167603,0.17587950825691223,0.3122560977935791,-0.14173853397369385,0.1654401421546936,0.27105146646499634,-0.12745414674282074
N,0.14000925421714783,0.0,3.874891376653977e-07,0.05578318238258362,0.0824410617351532,-0.02045460231602192,0.02290266752243042,0.22531062364578247,-0.05316377431154251,0.04270324110984802,0.3528705835342407,-0.07888577878475189,0.0737653374671936,0.43890881538391113,-0.10661256313323975,0.0,0.19672289490699768,-0.1253950148820877,0.0067483484745025635,0.4091620445251465,-0.1649159938097,0.021019190549850464,0.5206050872802734,-0.1810269057750702,0.03295043110847473,0.606387197971344,-0.18897469341754913,0.07986035943031311,0.17432445287704468,-0.1320941150188446,0.10426518321037292,0.40618085861206055,-0.1685619354248047,0.11754921078681946,0.5309082269668579,-0.17274628579616547,0.12926656007766724,0.616375744342804,-0.17837876081466675,0.15457206964492798,0.16406595706939697,-0.13265696167945862,0.161618173122406,0.3895324468612671,-0.16214004158973694,0.13929367065429688,0.3778715133666992,-0.14395515620708466,0.12917879223823547,0.32619214057922363,-0.1281568706035614,0.21787279844284058,0.16685962677001953,-0.13324162364006042,0.1977117955684662,0.33318400382995605,-0.15636985003948212,0.17350581288337708,0.3234046697616577,-0.1419532299041748,0.16242939233779907,0.2807738780975342,-0.1278618723154068
N,0.14193233847618103,0.0,3.563733343980857e-07,0.05894312262535095,0.08118417859077454,-0.01880115456879139,0.023456960916519165,0.22421205043792725,-0.050227969884872437,0.04315727949142456,0.3531288802623749,-0.07547438144683838,0.07761812210083008,0.439226895570755,-0.10261188447475433,0.0,0.19764354825019836,-0.1191052496433258,0.007097452878952026,0.40968623757362366,-0.15847179293632507,0.02106073498725891,0.5201431810855865,-0.17478594183921814,0.0320892333984375,0.6062645018100739,-0.1831865906715393,0.07863250374794006,0.17660394310951233,-0.12736858427524567,0.10390165448188782,0.41053882241249084,-0.16371260583400726,0.11773914098739624,0.5315198004245758,-0.16834372282028198,0.12822780013084412,0.6168911159038544,-0.17410294711589813,0.1530216932296753,0.16639965772628784,-0.12987183034420013,0.16173788905143738,0.38902077078819275,-0.16117995977401733,0.14322784543037415,0.36995401978492737,-0.1433328241109848,0.13417592644691467,0.31651225686073303,-0.12720729410648346,0.2168014943599701,0.16858717799186707,-0.13228262960910797,0.1983870565891266,0.3297686278820038,-0.15718242526054382,0.17647689580917358,0.3165062963962555,-0.14352363348007202,0.16557154059410095,0.27508458495140076,-0.12976843118667603
N,0.14146074652671814,0.0,3.6803811553909327e-07,0.05774736404418945,0.08511477708816528,-0.01866832934319973,0.022745609283447266,0.23054808378219604,-0.05083783343434334,0.04102146625518799,0.3576854169368744,-0.07679467648267746,0.07448312640190125,0.442342609167099,-0.10484863072633743,0.0,0.19837740063667297,-0.12274596840143204,0.006814301013946533,0.4108063876628876,-0.16178570687770844,0.0199282169342041,0.5234886109828949,-0.1775851845741272,0.030211567878723145,0.6102453172206879,-0.18571148812770844,0.07928812503814697,0.1745908260345459,-0.13146129250526428,0.1022239625453949,0.4109104573726654,-0.16795919835567474,0.11343473196029663,0.536117285490036,-0.1725086122751236,0.12278282642364502,0.6215218007564545,-0.17856720089912415,0.1542760729789734,0.163528174161911,-0.1340240240097046,0.15969812870025635,0.3944636285305023,-0.16535702347755432,0.1388355791568756,0.37920984625816345,-0.14764679968357086,0.129669189453125,0.3235389292240143,-0.13170045614242554,0.21814417839050293,0.16659951210021973,-0.13636216521263123,0.19681096076965332,0.3373596966266632,-0.16181713342666626,0.17211413383483887,0.32528892159461975,-0.14836032688617706,0.16059353947639465,0.2785349190235138,-0.13471826910972595
N,0.1372259259223938,0.0,3.5645376783577376e-07,0.0544009804725647,0.0870739221572876,-0.014806803315877914,0.022557049989700317,0.22850307822227478,-0.04539493843913078,0.04455000162124634,0.3530295491218567,-0.07055854052305222,0.08070236444473267,0.43374598026275635,-0.0979260727763176,0.0,0.19440162181854248,-0.11712709069252014,0.007425248622894287,0.4063357710838318,-0.1542118787765503,0.021672725677490234,0.5190480947494507,-0.16902002692222595,0.03290557861328125,0.604931652545929,-0.17644694447517395,0.07790148258209229,0.16926202178001404,-0.12675058841705322,0.10324296355247498,0.40414363145828247,-0.16175460815429688,0.11545085906982422,0.5299646854400635,-0.16609837114810944,0.12542662024497986,0.6155207753181458,-0.17182320356369019,0.151784747838974,0.15840786695480347,-0.12988871335983276,0.16002187132835388,0.3889040946960449,-0.1582953780889511,0.13831660151481628,0.3818690776824951,-0.14051245152950287,0.12714561820030212,0.3336330056190491,-0.12489062547683716,0.2149810791015625,0.1622830033302307,-0.13251781463623047,0.1967867910861969,0.3337779641151428,-0.15393346548080444,0.17237135767936707,0.3291611075401306,-0.1390000879764557,0.1594775915145874,0.2889083921909332,-0.12474393844604492
N,0.13904669880867004,0.0,3.935967356483161e-07,0.05551779270172119,0.0852777361869812,-0.021667134016752243,0.023174285888671875,0.23186326026916504,-0.05536363646388054,0.04270881414413452,0.3583138585090637,-0.0820419192314148,0.07349228858947754,0.4427593946456909,-0.11030752956867218,0.0,0.19644466042518616,-0.12681180238723755,0.007726997137069702,0.40921884775161743,-0.1664225310087204,0.020460546016693115,0.5208157896995544,-0.18207120895385742,0.03016480803489685,0.6069850921630859,-0.18977361917495728,0.07979795336723328,0.17086490988731384,-0.13345429301261902,0.10465499758720398,0.40527230501174927,-0.1716320663690567,0.11497744917869568,0.5298231840133667,-0.17650866508483887,0.12319141626358032,0.6149097681045532,-0.1824166625738144,0.1541701853275299,0.1611524224281311,-0.13393402099609375,0.15933707356452942,0.395527720451355,-0.16537047922611237,0.13728570938110352,0.3832966089248657,-0.14685426652431488,0.1279924511909485,0.32977724075317383,-0.130107119679451,0.21585702896118164,0.16672098636627197,-0.13444305956363678,0.19376006722450256,0.3429790139198303,-0.15883490443229675,0.1680818796157837,0.33315426111221313,-0.14437934756278992,0.1569560468196869,0.2872253954410553,-0.1298881322145462
N,0.1366877555847168,0.0,3.9069564650162647e-07,0.051796019077301025,0.08777007460594177,-0.01842789351940155,0.020807534456253052,0.23284751176834106,-0.050699763000011444,0.04175683856010437,0.35715654492378235,-0.07678113877773285,0.07543057203292847,0.4387361705303192,-0.10468009859323502,0.0,0.19778892397880554,-0.1229403093457222,0.005115866661071777,0.4112136662006378,-0.16109369695186615,0.018408387899398804,0.5242376029491425,-0.17607179284095764,0.02935647964477539,0.6101530492305756,-0.1835048943758011,0.08074387907981873,0.17381563782691956,-0.13107043504714966,0.10542908310890198,0.4089576303958893,-0.16771622002124786,0.1175541877746582,0.5362070500850677,-0.17227786779403687,0.12779095768928528,0.622431606054306,-0.17823722958564758,0.15595653653144836,0.16388985514640808,-0.13282015919685364,0.1604645848274231,0.39823219180107117,-0.1626611053943634,0.1352176070213318,0.38543012738227844,-0.14478810131549835,0.12342789769172668,0.33044669032096863,-0.12908263504505157,0.21842947602272034,0.16849464178085327,-0.13439756631851196,0.1959942877292633,0.3442322909832001,-0.1581164449453354,0.1693720817565918,0.33257153630256653,-0.14394409954547882,0.15721267461776733,0.2846226692199707,-0.12998896837234497
N,0.14324656128883362,0.0,4.088105356458982e-07,0.057408034801483154,0.0874374508857727,-0.020965496078133583,0.025309741497039795,0.23279926180839539,-0.05326419696211815,0.04740181565284729,0.3580240309238434,-0.07876743376255035,0.08479976654052734,0.43826350569725037,-0.10573983937501907,0.0,0.1989518105983734,-0.12213123589754105,0.00751185417175293,0.41232725977897644,-0.16011552512645721,0.022032976150512695,0.5259976089000702,-0.17521309852600098,0.03348627686500549,0.6126461923122406,-0.18260712921619415,0.08045458793640137,0.17618748545646667,-0.1287662833929062,0.10811388492584229,0.4101121723651886,-0.16611383855342865,0.12226817011833191,0.537739485502243,-0.17186054587364197,0.13190793991088867,0.6241552531719208,-0.17789456248283386,0.15531489253044128,0.16833245754241943,-0.12936747074127197,0.16106897592544556,0.3983883559703827,-0.15963990986347198,0.1364271640777588,0.3950890600681305,-0.1441088616847992,0.12306341528892517,0.3467268645763397,-0.12945957481861115,0.21762126684188843,0.17678949236869812,-0.1299809068441391,0.19614511728286743,0.3510551154613495,-0.15291914343833923,0.16979503631591797,0.34541329741477966,-0.1396094113588333,0.15694203972816467,0.30199727416038513,-0.12606491148471832
N,0.13383924961090088,0.0,3.896498981248442e-07,0.047726988792419434,0.08869495987892151,-0.018851496279239655,0.015406310558319092,0.2316109538078308,-0.05159151554107666,0.03889197111129761,0.35694000124931335,-0.07756809890270233,0.07813358306884766,0.4378524124622345,-0.10537536442279816,0.0,0.20242387056350708,-0.12402594834566116,0.00884738564491272,0.416188508272171,-0.1634165495634079,0.02445453405380249,0.5303651392459869,-0.17941780388355255,0.03717458248138428,0.6150799691677094,-0.18680725991725922,0.0815659761428833,0.18068188428878784,-0.13064484298229218,0.10519829392433167,0.41411080956459045,-0.1685248464345932,0.11564570665359497,0.5415432751178741,-0.17298251390457153,0.12380343675613403,0.6269856989383698,-0.17770904302597046,0.15551894903182983,0.1732419729232788,-0.13082121312618256,0.15644413232803345,0.404706209897995,-0.15872888267040253,0.1288466453552246,0.40770813822746277,-0.14036932587623596,0.11373761296272278,0.3652552664279938,-0.12420482188463211,0.21573373675346375,0.1804593801498413,-0.13092800974845886,0.1911446452140808,0.3545357882976532,-0.14997650682926178,0.16136056184768677,0.3572997748851776,-0.13393160700798035,0.14471209049224854,0.32143059372901917,-0.11893521249294281
N,0.13622277975082397,0.0,4.420672325977648e-07,0.0502665638923645,0.08658754825592041,-0.02251163311302662,0.01945316791534424,0.2315436601638794,-0.054194606840610504,0.0411381721496582,0.3588578701019287,-0.07804963737726212,0.07385474443435669,0.44350218772888184,-0.10325970500707626,0.0,0.20449775457382202,-0.12435421347618103,0.007591128349304199,0.4164651036262512,-0.1626187115907669,0.022388547658920288,0.5294100046157837,-0.17740637063980103,0.03380867838859558,0.6162627935409546,-0.1842319667339325,0.08182108402252197,0.18465673923492432,-0.12864011526107788,0.10850784182548523,0.41663962602615356,-0.16509254276752472,0.12139067053794861,0.5413712859153748,-0.169732466340065,0.13041281700134277,0.6255154609680176,-0.17474190890789032,0.1555441915988922,0.1760154366493225,-0.12682026624679565,0.15865010023117065,0.3985621929168701,-0.15558601915836334,0.1334700882434845,0.39803898334503174,-0.13973143696784973,0.12120375037193298,0.3531436324119568,-0.12508633732795715,0.2166491448879242,0.18006592988967896,-0.12511830031871796,0.19648978114128113,0.3494718670845032,-0.146262064576149,0.16954797506332397,0.34536826610565186,-0.13268089294433594,0.1565430462360382,0.30477821826934814,-0.11913274973630905
N,0.13789218664169312,0.0,4.2335216221545124e-07,0.050261855125427246,0.08810538053512573,-0.02040533721446991,0.018940091133117676,0.23136982321739197,-0.05039774253964424,0.041633427143096924,0.3590187132358551,-0.07303038984537125,0.07574599981307983,0.4442519247531891,-0.09688717126846313,0.0,0.20451664924621582,-0.11784783750772476,0.007508665323257446,0.4136715829372406,-0.15528199076652527,0.022603601217269897,0.5265088975429535,-0.17031586170196533,0.03489932417869568,0.6118471324443817,-0.17700311541557312,0.08216577768325806,0.1872410774230957,-0.12231430411338806,0.10668614506721497,0.4164341986179352,-0.1582363396883011,0.1180189847946167,0.5407239496707916,-0.16308853030204773,0.12632060050964355,0.6233493983745575,-0.1674547791481018,0.15545150637626648,0.18064650893211365,-0.12078987807035446,0.15684670209884644,0.3990307152271271,-0.14761710166931152,0.13035491108894348,0.4056769907474518,-0.1320822536945343,0.11665791273117065,0.3677111566066742,-0.1175612360239029,0.21544572710990906,0.18604445457458496,-0.11935190856456757,0.19413375854492188,0.35071703791618347,-0.13782832026481628,0.166725754737854,0.3507154881954193,-0.12344872951507568,0.15237537026405334,0.3142112195491791,-0.1092454269528389
N,0.13651639223098755,0.0,4.082273221683863e-07,0.050355613231658936,0.08649292588233948,-0.021098719909787178,0.02051970362663269,0.23071765899658203,-0.05177006125450134,0.043984830379486084,0.358020156621933,-0.07509103417396545,0.07905110716819763,0.44284239411354065,-0.09939799457788467,0.0,0.20356449484825134,-0.11849579215049744,0.00822177529335022,0.4136309325695038,-0.1548098921775818,0.023108750581741333,0.5242778956890106,-0.16890722513198853,0.033990681171417236,0.6089296042919159,-0.17559340596199036,0.08155924081802368,0.18563947081565857,-0.12323573976755142,0.10924836993217468,0.4161205589771271,-0.15888361632823944,0.12059274315834045,0.5385594666004181,-0.16414178907871246,0.12753674387931824,0.6221392452716827,-0.1696186661720276,0.15488466620445251,0.17806261777877808,-0.12191784381866455,0.15656572580337524,0.39933308959007263,-0.15037886798381805,0.12941014766693115,0.39525529742240906,-0.13542203605175018,0.11638525128364563,0.35003188252449036,-0.12148001044988632,0.21428713202476501,0.18273857235908508,-0.1205688938498497,0.19118306040763855,0.34698203206062317,-0.14146894216537476,0.16384395956993103,0.3390006721019745,-0.1280791014432907,0.15133920311927795,0.2973746359348297,-0.11476349830627441
N,0.1351235806941986,0.0,4.1124329186459363e-07,0.048184216022491455,0.08913668990135193,-0.0209382101893425,0.018499135971069336,0.23487243056297302,-0.0518246591091156,0.04357156157493591,0.3607376515865326,-0.07551327347755432,0.08293327689170837,0.4430287778377533,-0.10048304498195648,0.0,0.19982454180717468,-0.1200074627995491,0.008013606071472168,0.40874186158180237,-0.15773577988147736,0.022540956735610962,0.5208621919155121,-0.17254234850406647,0.03342136740684509,0.6063396036624908,-0.17927461862564087,0.08049345016479492,0.17931470274925232,-0.1253487467765808,0.10677772760391235,0.40953555703163147,-0.16209189593791962,0.1188783347606659,0.5346353352069855,-0.16725990176200867,0.126512348651886,0.6195731461048126,-0.17220187187194824,0.15320178866386414,0.17221426963806152,-0.12462123483419418,0.1550406515598297,0.3951304256916046,-0.15308958292007446,0.12832635641098022,0.3968382775783539,-0.13730496168136597,0.11378216743469238,0.35524436831474304,-0.12249431014060974,0.21307161450386047,0.17922231554985046,-0.12399759888648987,0.19194382429122925,0.3496936857700348,-0.143789604306221,0.1645410656929016,0.3470781743526459,-0.12919341027736664,0.15123164653778076,0.3077361285686493,-0.11501368135213852
N,0.13371190428733826,0.0,4.2091326690751885e-07,0.04943367838859558,0.08540529012680054,-0.021077632904052734,0.020546048879623413,0.22867804765701294,-0.05350012704730034,0.04367581009864807,0.3519120216369629,-0.07876419275999069,0.07961136102676392,0.4345998167991638,-0.10553724318742752,0.0,0.1972268521785736,-0.12557941675186157,0.007742762565612793,0.4086386561393738,-0.16336102783679962,0.021268367767333984,0.5185773968696594,-0.17736294865608215,0.031141817569732666,0.6032706499099731,-0.18375982344150543,0.08017241954803467,0.17516586184501648,-0.13169580698013306,0.1045808494091034,0.4058804512023926,-0.16832293570041656,0.11683166027069092,0.529428243637085,-0.1723639816045761,0.12524282932281494,0.6137797832489014,-0.17714723944664001,0.15336912870407104,0.16613730788230896,-0.13149550557136536,0.1555982530117035,0.38911330699920654,-0.15970923006534576,0.13080745935440063,0.38427239656448364,-0.1424529105424881,0.11821010708808899,0.3372073173522949,-0.12724152207374573,0.21397989988327026,0.1713450849056244,-0.13139964640140533,0.1932927370071411,0.342373251914978,-0.15111613273620605,0.16823750734329224,0.3364439606666565,-0.13584791123867035,0.15671128034591675,0.2937924265861511,-0.12166453897953033
N,0.13628756999969482,0.0,4.119967229598842e-07,0.05260702967643738,0.08780252933502197,-0.018023716285824776,0.022098302841186523,0.22959938645362854,-0.04817039892077446,0.044497668743133545,0.35271531343460083,-0.07214044779539108,0.07844725251197815,0.43502718210220337,-0.0980188176035881,0.0,0.19744697213172913,-0.11795854568481445,0.006470382213592529,0.40420931577682495,-0.1555907279253006,0.018316417932510376,0.5135231614112854,-0.17039644718170166,0.02708345651626587,0.5974358320236206,-0.1772674173116684,0.0786592960357666,0.17520198225975037,-0.12553304433822632,0.10209503769874573,0.40610218048095703,-0.16176246106624603,0.11344453692436218,0.5305452346801758,-0.1667952835559845,0.1217283308506012,0.6155478954315186,-0.17186301946640015,0.15200626850128174,0.1653302013874054,-0.1269216686487198,0.15852171182632446,0.3870607614517212,-0.15627244114875793,0.13442301750183105,0.3850633502006531,-0.14057768881320953,0.12164661288261414,0.3404529094696045,-0.12569403648376465,0.2145053744316101,0.16931608319282532,-0.12809132039546967,0.19710654020309448,0.33870261907577515,-0.1500329077243805,0.1710599660873413,0.33493930101394653,-0.13617582619190216,0.15731629729270935,0.2941685616970062,-0.12215698510408401
N,0.139824777841568,0.0,3.7806637465109816e-07,0.0550512969493866,0.08257511258125305,-0.018324676901102066,0.022583365440368652,0.22506394982337952,-0.04827522113919258,0.0427994430065155,0.351797491312027,-0.07191608101129532,0.07758530974388123,0.4375532567501068,-0.09738925844430923,0.0,0.19544705748558044,-0.11683234572410583,0.00516924262046814,0.40336623787879944,-0.15338730812072754,0.016812026500701904,0.5120701491832733,-0.167582705616951,0.02495536208152771,0.5966464579105377,-0.17444580793380737,0.07838690280914307,0.17606928944587708,-0.12415218353271484,0.10209107398986816,0.4054553210735321,-0.15883052349090576,0.11425140500068665,0.5269754827022552,-0.16341887414455414,0.12251332402229309,0.6102069318294525,-0.16888290643692017,0.15156975388526917,0.16840121150016785,-0.12552392482757568,0.1559380292892456,0.3906634747982025,-0.15360629558563232,0.13371440768241882,0.3837645947933197,-0.13769201934337616,0.12287405133247375,0.3363206684589386,-0.12329782545566559,0.21325212717056274,0.17383155226707458,-0.12675270438194275,0.19431960582733154,0.34306129813194275,-0.14754918217658997,0.17063987255096436,0.3386816084384918,-0.13404560089111328,0.15916502475738525,0.2995172441005707,-0.120888851583004
N,0.1378169059753418,0.0,3.635410905644676e-07,0.05392134189605713,0.08399802446365356,-0.018001435324549675,0.020476490259170532,0.2249789834022522,-0.0489068329334259,0.03904539346694946,0.35032230615615845,-0.07348798215389252,0.07329970598220825,0.4352685809135437,-0.09973125904798508,0.0,0.19068923592567444,-0.11953447014093399,0.005880802869796753,0.4014863967895508,-0.15755416452884674,0.01835554838180542,0.5110411047935486,-0.17259562015533447,0.027508676052093506,0.5946851372718811,-0.17981460690498352,0.0781317949295044,0.1701297163963318,-0.1269041895866394,0.10060074925422668,0.40315765142440796,-0.16277657449245453,0.11027872562408447,0.5258512496948242,-0.1669967919588089,0.11630117893218994,0.610892117023468,-0.17219693958759308,0.15104901790618896,0.1627865433692932,-0.12810371816158295,0.15268850326538086,0.3901937007904053,-0.1569935828447342,0.13022887706756592,0.3818824887275696,-0.13908934593200684,0.11940562725067139,0.334068238735199,-0.12323760986328125,0.21201643347740173,0.16887089610099792,-0.12918169796466827,0.18904465436935425,0.337161123752594,-0.15087459981441498,0.16360241174697876,0.33402830362319946,-0.13658834993839264,0.15082943439483643,0.2974141836166382,-0.12274985760450363
N,0.1401372253894806,0.0,3.777284689476801e-07,0.054709285497665405,0.08151814341545105,-0.018611105158925056,0.01999613642692566,0.22138601541519165,-0.04970043897628784,0.03726145625114441,0.3457903563976288,-0.07421654462814331,0.06995904445648193,0.4310015141963959,-0.1005769819021225,0.0,0.19037267565727234,-0.12170597910881042,0.005708932876586914,0.4002523124217987,-0.15930242836475372,0.017379820346832275,0.5105601847171783,-0.17381681501865387,0.026054203510284424,0.5951724946498871,-0.18056951463222504,0.07800367474555969,0.1696186363697052,-0.12858089804649353,0.09877070784568787,0.39970216155052185,-0.16435541212558746,0.10847029089927673,0.5233641564846039,-0.16824565827846527,0.11537995934486389,0.607515424489975,-0.17308098077774048,0.15076327323913574,0.16319212317466736,-0.12919817864894867,0.15241765975952148,0.3886149823665619,-0.15735460817813873,0.1300329566001892,0.38279858231544495,-0.14002498984336853,0.11926990747451782,0.33477911353111267,-0.1246226578950882,0.2120475471019745,0.17116031050682068,-0.1296585202217102,0.19053047895431519,0.3424592912197113,-0.15036039054393768,0.16628572344779968,0.3385981023311615,-0.1359218806028366,0.15452441573143005,0.2983502447605133,-0.1219993382692337
N,0.1359887719154358,0.0,3.789017455346766e-07,0.05440804362297058,0.08078587055206299,-0.018221868202090263,0.01956033706665039,0.22064325213432312,-0.04943481460213661,0.03548189997673035,0.3452369272708893,-0.07436004281044006,0.06916925311088562,0.4296434223651886,-0.10130474716424942,0.0,0.18870744109153748,-0.12015178054571152,0.003323584794998169,0.4010666310787201,-0.15875667333602905,0.015644103288650513,0.5113436877727509,-0.17414629459381104,0.02567148208618164,0.5951441824436188,-0.18139927089214325,0.07828441262245178,0.1687808334827423,-0.12785501778125763,0.09633854031562805,0.403318852186203,-0.16340221464633942,0.10635021328926086,0.5247081220149994,-0.16725324094295502,0.11365067958831787,0.6079086363315582,-0.1719755232334137,0.15129587054252625,0.16179439425468445,-0.1295962631702423,0.1524558961391449,0.3879143297672272,-0.15815779566764832,0.13273406028747559,0.3814068138599396,-0.14059804379940033,0.12283101677894592,0.3363136947154999,-0.12512196600437164,0.21273517608642578,0.16847553849220276,-0.13119353353977203,0.1911647617816925,0.3364584147930145,-0.15276765823364258,0.1690542995929718,0.3328860104084015,-0.13829050958156586,0.15814554691314697,0.2968008816242218,-0.1243862584233284
N,0.13669294118881226,0.0,3.709396594331338e-07,0.05749070644378662,0.0797213613986969,-0.017169136554002762,0.02389979362487793,0.21785259246826172,-0.04718988016247749,0.04145902395248413,0.34260308742523193,-0.0714140236377716,0.07167178392410278,0.4281643033027649,-0.0973382517695427,0.0,0.19636014103889465,-0.11602651327848434,0.0031730234622955322,0.40539658069610596,-0.15424391627311707,0.014698922634124756,0.5150108933448792,-0.16899360716342926,0.024669289588928223,0.6002182364463806,-0.17576287686824799,0.07609400153160095,0.1798812747001648,-0.12394905835390091,0.09411934018135071,0.4095626473426819,-0.15979942679405212,0.10647252202033997,0.5281701683998108,-0.16369038820266724,0.11722838878631592,0.6122460961341858,-0.16753052175045013,0.14720195531845093,0.17156964540481567,-0.12587831914424896,0.1494157910346985,0.38334792852401733,-0.15411286056041718,0.1310550570487976,0.37196576595306396,-0.13564158976078033,0.1225179135799408,0.3268275856971741,-0.11878388375043869,0.20854982733726501,0.17420923709869385,-0.12771020829677582,0.186742901802063,0.33481448888778687,-0.1467367708683014,0.1646391749382019,0.3372434377670288,-0.13112658262252808,0.15320205688476562,0.3099345564842224,-0.11639349907636642
N,0.1341884732246399,0.0,3.996464954525436e-07,0.053836971521377563,0.08089494705200195,-0.019734086468815804,0.020791471004486084,0.21760529279708862,-0.05022245645523071,0.037216365337371826,0.3435421586036682,-0.07385416328907013,0.06723523139953613,0.4281735420227051,-0.09858600795269012,0.0,0.1914728283882141,-0.11715832352638245,0.003424614667892456,0.4017763137817383,-0.15444143116474152,0.016193747520446777,0.5120954513549805,-0.1685929149389267,0.026644587516784668,0.5965785980224609,-0.1749567836523056,0.07778739929199219,0.1751866340637207,-0.12235860526561737,0.09733378887176514,0.4055612087249756,-0.15735436975955963,0.1083829402923584,0.5247087478637695,-0.16071943938732147,0.11672899127006531,0.6063511371612549,-0.16468152403831482,0.14907488226890564,0.17014837265014648,-0.1218046247959137,0.15112006664276123,0.3874463438987732,-0.14954055845737457,0.13080787658691406,0.37978148460388184,-0.13198451697826385,0.1212635338306427,0.3346882462501526,-0.11611292511224747,0.20947283506393433,0.17740416526794434,-0.12135259062051773,0.1875554323196411,0.33900195360183716,-0.14133264124393463,0.1646830439567566,0.3359362483024597,-0.1272491216659546,0.15350055694580078,0.3016994595527649,-0.1134636253118515
N,0.1398661732673645,0.0,4.054157898281119e-07,0.05677035450935364,0.08116282522678375,-0.020911701023578644,0.023882955312728882,0.22132886946201324,-0.05381551757454872,0.041888028383255005,0.34638018906116486,-0.07945333421230316,0.07703027129173279,0.43116624653339386,-0.10709550231695175,0.0,0.18584005534648895,-0.126490980386734,0.005800098180770874,0.3928120285272598,-0.16622576117515564,0.018562227487564087,0.5023268610239029,-0.18157705664634705,0.02990862727165222,0.5868277698755264,-0.1885351836681366,0.07773706316947937,0.16508178412914276,-0.13293731212615967,0.10029426217079163,0.3979731351137161,-0.1700305938720703,0.1122189462184906,0.5166156440973282,-0.17315520346164703,0.12188258767127991,0.5955681353807449,-0.1769624948501587,0.15107011795043945,0.15786094963550568,-0.13328887522220612,0.1558593213558197,0.38586051762104034,-0.1627061814069748,0.1361110508441925,0.38295622169971466,-0.143771693110466,0.1275917887687683,0.3381866365671158,-0.12689895927906036,0.2143045961856842,0.16429661214351654,-0.1336698830127716,0.19486165046691895,0.33822281658649445,-0.15489675104618073,0.17097118496894836,0.33745159208774567,-0.13922612369060516,0.16002503037452698,0.30092455446720123,-0.12424574792385101
N,0.14021176099777222,0.0,2.7828875204249925e-07,0.060271263122558594,0.08178797364234924,-0.017672870308160782,0.02727523446083069,0.2225828468799591,-0.04936855658888817,0.044658809900283813,0.3486364483833313,-0.07507813721895218,0.07979527115821838,0.4351804852485657,-0.102790467441082,0.0,0.18410325050354004,-0.11798972636461258,0.007367849349975586,0.3871363401412964,-0.15710778534412384,0.023177504539489746,0.4950810670852661,-0.17386937141418457,0.036754608154296875,0.5768958926200867,-0.18248251080513,0.07560041546821594,0.16162395477294922,-0.12661491334438324,0.09829014539718628,0.3874436616897583,-0.1625574231147766,0.1116606593132019,0.5055920481681824,-0.16715531051158905,0.12269601225852966,0.5850849747657776,-0.1731531172990799,0.1483311951160431,0.15439358353614807,-0.12946255505084991,0.15584218502044678,0.3812416195869446,-0.15833765268325806,0.13682794570922852,0.37173449993133545,-0.13998812437057495,0.12741482257843018,0.3228394389152527,-0.12453380227088928,0.21154654026031494,0.16209733486175537,-0.13220259547233582,0.1938754916191101,0.33112794160842896,-0.15450900793075562,0.17092299461364746,0.3255762457847595,-0.1399162858724594,0.15841731429100037,0.2862764596939087,-0.1261519491672516
N,0.14591869711875916,0.0,2.2749968309199176e-07,0.06505429744720459,0.0806046724319458,-0.01676829904317856,0.029490500688552856,0.21385598182678223,-0.0502951517701149,0.045712172985076904,0.33378785848617554,-0.07799448072910309,0.0818428099155426,0.4133795499801636,-0.10837189108133316,0.0,0.1673850417137146,-0.1233193576335907,0.011139452457427979,0.3674362301826477,-0.1629757136106491,0.028531193733215332,0.47466349601745605,-0.17920580506324768,0.04214799404144287,0.5547762513160706,-0.18740198016166687,0.07378029823303223,0.13990715146064758,-0.13362641632556915,0.10279253125190735,0.3669583201408386,-0.17131944000720978,0.117664635181427,0.48752790689468384,-0.17549175024032593,0.12920689582824707,0.5657206773757935,-0.18087489902973175,0.1462719738483429,0.13199201226234436,-0.1377508044242859,0.15783247351646423,0.36089998483657837,-0.16733112931251526,0.13900691270828247,0.36393678188323975,-0.14844053983688354,0.12867942452430725,0.3227023482322693,-0.1323576271533966,0.2104509472846985,0.14197838306427002,-0.14159417152404785,0.1960597038269043,0.3190743327140808,-0.163409024477005,0.17205148935317993,0.3258470296859741,-0.14789673686027527,0.1571694314479828,0.29431581497192383,-0.13348953425884247
N,0.14927878975868225,0.0,9.697019720533717e-08,0.07037055492401123,0.07501241564750671,-0.014574958942830563,0.03199097514152527,0.19798749685287476,-0.04479106515645981,0.044356584548950195,0.3165382742881775,-0.07033542543649673,0.07486116886138916,0.39542490243911743,-0.09835732728242874,0.0,0.148607075214386,-0.10825082659721375,0.0069151222705841064,0.3406751751899719,-0.14600732922554016,0.02246946096420288,0.4483017921447754,-0.16261810064315796,0.03584328293800354,0.525895893573761,-0.17097051441669464,0.07212895154953003,0.12362217903137207,-0.11886952072381973,0.10120165348052979,0.3437759280204773,-0.15478157997131348,0.11848515272140503,0.4628860354423523,-0.16032150387763977,0.13310039043426514,0.5368343591690063,-0.16601569950580597,0.14271795749664307,0.1188255250453949,-0.12417098134756088,0.15338101983070374,0.3320968747138977,-0.1531723290681839,0.1387258768081665,0.34066951274871826,-0.1358473300933838,0.1320958435535431,0.30765360593795776,-0.12017634510993958,0.20381498336791992,0.13271790742874146,-0.12904641032218933,0.19019708037376404,0.3006001114845276,-0.14967629313468933,0.16992080211639404,0.30878329277038574,-0.13369037210941315,0.15710002183914185,0.2813495993614197,-0.11829843372106552
N,0.146717369556427,0.0,1.3934609910393192e-08,0.06858852505683899,0.07183241844177246,-0.016445238143205643,0.02789214253425598,0.1870655119419098,-0.04793878644704819,0.037062108516693115,0.30541908740997314,-0.07485418766736984,0.06606224179267883,0.38316571712493896,-0.10487756878137589,0.0,0.1316642165184021,-0.10770748555660248,0.008730918169021606,0.3200547695159912,-0.14447541534900665,0.02590152621269226,0.42868781089782715,-0.16220815479755402,0.04013529419898987,0.5057395100593567,-0.17237718403339386,0.07282772660255432,0.10601770877838135,-0.11816148459911346,0.10316777229309082,0.3196858763694763,-0.1550803929567337,0.11749842762947083,0.43741941452026367,-0.16324754059314728,0.13152280449867249,0.5086662173271179,-0.17148034274578094,0.14378473162651062,0.10298368334770203,-0.1233682632446289,0.15493518114089966,0.31528735160827637,-0.15276360511779785,0.13996407389640808,0.31834274530410767,-0.1369241625070572,0.13525241613388062,0.27919167280197144,-0.12285105884075165,0.20474177598953247,0.12041392922401428,-0.12832345068454742,0.19174736738204956,0.2872186303138733,-0.1500399261713028,0.17189761996269226,0.293182373046875,-0.13513614237308502,0.1606864631175995,0.2611064910888672,-0.12086499482393265
N,0.14617469906806946,0.0,2.8578307720295015e-08,0.07057112455368042,0.07382294535636902,-0.015516279265284538,0.031489431858062744,0.17753475904464722,-0.04652539640665054,0.03763332962989807,0.28640127182006836,-0.07360955327749252,0.061858534812927246,0.3580954670906067,-0.10489468276500702,0.0,0.11806011199951172,-0.10399641841650009,0.004392415285110474,0.2930203676223755,-0.140180304646492,0.01908290386199951,0.3990994095802307,-0.1592257022857666,0.03189307451248169,0.4737164378166199,-0.1709291934967041,0.0692887008190155,0.08658206462860107,-0.11503677815198898,0.09826973080635071,0.2957305908203125,-0.1510574221611023,0.11022242903709412,0.41127413511276245,-0.16097505390644073,0.12169709801673889,0.48110252618789673,-0.17136624455451965,0.1406739056110382,0.07907247543334961,-0.12090761214494705,0.15394926071166992,0.2895973324775696,-0.15083274245262146,0.14274737238883972,0.29461008310317993,-0.1364181488752365,0.13992294669151306,0.2560935616493225,-0.12365540117025375,0.20302525162696838,0.09488427639007568,-0.12636858224868774,0.19493964314460754,0.26046186685562134,-0.15064287185668945,0.18060728907585144,0.26874876022338867,-0.13728000223636627,0.17371585965156555,0.23644912242889404,-0.12389896810054779
N,0.14736199378967285,0.0,5.3742351013852385e-08,0.07083705067634583,0.06344100832939148,-0.022952087223529816,0.03042900562286377,0.1520177125930786,-0.062425397336483,0.03355255722999573,0.24948930740356445,-0.09691120684146881,0.05379495024681091,0.31274545192718506,-0.13698257505893707,0.0,0.0840892493724823,-0.12104204297065735,0.0009914636611938477,0.2537343502044678,-0.16193196177482605,0.012365788221359253,0.3640857934951782,-0.18378809094429016,0.024745017290115356,0.44013094902038574,-0.19727467000484467,0.06757697463035583,0.05050158500671387,-0.13049885630607605,0.09259647130966187,0.26241135597229004,-0.1711997389793396,0.10317736864089966,0.3801649212837219,-0.18134517967700958,0.11373892426490784,0.45091474056243896,-0.19173212349414825,0.1384146809577942,0.045630693435668945,-0.1348075121641159,0.14678823947906494,0.26032400131225586,-0.1674080342054367,0.13708019256591797,0.26889950037002563,-0.15147770941257477,0.137617826461792,0.23047834634780884,-0.1380346268415451,0.19951289892196655,0.06857603788375854,-0.13927416503429413,0.18901625275611877,0.23774194717407227,-0.16646330058574677,0.17513734102249146,0.24473106861114502,-0.1522296667098999,0.1699514091014862,0.20786422491073608,-0.13816989958286285
N,0.1496613621711731,0.0,-1.6417223491771438e-07,0.06730592250823975,0.07000130414962769,-0.0176752470433712,0.029690921306610107,0.15567055344581604,-0.058106739073991776,0.03475290536880493,0.2533601224422455,-0.0951758399605751,0.058031439781188965,0.32282379269599915,-0.13851720094680786,0.004214853048324585,0.06330379843711853,-0.11662966758012772,0.0,0.22956600785255432,-0.16351811587810516,0.011050820350646973,0.34461328387260437,-0.1881209760904312,0.031460464000701904,0.41816964745521545,-0.20141173899173737,0.07295528054237366,0.031195074319839478,-0.12961824238300323,0.093719482421875,0.24607422947883606,-0.17135807871818542,0.1000036895275116,0.3644905984401703,-0.17696234583854675,0.10969355702400208,0.4330807626247406,-0.18370963633060455,0.14611878991127014,0.02775752544403076,-0.13852755725383759,0.1572035551071167,0.2426513135433197,-0.17044806480407715,0.14432916045188904,0.25602784752845764,-0.14925844967365265,0.14265406131744385,0.21881946921348572,-0.13234929740428925,0.20685717463493347,0.05050954222679138,-0.1474880874156952,0.19997775554656982,0.2273252308368683,-0.17699161171913147,0.17649638652801514,0.2521354854106903,-0.16314566135406494,0.15917706489562988,0.22535929083824158,-0.1485946923494339
N,0.17585411667823792,0.00896918773651123,-3.050946020266565e-07,0.08025091886520386,0.06173914670944214,-0.017883731052279472,0.03074967861175537,0.13609528541564941,-0.05725640058517456,0.026788920164108276,0.2272762656211853,-0.09505558013916016,0.04262474179267883,0.29810649156570435,-0.13923507928848267,0.008479982614517212,0.03340500593185425,-0.10793817788362503,0.0,0.19406908750534058,-0.15693360567092896,0.010629802942276001,0.305436372756958,-0.18574902415275574,0.030854016542434692,0.3835800886154175,-0.20276017487049103,0.07793125510215759,0.0039007365703582764,-0.12410270422697067,0.0884542167186737,0.20978009700775146,-0.16593727469444275,0.09509545564651489,0.3240680694580078,-0.1746126264333725,0.10468283295631409,0.39579737186431885,-0.18445917963981628,0.153328537940979,0.0,-0.1375376433134079,0.15761074423789978,0.2034233808517456,-0.1712919920682907,0.15118741989135742,0.2150220274925232,-0.15450870990753174,0.15453046560287476,0.18357902765274048,-0.14196935296058655,0.21609944105148315,0.01634085178375244,-0.15136167407035828,0.20534014701843262,0.18037480115890503,-0.1820826679468155,0.1895357072353363,0.20652306079864502,-0.1696065217256546,0.1819850504398346,0.18631309270858765,-0.15721890330314636
N,0.17758125066757202,0.024629145860671997,-5.748104285885347e-07,0.08571863174438477,0.07414877414703369,-0.016558755189180374,0.02275019884109497,0.1454547643661499,-0.04562489315867424,0.006786733865737915,0.23894423246383667,-0.07271980494260788,0.005413621664047241,0.3180716633796692,-0.10619949549436569,0.0012462437152862549,0.02630072832107544,-0.0816839337348938,0.0,0.17620062828063965,-0.1138509213924408,0.008002221584320068,0.2768275737762451,-0.13448922336101532,0.017957448959350586,0.3549630641937256,-0.14877283573150635,0.07106626033782959,0.0,-0.09442467987537384,0.07637044787406921,0.19948935508728027,-0.1199798509478569,0.08256915211677551,0.31234145164489746,-0.1270022839307785,0.0884045958518982,0.3933708667755127,-0.13722269237041473,0.1491032838821411,0.003438115119934082,-0.10431244969367981,0.15403905510902405,0.1884503960609436,-0.12821435928344727,0.14775651693344116,0.19491881132125854,-0.1174139454960823,0.14541012048721313,0.1725454330444336,-0.11226914823055267,0.21362704038619995,0.024042844772338867,-0.11399953067302704,0.20689666271209717,0.18234527111053467,-0.1419275403022766,0.19277724623680115,0.1963576078414917,-0.13237962126731873,0.18146458268165588,0.1732744574546814,-0.12321608513593674
N,0.19209754467010498,0.06234872341156006,-7.856571642150811e-07,0.09875467419624329,0.10696768760681152,-0.014896589331328869,0.039982736110687256,0.15719997882843018,-0.045788731426000595,0.026372849941253662,0.22657018899917603,-0.07552234083414078,0.028654247522354126,0.2958502173423767,-0.11099792271852493,0.003630310297012329,0.02576768398284912,-0.08368521183729172,0.0,0.17440921068191528,-0.12601332366466522,0.010432273149490356,0.2805527448654175,-0.15344999730587006,0.022158771753311157,0.36404502391815186,-0.16945691406726837,0.07198899984359741,0.0,-0.09940259903669357,0.08167561888694763,0.20304250717163086,-0.1301134079694748,0.08880844712257385,0.3192339539527893,-0.13698455691337585,0.09873250126838684,0.40111470222473145,-0.14351379871368408,0.1504133641719818,0.004196107387542725,-0.11329600214958191,0.15967538952827454,0.1826046109199524,-0.13768477737903595,0.1505158543586731,0.19101488590240479,-0.12408085912466049,0.14129075407981873,0.17176824808120728,-0.11500042676925659,0.21980586647987366,0.023824334144592285,-0.127677321434021,0.2136012613773346,0.17082065343856812,-0.152580127120018,0.19936639070510864,0.18964719772338867,-0.13828857243061066,0.18409991264343262,0.1749560832977295,-0.12371556460857391
N,0.20516061782836914,0.12533336877822876,-9.220546530741558e-07,0.10967078804969788,0.1594521403312683,-0.028491755947470665,0.050298720598220825,0.1842573881149292,-0.061170872300863266,0.03839367628097534,0.229428231716156,-0.09023939073085785,0.04765665531158447,0.2842887043952942,-0.12272298336029053,0.005277097225189209,0.031025022268295288,-0.09103754907846451,0.0,0.1808873414993286,-0.1352033168077469,0.012097269296646118,0.2837620973587036,-0.16173797845840454,0.023141920566558838,0.36054569482803345,-0.17653997242450714,0.07220777869224548,0.0,-0.10166729986667633,0.09051278233528137,0.2072359323501587,-0.13879115879535675,0.09767717123031616,0.3163105249404907,-0.14708863198757172,0.10181152820587158,0.38719892501831055,-0.15140710771083832,0.15081965923309326,0.005128741264343262,-0.11205936223268509,0.16247859597206116,0.20263898372650146,-0.1401893049478531,0.16363805532455444,0.22103983163833618,-0.12775608897209167,0.16154685616493225,0.20619726181030273,-0.11696208268404007,0.22082942724227905,0.029689818620681763,-0.12489417940378189,0.21280956268310547,0.19074124097824097,-0.14952120184898376,0.20342576503753662,0.21716386079788208,-0.13557246327400208,0.19308075308799744,0.2038722038269043,-0.11952322721481323
N,0.19909042119979858,0.13643163442611694,-1.0298498409611057e-06,0.10798612236976624,0.15754586458206177,-0.02748049795627594,0.041862428188323975,0.17637121677398682,-0.058067984879016876,0.019933611154556274,0.23100066184997559,-0.08713977783918381,0.017687946557998657,0.2900952696800232,-0.12012560665607452,0.0049245357513427734,0.028795957565307617,-0.07727883011102676,0.0,0.17405331134796143,-0.12449716031551361,0.011768609285354614,0.27742767333984375,-0.15775181353092194,0.019717872142791748,0.3540886640548706,-0.17488637566566467,0.07329109311103821,0.0,-0.08644111454486847,0.08957463502883911,0.2100619077682495,-0.13035382330417633,0.09573853015899658,0.3306335210800171,-0.14270120859146118,0.10180023312568665,0.4171409606933594,-0.1432303786277771,0.1533634066581726,0.00860893726348877,-0.09611595422029495,0.15978041291236877,0.19085896015167236,-0.12683668732643127,0.15618571639060974,0.2019861340522766,-0.11526253074407578,0.15266218781471252,0.18924391269683838,-0.10000093281269073,0.22245609760284424,0.03376331925392151,-0.10807057470083237,0.2145169973373413,0.1781955361366272,-0.12762945890426636,0.1986488699913025,0.20067602396011353,-0.10969037562608719,0.18386554718017578,0.1908467411994934,-0.08821004629135132
N,0.18892589211463928,0.1375041902065277,-1.1208306887056096e-06,0.10696065425872803,0.16243955492973328,-0.03165288642048836,0.043008118867874146,0.18105283379554749,-0.062475867569446564,0.019115865230560303,0.2249569594860077,-0.0922156423330307,0.012437522411346436,0.27758923172950745,-0.12410120666027069,0.002763032913208008,0.03252306580543518,-0.07131170481443405,0.0,0.172764390707016,-0.11919203400611877,0.016251176595687866,0.27956506609916687,-0.1527540683746338,0.02961108088493347,0.3605513274669647,-0.1702149659395218,0.07029351592063904,0.0,-0.08074106276035309,0.08898237347602844,0.19715532660484314,-0.12670280039310455,0.09837481379508972,0.3274005353450775,-0.14207488298416138,0.10638442635536194,0.4124499261379242,-0.14615307748317719,0.14780640602111816,0.0004898607730865479,-0.09243644773960114,0.15970423817634583,0.16585388779640198,-0.12760087847709656,0.15498429536819458,0.2237679660320282,-0.12348391860723495,0.1519474983215332,0.24110820889472961,-0.11484016478061676,0.21886283159255981,0.0182456374168396,-0.10707920789718628,0.2189520001411438,0.14317730069160461,-0.12807302176952362,0.20397257804870605,0.19801363348960876,-0.11609968543052673,0.19045120477676392,0.2164856493473053,-0.10168270766735077
N,0.18403005599975586,0.1459062695503235,-1.1390944791855873e-06,0.1067105233669281,0.16952770948410034,-0.03543390333652496,0.04333701729774475,0.19413870573043823,-0.068449005484581,0.02127009630203247,0.25036197900772095,-0.09978142380714417,0.013829439878463745,0.3126515746116638,-0.13245601952075958,0.0009722113609313965,0.040497541427612305,-0.07306544482707977,0.0,0.1814213991165161,-0.12330631166696548,0.01723751425743103,0.2901712656021118,-0.15819986164569855,0.02855345606803894,0.372805655002594,-0.17655883729457855,0.06970560550689697,0.002748459577560425,-0.08160343766212463,0.08997896313667297,0.20233619213104248,-0.13139954209327698,0.10299667716026306,0.3368085026741028,-0.14871564507484436,0.11048299074172974,0.4226802587509155,-0.15368840098381042,0.14656582474708557,0.0,-0.09292328357696533,0.16029810905456543,0.17363518476486206,-0.13010068237781525,0.15404081344604492,0.24412953853607178,-0.12711797654628754,0.14606589078903198,0.27061086893081665,-0.1194535344839096,0.21708273887634277,0.01649761199951172,-0.10768870264291763,0.2193264365196228,0.14976614713668823,-0.12865985929965973,0.20566952228546143,0.2093316912651062,-0.11738558858633041,0.19074225425720215,0.23089593648910522,-0.10410187393426895
N,0.1911235749721527,0.1388128697872162,-1.247417344529822e-06,0.11622622609138489,0.16783973574638367,-0.036771539598703384,0.04882165789604187,0.19815072417259216,-0.06969237327575684,0.02547776699066162,0.252345472574234,-0.10007075220346451,0.02076590061187744,0.3076240122318268,-0.1301727443933487,0.004768252372741699,0.04502713680267334,-0.08141083270311356,0.0,0.18898364901542664,-0.1269730031490326,0.018386363983154297,0.2998145520687103,-0.15367239713668823,0.03285154700279236,0.3848419487476349,-0.16610220074653625,0.06928145885467529,0.005649596452713013,-0.08734799921512604,0.09423407912254333,0.22612681984901428,-0.13478650152683258,0.10988876223564148,0.3508063852787018,-0.1460820883512497,0.1209293007850647,0.4334634244441986,-0.14528381824493408,0.14371982216835022,0.0,-0.09510257840156555,0.15993738174438477,0.18629911541938782,-0.1278662532567978,0.1564405858516693,0.22523722052574158,-0.11927584558725357,0.14986395835876465,0.23147371411323547,-0.1076192706823349,0.2126215100288391,0.012331932783126831,-0.10656958073377609,0.2179774045944214,0.1514313519001007,-0.12453360110521317,0.20804959535598755,0.20044466853141785,-0.10955720394849777,0.1962694525718689,0.2154081165790558,-0.09259320050477982
N,0.18735015392303467,0.14001399278640747,-1.238744971487904e-06,0.10760849714279175,0.16305512189865112,-0.03349776193499565,0.04059085249900818,0.18776988983154297,-0.06412415206432343,0.019749075174331665,0.24029773473739624,-0.0930308848619461,0.018302083015441895,0.2950047254562378,-0.12293641269207001,0.004270792007446289,0.04050922393798828,-0.07615228742361069,0.0,0.1860857605934143,-0.12225773930549622,0.017821788787841797,0.2952146530151367,-0.15117214620113373,0.03153198957443237,0.37801849842071533,-0.16497910022735596,0.0696621835231781,0.0029636621475219727,-0.08392556756734848,0.09552827477455139,0.22453081607818604,-0.12976039946079254,0.10774359107017517,0.3533504009246826,-0.14227116107940674,0.11681288480758667,0.4403505325317383,-0.14266015589237213,0.1452416479587555,0.0,-0.09354471415281296,0.16290205717086792,0.18993926048278809,-0.125935360789299,0.1529952883720398,0.23389101028442383,-0.11812475323677063,0.1421695351600647,0.24368304014205933,-0.10670068860054016,0.21342867612838745,0.015381157398223877,-0.10661641508340836,0.21766328811645508,0.1572982668876648,-0.1255006194114685,0.2032374143600464,0.2050289511680603,-0.11092223227024078,0.18894469738006592,0.22009044885635376,-0.09381205588579178
N,0.18071532249450684,0.1365475058555603,-1.1554928960322286e-06,0.10358819365501404,0.16223973035812378,-0.03750116378068924,0.04043129086494446,0.18834644556045532,-0.0708569809794426,0.022586464881896973,0.24349135160446167,-0.10178788006305695,0.02143031358718872,0.30069500207901,-0.13339988887310028,0.00144997239112854,0.042505115270614624,-0.08253441751003265,0.0,0.18654632568359375,-0.13193796575069427,0.019208192825317383,0.29689550399780273,-0.16230805218219757,0.032761842012405396,0.380939781665802,-0.17672744393348694,0.07023543119430542,0.0035389065742492676,-0.08968938887119293,0.09506887197494507,0.213881254196167,-0.13838288187980652,0.10504218935966492,0.3424907922744751,-0.15111416578292847,0.11072391271591187,0.42785197496414185,-0.15194948017597198,0.1466670036315918,0.0,-0.09922700375318527,0.16402214765548706,0.18776774406433105,-0.13395938277244568,0.15595251321792603,0.24016302824020386,-0.12576203048229218,0.14615875482559204,0.25536787509918213,-0.11407520622015,0.21491700410842896,0.01661860942840576,-0.11270450800657272,0.2200126051902771,0.1601252555847168,-0.13247112929821014,0.20512467622756958,0.20993298292160034,-0.11840425431728363,0.18821364641189575,0.22479748725891113,-0.1020871177315712
N,0.17769792675971985,0.13057741522789001,-1.1293801662759506e-06,0.10288572311401367,0.15700766444206238,-0.0402495414018631,0.04024142026901245,0.1881483495235443,-0.0759948343038559,0.022253841161727905,0.24860736727714539,-0.10867346823215485,0.02107986807823181,0.3077223598957062,-0.14223262667655945,0.0,0.0421808660030365,-0.08714912831783295,0.0023832321166992188,0.18730828166007996,-0.13589473068714142,0.021687716245651245,0.29617759585380554,-0.16572467982769012,0.03453660011291504,0.38027867674827576,-0.1803339123725891,0.06942301988601685,0.0038865506649017334,-0.0931171402335167,0.09561192989349365,0.21948257088661194,-0.14241893589496613,0.10626411437988281,0.3512583076953888,-0.15688937902450562,0.11116570234298706,0.4378499686717987,-0.1600683629512787,0.14589709043502808,0.0,-0.10115917772054672,0.163944810628891,0.18961754441261292,-0.1361449658870697,0.15349942445755005,0.2499053180217743,-0.12981927394866943,0.14087018370628357,0.27099403738975525,-0.12058430910110474,0.2149217426776886,0.015521138906478882,-0.11319947242736816,0.22074761986732483,0.15317687392234802,-0.13285313546657562,0.205340176820755,0.2086256444454193,-0.11940320581197739,0.1877053678035736,0.23040905594825745,-0.10464910417795181
N,0.18233469128608704,0.13764512538909912,-1.1922263638552977e-06,0.10360598564147949,0.1614820957183838,-0.03997216373682022,0.038686931133270264,0.18656069040298462,-0.07515965402126312,0.01873686909675598,0.2403719425201416,-0.10704052448272705,0.016562610864639282,0.2953471541404724,-0.1396220624446869,0.002718418836593628,0.03857329487800598,-0.08951880782842636,0.0,0.18946415185928345,-0.1379033625125885,0.017695456743240356,0.30196183919906616,-0.16631729900836945,0.03111204504966736,0.3874697685241699,-0.17997077107429504,0.07092827558517456,0.002189040184020996,-0.09558455646038055,0.09380832314491272,0.21955841779708862,-0.1452971249818802,0.10568597912788391,0.35371142625808716,-0.15898893773555756,0.11317116022109985,0.44200295209884644,-0.16141702234745026,0.14719650149345398,0.0,-0.10336911678314209,0.1626625955104828,0.18702632188796997,-0.13978780806064606,0.15530925989151,0.24867576360702515,-0.1330099105834961,0.14727848768234253,0.2713005542755127,-0.12313655018806458,0.21616598963737488,0.016796469688415527,-0.1149720549583435,0.21988603472709656,0.1504787802696228,-0.13706600666046143,0.20660331845283508,0.20566201210021973,-0.12439587712287903,0.19244655966758728,0.22735899686813354,-0.10976292192935944
N,0.1808699667453766,0.13259613513946533,-1.1976179621342453e-06,0.10396498441696167,0.15678101778030396,-0.041134610772132874,0.03936600685119629,0.185083270072937,-0.07740983366966248,0.02006077766418457,0.24428212642669678,-0.1100979745388031,0.01817193627357483,0.30335623025894165,-0.14357934892177582,0.0011660754680633545,0.04154220223426819,-0.09228227287530899,0.0,0.19183039665222168,-0.14102864265441895,0.017318695783615112,0.30428892374038696,-0.16987869143486023,0.029450714588165283,0.3891555070877075,-0.18378229439258575,0.07121390104293823,0.0033135414123535156,-0.09727784246206284,0.09458529949188232,0.22858095169067383,-0.14735276997089386,0.10450249910354614,0.3624281883239746,-0.16058188676834106,0.10941538214683533,0.4498100280761719,-0.16198281943798065,0.1487962007522583,0.0,-0.1038646474480629,0.16455331444740295,0.1968909502029419,-0.13906337320804596,0.1575561761856079,0.24342381954193115,-0.13126221299171448,0.14817816019058228,0.2522057890892029,-0.12019222974777222,0.2177836000919342,0.015591263771057129,-0.11438615620136261,0.2207528054714203,0.16141247749328613,-0.1345328539609909,0.20482036471366882,0.21087372303009033,-0.12006891518831253,0.18724992871284485,0.22605067491531372,-0.10366515070199966
N,0.18658649921417236,0.13482019305229187,-1.1673224662445136e-06,0.10861140489578247,0.1611713469028473,-0.039734113961458206,0.044395118951797485,0.19191142916679382,-0.07583758234977722,0.02696087956428528,0.2542949616909027,-0.10883734375238419,0.025720924139022827,0.3173719346523285,-0.14254656434059143,0.0014097094535827637,0.04572001099586487,-0.09180466085672379,0.0,0.19355353713035583,-0.14136172831058502,0.01880544424057007,0.3048940598964691,-0.17049477994441986,0.03284290432929993,0.39184293150901794,-0.18431317806243896,0.06983634829521179,0.005384773015975952,-0.09799675643444061,0.0958760678768158,0.22344985604286194,-0.14767558872699738,0.10758480429649353,0.3558233082294464,-0.16119199991226196,0.11425748467445374,0.4435546100139618,-0.16354787349700928,0.14741066098213196,0.0,-0.10575106739997864,0.16656890511512756,0.18995752930641174,-0.14108537137508392,0.16084426641464233,0.2516961395740509,-0.13379044830799103,0.15438628196716309,0.27545079588890076,-0.12356405705213547,0.21820861101150513,0.014203280210494995,-0.11747903376817703,0.22499293088912964,0.15484872460365295,-0.13872364163398743,0.21086543798446655,0.2111724317073822,-0.12581419944763184,0.19564539194107056,0.23368576169013977,-0.11070489883422852
N,0.18371984362602234,0.13344460725784302,-1.1709006457749638e-06,0.10563215613365173,0.16081690788269043,-0.03558836132287979,0.04193946719169617,0.19110161066055298,-0.06875081360340118,0.025534778833389282,0.24971240758895874,-0.09946785122156143,0.027196139097213745,0.3088759183883667,-0.131106898188591,0.002110421657562256,0.04711303114891052,-0.08543172478675842,0.0,0.19267994165420532,-0.13211357593536377,0.017811566591262817,0.30310243368148804,-0.1597752422094345,0.03165090084075928,0.38667017221450806,-0.17294791340827942,0.06858944892883301,0.006746858358383179,-0.09267151355743408,0.09656697511672974,0.22957658767700195,-0.13904833793640137,0.1062757670879364,0.35631972551345825,-0.15135395526885986,0.11229613423347473,0.4382648468017578,-0.15285208821296692,0.14520001411437988,0.0,-0.10123895853757858,0.16648972034454346,0.19652611017227173,-0.1328350007534027,0.15798822045326233,0.24327784776687622,-0.12325771152973175,0.14803728461265564,0.25261223316192627,-0.11185313761234283,0.21449831128120422,0.011483967304229736,-0.11369334906339645,0.22293773293495178,0.1577380895614624,-0.13254326581954956,0.2089259922504425,0.20357263088226318,-0.11782584339380264,0.19311699271202087,0.21430903673171997,-0.10132050514221191
N,0.1786554455757141,0.12307733297348022,-1.1400607036193833e-06,0.09904348850250244,0.1499561071395874,-0.034972596913576126,0.036055177450180054,0.1814236044883728,-0.0668627992272377,0.02119511365890503,0.23923790454864502,-0.09645985811948776,0.025131911039352417,0.29624295234680176,-0.1273161917924881,0.0016416311264038086,0.04057502746582031,-0.08403391391038895,0.0,0.18748366832733154,-0.1292538344860077,0.016448765993118286,0.2968444228172302,-0.15560771524906158,0.029533445835113525,0.37939560413360596,-0.16778261959552765,0.06986239552497864,0.003794074058532715,-0.09134544432163239,0.09519869089126587,0.22384220361709595,-0.1356663703918457,0.10011273622512817,0.35069185495376587,-0.1470239907503128,0.10332885384559631,0.43364930152893066,-0.14793112874031067,0.14742690324783325,0.0,-0.09990783780813217,0.165774405002594,0.19170504808425903,-0.13209977746009827,0.15390777587890625,0.23855578899383545,-0.12301349639892578,0.14323896169662476,0.2482759952545166,-0.11114097386598587,0.21626973152160645,0.013774663209915161,-0.11201762408018112,0.22058182954788208,0.16245287656784058,-0.13251948356628418,0.20123964548110962,0.21003854274749756,-0.1182905063033104,0.18234550952911377,0.22224974632263184,-0.101358562707901
N,0.18822532892227173,0.15173888206481934,-1.1234386647629435e-06,0.10147181153297424,0.1736275553703308,-0.03591829538345337,0.037011682987213135,0.19355469942092896,-0.06973276287317276,0.015990078449249268,0.24232107400894165,-0.10102911293506622,0.015351951122283936,0.29868006706237793,-0.13394081592559814,0.003053605556488037,0.03843650221824646,-0.08269845694303513,0.0,0.18248939514160156,-0.13047829270362854,0.01439937949180603,0.2867123484611511,-0.16097994148731232,0.025487542152404785,0.3674435615539551,-0.17671506106853485,0.07091674208641052,0.002553880214691162,-0.09061980992555618,0.09149149060249329,0.21018320322036743,-0.13849276304244995,0.0982309877872467,0.3449171781539917,-0.15534622967243195,0.10277241468429565,0.4350782036781311,-0.16205227375030518,0.1470954716205597,0.0,-0.10026165843009949,0.16164252161979675,0.18111956119537354,-0.1365399807691574,0.15333202481269836,0.24989134073257446,-0.13542424142360687,0.14675503969192505,0.2799851894378662,-0.13078980147838593,0.2163953185081482,0.015983790159225464,-0.11313750594854355,0.2194957733154297,0.14471060037612915,-0.13418245315551758,0.20594477653503418,0.20349764823913574,-0.12455320358276367,0.1928788423538208,0.2285436987876892,-0.11376024037599564
N,0.18477699160575867,0.13906452059745789,-1.2193804650451057e-06,0.10611334443092346,0.16357800364494324,-0.03575240448117256,0.03863340616226196,0.18889281153678894,-0.06707675755023956,0.017805486917495728,0.24360451102256775,-0.09591973572969437,0.014198064804077148,0.30172762274742126,-0.12468745559453964,0.005587756633758545,0.036640554666519165,-0.08106482028961182,0.0,0.17878320813179016,-0.12554751336574554,0.018585652112960815,0.2915131747722626,-0.15014983713626862,0.031183868646621704,0.3765800893306732,-0.16078676283359528,0.0734025239944458,0.0,-0.08746381103992462,0.09441226720809937,0.22648963332176208,-0.13283489644527435,0.10335132479667664,0.3523124158382416,-0.14203625917434692,0.10787755250930786,0.43357494473457336,-0.1401931196451187,0.14862042665481567,6.35385513305664e-05,-0.0956951305270195,0.16220411658287048,0.1990039050579071,-0.1259690374135971,0.15370658040046692,0.2443794310092926,-0.11433059722185135,0.14238899946212769,0.25270506739616394,-0.10098836570978165,0.2160119116306305,0.019149452447891235,-0.10795624554157257,0.21911796927452087,0.17083784937858582,-0.12509113550186157,0.20357480645179749,0.22183892130851746,-0.10920226573944092,0.18592742085456848,0.2369641363620758,-0.09140581637620926
N,0.18216288089752197,0.14622485637664795,-1.1739300589397317e-06,0.10248962044715881,0.16730618476867676,-0.03777648136019707,0.03721338510513306,0.19183653593063354,-0.07152228057384491,0.018418490886688232,0.24585705995559692,-0.10281877964735031,0.017841339111328125,0.3027372360229492,-0.13443990051746368,0.0016367733478546143,0.040544748306274414,-0.08226638287305832,0.0,0.18435150384902954,-0.13181687891483307,0.018111199140548706,0.29397231340408325,-0.16204297542572021,0.029693812131881714,0.37778741121292114,-0.17645025253295898,0.06998449563980103,0.0031092166900634766,-0.08921259641647339,0.0934458076953888,0.2199299931526184,-0.13988202810287476,0.10248100757598877,0.3499220013618469,-0.1543746292591095,0.10581684112548828,0.435180127620697,-0.15640735626220703,0.14540427923202515,0.0,-0.09839953482151031,0.16297310590744019,0.19628971815109253,-0.13370375335216522,0.15614265203475952,0.25383925437927246,-0.12640321254730225,0.14587482810020447,0.27103251218795776,-0.11560381203889847,0.21346861124038696,0.016404151916503906,-0.1116776317358017,0.21841251850128174,0.16072440147399902,-0.13071133196353912,0.20486980676651,0.21387380361557007,-0.11698991805315018,0.18864405155181885,0.2299535870552063,-0.10141552984714508
N,0.18558326363563538,0.14508864283561707,-1.191255478261155e-06,0.10646408796310425,0.1661454737186432,-0.037368349730968475,0.043046772480010986,0.19012627005577087,-0.07203762233257294,0.022400379180908203,0.2420543134212494,-0.10388720780611038,0.018555045127868652,0.29917076230049133,-0.1361350417137146,0.004072278738021851,0.04163208603858948,-0.08613927662372589,0.0,0.1812392771244049,-0.13361375033855438,0.018725544214248657,0.29050251841545105,-0.1615588665008545,0.031602680683135986,0.37682947516441345,-0.17504173517227173,0.07163333892822266,0.003783613443374634,-0.09287171810865402,0.09247511625289917,0.21221724152565002,-0.14146354794502258,0.10544958710670471,0.33947989344596863,-0.15553541481494904,0.11337360739707947,0.42492422461509705,-0.15910521149635315,0.14633852243423462,0.0,-0.10123257339000702,0.16041269898414612,0.1834871470928192,-0.1364060342311859,0.1550832986831665,0.24602696299552917,-0.13288073241710663,0.14840003848075867,0.27419909834861755,-0.1263173520565033,0.21538689732551575,0.014973104000091553,-0.11316933482885361,0.2203684151172638,0.1478632390499115,-0.13360075652599335,0.20799311995506287,0.20844575762748718,-0.12314092367887497,0.19370922446250916,0.23878493905067444,-0.1112627238035202
N,0.1825498640537262,0.14511317014694214,-1.1662497172437725e-06,0.10236787796020508,0.16437959671020508,-0.037744343280792236,0.03822973370552063,0.18677568435668945,-0.07202354073524475,0.01853001117706299,0.23983019590377808,-0.1040489599108696,0.015394091606140137,0.29736167192459106,-0.13685347139835358,0.0021806657314300537,0.038081616163253784,-0.08125629276037216,0.0,0.1800430417060852,-0.13131962716579437,0.01913115382194519,0.29136842489242554,-0.16309472918510437,0.03151443600654602,0.3775297999382019,-0.17858316004276276,0.07260251045227051,0.0018155872821807861,-0.08852294087409973,0.0949099063873291,0.20990443229675293,-0.1380293369293213,0.10538163781166077,0.3404720425605774,-0.1532750278711319,0.11110740900039673,0.4275466799736023,-0.1570267528295517,0.14917084574699402,0.0,-0.09828618168830872,0.1637137532234192,0.18443584442138672,-0.1340630203485489,0.15461817383766174,0.24790304899215698,-0.13031871616840363,0.14490503072738647,0.27423757314682007,-0.12276168167591095,0.21844640374183655,0.017604857683181763,-0.11186393350362778,0.22235175967216492,0.15294140577316284,-0.13174155354499817,0.20697245001792908,0.211636483669281,-0.12028580904006958,0.1911139190196991,0.23840254545211792,-0.10718835890293121
N,0.18533632159233093,0.14256709814071655,-1.1948657174798427e-06,0.10563439130783081,0.16505032777786255,-0.03502659872174263,0.03737550973892212,0.18883341550827026,-0.06598667800426483,0.016201496124267578,0.2455688714981079,-0.09495086967945099,0.0120621919631958,0.30298662185668945,-0.12437355518341064,0.003855794668197632,0.03777271509170532,-0.07729973644018173,0.0,0.18436747789382935,-0.12465135008096695,0.01763591170310974,0.2961938977241516,-0.1535331904888153,0.030245840549468994,0.38194769620895386,-0.166709303855896,0.07269036769866943,0.0009261071681976318,-0.08461660891771317,0.09312683343887329,0.22369271516799927,-0.13243629038333893,0.10201194882392883,0.34942400455474854,-0.14471547305583954,0.10661351680755615,0.43333637714385986,-0.14406275749206543,0.14869776368141174,0.0,-0.09410727024078369,0.16268867254257202,0.19812732934951782,-0.12659360468387604,0.15583530068397522,0.23571044206619263,-0.1169903352856636,0.1452016830444336,0.23813778162002563,-0.10390087962150574,0.21646788716316223,0.018889904022216797,-0.10746370255947113,0.2202368676662445,0.16785216331481934,-0.12461783736944199,0.205842524766922,0.2131596803665161,-0.1084296703338623,0.18865469098091125,0.22310906648635864,-0.09011369198560715
N,0.18685057759284973,0.1470276117324829,-1.1967279078817228e-06,0.10121098160743713,0.16582924127578735,-0.032373763620853424,0.03316450119018555,0.18678748607635498,-0.06240376457571983,0.010791033506393433,0.23941391706466675,-0.09103338420391083,0.0076943933963775635,0.295665979385376,-0.12059827148914337,0.005549103021621704,0.03251105546951294,-0.07424809783697128,0.0,0.17985767126083374,-0.12106816470623016,0.015348196029663086,0.2906187176704407,-0.150725856423378,0.02604338526725769,0.3751099705696106,-0.1642209142446518,0.07362642884254456,0.0,-0.08213694393634796,0.09133568406105042,0.2188897728919983,-0.12793317437171936,0.09768104553222656,0.3429320454597473,-0.14042489230632782,0.10165077447891235,0.42849916219711304,-0.14028920233249664,0.14910945296287537,0.001645892858505249,-0.0918605774641037,0.16080215573310852,0.19597947597503662,-0.12236209958791733,0.15451499819755554,0.23312973976135254,-0.11257881671190262,0.14646437764167786,0.23827135562896729,-0.09945499151945114,0.2165234386920929,0.021467924118041992,-0.10525395721197128,0.2182750403881073,0.16774046421051025,-0.12119534611701965,0.2048785388469696,0.20964157581329346,-0.10500957071781158,0.18996074795722961,0.21831166744232178,-0.08660044521093369
N,0.19128045439720154,0.15492531657218933,-1.2162632856416167e-06,0.10673195123672485,0.17329183220863342,-0.03341250494122505,0.03804686665534973,0.19096031785011292,-0.06350132822990417,0.013322263956069946,0.23988357186317444,-0.09196603298187256,0.0054631829261779785,0.29431334137916565,-0.12085850536823273,0.00656476616859436,0.03538048267364502,-0.07267811894416809,0.0,0.17808708548545837,-0.12136602401733398,0.01579543948173523,0.2893960177898407,-0.15295444428920746,0.02629023790359497,0.3741286098957062,-0.16808883845806122,0.07426813244819641,0.00019812583923339844,-0.08074615150690079,0.09132477641105652,0.20952275395393372,-0.12726709246635437,0.09940469264984131,0.33532795310020447,-0.1411602646112442,0.1025276780128479,0.4170653522014618,-0.14344578981399536,0.14902028441429138,0.0,-0.09130188822746277,0.16103973984718323,0.191368967294693,-0.12337594479322433,0.15573060512542725,0.24597373604774475,-0.11633530259132385,0.14726537466049194,0.26162365078926086,-0.10632289946079254,0.21706506609916687,0.01916942000389099,-0.10568566620349884,0.2167053520679474,0.1649981439113617,-0.12208102643489838,0.20378771424293518,0.21675124764442444,-0.10811901092529297,0.1891244351863861,0.2323320209980011,-0.09278149157762527
N,0.18801677227020264,0.15662795305252075,-1.2281236649869243e-06,0.1076582670211792,0.17764747142791748,-0.03639470040798187,0.04055330157279968,0.19639068841934204,-0.06806184351444244,0.018008291721343994,0.24276834726333618,-0.09748012572526932,0.011832386255264282,0.29322123527526855,-0.12647776305675507,0.007924944162368774,0.035542815923690796,-0.07633651047945023,0.0,0.17462849617004395,-0.12499815970659256,0.01626378297805786,0.285952091217041,-0.1543641984462738,0.02815830707550049,0.37011659145355225,-0.16765141487121582,0.07597297430038452,0.0,-0.08357881754636765,0.09267023205757141,0.2174585461616516,-0.1329163908958435,0.10137438774108887,0.3442511558532715,-0.1439880132675171,0.10600090026855469,0.42667269706726074,-0.1417776346206665,0.15132474899291992,0.0017034411430358887,-0.09362494200468063,0.16175484657287598,0.194094717502594,-0.1273031383752823,0.15573841333389282,0.23359090089797974,-0.11502993851900101,0.1458277702331543,0.2355075478553772,-0.09966033697128296,0.2186729907989502,0.02272200584411621,-0.10784906893968582,0.21827799081802368,0.17083120346069336,-0.12575988471508026,0.2053133249282837,0.2151799201965332,-0.10867497324943542,0.1899471879005432,0.2210657000541687,-0.08929239958524704
N,0.18776124715805054,0.16120654344558716,-1.2209387705297559e-06,0.10742861032485962,0.17746442556381226,-0.03568185120820999,0.0402522087097168,0.19306272268295288,-0.06733153015375137,0.015641093254089355,0.2388818860054016,-0.09715038537979126,0.009724795818328857,0.29245632886886597,-0.1270122081041336,0.007709801197052002,0.0340559184551239,-0.07405523955821991,0.0,0.17408567667007446,-0.12319191545248032,0.01671120524406433,0.28806740045547485,-0.15407240390777588,0.027223289012908936,0.37337547540664673,-0.16874852776527405,0.0747542679309845,0.0,-0.08151107281446457,0.08991801738739014,0.20925039052963257,-0.13008704781532288,0.10021987557411194,0.33592748641967773,-0.14327216148376465,0.1050201952457428,0.41679948568344116,-0.14433664083480835,0.14846718311309814,0.0017371773719787598,-0.09182947129011154,0.15911030769348145,0.19027560949325562,-0.12548567354679108,0.1552748680114746,0.2466641068458557,-0.11889534443616867,0.14731460809707642,0.26252442598342896,-0.10898620635271072,0.21601194143295288,0.022374778985977173,-0.10614506155252457,0.21782392263412476,0.16538256406784058,-0.12263741344213486,0.20550376176834106,0.22117257118225098,-0.1090172603726387,0.19047731161117554,0.23888617753982544,-0.09421789646148682
N,0.18417125940322876,0.16027411818504333,-1.2154117712270818e-06,0.10794174671173096,0.18000027537345886,-0.03872014209628105,0.04346489906311035,0.19794008135795593,-0.07294395565986633,0.021845251321792603,0.24359342455863953,-0.10470426827669144,0.017649054527282715,0.2935703694820404,-0.1362828016281128,0.00712209939956665,0.03623458743095398,-0.07984114438295364,0.0,0.1726873219013214,-0.1297931969165802,0.016552507877349854,0.2845463454723358,-0.16089670360088348,0.027850747108459473,0.3701570928096771,-0.17587456107139587,0.0747833251953125,7.68899917602539e-05,-0.08627383410930634,0.0920528769493103,0.20677849650382996,-0.13630403578281403,0.10122048854827881,0.3342244327068329,-0.1498291939496994,0.10546359419822693,0.4174515902996063,-0.151296466588974,0.14915555715560913,0.0,-0.09555716812610626,0.15988796949386597,0.18355318903923035,-0.130179300904274,0.15446719527244568,0.24167987704277039,-0.12314300984144211,0.14623340964317322,0.2612357437610626,-0.11312789469957352,0.2170763611793518,0.020080506801605225,-0.10910838842391968,0.21877628564834595,0.15797236561775208,-0.1271405965089798,0.20674848556518555,0.2147437036037445,-0.11378376930952072,0.19321513175964355,0.23385414481163025,-0.09904304891824722
N,0.18409425020217896,0.1509850025177002,-1.2159126754340832e-06,0.10791337490081787,0.17157196998596191,-0.038698308169841766,0.04131355881690979,0.19139444828033447,-0.07241101562976837,0.020725786685943604,0.2380017638206482,-0.10366428643465042,0.018356502056121826,0.2864376902580261,-0.13461846113204956,0.006952017545700073,0.035512566566467285,-0.07961734384298325,0.0,0.17325878143310547,-0.12899836897850037,0.017403125762939453,0.28528106212615967,-0.15912185609340668,0.029823005199432373,0.37107664346694946,-0.1731988489627838,0.0746208131313324,4.547834396362305e-05,-0.08565235882997513,0.0924607515335083,0.21013861894607544,-0.13526728749275208,0.10171094536781311,0.33472925424575806,-0.14853598177433014,0.10633078217506409,0.4167858362197876,-0.14960913360118866,0.14897143840789795,0.0,-0.09450969845056534,0.16028428077697754,0.18654245138168335,-0.1292603313922882,0.15452367067337036,0.24060171842575073,-0.12302783876657486,0.14551356434822083,0.25718075037002563,-0.11319340765476227,0.21682339906692505,0.019373297691345215,-0.10750649124383926,0.2198629379272461,0.15686678886413574,-0.12592045962810516,0.2076755166053772,0.21093785762786865,-0.11327914893627167,0.1935328245162964,0.22949761152267456,-0.09881982952356339
N,0.18190020322799683,0.14694485068321228,-1.1768925105570816e-06,0.10350719094276428,0.16665485501289368,-0.03709261864423752,0.0390450656414032,0.18536624312400818,-0.07095863670110703,0.01744505763053894,0.2328653633594513,-0.10265744477510452,0.012016981840133667,0.28542497754096985,-0.13517844676971436,0.004401147365570068,0.03658783435821533,-0.08268992602825165,0.0,0.1702602207660675,-0.13307568430900574,0.017824620008468628,0.28028902411460876,-0.16448874771595,0.030199170112609863,0.3675014078617096,-0.1796373873949051,0.07110309600830078,0.0013754665851593018,-0.08983204513788223,0.09102535247802734,0.1949951946735382,-0.14056484401226044,0.10286426544189453,0.326376348733902,-0.15486466884613037,0.11044543981552124,0.41744914650917053,-0.15751293301582336,0.1450347900390625,0.0,-0.09924228489398956,0.15796691179275513,0.16991308331489563,-0.1354440450668335,0.15519964694976807,0.2428092062473297,-0.13046297430992126,0.15173429250717163,0.28036370873451233,-0.12195451557636261,0.21336817741394043,0.017908096313476562,-0.11240432411432266,0.21729493141174316,0.14689114689826965,-0.13163550198078156,0.2058854103088379,0.20848771929740906,-0.12003525346517563,0.19346201419830322,0.23667660355567932,-0.10721271485090256
N,0.1780136525630951,0.14396339654922485,-1.131902195083967e-06,0.10040256381034851,0.16224586963653564,-0.03783753514289856,0.03839978575706482,0.18109381198883057,-0.07111604511737823,0.018172532320022583,0.22712922096252441,-0.10217344015836716,0.014448374509811401,0.27841395139694214,-0.13372257351875305,0.0042664408683776855,0.03402864933013916,-0.0789821445941925,0.0,0.17322266101837158,-0.1299542933702469,0.015664905309677124,0.28199219703674316,-0.16344815492630005,0.025659769773483276,0.36512571573257446,-0.18020708858966827,0.0715198814868927,0.00026911497116088867,-0.08561043441295624,0.09240791201591492,0.2006022334098816,-0.13532808423042297,0.10134434700012207,0.3250245451927185,-0.15052594244480133,0.10567805171012878,0.4074684977531433,-0.1539691686630249,0.1454523503780365,0.0,-0.09501489996910095,0.16042658686637878,0.17999595403671265,-0.13034828007221222,0.15380337834358215,0.2437741756439209,-0.12520815432071686,0.1458059549331665,0.27133870124816895,-0.1165001392364502,0.2124638855457306,0.019746780395507812,-0.10857369005680084,0.2175387442111969,0.15434420108795166,-0.1280418038368225,0.2044922411441803,0.20835566520690918,-0.11672995984554291,0.1900257170200348,0.22845542430877686,-0.1035800501704216
N,0.17907872796058655,0.1476145088672638,-1.1107425734735443e-06,0.1014728844165802,0.1613936722278595,-0.03937051445245743,0.03842917084693909,0.17799833416938782,-0.07341118156909943,0.016613274812698364,0.2253647744655609,-0.10472065955400467,0.012618809938430786,0.27633389830589294,-0.1365295946598053,0.001510322093963623,0.03197348117828369,-0.08049088716506958,0.0,0.17240247130393982,-0.13004182279109955,0.01685035228729248,0.27942463755607605,-0.1613653153181076,0.02733844518661499,0.3618447482585907,-0.17657031118869781,0.0710178017616272,0.0,-0.08626516908407211,0.09087172150611877,0.2028239667415619,-0.13659237325191498,0.10123920440673828,0.32888874411582947,-0.15121273696422577,0.10638529062271118,0.41363319754600525,-0.15347924828529358,0.14756998419761658,0.0013172924518585205,-0.09479588270187378,0.15958568453788757,0.1764000952243805,-0.13180553913116455,0.15216943621635437,0.23318395018577576,-0.127422496676445,0.1436949372291565,0.25504395365715027,-0.11832603812217712,0.21694734692573547,0.02183854579925537,-0.10718037933111191,0.21904125809669495,0.14837446808815002,-0.12776099145412445,0.20535674691200256,0.2024582326412201,-0.11634967476129532,0.1909315288066864,0.22373369336128235,-0.10254810005426407
N,0.1803452968597412,0.15885379910469055,-1.1670892945403466e-06,0.10451596975326538,0.17604520916938782,-0.03798668459057808,0.041683733463287354,0.1898030936717987,-0.07195013761520386,0.017486155033111572,0.2304832637310028,-0.10379351675510406,0.01071244478225708,0.27859970927238464,-0.1358000487089157,0.0013883709907531738,0.03638377785682678,-0.07423251122236252,0.0,0.17040684819221497,-0.12653523683547974,0.016636639833450317,0.2824946343898773,-0.1622050702571869,0.026006639003753662,0.36757567524909973,-0.180644229054451,0.06770375370979309,0.0016980469226837158,-0.081364706158638,0.08928412199020386,0.19553139805793762,-0.13132072985172272,0.09960761666297913,0.32314208149909973,-0.14787530899047852,0.10270711779594421,0.40472403168678284,-0.15280264616012573,0.14157679677009583,0.0,-0.09172432124614716,0.1571955382823944,0.17000845074653625,-0.1279023140668869,0.15262854099273682,0.24318447709083557,-0.12275957316160202,0.14441010355949402,0.27517834305763245,-0.11451336741447449,0.21105873584747314,0.016443908214569092,-0.10624146461486816,0.21561449766159058,0.14388224482536316,-0.1253921240568161,0.2045198678970337,0.20764431357383728,-0.11298257112503052,0.19081586599349976,0.23404482007026672,-0.09958000481128693
N,0.17893627285957336,0.15271160006523132,-1.1621107205428416e-06,0.10241848230361938,0.16976895928382874,-0.03656960651278496,0.03918498754501343,0.1879902184009552,-0.06895235925912857,0.018630951642990112,0.2347411811351776,-0.09938612580299377,0.014422118663787842,0.2861354649066925,-0.13037855923175812,0.002523362636566162,0.037356406450271606,-0.07549165934324265,0.0,0.16963371634483337,-0.12350644171237946,0.016889750957489014,0.2793155014514923,-0.1548394113779068,0.0278017520904541,0.36439093947410583,-0.1703641414642334,0.07058665156364441,0.0014358460903167725,-0.08223234117031097,0.09114861488342285,0.19788143038749695,-0.1300209015607834,0.10020431876182556,0.32688602805137634,-0.14515267312526703,0.10384944081306458,0.41352221369743347,-0.14864778518676758,0.14515188336372375,0.0,-0.09146710485219955,0.15857312083244324,0.17491492629051208,-0.12528827786445618,0.152963787317276,0.24344047904014587,-0.12130995094776154,0.1451948583126068,0.27555373311042786,-0.11369964480400085,0.21335354447364807,0.018532603979110718,-0.10455389320850372,0.21744731068611145,0.15208253264427185,-0.12206951528787613,0.2044295370578766,0.2117283046245575,-0.1102127730846405,0.18969550728797913,0.2382020652294159,-0.09703057259321213
N,0.17733922600746155,0.1526275873184204,-1.172512838820694e-06,0.10261878371238708,0.17160433530807495,-0.03833538666367531,0.039127230644226074,0.18805354833602905,-0.07239557802677155,0.018349796533584595,0.23496180772781372,-0.1045275330543518,0.012495160102844238,0.2855339050292969,-0.1370897889137268,0.002361685037612915,0.03541281819343567,-0.07780686020851135,0.0,0.17234396934509277,-0.1315378099679947,0.017271995544433594,0.2833561301231384,-0.16685250401496887,0.02793082594871521,0.3678435683250427,-0.18429124355316162,0.06964161992073059,0.0008037686347961426,-0.08489678055047989,0.08930215239524841,0.1980648636817932,-0.1369955837726593,0.10040900111198425,0.32728689908981323,-0.15198059380054474,0.10503000020980835,0.41027361154556274,-0.1544351875782013,0.14361733198165894,0.0,-0.09529035538434982,0.15674275159835815,0.17560476064682007,-0.13199451565742493,0.15226486325263977,0.2464922070503235,-0.12489651143550873,0.14421606063842773,0.27455830574035645,-0.11426728218793869,0.21147188544273376,0.01854074001312256,-0.10997894406318665,0.21534952521324158,0.15042543411254883,-0.1283576935529709,0.20322749018669128,0.2093234658241272,-0.11487577110528946,0.1884436309337616,0.2295568585395813,-0.1001238003373146
N,0.17825543880462646,0.1472090184688568,-1.1480677812869544e-06,0.1027877926826477,0.16519799828529358,-0.03799198940396309,0.0388450026512146,0.18496766686439514,-0.07176758348941803,0.01734861731529236,0.2331295907497406,-0.10340244323015213,0.013432919979095459,0.28626975417137146,-0.13559959828853607,0.003918975591659546,0.03663438558578491,-0.07871990650892258,0.0,0.1725122630596161,-0.12911339104175568,0.016220062971115112,0.2831295430660248,-0.16157017648220062,0.02753487229347229,0.36779114603996277,-0.17770300805568695,0.0712374746799469,0.00168570876121521,-0.0852695181965828,0.09114095568656921,0.1964535415172577,-0.13510116934776306,0.1004268229007721,0.3254280388355255,-0.15081989765167236,0.10523176193237305,0.4106080234050751,-0.15501853823661804,0.1447696089744568,0.0,-0.09452719241380692,0.15873169898986816,0.17337188124656677,-0.13127271831035614,0.15395256876945496,0.24566885828971863,-0.12877635657787323,0.14745250344276428,0.2801990211009979,-0.12200980633497238,0.2123936414718628,0.017632722854614258,-0.10759389400482178,0.21769505739212036,0.1451297104358673,-0.12705489993095398,0.20625299215316772,0.20638200640678406,-0.11670245230197906,0.19290781021118164,0.2339511215686798,-0.10498281568288803
N,0.1789846122264862,0.14941677451133728,-1.1396648460504366e-06,0.10150617361068726,0.1686573326587677,-0.040612753480672836,0.03753712773323059,0.1869054138660431,-0.07606279850006104,0.016531169414520264,0.23388990759849548,-0.10839296132326126,0.012645602226257324,0.28513339161872864,-0.14114971458911896,0.003911644220352173,0.036390870809555054,-0.08538680523633957,0.0,0.17537179589271545,-0.13571229577064514,0.015748262405395508,0.285907119512558,-0.16680191457271576,0.026246696710586548,0.3708091080188751,-0.1822042614221573,0.07174637913703918,0.0010432898998260498,-0.09098368883132935,0.09117025136947632,0.2001154124736786,-0.14102579653263092,0.10086575150489807,0.32723304629325867,-0.1560068279504776,0.1059451699256897,0.4101985991001129,-0.16018104553222656,0.1459210216999054,0.0,-0.09905858337879181,0.1587270200252533,0.1772765815258026,-0.13558365404605865,0.1531190574169159,0.24964430928230286,-0.13194726407527924,0.14651238918304443,0.28356191515922546,-0.12504085898399353,0.21407321095466614,0.019027382135391235,-0.11119835823774338,0.21826305985450745,0.1502532660961151,-0.1318587064743042,0.2062276303768158,0.21191689372062683,-0.12182009965181351,0.1927395761013031,0.23948130011558533,-0.11037743836641312
N,0.17212554812431335,0.14035412669181824,-1.1670634876281838e-06,0.09639322757720947,0.16029760241508484,-0.03944399580359459,0.032830119132995605,0.1803043782711029,-0.07342692464590073,0.01523667573928833,0.22948655486106873,-0.10450047999620438,0.01467093825340271,0.28101369738578796,-0.13561038672924042,0.005823314189910889,0.03390324115753174,-0.08447585999965668,0.0,0.17294642329216003,-0.1331842988729477,0.015187233686447144,0.28339293599128723,-0.16212105751037598,0.02544531226158142,0.3664191663265228,-0.17588038742542267,0.07276901602745056,0.0,-0.08996330946683884,0.09219488501548767,0.2094801962375641,-0.13879691064357758,0.10045167803764343,0.3330460488796234,-0.15076124668121338,0.10434544086456299,0.41165968775749207,-0.1517830491065979,0.14587411284446716,0.0006699860095977783,-0.09792403876781464,0.15837636590003967,0.18605861067771912,-0.13197582960128784,0.15188473463058472,0.24218407273292542,-0.1237095445394516,0.14289343357086182,0.26044055819511414,-0.11301868408918381,0.21206775307655334,0.01989668607711792,-0.11018414795398712,0.21602842211723328,0.15709039568901062,-0.12858892977237701,0.2027110755443573,0.2098914086818695,-0.11521302163600922,0.1873922049999237,0.22772559523582458,-0.10059113800525665
N,0.17682167887687683,0.14685648679733276,-1.1465436955404584e-06,0.10155317187309265,0.16417020559310913,-0.036840084940195084,0.03781881928443909,0.18216592073440552,-0.06914354860782623,0.016863375902175903,0.22875308990478516,-0.09929227083921432,0.012741267681121826,0.2778633236885071,-0.12953531742095947,0.0004915297031402588,0.0349234938621521,-0.07597997039556503,0.0,0.17507398128509521,-0.12403644621372223,0.017495840787887573,0.28475362062454224,-0.15429642796516418,0.02839300036430359,0.36847352981567383,-0.16888560354709625,0.06968182325363159,0.0005047321319580078,-0.08278170973062515,0.09091067314147949,0.2068338394165039,-0.13141398131847382,0.10191226005554199,0.33097994327545166,-0.1447451263666153,0.10744264721870422,0.4135069251060486,-0.14588047564029694,0.1451302468776703,0.0,-0.09225445240736008,0.1583738625049591,0.182198166847229,-0.1264672577381134,0.15145358443260193,0.2370784878730774,-0.11933030188083649,0.14177414774894714,0.25575417280197144,-0.10871739685535431,0.21363285183906555,0.01914149522781372,-0.10573049634695053,0.217247873544693,0.15598279237747192,-0.1239752322435379,0.20325836539268494,0.20990127325057983,-0.11071581393480301,0.1877751648426056,0.22929507493972778,-0.09560795873403549
N,0.17648205161094666,0.14429110288619995,-1.160046963377681e-06,0.10101273655891418,0.16209805011749268,-0.037587035447359085,0.039203375577926636,0.18111854791641235,-0.07117104530334473,0.01997944712638855,0.23092395067214966,-0.10244970768690109,0.01801276206970215,0.2838236093521118,-0.13427422940731049,0.00154837965965271,0.03772783279418945,-0.08124778419733047,0.0,0.17349082231521606,-0.13089989125728607,0.017912179231643677,0.2846571207046509,-0.16198153793811798,0.02927824854850769,0.37043672800064087,-0.17696267366409302,0.069161057472229,0.0024863481521606445,-0.08740118891000748,0.09105426073074341,0.20718050003051758,-0.13637197017669678,0.10234448313713074,0.3328123092651367,-0.15017983317375183,0.1074565052986145,0.41491520404815674,-0.1525162011384964,0.14412668347358704,0.0,-0.09597095102071762,0.15880343317985535,0.17887449264526367,-0.13023069500923157,0.1524878740310669,0.23806405067443848,-0.12428193539381027,0.14367762207984924,0.26063722372055054,-0.11522447317838669,0.2121017873287201,0.016133874654769897,-0.10853640735149384,0.21793630719184875,0.1488059163093567,-0.1268703043460846,0.20453432202339172,0.20596271753311157,-0.11420555412769318,0.18896344304084778,0.22953534126281738,-0.10013840347528458
N,0.17485669255256653,0.14806866645812988,-1.146458089351654e-06,0.09827655553817749,0.16578060388565063,-0.04001922905445099,0.035760343074798584,0.1842595934867859,-0.07465864717960358,0.016382455825805664,0.230940580368042,-0.10626744478940964,0.014249593019485474,0.2817595601081848,-0.13800819218158722,0.0,0.03792989253997803,-0.08338343352079391,0.0008338987827301025,0.17851251363754272,-0.13443946838378906,0.017771005630493164,0.2884707450866699,-0.16643333435058594,0.028108447790145874,0.37108147144317627,-0.1821966916322708,0.06886512041091919,0.0015399456024169922,-0.08917494863271713,0.09384116530418396,0.21364551782608032,-0.1402430683374405,0.10367384552955627,0.3404945135116577,-0.15458348393440247,0.10788443684577942,0.4215441346168518,-0.1566993147134781,0.14461639523506165,0.0,-0.09766785800457001,0.16184309124946594,0.18945348262786865,-0.13363689184188843,0.1529669463634491,0.24488389492034912,-0.12673881649971008,0.14105039834976196,0.2610393166542053,-0.11635693162679672,0.21287283301353455,0.01798337697982788,-0.11045472323894501,0.21944788098335266,0.1595093011856079,-0.13027797639369965,0.205439954996109,0.21285122632980347,-0.11746750771999359,0.18904688954353333,0.23032575845718384,-0.10262714326381683
N,0.17705309391021729,0.14981409907341003,-1.1462930160632823e-06,0.10052278637886047,0.1688005030155182,-0.03832737356424332,0.03657159209251404,0.18970909714698792,-0.07200660556554794,0.01634421944618225,0.24149957299232483,-0.10269132256507874,0.013388842344284058,0.29609718918800354,-0.13340091705322266,0.0007641613483428955,0.04036709666252136,-0.08155201375484467,0.0,0.1760413944721222,-0.12798775732517242,0.016703248023986816,0.2831861078739166,-0.1553456038236618,0.027730286121368408,0.3658347427845001,-0.16845962405204773,0.06822329759597778,0.003064185380935669,-0.0869615450501442,0.0898827612400055,0.2152746617794037,-0.13486041128635406,0.10123848915100098,0.33980682492256165,-0.14826862514019012,0.10712933540344238,0.4196498692035675,-0.1508084386587143,0.14239946007728577,0.0,-0.09447766095399857,0.15715616941452026,0.1862204372882843,-0.12823259830474854,0.15261006355285645,0.24184468388557434,-0.12236925959587097,0.14455163478851318,0.25944164395332336,-0.11386605352163315,0.21048051118850708,0.01504245400428772,-0.10591710358858109,0.2156938910484314,0.1481209695339203,-0.1238822489976883,0.2053736448287964,0.20420941710472107,-0.11103074252605438,0.1920325756072998,0.22547027468681335,-0.09726931899785995
N,0.17757511138916016,0.14553403854370117,-1.1957139349760837e-06,0.10064378380775452,0.16627246141433716,-0.038567326962947845,0.0352899432182312,0.1854395866394043,-0.07210929691791534,0.017209112644195557,0.23611831665039062,-0.10297782719135284,0.016345113515853882,0.2871285676956177,-0.13402926921844482,0.003140479326248169,0.03577333688735962,-0.08476891368627548,0.0,0.17627596855163574,-0.13430602848529816,0.017373502254486084,0.29054635763168335,-0.16332975029945374,0.028269171714782715,0.37611305713653564,-0.1763976663351059,0.07109785079956055,0.00018593668937683105,-0.09057710319757462,0.09358328580856323,0.21421366930007935,-0.13995252549648285,0.10377484560012817,0.33808761835098267,-0.1495325118303299,0.10865205526351929,0.4199294447898865,-0.14682330191135406,0.14683714509010315,0.0,-0.09884870052337646,0.16075998544692993,0.18859201669692993,-0.13175803422927856,0.15452143549919128,0.23045891523361206,-0.1192990094423294,0.14468997716903687,0.2367047667503357,-0.10441502928733826,0.21443521976470947,0.019340693950653076,-0.11144712567329407,0.21833008527755737,0.16685038805007935,-0.12872783839702606,0.20451927185058594,0.21139734983444214,-0.11229271441698074,0.1884244680404663,0.21850192546844482,-0.09393310546875
N,0.1792169213294983,0.15109112858772278,-1.2020503845633357e-06,0.10333847999572754,0.1733187735080719,-0.03645427152514458,0.038776248693466187,0.1915011703968048,-0.06872720271348953,0.017566263675689697,0.23521235585212708,-0.09903615713119507,0.012046188116073608,0.2829711139202118,-0.1292169988155365,0.0006558597087860107,0.03853192925453186,-0.07637578248977661,0.0,0.17426034808158875,-0.12497615814208984,0.0179750919342041,0.28356245160102844,-0.15513716638088226,0.029414325952529907,0.36667510867118835,-0.16945302486419678,0.06760945916175842,0.0023969709873199463,-0.08341297507286072,0.09074750542640686,0.2110297977924347,-0.13240137696266174,0.10094797611236572,0.3350640833377838,-0.1450430303812027,0.10603809356689453,0.41697826981544495,-0.14548031985759735,0.14217698574066162,0.0,-0.09318413585424423,0.15692704916000366,0.18207070231437683,-0.1272372305393219,0.15222465991973877,0.23395058512687683,-0.11875387281179428,0.14452022314071655,0.24995294213294983,-0.1072554737329483,0.21143478155136108,0.015706568956375122,-0.10711310058832169,0.21677672863006592,0.15219900012016296,-0.12547196447849274,0.20454412698745728,0.20640620589256287,-0.1114887222647667,0.19031614065170288,0.22513094544410706,-0.09561295807361603
N,0.18124738335609436,0.15236026048660278,-1.2015121910735616e-06,0.10664406418800354,0.17426693439483643,-0.03747367858886719,0.04100343585014343,0.19192075729370117,-0.06995648145675659,0.021555334329605103,0.2358635663986206,-0.09988848119974136,0.020156770944595337,0.2811397314071655,-0.12908139824867249,0.000735849142074585,0.04224994778633118,-0.08061132580041885,0.0,0.17842698097229004,-0.1303756684064865,0.018223315477371216,0.2897037863731384,-0.15898165106773376,0.02974909543991089,0.37364864349365234,-0.17161013185977936,0.0673387348651886,0.003253638744354248,-0.08679855614900589,0.0927591323852539,0.21824896335601807,-0.13661272823810577,0.10249102115631104,0.3384215831756592,-0.14600308239459991,0.10651668906211853,0.4156032204627991,-0.14289523661136627,0.1423301100730896,0.0,-0.09584469348192215,0.15844103693962097,0.1917794942855835,-0.12924087047576904,0.15194293856620789,0.23557132482528687,-0.11584675312042236,0.14102604985237122,0.24142706394195557,-0.10010813921689987,0.21056750416755676,0.01618880033493042,-0.10940127074718475,0.21538057923316956,0.16442298889160156,-0.12836557626724243,0.20099446177482605,0.2147136926651001,-0.11259709298610687,0.18392476439476013,0.22529572248458862,-0.09412064403295517
N,0.17597177624702454,0.13761422038078308,-1.093447735911468e-06,0.10297560691833496,0.15919426083564758,-0.03915522247552872,0.04064264893531799,0.18471553921699524,-0.07323990762233734,0.023705512285232544,0.2431006133556366,-0.10476233810186386,0.024773210287094116,0.3002554476261139,-0.13681282103061676,0.0,0.04112258553504944,-0.08146358281373978,0.0006548464298248291,0.17633011937141418,-0.13109564781188965,0.018678337335586548,0.28614094853401184,-0.16202040016651154,0.02864837646484375,0.36860206723213196,-0.17708703875541687,0.06714949011802673,0.00395539402961731,-0.08720262348651886,0.09178975224494934,0.20229539275169373,-0.13519926369190216,0.10122081637382507,0.326480895280838,-0.14922890067100525,0.10184529423713684,0.4023952782154083,-0.1522926539182663,0.14166775345802307,0.0,-0.0954708382487297,0.16091987490653992,0.18072345852851868,-0.12955421209335327,0.1560107171535492,0.24381843209266663,-0.12283503264188766,0.146144300699234,0.263010174036026,-0.11319323629140854,0.20915833115577698,0.013671845197677612,-0.10793927311897278,0.21620967984199524,0.14964982867240906,-0.1258770078420639,0.20321688055992126,0.20640721917152405,-0.11225219815969467,0.18684586882591248,0.22446361184120178,-0.09748633205890656
N,0.17746371030807495,0.13095992803573608,-1.1227998584217858e-06,0.10143542289733887,0.15378355979919434,-0.040357474237680435,0.0385400652885437,0.1768065094947815,-0.07425718754529953,0.020639389753341675,0.22877806425094604,-0.10489009320735931,0.018815308809280396,0.28001272678375244,-0.1356734186410904,0.00316619873046875,0.03475832939147949,-0.08601995557546616,0.0,0.17966008186340332,-0.13788922131061554,0.015543252229690552,0.28943634033203125,-0.16915102303028107,0.025699138641357422,0.37190890312194824,-0.18296727538108826,0.07268810272216797,0.0,-0.09109093248844147,0.09495973587036133,0.21596407890319824,-0.14107875525951385,0.09915316104888916,0.3324257731437683,-0.15130989253520966,0.09999501705169678,0.41027700901031494,-0.14790035784244537,0.14925920963287354,0.0002981126308441162,-0.098839670419693,0.16091388463974,0.19744974374771118,-0.13275468349456787,0.15100166201591492,0.22694110870361328,-0.1173650324344635,0.13960352540016174,0.2247375249862671,-0.09820970147848129,0.21560001373291016,0.02000260353088379,-0.11123614758253098,0.2130340337753296,0.17764812707901,-0.13175666332244873,0.194338858127594,0.21236664056777954,-0.11372153460979462,0.1759008765220642,0.21141886711120605,-0.09147011488676071
N,0.17721223831176758,0.1342862844467163,-1.087239525077166e-06,0.10825613141059875,0.15472447872161865,-0.038202282041311264,0.04593217372894287,0.1808173656463623,-0.07244563102722168,0.029535144567489624,0.24012190103530884,-0.104529969394207,0.028705239295959473,0.29632896184921265,-0.13761883974075317,0.0,0.043029993772506714,-0.07987795025110245,0.0018621087074279785,0.1796894073486328,-0.13365943729877472,0.01921054720878601,0.2878437042236328,-0.1704004406929016,0.03074917197227478,0.368838369846344,-0.1885877549648285,0.06691300868988037,0.004665791988372803,-0.0860590785741806,0.094034343957901,0.2108384370803833,-0.1371176689863205,0.10298237204551697,0.3333899974822998,-0.15113183856010437,0.10676023364067078,0.4140203595161438,-0.1509408950805664,0.14370927214622498,0.0,-0.09509820491075516,0.16430264711380005,0.18560898303985596,-0.12881667912006378,0.1564585566520691,0.2250804901123047,-0.1164303869009018,0.14477398991584778,0.2268216609954834,-0.10041635483503342,0.21198612451553345,0.014103889465332031,-0.1086396723985672,0.2190765142440796,0.16323250532150269,-0.126719132065773,0.20354586839675903,0.20431393384933472,-0.10899744927883148,0.18566197156906128,0.2069522738456726,-0.08853895217180252
N,0.18132907152175903,0.1309531331062317,-1.0991293493134435e-06,0.10648831725120544,0.15302175283432007,-0.03705260157585144,0.04667732119560242,0.1795945167541504,-0.07145922631025314,0.02884182333946228,0.23342889547348022,-0.10384352505207062,0.02687564492225647,0.2873768210411072,-0.13759098947048187,0.0039051175117492676,0.03846469521522522,-0.08243290334939957,0.0,0.17512673139572144,-0.13520091772079468,0.01755198836326599,0.2843254804611206,-0.17035846412181854,0.030069351196289062,0.3674180507659912,-0.18739263713359833,0.07226678729057312,0.0023869872093200684,-0.08921347558498383,0.09297576546669006,0.20325499773025513,-0.13840293884277344,0.09901517629623413,0.3286588191986084,-0.1519581377506256,0.10165932774543762,0.4131867289543152,-0.15301670134067535,0.14872366189956665,0.0,-0.09842653572559357,0.16200512647628784,0.18281817436218262,-0.1314021795988083,0.15579849481582642,0.23078399896621704,-0.12038476765155792,0.14888989925384521,0.2432190179824829,-0.10634537786245346,0.2164936065673828,0.015553325414657593,-0.1118454560637474,0.21721112728118896,0.16316121816635132,-0.12929028272628784,0.2003607153892517,0.20883959531784058,-0.112668976187706,0.18385982513427734,0.21793979406356812,-0.0938793495297432
N,0.18216508626937866,0.12953108549118042,-1.0595249477773905e-06,0.10866579413414001,0.15253162384033203,-0.03950786218047142,0.04905027151107788,0.18031519651412964,-0.07463429868221283,0.03132590651512146,0.23657715320587158,-0.10697489231824875,0.029196083545684814,0.29430413246154785,-0.14084330201148987,0.003743976354598999,0.041210025548934937,-0.08682475984096527,0.0,0.17295575141906738,-0.1368928998708725,0.016037464141845703,0.27854102849960327,-0.16928808391094208,0.0280187726020813,0.3611891269683838,-0.18541806936264038,0.07152628898620605,0.003937214612960815,-0.09249205887317657,0.09237909317016602,0.20112961530685425,-0.1408948004245758,0.09879973530769348,0.3287094235420227,-0.15596222877502441,0.10170850157737732,0.4125444293022156,-0.15990224480628967,0.14788973331451416,0.0,-0.10030076652765274,0.16419345140457153,0.17548590898513794,-0.13491544127464294,0.159423828125,0.23479485511779785,-0.1292257010936737,0.155170738697052,0.25561684370040894,-0.1200372725725174,0.21662360429763794,0.01467159390449524,-0.11199575662612915,0.21994918584823608,0.15155386924743652,-0.13110163807868958,0.20413243770599365,0.2046116590499878,-0.11811259388923645,0.188928484916687,0.22179853916168213,-0.1034783273935318
N,0.185484379529953,0.12875384092330933,-1.1070949312852463e-06,0.1086956262588501,0.15561336278915405,-0.037769827991724014,0.048756033182144165,0.18334484100341797,-0.07318595796823502,0.0320202112197876,0.23988652229309082,-0.10601096600294113,0.029945790767669678,0.2983243465423584,-0.14070864021778107,0.007399469614028931,0.03553897142410278,-0.0877772718667984,0.0,0.1728367805480957,-0.1397198885679245,0.016265809535980225,0.2807028293609619,-0.1730201095342636,0.02978682518005371,0.36310386657714844,-0.1890459656715393,0.07521289587020874,1.6450881958007812e-05,-0.09484586864709854,0.09279435873031616,0.20332849025726318,-0.14485743641853333,0.09936481714248657,0.3329501748085022,-0.15803062915802002,0.10480141639709473,0.4204307198524475,-0.1588001549243927,0.1525692343711853,0.0,-0.10401469469070435,0.16358062624931335,0.17840862274169922,-0.13996538519859314,0.1586817502975464,0.22361379861831665,-0.1307891458272934,0.1555832028388977,0.23203402757644653,-0.11755122989416122,0.22122851014137268,0.01755508780479431,-0.11682388186454773,0.21901234984397888,0.1632699966430664,-0.13794244825839996,0.20153245329856873,0.21246296167373657,-0.12273669987916946,0.18602779507637024,0.2243974804878235,-0.10467348992824554
N,0.18349426984786987,0.13755834102630615,-1.1004652833435102e-06,0.10544544458389282,0.16026318073272705,-0.03537626937031746,0.04378005862236023,0.1844215989112854,-0.06889455765485764,0.026138633489608765,0.2371680736541748,-0.10050865262746811,0.025137364864349365,0.29213517904281616,-0.13375338912010193,0.0045528411865234375,0.04235687851905823,-0.08096509426832199,0.0,0.17638945579528809,-0.1320926696062088,0.015624165534973145,0.28206467628479004,-0.16619908809661865,0.028928816318511963,0.3634573817253113,-0.183181494474411,0.07108885049819946,0.005270481109619141,-0.0882980227470398,0.09251895546913147,0.20795762538909912,-0.1375931203365326,0.09959524869918823,0.33368462324142456,-0.1523621380329132,0.10478278994560242,0.41729557514190674,-0.15506727993488312,0.1465470790863037,0.0,-0.09783414751291275,0.16218289732933044,0.18571245670318604,-0.13087058067321777,0.15826687216758728,0.23503518104553223,-0.12288177758455276,0.15349146723747253,0.24689632654190063,-0.11203166097402573,0.2146463394165039,0.01199069619178772,-0.11133042722940445,0.2197040319442749,0.15778839588165283,-0.12870237231254578,0.20627200603485107,0.20300090312957764,-0.11452899873256683,0.191392183303833,0.21121305227279663,-0.0987849235534668
N,0.1817893385887146,0.13014686107635498,-1.08792892206111e-06,0.10872283577919006,0.15789180994033813,-0.037791378796100616,0.049939900636672974,0.189164400100708,-0.07264059036970139,0.035064905881881714,0.24841153621673584,-0.10487300902605057,0.034028708934783936,0.30906933546066284,-0.13814784586429596,0.003998667001724243,0.04486152529716492,-0.08641891181468964,0.0,0.17873471975326538,-0.13582853972911835,0.017186343669891357,0.2853872776031494,-0.1662806272506714,0.030560314655303955,0.3678590655326843,-0.18083058297634125,0.07103231549263,0.00512048602104187,-0.09285561740398407,0.09355515241622925,0.20930957794189453,-0.1407490074634552,0.10136190056800842,0.33387047052383423,-0.15317757427692413,0.1058652400970459,0.4162171483039856,-0.1545606404542923,0.14684057235717773,0.0,-0.10128869116306305,0.1624169945716858,0.1852027177810669,-0.13431613147258759,0.1566447615623474,0.2382962703704834,-0.12463404983282089,0.15052351355552673,0.2544877529144287,-0.11267764121294022,0.21508127450942993,0.013868749141693115,-0.11376121640205383,0.21881014108657837,0.15897655487060547,-0.13253740966320038,0.203100323677063,0.20818567276000977,-0.11786667257547379,0.18696904182434082,0.22116464376449585,-0.1013447493314743
N,0.18813467025756836,0.13356834650039673,-1.1115597544630873e-06,0.10793814063072205,0.15484201908111572,-0.03393673151731491,0.04445818066596985,0.17625552415847778,-0.0662110224366188,0.02552744746208191,0.2283233404159546,-0.09676412492990494,0.024974167346954346,0.28126591444015503,-0.1290728747844696,0.006315290927886963,0.03398710489273071,-0.0808061882853508,0.0,0.174282968044281,-0.13293518126010895,0.015652477741241455,0.2811882495880127,-0.1665877103805542,0.027883946895599365,0.3611191511154175,-0.1818857491016388,0.07425224781036377,0.0,-0.08821653574705124,0.09319615364074707,0.2084054946899414,-0.13657154142856598,0.09731069207191467,0.3298746347427368,-0.1466936469078064,0.10107538104057312,0.41429662704467773,-0.14315059781074524,0.15194576978683472,0.0009143948554992676,-0.0977400690317154,0.16149801015853882,0.187574565410614,-0.13005684316158295,0.15603306889533997,0.2126920223236084,-0.11429450660943985,0.15095382928848267,0.20624160766601562,-0.09477189183235168,0.2193247675895691,0.020260751247406006,-0.1111006811261177,0.2163330316543579,0.17288565635681152,-0.12952105700969696,0.2002197504043579,0.20285731554031372,-0.10972587764263153,0.18539851903915405,0.19528591632843018,-0.08612454682588577
N,0.18485915660858154,0.13689786195755005,-1.0983849279000424e-06,0.11158332228660583,0.16106337308883667,-0.03604200482368469,0.05007198452949524,0.1856023073196411,-0.0690339058637619,0.03423646092414856,0.23954510688781738,-0.09973897784948349,0.034842848777770996,0.2912827730178833,-0.13171100616455078,0.007007956504821777,0.03707242012023926,-0.08184411376714706,0.0,0.16994434595108032,-0.13320408761501312,0.015871167182922363,0.27903151512145996,-0.16590096056461334,0.02847510576248169,0.3605921268463135,-0.18103361129760742,0.07307422161102295,0.00025731325149536133,-0.08820898830890656,0.0935971736907959,0.2073763608932495,-0.13645155727863312,0.09909811615943909,0.3327006697654724,-0.1472831666469574,0.1018589437007904,0.41577428579330444,-0.14522512257099152,0.14902418851852417,0.0,-0.0969293862581253,0.16403117775917053,0.18850690126419067,-0.1294003576040268,0.15930163860321045,0.22422724962234497,-0.115485779941082,0.15209046006202698,0.2222033143043518,-0.09846027940511703,0.21557563543319702,0.018978625535964966,-0.1096460372209549,0.2194623351097107,0.17071741819381714,-0.12837126851081848,0.20545750856399536,0.20863556861877441,-0.11039400845766068,0.18965506553649902,0.2071084976196289,-0.0891769751906395
N,0.18169522285461426,0.1514868140220642,-1.106338686440722e-06,0.10782000422477722,0.17423421144485474,-0.03568142652511597,0.04733768105506897,0.19313043355941772,-0.06895465403795242,0.02653449773788452,0.24100083112716675,-0.10033358633518219,0.02234894037246704,0.2922059893608093,-0.13323262333869934,0.004648476839065552,0.042702555656433105,-0.0768464207649231,0.0,0.17442339658737183,-0.12609513103961945,0.01648467779159546,0.28077036142349243,-0.16001887619495392,0.029175281524658203,0.3643485903739929,-0.17747867107391357,0.07109829783439636,0.004245191812515259,-0.08438137173652649,0.09043538570404053,0.19329696893692017,-0.1329195499420166,0.09974026679992676,0.3246651291847229,-0.14953182637691498,0.10511201620101929,0.4128268361091614,-0.15408574044704437,0.14584362506866455,0.0,-0.09425529837608337,0.15943768620491028,0.16499829292297363,-0.1287522315979004,0.15369448065757751,0.232063889503479,-0.12412536889314651,0.1477503776550293,0.25929445028305054,-0.11607007682323456,0.21465498208999634,0.01481357216835022,-0.10773419588804245,0.21830743551254272,0.14238786697387695,-0.12624019384384155,0.20480304956436157,0.2008434534072876,-0.11362794786691666,0.19056588411331177,0.22271543741226196,-0.0998922809958458
N,0.17672565579414368,0.13295811414718628,-1.1318054475850658e-06,0.10465192794799805,0.15571236610412598,-0.039144426584243774,0.04143419861793518,0.18058574199676514,-0.07165191322565079,0.021599113941192627,0.2365742325782776,-0.10131822526454926,0.019985705614089966,0.28903210163116455,-0.1306290328502655,0.0029952824115753174,0.033276528120040894,-0.08037184923887253,0.0,0.17353862524032593,-0.13035595417022705,0.015428215265274048,0.28552067279815674,-0.16062811017036438,0.025592118501663208,0.367289662361145,-0.17375442385673523,0.07081839442253113,0.0,-0.08431456238031387,0.09321832656860352,0.21976643800735474,-0.13187026977539062,0.09972333908081055,0.3334391117095947,-0.14036986231803894,0.10117688775062561,0.405115008354187,-0.13553430140018463,0.14591479301452637,0.0012933313846588135,-0.09115005284547806,0.15887632966041565,0.19928991794586182,-0.12105390429496765,0.15061619877815247,0.2229536771774292,-0.10409853607416153,0.13820946216583252,0.2128174901008606,-0.08452511578798294,0.21104249358177185,0.020640522241592407,-0.10283829271793365,0.2130628526210785,0.17725074291229248,-0.11907681822776794,0.19638851284980774,0.20970094203948975,-0.09954329580068588,0.17760315537452698,0.20481127500534058,-0.07665529102087021
N,0.19187691807746887,0.14500325918197632,-1.1235731562919682e-06,0.11592420935630798,0.16502195596694946,-0.031221233308315277,0.051760464906692505,0.18522894382476807,-0.06100115180015564,0.030004531145095825,0.2351086139678955,-0.0897461473941803,0.026746779680252075,0.28303831815719604,-0.11988399922847748,0.00615277886390686,0.03408759832382202,-0.06872274726629257,0.0,0.16398876905441284,-0.11910621076822281,0.016678273677825928,0.27190542221069336,-0.15398524701595306,0.029921263456344604,0.35178256034851074,-0.170294389128685,0.07079756259918213,0.0,-0.07579105347394943,0.09117606282234192,0.2095988392829895,-0.12095324695110321,0.09800699353218079,0.32946068048477173,-0.13175949454307556,0.10132917761802673,0.4090142250061035,-0.1286013424396515,0.14647063612937927,0.0014979243278503418,-0.0855034738779068,0.16028589010238647,0.18779504299163818,-0.11499635130167007,0.15924888849258423,0.204157292842865,-0.10017065703868866,0.15358147025108337,0.1874127984046936,-0.08170073479413986,0.2131369411945343,0.02028679847717285,-0.09892010688781738,0.21707883477210999,0.17031311988830566,-0.11462268233299255,0.20733323693275452,0.19674259424209595,-0.09442456811666489,0.1940690577030182,0.18489360809326172,-0.07076430320739746
N,0.18643653392791748,0.13778984546661377,-1.0766368632175727e-06,0.11502203345298767,0.1601291298866272,-0.03433559089899063,0.0551704466342926,0.18368744850158691,-0.06652472913265228,0.03713545203208923,0.23981446027755737,-0.09751497209072113,0.03419673442840576,0.2965083718299866,-0.13007234036922455,0.006836056709289551,0.03559550642967224,-0.07038108259439468,0.0,0.1631736159324646,-0.12231729179620743,0.016355454921722412,0.2695956230163574,-0.15944011509418488,0.02950945496559143,0.3488045930862427,-0.1778392344713211,0.07160848379135132,0.00017407536506652832,-0.07742463052272797,0.09255236387252808,0.19751310348510742,-0.12535333633422852,0.1019858717918396,0.32139432430267334,-0.13897991180419922,0.10621693730354309,0.40026700496673584,-0.13888755440711975,0.14686018228530884,0.0,-0.08762666583061218,0.16269639134407043,0.17685741186141968,-0.11824733763933182,0.160561203956604,0.21352356672286987,-0.10664384812116623,0.15302318334579468,0.2098199725151062,-0.0919068306684494,0.21432584524154663,0.017085731029510498,-0.10191895812749863,0.21986395120620728,0.16051292419433594,-0.11645151674747467,0.20898258686065674,0.19844883680343628,-0.09789132326841354,0.19411110877990723,0.19441717863082886,-0.07761342078447342
N,0.19696256518363953,0.15284466743469238,-1.1126493291158113e-06,0.12010052800178528,0.1746807098388672,-0.03317001834511757,0.057693928480148315,0.19420021772384644,-0.0655641108751297,0.033658117055892944,0.24419641494750977,-0.09663135558366776,0.024126142263412476,0.2983437776565552,-0.12936827540397644,0.008179724216461182,0.036885589361190796,-0.0715731531381607,0.0,0.16846507787704468,-0.12592175602912903,0.016848057508468628,0.2747718095779419,-0.16500142216682434,0.03048047423362732,0.35549819469451904,-0.18404251337051392,0.0742885172367096,0.0,-0.0795530378818512,0.08994817733764648,0.19137781858444214,-0.13089457154273987,0.09942120313644409,0.319510281085968,-0.14615026116371155,0.1063530445098877,0.40840935707092285,-0.14581024646759033,0.15043404698371887,0.0005735456943511963,-0.09040338546037674,0.1612023115158081,0.17216098308563232,-0.12470854073762894,0.16006678342819214,0.21332180500030518,-0.11437028646469116,0.15787199139595032,0.219404935836792,-0.09883023798465729,0.21845075488090515,0.02160075306892395,-0.1049395203590393,0.21811595559120178,0.1647806167602539,-0.122382752597332,0.20639196038246155,0.20394229888916016,-0.10503547638654709,0.19406339526176453,0.20528030395507812,-0.08435525745153427
N,0.1869802474975586,0.1446027159690857,-1.134286321757827e-06,0.1142953634262085,0.16627228260040283,-0.036275990307331085,0.05140778422355652,0.1864606738090515,-0.06786390393972397,0.029339730739593506,0.23310518264770508,-0.09680406004190445,0.023176580667495728,0.2779039740562439,-0.1256944239139557,0.0069765448570251465,0.03702300786972046,-0.07611880451440811,0.0,0.16993993520736694,-0.1280234456062317,0.01704457402229309,0.277041494846344,-0.16143661737442017,0.030394554138183594,0.35672128200531006,-0.1765749156475067,0.07332751154899597,0.0,-0.0819830521941185,0.09511896967887878,0.21674060821533203,-0.13103625178337097,0.10242325067520142,0.3349025845527649,-0.14058415591716766,0.10548153519630432,0.4109560251235962,-0.13568119704723358,0.14939889311790466,0.0008169710636138916,-0.0909106656908989,0.1631700098514557,0.19627785682678223,-0.1226327046751976,0.15612125396728516,0.21678441762924194,-0.10398057103157043,0.14485806226730347,0.20232027769088745,-0.08255942910909653,0.21555471420288086,0.021579891443252563,-0.10430710017681122,0.21525788307189941,0.18110597133636475,-0.12313316762447357,0.20141160488128662,0.20735538005828857,-0.1024276539683342,0.1847320795059204,0.19229763746261597,-0.07769402861595154
N,0.18562617897987366,0.1442030966281891,-1.0998134030160145e-06,0.10900220274925232,0.16198179125785828,-0.03336648643016815,0.04472103714942932,0.1782984435558319,-0.06351383775472641,0.023156195878982544,0.2275020182132721,-0.09207093715667725,0.019264817237854004,0.2771923840045929,-0.12191598862409592,0.007007986307144165,0.03103366494178772,-0.06965605914592743,0.0,0.16563937067985535,-0.11930513381958008,0.01537206768989563,0.2724575102329254,-0.15319986641407013,0.026964008808135986,0.3522343337535858,-0.1688070297241211,0.07284528017044067,0.0,-0.07598330080509186,0.09061521291732788,0.2123725712299347,-0.12486542761325836,0.10085588693618774,0.3302120864391327,-0.1358015090227127,0.10704314708709717,0.4106930196285248,-0.13039325177669525,0.14780935645103455,0.004808187484741211,-0.08493822067975998,0.15724363923072815,0.19291558861732483,-0.11546794325113297,0.15268069505691528,0.20532706379890442,-0.0985240712761879,0.14324596524238586,0.1890409290790558,-0.07706950604915619,0.21314504742622375,0.02717474102973938,-0.09789048135280609,0.21223345398902893,0.17989328503608704,-0.11323411017656326,0.20041772723197937,0.20201441645622253,-0.09100060909986496,0.18576696515083313,0.18837472796440125,-0.06504654884338379
N,0.18914642930030823,0.1586221158504486,-1.1593340332183288e-06,0.1142818033695221,0.18197986483573914,-0.03476951643824577,0.05002763867378235,0.19426384568214417,-0.06520874798297882,0.027547776699066162,0.23096230626106262,-0.09400885552167892,0.02297210693359375,0.2692560851573944,-0.12297091633081436,0.00939035415649414,0.04441004991531372,-0.06963936239480972,0.0,0.16854169964790344,-0.11966092139482498,0.018370449542999268,0.276257187128067,-0.15313181281089783,0.032491475343704224,0.3585886061191559,-0.16931238770484924,0.07422664761543274,0.003886312246322632,-0.07692734897136688,0.09332537651062012,0.19901356101036072,-0.12604843080043793,0.10524961352348328,0.3241349756717682,-0.1396767795085907,0.11170116066932678,0.40330734848976135,-0.13937802612781525,0.14874684810638428,0.0,-0.08732622861862183,0.1629827916622162,0.17736557126045227,-0.12041725963354111,0.1608579456806183,0.23029467463493347,-0.10933983325958252,0.15512734651565552,0.2406008541584015,-0.0948573648929596,0.21714302897453308,0.0157490074634552,-0.10195855796337128,0.21985670924186707,0.15598997473716736,-0.1193314865231514,0.2078026831150055,0.2113177478313446,-0.10272834450006485,0.19447562098503113,0.2258104383945465,-0.08384306728839874
N,0.18359532952308655,0.14618781208992004,-1.1435470241849544e-06,0.11424863338470459,0.1619400680065155,-0.03852982819080353,0.051312774419784546,0.1801234781742096,-0.07088881731033325,0.02863219380378723,0.2289818823337555,-0.10030022263526917,0.022960513830184937,0.27517619729042053,-0.12936614453792572,0.006066650152206421,0.03549879789352417,-0.08005782961845398,0.0,0.1648237407207489,-0.1313413381576538,0.01850113272666931,0.2736063301563263,-0.1635306179523468,0.03159332275390625,0.3538549244403839,-0.17831939458847046,0.07064393162727356,0.0,-0.08437428623437881,0.09196504950523376,0.21712568402290344,-0.13399122655391693,0.10245919227600098,0.3395278751850128,-0.14319656789302826,0.10630428791046143,0.4163871705532074,-0.13842983543872833,0.14586776494979858,0.0010363757610321045,-0.09156249463558197,0.1635584533214569,0.1929827630519867,-0.12250622361898422,0.15847179293632507,0.22329655289649963,-0.1038237065076828,0.1467941701412201,0.2166753113269806,-0.08336661010980606,0.21247300505638123,0.02125576138496399,-0.1035415306687355,0.2188996970653534,0.1757752001285553,-0.12019980698823929,0.20807787775993347,0.20971575379371643,-0.09914620220661163,0.19249102473258972,0.203142911195755,-0.07537706941366196
N,0.18015044927597046,0.14874866604804993,-1.1003027111655683e-06,0.11239677667617798,0.16581478714942932,-0.036319900304079056,0.04929950833320618,0.18288174271583557,-0.06851598620414734,0.028976619243621826,0.23113515973091125,-0.09844332188367844,0.025032341480255127,0.27842071652412415,-0.12947043776512146,0.0039574503898620605,0.03590518236160278,-0.07208918035030365,0.0,0.16502317786216736,-0.12237758189439774,0.016242295503616333,0.27256277203559875,-0.15764932334423065,0.028633922338485718,0.35280099511146545,-0.17522214353084564,0.07012957334518433,7.721781730651855e-05,-0.07814858853816986,0.090169757604599,0.19969913363456726,-0.12747396528720856,0.09995418787002563,0.33067741990089417,-0.14160539209842682,0.1035890281200409,0.4158135950565338,-0.14089369773864746,0.14668810367584229,0.0,-0.08709198236465454,0.16446751356124878,0.17377790808677673,-0.11993242055177689,0.15831539034843445,0.213483065366745,-0.10903649777173996,0.1460639238357544,0.21231618523597717,-0.09411372244358063,0.21459829807281494,0.01880708336830139,-0.09991113841533661,0.22121113538742065,0.1565752923488617,-0.11607024073600769,0.21052873134613037,0.19444683194160461,-0.09769580513238907,0.19519555568695068,0.19092890620231628,-0.07727181166410446
N,0.17619222402572632,0.14325487613677979,-1.1154608046126668e-06,0.10949793457984924,0.1635158658027649,-0.038539424538612366,0.0495377779006958,0.18419700860977173,-0.07107745856046677,0.028500795364379883,0.2356168031692505,-0.10120731592178345,0.02121850848197937,0.28233611583709717,-0.1317243129014969,0.003795325756072998,0.03845718502998352,-0.07400296628475189,0.0,0.16766011714935303,-0.12528587877750397,0.018600791692733765,0.2762162685394287,-0.16052214801311493,0.031390488147735596,0.35749900341033936,-0.1776105761528015,0.07055065035820007,0.0013856887817382812,-0.07875952869653702,0.09179672598838806,0.1986767053604126,-0.128134623169899,0.10343152284622192,0.32583850622177124,-0.14199955761432648,0.10749077796936035,0.40718817710876465,-0.14184758067131042,0.1444094181060791,0.0,-0.0867471843957901,0.16198861598968506,0.18096566200256348,-0.11929063498973846,0.15629974007606506,0.23370802402496338,-0.10827385634183884,0.14456984400749207,0.24544048309326172,-0.09379111975431442,0.2098594307899475,0.017893999814987183,-0.09922464936971664,0.21709078550338745,0.15877485275268555,-0.11484749615192413,0.20377933979034424,0.2094203233718872,-0.0972437933087349,0.18707048892974854,0.22212249040603638,-0.07790954411029816
N,0.17820286750793457,0.1483408510684967,-1.1511134516695165e-06,0.11187714338302612,0.17106172442436218,-0.03778868541121483,0.051814526319503784,0.19108328223228455,-0.07017767429351807,0.03066498041152954,0.23817482590675354,-0.10033449530601501,0.022410213947296143,0.2854612171649933,-0.1306515485048294,0.004546523094177246,0.04578641057014465,-0.07396410405635834,0.0,0.1719968616962433,-0.1236855536699295,0.020019173622131348,0.2804206311702728,-0.15628552436828613,0.03466075658798218,0.36236056685447693,-0.17228835821151733,0.0698181688785553,0.005741745233535767,-0.07987946271896362,0.09277200698852539,0.19881990551948547,-0.12850446999073029,0.10370483994483948,0.3280346095561981,-0.14311560988426208,0.10559558868408203,0.40724286437034607,-0.14527468383312225,0.1434277892112732,0.0,-0.08883959800004959,0.1626928448677063,0.17367181181907654,-0.12350905686616898,0.16201263666152954,0.237502783536911,-0.1158442497253418,0.15472674369812012,0.25517264008522034,-0.10485143959522247,0.2113170623779297,0.012826293706893921,-0.10185913741588593,0.21937543153762817,0.14992406964302063,-0.12037484347820282,0.20893770456314087,0.21223965287208557,-0.10591787844896317,0.1943727731704712,0.2323710024356842,-0.08985985070466995
N,0.18491950631141663,0.14753806591033936,-1.1680542684189277e-06,0.11483874917030334,0.16524577140808105,-0.035168230533599854,0.05192813277244568,0.18089312314987183,-0.065958172082901,0.029710471630096436,0.22791069746017456,-0.09486078470945358,0.02394917607307434,0.27540743350982666,-0.12407226860523224,0.005467623472213745,0.034929513931274414,-0.07050719112157822,0.0,0.16844552755355835,-0.12201467156410217,0.01782730221748352,0.2775312662124634,-0.15617147088050842,0.03082132339477539,0.3575620651245117,-0.17157137393951416,0.07328006625175476,0.0,-0.07663362473249435,0.09353002905845642,0.20849508047103882,-0.12620867788791656,0.10242322087287903,0.33075129985809326,-0.13671068847179413,0.10592690110206604,0.4124410152435303,-0.1310296505689621,0.14992660284042358,0.0005484819412231445,-0.08582396060228348,0.16104790568351746,0.185876727104187,-0.1170601025223732,0.15558558702468872,0.2089046835899353,-0.099671870470047,0.1447942852973938,0.1979658007621765,-0.07807698100805283,0.21669724583625793,0.02068847417831421,-0.09934558719396591,0.2152707278728485,0.17362123727798462,-0.11508575826883316,0.20170500874519348,0.20222151279449463,-0.09316287934780121,0.18580153584480286,0.19115638732910156,-0.06735501438379288
N,0.18531790375709534,0.14389359951019287,-1.109448135139246e-06,0.11590680480003357,0.16442853212356567,-0.03688563033938408,0.051676005125045776,0.18486261367797852,-0.07040388137102127,0.029487192630767822,0.23413234949111938,-0.10155404359102249,0.023707449436187744,0.2800995111465454,-0.13327917456626892,0.005838960409164429,0.03478756546974182,-0.07763519883155823,0.0,0.16454243659973145,-0.13060875236988068,0.018755048513412476,0.2733215093612671,-0.16491994261741638,0.03381490707397461,0.35443657636642456,-0.18047848343849182,0.07420322299003601,0.0,-0.08396267890930176,0.09026908874511719,0.20388007164001465,-0.13576099276542664,0.10028263926506042,0.3292284607887268,-0.1462593972682953,0.10560157895088196,0.4139009118080139,-0.14065544307231903,0.15228751301765442,0.003284454345703125,-0.09335317462682724,0.16218891739845276,0.17874693870544434,-0.12803815305233002,0.1566208302974701,0.20021146535873413,-0.11209283769130707,0.14681211113929749,0.18813812732696533,-0.09133952856063843,0.22021260857582092,0.02520933747291565,-0.10663052648305893,0.21671637892723083,0.17408472299575806,-0.12545478343963623,0.20122596621513367,0.20642811059951782,-0.10500159114599228,0.18397316336631775,0.19892734289169312,-0.08045229315757751
N,0.17946863174438477,0.14034727215766907,-1.1011603646693402e-06,0.11122399568557739,0.16331496834754944,-0.0410824753344059,0.05127483606338501,0.1889292299747467,-0.07634713500738144,0.031137436628341675,0.24464210867881775,-0.10827307403087616,0.024781525135040283,0.2954702079296112,-0.1403569132089615,0.007704317569732666,0.03612232208251953,-0.08392609655857086,0.0,0.17017337679862976,-0.1390049159526825,0.016548246145248413,0.2800733745098114,-0.1736459881067276,0.028843849897384644,0.3603677451610565,-0.18956808745861053,0.07515731453895569,0.0,-0.08870002627372742,0.09379228949546814,0.20681872963905334,-0.14178816974163055,0.1016564667224884,0.33299753069877625,-0.152360737323761,0.10212889313697815,0.41224613785743713,-0.14805863797664642,0.1507841944694519,0.002242356538772583,-0.09686895459890366,0.1646905243396759,0.19192728400230408,-0.13281011581420898,0.15969416499137878,0.22500762343406677,-0.11595959961414337,0.14804387092590332,0.21739396452903748,-0.09524261951446533,0.21612513065338135,0.02464255690574646,-0.10960560292005539,0.21574270725250244,0.18227192759513855,-0.1297774463891983,0.20116692781448364,0.21821793913841248,-0.11001850664615631,0.18291878700256348,0.21081092953681946,-0.08644601702690125
N,0.18370598554611206,0.1380259394645691,-1.0912389143413748e-06,0.11381804943084717,0.15533798933029175,-0.038094229996204376,0.05186885595321655,0.17949867248535156,-0.07157572358846664,0.028249651193618774,0.2367231845855713,-0.10286923497915268,0.02108520269393921,0.2887536287307739,-0.1347479224205017,0.005869060754776001,0.0349084734916687,-0.07767286151647568,0.0,0.17249000072479248,-0.1312878280878067,0.017721354961395264,0.28352898359298706,-0.16717547178268433,0.030072063207626343,0.36612606048583984,-0.18422290682792664,0.07369846105575562,0.0,-0.08352025598287582,0.09347119927406311,0.20212393999099731,-0.13413944840431213,0.10185477137565613,0.32380127906799316,-0.1472417265176773,0.10346472263336182,0.4023861885070801,-0.14606118202209473,0.15023010969161987,0.0006579458713531494,-0.09247196465730667,0.16369175910949707,0.18246692419052124,-0.12616963684558868,0.15734106302261353,0.2221992015838623,-0.11346662789583206,0.14641064405441284,0.224667489528656,-0.09687796980142593,0.2177877426147461,0.021603882312774658,-0.10582231730222702,0.218178391456604,0.16972577571868896,-0.12367911636829376,0.20309942960739136,0.20805031061172485,-0.10589650273323059,0.18584227561950684,0.20803290605545044,-0.08504944294691086
N,0.19098404049873352,0.13417387008666992,-1.138111997533997e-06,0.11781254410743713,0.15678668022155762,-0.034951843321323395,0.05690833926200867,0.18383896350860596,-0.06828974187374115,0.03568536043167114,0.24369877576828003,-0.09960643947124481,0.028217434883117676,0.3011471629142761,-0.13177290558815002,0.008377641439437866,0.03569740056991577,-0.08027476072311401,0.0,0.1732555627822876,-0.1319543421268463,0.016079217195510864,0.2835783362388611,-0.16452302038669586,0.02837088704109192,0.36503809690475464,-0.17931753396987915,0.07391133904457092,0.0,-0.08662248402833939,0.09080436825752258,0.21147197484970093,-0.13432839512825012,0.09990677237510681,0.3358498215675354,-0.1432657092809677,0.10322538018226624,0.41688400506973267,-0.13902528584003448,0.1504223644733429,0.00013330578804016113,-0.09524237364530563,0.16277247667312622,0.18720519542694092,-0.12649092078208923,0.1657121777534485,0.21200525760650635,-0.10907914489507675,0.16278880834579468,0.2001124620437622,-0.08914424479007721,0.21825900673866272,0.017934024333953857,-0.10789285600185394,0.21897003054618835,0.17127305269241333,-0.12520016729831696,0.20780625939369202,0.20847469568252563,-0.10429994761943817,0.19347932934761047,0.20477885007858276,-0.08038374036550522
N,0.20104223489761353,0.14141130447387695,-1.1343564665367012e-06,0.12244677543640137,0.1658083200454712,-0.03139632195234299,0.058085471391677856,0.18772459030151367,-0.06306904554367065,0.03570708632469177,0.23819869756698608,-0.09345011413097382,0.030750811100006104,0.29091477394104004,-0.1253977119922638,0.01039266586303711,0.03625845909118652,-0.07602013647556305,0.0,0.17211729288101196,-0.1270306557416916,0.01630893349647522,0.2804509401321411,-0.1596624255180359,0.029905647039413452,0.3614291548728943,-0.17437508702278137,0.07570484280586243,0.0,-0.08446914702653885,0.09303027391433716,0.21156024932861328,-0.1319204419851303,0.0996783971786499,0.3352808356285095,-0.140679270029068,0.10399368405342102,0.41862785816192627,-0.13573838770389557,0.15372398495674133,0.0009412169456481934,-0.09508661180734634,0.16338300704956055,0.18732613325119019,-0.12688584625720978,0.16679933667182922,0.2024376392364502,-0.10875316709280014,0.16636961698532104,0.18353044986724854,-0.08744978904724121,0.2227100133895874,0.020259499549865723,-0.10921839624643326,0.2204301357269287,0.17385625839233398,-0.12764526903629303,0.2120378017425537,0.19723892211914062,-0.10595035552978516,0.20086747407913208,0.17950856685638428,-0.08043152093887329
N,0.20641487836837769,0.14650660753250122,-1.1716897461155895e-06,0.1248525083065033,0.17400449514389038,-0.027526821941137314,0.05897712707519531,0.19284236431121826,-0.05743210390210152,0.03429675102233887,0.24070733785629272,-0.08656027168035507,0.027866840362548828,0.29176056385040283,-0.11770655959844589,0.008220881223678589,0.0406075119972229,-0.0711267739534378,0.0,0.1711869239807129,-0.1207968220114708,0.016344398260116577,0.2782394289970398,-0.15541093051433563,0.030413269996643066,0.35828107595443726,-0.17234468460083008,0.07208257913589478,0.002679169178009033,-0.08005806803703308,0.09244003891944885,0.21005988121032715,-0.12570558488368988,0.09987935423851013,0.3385809063911438,-0.13750077784061432,0.10507234930992126,0.42718690633773804,-0.13627755641937256,0.14893245697021484,0.0,-0.09073506295681,0.16366079449653625,0.18053871393203735,-0.11984928697347641,0.1672113537788391,0.19985032081604004,-0.10645322501659393,0.16723811626434326,0.1866946816444397,-0.09041287750005722,0.21716874837875366,0.013457387685775757,-0.10450474917888641,0.22028034925460815,0.16078275442123413,-0.11899012327194214,0.21272993087768555,0.19196707010269165,-0.09878963977098465,0.20236867666244507,0.18346154689788818,-0.07647624611854553
N,0.2061193287372589,0.13303911685943604,-1.1212524668735568e-06,0.12420764565467834,0.16034585237503052,-0.02934158407151699,0.058843523263931274,0.1839647889137268,-0.06017465889453888,0.035469114780426025,0.23846876621246338,-0.08920923620462418,0.029514729976654053,0.2910376191139221,-0.12043718993663788,0.012899845838546753,0.03450608253479004,-0.07757587730884552,0.0,0.17416304349899292,-0.12727312743663788,0.016756445169448853,0.2802385091781616,-0.16031955182552338,0.030429810285568237,0.3572544455528259,-0.17551197111606598,0.07797372341156006,0.0,-0.08484712988138199,0.09416583180427551,0.21982669830322266,-0.12983854115009308,0.10140189528465271,0.33901911973953247,-0.13859498500823975,0.10552763938903809,0.4211782217025757,-0.1337914615869522,0.15508094429969788,0.004066973924636841,-0.09329748153686523,0.1647304892539978,0.20043069124221802,-0.12073194235563278,0.16676023602485657,0.19709813594818115,-0.10082294791936874,0.16390535235404968,0.1677301526069641,-0.07878823578357697,0.22006645798683167,0.027169138193130493,-0.10486828535795212,0.21565166115760803,0.19018489122390747,-0.11986641585826874,0.20832154154777527,0.1977144479751587,-0.09505302459001541,0.1979464590549469,0.16657203435897827,-0.06714203953742981
N,0.19540205597877502,0.12328526377677917,-1.1136339708173182e-06,0.1160254180431366,0.14698633551597595,-0.02757115289568901,0.052525490522384644,0.17146053910255432,-0.05791430175304413,0.029341399669647217,0.22723820805549622,-0.0873299315571785,0.02352464199066162,0.28171178698539734,-0.12044650316238403,0.008920907974243164,0.03395107388496399,-0.07365988940000534,0.0,0.17203566431999207,-0.12363369762897491,0.014305651187896729,0.2772258222103119,-0.16078096628189087,0.025197595357894897,0.35440948605537415,-0.17998002469539642,0.07361838221549988,0.0,-0.08236683905124664,0.09259083867073059,0.20774295926094055,-0.12873612344264984,0.09993883967399597,0.33408936858177185,-0.14199809730052948,0.10570085048675537,0.42563173174858093,-0.14116042852401733,0.15057387948036194,0.001529008150100708,-0.09227826446294785,0.16412487626075745,0.18056902289390564,-0.12229400128126144,0.16242817044258118,0.18430307507514954,-0.10910402238368988,0.15862107276916504,0.16410520672798157,-0.0920439213514328,0.21787557005882263,0.01915225386619568,-0.10481683909893036,0.21728113293647766,0.1705557405948639,-0.12124896794557571,0.20606455206871033,0.19170448184013367,-0.10019363462924957,0.19339647889137268,0.1787033975124359,-0.0761566013097763
N,0.19886085391044617,0.11935025453567505,-1.080907964023936e-06,0.1189902126789093,0.14904385805130005,-0.028598826378583908,0.05702546238899231,0.17796778678894043,-0.06049390509724617,0.036289364099502563,0.2371876835823059,-0.091237373650074,0.031915128231048584,0.29270046949386597,-0.12561355531215668,0.010618209838867188,0.035289645195007324,-0.07800290733575821,0.0,0.1731778383255005,-0.12956489622592926,0.015276402235031128,0.28164994716644287,-0.16687501966953278,0.02761918306350708,0.361885666847229,-0.18596792221069336,0.07635226845741272,0.0,-0.08701100200414658,0.09235602617263794,0.19893503189086914,-0.13462884724140167,0.10008755326271057,0.3275573253631592,-0.1480107307434082,0.10527601838111877,0.41862714290618896,-0.14758089184761047,0.15397149324417114,0.0015974640846252441,-0.09705731272697449,0.1645776331424713,0.1786385178565979,-0.1286909431219101,0.16651645302772522,0.1913565993309021,-0.11507470905780792,0.16571667790412903,0.17469513416290283,-0.09778337925672531,0.22046849131584167,0.02084958553314209,-0.10972779244184494,0.21832409501075745,0.17017757892608643,-0.1272345334291458,0.2084192931652069,0.19258195161819458,-0.10591445118188858,0.19657763838768005,0.17701303958892822,-0.08188965916633606
N,0.20251789689064026,0.12489116191864014,-1.0870900268855621e-06,0.12123966217041016,0.1506108045578003,-0.027428189292550087,0.05809548497200012,0.17255306243896484,-0.06018625572323799,0.03576958179473877,0.2239956259727478,-0.09156490117311478,0.030863195657730103,0.27575480937957764,-0.1270458996295929,0.00739559531211853,0.03220358490943909,-0.08086689561605453,0.0,0.1735261082649231,-0.1334889978170395,0.016357451677322388,0.2790510654449463,-0.17174044251441956,0.028339236974716187,0.3550737500190735,-0.19161666929721832,0.0742729902267456,0.0,-0.09024367481470108,0.09081369638442993,0.21052050590515137,-0.13944575190544128,0.10023093223571777,0.3365896940231323,-0.15226119756698608,0.1078413724899292,0.4275309443473816,-0.15119010210037231,0.15427616238594055,0.004752933979034424,-0.10036347061395645,0.16301998496055603,0.18687951564788818,-0.13135308027267456,0.1656082272529602,0.18273597955703735,-0.11522118002176285,0.16472157835960388,0.1544814109802246,-0.09635189920663834,0.22257474064826965,0.025848746299743652,-0.11291965842247009,0.2166890799999237,0.17930525541305542,-0.13017308712005615,0.20751014351844788,0.1926749348640442,-0.10742165148258209,0.19651290774345398,0.16764545440673828,-0.08209603279829025
N,0.21281856298446655,0.13309064507484436,-1.0372045835538302e-06,0.12718182802200317,0.1540045440196991,-0.028941014781594276,0.061205148696899414,0.17096862196922302,-0.060780636966228485,0.03741303086280823,0.22043678164482117,-0.09074897319078445,0.03594431281089783,0.27045074105262756,-0.12409217655658722,0.01114964485168457,0.03017866611480713,-0.07949378341436386,0.0,0.17095574736595154,-0.12883765995502472,0.013926535844802856,0.27879706025123596,-0.1632939726114273,0.026140838861465454,0.3554951846599579,-0.180963933467865,0.07899323105812073,0.0,-0.08798633515834808,0.09476366639137268,0.20085439085960388,-0.13522352278232574,0.10423758625984192,0.32679077982902527,-0.14870330691337585,0.1102524995803833,0.4129965007305145,-0.14894208312034607,0.15846550464630127,0.006616771221160889,-0.09708258509635925,0.16590040922164917,0.19208183884620667,-0.12656374275684357,0.17343515157699585,0.20013663172721863,-0.11282473057508469,0.17530590295791626,0.17708274722099304,-0.0964314341545105,0.22638088464736938,0.02902546525001526,-0.10883542895317078,0.21901506185531616,0.18012872338294983,-0.12339083850383759,0.21431058645248413,0.19672194123268127,-0.10105498135089874,0.2069530487060547,0.17451468110084534,-0.07713767886161804
N,0.20816931128501892,0.12410128116607666,-1.0503363228053786e-06,0.12250426411628723,0.14776545763015747,-0.02925422228872776,0.058752477169036865,0.16322791576385498,-0.061701029539108276,0.03394705057144165,0.2074146866798401,-0.0922822430729866,0.029174119234085083,0.2557206153869629,-0.12721474468708038,0.01164013147354126,0.02850070595741272,-0.08151844143867493,0.0,0.17059087753295898,-0.1309555619955063,0.014022767543792725,0.2765790820121765,-0.16775619983673096,0.024070709943771362,0.35292261838912964,-0.1873990297317505,0.0809098482131958,0.0,-0.08987952023744583,0.09075567126274109,0.18924927711486816,-0.13517405092716217,0.09784466028213501,0.3209097981452942,-0.15065912902355194,0.10191962122917175,0.41364163160324097,-0.15444031357765198,0.16063734889030457,0.005520462989807129,-0.09852077811956406,0.16530629992485046,0.17133575677871704,-0.1279532015323639,0.1713356077671051,0.20483523607254028,-0.1180061474442482,0.17632466554641724,0.20444470643997192,-0.10568850487470627,0.22865793108940125,0.02725246548652649,-0.10962292551994324,0.21970388293266296,0.167588472366333,-0.12351060658693314,0.2113308608531952,0.20675545930862427,-0.1031346395611763,0.2045084536075592,0.20777642726898193,-0.08239183574914932
N,0.22379955649375916,0.13033515214920044,-1.0566743640083587e-06,0.1363755166530609,0.15403145551681519,-0.032029807567596436,0.06682837009429932,0.16794753074645996,-0.06510048359632492,0.03650560975074768,0.20678836107254028,-0.0956263467669487,0.030217528343200684,0.24968868494033813,-0.12932199239730835,0.014519423246383667,0.031321942806243896,-0.08858084678649902,0.0,0.17226523160934448,-0.13803730905056,0.011446744203567505,0.27991265058517456,-0.17079469561576843,0.023686707019805908,0.36061936616897583,-0.18784113228321075,0.08047926425933838,0.0,-0.09725567698478699,0.09228736162185669,0.19083696603775024,-0.14376559853553772,0.10220620036125183,0.3198665380477905,-0.15767279267311096,0.10998725891113281,0.4076550006866455,-0.16112180054187775,0.1585494875907898,0.0021401047706604004,-0.10631357878446579,0.16496780514717102,0.18153858184814453,-0.13706453144550323,0.17983493208885193,0.22455298900604248,-0.12611286342144012,0.19279220700263977,0.22920691967010498,-0.11411351710557938,0.2293281853199005,0.02017277479171753,-0.11848112940788269,0.22227659821510315,0.16743379831314087,-0.1353815793991089,0.21901294589042664,0.2145015001296997,-0.11668744683265686,0.21690699458122253,0.2214091420173645,-0.09740550816059113
N,0.21108177304267883,0.1270841360092163,-9.962936928786803e-07,0.12707525491714478,0.1531057357788086,-0.03677276149392128,0.06452113389968872,0.17159253358840942,-0.0728369951248169,0.039741069078445435,0.21465539932250977,-0.1052747592329979,0.03170827031135559,0.2623574733734131,-0.1412251740694046,0.015278726816177368,0.03162786364555359,-0.09729737043380737,0.0,0.16827452182769775,-0.1498662531375885,0.011571615934371948,0.27338796854019165,-0.18344667553901672,0.023169368505477905,0.3527386784553528,-0.20033994317054749,0.08288350701332092,0.0,-0.10381075739860535,0.09288167953491211,0.1903955340385437,-0.15201012790203094,0.10186514258384705,0.3191899061203003,-0.1638236790895462,0.1083623468875885,0.40715348720550537,-0.1654508411884308,0.16168111562728882,0.0035955607891082764,-0.11111810803413391,0.16913896799087524,0.17787981033325195,-0.14525273442268372,0.1769256591796875,0.22004681825637817,-0.13239675760269165,0.1844068169593811,0.22418153285980225,-0.11783438175916672,0.2313472330570221,0.02484869956970215,-0.12161029875278473,0.22456476092338562,0.17136871814727783,-0.14231786131858826,0.215325266122818,0.21835815906524658,-0.12368832528591156,0.20842626690864563,0.22429656982421875,-0.10319401323795319
N,0.2144828736782074,0.1371731162071228,-1.01401349184016e-06,0.1279735267162323,0.15707308053970337,-0.03533746302127838,0.06010505557060242,0.1696900725364685,-0.06976880878210068,0.03203114867210388,0.2157658338546753,-0.10051622241735458,0.022498100996017456,0.26648545265197754,-0.13467177748680115,0.017176032066345215,0.029662400484085083,-0.09304185956716537,0.0,0.16817522048950195,-0.1437520682811737,0.009700775146484375,0.2751891016960144,-0.17702053487300873,0.01903262734413147,0.35673636198043823,-0.19401344656944275,0.08661985397338867,0.0,-0.09934297949075699,0.09378209710121155,0.1961567997932434,-0.1475592851638794,0.10054251551628113,0.3236040472984314,-0.16080255806446075,0.10427674651145935,0.41187959909439087,-0.16256152093410492,0.16595035791397095,0.009228646755218506,-0.10596046596765518,0.16618242859840393,0.1954473853111267,-0.13770468533039093,0.17687401175498962,0.22146856784820557,-0.12350624799728394,0.18396976590156555,0.2123023271560669,-0.10790035128593445,0.23333123326301575,0.036031365394592285,-0.11562231183052063,0.2194415032863617,0.19073086977005005,-0.1333802491426468,0.21465197205543518,0.22115075588226318,-0.11174509674310684,0.21048319339752197,0.21112418174743652,-0.08904869854450226
N,0.21437492966651917,0.12643349170684814,-1.0212448842139565e-06,0.12833428382873535,0.14585602283477783,-0.033670928329229355,0.06424963474273682,0.15951716899871826,-0.07018473744392395,0.03910258412361145,0.20593494176864624,-0.10398693382740021,0.029423624277114868,0.25730305910110474,-0.1419590413570404,0.019753187894821167,0.026017367839813232,-0.09554378688335419,0.0,0.1652984619140625,-0.15071536600589752,0.011504381895065308,0.2712950110435486,-0.18794645369052887,0.021709024906158447,0.35007089376449585,-0.2067297101020813,0.09004485607147217,0.0,-0.1028134673833847,0.09281423687934875,0.20174258947372437,-0.1560286432504654,0.09822893142700195,0.33021360635757446,-0.1704922616481781,0.10276150703430176,0.42546385526657104,-0.17091700434684753,0.17066049575805664,0.012319803237915039,-0.11029909551143646,0.1657276451587677,0.19905871152877808,-0.14504341781139374,0.17449894547462463,0.20970594882965088,-0.13064979016780853,0.18157419562339783,0.19389623403549194,-0.112954281270504,0.23665085434913635,0.04172927141189575,-0.12038550525903702,0.2188616693019867,0.19857323169708252,-0.1398637741804123,0.21013712882995605,0.21862882375717163,-0.11883091926574707,0.20282113552093506,0.20100802183151245,-0.09520626813173294
N,0.23040783405303955,0.12769514322280884,-1.0509101002753596e-06,0.14239919185638428,0.15274721384048462,-0.03180296719074249,0.07268384099006653,0.17260664701461792,-0.06546778231859207,0.04555949568748474,0.22426921129226685,-0.09658679366111755,0.03501573204994202,0.2790687680244446,-0.1312476098537445,0.02082151174545288,0.03195887804031372,-0.08983367681503296,0.0,0.1706588864326477,-0.14186160266399384,0.010821044445037842,0.2771526575088501,-0.175983265042305,0.020893961191177368,0.3584539294242859,-0.19300802052021027,0.08952513337135315,0.0,-0.09846041351556778,0.09459719061851501,0.2078559398651123,-0.14959260821342468,0.10202270746231079,0.332072913646698,-0.16264982521533966,0.10894575715065002,0.42302554845809937,-0.1620340198278427,0.17024344205856323,0.009581983089447021,-0.10743305087089539,0.16586560010910034,0.2096872329711914,-0.14176873862743378,0.1774151623249054,0.21533191204071045,-0.12649761140346527,0.1872107982635498,0.19388502836227417,-0.10806795209646225,0.23832392692565918,0.03857731819152832,-0.11901189386844635,0.21558412909507751,0.21109086275100708,-0.14083850383758545,0.21062910556793213,0.22981178760528564,-0.11996155977249146,0.20875883102416992,0.20803403854370117,-0.09555312991142273
N,0.22707635164260864,0.14306557178497314,-9.994706715588109e-07,0.14336639642715454,0.16895025968551636,-0.03618428111076355,0.07846596837043762,0.18751025199890137,-0.07338719069957733,0.048036009073257446,0.23647332191467285,-0.10736693441867828,0.032033294439315796,0.297615647315979,-0.14450755715370178,0.02339303493499756,0.03287738561630249,-0.09469040483236313,0.0,0.16658169031143188,-0.1512790024280548,0.008810609579086304,0.2707691788673401,-0.18862482905387878,0.017133891582489014,0.3510395884513855,-0.207695871591568,0.09001141786575317,0.0,-0.10293374955654144,0.09399482607841492,0.19872093200683594,-0.15620426833629608,0.10138088464736938,0.3258427381515503,-0.1691768616437912,0.10449501872062683,0.41390830278396606,-0.16949670016765594,0.16812056303024292,0.00892588496208191,-0.11224894225597382,0.16888505220413208,0.20334076881408691,-0.14857569336891174,0.18395283818244934,0.22139453887939453,-0.13072562217712402,0.19401514530181885,0.20361775159835815,-0.11131925135850906,0.2348155379295349,0.03827419877052307,-0.12492827326059341,0.22088158130645752,0.20217221975326538,-0.1466635763645172,0.22135382890701294,0.21987485885620117,-0.12389735877513885,0.2210516333580017,0.19374316930770874,-0.0990215465426445
N,0.22143766283988953,0.13439998030662537,-1.0406098454041057e-06,0.13761255145072937,0.15538761019706726,-0.035389263182878494,0.07106557488441467,0.17396005988121033,-0.07105129212141037,0.045712560415267944,0.21955344080924988,-0.10353994369506836,0.0357879102230072,0.26958557963371277,-0.13940462470054626,0.027381867170333862,0.03147059679031372,-0.09522111713886261,0.0,0.1641208827495575,-0.1502203643321991,0.010247647762298584,0.26790252327919006,-0.18660777807235718,0.020537137985229492,0.3463157117366791,-0.2049543708562851,0.09653675556182861,0.0,-0.1037178784608841,0.09598207473754883,0.1986469328403473,-0.15616439282894135,0.1000363826751709,0.32900044322013855,-0.1692264974117279,0.10415533185005188,0.4231014549732208,-0.1689804047346115,0.17612215876579285,0.009351491928100586,-0.1131584495306015,0.1734946072101593,0.19964858889579773,-0.14887407422065735,0.17962071299552917,0.2231120765209198,-0.1333579123020172,0.186007559299469,0.21392646431922913,-0.11505536735057831,0.24312755465507507,0.03729751706123352,-0.12575434148311615,0.22378048300743103,0.19906291365623474,-0.14700542390346527,0.21426963806152344,0.22914710640907288,-0.1254853904247284,0.20858606696128845,0.21913602948188782,-0.10138136148452759
N,0.2217249870300293,0.12431252002716064,-9.833868261921452e-07,0.137089341878891,0.14588218927383423,-0.03595658019185066,0.07092061638832092,0.16337692737579346,-0.07164080440998077,0.04438623785972595,0.21081691980361938,-0.10406950861215591,0.0325283408164978,0.25820374488830566,-0.1397581249475479,0.02412271499633789,0.02387481927871704,-0.0920497477054596,0.0,0.16449421644210815,-0.14687857031822205,0.009605079889297485,0.27284330129623413,-0.18358123302459717,0.019725292921066284,0.3531208038330078,-0.20178450644016266,0.09419399499893188,0.0,-0.09851056337356567,0.09427770972251892,0.20661401748657227,-0.14831960201263428,0.09986850619316101,0.32865339517593384,-0.1592896580696106,0.10253295302391052,0.4155731201171875,-0.15723896026611328,0.17480427026748657,0.016216397285461426,-0.10607243329286575,0.1693408191204071,0.20933973789215088,-0.13900628685951233,0.176496684551239,0.2157604694366455,-0.11911971867084503,0.18060946464538574,0.1942429542541504,-0.09745199978351593,0.24060946702957153,0.05089211463928223,-0.11696505546569824,0.22129106521606445,0.21195757389068604,-0.1376093626022339,0.21353375911712646,0.22421497106552124,-0.11344500631093979,0.20631033182144165,0.19753992557525635,-0.08630600571632385
N,0.22429895401000977,0.13264226913452148,-1.0146173963221372e-06,0.13953500986099243,0.16256630420684814,-0.033745668828487396,0.07518702745437622,0.19360578060150146,-0.06805439293384552,0.04723730683326721,0.2517143487930298,-0.09927725791931152,0.03398337960243225,0.3093417286872864,-0.13267771899700165,0.02685493230819702,0.03199419379234314,-0.08895578235387802,0.0,0.16740185022354126,-0.13869436085224152,0.013278484344482422,0.27037787437438965,-0.1704215258359909,0.026151418685913086,0.3469321131706238,-0.1864069402217865,0.09269535541534424,0.0,-0.09697802364826202,0.0937584936618805,0.20818930864334106,-0.14498279988765717,0.09910988807678223,0.3327913284301758,-0.15688572824001312,0.10155224800109863,0.4168838858604431,-0.15723395347595215,0.16942834854125977,0.009932935237884521,-0.10570662468671799,0.17170512676239014,0.21021276712417603,-0.13858656585216522,0.18056195974349976,0.21949541568756104,-0.12385805696249008,0.18606555461883545,0.19787120819091797,-0.10735554248094559,0.23391765356063843,0.039233893156051636,-0.11737824231386185,0.22081917524337769,0.2035515308380127,-0.13831102848052979,0.21460694074630737,0.22013413906097412,-0.11805170774459839,0.20732933282852173,0.19784802198410034,-0.09519897401332855
N,0.22448033094406128,0.11763244867324829,-9.74816202869988e-07,0.14561086893081665,0.15447676181793213,-0.03986208885908127,0.08382821083068848,0.19792860746383667,-0.08017228543758392,0.056001871824264526,0.2686004638671875,-0.11659589409828186,0.039909958839416504,0.33478742837905884,-0.1551889330148697,0.02918940782546997,0.035172998905181885,-0.10334931313991547,0.0,0.16282421350479126,-0.16002775728702545,0.010474205017089844,0.2651912569999695,-0.19486531615257263,0.021381735801696777,0.3425339460372925,-0.2123657912015915,0.09451687335968018,0.0,-0.11050444841384888,0.0967572033405304,0.20592069625854492,-0.16582894325256348,0.10198494791984558,0.33572953939437866,-0.17790576815605164,0.10493659973144531,0.42400604486465454,-0.1769704520702362,0.17288345098495483,0.006898552179336548,-0.11872604489326477,0.1763165295124054,0.2023114562034607,-0.157891184091568,0.1861935555934906,0.21744245290756226,-0.14070424437522888,0.19357901811599731,0.19862794876098633,-0.12108917534351349,0.23993128538131714,0.03218996524810791,-0.13035684823989868,0.2272026538848877,0.19513994455337524,-0.15736344456672668,0.21936458349227905,0.22240543365478516,-0.13714101910591125,0.21168196201324463,0.20725387334823608,-0.11300765722990036
N,0.23270586133003235,0.14686468243598938,-1.0833745136551443e-06,0.14329341053962708,0.16924330592155457,-0.030350325629115105,0.0783422589302063,0.19696995615959167,-0.06369873136281967,0.04549771547317505,0.2468942105770111,-0.09484884887933731,0.031046062707901,0.3019700348377228,-0.12848664820194244,0.028213948011398315,0.03407338261604309,-0.08420931547880173,0.0,0.1576094925403595,-0.1337670534849167,0.011421531438827515,0.25954756140708923,-0.16679397225379944,0.023583322763442993,0.33823445439338684,-0.1840892881155014,0.09357264637947083,0.0,-0.09358145296573639,0.09240204095840454,0.20468595623970032,-0.138163760304451,0.09197947382926941,0.33356329798698425,-0.15007485449314117,0.09270235896110535,0.42449483275413513,-0.15191079676151276,0.17132839560508728,0.0070029497146606445,-0.10367880016565323,0.1737409234046936,0.2021244466304779,-0.13574354350566864,0.1807967722415924,0.21590843796730042,-0.123357392847538,0.1875770390033722,0.19921079277992249,-0.10915368795394897,0.238979309797287,0.033258646726608276,-0.11638551950454712,0.22419866919517517,0.1978948414325714,-0.1383737474679947,0.21632632613182068,0.22340187430381775,-0.12045220285654068,0.21010231971740723,0.21068403124809265,-0.09951621294021606
N,0.22960606217384338,0.1353326439857483,-1.0246067176922224e-06,0.14381656050682068,0.1638033390045166,-0.033180948346853256,0.07843375205993652,0.1977807879447937,-0.06867293268442154,0.05087807774543762,0.2659521698951721,-0.10209601372480392,0.038948655128479004,0.3331737518310547,-0.13831497728824615,0.030164271593093872,0.03351318836212158,-0.086236871778965,0.0,0.1642400026321411,-0.13795588910579681,0.009528309106826782,0.2699469327926636,-0.1717005968093872,0.021033167839050293,0.34949082136154175,-0.1888694316148758,0.0970526933670044,0.0,-0.0952659547328949,0.0951153039932251,0.20986974239349365,-0.1442982256412506,0.09857740998268127,0.33910614252090454,-0.15758587419986725,0.09900534152984619,0.4237900972366333,-0.15854011476039886,0.17595264315605164,0.008801877498626709,-0.10524801909923553,0.17408213019371033,0.2073063850402832,-0.1392296850681305,0.18431821465492249,0.22318625450134277,-0.12607058882713318,0.19078198075294495,0.20287013053894043,-0.11028885096311569,0.24357905983924866,0.03662097454071045,-0.1181287169456482,0.22772017121315002,0.20305085182189941,-0.13945162296295166,0.2209552824497223,0.22965925931930542,-0.11944162845611572,0.21427187323570251,0.21493488550186157,-0.09665832668542862
N,0.24104565382003784,0.13926687836647034,-1.1100747769887676e-06,0.14724794030189514,0.16436251997947693,-0.029052024707198143,0.07892438769340515,0.19466695189476013,-0.06173595041036606,0.04736265540122986,0.24948546290397644,-0.09238580614328384,0.03511834144592285,0.3094502389431,-0.12522046267986298,0.032127976417541504,0.03378903865814209,-0.0868150070309639,0.0,0.16251787543296814,-0.13475051522254944,0.010630995035171509,0.26562604308128357,-0.16356121003627777,0.023686975240707397,0.3444051444530487,-0.17764924466609955,0.09779742360115051,0.0,-0.09688565135002136,0.09369182586669922,0.21217629313468933,-0.1420901119709015,0.09540864825248718,0.3407740890979767,-0.15120945870876312,0.09696263074874878,0.4299302399158478,-0.1499398797750473,0.17666417360305786,0.0072202980518341064,-0.10725577920675278,0.17590126395225525,0.2076333463191986,-0.1382945030927658,0.18675470352172852,0.21955683827400208,-0.1232977956533432,0.1952345073223114,0.19896581768989563,-0.10712376236915588,0.24537885189056396,0.033090054988861084,-0.12021373212337494,0.22946608066558838,0.20086947083473206,-0.140909343957901,0.22159481048583984,0.227474182844162,-0.12145933508872986,0.21388694643974304,0.21412256360054016,-0.09930532425642014
N,0.23395252227783203,0.1307791769504547,-1.0404731938251643e-06,0.14274489879608154,0.15971651673316956,-0.03217753767967224,0.0759115219116211,0.1879235804080963,-0.0652911588549614,0.04802444577217102,0.23678871989250183,-0.09523110091686249,0.035186171531677246,0.29416564106941223,-0.1269160956144333,0.032287001609802246,0.03043302893638611,-0.09256159514188766,0.0,0.15616092085838318,-0.14107850193977356,0.009577393531799316,0.2577873766422272,-0.16705545783042908,0.021698355674743652,0.3368079960346222,-0.17863640189170837,0.097850501537323,0.0,-0.1021474301815033,0.09375965595245361,0.21352490782737732,-0.1493377387523651,0.09766563773155212,0.3358934223651886,-0.15629491209983826,0.10137209296226501,0.4190634787082672,-0.15229156613349915,0.17629700899124146,0.011302441358566284,-0.11237887293100357,0.17266178131103516,0.21221432089805603,-0.1470036506652832,0.18247169256210327,0.21236422657966614,-0.13042403757572174,0.19023847579956055,0.1835947334766388,-0.11176495999097824,0.24421119689941406,0.0398859977722168,-0.12520629167556763,0.22559112310409546,0.20869162678718567,-0.15002286434173584,0.22003138065338135,0.22569194436073303,-0.13079920411109924,0.21502745151519775,0.20344993472099304,-0.10746527463197708
N,0.2266659140586853,0.1247815489768982,-9.598484211892355e-07,0.1428416669368744,0.15217387676239014,-0.033914532512426376,0.07987996935844421,0.18097007274627686,-0.06989237666130066,0.05362924933433533,0.23404914140701294,-0.10333552211523056,0.04074084758758545,0.2938721776008606,-0.1396300345659256,0.031917840242385864,0.02747836709022522,-0.0921255350112915,0.0,0.15477049350738525,-0.14679895341396332,0.010066449642181396,0.2576755881309509,-0.18225383758544922,0.022538095712661743,0.3339998722076416,-0.2006334662437439,0.09883728623390198,0.0,-0.10209520161151886,0.09409940242767334,0.19878292083740234,-0.1534803956747055,0.09850862622261047,0.32468944787979126,-0.16636468470096588,0.10167041420936584,0.4073607325553894,-0.16784709692001343,0.1769765019416809,0.011918425559997559,-0.11332423985004425,0.17440971732139587,0.2029116153717041,-0.1494639813899994,0.18505346775054932,0.2236143946647644,-0.1349492073059082,0.1928747594356537,0.2063887119293213,-0.1189311146736145,0.24425190687179565,0.04068070650100708,-0.1276218146085739,0.22854334115982056,0.19993209838867188,-0.15063562989234924,0.22487175464630127,0.2227877378463745,-0.13112285733222961,0.2212468385696411,0.20292890071868896,-0.10946227610111237
N,0.22387269139289856,0.13278687000274658,-1.0529611245146953e-06,0.14171096682548523,0.1588311791419983,-0.03309563174843788,0.08056434988975525,0.18221575021743774,-0.06819598376750946,0.05888602137565613,0.22949838638305664,-0.10082047432661057,0.05129405856132507,0.28280097246170044,-0.1359647661447525,0.025816261768341064,0.03539147973060608,-0.0925520658493042,0.0,0.15850704908370972,-0.14504922926425934,0.008403807878494263,0.26098209619522095,-0.17900262773036957,0.018893778324127197,0.34681689739227295,-0.19652396440505981,0.09015873074531555,0.0,-0.1024237796664238,0.09703183174133301,0.20102733373641968,-0.15283073484897614,0.10311180353164673,0.32773709297180176,-0.16632692515850067,0.10824570059776306,0.41726160049438477,-0.16847211122512817,0.1674242913722992,0.005031317472457886,-0.11316267400979996,0.1736167073249817,0.200139582157135,-0.14728914201259613,0.18710464239120483,0.22844088077545166,-0.13472282886505127,0.19678908586502075,0.2212216854095459,-0.12079135328531265,0.23676815629005432,0.028102993965148926,-0.12717489898204803,0.2285023033618927,0.18649613857269287,-0.14911672472953796,0.22118869423866272,0.22960275411605835,-0.13155101239681244,0.21368607878684998,0.2322554588317871,-0.11181677877902985
N,0.2271331548690796,0.12383365631103516,-9.61853402259294e-07,0.1417882740497589,0.14077019691467285,-0.03176720812916756,0.07527375221252441,0.1598939299583435,-0.06650832295417786,0.052907079458236694,0.21185052394866943,-0.098863385617733,0.04579716920852661,0.2665535807609558,-0.134734645485878,0.02219069004058838,0.027548491954803467,-0.0894637480378151,0.0,0.16290283203125,-0.14071641862392426,0.008572101593017578,0.2636631727218628,-0.17568664252758026,0.01795220375061035,0.34333837032318115,-0.19405938684940338,0.08960133790969849,0.0,-0.09840170294046402,0.09917372465133667,0.20474779605865479,-0.14816762506961823,0.1050218939781189,0.32540738582611084,-0.1621612161397934,0.10881155729293823,0.41169899702072144,-0.16362953186035156,0.17011505365371704,0.01262575387954712,-0.10766330361366272,0.17134031653404236,0.20580816268920898,-0.1399773359298706,0.18000906705856323,0.2124754786491394,-0.12545830011367798,0.18501269817352295,0.19035696983337402,-0.10901130735874176,0.23821896314620972,0.043624550104141235,-0.1197323426604271,0.22339963912963867,0.20461511611938477,-0.13932405412197113,0.21591401100158691,0.2205885648727417,-0.11825565248727798,0.20873111486434937,0.19780653715133667,-0.09499287605285645
N,0.22695359587669373,0.14770632982254028,-1.000486236080178e-06,0.13770979642868042,0.16929501295089722,-0.028912082314491272,0.07031053304672241,0.18724143505096436,-0.06045902520418167,0.0468670129776001,0.23537898063659668,-0.0896529033780098,0.04154941439628601,0.289794921875,-0.12111958116292953,0.02236992120742798,0.033254265785217285,-0.081849105656147,0.0,0.1673404574394226,-0.12894253432750702,0.00834745168685913,0.2662363052368164,-0.15833720564842224,0.01900458335876465,0.34635818004608154,-0.173154816031456,0.08777564764022827,0.0,-0.09234590083360672,0.09939771890640259,0.21117866039276123,-0.13724486529827118,0.10571646690368652,0.32411646842956543,-0.14798344671726227,0.10829472541809082,0.4010978937149048,-0.14867208898067474,0.16505536437034607,0.0070154666900634766,-0.10361436009407043,0.1700485646724701,0.21824079751968384,-0.13332930207252502,0.18232765793800354,0.22284817695617676,-0.11941483616828918,0.18829834461212158,0.19697988033294678,-0.10477561503648758,0.2323661744594574,0.03385952115058899,-0.11784577369689941,0.2197951376438141,0.20448017120361328,-0.13689760863780975,0.21773919463157654,0.2185673713684082,-0.11777831614017487,0.21383067965507507,0.19181150197982788,-0.09661540389060974
N,0.22715666890144348,0.12852805852890015,-1.0505308409847203e-06,0.14161425828933716,0.15291434526443481,-0.03146995231509209,0.07379889488220215,0.17337775230407715,-0.0644761249423027,0.04726037383079529,0.22055453062057495,-0.09534154832363129,0.03964146971702576,0.272144079208374,-0.12851570546627045,0.01885470747947693,0.03485596179962158,-0.08541108667850494,0.0,0.16489076614379883,-0.13572834432125092,0.009770184755325317,0.2661106586456299,-0.16834361851215363,0.020382046699523926,0.34709978103637695,-0.1846429407596588,0.08491107821464539,0.0,-0.09472499787807465,0.09582275152206421,0.196027934551239,-0.14247430860996246,0.1026914119720459,0.3198698163032532,-0.1540672481060028,0.10902866721153259,0.41046690940856934,-0.15423819422721863,0.16362875699996948,0.0019260942935943604,-0.10510554164648056,0.1679694950580597,0.18790137767791748,-0.13748833537101746,0.179294615983963,0.2197589874267578,-0.12387717515230179,0.18928208947181702,0.2194191813468933,-0.10832499712705612,0.23451194167137146,0.02133631706237793,-0.11869506537914276,0.22441354393959045,0.17342925071716309,-0.13805171847343445,0.2160126268863678,0.21775221824645996,-0.11907290667295456,0.2103179395198822,0.22375524044036865,-0.09778767824172974
N,0.21961551904678345,0.12935203313827515,-9.511892926639121e-07,0.1364814043045044,0.14852404594421387,-0.03109443187713623,0.07172656059265137,0.1671050786972046,-0.06484709680080414,0.0527748167514801,0.2151550054550171,-0.09610120207071304,0.05156305432319641,0.2635980248451233,-0.13040685653686523,0.01948457956314087,0.03041943907737732,-0.08624375611543655,0.0,0.16609060764312744,-0.13546030223369598,0.010453641414642334,0.2705302834510803,-0.1679694652557373,0.019753634929656982,0.3540380597114563,-0.1848297417163849,0.0852445662021637,0.0,-0.09559519588947296,0.09951648116111755,0.2009550929069519,-0.1426488161087036,0.1084149181842804,0.31176525354385376,-0.1560441106557846,0.11047860980033875,0.38639843463897705,-0.15794578194618225,0.16321158409118652,0.008465081453323364,-0.10534439980983734,0.16947561502456665,0.20368051528930664,-0.13518637418746948,0.18034332990646362,0.207993745803833,-0.12109813839197159,0.1828700304031372,0.1822652816772461,-0.10601453483104706,0.22952699661254883,0.03602573275566101,-0.11807525902986526,0.22154361009597778,0.19876819849014282,-0.1357576549053192,0.21964168548583984,0.21082812547683716,-0.11453820019960403,0.21396958827972412,0.1828153133392334,-0.09199260920286179
N,0.2152227759361267,0.13327553868293762,-1.034612637340615e-06,0.1282653510570526,0.15351197123527527,-0.031637389212846756,0.062458425760269165,0.17110344767570496,-0.06432979553937912,0.0385432243347168,0.21913239359855652,-0.0944989025592804,0.035336434841156006,0.26865050196647644,-0.128178671002388,0.01647546887397766,0.03104996681213379,-0.08473452180624008,0.0,0.1690610945224762,-0.1341806948184967,0.010313063859939575,0.2757295072078705,-0.1684669852256775,0.019969165325164795,0.35740354657173157,-0.18627475202083588,0.08354014158248901,0.0,-0.09284814447164536,0.09739935398101807,0.19734284281730652,-0.13783954083919525,0.10550171136856079,0.3200184404850006,-0.14939053356647491,0.11066746711730957,0.4079926908016205,-0.15023502707481384,0.16260769963264465,0.006119281053543091,-0.10196191817522049,0.16968446969985962,0.1866801679134369,-0.1313604712486267,0.16945752501487732,0.21088907122612,-0.11800724267959595,0.16609686613082886,0.20571765303611755,-0.1034170612692833,0.23163211345672607,0.029862672090530396,-0.11416692286729813,0.22529000043869019,0.1786881387233734,-0.13063466548919678,0.2138805389404297,0.21203121542930603,-0.1105165183544159,0.20217758417129517,0.2100035846233368,-0.089110367000103
N,0.21350258588790894,0.12484502792358398,-1.0532299938859069e-06,0.1301324963569641,0.14346498250961304,-0.031018458306789398,0.06470376253128052,0.15843945741653442,-0.06308511644601822,0.04081210494041443,0.20110678672790527,-0.09306776523590088,0.0371209979057312,0.24500197172164917,-0.12652254104614258,0.015332281589508057,0.03146055340766907,-0.08364587277173996,0.0,0.1656307578086853,-0.13336081802845,0.011606395244598389,0.27223652601242065,-0.16793878376483917,0.022155672311782837,0.35449594259262085,-0.1855904757976532,0.08100613951683044,0.0,-0.09112856537103653,0.09817308187484741,0.19590860605239868,-0.13598786294460297,0.10674530267715454,0.3155874013900757,-0.1470881849527359,0.11182093620300293,0.40333086252212524,-0.1468363106250763,0.16054725646972656,0.0039254724979400635,-0.09953495860099792,0.17036354541778564,0.1812688112258911,-0.12845391035079956,0.17225760221481323,0.19688355922698975,-0.11452215164899826,0.1709669828414917,0.18751460313796997,-0.0988042876124382,0.23004335165023804,0.02534162998199463,-0.11094140261411667,0.22501111030578613,0.17619365453720093,-0.12726452946662903,0.21222847700119019,0.207797110080719,-0.10711231082677841,0.1992722749710083,0.20445787906646729,-0.08499700576066971
N,0.2126884162425995,0.13966047763824463,-9.7517886388232e-07,0.13130125403404236,0.15765970945358276,-0.0342995747923851,0.068756103515625,0.16938066482543945,-0.06798017770051956,0.05085957050323486,0.21116948127746582,-0.0982629582285881,0.051837027072906494,0.2549681067466736,-0.1308918297290802,0.013582736253738403,0.034888774156570435,-0.08936978876590729,0.0,0.17195355892181396,-0.1385459452867508,0.011801451444625854,0.2750561237335205,-0.1706920564174652,0.022814184427261353,0.35484254360198975,-0.1866251528263092,0.07925853133201599,0.0,-0.09568817913532257,0.10333865880966187,0.1985672116279602,-0.14247377216815948,0.11248013377189636,0.3125186562538147,-0.1526092141866684,0.11690777540206909,0.39300382137298584,-0.15085776150226593,0.15852805972099304,0.002623140811920166,-0.1028432622551918,0.17369887232780457,0.18662554025650024,-0.1318158060312271,0.17504462599754333,0.1998780369758606,-0.11424172669649124,0.17110475897789001,0.18543148040771484,-0.09554281085729599,0.22683289647102356,0.02480730414390564,-0.1136016920208931,0.22644689679145813,0.17284202575683594,-0.13000954687595367,0.21812161803245544,0.194510817527771,-0.10755671560764313,0.20700064301490784,0.17845380306243896,-0.08305279910564423
N,0.20428451895713806,0.12282195687294006,-1.0269507129123667e-06,0.1269001066684723,0.14467725157737732,-0.032507430762052536,0.06413117051124573,0.16056427359580994,-0.06541605293750763,0.03962770104408264,0.20085838437080383,-0.09636948257684708,0.03326818346977234,0.24610021710395813,-0.12984342873096466,0.008760154247283936,0.034131765365600586,-0.08385764807462692,0.0,0.16637572646141052,-0.13471746444702148,0.014014750719070435,0.2709735929965973,-0.16879858076572418,0.025786370038986206,0.3519323766231537,-0.18577395379543304,0.07355812191963196,0.0014632940292358398,-0.09260199964046478,0.09597942233085632,0.18307486176490784,-0.14025980234146118,0.10617035627365112,0.3041552007198334,-0.1511175036430359,0.11257433891296387,0.3883887231349945,-0.1500086635351181,0.15252390503883362,0.0,-0.10286732017993927,0.1675514280796051,0.15541943907737732,-0.13504409790039062,0.1686902642250061,0.1963634192943573,-0.12042541801929474,0.16848236322402954,0.20195314288139343,-0.10380427539348602,0.2244110405445099,0.014194190502166748,-0.11657357960939407,0.22797492146492004,0.14827647805213928,-0.13440348207950592,0.2179587185382843,0.1933729350566864,-0.11504261940717697,0.20783132314682007,0.1965140998363495,-0.0937139019370079
N,0.1960023045539856,0.11688590049743652,-9.595612482371507e-07,0.11870598793029785,0.1391570270061493,-0.032010629773139954,0.05809703469276428,0.15894797444343567,-0.06310197710990906,0.04044279456138611,0.20563915371894836,-0.09184759855270386,0.04013332724571228,0.2538229525089264,-0.12335369735956192,0.0075584352016448975,0.04187995195388794,-0.08402293920516968,0.0,0.1706019937992096,-0.128322571516037,0.013318032026290894,0.26819053292274475,-0.157175675034523,0.026650339365005493,0.34537968039512634,-0.1722693145275116,0.07186582684516907,0.005080908536911011,-0.09182077646255493,0.0992489755153656,0.1898299753665924,-0.1343132108449936,0.10882294178009033,0.30723246932029724,-0.1462162882089615,0.11453136801719666,0.3881199061870575,-0.1492651253938675,0.14858272671699524,0.0,-0.10042352974414825,0.1691184937953949,0.16905799508094788,-0.1300443708896637,0.17176204919815063,0.21107569336891174,-0.12093323469161987,0.17226871848106384,0.22106990218162537,-0.11065424978733063,0.21789759397506714,0.011091113090515137,-0.11216529458761215,0.22481530904769897,0.14435133337974548,-0.13037870824337006,0.21590912342071533,0.18962439894676208,-0.11561926454305649,0.20496520400047302,0.20042714476585388,-0.09956631064414978
N,0.19258347153663635,0.11642459034919739,-9.424110771760752e-07,0.12072667479515076,0.14448082447052002,-0.03794363886117935,0.0634734034538269,0.16766101121902466,-0.07391349226236343,0.045674294233322144,0.2119981050491333,-0.10651954263448715,0.04334607720375061,0.2574231028556824,-0.14164865016937256,0.003963083028793335,0.0459076464176178,-0.09498432278633118,0.0,0.177584707736969,-0.14476796984672546,0.01773056387901306,0.27892011404037476,-0.17578676342964172,0.031604915857315063,0.35553377866744995,-0.19123274087905884,0.06852158904075623,0.006325244903564453,-0.10130389779806137,0.09727531671524048,0.18768441677093506,-0.1510048806667328,0.10922360420227051,0.3091210722923279,-0.16311010718345642,0.11606168746948242,0.3925187587738037,-0.16318823397159576,0.14704036712646484,0.0,-0.10858225077390671,0.17040744423866272,0.15953004360198975,-0.14390107989311218,0.1720225214958191,0.19720089435577393,-0.1309238076210022,0.1718778908252716,0.20111513137817383,-0.11511650681495667,0.21780166029930115,0.010449320077896118,-0.11929070949554443,0.22707411646842957,0.14399725198745728,-0.14067086577415466,0.2155403196811676,0.19080370664596558,-0.1230519562959671,0.20239180326461792,0.1988622546195984,-0.10276205092668533
N,0.19306308031082153,0.1026807427406311,-9.728121312946314e-07,0.11746224761009216,0.12942799925804138,-0.03283798694610596,0.05803656578063965,0.1568228304386139,-0.06651069968938828,0.042491137981414795,0.20504429936408997,-0.09689696878194809,0.042943358421325684,0.24921897053718567,-0.13034199178218842,0.0035784542560577393,0.04196876287460327,-0.09402374178171158,0.0,0.18051078915596008,-0.13961124420166016,0.01761847734451294,0.27959689497947693,-0.16644412279129028,0.031710803508758545,0.35533472895622253,-0.17881011962890625,0.06865242123603821,0.0037716329097747803,-0.10068853199481964,0.096678227186203,0.19719520211219788,-0.1472426950931549,0.11153286695480347,0.3163762390613556,-0.15577249228954315,0.12239891290664673,0.40518686175346375,-0.15155893564224243,0.148267924785614,0.0,-0.10706524550914764,0.1674385964870453,0.16477200388908386,-0.14021460711956024,0.16672593355178833,0.17130181193351746,-0.12553387880325317,0.16433319449424744,0.15876224637031555,-0.10673431307077408,0.21789878606796265,0.014503329992294312,-0.11566676199436188,0.2228180170059204,0.15440884232521057,-0.13669808208942413,0.20860576629638672,0.17971214652061462,-0.11698063462972641,0.1931237280368805,0.17409822344779968,-0.09315481036901474
N,0.20008176565170288,0.11689510941505432,-9.692282674222952e-07,0.11851957440376282,0.13862642645835876,-0.03278292343020439,0.05797424912452698,0.15934523940086365,-0.06543846428394318,0.04069259762763977,0.2055521309375763,-0.09481766819953918,0.042327284812927246,0.2513714134693146,-0.12736451625823975,0.003065049648284912,0.04066091775894165,-0.09054161608219147,0.0,0.18876543641090393,-0.13479354977607727,0.01655074954032898,0.2896364629268646,-0.1626727283000946,0.030972808599472046,0.36501970887184143,-0.17664189636707306,0.06796962022781372,0.003788381814956665,-0.0971447005867958,0.0983363687992096,0.20227256417274475,-0.14124955236911774,0.11034071445465088,0.3239611089229584,-0.1517210602760315,0.11941653490066528,0.41055479645729065,-0.1513969600200653,0.14644435048103333,0.0,-0.10368480533361435,0.16744345426559448,0.17321547865867615,-0.13446474075317383,0.16433429718017578,0.19816377758979797,-0.12219496071338654,0.16040098667144775,0.19620570540428162,-0.1073327362537384,0.21526068449020386,0.013396620750427246,-0.1129082441329956,0.22134792804718018,0.14945796132087708,-0.1323232501745224,0.208548903465271,0.18360945582389832,-0.11438955366611481,0.1948455274105072,0.1848193109035492,-0.09363771975040436
N,0.1906239092350006,0.10776326060295105,-9.986418945118203e-07,0.11583226919174194,0.13470542430877686,-0.03330180048942566,0.05598706007003784,0.16214507818222046,-0.06698738038539886,0.038390159606933594,0.21362358331680298,-0.09806866943836212,0.0371934175491333,0.26146435737609863,-0.13284549117088318,0.0,0.048471301794052124,-0.09080292284488678,0.00015631318092346191,0.18703842163085938,-0.13889005780220032,0.019504904747009277,0.288796067237854,-0.17028383910655975,0.035118162631988525,0.3645370602607727,-0.18583863973617554,0.0640643835067749,0.008224725723266602,-0.09763681143522263,0.09610739350318909,0.20033609867095947,-0.14559930562973022,0.11453807353973389,0.3248138427734375,-0.15698370337486267,0.12846475839614868,0.4147610664367676,-0.15559394657611847,0.14231809973716736,0.0,-0.10489515215158463,0.16666215658187866,0.16734731197357178,-0.13871563971042633,0.1657375693321228,0.19455808401107788,-0.12703987956047058,0.16295954585075378,0.19493043422698975,-0.11117605119943619,0.21120542287826538,0.009368538856506348,-0.11469437927007675,0.22242134809494019,0.1474146842956543,-0.13413375616073608,0.2098846137523651,0.1837330460548401,-0.11588049679994583,0.19578459858894348,0.18692278861999512,-0.09460301697254181
N,0.19782200455665588,0.104821115732193,-9.849884463619674e-07,0.11942768096923828,0.1259140968322754,-0.030185921117663383,0.060268014669418335,0.15397197008132935,-0.061012737452983856,0.04585126042366028,0.20946896076202393,-0.08854497969150543,0.047939151525497437,0.26080721616744995,-0.11940504610538483,0.003171861171722412,0.04585912823677063,-0.08916246891021729,0.0,0.1919882893562317,-0.131320521235466,0.018895089626312256,0.29246121644973755,-0.15775886178016663,0.034591108560562134,0.3656185269355774,-0.17044132947921753,0.06609663367271423,0.006076902151107788,-0.09485476464033127,0.09937405586242676,0.20960009098052979,-0.13623887300491333,0.1168397068977356,0.3300100564956665,-0.14480410516262054,0.12953409552574158,0.41641920804977417,-0.14211128652095795,0.14417099952697754,0.0,-0.09984412044286728,0.17110303044319153,0.17516177892684937,-0.12653350830078125,0.16828826069831848,0.18506646156311035,-0.11217265576124191,0.1621880829334259,0.17334908246994019,-0.09549611061811447,0.2117435336112976,0.012192964553833008,-0.10710935294628143,0.2240571677684784,0.15420949459075928,-0.1224617287516594,0.21213319897651672,0.17415869235992432,-0.10173873603343964,0.19682440161705017,0.1641467809677124,-0.07852388173341751
N,0.19555193185806274,0.09580454230308533,-9.708069228508975e-07,0.1170414388179779,0.12366986274719238,-0.03271722048521042,0.05734008550643921,0.1555338203907013,-0.06405553221702576,0.04711472988128662,0.21176299452781677,-0.09211842715740204,0.052474409341812134,0.26419100165367126,-0.12329208105802536,0.002666085958480835,0.04929196834564209,-0.0926719680428505,0.0,0.1952178180217743,-0.1365593522787094,0.018453359603881836,0.2970079481601715,-0.1621917486190796,0.035041093826293945,0.37446513772010803,-0.1742824912071228,0.06708195805549622,0.008962780237197876,-0.0994180366396904,0.10475721955299377,0.2139306366443634,-0.1430748999118805,0.1196134090423584,0.3357023298740387,-0.15157897770404816,0.13110190629959106,0.41947516798973083,-0.1498887538909912,0.14564263820648193,0.0,-0.10632846504449844,0.17487600445747375,0.1786172091960907,-0.13739322125911713,0.16690462827682495,0.21398189663887024,-0.12415481358766556,0.1584375500679016,0.21818247437477112,-0.10843544453382492,0.2144090235233307,0.009053945541381836,-0.11605636030435562,0.22730648517608643,0.14957156777381897,-0.13694489002227783,0.21293234825134277,0.19052013754844666,-0.11963050067424774,0.19747775793075562,0.19730255007743835,-0.09889903664588928
N,0.19233259558677673,0.08979231119155884,-9.148668596026255e-07,0.10839176177978516,0.12209990620613098,-0.033454447984695435,0.04925528168678284,0.15956082940101624,-0.06574397534132004,0.03785082697868347,0.22198310494422913,-0.09416436403989792,0.046032339334487915,0.2774676978588104,-0.12602956593036652,0.0007666647434234619,0.05436679720878601,-0.09576836973428726,0.0,0.20231303572654724,-0.13766461610794067,0.018700003623962402,0.30251261591911316,-0.16196194291114807,0.03681507706642151,0.38036593794822693,-0.17469701170921326,0.06759920716285706,0.010896533727645874,-0.10257165879011154,0.10066863894462585,0.21378710865974426,-0.14508847892284393,0.11815530061721802,0.33528921008110046,-0.15659449994564056,0.13152897357940674,0.4182170331478119,-0.16067057847976685,0.14555242657661438,0.0,-0.10919314622879028,0.16965043544769287,0.1843789517879486,-0.1417720466852188,0.16088977456092834,0.24155911803245544,-0.13620838522911072,0.15278100967407227,0.2644157111644745,-0.12868550419807434,0.21326199173927307,0.007861942052841187,-0.11821936070919037,0.2214057743549347,0.14669719338417053,-0.1409856081008911,0.20624074339866638,0.20153877139091492,-0.12982557713985443,0.19108542799949646,0.2251199185848236,-0.11666557192802429
N,0.19467437267303467,0.07966169714927673,-9.363977824250469e-07,0.11166548728942871,0.11421215534210205,-0.029888426885008812,0.05366086959838867,0.15571820735931396,-0.061733558773994446,0.04500168561935425,0.22137552499771118,-0.0906720981001854,0.054249346256256104,0.2791396379470825,-0.1238342821598053,0.0008568763732910156,0.05440056324005127,-0.09145480394363403,0.0,0.20339083671569824,-0.13451094925403595,0.01934826374053955,0.3053600788116455,-0.1610015630722046,0.03548040986061096,0.3839111328125,-0.17507052421569824,0.06578671932220459,0.010792016983032227,-0.09992994368076324,0.0983574390411377,0.2118668556213379,-0.1411653459072113,0.11417219042778015,0.33302831649780273,-0.1542227864265442,0.12325099110603333,0.4183782935142517,-0.15964162349700928,0.14211758971214294,0.0,-0.10801029950380325,0.16712838411331177,0.1882305145263672,-0.13948984444141388,0.15694144368171692,0.24171876907348633,-0.1354551613330841,0.14476913213729858,0.2642192840576172,-0.12894311547279358,0.20814913511276245,0.008712947368621826,-0.11803058534860611,0.2136794924736023,0.15688318014144897,-0.1404401957988739,0.19606590270996094,0.20915013551712036,-0.12923434376716614,0.17723003029823303,0.23098772764205933,-0.11561890691518784
N,0.17581290006637573,0.05041256546974182,-8.358418313036964e-07,0.09197583794593811,0.09165668487548828,-0.034644756466150284,0.04195788502693176,0.13971805572509766,-0.07180087268352509,0.04176148772239685,0.20737892389297485,-0.10380718111991882,0.05838271975517273,0.2641565799713135,-0.14071592688560486,0.009780794382095337,0.033987998962402344,-0.11995085328817368,0.0,0.1892005205154419,-0.16439680755138397,0.01475641131401062,0.29785484075546265,-0.1872785985469818,0.03228956460952759,0.37891101837158203,-0.20031683146953583,0.07552576065063477,0.0023179054260253906,-0.1270069181919098,0.10174676775932312,0.21932750940322876,-0.17299692332744598,0.11551013588905334,0.3468995690345764,-0.18701814115047455,0.12559854984283447,0.43018215894699097,-0.19663481414318085,0.1502854824066162,0.0,-0.1319049745798111,0.17383790016174316,0.19561892747879028,-0.17082147300243378,0.16446077823638916,0.27011072635650635,-0.16991516947746277,0.1562097668647766,0.30638766288757324,-0.1674029529094696,0.2132677137851715,0.016519367694854736,-0.13830678164958954,0.21733617782592773,0.15467995405197144,-0.17073653638362885,0.2009446620941162,0.20984339714050293,-0.16571453213691711,0.18512123823165894,0.23249143362045288,-0.1579952836036682
N,0.18309170007705688,0.03944891691207886,-8.472082981825224e-07,0.09287586808204651,0.07520690560340881,-0.02846292033791542,0.039219051599502563,0.12902167439460754,-0.06076502427458763,0.028912663459777832,0.2039318084716797,-0.08864078670740128,0.038986027240753174,0.26888155937194824,-0.12152867764234543,0.007898777723312378,0.033172816038131714,-0.10588398575782776,0.0,0.18917250633239746,-0.1464950442314148,0.01390889286994934,0.29306209087371826,-0.16832663118839264,0.027978569269180298,0.3730354309082031,-0.18197764456272125,0.07329419255256653,0.0038201212882995605,-0.11523334681987762,0.0956994891166687,0.21364951133728027,-0.15754364430904388,0.11144143342971802,0.3430304527282715,-0.17408649623394012,0.11997708678245544,0.4291464686393738,-0.18831594288349152,0.14705601334571838,0.0,-0.12274692207574844,0.15941926836967468,0.1863396167755127,-0.1632445752620697,0.14758998155593872,0.2855309844017029,-0.1729118824005127,0.13871976733207703,0.3497137427330017,-0.17967765033245087,0.2113863229751587,0.011089146137237549,-0.13044223189353943,0.2117774784564972,0.1375865340232849,-0.16361843049526215,0.19752657413482666,0.20190012454986572,-0.16616469621658325,0.18378734588623047,0.24161821603775024,-0.1669083684682846
N,0.17414629459381104,0.030807524919509888,-7.542586786257743e-07,0.08846521377563477,0.07631227374076843,-0.027699138969182968,0.03791964054107666,0.13270649313926697,-0.06285493820905685,0.02886378765106201,0.20846781134605408,-0.0942828580737114,0.03712993860244751,0.27825215458869934,-0.13077113032341003,0.007815718650817871,0.03516837954521179,-0.1059190109372139,0.0,0.18682894110679626,-0.15207011997699738,0.016854584217071533,0.29298755526542664,-0.17839381098747253,0.03441372513771057,0.3737703859806061,-0.19427788257598877,0.07394212484359741,0.003992587327957153,-0.11780350655317307,0.09570372104644775,0.19979795813560486,-0.1610865443944931,0.11580193042755127,0.3297199308872223,-0.17427180707454681,0.12998461723327637,0.41681918501853943,-0.18528151512145996,0.15113678574562073,0.0,-0.1288737952709198,0.16781339049339294,0.16218823194503784,-0.17007726430892944,0.1576659381389618,0.23781582713127136,-0.17336991429328918,0.1469137966632843,0.2798236906528473,-0.17536430060863495,0.21856072545051575,0.013919055461883545,-0.14026522636413574,0.22158467769622803,0.1281048059463501,-0.17592152953147888,0.20838242769241333,0.18104353547096252,-0.17423716187477112,0.19418704509735107,0.20980152487754822,-0.17079897224903107
N,0.18801617622375488,0.03496769070625305,-7.605576683999971e-07,0.09866055846214294,0.07868906855583191,-0.021625908091664314,0.04837033152580261,0.13645720481872559,-0.05816426873207092,0.04248088598251343,0.21873098611831665,-0.09246276319026947,0.05345538258552551,0.2929389476776123,-0.13193896412849426,0.014453798532485962,0.030368566513061523,-0.10687290132045746,0.0,0.17386382818222046,-0.16031771898269653,0.010113447904586792,0.28434038162231445,-0.19238032400608063,0.020139694213867188,0.3722650408744812,-0.21054187417030334,0.08024796843528748,0.0014107823371887207,-0.1218801960349083,0.09585759043693542,0.20100510120391846,-0.1685854196548462,0.11095556616783142,0.3301433324813843,-0.1786317527294159,0.12405291199684143,0.4191541075706482,-0.18506699800491333,0.15582144260406494,0.0,-0.1356988102197647,0.17167818546295166,0.16869550943374634,-0.173395037651062,0.1661490797996521,0.21124762296676636,-0.16399070620536804,0.15922707319259644,0.2227088212966919,-0.15544146299362183,0.2210797369480133,0.012870848178863525,-0.15028038620948792,0.22108754515647888,0.13484197854995728,-0.18017299473285675,0.20847955346107483,0.171410471200943,-0.16828414797782898,0.1965719759464264,0.18065017461776733,-0.15538087487220764
N,0.18691521883010864,0.029714494943618774,-7.368815317931876e-07,0.09750533103942871,0.0756807029247284,-0.027298441156744957,0.0457797646522522,0.13807374238967896,-0.06588639318943024,0.04108443856239319,0.21743854880332947,-0.10106566548347473,0.04982420802116394,0.2906251847743988,-0.14129091799259186,0.010340511798858643,0.03371933102607727,-0.11529996991157532,0.0,0.18939843773841858,-0.16796940565109253,0.012861549854278564,0.30263009667396545,-0.19715912640094757,0.02582302689552307,0.38816842436790466,-0.21373014152050018,0.07651901245117188,0.00311356782913208,-0.12827488780021667,0.09885239601135254,0.21678951382637024,-0.17589737474918365,0.11225724220275879,0.34580495953559875,-0.18630863726139069,0.12298059463500977,0.4300912320613861,-0.19311495125293732,0.15438485145568848,0.0,-0.1402686983346939,0.17180180549621582,0.18897098302841187,-0.17976799607276917,0.15997770428657532,0.24771973490715027,-0.17239826917648315,0.14641916751861572,0.2693731486797333,-0.16569283604621887,0.221926748752594,0.011911392211914062,-0.15343695878982544,0.22350165247917175,0.14807355403900146,-0.1888173520565033,0.20694035291671753,0.1984524428844452,-0.18165752291679382,0.19033408164978027,0.2180088460445404,-0.17163501679897308
N,0.16938742995262146,0.029986470937728882,-6.46296257400536e-07,0.08035367727279663,0.08215606212615967,-0.033033858984708786,0.02648422122001648,0.15001130104064941,-0.07514694333076477,0.02154940366744995,0.24475795030593872,-0.11225508153438568,0.026611626148223877,0.3243623375892639,-0.15473105013370514,0.007395446300506592,0.02557787299156189,-0.12349071353673935,0.0,0.17129594087600708,-0.1782534420490265,0.01336604356765747,0.28564155101776123,-0.20910127460956573,0.028015166521072388,0.37776094675064087,-0.22691349685192108,0.07658520340919495,0.0,-0.13423220813274384,0.09247726202011108,0.20000028610229492,-0.1840464323759079,0.10127782821655273,0.32863473892211914,-0.19740788638591766,0.11069485545158386,0.41772300004959106,-0.20749032497406006,0.15382719039916992,0.002182871103286743,-0.1439993679523468,0.1612662971019745,0.17253801226615906,-0.19044093787670135,0.14308759570121765,0.229930579662323,-0.18895938992500305,0.1296931505203247,0.2571963667869568,-0.18562324345111847,0.2196226716041565,0.020651012659072876,-0.15428651869297028,0.21581792831420898,0.14612048864364624,-0.19795076549053192,0.19509512186050415,0.1903378963470459,-0.19563299417495728,0.1779705286026001,0.2086794376373291,-0.18873703479766846
N,0.1748703122138977,0.03461769223213196,-8.046941957218223e-07,0.08680146932601929,0.08538234233856201,-0.019411195069551468,0.03626161813735962,0.14961424469947815,-0.05638732761144638,0.03563952445983887,0.24047037959098816,-0.09219937026500702,0.050086408853530884,0.32472899556159973,-0.13430379331111908,0.007934778928756714,0.024852067232131958,-0.09915778040885925,0.0,0.17871806025505066,-0.151400625705719,0.012944161891937256,0.28981855511665344,-0.18505600094795227,0.0254194438457489,0.37831130623817444,-0.20442499220371246,0.07528376579284668,0.0,-0.11634239554405212,0.09229668974876404,0.2097947597503662,-0.16009929776191711,0.1022639274597168,0.34507516026496887,-0.17101839184761047,0.11269202828407288,0.4402373731136322,-0.1777869164943695,0.15325403213500977,0.00553169846534729,-0.13217565417289734,0.16298815608024597,0.17712026834487915,-0.16904589533805847,0.14932209253311157,0.20177164673805237,-0.159779891371727,0.1375669240951538,0.1950119137763977,-0.15054389834403992,0.218269944190979,0.030666649341583252,-0.14824850857257843,0.21416527032852173,0.1655675172805786,-0.17958322167396545,0.19702595472335815,0.18998000025749207,-0.1657509207725525,0.18017908930778503,0.1784558892250061,-0.1499880701303482
N,0.17655020952224731,0.049509018659591675,-7.325024853344075e-07,0.09172609448432922,0.09789907932281494,-0.03203810751438141,0.04352429509162903,0.15082836151123047,-0.07377652078866959,0.03937610983848572,0.23026007413864136,-0.11173124611377716,0.052184224128723145,0.30707085132598877,-0.1548335999250412,0.01156565546989441,0.030631184577941895,-0.11626817286014557,0.0,0.18059080839157104,-0.17269150912761688,0.012046337127685547,0.2904855012893677,-0.20763210952281952,0.024510890245437622,0.379638135433197,-0.22869865596294403,0.07780396938323975,0.0,-0.12901093065738678,0.09225150942802429,0.1888173222541809,-0.18085215985774994,0.10899040102958679,0.32400065660476685,-0.19731470942497253,0.12150368094444275,0.4187859892845154,-0.20971786975860596,0.15424340963363647,0.00026232004165649414,-0.14150944352149963,0.16323506832122803,0.15752819180488586,-0.18813833594322205,0.15877282619476318,0.23384588956832886,-0.18993531167507172,0.15361416339874268,0.2763442397117615,-0.18999387323856354,0.22041553258895874,0.018901795148849487,-0.15498262643814087,0.22080475091934204,0.1280975341796875,-0.1941659152507782,0.20867878198623657,0.18633821606636047,-0.19229014217853546,0.19632726907730103,0.21905294060707092,-0.18806570768356323
N,0.18841394782066345,0.0425449013710022,-8.79582103152643e-07,0.09941434860229492,0.08463233709335327,-0.026804108172655106,0.04509395360946655,0.13586756587028503,-0.06298957765102386,0.040059894323349,0.20349350571632385,-0.09536478668451309,0.05162504315376282,0.2680889666080475,-0.13287201523780823,0.012105852365493774,0.029536038637161255,-0.11493024230003357,0.0,0.18915799260139465,-0.16386836767196655,0.012057662010192871,0.3013916313648224,-0.1894872784614563,0.025615066289901733,0.384107381105423,-0.20306387543678284,0.07820597290992737,0.0,-0.12652640044689178,0.1019778847694397,0.2266635000705719,-0.17080342769622803,0.10850539803504944,0.35515597462654114,-0.17748378217220306,0.11609166860580444,0.439795583486557,-0.18004745244979858,0.15675559639930725,0.0024053454399108887,-0.1364866942167282,0.171825110912323,0.1985778510570526,-0.17309413850307465,0.15261489152908325,0.2441129982471466,-0.16238132119178772,0.13692978024482727,0.25421664118766785,-0.15160351991653442,0.22455933690071106,0.02299591898918152,-0.14747077226638794,0.22372668981552124,0.17596086859703064,-0.18042533099651337,0.19886189699172974,0.21372824907302856,-0.1698049008846283,0.1748349666595459,0.21570205688476562,-0.15528030693531036
N,0.202235609292984,0.0164983868598938,-8.721710855752463e-07,0.10587519407272339,0.06116431951522827,-0.02389819547533989,0.04355853796005249,0.1285507082939148,-0.05691106989979744,0.027748167514801025,0.2163967490196228,-0.08623696118593216,0.03085264563560486,0.2939237952232361,-0.12140926718711853,0.00971376895904541,0.0350019633769989,-0.10533970594406128,0.0,0.20069292187690735,-0.15041841566562653,0.017601042985916138,0.3151240348815918,-0.1758313626050949,0.03723490238189697,0.4012449383735657,-0.19040338695049286,0.07770997285842896,0.002629697322845459,-0.11785659939050674,0.0976746678352356,0.22379198670387268,-0.15842530131340027,0.11021208763122559,0.3597203493118286,-0.16932521760463715,0.1247134804725647,0.45267653465270996,-0.17761287093162537,0.15794923901557922,0.0,-0.1284719705581665,0.1711876094341278,0.18847224116325378,-0.16572970151901245,0.1528342068195343,0.2432718276977539,-0.16448909044265747,0.13934966921806335,0.2624976634979248,-0.16251568496227264,0.22826385498046875,0.013612896203994751,-0.13897296786308289,0.22888821363449097,0.15909630060195923,-0.17274489998817444,0.20955827832221985,0.20376873016357422,-0.16659529507160187,0.19215354323387146,0.21597597002983093,-0.15781302750110626
N,0.19122010469436646,0.0,-5.889845624551526e-07,0.09352093935012817,0.05974900722503662,-0.025302957743406296,0.0338921844959259,0.14474409818649292,-0.06199277937412262,0.026926159858703613,0.25186505913734436,-0.09521977603435516,0.033427536487579346,0.33752432465553284,-0.1344388723373413,0.007222920656204224,0.035117149353027344,-0.10224401950836182,0.0,0.18905779719352722,-0.1490926444530487,0.009652197360992432,0.300871342420578,-0.17774264514446259,0.020313888788223267,0.3885827362537384,-0.19623813033103943,0.07635954022407532,0.003888070583343506,-0.11570587754249573,0.09061220288276672,0.2107255756855011,-0.15682131052017212,0.10118520259857178,0.3398776352405548,-0.1711731255054474,0.10686153173446655,0.42729976773262024,-0.1852630376815796,0.15566429495811462,0.0018939077854156494,-0.12799499928951263,0.1648423671722412,0.19198575615882874,-0.16647231578826904,0.1497773826122284,0.2537330090999603,-0.16675356030464172,0.1355789303779602,0.2769486606121063,-0.1680055856704712,0.22480231523513794,0.016600221395492554,-0.14047767221927643,0.2196943759918213,0.1682654321193695,-0.1769595891237259,0.20032641291618347,0.2106453776359558,-0.1745559275150299,0.18327051401138306,0.21896621584892273,-0.1704653948545456
N,0.17671671509742737,0.0,-5.535122795663483e-07,0.08173748850822449,0.057234227657318115,-0.017537817358970642,0.026725411415100098,0.13201358914375305,-0.05223708227276802,0.02362176775932312,0.22417595982551575,-0.08573801815509796,0.03502205014228821,0.3018242418766022,-0.12642110884189606,0.004327118396759033,0.04172828793525696,-0.10037147253751755,0.0,0.19494345784187317,-0.14914251863956451,0.010550886392593384,0.3035110533237457,-0.17899197340011597,0.021663248538970947,0.39065465331077576,-0.197801873087883,0.07697156071662903,0.010811090469360352,-0.11849422752857208,0.089943528175354,0.21761077642440796,-0.1575242429971695,0.10034769773483276,0.3413405120372772,-0.16692283749580383,0.11112532019615173,0.43151089549064636,-0.17809529602527618,0.15714886784553528,0.005716383457183838,-0.13535526394844055,0.16718584299087524,0.1882326602935791,-0.17157205939292908,0.15722352266311646,0.23619768023490906,-0.1631893664598465,0.14962512254714966,0.2524630129337311,-0.1580251157283783,0.22559618949890137,0.013533055782318115,-0.15230706334114075,0.2178470492362976,0.1587458848953247,-0.18583886325359344,0.20061779022216797,0.19768506288528442,-0.1779412478208542,0.18689215183258057,0.20725956559181213,-0.16978216171264648
N,0.18156614899635315,0.0,-5.560556814998563e-07,0.0833570659160614,0.05880787968635559,-0.009171349927783012,0.02644088864326477,0.15597358345985413,-0.04059427231550217,0.024217873811721802,0.2669544517993927,-0.07192517071962357,0.03553581237792969,0.35399672389030457,-0.11062534153461456,0.004678905010223389,0.07900562882423401,-0.09300963580608368,0.0,0.24159541726112366,-0.1341271698474884,0.01049584150314331,0.3478677570819855,-0.15903128683567047,0.020925402641296387,0.4353083670139313,-0.1752592921257019,0.0747094452381134,0.05070069432258606,-0.1122826337814331,0.09119760990142822,0.2660661041736603,-0.1476563662290573,0.1019195020198822,0.38650253415107727,-0.1551687866449356,0.11471059918403625,0.47918394207954407,-0.16496425867080688,0.15357685089111328,0.04393574595451355,-0.1280469000339508,0.1626816987991333,0.23262158036231995,-0.15712645649909973,0.15350162982940674,0.24919018149375916,-0.14381176233291626,0.14919713139533997,0.24100172519683838,-0.1359340399503708,0.21843385696411133,0.046405255794525146,-0.14295963943004608,0.20778685808181763,0.20097246766090393,-0.16960586607456207,0.19057267904281616,0.22195616364479065,-0.15623874962329865,0.1764652132987976,0.21286454796791077,-0.14429910480976105
N,0.17233267426490784,0.0,-2.906108989009226e-07,0.07499530911445618,0.043045997619628906,-0.009070595726370811,0.030987262725830078,0.1433611959218979,-0.046877771615982056,0.035152316093444824,0.25322677195072174,-0.08185488730669022,0.05851989984512329,0.33441995084285736,-0.12393245100975037,0.009939819574356079,0.1124698668718338,-0.12405996024608612,0.0,0.30056385695934296,-0.16595208644866943,0.014104515314102173,0.4141629785299301,-0.18352647125720978,0.03303694725036621,0.4983963221311569,-0.1923092007637024,0.081917405128479,0.09388692677021027,-0.13790716230869293,0.10064977407455444,0.3238499015569687,-0.18047361075878143,0.10775303840637207,0.45084141194820404,-0.18346643447875977,0.11758369207382202,0.5380307286977768,-0.18735508620738983,0.15830779075622559,0.09277267754077911,-0.1445055454969406,0.16437482833862305,0.29256780445575714,-0.17170819640159607,0.1478167474269867,0.32299451529979706,-0.14857186377048492,0.1425531506538391,0.3162436932325363,-0.13126595318317413,0.21904340386390686,0.10427246987819672,-0.14973358809947968,0.20179039239883423,0.26853610575199127,-0.16946575045585632,0.17836308479309082,0.3034595400094986,-0.1482626348733902,0.1646026074886322,0.29785679280757904,-0.1289881467819214
N,0.1542178988456726,0.0,-2.2469020422022368e-08,0.06911537051200867,0.05972886085510254,-0.008735538460314274,0.02848067879676819,0.17388305068016052,-0.03883008658885956,0.035336703062057495,0.29083025455474854,-0.06462248414754868,0.05545726418495178,0.37238678336143494,-0.09543789178133011,0.007294356822967529,0.1436263918876648,-0.10689602792263031,0.0,0.3240020275115967,-0.14128336310386658,0.012194663286209106,0.43750157952308655,-0.15658795833587646,0.02402639389038086,0.5174078643321991,-0.1646319180727005,0.08291596174240112,0.12481918931007385,-0.1166091039776802,0.09990215301513672,0.34518322348594666,-0.15269163250923157,0.10243377089500427,0.47442373633384705,-0.1589726060628891,0.10722655057907104,0.558926910161972,-0.16498395800590515,0.15681111812591553,0.12628832459449768,-0.11891336739063263,0.15417543053627014,0.323123961687088,-0.14496062695980072,0.1360318958759308,0.33943983912467957,-0.12474281340837479,0.12856432795524597,0.31831642985343933,-0.10662209987640381,0.21659409999847412,0.1451486051082611,-0.11943177133798599,0.19141989946365356,0.3063342273235321,-0.13424266874790192,0.1705271601676941,0.3236326277256012,-0.11151554435491562,0.15683725476264954,0.30423322319984436,-0.09070796519517899
N,0.13926100730895996,0.0,2.7711098482541274e-07,0.058559417724609375,0.06725792586803436,-0.01638760417699814,0.016491293907165527,0.18169409036636353,-0.04721163585782051,0.025373637676239014,0.29177743196487427,-0.07256577163934708,0.05497416853904724,0.36501049995422363,-0.10171940922737122,0.006131976842880249,0.14327454566955566,-0.11658992618322372,0.0,0.32825732231140137,-0.15432870388031006,0.012224674224853516,0.43644607067108154,-0.1701311618089676,0.02295893430709839,0.5133723616600037,-0.1771009862422943,0.08228039741516113,0.1213856041431427,-0.12432286143302917,0.09672263264656067,0.34424036741256714,-0.15825001895427704,0.1002877950668335,0.47328752279281616,-0.16414500772953033,0.10440480709075928,0.5573864579200745,-0.17042812705039978,0.1544201374053955,0.120333731174469,-0.1258477419614792,0.15343332290649414,0.32974478602409363,-0.15301698446273804,0.134568989276886,0.33971691131591797,-0.13801181316375732,0.12683361768722534,0.3090863823890686,-0.1237369105219841,0.21459048986434937,0.13914811611175537,-0.12659016251564026,0.19210436940193176,0.30224061012268066,-0.1456778347492218,0.17051738500595093,0.3056447505950928,-0.1295531541109085,0.15968573093414307,0.2745498716831207,-0.11401811987161636
N,0.1441887617111206,0.0,3.939187536161626e-07,0.06508484482765198,0.06883065402507782,-0.020081251859664917,0.023111671209335327,0.1884394884109497,-0.04985468462109566,0.027122050523757935,0.3000189960002899,-0.07293692976236343,0.04772272706031799,0.3796935975551605,-0.09902084618806839,0.00840499997138977,0.1467328667640686,-0.11819029599428177,0.0,0.334612637758255,-0.15485717356204987,0.013664484024047852,0.441785603761673,-0.16830475628376007,0.025471478700637817,0.5174303352832794,-0.17313918471336365,0.08379051089286804,0.12327703833580017,-0.12307694554328918,0.09792986512184143,0.34241577982902527,-0.15745003521442413,0.10002121329307556,0.4668169319629669,-0.16266171634197235,0.10089361667633057,0.5479139387607574,-0.16743451356887817,0.1552203893661499,0.11955791711807251,-0.12216363102197647,0.15853449702262878,0.33186444640159607,-0.15191438794136047,0.14175641536712646,0.3452085554599762,-0.1388833075761795,0.133675217628479,0.3153696358203888,-0.12458252161741257,0.21606966853141785,0.13483917713165283,-0.12046898901462555,0.19771608710289001,0.29677414894104004,-0.14346665143966675,0.17491364479064941,0.30198124051094055,-0.13073508441448212,0.16145890951156616,0.27063634991645813,-0.11625967174768448
N,0.14338454604148865,0.0,3.3501996199447603e-07,0.06328034400939941,0.07091090083122253,-0.018101409077644348,0.019505232572555542,0.18855789303779602,-0.047577302902936935,0.024607867002487183,0.29938042163848877,-0.07035413384437561,0.04674568772315979,0.37765631079673767,-0.09672277420759201,0.00773388147354126,0.14784356951713562,-0.1189667284488678,0.0,0.332415372133255,-0.15733082592487335,0.012675762176513672,0.44213250279426575,-0.17254847288131714,0.025398552417755127,0.520177811384201,-0.17802464962005615,0.08407825231552124,0.1221863329410553,-0.12416213005781174,0.09903424978256226,0.34380653500556946,-0.15847444534301758,0.10232800245285034,0.47203370928764343,-0.16249142587184906,0.10602155327796936,0.5526580512523651,-0.16593313217163086,0.15545281767845154,0.1180192232131958,-0.12339386343955994,0.15687811374664307,0.3335871398448944,-0.15058353543281555,0.13794094324111938,0.36682769656181335,-0.13498544692993164,0.1283004879951477,0.3524792492389679,-0.11914294213056564,0.21662989258766174,0.13360893726348877,-0.12188506871461868,0.1944293975830078,0.30259230732917786,-0.14142048358917236,0.16875430941581726,0.32393792271614075,-0.12607041001319885,0.15260270237922668,0.3057170808315277,-0.10979726910591125
N,0.13968423008918762,0.0,3.520623863551009e-07,0.05929121375083923,0.07383260130882263,-0.018755272030830383,0.019244223833084106,0.19454002380371094,-0.049401793628931046,0.02539592981338501,0.3064495325088501,-0.07302693277597427,0.04927584528923035,0.3870577812194824,-0.09983665496110916,0.007002919912338257,0.14882174134254456,-0.12114379554986954,0.0,0.33771902322769165,-0.15975821018218994,0.012748241424560547,0.447856605052948,-0.17426565289497375,0.0251578688621521,0.5253803730010986,-0.17894800007343292,0.08372434973716736,0.1258070468902588,-0.12622429430484772,0.09893026947975159,0.3500186800956726,-0.16170498728752136,0.10186436772346497,0.4786258339881897,-0.16529902815818787,0.10436543822288513,0.5590653419494629,-0.16780774295330048,0.1546722650527954,0.12450948357582092,-0.12526048719882965,0.15400353074073792,0.34354299306869507,-0.15181884169578552,0.13196206092834473,0.38423311710357666,-0.13535086810588837,0.11925166845321655,0.3762335181236267,-0.11894963681697845,0.2139575481414795,0.14298823475837708,-0.12367218732833862,0.19075605273246765,0.31619083881378174,-0.14148171246051788,0.16385018825531006,0.3457741141319275,-0.1251136213541031,0.14607438445091248,0.33550184965133667,-0.10828369110822678
N,0.1438969075679779,0.0,3.86246313155425e-07,0.06660422682762146,0.07127618789672852,-0.01910131424665451,0.02765694260597229,0.19447234272956848,-0.05074421688914299,0.038590431213378906,0.3074532747268677,-0.07575014233589172,0.06421375274658203,0.3882632255554199,-0.10405725240707397,0.00745883584022522,0.15308111906051636,-0.1223362609744072,0.0,0.34033524990081787,-0.16205696761608124,0.011233121156692505,0.44768261909484863,-0.17778992652893066,0.02178022265434265,0.5253286361694336,-0.183714359998703,0.08259731531143188,0.12884527444839478,-0.12841011583805084,0.09623488783836365,0.3485543131828308,-0.16399581730365753,0.10068762302398682,0.47609061002731323,-0.16897787153720856,0.10367411375045776,0.5607560276985168,-0.17346034944057465,0.15448009967803955,0.12461286783218384,-0.1285059154033661,0.15498822927474976,0.33961039781570435,-0.15704597532749176,0.13736209273338318,0.36329519748687744,-0.14207996428012848,0.1282576024532318,0.34148263931274414,-0.12688113749027252,0.21722617745399475,0.14021870493888855,-0.12793752551078796,0.19548475742340088,0.31042271852493286,-0.1482955813407898,0.17063486576080322,0.3280593156814575,-0.1338852494955063,0.1550067663192749,0.30734407901763916,-0.11877639591693878
N,0.14469268918037415,0.0,3.635945802216156e-07,0.0645248293876648,0.07437819242477417,-0.018328500911593437,0.02345004677772522,0.19760549068450928,-0.04908069968223572,0.03022456169128418,0.3115682899951935,-0.07335647195577621,0.054543107748031616,0.3931625783443451,-0.1010771095752716,0.007330715656280518,0.15295514464378357,-0.12054314464330673,0.0,0.34209951758384705,-0.15998852252960205,0.012824803590774536,0.45120880007743835,-0.17613565921783447,0.025287657976150513,0.5295366942882538,-0.18241900205612183,0.08445650339126587,0.12812429666519165,-0.12707087397575378,0.09723293781280518,0.3506567180156708,-0.1615944504737854,0.09981799125671387,0.47860148549079895,-0.16646386682987213,0.10143327713012695,0.5621616542339325,-0.17121344804763794,0.15762090682983398,0.12344393134117126,-0.12775124609470367,0.15801984071731567,0.33945539593696594,-0.15537278354167938,0.13906028866767883,0.3674010932445526,-0.14041441679000854,0.1283363699913025,0.3499320447444916,-0.12572196125984192,0.22053951025009155,0.13845250010490417,-0.12775631248950958,0.1993425488471985,0.3065004050731659,-0.14824940264225006,0.17478683590888977,0.3239065110683441,-0.1335945874452591,0.15920302271842957,0.3029409348964691,-0.11834356933832169
N,0.1498551368713379,0.0,3.352536452894128e-07,0.06809985637664795,0.07215851545333862,-0.017285553738474846,0.025534451007843018,0.19318556785583496,-0.04620591923594475,0.03354385495185852,0.3085082173347473,-0.06922350823879242,0.05935579538345337,0.3901243507862091,-0.09508366137742996,0.009633958339691162,0.1516631841659546,-0.11260289698839188,0.0,0.3388220965862274,-0.14996345341205597,0.012439966201782227,0.4473753273487091,-0.16473239660263062,0.024647891521453857,0.5256385505199432,-0.1703099012374878,0.08555996417999268,0.13197341561317444,-0.11905993521213531,0.09816908836364746,0.3532399833202362,-0.15231645107269287,0.10099613666534424,0.47848448157310486,-0.15728256106376648,0.10266214609146118,0.5606550872325897,-0.16192090511322021,0.15674391388893127,0.13124766945838928,-0.11991404742002487,0.1571647822856903,0.3433143198490143,-0.1479492485523224,0.1376188099384308,0.359024316072464,-0.13391181826591492,0.12751546502113342,0.3319280445575714,-0.11920938640832901,0.2169954776763916,0.14867770671844482,-0.1200513169169426,0.1940455138683319,0.31250879168510437,-0.14098042249679565,0.16751259565353394,0.32362791895866394,-0.12748010456562042,0.15095821022987366,0.2988167107105255,-0.11280257999897003
N,0.14661353826522827,0.0,3.593608539631532e-07,0.06149885058403015,0.07262025773525238,-0.018930161371827126,0.018884390592575073,0.1965489536523819,-0.049710728228092194,0.027810603380203247,0.3117414861917496,-0.07379768043756485,0.055355966091156006,0.39152608811855316,-0.10101788491010666,0.009219855070114136,0.15443305671215057,-0.12020811438560486,0.0,0.3423200100660324,-0.15909133851528168,0.01149788498878479,0.4525994509458542,-0.1742555797100067,0.022578924894332886,0.5326268523931503,-0.17978402972221375,0.08702746033668518,0.1338547021150589,-0.12551476061344147,0.09966745972633362,0.35586152970790863,-0.16057685017585754,0.10291677713394165,0.48633168637752533,-0.1650361865758896,0.10561394691467285,0.5707782953977585,-0.16889400780200958,0.15952163934707642,0.13373486697673798,-0.12481440603733063,0.15504202246665955,0.3478764742612839,-0.15244176983833313,0.13428416848182678,0.3754102438688278,-0.1370358169078827,0.12348753213882446,0.35622523725032806,-0.12126816809177399,0.22061052918434143,0.15260420739650726,-0.12345892190933228,0.19417229294776917,0.32080690562725067,-0.14226889610290527,0.16686373949050903,0.33998440206050873,-0.1269875019788742,0.14959490299224854,0.31982992589473724,-0.1111099049448967
N,0.142573744058609,0.0,4.20012099766609e-07,0.06042402982711792,0.07486380636692047,-0.017459718510508537,0.02195146679878235,0.1993294507265091,-0.04715913161635399,0.03191611170768738,0.3125147074460983,-0.07053305953741074,0.057898879051208496,0.3954857140779495,-0.0969684049487114,0.009636729955673218,0.16081897914409637,-0.11688610166311264,0.0,0.34921886026859283,-0.15379823744297028,0.011493951082229614,0.4573669582605362,-0.16745860874652863,0.022395282983779907,0.5349862724542618,-0.1720748245716095,0.08681339025497437,0.13846029341220856,-0.12321369349956512,0.09928590059280396,0.3595367819070816,-0.15688607096672058,0.10109630227088928,0.4856836348772049,-0.1607973724603653,0.10239112377166748,0.5671935230493546,-0.16426129639148712,0.15932363271713257,0.13500915467739105,-0.12358302623033524,0.15807896852493286,0.35163868963718414,-0.15089812874794006,0.13724398612976074,0.37692882120609283,-0.1357213258743286,0.12683525681495667,0.35598744451999664,-0.12028837203979492,0.22063565254211426,0.14924873411655426,-0.12314637750387192,0.19824546575546265,0.31874652206897736,-0.14266060292720795,0.17101460695266724,0.33529509603977203,-0.12748214602470398,0.15459078550338745,0.3131507486104965,-0.11160332709550858
N,0.14139941334724426,0.0,3.9038835097926494e-07,0.06202220916748047,0.0755968689918518,-0.0168813094496727,0.025273770093917847,0.20316728949546814,-0.047170739620923996,0.03624984622001648,0.3191089630126953,-0.07120303809642792,0.06293889880180359,0.40088391304016113,-0.09806755930185318,0.007049530744552612,0.15961039066314697,-0.1202077865600586,0.0,0.3502219319343567,-0.15708577632904053,0.012121528387069702,0.4580557942390442,-0.1703059822320938,0.02220204472541809,0.5360944271087646,-0.17531661689281464,0.08556666970252991,0.13843241333961487,-0.1273573786020279,0.1022537350654602,0.3665551543235779,-0.1609237641096115,0.10550543665885925,0.491316556930542,-0.16495509445667267,0.10650107264518738,0.5738900899887085,-0.16971765458583832,0.15917152166366577,0.1340775191783905,-0.12800265848636627,0.16074681282043457,0.35292690992355347,-0.1568196415901184,0.13836786150932312,0.35589343309402466,-0.1425773948431015,0.12806212902069092,0.31693035364151,-0.12834899127483368,0.22152045369148254,0.14653286337852478,-0.12761415541172028,0.20051851868629456,0.31543201208114624,-0.1501603126525879,0.17384669184684753,0.3140663504600525,-0.13691280782222748,0.1603524386882782,0.2773606777191162,-0.12291021645069122
N,0.15013793110847473,0.0,3.924859868220665e-07,0.06661751866340637,0.07033516466617584,-0.018425682559609413,0.028397828340530396,0.1985696703195572,-0.048955000936985016,0.03825819492340088,0.3144313246011734,-0.07272166013717651,0.06454828381538391,0.39735616743564606,-0.09925411641597748,0.007228940725326538,0.16083617508411407,-0.12163903564214706,0.0,0.349811390042305,-0.15842396020889282,0.011284470558166504,0.45721371471881866,-0.17172649502754211,0.020460903644561768,0.5360202342271805,-0.17692473530769348,0.08565270900726318,0.14219562709331512,-0.1283327043056488,0.10250595211982727,0.3652321845293045,-0.1621924787759781,0.10725149512290955,0.49294139444828033,-0.16686949133872986,0.10934233665466309,0.5779894143342972,-0.1722528636455536,0.15971189737319946,0.13944785296916962,-0.1286003589630127,0.1584216058254242,0.357534721493721,-0.1568208634853363,0.1366189420223236,0.3670120984315872,-0.14265723526477814,0.127104252576828,0.3314114958047867,-0.12888072431087494,0.2224077582359314,0.15186165273189545,-0.12812761962413788,0.19932356476783752,0.32045356929302216,-0.14990592002868652,0.17202818393707275,0.3236820250749588,-0.13683725893497467,0.15811267495155334,0.2898544818162918,-0.12315104901790619
N,0.14960724115371704,0.0,3.536562189765391e-07,0.06302964687347412,0.07332175970077515,-0.01669437251985073,0.023761987686157227,0.2019067406654358,-0.047692425549030304,0.03610101342201233,0.3164450526237488,-0.07270591706037521,0.0639045238494873,0.3965665102005005,-0.10048770159482956,0.008992165327072144,0.15688490867614746,-0.12191517651081085,0.0,0.34961575269699097,-0.1599159836769104,0.0115261971950531,0.4575873613357544,-0.17370876669883728,0.02197447419166565,0.5351095199584961,-0.1788521558046341,0.08889096975326538,0.13556164503097534,-0.12975452840328217,0.10062241554260254,0.3599954843521118,-0.1646856814622879,0.10257017612457275,0.4878466725349426,-0.16896305978298187,0.10472461581230164,0.5723428726196289,-0.17398406565189362,0.16242581605911255,0.13374406099319458,-0.1310611218214035,0.15710970759391785,0.3546901345252991,-0.15965615212917328,0.13388434052467346,0.3559238314628601,-0.14383049309253693,0.1245281994342804,0.3146617114543915,-0.12865550816059113,0.22361081838607788,0.1487475037574768,-0.13155144453048706,0.19648891687393188,0.31924331188201904,-0.1528783142566681,0.16721642017364502,0.31824612617492676,-0.13854286074638367,0.15225791931152344,0.28079676628112793,-0.12402081489562988
N,0.15341264009475708,0.0,3.751586348244018e-07,0.06678706407546997,0.07091337442398071,-0.018588576465845108,0.025391459465026855,0.20105794072151184,-0.049613915383815765,0.03596016764640808,0.3194994330406189,-0.07409490644931793,0.06405895948410034,0.40384435653686523,-0.10134553164243698,0.00884389877319336,0.16211122274398804,-0.12219766527414322,0.0,0.35610097646713257,-0.16084127128124237,0.011784076690673828,0.4647722840309143,-0.1751614212989807,0.02279946208000183,0.5432464480400085,-0.18048085272312164,0.08818435668945312,0.1429065465927124,-0.12929882109165192,0.10143789649009705,0.3673248887062073,-0.16502338647842407,0.10470682382583618,0.49616390466690063,-0.16981056332588196,0.10646045207977295,0.580912709236145,-0.17446237802505493,0.16237562894821167,0.14214450120925903,-0.13029813766479492,0.15860894322395325,0.36461496353149414,-0.1589978039264679,0.1362241506576538,0.3831276297569275,-0.14397843182086945,0.1244073212146759,0.3560185432434082,-0.12922802567481995,0.22494137287139893,0.15786534547805786,-0.13069197535514832,0.19965016841888428,0.3290342688560486,-0.15217824280261993,0.17070531845092773,0.33899861574172974,-0.13839678466320038,0.15351244807243347,0.31063202023506165,-0.12384769320487976
N,0.15327870845794678,0.0,3.556845342700399e-07,0.06574881076812744,0.0719718188047409,-0.0192280076444149,0.02745145559310913,0.20184816420078278,-0.05107814073562622,0.04021698236465454,0.32008181512355804,-0.07634656131267548,0.0694669783115387,0.40385983884334564,-0.10408277809619904,0.009295940399169922,0.15888117253780365,-0.12375880032777786,0.0,0.3518482893705368,-0.16303516924381256,0.011514544486999512,0.4607497900724411,-0.1780780851840973,0.022172272205352783,0.5405269712209702,-0.18425381183624268,0.08905777335166931,0.14239032566547394,-0.13040606677532196,0.10163372755050659,0.3663461059331894,-0.16662077605724335,0.10496968030929565,0.4956703633069992,-0.17203624546527863,0.10794448852539062,0.5817510336637497,-0.17782211303710938,0.16293567419052124,0.14442817866802216,-0.1308467537164688,0.15726184844970703,0.3645436614751816,-0.15998126566410065,0.13358616828918457,0.3709707111120224,-0.1451198160648346,0.12353533506393433,0.3343964070081711,-0.13086296617984772,0.22424155473709106,0.16188226640224457,-0.13077306747436523,0.1965303122997284,0.3288141340017319,-0.15248164534568787,0.16639190912246704,0.3320230096578598,-0.13932479918003082,0.14998379349708557,0.2997554689645767,-0.12574127316474915
N,0.15152651071548462,0.0,3.716813239407202e-07,0.0636126697063446,0.07303556799888611,-0.018980326130986214,0.022925645112991333,0.20371344685554504,-0.05156293883919716,0.034386903047561646,0.32075265049934387,-0.07743891328573227,0.06609979271888733,0.40196338295936584,-0.10619392991065979,0.007521390914916992,0.16466039419174194,-0.12617038190364838,0.0,0.3562179505825043,-0.1653870940208435,0.012659966945648193,0.46492865681648254,-0.18015292286872864,0.02349454164505005,0.5432745516300201,-0.18612898886203766,0.0868852436542511,0.1448180377483368,-0.13296985626220703,0.10218486189842224,0.3711937367916107,-0.16904689371585846,0.10563033819198608,0.4985677897930145,-0.1732998937368393,0.107892245054245,0.5816153585910797,-0.17821139097213745,0.16102489829063416,0.14346924424171448,-0.1333087980747223,0.1572701334953308,0.3672085702419281,-0.16281750798225403,0.1340298354625702,0.37239858508110046,-0.14698781073093414,0.12374994158744812,0.33269569277763367,-0.13180723786354065,0.222896546125412,0.15769490599632263,-0.13301196694374084,0.19590362906455994,0.3284110128879547,-0.15542267262935638,0.1673119068145752,0.3291102945804596,-0.14141526818275452,0.15236791968345642,0.29230111837387085,-0.12690801918506622
N,0.15284258127212524,0.0,3.596530575578072e-07,0.06625601649284363,0.07175923883914948,-0.01933390647172928,0.026416242122650146,0.20145203173160553,-0.05095382779836655,0.036586761474609375,0.31973297894001007,-0.07579111307859421,0.06366384029388428,0.4030802994966507,-0.10309498012065887,0.00856095552444458,0.16023384034633636,-0.12533476948738098,0.0,0.3542793542146683,-0.16455107927322388,0.01272234320640564,0.4640672951936722,-0.17930757999420166,0.024057716131210327,0.543457105755806,-0.18502575159072876,0.0880337655544281,0.1415921300649643,-0.13150738179683685,0.10141748189926147,0.36826731264591217,-0.16722799837589264,0.10480719804763794,0.4988596588373184,-0.17205525934696198,0.10720735788345337,0.5841282159090042,-0.17727883160114288,0.16170760989189148,0.14166323840618134,-0.13137607276439667,0.15663695335388184,0.36498166620731354,-0.16047078371047974,0.13435575366020203,0.3756255656480789,-0.1458677351474762,0.1248789131641388,0.3391418606042862,-0.1313653141260147,0.22256258130073547,0.1585414558649063,-0.1306091547012329,0.19600659608840942,0.3298644572496414,-0.15258002281188965,0.16763129830360413,0.33628733456134796,-0.13953830301761627,0.15225601196289062,0.3030862361192703,-0.12560084462165833
N,0.1480305790901184,0.0,3.58834938651853e-07,0.060694217681884766,0.0750875174999237,-0.018823731690645218,0.02305436134338379,0.20460370182991028,-0.050853434950113297,0.035902559757232666,0.3202930986881256,-0.07621201127767563,0.06520199775695801,0.3998737633228302,-0.10399075597524643,0.00877845287322998,0.1565471589565277,-0.12448937445878983,0.0,0.34944406151771545,-0.1639687567949295,0.012800842523574829,0.4582041800022125,-0.17878061532974243,0.025337189435958862,0.5357912480831146,-0.1842408925294876,0.08927294611930847,0.13661649823188782,-0.13091711699962616,0.103645920753479,0.3639134466648102,-0.16746558248996735,0.10559791326522827,0.4933658540248871,-0.17201100289821625,0.10809239745140076,0.5766684114933014,-0.17667993903160095,0.16260802745819092,0.1368139088153839,-0.130991593003273,0.15666261315345764,0.36174532771110535,-0.16011716425418854,0.12971407175064087,0.372885137796402,-0.14422841370105743,0.11780226230621338,0.3382914960384369,-0.12876608967781067,0.22263193130493164,0.15391287207603455,-0.1304699033498764,0.19399535655975342,0.3259349763393402,-0.1517033874988556,0.16204136610031128,0.3307768404483795,-0.13710220158100128,0.14447185397148132,0.29775798320770264,-0.12216361612081528
N,0.14765867590904236,0.0,3.7046476109026116e-07,0.06128460168838501,0.07456080615520477,-0.018893824890255928,0.02418312430381775,0.2038240283727646,-0.0505744144320488,0.03546571731567383,0.319453164935112,-0.07562212646007538,0.05960726737976074,0.40196700394153595,-0.10326864570379257,0.007101088762283325,0.16543425619602203,-0.12193121761083603,0.0,0.35168851912021637,-0.16161954402923584,0.01058119535446167,0.45945264399051666,-0.17765450477600098,0.0205000638961792,0.539150670170784,-0.18426106870174408,0.08747756481170654,0.14614538848400116,-0.12851594388484955,0.10208156704902649,0.36738212406635284,-0.16462868452072144,0.10477709770202637,0.49637193977832794,-0.16999009251594543,0.1075562834739685,0.5813925415277481,-0.17541399598121643,0.16121038794517517,0.14382104575634003,-0.12888899445533752,0.15734612941741943,0.36164845526218414,-0.1583016812801361,0.13159024715423584,0.3669261485338211,-0.1431640088558197,0.12079203128814697,0.3276306539773941,-0.12823213636875153,0.22316360473632812,0.1562429815530777,-0.12872295081615448,0.1975594162940979,0.32430805265903473,-0.15089651942253113,0.16728976368904114,0.32367701828479767,-0.1370091587305069,0.15145909786224365,0.2869582325220108,-0.12238705903291702
N,0.1454545259475708,0.0,3.78846237936159e-07,0.06268385052680969,0.072442427277565,-0.01998796872794628,0.02489444613456726,0.2035994678735733,-0.05204793065786362,0.03611937165260315,0.32053686678409576,-0.077527716755867,0.06475076079368591,0.40191860496997833,-0.10560300946235657,0.006562262773513794,0.16186566650867462,-0.12599316239356995,0.0,0.3553963452577591,-0.16490665078163147,0.01153188943862915,0.462862566113472,-0.1790410876274109,0.020919710397720337,0.5418953448534012,-0.18469546735286713,0.0850534439086914,0.14146728813648224,-0.1331622302532196,0.1004365086555481,0.36756105720996857,-0.16958531737327576,0.10599982738494873,0.4952291399240494,-0.1748599112033844,0.10940775275230408,0.5810055285692215,-0.18070413172245026,0.1586829125881195,0.13866396248340607,-0.13402694463729858,0.1578965187072754,0.3624456077814102,-0.16514810919761658,0.1374998688697815,0.3610372096300125,-0.15072746574878693,0.12957024574279785,0.3154651075601578,-0.13621467351913452,0.22124478220939636,0.1520928591489792,-0.13432841002941132,0.19796216487884521,0.3261798173189163,-0.158091202378273,0.17223334312438965,0.3252723962068558,-0.14553070068359375,0.15999248623847961,0.2865973562002182,-0.13212445378303528
N,0.15156280994415283,0.0,3.9432379139725526e-07,0.06778517365455627,0.07460391521453857,-0.018764641135931015,0.028369247913360596,0.2010006606578827,-0.0484774112701416,0.03748434782028198,0.31778842210769653,-0.07106886804103851,0.0614321231842041,0.4006352424621582,-0.09569675475358963,0.009633362293243408,0.16175919771194458,-0.11785449087619781,0.0,0.3523905873298645,-0.15440435707569122,0.011855661869049072,0.46218979358673096,-0.16761192679405212,0.022422850131988525,0.5409606099128723,-0.17205125093460083,0.08890151977539062,0.14260223507881165,-0.12283090502023697,0.10417696833610535,0.36639177799224854,-0.15733855962753296,0.1077495813369751,0.49598950147628784,-0.16140785813331604,0.10878506302833557,0.5804623365402222,-0.16501080989837646,0.16182240843772888,0.14314907789230347,-0.1218099519610405,0.15754687786102295,0.36261171102523804,-0.14927609264850616,0.13381588459014893,0.38921040296554565,-0.13426737487316132,0.12101969122886658,0.36886757612228394,-0.1189228743314743,0.22206562757492065,0.15937316417694092,-0.12015600502490997,0.19590705633163452,0.33056139945983887,-0.13903269171714783,0.16678190231323242,0.34470343589782715,-0.1240868791937828,0.14952689409255981,0.319907009601593,-0.10849630832672119
N,0.14991697669029236,0.0,3.75329477719788e-07,0.06288409233093262,0.07213389873504639,-0.020122606307268143,0.02247682213783264,0.20307955145835876,-0.05272113159298897,0.034453779458999634,0.32022911310195923,-0.07834311574697495,0.06457996368408203,0.40102076530456543,-0.10631966590881348,0.009450554847717285,0.15884387493133545,-0.12700338661670685,0.0,0.3532463312149048,-0.16640764474868774,0.011748701333999634,0.46170175075531006,-0.18097707629203796,0.022171467542648315,0.5407564640045166,-0.18687671422958374,0.08982950448989868,0.1408481001853943,-0.13324251770973206,0.1016143262386322,0.36773186922073364,-0.16953973472118378,0.10504692792892456,0.4950833320617676,-0.1739865094423294,0.1075575053691864,0.5794403553009033,-0.17930231988430023,0.16343653202056885,0.1408495306968689,-0.1331358551979065,0.155374675989151,0.36423563957214355,-0.1632094383239746,0.13131406903266907,0.36343640089035034,-0.14768485724925995,0.12145277857780457,0.31925129890441895,-0.1327873021364212,0.22482317686080933,0.15658330917358398,-0.13251729309558868,0.19554221630096436,0.3268107771873474,-0.1554272621870041,0.16630297899246216,0.324725866317749,-0.1423288881778717,0.1515185534954071,0.28625163435935974,-0.12879934906959534
N,0.1540813446044922,0.0,4.002737625796726e-07,0.06611087918281555,0.0721161812543869,-0.02022773213684559,0.026702553033828735,0.20029549300670624,-0.05274365097284317,0.03593143820762634,0.31554578244686127,-0.07831871509552002,0.06347009539604187,0.39878635108470917,-0.10667192190885544,0.009065598249435425,0.1566748172044754,-0.12675437331199646,0.0,0.34528540074825287,-0.1667335331439972,0.011362522840499878,0.4537157267332077,-0.1821158528327942,0.022204071283340454,0.533805176615715,-0.1883397102355957,0.08920890092849731,0.13802926242351532,-0.13336919248104095,0.10358726978302002,0.3640875667333603,-0.17130360007286072,0.10666102170944214,0.4941056817770004,-0.17703112959861755,0.10865876078605652,0.5796571224927902,-0.1825423538684845,0.16395387053489685,0.13860200345516205,-0.13365347683429718,0.15985062718391418,0.3629978150129318,-0.16482794284820557,0.13570931553840637,0.3725074976682663,-0.15014025568962097,0.12551748752593994,0.33555011451244354,-0.13517816364765167,0.22612717747688293,0.15531150996685028,-0.1333448737859726,0.1995960772037506,0.32758818566799164,-0.15665851533412933,0.1698402464389801,0.330695316195488,-0.14300069212913513,0.1546638309955597,0.2957554906606674,-0.12843966484069824
N,0.15207087993621826,0.0,3.494670295367541e-07,0.06399902701377869,0.07057936489582062,-0.019556449726223946,0.023515760898590088,0.20021475851535797,-0.05143660679459572,0.03420761227607727,0.31665457785129547,-0.07687312364578247,0.06165990233421326,0.3964132219552994,-0.1049150824546814,0.007658481597900391,0.1574242264032364,-0.12355071306228638,0.0,0.35041584074497223,-0.16207672655582428,0.010169625282287598,0.45764268934726715,-0.1764320433139801,0.01867040991783142,0.5363979488611221,-0.18238912522792816,0.08776876330375671,0.14023138582706451,-0.13067445158958435,0.09859642386436462,0.364193394780159,-0.1673930138349533,0.10084691643714905,0.49104155600070953,-0.1727551966905594,0.10337322950363159,0.5742052346467972,-0.17836730182170868,0.16144859790802002,0.1409863978624344,-0.13165313005447388,0.15411651134490967,0.36066867411136627,-0.16315877437591553,0.1308407187461853,0.3568819910287857,-0.14907068014144897,0.12263396382331848,0.3098003417253494,-0.13452889025211334,0.22257131338119507,0.15769238770008087,-0.13200643658638,0.1935437023639679,0.32706041634082794,-0.15640705823898315,0.1652005910873413,0.32183022797107697,-0.144083634018898,0.15189364552497864,0.2806503027677536,-0.13064691424369812
N,0.14616665244102478,0.0,3.5640076134768606e-07,0.06224226951599121,0.07321177423000336,-0.01979350857436657,0.021923840045928955,0.20565159618854523,-0.05302034690976143,0.031809866428375244,0.3248337358236313,-0.08000392466783524,0.060294121503829956,0.4060351103544235,-0.10972344130277634,0.004389047622680664,0.15867666900157928,-0.12710756063461304,0.0,0.3580288738012314,-0.16728031635284424,0.011054366827011108,0.4652175158262253,-0.18238158524036407,0.019903212785720825,0.543429896235466,-0.18880237638950348,0.08463025093078613,0.13883079588413239,-0.13529148697853088,0.09464713931083679,0.36733780801296234,-0.17323394119739532,0.09683153033256531,0.4922134131193161,-0.17862297594547272,0.09864768385887146,0.5755554884672165,-0.18444514274597168,0.15883076190948486,0.13695518672466278,-0.13727816939353943,0.1535661220550537,0.35994701087474823,-0.17035289108753204,0.13365519046783447,0.3521447628736496,-0.15556566417217255,0.12639883160591125,0.3036889284849167,-0.1405790001153946,0.22083836793899536,0.151495561003685,-0.13861608505249023,0.1930927038192749,0.32261984050273895,-0.16411244869232178,0.16791197657585144,0.3150254935026169,-0.1513010412454605,0.15655657649040222,0.2716037780046463,-0.1377430558204651
N,0.14302200078964233,0.0,3.770951764181518e-07,0.05723017454147339,0.07471036911010742,-0.01919390819966793,0.018638014793395996,0.20570895075798035,-0.05077962204813957,0.030852079391479492,0.32289934158325195,-0.07586653530597687,0.058668702840805054,0.40394723415374756,-0.10356517136096954,0.003693491220474243,0.15675172209739685,-0.12340334802865982,0.0,0.35792654752731323,-0.16174660623073578,0.011110305786132812,0.46631187200546265,-0.176080584526062,0.020554333925247192,0.5450373291969299,-0.1816701591014862,0.08471372723579407,0.13762831687927246,-0.13035356998443604,0.09367173910140991,0.3634178638458252,-0.16580282151699066,0.09500592947006226,0.49067920446395874,-0.1705131232738495,0.09710133075714111,0.5745645761489868,-0.17560885846614838,0.15853384137153625,0.1373947262763977,-0.13112586736679077,0.1528739631175995,0.3562261462211609,-0.16024889051914215,0.12823277711868286,0.3594092130661011,-0.1456119269132614,0.11720669269561768,0.3201586604118347,-0.13147641718387604,0.21977561712265015,0.15396356582641602,-0.1313653588294983,0.19337251782417297,0.3213162422180176,-0.15359903872013092,0.16455426812171936,0.31785911321640015,-0.1399502456188202,0.1495964229106903,0.2789894640445709,-0.12608668208122253
N,0.14478063583374023,0.0,3.72361341760552e-07,0.05856099724769592,0.07494376599788666,-0.019645297899842262,0.02034914493560791,0.20859260857105255,-0.05279117822647095,0.03390952944755554,0.32576407492160797,-0.07911548763513565,0.06516522169113159,0.40690626204013824,-0.10842934250831604,0.002411574125289917,0.15806187689304352,-0.13087695837020874,0.0,0.3584529310464859,-0.1711481660604477,0.010771006345748901,0.4677402526140213,-0.18602123856544495,0.019666165113449097,0.5487780719995499,-0.1922396719455719,0.0820838212966919,0.13769026100635529,-0.13876120746135712,0.0941077470779419,0.3667791038751602,-0.17607305943965912,0.09726911783218384,0.4938725382089615,-0.18062210083007812,0.09995314478874207,0.5781408101320267,-0.18592095375061035,0.15621447563171387,0.13571776449680328,-0.14011353254318237,0.15298530459403992,0.35629869997501373,-0.17095133662223816,0.1302221119403839,0.3552783280611038,-0.15591061115264893,0.12017065286636353,0.31125013530254364,-0.14155948162078857,0.21863096952438354,0.15067915618419647,-0.14088654518127441,0.19383502006530762,0.32040072977542877,-0.16472744941711426,0.16639316082000732,0.31634922325611115,-0.15175685286521912,0.1526975929737091,0.2760355621576309,-0.13851036131381989
N,0.14855626225471497,0.0,3.4893722045126196e-07,0.06239497661590576,0.07236348092556,-0.020657850429415703,0.021130800247192383,0.20368431508541107,-0.05400541052222252,0.03006225824356079,0.32185445725917816,-0.08058018982410431,0.0581267774105072,0.40284930169582367,-0.10989923775196075,0.002773374319076538,0.15323106944561005,-0.12899155914783478,0.0,0.35587380826473236,-0.16947348415851593,0.010989785194396973,0.4643184393644333,-0.18489769101142883,0.019736379384994507,0.5432196706533432,-0.19131433963775635,0.08245590329170227,0.13365809619426727,-0.13640742003917694,0.09341713786125183,0.36084501445293427,-0.17386218905448914,0.09633681178092957,0.488812193274498,-0.17896293103694916,0.09872221946716309,0.5731459707021713,-0.18475624918937683,0.15641728043556213,0.13428424298763275,-0.13772504031658173,0.15163585543632507,0.356762632727623,-0.1687668263912201,0.12970635294914246,0.35561607778072357,-0.15379486978054047,0.12049061059951782,0.31093017756938934,-0.1394312083721161,0.21855956315994263,0.15255145728588104,-0.138637512922287,0.19233769178390503,0.3237876147031784,-0.1624329537153244,0.16608008742332458,0.3184503763914108,-0.14929036796092987,0.1535700261592865,0.2763548046350479,-0.1358957588672638
N,0.14453035593032837,0.0,3.3502126939310983e-07,0.057626038789749146,0.07033583521842957,-0.020892851054668427,0.01733216643333435,0.19998109340667725,-0.05462624132633209,0.027959465980529785,0.31920161843299866,-0.08183953911066055,0.05481922626495361,0.4008798897266388,-0.11218365281820297,0.001687854528427124,0.15726718306541443,-0.12890659272670746,0.0,0.35911813378334045,-0.17018543183803558,0.011199951171875,0.4681721031665802,-0.18652582168579102,0.020827949047088623,0.5471003949642181,-0.1933489292860031,0.08121645450592041,0.13754671812057495,-0.1363956481218338,0.08994421362876892,0.3630804717540741,-0.17545846104621887,0.0901070237159729,0.49215075373649597,-0.18194110691547394,0.09083199501037598,0.5778219997882843,-0.1879897266626358,0.15485462546348572,0.13695496320724487,-0.1377520114183426,0.14980661869049072,0.35747286677360535,-0.1706756055355072,0.12754079699516296,0.36105963587760925,-0.15710362792015076,0.11725789308547974,0.3210701644420624,-0.1428833305835724,0.21587154269218445,0.15419426560401917,-0.1385224461555481,0.18829074501991272,0.32401666045188904,-0.16384844481945038,0.16011318564414978,0.32406237721443176,-0.1514614075422287,0.14425519108772278,0.2869701385498047,-0.13792544603347778
N,0.14045220613479614,0.0,3.85187178153501e-07,0.05282723903656006,0.07452404499053955,-0.02117546834051609,0.01442381739616394,0.20643621683120728,-0.05501043424010277,0.028274357318878174,0.32542574405670166,-0.08200310915708542,0.058149635791778564,0.4070361256599426,-0.11211659759283066,0.0,0.15575814247131348,-0.12995189428329468,0.0017209649085998535,0.3596996068954468,-0.17165087163448334,0.012133002281188965,0.4686840772628784,-0.18875066936016083,0.019882529973983765,0.5496114492416382,-0.19633539021015167,0.07952407002449036,0.13696670532226562,-0.13690096139907837,0.08624342083930969,0.3627709746360779,-0.17493297159671783,0.0857132077217102,0.48971349000930786,-0.18104270100593567,0.0847245454788208,0.5759983658790588,-0.18712987005710602,0.15312832593917847,0.13614609837532043,-0.13767825067043304,0.14742010831832886,0.353671133518219,-0.16828389465808868,0.1246684193611145,0.3599326014518738,-0.15385204553604126,0.1124173104763031,0.32425153255462646,-0.13998036086559296,0.21456849575042725,0.15155157446861267,-0.1381317526102066,0.18911492824554443,0.31733226776123047,-0.16101954877376556,0.16203171014785767,0.3188490867614746,-0.14768719673156738,0.14700815081596375,0.2836952209472656,-0.1343439370393753
N,0.1420031487941742,0.0,4.0015555669015157e-07,0.057943254709243774,0.07377073168754578,-0.02134186401963234,0.016570866107940674,0.20050093531608582,-0.055827025324106216,0.02816644310951233,0.3176661431789398,-0.08403659611940384,0.05624416470527649,0.3984174430370331,-0.1153387725353241,0.0,0.14713340997695923,-0.12988191843032837,0.005880624055862427,0.3544975221157074,-0.17239269614219666,0.01787048578262329,0.46394720673561096,-0.1892223358154297,0.026237279176712036,0.5457631051540375,-0.19645756483078003,0.07875579595565796,0.12830963730812073,-0.13852381706237793,0.082038015127182,0.3585433065891266,-0.1778617948293686,0.08177381753921509,0.48616132140159607,-0.18471011519432068,0.08162093162536621,0.5738548338413239,-0.19076508283615112,0.15246346592903137,0.12768223881721497,-0.14116208255290985,0.14844605326652527,0.34951505064964294,-0.17402277886867523,0.12798750400543213,0.3542480766773224,-0.1602899730205536,0.11723670363426208,0.3164149224758148,-0.14600177109241486,0.21485593914985657,0.14458557963371277,-0.1434680074453354,0.19027116894721985,0.31478819251060486,-0.16750767827033997,0.16393569111824036,0.31961068511009216,-0.15443243086338043,0.14956530928611755,0.2870005667209625,-0.14095553755760193
N,0.14270415902137756,0.0,3.570466731162014e-07,0.05839729309082031,0.0692569762468338,-0.02167658880352974,0.016836225986480713,0.1986396461725235,-0.05558756738901138,0.02808094024658203,0.31931932270526886,-0.08287856727838516,0.05533027648925781,0.4006359726190567,-0.11355135589838028,0.0,0.15462292730808258,-0.129008486866951,0.00951838493347168,0.3629431873559952,-0.17000098526477814,0.022666066884994507,0.47148050367832184,-0.1862953156232834,0.030846744775772095,0.5525222569704056,-0.19345149397850037,0.07716989517211914,0.13740180432796478,-0.1368550956249237,0.08058619499206543,0.36376340687274933,-0.17531317472457886,0.07961082458496094,0.4931778460741043,-0.18247485160827637,0.07893463969230652,0.5835522562265396,-0.18861782550811768,0.15117868781089783,0.13754375278949738,-0.13858267664909363,0.14705130457878113,0.35336942970752716,-0.1711912602186203,0.12727662920951843,0.3595840483903885,-0.15859071910381317,0.11594754457473755,0.3257763534784317,-0.14497587084770203,0.2144571840763092,0.15536905825138092,-0.13970325887203217,0.19043853878974915,0.3212386518716812,-0.16433867812156677,0.16416054964065552,0.327328160405159,-0.1521667093038559,0.14834299683570862,0.29797960817813873,-0.1390623301267624
N,0.14285284280776978,0.0,3.880435599512566e-07,0.059547215700149536,0.06909169256687164,-0.023502221331000328,0.017200082540512085,0.19612039625644684,-0.05879838019609451,0.027956634759902954,0.3162904232740402,-0.08731997013092041,0.05595472455024719,0.39583830535411835,-0.11906463652849197,0.0,0.1518939882516861,-0.13140201568603516,0.010869920253753662,0.36201731860637665,-0.17356649041175842,0.024454355239868164,0.4704485386610031,-0.19057123363018036,0.03222912549972534,0.5521970242261887,-0.19844670593738556,0.07806074619293213,0.13381733000278473,-0.13924653828144073,0.08172982931137085,0.36461488902568817,-0.1787032186985016,0.08127248287200928,0.4912925809621811,-0.18615300953388214,0.08016932010650635,0.5783682316541672,-0.19261790812015533,0.15206891298294067,0.1324046403169632,-0.1411830335855484,0.14900898933410645,0.3540457934141159,-0.17563050985336304,0.13228186964988708,0.3582582324743271,-0.16303502023220062,0.12302643060684204,0.3200487941503525,-0.14918407797813416,0.21581414341926575,0.14805643260478973,-0.14276404678821564,0.1943463385105133,0.3158641904592514,-0.16941307485103607,0.1694452166557312,0.32098500430583954,-0.15813058614730835,0.1541650891304016,0.28901611268520355,-0.1455504298210144
N,0.1389492154121399,0.0,3.56663377942823e-07,0.055107831954956055,0.07006819546222687,-0.020827118307352066,0.014198541641235352,0.19919486343860626,-0.05453978106379509,0.025559574365615845,0.32029466331005096,-0.08217715471982956,0.05341365933418274,0.39909492433071136,-0.1129927784204483,0.0,0.15238921344280243,-0.126932293176651,0.010070770978927612,0.3629133552312851,-0.16763269901275635,0.023075908422470093,0.4701415151357651,-0.1839631199836731,0.03131189942359924,0.550407275557518,-0.1915162205696106,0.07769879698753357,0.13688524067401886,-0.1354542076587677,0.07981923222541809,0.36731724441051483,-0.17331217229366302,0.07941672205924988,0.4928635209798813,-0.1798611730337143,0.0806567370891571,0.580765888094902,-0.18616913259029388,0.15113681554794312,0.13642825186252594,-0.1378244310617447,0.14608663320541382,0.35687224566936493,-0.1709153950214386,0.1290304958820343,0.34650640189647675,-0.15680505335330963,0.12274354696273804,0.29783301055431366,-0.14222905039787292,0.21396324038505554,0.15183232724666595,-0.13971860706806183,0.18876007199287415,0.31700001657009125,-0.16525427997112274,0.1640464961528778,0.31034044921398163,-0.15272755920886993,0.15166035294532776,0.2691968232393265,-0.13958480954170227
N,0.13869714736938477,0.0,4.0599783801553713e-07,0.05498725175857544,0.07116679847240448,-0.020690925419330597,0.012906819581985474,0.19783221185207367,-0.053916387259960175,0.023466825485229492,0.3153139799833298,-0.08114068955183029,0.051931560039520264,0.39290814101696014,-0.11184924095869064,0.0,0.14776165783405304,-0.12694360315799713,0.011245399713516235,0.35543225705623627,-0.16733115911483765,0.02392035722732544,0.46332018077373505,-0.18348349630832672,0.03131645917892456,0.544386014342308,-0.1911073476076126,0.0784519612789154,0.1297885626554489,-0.13627955317497253,0.08180031180381775,0.3605991452932358,-0.17361953854560852,0.08018389344215393,0.48593275249004364,-0.18067418038845062,0.0784720778465271,0.5726804584264755,-0.18750673532485962,0.15288347005844116,0.12729887664318085,-0.13941536843776703,0.14965876936912537,0.34978102147579193,-0.17342446744441986,0.13345840573310852,0.3425745218992233,-0.16043168306350708,0.12574553489685059,0.29658375680446625,-0.14679494500160217,0.2169111967086792,0.14060480892658234,-0.14189934730529785,0.19580835103988647,0.3018191307783127,-0.16948968172073364,0.17281514406204224,0.2899516075849533,-0.1574292629957199,0.1614552140235901,0.24480070173740387,-0.1444128006696701
N,0.13959872722625732,0.0,3.8962932080721657e-07,0.058516353368759155,0.06810188293457031,-0.01997474953532219,0.016057074069976807,0.1952628493309021,-0.053624220192432404,0.026508092880249023,0.3137896955013275,-0.08156996965408325,0.05345526337623596,0.39255794882774353,-0.11300134658813477,0.0,0.15126797556877136,-0.12801089882850647,0.01114395260810852,0.36077889800071716,-0.16885270178318024,0.02441549301147461,0.4687318503856659,-0.18451334536075592,0.03241211175918579,0.5500093400478363,-0.19174888730049133,0.07750585675239563,0.13503968715667725,-0.13846297562122345,0.07982465624809265,0.3660707175731659,-0.17712146043777466,0.07947489619255066,0.49163898825645447,-0.18407124280929565,0.08027228713035583,0.5800395905971527,-0.1903265118598938,0.15196192264556885,0.1315106451511383,-0.14249329268932343,0.14800459146499634,0.34462770819664,-0.17780748009681702,0.1325005292892456,0.32881447672843933,-0.16366071999073029,0.126338392496109,0.27855053544044495,-0.14843665063381195,0.2174801230430603,0.1427924633026123,-0.1456921100616455,0.19468462467193604,0.3021169900894165,-0.1726396530866623,0.17111825942993164,0.28838980197906494,-0.1589718461036682,0.15993821620941162,0.24324628710746765,-0.14470310509204865
N,0.13817283511161804,0.0,3.939405530672957e-07,0.056503504514694214,0.06765682995319366,-0.02101598121225834,0.016680628061294556,0.1983984261751175,-0.05516492575407028,0.03029191493988037,0.31802798807621,-0.08375458419322968,0.05929061770439148,0.39465124905109406,-0.11513115465641022,0.0,0.15904630720615387,-0.12526580691337585,0.01106870174407959,0.36956657469272614,-0.16618463397026062,0.02394285798072815,0.4751155525445938,-0.18249432742595673,0.03209301829338074,0.5557857900857925,-0.19077199697494507,0.07755398750305176,0.14432533085346222,-0.1358630359172821,0.07902225852012634,0.37422730028629303,-0.1751812845468521,0.07930755615234375,0.495168998837471,-0.1825455278158188,0.08067506551742554,0.5821986943483353,-0.1894456148147583,0.15143480896949768,0.1405097097158432,-0.14053863286972046,0.14875885844230652,0.35914023220539093,-0.17755499482154846,0.13521626591682434,0.33236612379550934,-0.16275867819786072,0.1302315592765808,0.27480320632457733,-0.1470220535993576,0.21538367867469788,0.1491873413324356,-0.14472296833992004,0.19300636649131775,0.30827681720256805,-0.1742623895406723,0.17189815640449524,0.28616537153720856,-0.16157875955104828,0.16249164938926697,0.23560099303722382,-0.1479218751192093
N,0.13713818788528442,0.0,4.363543553154159e-07,0.05557483434677124,0.07245439291000366,-0.020455384626984596,0.015145987272262573,0.20174339413642883,-0.05355948209762573,0.024925798177719116,0.3203721046447754,-0.08081313222646713,0.049339741468429565,0.4002952575683594,-0.1106850653886795,0.0,0.1620275378227234,-0.12620976567268372,0.00934833288192749,0.3708442449569702,-0.16663414239883423,0.02101975679397583,0.47721314430236816,-0.1822190135717392,0.028544127941131592,0.5588173866271973,-0.1892937421798706,0.07700631022453308,0.1436060667037964,-0.13570499420166016,0.07865983247756958,0.37450510263442993,-0.1740485578775406,0.07711371779441833,0.4969669580459595,-0.1805976778268814,0.0759473443031311,0.582198977470398,-0.18640251457691193,0.15024438500404358,0.1380174458026886,-0.13902415335178375,0.14704328775405884,0.3602631688117981,-0.17276008427143097,0.13181424140930176,0.3507186770439148,-0.1577964425086975,0.12511885166168213,0.3023814558982849,-0.14222630858421326,0.2131151556968689,0.14640513062477112,-0.14186985790729523,0.1916847825050354,0.31195226311683655,-0.16739273071289062,0.16874408721923828,0.30667561292648315,-0.15411162376403809,0.15694567561149597,0.2664754092693329,-0.1401490569114685
N,0.13517117500305176,0.0,4.2897863750113174e-07,0.054326802492141724,0.07207891345024109,-0.020138001069426537,0.014232218265533447,0.2015182375907898,-0.05328982695937157,0.025405198335647583,0.32080337405204773,-0.08055843412876129,0.05150759220123291,0.400103360414505,-0.1106189414858818,0.0,0.1598624289035797,-0.12629972398281097,0.010056853294372559,0.36952444911003113,-0.16696247458457947,0.021390140056610107,0.4760344326496124,-0.1830606460571289,0.029360949993133545,0.5579761564731598,-0.19060653448104858,0.07755768299102783,0.14381468296051025,-0.13585108518600464,0.07797032594680786,0.3749171793460846,-0.17292533814907074,0.07701748609542847,0.4961324632167816,-0.17885681986808777,0.07749950885772705,0.5810444056987762,-0.18479116261005402,0.15104889869689941,0.14057421684265137,-0.1392335444688797,0.14653939008712769,0.36435118317604065,-0.17146068811416626,0.1335110068321228,0.350808709859848,-0.15564623475074768,0.12935855984687805,0.30013003945350647,-0.1403844952583313,0.21431297063827515,0.15088880062103271,-0.14225323498249054,0.19378912448883057,0.3151136338710785,-0.16738750040531158,0.17265582084655762,0.3049989640712738,-0.15394975244998932,0.1628272533416748,0.26258280873298645,-0.14031119644641876
N,0.1351519227027893,0.0,4.833307798435271e-07,0.057505398988723755,0.07424630224704742,-0.019013911485671997,0.023801982402801514,0.21090878546237946,-0.051743876188993454,0.04120877385139465,0.33363325893878937,-0.07890141010284424,0.0685771107673645,0.414308562874794,-0.1089305430650711,0.0,0.17059876024723053,-0.12452148646116257,0.0058307945728302,0.3767827898263931,-0.16553516685962677,0.01617845892906189,0.48347075283527374,-0.181404709815979,0.024124205112457275,0.5664519220590591,-0.1885862648487091,0.0754149854183197,0.15381653606891632,-0.13487054407596588,0.07293912768363953,0.3835767060518265,-0.1740211546421051,0.07224440574645996,0.5068857222795486,-0.18039679527282715,0.07340171933174133,0.5954998284578323,-0.1856134533882141,0.14866256713867188,0.14646534621715546,-0.13880307972431183,0.14689886569976807,0.36867745220661163,-0.17317214608192444,0.1329503357410431,0.35168756544589996,-0.1562814861536026,0.1281445026397705,0.29813171923160553,-0.13891886174678802,0.21382349729537964,0.15134675800800323,-0.14212270081043243,0.1926211714744568,0.31860245764255524,-0.16812489926815033,0.17228251695632935,0.30466900765895844,-0.15300163626670837,0.1637890338897705,0.2569531947374344,-0.1372932642698288
N,0.13841122388839722,0.0,4.972606575393002e-07,0.057081907987594604,0.0730927586555481,-0.019214289262890816,0.018423616886138916,0.20618894696235657,-0.0519297756254673,0.03598359227180481,0.32795947790145874,-0.07928268611431122,0.06717097759246826,0.40770769119262695,-0.1095445305109024,0.0,0.17096075415611267,-0.12253259867429733,0.0060353875160217285,0.3774031400680542,-0.1635896861553192,0.015157610177993774,0.4848058819770813,-0.17993029952049255,0.023025482892990112,0.5683150291442871,-0.18702082335948944,0.07720625400543213,0.15599554777145386,-0.1328297257423401,0.07261854410171509,0.38462066650390625,-0.17108848690986633,0.07114413380622864,0.5089508295059204,-0.17776250839233398,0.07252195477485657,0.5978233814239502,-0.18294303119182587,0.15095779299736023,0.15105074644088745,-0.13700029253959656,0.14767178893089294,0.369994580745697,-0.1703215390443802,0.13406318426132202,0.35888975858688354,-0.15574215352535248,0.1289512813091278,0.3090590238571167,-0.14003437757492065,0.2164192795753479,0.15931934118270874,-0.14060784876346588,0.19599175453186035,0.3256564736366272,-0.16494035720825195,0.1753774881362915,0.31775814294815063,-0.15083952248096466,0.1650717556476593,0.2751581370830536,-0.13607363402843475
N,0.13860389590263367,0.0,4.818729735234228e-07,0.05757501721382141,0.07602670788764954,-0.017675425857305527,0.021200954914093018,0.21277275681495667,-0.05011938884854317,0.041531115770339966,0.3369329869747162,-0.07748274505138397,0.07577890157699585,0.4151594340801239,-0.10765868425369263,0.0,0.17300823330879211,-0.12121802568435669,0.006403177976608276,0.3817605674266815,-0.16225069761276245,0.01588195562362671,0.48960623145103455,-0.1785588413476944,0.024048835039138794,0.5731603801250458,-0.18577678501605988,0.076815664768219,0.15827319025993347,-0.13250812888145447,0.07241791486740112,0.3902619183063507,-0.17094945907592773,0.07096466422080994,0.5136402547359467,-0.17764055728912354,0.07247462868690491,0.6014781892299652,-0.18271927535533905,0.15083962678909302,0.1535656750202179,-0.1374286264181137,0.1471087634563446,0.3770388066768646,-0.1710936278104782,0.13331687450408936,0.36140677332878113,-0.1552255004644394,0.1286712884902954,0.3095145523548126,-0.13851717114448547,0.21686866879463196,0.16117799282073975,-0.14167310297489166,0.19495287537574768,0.32833608984947205,-0.1665460765361786,0.17408159375190735,0.3154457211494446,-0.15137939155101776,0.16494536399841309,0.2702692747116089,-0.13569439947605133
N,0.140849769115448,0.0,4.77599996884237e-07,0.05667206645011902,0.0748516321182251,-0.018669329583644867,0.021185845136642456,0.2131069004535675,-0.05090327560901642,0.045957356691360474,0.3402009606361389,-0.07754871994256973,0.0811772346496582,0.41917991638183594,-0.10662839561700821,0.0,0.16971465945243835,-0.12110681086778641,0.006733685731887817,0.3808192014694214,-0.1612682193517685,0.01570609211921692,0.48887336254119873,-0.1768621802330017,0.023221850395202637,0.5729832649230957,-0.18370302021503448,0.07764777541160583,0.15631207823753357,-0.13110744953155518,0.07393494248390198,0.3894139528274536,-0.1687239408493042,0.07134577631950378,0.5126760005950928,-0.17431418597698212,0.07192566990852356,0.600751519203186,-0.1789296269416809,0.15158388018608093,0.15350252389907837,-0.13490116596221924,0.14783889055252075,0.3788992166519165,-0.166730135679245,0.1310543715953827,0.3651657700538635,-0.15005964040756226,0.12518712878227234,0.3136618435382843,-0.13327202200889587,0.21683448553085327,0.16362285614013672,-0.1382724493741989,0.19474291801452637,0.33474254608154297,-0.1610182672739029,0.1720646619796753,0.32616937160491943,-0.14562954008579254,0.16211509704589844,0.28322461247444153,-0.13041068613529205
N,0.14167913794517517,0.0,4.57847420420876e-07,0.06053248047828674,0.07296326756477356,-0.016781358048319817,0.02456638216972351,0.2135324776172638,-0.04722265526652336,0.04993337392807007,0.3434952199459076,-0.07257617264986038,0.08475741744041443,0.4248828589916229,-0.10031282901763916,0.0,0.17405912280082703,-0.11477925628423691,0.005426377058029175,0.38547030091285706,-0.1522437483072281,0.01474839448928833,0.4937054216861725,-0.16661037504673004,0.022111505270004272,0.5772193968296051,-0.1730308085680008,0.0772629976272583,0.1613079011440277,-0.12537239491939545,0.07156813144683838,0.39294812083244324,-0.16055826842784882,0.06900984048843384,0.5146128237247467,-0.1659097969532013,0.06972000002861023,0.6017003357410431,-0.17056523263454437,0.1514013409614563,0.15833213925361633,-0.12978601455688477,0.14589861035346985,0.38060519099235535,-0.16013680398464203,0.13048991560935974,0.36558637022972107,-0.14365637302398682,0.12570500373840332,0.3146463632583618,-0.12727166712284088,0.21761271357536316,0.16873368620872498,-0.13354232907295227,0.19374558329582214,0.3366336524486542,-0.15528304874897003,0.17251378297805786,0.32544782757759094,-0.1393851488828659,0.1642337143421173,0.2813425660133362,-0.1239655464887619
N,0.14391881227493286,0.0,4.7047970497260394e-07,0.0591849684715271,0.07443451881408691,-0.018042588606476784,0.022254765033721924,0.21067169308662415,-0.05039728805422783,0.04285389184951782,0.3379989564418793,-0.07741991430521011,0.07321706414222717,0.4210834801197052,-0.10710395872592926,0.0,0.1750989854335785,-0.1205408126115799,0.0054718852043151855,0.38597050309181213,-0.16153109073638916,0.01533624529838562,0.4948250353336334,-0.17820025980472565,0.023632824420928955,0.5786749422550201,-0.18564395606517792,0.07740965485572815,0.16219493746757507,-0.1311960220336914,0.0724581778049469,0.3943925201892853,-0.16840876638889313,0.06974995136260986,0.5182818472385406,-0.17452280223369598,0.06995326280593872,0.6046659052371979,-0.17977820336818695,0.15234863758087158,0.15862977504730225,-0.1357560008764267,0.1488012671470642,0.3843565285205841,-0.16691671311855316,0.13288605213165283,0.37325361371040344,-0.15089604258537292,0.12634244561195374,0.32185766100883484,-0.1351272314786911,0.2190190553665161,0.16712433099746704,-0.13987469673156738,0.19891303777694702,0.3377173840999603,-0.16289331018924713,0.17817676067352295,0.3292938768863678,-0.14777228236198425,0.1685694456100464,0.2850354015827179,-0.13270342350006104
N,0.14303869009017944,0.0,4.7349780629701854e-07,0.059106141328811646,0.07524937391281128,-0.017371969297528267,0.02554875612258911,0.2155449092388153,-0.049950506538152695,0.052876174449920654,0.3441522419452667,-0.07733304798603058,0.08661550283432007,0.4257235825061798,-0.1071525514125824,0.0,0.1764739751815796,-0.11916279792785645,0.004811704158782959,0.38723239302635193,-0.15920299291610718,0.013156890869140625,0.4956647455692291,-0.17531518638134003,0.020521551370620728,0.5794300734996796,-0.18264152109622955,0.0776827335357666,0.16288399696350098,-0.12992684543132782,0.07031500339508057,0.3944741189479828,-0.16704434156417847,0.06660985946655273,0.5175754725933075,-0.17279566824436188,0.06739670038223267,0.6051318943500519,-0.1776815801858902,0.1522127389907837,0.15912386775016785,-0.13444839417934418,0.1448046863079071,0.38249245285987854,-0.16518594324588776,0.12771272659301758,0.3699500262737274,-0.1479397863149643,0.12237930297851562,0.3204837739467621,-0.13120463490486145,0.21797198057174683,0.1680610477924347,-0.13849502801895142,0.19236761331558228,0.3351269066333771,-0.1600428819656372,0.16848671436309814,0.32817623019218445,-0.14388102293014526,0.15824657678604126,0.28817638754844666,-0.12841373682022095
N,0.13919731974601746,0.0,4.955926442562486e-07,0.05843031406402588,0.07722610235214233,-0.017599543556571007,0.024838507175445557,0.2148594856262207,-0.05060306563973427,0.04833349585533142,0.3428162932395935,-0.0782933458685875,0.08159953355789185,0.4245750904083252,-0.10837489366531372,0.0,0.17414265871047974,-0.12042643129825592,0.005459964275360107,0.3876941204071045,-0.16186368465423584,0.013921022415161133,0.49732649326324463,-0.17852683365345,0.02176782488822937,0.5821853876113892,-0.18566299974918365,0.07704129815101624,0.15916532278060913,-0.1310398131608963,0.07138848304748535,0.39537012577056885,-0.1693064421415329,0.06753349304199219,0.5178205966949463,-0.1743953675031662,0.06668901443481445,0.6036477088928223,-0.17809633910655975,0.15109074115753174,0.15592655539512634,-0.13555428385734558,0.14385828375816345,0.3817775249481201,-0.16619963943958282,0.12749379873275757,0.3776901364326477,-0.1476646512746811,0.12107819318771362,0.3342980742454529,-0.12951304018497467,0.21672850847244263,0.1666664481163025,-0.13971352577209473,0.19188547134399414,0.3375629782676697,-0.15954630076885223,0.16844558715820312,0.3404236435890198,-0.14188836514949799,0.15722551941871643,0.30831673741340637,-0.12518204748630524
N,0.1395110785961151,0.0,5.036050083617738e-07,0.05648469924926758,0.07786333560943604,-0.018436022102832794,0.025171667337417603,0.21860501170158386,-0.05190032720565796,0.055018723011016846,0.34693771600723267,-0.0796349048614502,0.0913195013999939,0.42692965269088745,-0.10963518172502518,0.0,0.1761622130870819,-0.12283284217119217,0.004454106092453003,0.3892713785171509,-0.16348806023597717,0.012611359357833862,0.49936240911483765,-0.17942944169044495,0.019550174474716187,0.5847047567367554,-0.18650998175144196,0.07807087898254395,0.16239789128303528,-0.1327732801437378,0.07059282064437866,0.3962457776069641,-0.17047247290611267,0.06707879900932312,0.5209424495697021,-0.17587560415267944,0.06677815318107605,0.6098393201828003,-0.18037712574005127,0.1521604061126709,0.15900832414627075,-0.13631348311901093,0.14215397834777832,0.3849620223045349,-0.1664554476737976,0.12448123097419739,0.3775591254234314,-0.14864996075630188,0.11865654587745667,0.33148306608200073,-0.13159476220607758,0.21674004197120667,0.1681818962097168,-0.1394818127155304,0.1908385455608368,0.33779776096343994,-0.15952178835868835,0.16653567552566528,0.3365827798843384,-0.1428881287574768,0.15552911162376404,0.30179348587989807,-0.12728792428970337
N,0.14183372259140015,0.0,5.224029564487864e-07,0.05694544315338135,0.07267478108406067,-0.020370852202177048,0.020092427730560303,0.21165600419044495,-0.05286798253655434,0.03852304816246033,0.33854034543037415,-0.07953117042779922,0.06737375259399414,0.4236765205860138,-0.10822232067584991,0.0,0.1763775646686554,-0.12390017509460449,0.004376798868179321,0.38983502984046936,-0.1659114509820938,0.013074278831481934,0.5001474916934967,-0.1823955476284027,0.020760416984558105,0.5854219496250153,-0.18939948081970215,0.07853415608406067,0.16434428095817566,-0.1335318386554718,0.07175561785697937,0.39888086915016174,-0.1735554188489914,0.06827384233474731,0.5250908434391022,-0.17968913912773132,0.06828677654266357,0.6149342954158783,-0.18400838971138,0.15340977907180786,0.1615663468837738,-0.13707661628723145,0.1448822319507599,0.3856200873851776,-0.17081139981746674,0.12938883900642395,0.3700456917285919,-0.15309064090251923,0.1251373589038849,0.31689080595970154,-0.13491827249526978,0.2191970944404602,0.17034143209457397,-0.14042061567306519,0.19443386793136597,0.33856257796287537,-0.16417957842350006,0.17344292998313904,0.326558381319046,-0.1476466804742813,0.1657087802886963,0.2808948755264282,-0.1309954822063446
N,0.13874679803848267,0.0,5.215826490712061e-07,0.054137974977493286,0.07321992516517639,-0.019246084615588188,0.01585635542869568,0.20991024374961853,-0.05079358071088791,0.03309312462806702,0.33765479922294617,-0.07684613019227982,0.06417843699455261,0.42260822653770447,-0.10492899268865585,0.0,0.1802690327167511,-0.1180504560470581,0.0040146708488464355,0.39147236943244934,-0.15874886512756348,0.011673569679260254,0.5009606182575226,-0.17547063529491425,0.0188693106174469,0.5861155688762665,-0.18301422894001007,0.0775783360004425,0.17098590731620789,-0.12757274508476257,0.07012361288070679,0.40307292342185974,-0.16528737545013428,0.06578385829925537,0.5259505212306976,-0.17113883793354034,0.06535816192626953,0.6137508451938629,-0.1755755990743637,0.151813805103302,0.1682487428188324,-0.1311844438314438,0.14388802647590637,0.39007166028022766,-0.16319186985492706,0.12739086151123047,0.37080058455467224,-0.14507292211055756,0.12192627787590027,0.31720730662345886,-0.12709420919418335,0.2163308560848236,0.175011545419693,-0.13461299240589142,0.1909720003604889,0.33683767914772034,-0.15766598284244537,0.16887569427490234,0.32242146134376526,-0.1410747915506363,0.15981674194335938,0.27915722131729126,-0.12452328205108643
N,0.14176547527313232,0.0,5.359842134566861e-07,0.059489309787750244,0.07553401589393616,-0.018929913640022278,0.027843862771987915,0.217168927192688,-0.05205835402011871,0.05969095230102539,0.3441917598247528,-0.08019597828388214,0.10180589556694031,0.4230176508426666,-0.11070261150598526,0.0,0.18447169661521912,-0.11793562024831772,0.006886512041091919,0.39616844058036804,-0.15872427821159363,0.015967994928359985,0.5045314729213715,-0.17563720047473907,0.023848503828048706,0.5892404615879059,-0.1836787462234497,0.07647746801376343,0.17183151841163635,-0.12898778915405273,0.0721251368522644,0.403459757566452,-0.166857048869133,0.07114505767822266,0.5266008675098419,-0.17369674146175385,0.0732722282409668,0.6162579953670502,-0.17926791310310364,0.15136313438415527,0.16623032093048096,-0.1340884268283844,0.1474396288394928,0.3887281119823456,-0.1665729284286499,0.13529163599014282,0.36633673310279846,-0.1485317349433899,0.13268467783927917,0.31153738498687744,-0.13070005178451538,0.21778073906898499,0.17140692472457886,-0.13891291618347168,0.1960257589817047,0.3379681408405304,-0.16191795468330383,0.17713692784309387,0.3209305703639984,-0.14453242719173431,0.17143842577934265,0.2744636833667755,-0.1276799589395523
N,0.13645291328430176,0.0,5.105163154439651e-07,0.054669469594955444,0.07568725943565369,-0.018412454053759575,0.02158874273300171,0.21676158905029297,-0.05017438530921936,0.042877137660980225,0.3457624018192291,-0.07664543390274048,0.07371076941490173,0.43200793862342834,-0.10506728291511536,0.0,0.1844269037246704,-0.12010280042886734,0.006077408790588379,0.39804086089134216,-0.16180483996868134,0.0143241286277771,0.5074743330478668,-0.17824193835258484,0.022647559642791748,0.5919922888278961,-0.1852504312992096,0.07678517699241638,0.1697595715522766,-0.13027332723140717,0.07182195782661438,0.40483757853507996,-0.16951501369476318,0.06856667995452881,0.5284800827503204,-0.1749032586812973,0.06864112615585327,0.6169895231723785,-0.17870335280895233,0.15086284279823303,0.16411104798316956,-0.13458822667598724,0.1433267593383789,0.3876866400241852,-0.16703581809997559,0.1275331676006317,0.3777516186237335,-0.14870323240756989,0.12204816937446594,0.3307246267795563,-0.13026823103427887,0.216189444065094,0.17076709866523743,-0.13865973055362701,0.18975597620010376,0.33868882060050964,-0.16122771799564362,0.16462203860282898,0.33821985125541687,-0.1455676406621933,0.15220442414283752,0.3048087954521179,-0.12987440824508667
N,0.14438235759735107,0.0,5.454597840071074e-07,0.06006518006324768,0.0754125714302063,-0.01975221000611782,0.026755869388580322,0.21661335229873657,-0.05238549783825874,0.055879145860672,0.34306198358535767,-0.07970773428678513,0.09560364484786987,0.42168235778808594,-0.1091761440038681,0.0,0.18329200148582458,-0.11844362318515778,0.006498903036117554,0.3960517644882202,-0.158950537443161,0.01652151346206665,0.5045554637908936,-0.1757531464099884,0.025180816650390625,0.5896469354629517,-0.1838826835155487,0.07809939980506897,0.17124521732330322,-0.12867100536823273,0.07397541403770447,0.4022696018218994,-0.1660138964653015,0.07281991839408875,0.5249792337417603,-0.17279812693595886,0.07493454217910767,0.613621711730957,-0.17877325415611267,0.1541409194469452,0.16633832454681396,-0.13306789100170135,0.1491853892803192,0.3901381492614746,-0.16459688544273376,0.13613265752792358,0.3700404167175293,-0.14712227880954742,0.13298824429512024,0.31566321849823,-0.1302213966846466,0.22137516736984253,0.17211118340492249,-0.13735857605934143,0.2000666856765747,0.3380591869354248,-0.16047632694244385,0.1802070438861847,0.3234262466430664,-0.14458630979061127,0.1732371747493744,0.27858448028564453,-0.12902197241783142
N,0.14424964785575867,0.0,5.06773574215913e-07,0.058849483728408813,0.07601085305213928,-0.02006409876048565,0.0241566002368927,0.2165846824645996,-0.054792094975709915,0.048833876848220825,0.34588608145713806,-0.08359599858522415,0.08597654104232788,0.4303208291530609,-0.1146223247051239,0.0,0.17958146333694458,-0.12714500725269318,0.007232338190078735,0.39756205677986145,-0.17035362124443054,0.016410410404205322,0.5096504390239716,-0.1884767860174179,0.024415910243988037,0.595773309469223,-0.19710470736026764,0.07878178358078003,0.16767504811286926,-0.13726259768009186,0.07437115907669067,0.4038764536380768,-0.1781066209077835,0.0720227062702179,0.5305966436862946,-0.18509836494922638,0.07269477844238281,0.6187245547771454,-0.1907094419002533,0.15468165278434753,0.165414959192276,-0.14107415080070496,0.14423653483390808,0.3973229229450226,-0.17380817234516144,0.12787532806396484,0.3899964988231659,-0.15601220726966858,0.12303709983825684,0.3409610092639923,-0.13891704380512238,0.22085773944854736,0.17561200261116028,-0.14465956389904022,0.19368761777877808,0.3478732407093048,-0.16780471801757812,0.17043763399124146,0.342438668012619,-0.15167060494422913,0.16083180904388428,0.30137279629707336,-0.13595826923847198
N,0.14405426383018494,0.0,4.948474838784023e-07,0.05676847696304321,0.07570230960845947,-0.01968156360089779,0.021657794713974,0.2155413031578064,-0.05383312702178955,0.04654303193092346,0.34441113471984863,-0.08190114051103592,0.08416345715522766,0.42748111486434937,-0.11215728521347046,0.0,0.1772879958152771,-0.12737466394901276,0.006945610046386719,0.3950541019439697,-0.16955456137657166,0.015663206577301025,0.5072608590126038,-0.18653833866119385,0.023109525442123413,0.5937825441360474,-0.19437551498413086,0.07923981547355652,0.16599947214126587,-0.1368195116519928,0.07488694787025452,0.40234190225601196,-0.17667359113693237,0.07125118374824524,0.5282559394836426,-0.1823265552520752,0.07075554132461548,0.616301953792572,-0.186958909034729,0.15430817008018494,0.16492235660552979,-0.1398058831691742,0.14370357990264893,0.394667387008667,-0.17109918594360352,0.1243567168712616,0.38624489307403564,-0.15279559791088104,0.11764127016067505,0.33702999353408813,-0.135469451546669,0.21897980570793152,0.17578521370887756,-0.14258459210395813,0.19154492020606995,0.34699535369873047,-0.16414843499660492,0.16619008779525757,0.3422982096672058,-0.14774638414382935,0.15500187873840332,0.30221307277679443,-0.13210444152355194
N,0.1422554850578308,0.0,5.060832108938484e-07,0.058499157428741455,0.07823312282562256,-0.016772551462054253,0.023203551769256592,0.21650752425193787,-0.04869164526462555,0.04662978649139404,0.3436392545700073,-0.07574743032455444,0.08023509383201599,0.4261474609375,-0.10543269664049149,0.0,0.1833806037902832,-0.11751601845026016,0.006637990474700928,0.39586132764816284,-0.15786127746105194,0.01522761583328247,0.5067812204360962,-0.17447207868099213,0.023114442825317383,0.5941190123558044,-0.1820533573627472,0.0769193172454834,0.1687244474887848,-0.12878261506557465,0.07151332497596741,0.40188246965408325,-0.16634345054626465,0.06905379891395569,0.5263695120811462,-0.17253457009792328,0.06983432173728943,0.615099310874939,-0.17727813124656677,0.1519087553024292,0.1637093722820282,-0.1338338553905487,0.14759987592697144,0.38729041814804077,-0.16400234401226044,0.13175705075263977,0.3800569772720337,-0.14637088775634766,0.12520432472229004,0.33451205492019653,-0.12916161119937897,0.21876555681228638,0.17171043157577515,-0.13846226036548615,0.19715064764022827,0.3412051796913147,-0.15835373103618622,0.17540401220321655,0.3373895287513733,-0.14071570336818695,0.16516607999801636,0.299328088760376,-0.12400078773498535
N,0.1470101773738861,0.0,4.904183583676058e-07,0.06156262755393982,0.07680514454841614,-0.01719598099589348,0.025178343057632446,0.2162218689918518,-0.048855315893888474,0.04860496520996094,0.34554627537727356,-0.07541871070861816,0.08234265446662903,0.43058398365974426,-0.10440196096897125,0.0,0.18544337153434753,-0.11746188253164291,0.007294386625289917,0.3981795012950897,-0.1580004096031189,0.016332179307937622,0.5087325870990753,-0.17443425953388214,0.02457478642463684,0.5948224365711212,-0.18169735372066498,0.07699915766716003,0.17312225699424744,-0.12808427214622498,0.07334747910499573,0.40616026520729065,-0.16612033545970917,0.07145550847053528,0.5308218896389008,-0.17224346101284027,0.07215610146522522,0.6195146143436432,-0.1767081916332245,0.15212953090667725,0.1697157323360443,-0.13264942169189453,0.1464918851852417,0.39262154698371887,-0.16270819306373596,0.13136044144630432,0.387727290391922,-0.14550341665744781,0.12529772520065308,0.34409186244010925,-0.1285046637058258,0.21898117661476135,0.17880019545555115,-0.1368190497159958,0.19618985056877136,0.3487280309200287,-0.1564994752407074,0.17326441407203674,0.349425345659256,-0.139971062541008,0.1615375578403473,0.3158319890499115,-0.12404440343379974
N,0.14178812503814697,0.0,4.796199846168747e-07,0.057107508182525635,0.07836607098579407,-0.018618937581777573,0.023386508226394653,0.22271433472633362,-0.05206374451518059,0.04788243770599365,0.35445636510849,-0.07981646806001663,0.08544966578483582,0.43978822231292725,-0.11009814590215683,0.0,0.18253746628761292,-0.12313394248485565,0.007859677076339722,0.39863455295562744,-0.16478708386421204,0.016395866870880127,0.51149582862854,-0.18201516568660736,0.02418413758277893,0.5990758538246155,-0.1899108737707138,0.07903006672859192,0.16875100135803223,-0.13372363150119781,0.07415327429771423,0.4060686230659485,-0.1723518818616867,0.07141587138175964,0.5324683785438538,-0.17799445986747742,0.07227712869644165,0.6197043061256409,-0.18257899582386017,0.15491342544555664,0.16644924879074097,-0.13803136348724365,0.14592167735099792,0.3995788097381592,-0.16880032420158386,0.12883630394935608,0.3963845372200012,-0.15037356317043304,0.12332597374916077,0.3499934673309326,-0.13286229968070984,0.2219754457473755,0.1772651970386505,-0.14211024343967438,0.1963653564453125,0.35482996702194214,-0.16296598315238953,0.17256858944892883,0.3545970320701599,-0.14562201499938965,0.16234079003334045,0.31599026918411255,-0.129239022731781
N,0.14107942581176758,0.0,5.211731490817328e-07,0.05655103921890259,0.07650050520896912,-0.019855357706546783,0.02086085081100464,0.21734455227851868,-0.05276181548833847,0.04069271683692932,0.3460630476474762,-0.08001373708248138,0.07275065779685974,0.4329063594341278,-0.10961554944515228,0.0,0.1817747950553894,-0.12267415970563889,0.006859421730041504,0.39756855368614197,-0.16496676206588745,0.01571062207221985,0.50904181599617,-0.1822403371334076,0.02414005994796753,0.594774454832077,-0.18964050710201263,0.07878968119621277,0.1678018867969513,-0.1327354609966278,0.07419449090957642,0.40433117747306824,-0.17215438187122345,0.0716138482093811,0.5300084054470062,-0.1784488707780838,0.07235753536224365,0.6170140206813812,-0.18294472992420197,0.15477389097213745,0.1640905737876892,-0.13688793778419495,0.14574146270751953,0.39565667510032654,-0.16900873184204102,0.13081789016723633,0.3946833312511444,-0.1517355889081955,0.12656179070472717,0.3507944643497467,-0.1343853920698166,0.2217206358909607,0.17375096678733826,-0.14084728062152863,0.19760102033615112,0.35079488158226013,-0.1631951481103897,0.17470970749855042,0.3528110682964325,-0.1470748633146286,0.16450393199920654,0.317329078912735,-0.13096360862255096
N,0.13861998915672302,0.0,5.064569563728583e-07,0.05419015884399414,0.0768747627735138,-0.01954873651266098,0.018641799688339233,0.2166350781917572,-0.05194495990872383,0.03891649842262268,0.3458862006664276,-0.07845690846443176,0.07214432954788208,0.43198105692863464,-0.10692349821329117,0.0,0.1832987666130066,-0.12213100492954254,0.0067931413650512695,0.39978960156440735,-0.16345836222171783,0.016101837158203125,0.5113135278224945,-0.17942950129508972,0.024653702974319458,0.5964997112751007,-0.18614065647125244,0.07855752110481262,0.17104101181030273,-0.13164201378822327,0.07496830821037292,0.4083944261074066,-0.17036154866218567,0.07282018661499023,0.5327129662036896,-0.1756916344165802,0.07341939210891724,0.6188232004642487,-0.17955473065376282,0.15361881256103516,0.16761866211891174,-0.1352134644985199,0.14521464705467224,0.3955591022968292,-0.16642795503139496,0.12737643718719482,0.39116206765174866,-0.14897994697093964,0.12035804986953735,0.3461136519908905,-0.13178004324436188,0.21921569108963013,0.17665085196495056,-0.13857990503311157,0.19414472579956055,0.34917256236076355,-0.1601211428642273,0.16867446899414062,0.3497808873653412,-0.14445263147354126,0.1558542549610138,0.315187007188797,-0.12902028858661652
N,0.1412937343120575,0.0,5.170813892618753e-07,0.055810362100601196,0.07610687613487244,-0.020072219893336296,0.02137473225593567,0.2167108952999115,-0.05252736434340477,0.04506400227546692,0.34593185782432556,-0.07927537709474564,0.07954370975494385,0.4314270317554474,-0.10783995687961578,0.0,0.1838010847568512,-0.12099206447601318,0.007509559392929077,0.399054616689682,-0.162535160779953,0.016611069440841675,0.5095422565937042,-0.17880550026893616,0.025202900171279907,0.5943809449672699,-0.1857054978609085,0.07817977666854858,0.17117539048194885,-0.13063004612922668,0.07477274537086487,0.4075089991092682,-0.16958342492580414,0.07285088300704956,0.5313786566257477,-0.1752154380083084,0.07436421513557434,0.6179299652576447,-0.179314985871315,0.1530827283859253,0.16709646582603455,-0.13450707495212555,0.14565619826316833,0.39474013447761536,-0.16638119518756866,0.12852022051811218,0.3845385015010834,-0.14851614832878113,0.12305045127868652,0.33518335223197937,-0.13077588379383087,0.21882835030555725,0.17519739270210266,-0.13829673826694489,0.19444599747657776,0.34866026043891907,-0.16028672456741333,0.17039591073989868,0.34324464201927185,-0.14411507546901703,0.16034537553787231,0.30349209904670715,-0.12818828225135803
N,0.1444551646709442,0.0,5.147734327692888e-07,0.05828678607940674,0.07507768273353577,-0.022173931822180748,0.021100401878356934,0.21548402309417725,-0.05485783517360687,0.038463592529296875,0.3441544473171234,-0.08098310977220535,0.06775033473968506,0.4308171570301056,-0.1089242473244667,0.0,0.18403396010398865,-0.12491805851459503,0.008282601833343506,0.39870384335517883,-0.16628704965114594,0.017822623252868652,0.5094657838344574,-0.1824321150779724,0.026021748781204224,0.5948658287525177,-0.1894313097000122,0.07880976796150208,0.17168346047401428,-0.13295574486255646,0.07639420032501221,0.406231552362442,-0.17260156571865082,0.07396477460861206,0.5313986837863922,-0.17872393131256104,0.073945552110672,0.6196504533290863,-0.18312884867191315,0.15457534790039062,0.16836729645729065,-0.13506940007209778,0.14873743057250977,0.3954104483127594,-0.16804547607898712,0.13121774792671204,0.3887767493724823,-0.15143372118473053,0.12431895732879639,0.34167662262916565,-0.13448567688465118,0.2203226387500763,0.17673635482788086,-0.1370939165353775,0.1956600844860077,0.3457113802433014,-0.1609336882829666,0.17139989137649536,0.341315895318985,-0.14608745276927948,0.15961697697639465,0.30236735939979553,-0.1307878941297531
N,0.14361834526062012,0.0,5.099479380987759e-07,0.058465659618377686,0.07571583986282349,-0.021860431879758835,0.021821200847625732,0.21618497371673584,-0.054847601801157,0.03918415307998657,0.3462834358215332,-0.08128050714731216,0.06847643852233887,0.43400222063064575,-0.1096763089299202,0.0,0.18215954303741455,-0.12517540156841278,0.007614493370056152,0.3984782099723816,-0.16696548461914062,0.01721930503845215,0.5096783638000488,-0.18338239192962646,0.025748789310455322,0.5949607491493225,-0.1903468519449234,0.07886236906051636,0.16962674260139465,-0.1332862228155136,0.0754631757736206,0.40605872869491577,-0.1732572317123413,0.07342204451560974,0.5315528512001038,-0.17925181984901428,0.07409551739692688,0.6189841628074646,-0.18338672816753387,0.15488794445991516,0.16732829809188843,-0.13547451794147491,0.14852827787399292,0.3963494896888733,-0.1684080958366394,0.1322479248046875,0.3940476179122925,-0.15155823528766632,0.12627196311950684,0.34998583793640137,-0.13435253500938416,0.22125548124313354,0.17770811915397644,-0.13752280175685883,0.1966170072555542,0.34928232431411743,-0.1608952432870865,0.17290577292442322,0.34870076179504395,-0.14567716419696808,0.1611398458480835,0.3126317262649536,-0.13009507954120636
N,0.1422971785068512,0.0,4.868894052378892e-07,0.05712351202964783,0.07704803347587585,-0.020095814019441605,0.021176308393478394,0.21682342886924744,-0.05169644206762314,0.042199134826660156,0.3462839424610138,-0.0775989443063736,0.07448303699493408,0.43223127722740173,-0.10573848336935043,0.0,0.18300798535346985,-0.11869274824857712,0.008970439434051514,0.39697787165641785,-0.1602504700422287,0.017766952514648438,0.5086015164852142,-0.17722687125205994,0.025387346744537354,0.5951322019100189,-0.18450501561164856,0.0779273509979248,0.17125844955444336,-0.12798373401165009,0.07540163397789001,0.40587785840034485,-0.1667981594800949,0.0738929808139801,0.5320115983486176,-0.17354163527488708,0.0745002031326294,0.6198645532131195,-0.17807382345199585,0.15279313921928406,0.16928955912590027,-0.13174942135810852,0.14980801939964294,0.39588937163352966,-0.1633979231119156,0.13522067666053772,0.3997451961040497,-0.14841417968273163,0.12847024202346802,0.360185831785202,-0.1324019432067871,0.2186509370803833,0.1802367866039276,-0.13538554310798645,0.19848668575286865,0.35452893376350403,-0.15694169700145721,0.1744895577430725,0.3640613257884979,-0.14274892210960388,0.1602054238319397,0.33565935492515564,-0.1280917227268219
N,0.14155960083007812,0.0,4.927671284349344e-07,0.05767473578453064,0.0756373405456543,-0.020374415442347527,0.02167344093322754,0.21526303887367249,-0.05252321437001228,0.04146280884742737,0.3448634743690491,-0.07896120101213455,0.0731530487537384,0.43152010440826416,-0.10755245387554169,0.0,0.18284201622009277,-0.12065201997756958,0.008058100938796997,0.39734357595443726,-0.16305169463157654,0.017874032258987427,0.5083832144737244,-0.18014419078826904,0.026502788066864014,0.5942002534866333,-0.18749947845935822,0.07749482989311218,0.171493798494339,-0.13029329478740692,0.07583698630332947,0.4062502384185791,-0.17037002742290497,0.07516276836395264,0.5322917699813843,-0.17740532755851746,0.07600626349449158,0.6209597587585449,-0.18209385871887207,0.15232732892036438,0.16926142573356628,-0.13439711928367615,0.14599034190177917,0.39496946334838867,-0.1670980006456375,0.13112547993659973,0.39629989862442017,-0.15179066359996796,0.12492960691452026,0.3553980588912964,-0.13550086319446564,0.21843206882476807,0.18009325861930847,-0.13838905096054077,0.19538134336471558,0.35289281606674194,-0.1606527864933014,0.17165860533714294,0.3607024550437927,-0.14658266305923462,0.15891072154045105,0.3324428200721741,-0.13203096389770508
N,0.13976535201072693,0.0,5.007720460525888e-07,0.053761839866638184,0.07499328255653381,-0.02013538032770157,0.016921013593673706,0.21331822872161865,-0.0529676154255867,0.03392001986503601,0.3390001952648163,-0.07999929040670395,0.06399810314178467,0.42458632588386536,-0.1093008741736412,0.0,0.1796385943889618,-0.12524880468845367,0.007760167121887207,0.3940456211566925,-0.16785041987895966,0.01681584119796753,0.5048374831676483,-0.18512438237667084,0.025275856256484985,0.591038316488266,-0.192816823720932,0.07816678285598755,0.1664370894432068,-0.13500617444515228,0.07413771748542786,0.4022084176540375,-0.17410767078399658,0.07200554013252258,0.5271821916103363,-0.18002741038799286,0.07323768734931946,0.6156239211559296,-0.1847659945487976,0.1533432900905609,0.1619240641593933,-0.13867148756980896,0.14787140488624573,0.3889078199863434,-0.1705516278743744,0.1332649290561676,0.3768579661846161,-0.15248197317123413,0.12871003150939941,0.32576557993888855,-0.13493411242961884,0.21918702125549316,0.16861608624458313,-0.1422574520111084,0.19695907831192017,0.33974137902259827,-0.16479070484638214,0.17518135905265808,0.33354905247688293,-0.14856146275997162,0.1651608943939209,0.29232707619667053,-0.1326306164264679
N,0.13780447840690613,0.0,5.085183829578455e-07,0.05410611629486084,0.07789278030395508,-0.020010050386190414,0.018034815788269043,0.21600082516670227,-0.05223224684596062,0.03538420796394348,0.3415730893611908,-0.07877814024686813,0.06695079803466797,0.42665228247642517,-0.1077648475766182,0.0,0.17786067724227905,-0.12176106125116348,0.009187400341033936,0.39086422324180603,-0.16359993815422058,0.01866769790649414,0.5022757947444916,-0.1808379888534546,0.027179837226867676,0.5882984101772308,-0.18837369978427887,0.07833823561668396,0.16341835260391235,-0.13162361085414886,0.07567620277404785,0.39834359288215637,-0.17032577097415924,0.07407480478286743,0.5239154398441315,-0.17679521441459656,0.07544946670532227,0.6108504235744476,-0.18176573514938354,0.15386658906936646,0.15993475914001465,-0.13565856218338013,0.1486484408378601,0.39055880904197693,-0.16758762300014496,0.13622763752937317,0.3868963420391083,-0.1506146788597107,0.13356396555900574,0.34045401215553284,-0.13363784551620483,0.22026163339614868,0.16993504762649536,-0.1395450085401535,0.19993573427200317,0.346762090921402,-0.16208751499652863,0.17906993627548218,0.34454038739204407,-0.1460617631673813,0.17016535997390747,0.30500224232673645,-0.13009244203567505
N,0.13815701007843018,0.0,5.070358497505367e-07,0.05631837248802185,0.077625572681427,-0.01977449655532837,0.020335525274276733,0.21607598662376404,-0.05184517428278923,0.038162827491760254,0.34250128269195557,-0.07835736125707626,0.07112422585487366,0.42759615182876587,-0.107441745698452,0.0,0.17723959684371948,-0.12186875939369202,0.008708298206329346,0.3899660110473633,-0.16408118605613708,0.01856490969657898,0.5010185837745667,-0.18115177750587463,0.0271378755569458,0.5854758024215698,-0.1883145570755005,0.07761090993881226,0.16255414485931396,-0.13208580017089844,0.07527709007263184,0.3975430130958557,-0.1714581996202469,0.07410001754760742,0.5236736536026001,-0.17820274829864502,0.0750809907913208,0.6102771759033203,-0.1830129474401474,0.1525093913078308,0.1581721305847168,-0.13649360835552216,0.14748510718345642,0.38887572288513184,-0.16948512196540833,0.13483783602714539,0.3861825466156006,-0.15352462232112885,0.13109496235847473,0.3400026559829712,-0.1368345022201538,0.21895945072174072,0.16741377115249634,-0.14061953127384186,0.19887971878051758,0.3449285626411438,-0.16456739604473114,0.17671319842338562,0.3438032865524292,-0.14981262385845184,0.16617673635482788,0.30511343479156494,-0.13439178466796875
N,0.1397058665752411,0.0,4.869618237535178e-07,0.05672633647918701,0.07403352856636047,-0.019875532016158104,0.018959760665893555,0.21057561039924622,-0.051595497876405716,0.03626701235771179,0.3372794985771179,-0.0773896798491478,0.0666588842868805,0.42245399951934814,-0.10555578023195267,0.0,0.17314636707305908,-0.12107603251934052,0.007460266351699829,0.38684582710266113,-0.16219735145568848,0.017088383436203003,0.49673205614089966,-0.178118035197258,0.025629252195358276,0.5800898671150208,-0.18427948653697968,0.07775133848190308,0.15927046537399292,-0.13016965985298157,0.07406195998191833,0.39456045627593994,-0.1684979945421219,0.07249200344085693,0.5190079808235168,-0.1742326021194458,0.07336699962615967,0.6044942140579224,-0.1779928207397461,0.15165022015571594,0.15691113471984863,-0.13348715007305145,0.14392432570457458,0.3833690285682678,-0.16421154141426086,0.12957260012626648,0.38672196865081787,-0.14788734912872314,0.12475523352622986,0.34784823656082153,-0.13120505213737488,0.2161504626274109,0.1690359115600586,-0.13661813735961914,0.1926976442337036,0.3437914252281189,-0.1573151797056198,0.16957291960716248,0.348940372467041,-0.14176923036575317,0.1583186388015747,0.3182082772254944,-0.12624846398830414
N,0.14111241698265076,0.0,4.7576210704391997e-07,0.05752214789390564,0.07352489233016968,-0.01941012032330036,0.019390225410461426,0.21047177910804749,-0.05104094743728638,0.03703126311302185,0.3376656770706177,-0.07678929716348648,0.06763362884521484,0.4233577847480774,-0.10509788244962692,0.0,0.17383742332458496,-0.12114132195711136,0.007378667593002319,0.38704901933670044,-0.16157479584217072,0.017102062702178955,0.4969179630279541,-0.1774032711982727,0.025226354598999023,0.5804616808891296,-0.18394345045089722,0.07775193452835083,0.16025376319885254,-0.13058766722679138,0.07373574376106262,0.3939363956451416,-0.16769365966320038,0.07216525077819824,0.5179839730262756,-0.1733221560716629,0.07358011603355408,0.6031680703163147,-0.17769873142242432,0.15258052945137024,0.1576109230518341,-0.13409553468227386,0.14691892266273499,0.38520389795303345,-0.1641595959663391,0.13383722305297852,0.3836815357208252,-0.1476653665304184,0.1304563581943512,0.3396994471549988,-0.1314314901828766,0.2185540795326233,0.16863274574279785,-0.13734276592731476,0.1975191831588745,0.3429919481277466,-0.1584193855524063,0.17647984623908997,0.342682421207428,-0.14271558821201324,0.16738545894622803,0.30599725246429443,-0.12724994122982025
N,0.14370942115783691,0.0,4.474319439395913e-07,0.06024754047393799,0.07401368021965027,-0.020245317369699478,0.020602822303771973,0.21148771047592163,-0.052410420030355453,0.03413832187652588,0.3371874690055847,-0.07876689732074738,0.061411499977111816,0.4227321147918701,-0.10755971074104309,0.0,0.1730824112892151,-0.12396001815795898,0.008234560489654541,0.3855186700820923,-0.16591764986515045,0.017802387475967407,0.4952314496040344,-0.18263567984104156,0.02631935477256775,0.5799944400787354,-0.19004316627979279,0.07718491554260254,0.1595754325389862,-0.13401702046394348,0.07343021035194397,0.3939618468284607,-0.1730460524559021,0.07269570231437683,0.5175880193710327,-0.17955906689167023,0.07466331124305725,0.6051657199859619,-0.18463486433029175,0.15213987231254578,0.15644347667694092,-0.13815061748027802,0.1470300853252411,0.38288718461990356,-0.17146152257919312,0.13507717847824097,0.3712254762649536,-0.1549711376428604,0.13196945190429688,0.3218521475791931,-0.13821984827518463,0.218147873878479,0.16568395495414734,-0.14203068614006042,0.1944764256477356,0.3349289894104004,-0.16667865216732025,0.1735173463821411,0.32874298095703125,-0.15210376679897308,0.16407307982444763,0.2897721529006958,-0.13705815374851227
N,0.14155620336532593,0.0,4.376933588901011e-07,0.057975172996520996,0.07272201776504517,-0.0183976199477911,0.01839539408683777,0.20713844895362854,-0.048841122537851334,0.031959086656570435,0.3326844573020935,-0.07394815236330032,0.05854463577270508,0.41779404878616333,-0.10140302777290344,0.0,0.17505046725273132,-0.11682074517011642,0.008205235004425049,0.38538891077041626,-0.15704002976417542,0.017519623041152954,0.4944281578063965,-0.17367807030677795,0.025234848260879517,0.5793004631996155,-0.1814315766096115,0.07707715034484863,0.16403913497924805,-0.1267908215522766,0.07354360818862915,0.3951558470726013,-0.16356518864631653,0.07197803258895874,0.5175679326057434,-0.1702737659215927,0.07240930199623108,0.6054662466049194,-0.1756756454706192,0.1514315903186798,0.16084575653076172,-0.13091778755187988,0.1475764811038971,0.37721115350723267,-0.1627238541841507,0.13385918736457825,0.36333316564559937,-0.14698073267936707,0.1278294026851654,0.3152307868003845,-0.1309969574213028,0.21717891097068787,0.16781580448150635,-0.13467705249786377,0.195247620344162,0.32399386167526245,-0.15799111127853394,0.17378279566764832,0.3151904344558716,-0.14342372119426727,0.16213169693946838,0.27703607082366943,-0.12865114212036133
N,0.13935649394989014,0.0,4.771803219227877e-07,0.056888580322265625,0.07532995939254761,-0.019567260518670082,0.018786132335662842,0.21095702052116394,-0.051368579268455505,0.035220324993133545,0.3372448682785034,-0.07757216691970825,0.06550219655036926,0.4213777184486389,-0.1062309518456459,0.0,0.17643094062805176,-0.11927670985460281,0.006706446409225464,0.3867548704147339,-0.1596447080373764,0.015962660312652588,0.4972182512283325,-0.17625775933265686,0.02328413724899292,0.5826728343963623,-0.18396557867527008,0.07813370227813721,0.16281694173812866,-0.12895312905311584,0.07393854856491089,0.3943515419960022,-0.16607773303985596,0.0722535252571106,0.5178258419036865,-0.17248837649822235,0.07227325439453125,0.6055124998092651,-0.17764858901500702,0.15271025896072388,0.15757369995117188,-0.13271956145763397,0.14792978763580322,0.37925583124160767,-0.1644747108221054,0.13293898105621338,0.36731386184692383,-0.1482856273651123,0.1266186237335205,0.3181830644607544,-0.1319403350353241,0.2179337441921234,0.16354680061340332,-0.13616642355918884,0.19609877467155457,0.32707303762435913,-0.15902245044708252,0.17454853653907776,0.3176371455192566,-0.1435934603214264,0.16419890522956848,0.2759237289428711,-0.1281501203775406
N,0.1389693319797516,0.0,5.020664843868872e-07,0.05657204985618591,0.0749640166759491,-0.02050241269171238,0.01847386360168457,0.21025341749191284,-0.052128687500953674,0.03245452046394348,0.33656927943229675,-0.07799583673477173,0.05992439389228821,0.4215531647205353,-0.10629115998744965,0.0,0.17676910758018494,-0.12051878124475479,0.006272464990615845,0.3880743682384491,-0.1614302098751068,0.016036897897720337,0.4990944564342499,-0.1779671609401703,0.024243205785751343,0.5841261446475983,-0.18523699045181274,0.07740584015846252,0.16319134831428528,-0.12961570918560028,0.07347455620765686,0.39516642689704895,-0.1674119085073471,0.0726657509803772,0.5194173157215118,-0.1736096292734146,0.07369127869606018,0.6065137684345245,-0.17824791371822357,0.1520315408706665,0.15773355960845947,-0.13293994963169098,0.148365318775177,0.37949076294898987,-0.16525030136108398,0.13488328456878662,0.36962947249412537,-0.14905957877635956,0.1296585500240326,0.320724219083786,-0.13235802948474884,0.21766188740730286,0.1641894280910492,-0.1359976828098297,0.1974334418773651,0.32942619919776917,-0.15926851332187653,0.17679131031036377,0.3206447660923004,-0.1438615620136261,0.16707220673561096,0.2786186635494232,-0.12811051309108734
N,0.1402958631515503,0.0,4.913704856335244e-07,0.05912280082702637,0.0760154128074646,-0.01868147775530815,0.025303900241851807,0.2123664915561676,-0.049602922052145004,0.046799689531326294,0.3383426070213318,-0.07508416473865509,0.07748523354530334,0.4207500219345093,-0.1024237647652626,0.0,0.178751140832901,-0.11670877039432526,0.007458478212356567,0.3918003439903259,-0.15655846893787384,0.017392754554748535,0.5018704533576965,-0.17266422510147095,0.026242971420288086,0.5878334045410156,-0.17986689507961273,0.07662129402160645,0.16670602560043335,-0.1262018084526062,0.07342368364334106,0.399131178855896,-0.16342854499816895,0.07251530885696411,0.5235721468925476,-0.16993053257465363,0.07460805773735046,0.6128836274147034,-0.17489922046661377,0.15081775188446045,0.16341611742973328,-0.1298062950372696,0.14758533239364624,0.3823893666267395,-0.16119234263896942,0.13371670246124268,0.37001466751098633,-0.14479032158851624,0.12886136770248413,0.32080554962158203,-0.127924844622612,0.21708178520202637,0.17271241545677185,-0.13307900726795197,0.19589120149612427,0.3370434641838074,-0.15524005889892578,0.17483434081077576,0.32972317934036255,-0.13979250192642212,0.1647881269454956,0.2901613712310791,-0.12424853444099426
N,0.14122673869132996,0.0,4.932541628477338e-07,0.06041997671127319,0.07658430933952332,-0.018948378041386604,0.027130067348480225,0.21258413791656494,-0.050511833280324936,0.04959368705749512,0.33903563022613525,-0.07657699286937714,0.07947295904159546,0.422652006149292,-0.10434400290250778,0.0,0.17719388008117676,-0.11738045513629913,0.006998777389526367,0.39222317934036255,-0.15777094662189484,0.01663041114807129,0.5028164386749268,-0.17411865293979645,0.025325477123260498,0.5890961289405823,-0.18139205873012543,0.07709085941314697,0.1651936173439026,-0.12680938839912415,0.0733678936958313,0.4000125527381897,-0.16480496525764465,0.07212024927139282,0.5243698954582214,-0.17126232385635376,0.07383272051811218,0.6135103702545166,-0.17604421079158783,0.15153610706329346,0.1627204716205597,-0.1303696483373642,0.14763981103897095,0.3842359781265259,-0.16216309368610382,0.13407105207443237,0.37275242805480957,-0.14507095515727997,0.12962141633033752,0.3244985342025757,-0.12760010361671448,0.2180631160736084,0.1731858253479004,-0.13363853096961975,0.1961594820022583,0.3392539620399475,-0.15575043857097626,0.17527732253074646,0.3331713080406189,-0.1396712362766266,0.16558611392974854,0.29470768570899963,-0.1236131563782692
N,0.13892188668251038,0.0,4.768610324390465e-07,0.05550447106361389,0.07507088780403137,-0.020359652116894722,0.018242478370666504,0.21195685863494873,-0.05272183567285538,0.03201359510421753,0.33659812808036804,-0.07936843484640121,0.05770710110664368,0.4229907691478729,-0.10817519575357437,0.0,0.1776159107685089,-0.12323387712240219,0.007487773895263672,0.3897256553173065,-0.16553036868572235,0.016411304473876953,0.4987066686153412,-0.18271911144256592,0.02433246374130249,0.5830951035022736,-0.19043715298175812,0.07677826285362244,0.1637970209121704,-0.13307543098926544,0.07453209161758423,0.3982827365398407,-0.17188440263271332,0.07220408320426941,0.5210785567760468,-0.17769524455070496,0.07263705134391785,0.6066627204418182,-0.18245552480220795,0.15090274810791016,0.15877237915992737,-0.13715751469135284,0.14709323644638062,0.3868832290172577,-0.16978886723518372,0.13411551713943481,0.3746393024921417,-0.15204349160194397,0.13070079684257507,0.32274892926216125,-0.13462962210178375,0.21614998579025269,0.16509106755256653,-0.14124158024787903,0.1952083706855774,0.3353002965450287,-0.16555596888065338,0.17434942722320557,0.32910558581352234,-0.15053127706050873,0.16528403759002686,0.2875399887561798,-0.13517160713672638
N,0.13949507474899292,0.0,4.940653184348776e-07,0.055663734674453735,0.07526588439941406,-0.021554598584771156,0.01730784773826599,0.21219664812088013,-0.05467039346694946,0.030980020761489868,0.3371727466583252,-0.08161573112010956,0.057980746030807495,0.4225706458091736,-0.11075323075056076,0.0,0.17226624488830566,-0.12728726863861084,0.007571220397949219,0.38703495264053345,-0.170521080493927,0.016599535942077637,0.4968428611755371,-0.18777714669704437,0.02470913529396057,0.5816609859466553,-0.19532410800457,0.07726320624351501,0.1588512659072876,-0.1365136355161667,0.07492685317993164,0.39606547355651855,-0.1765669286251068,0.07335776090621948,0.5201430916786194,-0.1824517846107483,0.07416442036628723,0.6067547798156738,-0.1870100498199463,0.15147513151168823,0.15574142336845398,-0.13986963033676147,0.14658859372138977,0.38495540618896484,-0.17314200103282928,0.13318228721618652,0.37451058626174927,-0.15550069510936737,0.12934428453445435,0.3240591287612915,-0.13803574442863464,0.21642622351646423,0.16518047451972961,-0.1432478427886963,0.19411906599998474,0.3369206190109253,-0.16789057850837708,0.17253568768501282,0.33122968673706055,-0.15303334593772888,0.16305643320083618,0.29091137647628784,-0.13779711723327637
N,0.13918498158454895,0.0,4.6606294290540973e-07,0.056597352027893066,0.07453212141990662,-0.01885562762618065,0.018979787826538086,0.20931947231292725,-0.05027288943529129,0.03180927038192749,0.33261576294898987,-0.07606875151395798,0.05695328116416931,0.41735246777534485,-0.10442101955413818,0.0,0.17101439833641052,-0.12188439816236496,0.006804555654525757,0.3832375705242157,-0.163137286901474,0.01626250147819519,0.49309834837913513,-0.17945434153079987,0.024920016527175903,0.5768334567546844,-0.18620845675468445,0.07697579264640808,0.1571974754333496,-0.13186512887477875,0.07273626327514648,0.3916614353656769,-0.16983246803283691,0.07134723663330078,0.5165862739086151,-0.17585594952106476,0.07298487424850464,0.6029081046581268,-0.18041442334651947,0.1512739062309265,0.1547747552394867,-0.1359049677848816,0.14560267329216003,0.38289692997932434,-0.16699296236038208,0.13243988156318665,0.3842339813709259,-0.15100906789302826,0.12837892770767212,0.3428663909435272,-0.13497905433177948,0.21684196591377258,0.16571515798568726,-0.1396421492099762,0.1962839663028717,0.3387250602245331,-0.16218245029449463,0.17405223846435547,0.3430151045322418,-0.14763875305652618,0.16251778602600098,0.31027886271476746,-0.13281263411045074
N,0.14145341515541077,0.0,4.794071628566599e-07,0.05902242660522461,0.07266616821289062,-0.020995337516069412,0.02082085609436035,0.20706459879875183,-0.054079290479421616,0.03632107377052307,0.3323826193809509,-0.0811886414885521,0.06447294354438782,0.4178181290626526,-0.111144058406353,0.0,0.16676491498947144,-0.12663370370864868,0.006716638803482056,0.3812686800956726,-0.1704290509223938,0.016778141260147095,0.4921860694885254,-0.1878838837146759,0.02536296844482422,0.577187180519104,-0.19522273540496826,0.07594311237335205,0.15323910117149353,-0.1362496018409729,0.07273998856544495,0.3889608383178711,-0.17655488848686218,0.0730583667755127,0.5151738524436951,-0.18342816829681396,0.07460194826126099,0.6027926802635193,-0.18818755447864532,0.1501891016960144,0.15053603053092957,-0.14009757339954376,0.14789801836013794,0.37483566999435425,-0.17384886741638184,0.1373005211353302,0.37683212757110596,-0.15924657881259918,0.13223859667778015,0.33685266971588135,-0.14357468485832214,0.21693933010101318,0.1621551215648651,-0.14363719522953033,0.19841700792312622,0.3321729302406311,-0.16831834614276886,0.17830878496170044,0.3369743824005127,-0.15502604842185974,0.1664423942565918,0.30585500597953796,-0.14074109494686127
N,0.14221802353858948,0.0,4.3163890950381756e-07,0.05784925818443298,0.0714268684387207,-0.0200035497546196,0.017966270446777344,0.2059319019317627,-0.05233209952712059,0.03197425603866577,0.3326783776283264,-0.07863635569810867,0.058975160121917725,0.4186996817588806,-0.10771835595369339,0.0,0.16672751307487488,-0.12492562085390091,0.00721248984336853,0.38076937198638916,-0.16754113137722015,0.016583532094955444,0.4909455180168152,-0.18459290266036987,0.023814082145690918,0.5759816765785217,-0.19201137125492096,0.07598099112510681,0.1549053192138672,-0.13420234620571136,0.07252848148345947,0.39003586769104004,-0.17251886427402496,0.07126650214195251,0.5143634080886841,-0.17871779203414917,0.07121220231056213,0.6014805436134338,-0.18349243700504303,0.14936426281929016,0.1538272500038147,-0.13755150139331818,0.1448068916797638,0.3763657808303833,-0.16944313049316406,0.13191521167755127,0.37565356492996216,-0.15435729920864105,0.12562310695648193,0.3349143862724304,-0.13890016078948975,0.21435385942459106,0.16550660133361816,-0.14057274162769318,0.193182110786438,0.33071213960647583,-0.1639421433210373,0.17087870836257935,0.3356321454048157,-0.15064866840839386,0.15745294094085693,0.3063453435897827,-0.13677264750003815
N,0.14090529084205627,0.0,4.451528070603672e-07,0.05639272928237915,0.07222625613212585,-0.020070498809218407,0.01883465051651001,0.20998913049697876,-0.05240115150809288,0.03550153970718384,0.33786752820014954,-0.07855059951543808,0.06327995657920837,0.423607736825943,-0.10720071941614151,0.0,0.17366406321525574,-0.12370376288890839,0.005821645259857178,0.38585248589515686,-0.16462849080562592,0.015263617038726807,0.4954530894756317,-0.18075139820575714,0.022420495748519897,0.5795535147190094,-0.18775591254234314,0.0770532488822937,0.16102012991905212,-0.13219234347343445,0.07375386357307434,0.3938423693180084,-0.1696610152721405,0.07173347473144531,0.51718869805336,-0.17521555721759796,0.07173466682434082,0.6028054058551788,-0.1797473281621933,0.15055185556411743,0.15894606709480286,-0.1346580535173416,0.1428520381450653,0.3819328844547272,-0.16548752784729004,0.1263045072555542,0.380854994058609,-0.14993572235107422,0.11925539374351501,0.3379407823085785,-0.13425244390964508,0.21493607759475708,0.17017662525177002,-0.136798694729805,0.18940454721450806,0.33866629004478455,-0.15910719335079193,0.16410261392593384,0.34476444125175476,-0.14564798772335052,0.15029025077819824,0.31434985995292664,-0.13185444474220276
N,0.140907883644104,0.0,4.5829784767192905e-07,0.05615442991256714,0.0730079710483551,-0.0212626364082098,0.01692977547645569,0.20852816104888916,-0.05349171161651611,0.031870484352111816,0.335586279630661,-0.07924700528383255,0.057196617126464844,0.422455757856369,-0.10707546770572662,0.0,0.17286130785942078,-0.1241866946220398,0.006907850503921509,0.38692453503608704,-0.1664733737707138,0.016448110342025757,0.4975801408290863,-0.18294230103492737,0.024451017379760742,0.5821174085140228,-0.1894439458847046,0.07786053419113159,0.1600010097026825,-0.13201428949832916,0.07467865943908691,0.39380183815956116,-0.17084570229053497,0.07290330529212952,0.5176179111003876,-0.17635132372379303,0.0725022554397583,0.6040371358394623,-0.17990688979625702,0.1508866846561432,0.1586606800556183,-0.13413606584072113,0.1439509093761444,0.37873944640159607,-0.1654624044895172,0.1284102499485016,0.3834075629711151,-0.1496177315711975,0.1205950379371643,0.34698721766471863,-0.13315187394618988,0.21478763222694397,0.17072147130966187,-0.13615378737449646,0.19016686081886292,0.3390335142612457,-0.1574779748916626,0.16425439715385437,0.35232868790626526,-0.1436101198196411,0.1480262279510498,0.3307865560054779,-0.12936267256736755
N,0.14196377992630005,0.0,4.726200870663888e-07,0.05706363916397095,0.07535526156425476,-0.02065938338637352,0.01759663224220276,0.2125122845172882,-0.05313568189740181,0.030827373266220093,0.3395601212978363,-0.07912203669548035,0.05626446008682251,0.42706015706062317,-0.10753406584262848,0.0,0.17191815376281738,-0.1263849437236786,0.007659256458282471,0.38487234711647034,-0.16850578784942627,0.01751399040222168,0.4955310523509979,-0.1850200742483139,0.025398224592208862,0.5806327164173126,-0.19185079634189606,0.07732692360877991,0.15837636590003967,-0.13479094207286835,0.07553422451019287,0.39415594935417175,-0.17352479696273804,0.07443490624427795,0.5205022394657135,-0.17894373834133148,0.07432949542999268,0.6082447469234467,-0.18293139338493347,0.1515682339668274,0.15698930621147156,-0.13716554641723633,0.14658331871032715,0.3819409906864166,-0.16854296624660492,0.1314396858215332,0.3854309022426605,-0.1521325260400772,0.12428241968154907,0.34644654393196106,-0.13565383851528168,0.216671884059906,0.16923943161964417,-0.13930431008338928,0.19399935007095337,0.3389298617839813,-0.1613805741071701,0.1701347529888153,0.3458994925022125,-0.1467960774898529,0.1563372015953064,0.317211776971817,-0.13203151524066925
N,0.14412587881088257,0.0,4.6109897766655195e-07,0.0584789514541626,0.07347089052200317,-0.02061641588807106,0.017763763666152954,0.20944294333457947,-0.05263876914978027,0.030641943216323853,0.33711081743240356,-0.07818606495857239,0.05568966269493103,0.4248669147491455,-0.10642044246196747,0.0,0.17081588506698608,-0.12520502507686615,0.00727003812789917,0.38313519954681396,-0.1670340597629547,0.01740887761116028,0.49414366483688354,-0.1836010217666626,0.025057107210159302,0.5797778367996216,-0.1905917525291443,0.07719939947128296,0.1582421064376831,-0.1335020810365677,0.07529047131538391,0.39244532585144043,-0.17161977291107178,0.07458147406578064,0.519209623336792,-0.17744730412960052,0.07456457614898682,0.607150137424469,-0.1817893087863922,0.15152591466903687,0.15735536813735962,-0.13586409389972687,0.14698585867881775,0.37992316484451294,-0.16673831641674042,0.1319625973701477,0.388954758644104,-0.15169985592365265,0.12404182553291321,0.3548692464828491,-0.13637815415859222,0.21694645285606384,0.1700212061405182,-0.13793812692165375,0.19538429379463196,0.3383929133415222,-0.15988017618656158,0.17169272899627686,0.3502540588378906,-0.14634740352630615,0.1570327877998352,0.3260921239852905,-0.13243044912815094
N,0.13975685834884644,0.0,4.2882393813670205e-07,0.055552542209625244,0.07292723655700684,-0.019243622198700905,0.01680171489715576,0.20695120096206665,-0.04922155663371086,0.02960333228111267,0.33424142003059387,-0.07337895780801773,0.053210169076919556,0.4206019937992096,-0.09992250055074692,0.0,0.17443671822547913,-0.11801626533269882,0.0082017183303833,0.3869613707065582,-0.15794529020786285,0.018142729997634888,0.49723580479621887,-0.1740303337574005,0.025502145290374756,0.5824775993824005,-0.1810557097196579,0.0768355131149292,0.16272348165512085,-0.12626592814922333,0.07542845606803894,0.39443209767341614,-0.16292621195316315,0.07397374510765076,0.5188609063625336,-0.16949540376663208,0.07382947206497192,0.6072392761707306,-0.17452652752399445,0.149917870759964,0.1608313024044037,-0.12873166799545288,0.14623811841011047,0.37818416953086853,-0.15965600311756134,0.13078784942626953,0.3776458203792572,-0.1458992213010788,0.12286999821662903,0.3379919230937958,-0.1312330961227417,0.21391156315803528,0.17166072130203247,-0.13081280887126923,0.19224461913108826,0.3330537974834442,-0.15326502919197083,0.1680205762386322,0.337983638048172,-0.14079809188842773,0.152843177318573,0.3093770742416382,-0.12754711508750916
N,0.13756877183914185,0.0,4.792985919266357e-07,0.05392453074455261,0.07392746210098267,-0.020509755238890648,0.01723015308380127,0.20930463075637817,-0.0514480285346508,0.03193652629852295,0.3352052569389343,-0.0762980505824089,0.0557858943939209,0.42107558250427246,-0.10330212861299515,0.0,0.17567095160484314,-0.12070158869028091,0.007873833179473877,0.3880190849304199,-0.16123215854167938,0.017268329858779907,0.49806177616119385,-0.1771329641342163,0.024745047092437744,0.5833851099014282,-0.18379133939743042,0.07753723859786987,0.16307640075683594,-0.1288071870803833,0.07583317160606384,0.3955419659614563,-0.16649682819843292,0.07423567771911621,0.5195615291595459,-0.17251507937908173,0.07432043552398682,0.6074994802474976,-0.1767871081829071,0.15107595920562744,0.1599937379360199,-0.1311069279909134,0.1477442979812622,0.37883448600769043,-0.16260085999965668,0.1318310797214508,0.3748854398727417,-0.1473490446805954,0.12426519393920898,0.3318924903869629,-0.13130855560302734,0.21529757976531982,0.1693594753742218,-0.13317176699638367,0.19424521923065186,0.3342266082763672,-0.15540289878845215,0.17050108313560486,0.33555489778518677,-0.14129185676574707,0.15695738792419434,0.30325570702552795,-0.12667708098888397
N,0.13984641432762146,0.0,5.150500328454655e-07,0.05457085371017456,0.07440394163131714,-0.022063245996832848,0.015529751777648926,0.21086740493774414,-0.05471628159284592,0.029238373041152954,0.3364810645580292,-0.08094067871570587,0.05422365665435791,0.4230221211910248,-0.10980939120054245,0.0,0.17516455054283142,-0.1283104568719864,0.008163213729858398,0.38841596245765686,-0.17172424495220184,0.018163442611694336,0.5000632107257843,-0.18892896175384521,0.02640676498413086,0.5864965617656708,-0.1961631029844284,0.07743009924888611,0.160590261220932,-0.13704562187194824,0.0750797688961029,0.3949032127857208,-0.17664502561092377,0.0744098424911499,0.5211504399776459,-0.18276090919971466,0.07543772459030151,0.6084366738796234,-0.18725454807281494,0.15221741795539856,0.15577879548072815,-0.13995355367660522,0.14993032813072205,0.38168469071388245,-0.17289136350154877,0.1377391219139099,0.3821488320827484,-0.15716306865215302,0.1328146755695343,0.33936581015586853,-0.14090938866138458,0.2182721197605133,0.1635439395904541,-0.14272646605968475,0.20124414563179016,0.3356753885746002,-0.1666194349527359,0.1808619201183319,0.3391740024089813,-0.15252523124217987,0.17008984088897705,0.3058030605316162,-0.13775867223739624
N,0.1420394778251648,0.0,4.842906378144107e-07,0.05762800574302673,0.074676513671875,-0.02161308377981186,0.01914423704147339,0.2115505039691925,-0.05488897114992142,0.03372141718864441,0.33830440044403076,-0.0820683017373085,0.06065836548805237,0.4243164658546448,-0.11181189864873886,0.0,0.17256706953048706,-0.1279321014881134,0.00819370150566101,0.3876931667327881,-0.17154650390148163,0.018127650022506714,0.49837005138397217,-0.18926218152046204,0.026295870542526245,0.5836271047592163,-0.1971612423658371,0.07728451490402222,0.158726304769516,-0.13734020292758942,0.07523125410079956,0.39431673288345337,-0.17780062556266785,0.07452309131622314,0.5195784568786621,-0.18475310504436493,0.07562017440795898,0.6066514849662781,-0.19010372459888458,0.15229198336601257,0.15506121516227722,-0.14087273180484772,0.1490374207496643,0.38420653343200684,-0.1751435250043869,0.13732394576072693,0.37953007221221924,-0.15973584353923798,0.13348770141601562,0.33241844177246094,-0.14369337260723114,0.21871647238731384,0.164803147315979,-0.14420104026794434,0.19943878054618835,0.33687925338745117,-0.17012672126293182,0.17868953943252563,0.33646446466445923,-0.15712416172027588,0.1682928204536438,0.2994733154773712,-0.14304903149604797
N,0.13917595148086548,0.0,4.472013586109824e-07,0.053995490074157715,0.0725073516368866,-0.02077746018767357,0.01456385850906372,0.20748546719551086,-0.053017761558294296,0.02761024236679077,0.3342466652393341,-0.07884936034679413,0.05486410856246948,0.4207536280155182,-0.1070951297879219,0.0,0.17133066058158875,-0.12585169076919556,0.007250726222991943,0.38381919264793396,-0.1683260202407837,0.01697474718093872,0.4950874149799347,-0.18526431918144226,0.025111258029937744,0.5806396305561066,-0.19255903363227844,0.07705014944076538,0.1613345742225647,-0.13420303165912628,0.0737607479095459,0.3953482210636139,-0.17245085537433624,0.07268396019935608,0.5201423466205597,-0.17792366445064545,0.07343998551368713,0.607339471578598,-0.18224704265594482,0.15070423483848572,0.16110414266586304,-0.1365250051021576,0.14670690894126892,0.3834615647792816,-0.167643204331398,0.13342949748039246,0.3781972825527191,-0.1506543755531311,0.12788310647010803,0.33292874693870544,-0.13397543132305145,0.21546602249145508,0.17168375849723816,-0.13872979581356049,0.19473254680633545,0.33720847964286804,-0.16094273328781128,0.1723819077014923,0.33761754631996155,-0.14607353508472443,0.15972250699996948,0.30379924178123474,-0.1311129629611969
N,0.13755571842193604,0.0,4.963721949025057e-07,0.05582320690155029,0.07447284460067749,-0.021281516179442406,0.019686847925186157,0.21009960770606995,-0.05473034456372261,0.037411630153656006,0.33645060658454895,-0.08185220509767532,0.06770980358123779,0.42238321900367737,-0.11144068837165833,0.0,0.1694662868976593,-0.1273990124464035,0.006307423114776611,0.3838355243206024,-0.17094045877456665,0.016755789518356323,0.4956691563129425,-0.18798160552978516,0.02595740556716919,0.5815171301364899,-0.19492726027965546,0.07661905884742737,0.15682899951934814,-0.13632450997829437,0.0732603371143341,0.3926818072795868,-0.17654217779636383,0.07347339391708374,0.5193754732608795,-0.18263369798660278,0.07552900910377502,0.6078501641750336,-0.18660780787467957,0.15068453550338745,0.15480422973632812,-0.1392538994550705,0.1477946937084198,0.37608203291893005,-0.17165173590183258,0.13544481992721558,0.37726524472236633,-0.1549597531557083,0.12978267669677734,0.33786728978157043,-0.13786496222019196,0.21713709831237793,0.16562214493751526,-0.14198297262191772,0.19780808687210083,0.33445003628730774,-0.16357454657554626,0.17650514841079712,0.3392363488674164,-0.1476462036371231,0.16414481401443481,0.3089230954647064,-0.13183322548866272
N,0.13730642199516296,0.0,4.98129736570263e-07,0.05586788058280945,0.07484763860702515,-0.02198946848511696,0.019164592027664185,0.2111106514930725,-0.054479341953992844,0.03485614061355591,0.33723539113998413,-0.08067850023508072,0.06202065944671631,0.4227254390716553,-0.10928475856781006,0.0,0.16962158679962158,-0.1248498186469078,0.0046814680099487305,0.38281339406967163,-0.16756200790405273,0.014109820127487183,0.4954015016555786,-0.18444466590881348,0.022329092025756836,0.5831368565559387,-0.19150923192501068,0.07747605443000793,0.15713486075401306,-0.13351912796497345,0.07288336753845215,0.392026424407959,-0.1731148213148117,0.07213732600212097,0.5185450315475464,-0.18002431094646454,0.07313314080238342,0.6082454919815063,-0.1846495121717453,0.15128901600837708,0.15587320923805237,-0.13648299872875214,0.14633259177207947,0.37725502252578735,-0.1694556325674057,0.13405254483222961,0.37977302074432373,-0.15503068268299103,0.1291961371898651,0.3423875570297241,-0.13937930762767792,0.21583524346351624,0.16792726516723633,-0.1392904669046402,0.19587382674217224,0.33627355098724365,-0.162079319357872,0.17536786198616028,0.34268325567245483,-0.1481718271970749,0.16447776556015015,0.31560415029525757,-0.1337384730577469
N,0.13658103346824646,0.0,5.417076636149432e-07,0.05254200100898743,0.07406793534755707,-0.02232961729168892,0.012931913137435913,0.20759935677051544,-0.05537129566073418,0.024797767400741577,0.3334129899740219,-0.08114349097013474,0.05142086744308472,0.42137251794338226,-0.10908643156290054,0.0,0.16644425690174103,-0.13115620613098145,0.000280529260635376,0.38394807279109955,-0.17442704737186432,0.008770227432250977,0.49678342044353485,-0.1896861493587494,0.01590287685394287,0.5819139927625656,-0.19472180306911469,0.0792742669582367,0.15310527384281158,-0.13781479001045227,0.0762503445148468,0.3918827623128891,-0.17877882719039917,0.07327091693878174,0.5170262306928635,-0.18228794634342194,0.070669025182724,0.6027894467115402,-0.18367502093315125,0.15238729119300842,0.1525326818227768,-0.1386101245880127,0.14420142769813538,0.37865643203258514,-0.17025473713874817,0.12354123592376709,0.38932667672634125,-0.15228301286697388,0.11209109425544739,0.35692374408245087,-0.1340646743774414,0.21463915705680847,0.16599027812480927,-0.1393408626317978,0.19060847163200378,0.3392084687948227,-0.15930181741714478,0.16410353779792786,0.3515167683362961,-0.14300771057605743,0.14884039759635925,0.32797567546367645,-0.126853808760643
N,0.13604792952537537,0.0,5.076594788988587e-07,0.05098810791969299,0.07611465454101562,-0.021080922335386276,0.0143623948097229,0.21094787120819092,-0.053208451718091965,0.03059828281402588,0.335473895072937,-0.0784822329878807,0.05978837609291077,0.41944068670272827,-0.1061207577586174,0.0,0.1715320348739624,-0.12521842122077942,0.0015691518783569336,0.3847113847732544,-0.16738393902778625,0.008952200412750244,0.4968399405479431,-0.18373295664787292,0.015500932931900024,0.5817598700523376,-0.18986299633979797,0.0791197121143341,0.15809577703475952,-0.13224728405475616,0.0761667788028717,0.3939613699913025,-0.16972215473651886,0.07228642702102661,0.5162181258201599,-0.17363370954990387,0.06945380568504333,0.5986018776893616,-0.17596212029457092,0.15177804231643677,0.15651068091392517,-0.13354001939296722,0.1434432566165924,0.38105928897857666,-0.16170556843280792,0.12290576100349426,0.39714521169662476,-0.14488327503204346,0.1115366518497467,0.36954379081726074,-0.12859198451042175,0.21295508742332458,0.16756847500801086,-0.1348680853843689,0.18962940573692322,0.3375692367553711,-0.15307873487472534,0.1626068651676178,0.35434257984161377,-0.1376265585422516,0.1463385820388794,0.3357875943183899,-0.12258291989564896
N,0.13884535431861877,0.0,5.401993234954716e-07,0.052064716815948486,0.0763828456401825,-0.022431205958127975,0.015806853771209717,0.21478703618049622,-0.05624955892562866,0.030985772609710693,0.33898264169692993,-0.08257182687520981,0.05906668305397034,0.42580151557922363,-0.11122015118598938,0.0,0.17363440990447998,-0.13265672326087952,0.0011036694049835205,0.3904259204864502,-0.17572790384292603,0.009685873985290527,0.5013233423233032,-0.19156913459300995,0.016737312078475952,0.584703266620636,-0.1971723586320877,0.08099493384361267,0.15869757533073425,-0.13923859596252441,0.0800175666809082,0.39601415395736694,-0.17902377247810364,0.07828888297080994,0.5187664031982422,-0.1822252869606018,0.0765029788017273,0.5994956493377686,-0.18413083255290985,0.15549376606941223,0.1564255952835083,-0.1399046629667282,0.1454007625579834,0.3891463279724121,-0.16943147778511047,0.12548264861106873,0.40714436769485474,-0.15187975764274597,0.1151769757270813,0.37732112407684326,-0.1351558417081833,0.21758660674095154,0.16707536578178406,-0.14058539271354675,0.19449034333229065,0.34510719776153564,-0.16007502377033234,0.16807085275650024,0.35998713970184326,-0.14455507695674896,0.15319430828094482,0.33504176139831543,-0.12934572994709015
N,0.14043349027633667,0.0,5.010298309571226e-07,0.05454564094543457,0.07748648524284363,-0.021348752081394196,0.017835378646850586,0.21540290117263794,-0.05428626388311386,0.030767351388931274,0.34095004200935364,-0.08011886477470398,0.056729018688201904,0.4289986193180084,-0.10810990631580353,0.0,0.17432400584220886,-0.12923584878444672,0.001385331153869629,0.39233073592185974,-0.171999990940094,0.0099276602268219,0.5039103925228119,-0.18775151669979095,0.01725447177886963,0.5866746008396149,-0.19315478205680847,0.07983839511871338,0.15933051705360413,-0.13629528880119324,0.07904747128486633,0.3994218409061432,-0.17623503506183624,0.07741931080818176,0.5233434736728668,-0.1801011711359024,0.07582566142082214,0.6042003333568573,-0.18215006589889526,0.15388411283493042,0.15795013308525085,-0.1375361531972885,0.14435142278671265,0.38992342352867126,-0.16776007413864136,0.1263885200023651,0.41285255551338196,-0.15165312588214874,0.11750778555870056,0.38823202252388,-0.1355959177017212,0.2160027027130127,0.17018836736679077,-0.13862870633602142,0.19342881441116333,0.3480164706707001,-0.15871664881706238,0.16789793968200684,0.3674306571483612,-0.14431597292423248,0.15303641557693481,0.34793516993522644,-0.12971284985542297
N,0.13895326852798462,0.0,4.703105673797836e-07,0.05378234386444092,0.07750889658927917,-0.020262461155653,0.01727190613746643,0.21360155940055847,-0.052208688110113144,0.029745489358901978,0.3390144109725952,-0.07725636661052704,0.05389893054962158,0.4270218014717102,-0.10457362979650497,0.0,0.17870700359344482,-0.126797616481781,0.0013345777988433838,0.3938983678817749,-0.1690053641796112,0.01061198115348816,0.5049771666526794,-0.1848665326833725,0.019120484590530396,0.5875604152679443,-0.19060514867305756,0.0792604386806488,0.164396733045578,-0.1338350623846054,0.07994198799133301,0.40157246589660645,-0.17291277647018433,0.07864391803741455,0.5247241854667664,-0.1769469827413559,0.07724854350090027,0.6059408187866211,-0.17943423986434937,0.15294626355171204,0.1620122194290161,-0.13505224883556366,0.1448507010936737,0.3891165852546692,-0.16476914286613464,0.1264432966709137,0.4145369529724121,-0.1493482142686844,0.11620986461639404,0.39388251304626465,-0.13414490222930908,0.21540549397468567,0.17201989889144897,-0.1360490322113037,0.19239315390586853,0.3449612259864807,-0.1567426174879074,0.16572538018226624,0.3689700961112976,-0.14375318586826324,0.14865651726722717,0.35533398389816284,-0.1302470713853836
N,0.13707897067070007,0.0,5.021424840379041e-07,0.051332443952560425,0.07837250828742981,-0.02077743597328663,0.016251593828201294,0.214706152677536,-0.05340706929564476,0.029577910900115967,0.3393700420856476,-0.07893402129411697,0.0553244948387146,0.42738208174705505,-0.10678748786449432,0.0,0.18032902479171753,-0.12860791385173798,0.0015374720096588135,0.3952130973339081,-0.1715654581785202,0.0101298987865448,0.5066892802715302,-0.18767528235912323,0.018199682235717773,0.5893926322460175,-0.19329297542572021,0.07975256443023682,0.16546359658241272,-0.1355913281440735,0.08019322156906128,0.4030575454235077,-0.17530983686447144,0.07828524708747864,0.5263372361660004,-0.17903780937194824,0.07685446739196777,0.6062606275081635,-0.1809385120868683,0.15354785323143005,0.1621582806110382,-0.13672934472560883,0.14518889784812927,0.3907581865787506,-0.1665983647108078,0.12653139233589172,0.41897913813591003,-0.15066242218017578,0.11676278710365295,0.39925482869148254,-0.1348843276500702,0.2155231535434723,0.1706705093383789,-0.13768470287322998,0.19377830624580383,0.34604015946388245,-0.15784189105033875,0.16722223162651062,0.3707136809825897,-0.14387449622154236,0.150575190782547,0.3561079800128937,-0.1295326054096222
N,0.13835430145263672,0.0,4.97455914683087e-07,0.051558107137680054,0.07807931303977966,-0.019945379346609116,0.016054123640060425,0.21395570039749146,-0.05116686969995499,0.029422730207443237,0.33835893869400024,-0.07550869882106781,0.053074806928634644,0.42601412534713745,-0.10181476920843124,0.0004467964172363281,0.17308619618415833,-0.12548157572746277,0.0,0.3897457718849182,-0.16612385213375092,0.00860142707824707,0.49967503547668457,-0.1803687959909439,0.016889870166778564,0.5799040198326111,-0.18477876484394073,0.07976242899894714,0.15826484560966492,-0.13246190547943115,0.07943987846374512,0.3981078267097473,-0.17005662620067596,0.07728826999664307,0.520500123500824,-0.17338554561138153,0.07568201422691345,0.5999392867088318,-0.17542988061904907,0.15291759371757507,0.1557992398738861,-0.1335238665342331,0.14459490776062012,0.3849923014640808,-0.16304410994052887,0.12259399890899658,0.4012170433998108,-0.1477770358324051,0.11128053069114685,0.370699942111969,-0.1326158046722412,0.21409589052200317,0.1666245460510254,-0.13423247635364532,0.1913427710533142,0.3386839032173157,-0.15554119646549225,0.16346898674964905,0.34736597537994385,-0.14181087911128998,0.1477513313293457,0.3184318542480469,-0.12757430970668793
N,0.14117717742919922,0.0,4.810495397578052e-07,0.05384323000907898,0.07800838351249695,-0.019664814695715904,0.018238931894302368,0.2153831124305725,-0.05117826536297798,0.03155398368835449,0.34050893783569336,-0.07577506452798843,0.053296297788619995,0.4300647974014282,-0.10245675593614578,0.0004665255546569824,0.17428752779960632,-0.12570422887802124,0.0,0.39076507091522217,-0.1664319932460785,0.00846773386001587,0.500914454460144,-0.18120768666267395,0.016316205263137817,0.582075834274292,-0.1861511766910553,0.08085411787033081,0.1591397523880005,-0.13263002038002014,0.080473393201828,0.39791810512542725,-0.17053255438804626,0.07837709784507751,0.5203431844711304,-0.17404361069202423,0.07701578736305237,0.6004698276519775,-0.1763518899679184,0.15480875968933105,0.15740570425987244,-0.13352270424365997,0.1449998915195465,0.38779664039611816,-0.162321075797081,0.12423071265220642,0.40591973066329956,-0.1458115577697754,0.1144217848777771,0.3780621886253357,-0.13000988960266113,0.2166602611541748,0.16893145442008972,-0.13411234319210052,0.19331598281860352,0.3434719443321228,-0.1543169915676117,0.16598659753799438,0.355349600315094,-0.13957035541534424,0.15073132514953613,0.32927900552749634,-0.12477901577949524
N,0.14205986261367798,0.0,4.493862491017353e-07,0.05493614077568054,0.07703039050102234,-0.018143180757761,0.016742080450057983,0.21147257089614868,-0.04905518516898155,0.02949199080467224,0.33530139923095703,-0.07359608262777328,0.0556412935256958,0.4215191602706909,-0.1004725992679596,0.0,0.17322641611099243,-0.1230577826499939,0.00022783875465393066,0.387190580368042,-0.1637984961271286,0.008824765682220459,0.4979431629180908,-0.1788579523563385,0.01627594232559204,0.5793054103851318,-0.18405655026435852,0.07881465554237366,0.15958377718925476,-0.13108235597610474,0.08029323816299438,0.39566707611083984,-0.1693575233221054,0.07957962155342102,0.5197435617446899,-0.17336487770080566,0.07887732982635498,0.6007634401321411,-0.1757364720106125,0.15228456258773804,0.15895673632621765,-0.1331561803817749,0.14433807134628296,0.3858690857887268,-0.1617385447025299,0.12345656752586365,0.4080265164375305,-0.1460586041212082,0.11181357502937317,0.3837113380432129,-0.13070017099380493,0.21463173627853394,0.17164501547813416,-0.13491681218147278,0.19077444076538086,0.34492236375808716,-0.15432485938072205,0.1630382537841797,0.36102962493896484,-0.1399550437927246,0.14630228281021118,0.33845221996307373,-0.12539029121398926
N,0.14581522345542908,0.0,4.2576630221446976e-07,0.056553393602371216,0.07679757475852966,-0.018223095685243607,0.017843961715698242,0.21151584386825562,-0.04917430877685547,0.031865835189819336,0.3376314342021942,-0.07332159578800201,0.056656837463378906,0.4258436858654022,-0.09969361126422882,0.0,0.17142832279205322,-0.12274347990751266,0.0006834268569946289,0.3861994445323944,-0.16436626017093658,0.009466171264648438,0.49961504340171814,-0.17998558282852173,0.017642289400100708,0.5839278399944305,-0.1852860152721405,0.07967126369476318,0.1585882306098938,-0.129948690533638,0.08100470900535583,0.39426663517951965,-0.16902336478233337,0.08075317740440369,0.5199479758739471,-0.17301397025585175,0.08139103651046753,0.6006653010845184,-0.1745835244655609,0.15318280458450317,0.16063180565834045,-0.1313488930463791,0.1458776891231537,0.38676318526268005,-0.15813666582107544,0.12842825055122375,0.43550166487693787,-0.14271394908428192,0.11778628826141357,0.43767789006233215,-0.12773360311985016,0.2153458595275879,0.17511940002441406,-0.13246122002601624,0.19520092010498047,0.35231682658195496,-0.149379700422287,0.17068898677825928,0.3949861228466034,-0.13559071719646454,0.1542610228061676,0.39948710799217224,-0.12154968082904816
N,0.14295807480812073,0.0,3.960463743624132e-07,0.05611389875411987,0.0757131576538086,-0.017651690170168877,0.017113864421844482,0.21247649192810059,-0.04818898066878319,0.02865353226661682,0.3405829668045044,-0.07245706766843796,0.054735660552978516,0.43180525302886963,-0.09929928183555603,0.0005407631397247314,0.17389816045761108,-0.12223318964242935,0.0,0.3885650038719177,-0.16326145827770233,0.009084910154342651,0.5006240010261536,-0.17903587222099304,0.01710808277130127,0.5835809707641602,-0.18487593531608582,0.07966408133506775,0.16113728284835815,-0.13053618371486664,0.08053597807884216,0.3990594744682312,-0.16819050908088684,0.07956182956695557,0.5232188701629639,-0.17276641726493835,0.07917436957359314,0.6042444109916687,-0.17597618699073792,0.1533115804195404,0.1612699031829834,-0.1328374147415161,0.14551189541816711,0.3890798091888428,-0.16134490072727203,0.12742534279823303,0.4130550026893616,-0.1456955224275589,0.11844727396965027,0.3913156986236572,-0.13054895401000977,0.21598762273788452,0.17432039976119995,-0.13471625745296478,0.19258850812911987,0.3506510257720947,-0.1545303612947464,0.16741666197776794,0.3733764886856079,-0.14044155180454254,0.15255355834960938,0.3572899103164673,-0.12615607678890228
N,0.14002272486686707,0.0,4.326706175561412e-07,0.05430513620376587,0.07763168215751648,-0.018957605585455894,0.017054498195648193,0.21433782577514648,-0.0504445843398571,0.02875092625617981,0.34082192182540894,-0.07539306581020355,0.053775131702423096,0.432060182094574,-0.10273206979036331,0.0003565847873687744,0.1751183569431305,-0.12483617663383484,0.0,0.38955754041671753,-0.1668866127729416,0.008980810642242432,0.501008927822113,-0.18279105424880981,0.017731934785842896,0.5839453935623169,-0.18830791115760803,0.07959103584289551,0.1596599519252777,-0.13264097273349762,0.08036935329437256,0.39785635471343994,-0.17161855101585388,0.07979577779769897,0.523080050945282,-0.17592549324035645,0.0803273618221283,0.6046262383460999,-0.17829318344593048,0.15303713083267212,0.15793389081954956,-0.1345330774784088,0.1461614966392517,0.3860011100769043,-0.16340453922748566,0.1274261474609375,0.4161503314971924,-0.14724598824977875,0.11723488569259644,0.3999183773994446,-0.13138540089130402,0.21553224325180054,0.16975772380828857,-0.1361684501171112,0.193581223487854,0.3479859232902527,-0.15551310777664185,0.16773822903633118,0.37614500522613525,-0.14102703332901,0.15143340826034546,0.364699125289917,-0.1262810081243515
N,0.14099320769309998,0.0,4.265746440523799e-07,0.05486270785331726,0.07763758301734924,-0.017877500504255295,0.01860874891281128,0.21382299065589905,-0.04744917154312134,0.03090837597846985,0.33998778462409973,-0.07068445533514023,0.054487019777297974,0.4268726408481598,-0.09600050747394562,9.72449779510498e-05,0.17135784029960632,-0.11934473365545273,0.0,0.38582709431648254,-0.15994113683700562,0.009064584970474243,0.49732425808906555,-0.17524680495262146,0.01792508363723755,0.5795548260211945,-0.18035496771335602,0.07892686128616333,0.1591300070285797,-0.12681303918361664,0.07938647270202637,0.3972238600254059,-0.16432388126850128,0.07933008670806885,0.5219192802906036,-0.16884881258010864,0.08071354031562805,0.6029633581638336,-0.17119736969470978,0.1517190933227539,0.16006523370742798,-0.12847977876663208,0.14250463247299194,0.3865198791027069,-0.15548749268054962,0.12334421277046204,0.41864314675331116,-0.1403801441192627,0.11338886618614197,0.40543869137763977,-0.12545110285282135,0.21289780735969543,0.17347368597984314,-0.12986551225185394,0.19014939665794373,0.34742698073387146,-0.14740890264511108,0.16347524523735046,0.3776741921901703,-0.13351324200630188,0.1471933126449585,0.3702761232852936,-0.11944127827882767
N,0.14353477954864502,0.0,4.243574096562952e-07,0.05642375349998474,0.07511746883392334,-0.02048412337899208,0.018013954162597656,0.210335373878479,-0.052350495010614395,0.030258893966674805,0.33516913652420044,-0.07708409428596497,0.05390274524688721,0.4234647750854492,-0.10422942042350769,0.0003746151924133301,0.17607957124710083,-0.12440912425518036,0.0,0.3870631456375122,-0.1663437932729721,0.009728997945785522,0.49778586626052856,-0.18279455602169037,0.018939733505249023,0.5806554555892944,-0.18926796317100525,0.0790296196937561,0.1616918444633484,-0.13105258345603943,0.08055293560028076,0.3955605626106262,-0.17005600035190582,0.08199805021286011,0.5193287134170532,-0.17536023259162903,0.08380645513534546,0.6014018654823303,-0.1785770207643509,0.15227308869361877,0.1602647602558136,-0.13201472163200378,0.1466069519519806,0.3846313953399658,-0.1607549488544464,0.13045445084571838,0.42743217945098877,-0.1467590034008026,0.12010729312896729,0.42801928520202637,-0.13322392106056213,0.21416163444519043,0.1695534586906433,-0.13269877433776855,0.19460678100585938,0.33984190225601196,-0.15327435731887817,0.17159521579742432,0.3756437301635742,-0.14122426509857178,0.1559087634086609,0.37746894359588623,-0.1285054236650467
N,0.14562395215034485,0.0,4.0648816934663046e-07,0.05883112549781799,0.07548540830612183,-0.01982235535979271,0.01963096857070923,0.21059632301330566,-0.0513199046254158,0.030583113431930542,0.3361971080303192,-0.07582502067089081,0.05335399508476257,0.4253790080547333,-0.10272886604070663,1.800060272216797e-05,0.17521852254867554,-0.12389314919710159,0.0,0.3871685564517975,-0.1653590202331543,0.010182023048400879,0.497518390417099,-0.18148255348205566,0.01981276273727417,0.5798621475696564,-0.1877795159816742,0.0784795880317688,0.16038843989372253,-0.13076598942279816,0.0810086727142334,0.395214706659317,-0.1697186380624771,0.08252418041229248,0.5188299119472504,-0.17500409483909607,0.08419409394264221,0.6008576452732086,-0.178370401263237,0.1519872546195984,0.1592693030834198,-0.131864532828331,0.1465068757534027,0.38426050543785095,-0.16120104491710663,0.12947261333465576,0.4226411283016205,-0.1471649557352066,0.11908215284347534,0.4187944829463959,-0.1334451586008072,0.21464276313781738,0.1696350872516632,-0.13258495926856995,0.19340181350708008,0.3395076096057892,-0.15395674109458923,0.16896331310272217,0.37127992510795593,-0.14196811616420746,0.15270420908927917,0.36877700686454773,-0.12917138636112213
N,0.1418495774269104,0.0,3.998537181360007e-07,0.055666565895080566,0.07438606023788452,-0.01880662702023983,0.016496509313583374,0.20817428827285767,-0.049932584166526794,0.027242213487625122,0.33200281858444214,-0.07496582716703415,0.05001905560493469,0.4181097149848938,-0.10216213762760162,0.0,0.17213141918182373,-0.12341441959142685,0.0008507370948791504,0.3865826725959778,-0.164668470621109,0.010086894035339355,0.49628525972366333,-0.1803864687681198,0.017589062452316284,0.5794897675514221,-0.18672625720500946,0.07836070656776428,0.1585640013217926,-0.13149729371070862,0.07943263649940491,0.3943396210670471,-0.16997097432613373,0.07909101247787476,0.5192704796791077,-0.17567260563373566,0.0786307156085968,0.6065961718559265,-0.18028874695301056,0.151727557182312,0.157881498336792,-0.13362805545330048,0.14445975422859192,0.37942421436309814,-0.16580478847026825,0.12872624397277832,0.38605040311813354,-0.15188001096248627,0.12197351455688477,0.3534698486328125,-0.13733632862567902,0.2137373387813568,0.17015114426612854,-0.1352357715368271,0.189734548330307,0.33293235301971436,-0.15940235555171967,0.16407564282417297,0.34317880868911743,-0.14795495569705963,0.148680180311203,0.32101452350616455,-0.13532385230064392
N,0.138599693775177,0.0,4.386431271541369e-07,0.05286145210266113,0.07527631521224976,-0.01921038329601288,0.015616029500961304,0.20880034565925598,-0.05109734833240509,0.028053998947143555,0.3329518437385559,-0.07629112154245377,0.05117180943489075,0.4196910262107849,-0.10389010608196259,0.0,0.17001128196716309,-0.12610584497451782,0.00012961030006408691,0.3854127526283264,-0.16803030669689178,0.009234458208084106,0.4962426424026489,-0.18378330767154694,0.017363160848617554,0.5797293782234192,-0.1896713674068451,0.07894539833068848,0.1541079878807068,-0.1335902214050293,0.07936573028564453,0.39089661836624146,-0.17241258919239044,0.07923060655593872,0.516437292098999,-0.17707601189613342,0.07996609807014465,0.5999760031700134,-0.1802569180727005,0.1524076759815216,0.15286624431610107,-0.13512197136878967,0.14678213000297546,0.37827974557876587,-0.16457799077033997,0.12994125485420227,0.40875881910324097,-0.14977748692035675,0.12090274691581726,0.39566701650619507,-0.13536059856414795,0.21479374170303345,0.16479775309562683,-0.1362861543893814,0.19502216577529907,0.33427000045776367,-0.157633975148201,0.17034345865249634,0.3621196150779724,-0.1453975886106491,0.15446922183036804,0.35492122173309326,-0.13250884413719177
N,0.13848811388015747,0.0,4.2726355786726344e-07,0.05427911877632141,0.07519733905792236,-0.02034858427941799,0.01858222484588623,0.21215608716011047,-0.05210423097014427,0.030206114053726196,0.33662477135658264,-0.07733277231454849,0.05269339680671692,0.4240753948688507,-0.10478869080543518,0.0,0.17133662104606628,-0.1266191601753235,7.295608520507812e-05,0.38502225279808044,-0.16788960993289948,0.00978437066078186,0.4927090108394623,-0.18302199244499207,0.018761038780212402,0.5731286704540253,-0.18868707120418549,0.07863229513168335,0.1561121642589569,-0.13439585268497467,0.07986336946487427,0.39327916502952576,-0.17299163341522217,0.08029860258102417,0.5155210196971893,-0.1781156361103058,0.08121442794799805,0.5990190207958221,-0.18208195269107819,0.15196985006332397,0.15409350395202637,-0.13618189096450806,0.145213782787323,0.38074687123298645,-0.16791978478431702,0.12552544474601746,0.3853069245815277,-0.15312860906124115,0.11584451794624329,0.34909090399742126,-0.13830099999904633,0.2142464518547058,0.16554197669029236,-0.13760730624198914,0.19016492366790771,0.3344639241695404,-0.16206999123096466,0.16266730427742004,0.3396802246570587,-0.14993859827518463,0.14672058820724487,0.31069043278694153,-0.13679136335849762
N,0.13641008734703064,0.0,4.4342667138153047e-07,0.05177664756774902,0.07522127032279968,-0.019493427127599716,0.016542106866836548,0.21070623397827148,-0.05116555094718933,0.02902311086654663,0.33430245518684387,-0.07637215405702591,0.0523410439491272,0.4211529791355133,-0.10383033752441406,0.000884711742401123,0.1705104410648346,-0.1263849139213562,0.0,0.3836263120174408,-0.16768138110637665,0.009025782346725464,0.49160143733024597,-0.18258994817733765,0.017569541931152344,0.5722015202045441,-0.18801748752593994,0.07973352074623108,0.15538141131401062,-0.13446779549121857,0.07989785075187683,0.39294490218162537,-0.17356045544147491,0.07951954007148743,0.5149851739406586,-0.1783764660358429,0.08036157488822937,0.5978460013866425,-0.18177174031734467,0.15279772877693176,0.15332278609275818,-0.13643977046012878,0.1447024941444397,0.37988194823265076,-0.16819822788238525,0.12412041425704956,0.3856309950351715,-0.15284517407417297,0.11408129334449768,0.3509116470813751,-0.13739150762557983,0.21440282464027405,0.1640993058681488,-0.13797803223133087,0.19067630171775818,0.3325779139995575,-0.1619405597448349,0.1624126434326172,0.33939817547798157,-0.14921092987060547,0.1458902359008789,0.31176236271858215,-0.1355220526456833
N,0.1350056529045105,0.0,4.826727604267944e-07,0.05065637826919556,0.07727450132369995,-0.020711246877908707,0.014809906482696533,0.20960894227027893,-0.05336381867527962,0.02671453356742859,0.3305110037326813,-0.07854325324296951,0.049433499574661255,0.4167632758617401,-0.10597865283489227,0.0,0.17123565077781677,-0.1290426254272461,0.0003304779529571533,0.3831431567668915,-0.17156533896923065,0.009742259979248047,0.4931829869747162,-0.18656094372272491,0.018742084503173828,0.5745923221111298,-0.19102245569229126,0.07996946573257446,0.15291827917099,-0.13529345393180847,0.08106085658073425,0.38907501101493835,-0.17546691000461578,0.081658273935318,0.5133235156536102,-0.1786697655916214,0.08269017934799194,0.5931930243968964,-0.17913906276226044,0.15308046340942383,0.15005534887313843,-0.135635644197464,0.14635363221168518,0.3733200132846832,-0.16363810002803802,0.12752950191497803,0.4240752160549164,-0.1472654640674591,0.11442965269088745,0.4305071532726288,-0.131318137049675,0.2144535481929779,0.16015085577964783,-0.1357426643371582,0.19468703866004944,0.33529219031333923,-0.15308164060115814,0.16928136348724365,0.3786206543445587,-0.13808168470859528,0.1509469449520111,0.3854248821735382,-0.12308943271636963
N,0.13430103659629822,0.0,4.891421667707618e-07,0.05118894577026367,0.07671394944190979,-0.020661238580942154,0.014004528522491455,0.20744994282722473,-0.052956413477659225,0.02407550811767578,0.32775643467903137,-0.07785546779632568,0.047340214252471924,0.41309061646461487,-0.10495774447917938,7.539987564086914e-06,0.17172333598136902,-0.12825149297714233,0.0,0.3841664493083954,-0.170562744140625,0.009061485528945923,0.49366262555122375,-0.1852123737335205,0.017728954553604126,0.5742041170597076,-0.18939483165740967,0.07897564768791199,0.15486839413642883,-0.13449466228485107,0.08040252327919006,0.3915393650531769,-0.17459237575531006,0.08117228746414185,0.5150357782840729,-0.17779852449893951,0.08167079091072083,0.5941667854785919,-0.17824000120162964,0.15143129229545593,0.15233668684959412,-0.13491448760032654,0.14595571160316467,0.3734162151813507,-0.16336055099964142,0.12748295068740845,0.41817429661750793,-0.1475752890110016,0.1144174337387085,0.41799160838127136,-0.1318647265434265,0.21245968341827393,0.16289514303207397,-0.13510042428970337,0.19390076398849487,0.3356078565120697,-0.15275229513645172,0.16881006956100464,0.3738551437854767,-0.13826005160808563,0.15041404962539673,0.3757294714450836,-0.12363755702972412
N,0.1353338658809662,0.0,4.7097768174353405e-07,0.051226288080215454,0.07477867603302002,-0.018865669146180153,0.016569912433624268,0.20857000350952148,-0.050156448036432266,0.031147807836532593,0.3297691345214844,-0.07510776817798615,0.056787341833114624,0.41606712341308594,-0.10239798575639725,0.0,0.16703537106513977,-0.12448465824127197,0.0003299415111541748,0.37927985191345215,-0.16565470397472382,0.009377479553222656,0.4872744679450989,-0.18018288910388947,0.017574220895767212,0.5670967102050781,-0.18478357791900635,0.07836484909057617,0.14986419677734375,-0.13258394598960876,0.07976847887039185,0.38733434677124023,-0.17056997120380402,0.07973495125770569,0.5107172727584839,-0.17461243271827698,0.0801842212677002,0.5935144424438477,-0.17709316313266754,0.1512647569179535,0.14662060141563416,-0.13472232222557068,0.14723506569862366,0.3728707432746887,-0.16412828862667084,0.12764453887939453,0.3898809552192688,-0.14843687415122986,0.11647826433181763,0.36365807056427,-0.13287316262722015,0.2135273516178131,0.15784713625907898,-0.1364828199148178,0.19455507397651672,0.33107542991638184,-0.15685206651687622,0.16814255714416504,0.3458937406539917,-0.14258074760437012,0.15155035257339478,0.32389748096466064,-0.12811239063739777
N,0.13788846135139465,0.0,4.3992508835799526e-07,0.05385276675224304,0.07394340634346008,-0.018493028357625008,0.01745590567588806,0.20686468482017517,-0.04983247444033623,0.031230777502059937,0.3290661871433258,-0.07485487312078476,0.05736866593360901,0.4160855710506439,-0.10237179696559906,0.0,0.167811781167984,-0.12431421875953674,0.00022926926612854004,0.37826332449913025,-0.16550059616565704,0.009748131036758423,0.4859751760959625,-0.18040624260902405,0.01804855465888977,0.5655160248279572,-0.1854785829782486,0.0778796374797821,0.15177762508392334,-0.13248960673809052,0.080299973487854,0.3871677815914154,-0.17024950683116913,0.08077508211135864,0.5103735029697418,-0.17460894584655762,0.08143985271453857,0.59290412068367,-0.17761024832725525,0.15082162618637085,0.1490570306777954,-0.13465861976146698,0.1472986340522766,0.3735831081867218,-0.1639668345451355,0.1286269724369049,0.39038243889808655,-0.1486344337463379,0.11811628937721252,0.36406782269477844,-0.1335228532552719,0.21350303292274475,0.1600308120250702,-0.13639076054096222,0.19383445382118225,0.3313229978084564,-0.15728271007537842,0.16770794987678528,0.34764721989631653,-0.14385467767715454,0.1513507068157196,0.32770010828971863,-0.12998448312282562
N,0.14179080724716187,0.0,4.3092086343676783e-07,0.05709266662597656,0.07539963722229004,-0.01724662259221077,0.02016681432723999,0.2089335322380066,-0.047871269285678864,0.03256189823150635,0.33184289932250977,-0.07205166667699814,0.05582928657531738,0.4197571277618408,-0.09878962486982346,0.0025927722454071045,0.1682359278202057,-0.12362682819366455,0.0,0.37872010469436646,-0.1648668497800827,0.009213775396347046,0.4877520799636841,-0.17966143786907196,0.01837828755378723,0.5683314204216003,-0.18438692390918732,0.08075335621833801,0.15226593613624573,-0.1318458914756775,0.07945892214775085,0.38763582706451416,-0.17047105729579926,0.07983481884002686,0.5106111764907837,-0.17416442930698395,0.08154258131980896,0.5912588238716125,-0.1758367121219635,0.15377461910247803,0.1504799723625183,-0.13395676016807556,0.14582186937332153,0.3753446936607361,-0.16259559988975525,0.12766408920288086,0.40490031242370605,-0.1459668129682541,0.1178193986415863,0.39064377546310425,-0.12963683903217316,0.21654289960861206,0.1616097092628479,-0.1355271190404892,0.19455194473266602,0.3360031247138977,-0.1548285335302353,0.16826623678207397,0.36342287063598633,-0.1401071697473526,0.15179887413978577,0.35354000329971313,-0.1250826120376587
N,0.1423189342021942,0.0,4.0587201510788873e-07,0.05754035711288452,0.07514849305152893,-0.016673462465405464,0.020253628492355347,0.2087400257587433,-0.04685979336500168,0.03256729245185852,0.3322259485721588,-0.07095034420490265,0.05652511119842529,0.41980496048927307,-0.09755593538284302,0.0022059381008148193,0.16813349723815918,-0.12130825966596603,0.0,0.3799110949039459,-0.16171327233314514,0.00958240032196045,0.48868557810783386,-0.17637647688388824,0.018707066774368286,0.5690599381923676,-0.18131864070892334,0.0800291895866394,0.152640700340271,-0.129927858710289,0.07921338081359863,0.387967973947525,-0.16788484156131744,0.08000984787940979,0.5115262567996979,-0.17218084633350372,0.08177736401557922,0.5938690602779388,-0.1747330129146576,0.15296527743339539,0.1514425277709961,-0.13247424364089966,0.14484187960624695,0.3764221966266632,-0.1611969918012619,0.12671944499015808,0.40092548727989197,-0.14534014463424683,0.11723646521568298,0.3825018107891083,-0.1297367960214615,0.21563217043876648,0.1636650264263153,-0.13443492352962494,0.19327571988105774,0.33716467022895813,-0.1544133871793747,0.16749823093414307,0.3612609803676605,-0.1404668688774109,0.15193381905555725,0.34868547320365906,-0.12612499296665192
N,0.13917815685272217,0.0,4.3561715301621007e-07,0.05612915754318237,0.07543286681175232,-0.01855551265180111,0.019098758697509766,0.20994272828102112,-0.049429357051849365,0.029739975929260254,0.3339281380176544,-0.07397843152284622,0.05311134457588196,0.42227134108543396,-0.10102476179599762,0.0016844570636749268,0.17010432481765747,-0.12276000529527664,0.0,0.38006576895713806,-0.16318517923355103,0.009396225214004517,0.4893331825733185,-0.17833274602890015,0.01827019453048706,0.5713720619678497,-0.1839890480041504,0.07945382595062256,0.15485259890556335,-0.13084648549556732,0.07881182432174683,0.38880684971809387,-0.16818936169147491,0.07796618342399597,0.5116032660007477,-0.1725933849811554,0.07757323980331421,0.5940653383731842,-0.17573779821395874,0.15267354249954224,0.153182715177536,-0.133013054728508,0.14544180035591125,0.37610873579978943,-0.16254711151123047,0.12744736671447754,0.39532890915870667,-0.14701853692531586,0.1179841160774231,0.3720332682132721,-0.1317986696958542,0.21570360660552979,0.16505426168441772,-0.13476504385471344,0.1932864785194397,0.3340242803096771,-0.1562281847000122,0.16788893938064575,0.35003313422203064,-0.14260894060134888,0.1524645984172821,0.33014944195747375,-0.12855562567710876
N,0.13843214511871338,0.0,4.579435142204602e-07,0.05498579144477844,0.07642272114753723,-0.018849128857254982,0.019566237926483154,0.2114560902118683,-0.04945129528641701,0.03161168098449707,0.3338652551174164,-0.07370349764823914,0.05507555603981018,0.42048153281211853,-0.10049444437026978,0.002259373664855957,0.16972309350967407,-0.12251300364732742,0.0,0.37797144055366516,-0.1625419557094574,0.008898258209228516,0.4868496358394623,-0.1772403120994568,0.017569303512573242,0.5681202113628387,-0.1823929399251938,0.08007386326789856,0.1529848277568817,-0.13045136630535126,0.07930174469947815,0.38663020730018616,-0.1670912206172943,0.07856255769729614,0.5092398822307587,-0.17119479179382324,0.07868045568466187,0.590519517660141,-0.1739909052848816,0.15299326181411743,0.1496715247631073,-0.13247866928577423,0.14622947573661804,0.3733634650707245,-0.16130606830120087,0.12669017910957336,0.3942752182483673,-0.14602608978748322,0.11631518602371216,0.3712550103664398,-0.13096275925636292,0.2154843807220459,0.16022002696990967,-0.1341249793767929,0.19359523057937622,0.33076468110084534,-0.15482352674007416,0.16709989309310913,0.3458292782306671,-0.14080354571342468,0.15109598636627197,0.32365861535072327,-0.12644639611244202
N,0.1506090760231018,0.0,4.338515111612651e-07,0.06526201963424683,0.07379186153411865,-0.016301846131682396,0.026567965745925903,0.20853078365325928,-0.04788457602262497,0.04366791248321533,0.33187347650527954,-0.07394277304410934,0.07842859625816345,0.4171048402786255,-0.1032508909702301,0.0003059208393096924,0.16426235437393188,-0.12330640852451324,0.0,0.36950409412384033,-0.1643604189157486,0.010314971208572388,0.47745180130004883,-0.180246502161026,0.019900351762771606,0.5594364404678345,-0.18690486252307892,0.07697457075119019,0.14691656827926636,-0.13434956967830658,0.0783141553401947,0.3782716393470764,-0.17200146615505219,0.07980453968048096,0.49857133626937866,-0.17703527212142944,0.08178552985191345,0.5775379538536072,-0.18158045411109924,0.15177178382873535,0.1433747410774231,-0.13927744328975677,0.14855945110321045,0.3738707900047302,-0.17045187950134277,0.1365223526954651,0.3857254981994629,-0.155496284365654,0.1318715512752533,0.35133177042007446,-0.14062367379665375,0.2188202440738678,0.1532323956489563,-0.14344316720962524,0.20107683539390564,0.32906532287597656,-0.1666797250509262,0.17997244000434875,0.3383062481880188,-0.15319445729255676,0.16882023215293884,0.3054918646812439,-0.13916411995887756
N,0.1594216525554657,0.0,2.5841336537268944e-07,0.07255762815475464,0.07492366433143616,-0.0129571333527565,0.03550875186920166,0.21718847751617432,-0.046584051102399826,0.061137229204177856,0.3495737612247467,-0.07578466087579727,0.10463374853134155,0.4359799921512604,-0.10837574303150177,0.0009397566318511963,0.16059604287147522,-0.12135132402181625,0.0,0.36362341046333313,-0.16221387684345245,0.012695252895355225,0.4721645414829254,-0.17966707050800323,0.023120522499084473,0.5544364154338837,-0.18896619975566864,0.07893246412277222,0.1467365026473999,-0.135646253824234,0.07877084612846375,0.3764188587665558,-0.17162667214870453,0.08048582077026367,0.4994806945323944,-0.1775253713130951,0.08454498648643494,0.5846786797046661,-0.18551863729953766,0.15468895435333252,0.147251695394516,-0.1432969868183136,0.15154841542243958,0.3760397732257843,-0.17303164303302765,0.13689416646957397,0.35585954785346985,-0.1558302640914917,0.13329434394836426,0.29996708035469055,-0.14187826216220856,0.22221776843070984,0.16028299927711487,-0.15010996162891388,0.2008586823940277,0.3304496109485626,-0.17350241541862488,0.18111255764961243,0.31205013394355774,-0.1581139713525772,0.17332157492637634,0.2594688832759857,-0.14440886676311493
N,0.1655276119709015,0.0,2.3117175373954524e-07,0.08055523037910461,0.06755681335926056,-0.01154328789561987,0.03985658288002014,0.20437993109226227,-0.04428408294916153,0.06419390439987183,0.3352503925561905,-0.07310720533132553,0.10532450675964355,0.42338551580905914,-0.105382539331913,0.0033760368824005127,0.15499375760555267,-0.11643179506063461,0.0,0.3575703054666519,-0.15544769167900085,0.01157289743423462,0.4642958790063858,-0.17251771688461304,0.020821362733840942,0.5443703085184097,-0.18188828229904175,0.07867631316184998,0.14188535511493683,-0.13090413808822632,0.07442951202392578,0.36723674833774567,-0.16573163866996765,0.07508695125579834,0.48574085533618927,-0.17140428721904755,0.0785285234451294,0.5705169588327408,-0.17925266921520233,0.1530446708202362,0.143529012799263,-0.13882695138454437,0.14769718050956726,0.3639272600412369,-0.16734465956687927,0.13751086592674255,0.3408666402101517,-0.14951463043689728,0.13704395294189453,0.28744302690029144,-0.13520477712154388,0.22066161036491394,0.1587197631597519,-0.14584942162036896,0.19732293486595154,0.32496048510074615,-0.16708646714687347,0.18072381615638733,0.30854643881320953,-0.15056836605072021,0.17468324303627014,0.2603544443845749,-0.1364538073539734
N,0.16647624969482422,0.0,1.9030645148632175e-07,0.08223947882652283,0.06283438205718994,-0.014585819095373154,0.03565424680709839,0.18916696310043335,-0.04747703671455383,0.04455438256263733,0.31373363733291626,-0.0763082206249237,0.07605263590812683,0.3995150327682495,-0.10868197679519653,0.004902362823486328,0.1432783603668213,-0.11655814945697784,0.0,0.34156334400177,-0.15646769106388092,0.011293947696685791,0.44840770959854126,-0.1751440316438675,0.019127309322357178,0.5290913581848145,-0.18612468242645264,0.07837352156639099,0.1277397871017456,-0.130735844373703,0.07225018739700317,0.3486676812171936,-0.1676023304462433,0.07132762670516968,0.46517282724380493,-0.1754336655139923,0.0735710859298706,0.547578752040863,-0.18471646308898926,0.15218430757522583,0.12916496396064758,-0.13896606862545013,0.1450810730457306,0.34310412406921387,-0.1709081083536148,0.13856098055839539,0.32360345125198364,-0.15488897264003754,0.1404157280921936,0.2731069326400757,-0.14129073917865753,0.21901148557662964,0.1466602385044098,-0.14657871425151825,0.19555729627609253,0.30646640062332153,-0.17107689380645752,0.18264710903167725,0.2905774712562561,-0.1560525894165039,0.1793689727783203,0.24341320991516113,-0.1426185965538025
N,0.16290965676307678,0.0,1.9949686702602776e-07,0.08253747224807739,0.06124201416969299,-0.016698705032467842,0.04249569773674011,0.18279480934143066,-0.054478954523801804,0.060797303915023804,0.30648523569107056,-0.08841535449028015,0.09892284870147705,0.3859614133834839,-0.12643782794475555,0.004917263984680176,0.135474294424057,-0.12082899361848831,0.0,0.33014917373657227,-0.16254881024360657,0.010793477296829224,0.4363974928855896,-0.1838657110929489,0.016959011554718018,0.5164868831634521,-0.19767120480537415,0.07677781581878662,0.1184452474117279,-0.13549883663654327,0.07275325059890747,0.3362428545951843,-0.17374980449676514,0.07312741875648499,0.4509979486465454,-0.18362674117088318,0.07432466745376587,0.5339702367782593,-0.1953418254852295,0.14990484714508057,0.11782246828079224,-0.14405982196331024,0.14619791507720947,0.32636821269989014,-0.17684459686279297,0.14244136214256287,0.30023664236068726,-0.16101492941379547,0.14426210522651672,0.24772867560386658,-0.1485971063375473,0.2159360945224762,0.13384586572647095,-0.1522446870803833,0.19650813937187195,0.28686976432800293,-0.17802178859710693,0.18671372532844543,0.26709434390068054,-0.16320139169692993,0.18381205201148987,0.21876174211502075,-0.1505846083164215
N,0.16312438249588013,0.0,1.278089598599763e-07,0.08506175875663757,0.05499221384525299,-0.012723797000944614,0.04092741012573242,0.17182789742946625,-0.04493814706802368,0.0497472882270813,0.29342468082904816,-0.073998361825943,0.07210853695869446,0.3748443275690079,-0.10725630074739456,0.005190163850784302,0.1360488086938858,-0.11113087087869644,0.0,0.3282647281885147,-0.14923697710037231,0.010983109474182129,0.43356896936893463,-0.16846729815006256,0.017190098762512207,0.5110068470239639,-0.1806119829416275,0.07740569114685059,0.12003041803836823,-0.12569904327392578,0.07364526391029358,0.3350418955087662,-0.1602727472782135,0.07154041528701782,0.44869960844516754,-0.16974255442619324,0.07073706388473511,0.5304663330316544,-0.18109771609306335,0.14958685636520386,0.1194806843996048,-0.13420382142066956,0.14575687050819397,0.3208373337984085,-0.16456449031829834,0.1432020366191864,0.296037033200264,-0.1508200317621231,0.14604994654655457,0.24529333412647247,-0.13966615498065948,0.21448516845703125,0.13518787920475006,-0.14181764423847198,0.19569051265716553,0.2868357449769974,-0.1665372997522354,0.1878201961517334,0.2679703086614609,-0.1529533565044403,0.18666255474090576,0.2207210510969162,-0.1408165991306305
N,0.17018619179725647,0.0,1.3032462220508023e-07,0.09204176068305969,0.054078251123428345,-0.013083466328680515,0.04724836349487305,0.1706041395664215,-0.043850965797901154,0.04879143834114075,0.28932854533195496,-0.07110432535409927,0.06381776928901672,0.3736554682254791,-0.10191340744495392,0.00891125202178955,0.13353517651557922,-0.11012373119592667,0.0,0.3257167637348175,-0.14754056930541992,0.011121541261672974,0.43117257952690125,-0.1654341220855713,0.018901139497756958,0.5085740983486176,-0.17612195014953613,0.08008277416229248,0.12007087469100952,-0.12382315844297409,0.07414886355400085,0.33608487248420715,-0.15831466019153595,0.07231593132019043,0.45131930708885193,-0.1671946942806244,0.07242736220359802,0.5340145528316498,-0.1775595098733902,0.15243878960609436,0.12259617447853088,-0.13158775866031647,0.14672115445137024,0.3250493109226227,-0.16255596280097961,0.14286285638809204,0.2995976507663727,-0.14884217083454132,0.14609691500663757,0.2477015256881714,-0.1370769590139389,0.21821078658103943,0.14133569598197937,-0.13843588531017303,0.19709500670433044,0.2940392792224884,-0.16410045325756073,0.1879359781742096,0.2739592492580414,-0.15090997517108917,0.1867351233959198,0.2258400321006775,-0.13840971887111664
N,0.17145225405693054,0.0,1.1634059404741492e-07,0.09545120596885681,0.055379465222358704,-0.011299865320324898,0.06104192137718201,0.174264594912529,-0.04544800892472267,0.0827677845954895,0.3002718836069107,-0.07719734311103821,0.11376643180847168,0.38746441900730133,-0.1129918098449707,0.005967676639556885,0.13554956018924713,-0.10775940120220184,0.0,0.32776273787021637,-0.1456156075000763,0.011983692646026611,0.4333939701318741,-0.1645335704088211,0.020441055297851562,0.5110267549753189,-0.17635495960712433,0.07514861226081848,0.12395580112934113,-0.1235450729727745,0.0725310742855072,0.34172971546649933,-0.15823578834533691,0.07322260737419128,0.45489175617694855,-0.16806760430335999,0.0748930275440216,0.5366862565279007,-0.1794338822364807,0.14665409922599792,0.12711547315120697,-0.1332331895828247,0.14863508939743042,0.32671453058719635,-0.16249187290668488,0.1469878852367401,0.29744262993335724,-0.14865189790725708,0.14950251579284668,0.24647296965122223,-0.13782595098018646,0.2125360667705536,0.14637930691242218,-0.1419253796339035,0.1979013979434967,0.2981186658143997,-0.16488240659236908,0.191513329744339,0.2763137072324753,-0.14988446235656738,0.1902710497379303,0.22917936742305756,-0.1370191127061844
N,0.17454886436462402,0.0,7.385146005844945e-08,0.09780362248420715,0.05607543885707855,-0.010576712898910046,0.06014680862426758,0.17034311592578888,-0.04353020712733269,0.07168033719062805,0.2905256897211075,-0.07459896802902222,0.0942440927028656,0.3724915534257889,-0.10984565317630768,0.006754577159881592,0.13138316571712494,-0.10493380576372147,0.0,0.3199618011713028,-0.1434382051229477,0.010965436697006226,0.4251440316438675,-0.1646687537431717,0.017910808324813843,0.5037482529878616,-0.1787528246641159,0.07608097791671753,0.11581332981586456,-0.12192440778017044,0.07262441515922546,0.3271912485361099,-0.15722472965717316,0.07379084825515747,0.44146259129047394,-0.16976457834243774,0.07555937767028809,0.5237928777933121,-0.1835830807685852,0.14847299456596375,0.11429692804813385,-0.13293778896331787,0.1487741470336914,0.308557465672493,-0.16364061832427979,0.15069857239723206,0.28259558975696564,-0.15119315683841705,0.15516746044158936,0.23313216865062714,-0.14140626788139343,0.2144017219543457,0.1289971023797989,-0.14299023151397705,0.2025085687637329,0.27784566581249237,-0.1677742600440979,0.19915646314620972,0.2590436488389969,-0.1538965255022049,0.1990283727645874,0.21308840811252594,-0.14171437919139862
N,0.16709351539611816,0.0,6.804748409194872e-08,0.09320321679115295,0.059856757521629333,-0.01070768665522337,0.05956435203552246,0.1739872843027115,-0.045613937079906464,0.07735618948936462,0.2938335984945297,-0.07874081283807755,0.10981756448745728,0.3733869045972824,-0.11664874106645584,0.007185637950897217,0.14417843520641327,-0.10823219269514084,0.0,0.33100275695323944,-0.14827440679073334,0.012148469686508179,0.43557409942150116,-0.1699541211128235,0.02104717493057251,0.5120788067579269,-0.18393129110336304,0.07474148273468018,0.12398551404476166,-0.12534014880657196,0.07477277517318726,0.337824746966362,-0.16301727294921875,0.07848253846168518,0.4508083313703537,-0.17499838769435883,0.08225506544113159,0.5294079035520554,-0.1877707540988922,0.1466590166091919,0.11874215304851532,-0.13644511997699738,0.14856135845184326,0.31711022555828094,-0.16844673454761505,0.14979767799377441,0.2967185229063034,-0.15505635738372803,0.15371522307395935,0.24944157898426056,-0.14419734477996826,0.2117893099784851,0.13098777830600739,-0.1465662121772766,0.1999819278717041,0.28592710196971893,-0.17126528918743134,0.1955878734588623,0.27273471653461456,-0.1563575118780136,0.19468289613723755,0.22901318967342377,-0.14325633645057678
N,0.17347663640975952,0.0,7.6118823244542e-08,0.09574383497238159,0.056425437331199646,-0.012017212808132172,0.053966015577316284,0.17164181172847748,-0.043244145810604095,0.06225931644439697,0.28931210935115814,-0.07237312942743301,0.08633413910865784,0.3655044287443161,-0.10579299181699753,0.005445629358291626,0.14174415171146393,-0.103627048432827,0.0,0.32765839993953705,-0.14235125482082367,0.010412931442260742,0.4319688528776169,-0.1632958948612213,0.0173303484916687,0.5092097371816635,-0.17664466798305511,0.07264396548271179,0.12453071773052216,-0.11968270689249039,0.0729328989982605,0.33173225820064545,-0.15562890470027924,0.07409730553627014,0.44323067367076874,-0.1674094796180725,0.07589870691299438,0.5225215405225754,-0.17963506281375885,0.14380714297294617,0.12119196355342865,-0.1302642673254013,0.14716455340385437,0.3179895132780075,-0.16280509531497955,0.14884531497955322,0.2957373708486557,-0.15106721222400665,0.15357252955436707,0.246281698346138,-0.14036297798156738,0.21005576848983765,0.13408558070659637,-0.14002056419849396,0.19872421026229858,0.28743891417980194,-0.16592799127101898,0.19421499967575073,0.27315162122249603,-0.15297454595565796,0.19344300031661987,0.22746701538562775,-0.1406034529209137
N,0.17322373390197754,0.0,6.660202700459195e-08,0.09522667527198792,0.06053660809993744,-0.012307866476476192,0.056397050619125366,0.1757327765226364,-0.046760234981775284,0.06865385174751282,0.294506773352623,-0.07875479757785797,0.09616634249687195,0.37131504714488983,-0.115157850086689,0.008529692888259888,0.13611336052417755,-0.10916580259799957,0.0,0.3206496685743332,-0.1503365933895111,0.010242760181427002,0.4269978851079941,-0.1728859543800354,0.018631547689437866,0.5050636976957321,-0.18710558116436005,0.07650849223136902,0.11926619708538055,-0.12514536082744598,0.07313105463981628,0.3275429457426071,-0.1620524525642395,0.07586809992790222,0.44188885390758514,-0.1734781712293625,0.07995805144309998,0.5226792544126511,-0.18604514002799988,0.14677605032920837,0.11850063502788544,-0.13533733785152435,0.15023770928382874,0.3189700096845627,-0.16617774963378906,0.1490705907344818,0.29272426664829254,-0.15226909518241882,0.15059944987297058,0.24129532277584076,-0.1415378749370575,0.21069744229316711,0.13338927924633026,-0.14484669268131256,0.1993056833744049,0.2860352545976639,-0.16903389990329742,0.19363847374916077,0.2639720290899277,-0.15388844907283783,0.19071564078330994,0.2143191248178482,-0.14089138805866241
N,0.17171001434326172,0.0,1.1211053418946904e-07,0.09532320499420166,0.05702178180217743,-0.01292360108345747,0.06024360656738281,0.1698726862668991,-0.05013343691825867,0.07760775089263916,0.2873430401086807,-0.08489759266376495,0.11062780022621155,0.36316828429698944,-0.12422289699316025,0.009246855974197388,0.12795431911945343,-0.11405353248119354,0.0,0.31305186450481415,-0.15480314195156097,0.011319994926452637,0.41813527047634125,-0.17603662610054016,0.020014435052871704,0.49498407542705536,-0.18959805369377136,0.07691273093223572,0.1114485114812851,-0.13016948103904724,0.074268639087677,0.32146941125392914,-0.16844704747200012,0.0765017569065094,0.4360949844121933,-0.17971792817115784,0.07976832985877991,0.5170295089483261,-0.19232486188411713,0.14727461338043213,0.11263419687747955,-0.14019399881362915,0.14953723549842834,0.31358252465724945,-0.17158885300159454,0.1484978199005127,0.28965796530246735,-0.15771199762821198,0.1508210003376007,0.24011822044849396,-0.1470954716205597,0.21075162291526794,0.13119076192378998,-0.14949212968349457,0.1980840265750885,0.2853681892156601,-0.17376677691936493,0.19265910983085632,0.2665965408086777,-0.1590130478143692,0.1909729540348053,0.2188548892736435,-0.14659684896469116
N,0.16715934872627258,0.0,5.717234685675976e-08,0.09117674827575684,0.06388866901397705,-0.008893284015357494,0.054971545934677124,0.1757032573223114,-0.04062351956963539,0.06895279884338379,0.29071563482284546,-0.07062748074531555,0.09777218103408813,0.36381250619888306,-0.10528016835451126,0.007855623960494995,0.1368286907672882,-0.10290081053972244,0.0,0.3171626329421997,-0.1414773315191269,0.010530978441238403,0.42076176404953003,-0.16265460848808289,0.018664449453353882,0.4965015649795532,-0.176092267036438,0.07456842064857483,0.11547166109085083,-0.11951611936092377,0.07345786690711975,0.32283592224121094,-0.15525466203689575,0.07596859335899353,0.43673455715179443,-0.16702672839164734,0.0787230134010315,0.5158212780952454,-0.17965815961360931,0.14530417323112488,0.11041447520256042,-0.1301857829093933,0.14656683802604675,0.30695438385009766,-0.16091588139533997,0.14778873324394226,0.29410791397094727,-0.14899520576000214,0.1518872082233429,0.25009459257125854,-0.1388271450996399,0.20955446362495422,0.1232052743434906,-0.13973110914230347,0.19709721207618713,0.27666592597961426,-0.16338466107845306,0.19115802645683289,0.26891958713531494,-0.14973735809326172,0.18936362862586975,0.2269890010356903,-0.1373884528875351
N,0.1686772108078003,0.0,1.168112930827192e-07,0.09312707185745239,0.06396819651126862,-0.010995768010616302,0.05722200870513916,0.17837031185626984,-0.04604310169816017,0.07279902696609497,0.2937023192644119,-0.07888729870319366,0.10184001922607422,0.3676823526620865,-0.11609858274459839,0.007895439863204956,0.13167552649974823,-0.11056435853242874,0.0,0.31309016048908234,-0.15208521485328674,0.010792195796966553,0.4165048748254776,-0.17474552989006042,0.018884629011154175,0.4917025715112686,-0.18918241560459137,0.07562744617462158,0.11133261024951935,-0.1272900551557541,0.07318180799484253,0.32098014652729034,-0.16570629179477692,0.07518112659454346,0.433232918381691,-0.1771947592496872,0.07702833414077759,0.5125824362039566,-0.1898360550403595,0.14668309688568115,0.10828159749507904,-0.13796307146549225,0.14745813608169556,0.31287528574466705,-0.16987262666225433,0.14858701825141907,0.2890610247850418,-0.15458060801029205,0.15180066227912903,0.23869313299655914,-0.14261791110038757,0.2114180028438568,0.12154920399188995,-0.1478375643491745,0.19806310534477234,0.27582232654094696,-0.17241254448890686,0.1925964653491974,0.25915978848934174,-0.15693722665309906,0.19045093655586243,0.21241901814937592,-0.14365588128566742
N,0.16746196150779724,0.0,9.719084914650011e-08,0.09333249926567078,0.06278063356876373,-0.011559526436030865,0.06095778942108154,0.1792326718568802,-0.046705976128578186,0.0820462703704834,0.3034541755914688,-0.07960837334394455,0.11307582259178162,0.3842552453279495,-0.11684222519397736,0.008620917797088623,0.12836985290050507,-0.10725636780261993,0.0,0.31369663774967194,-0.14737525582313538,0.010118424892425537,0.4174717217683792,-0.16917884349822998,0.017138898372650146,0.4933764487504959,-0.18313485383987427,0.07605865597724915,0.11064277589321136,-0.12358960509300232,0.07021799683570862,0.3200932890176773,-0.15980491042137146,0.07242590188980103,0.4314943104982376,-0.1708223670721054,0.07495865225791931,0.5099969655275345,-0.18320807814598083,0.14694744348526,0.10884232819080353,-0.13425984978675842,0.14558270573616028,0.3061363250017166,-0.16485653817653656,0.14642512798309326,0.2893783301115036,-0.15144868195056915,0.14992475509643555,0.24479477107524872,-0.1409805864095688,0.2112697958946228,0.12488101422786713,-0.1440984606742859,0.19704461097717285,0.2759030908346176,-0.16766057908535004,0.19142580032348633,0.26675133407115936,-0.15341965854167938,0.18988695740699768,0.22680912911891937,-0.14130064845085144
N,0.16154241561889648,0.0,1.0551298146310728e-07,0.08941105008125305,0.06675121188163757,-0.008393156342208385,0.05862697958946228,0.1817704439163208,-0.04080609604716301,0.07941827178001404,0.3019908666610718,-0.07169601321220398,0.11055004596710205,0.3814479112625122,-0.10660812258720398,0.007711976766586304,0.13781064748764038,-0.10001080483198166,0.0,0.3219355344772339,-0.13913802802562714,0.010852813720703125,0.4246121048927307,-0.16062188148498535,0.01878562569618225,0.49912816286087036,-0.17393577098846436,0.07491031289100647,0.1177675724029541,-0.11708742380142212,0.07168349623680115,0.326632022857666,-0.15311314165592194,0.07314777374267578,0.43840980529785156,-0.16437458992004395,0.07418316602706909,0.5166093707084656,-0.1760169267654419,0.14563080668449402,0.11334472894668579,-0.1285986304283142,0.14545384049415588,0.3067297041416168,-0.15920166671276093,0.1463257372379303,0.2971109449863434,-0.14605844020843506,0.14866918325424194,0.2581818401813507,-0.1346888244152069,0.2100544273853302,0.126206636428833,-0.13905766606330872,0.1968918740749359,0.274463027715683,-0.16105255484580994,0.19000640511512756,0.27219343185424805,-0.14615841209888458,0.18656417727470398,0.23761335015296936,-0.13305141031742096
N,0.1632501780986786,0.0,1.859962281969274e-07,0.08913320302963257,0.06432341039180756,-0.014829017221927643,0.056956350803375244,0.18033473193645477,-0.05265895649790764,0.08257728815078735,0.2995726317167282,-0.0877961590886116,0.11875063180923462,0.37239085137844086,-0.12688948214054108,0.004908859729766846,0.1337912231683731,-0.11275195330381393,0.0,0.3200257271528244,-0.15378570556640625,0.011077970266342163,0.42294512689113617,-0.17517639696598053,0.018142104148864746,0.49768422544002533,-0.18870480358600616,0.07352367043495178,0.11511902511119843,-0.12873229384422302,0.07064118981361389,0.32421647012233734,-0.16715462505817413,0.07287922501564026,0.43735574185848236,-0.17814794182777405,0.07486635446548462,0.5187284797430038,-0.19019478559494019,0.14442741870880127,0.11383925378322601,-0.13914334774017334,0.14547672867774963,0.3202279061079025,-0.17272134125232697,0.1458856165409088,0.29421328008174896,-0.15859206020832062,0.14913836121559143,0.24169228971004486,-0.14683957397937775,0.20921245217323303,0.1295577734708786,-0.14901864528656006,0.1954309642314911,0.284903421998024,-0.17525991797447205,0.18845638632774353,0.2656974643468857,-0.16098108887672424,0.18643483519554138,0.21702896058559418,-0.14833632111549377
N,0.1560594141483307,0.0,1.514880381137118e-07,0.08309993147850037,0.06124363839626312,-0.010139144957065582,0.04486456513404846,0.17641691863536835,-0.041261330246925354,0.05745801329612732,0.2911119908094406,-0.06989176571369171,0.08220046758651733,0.36501525342464447,-0.10287843644618988,0.00446966290473938,0.14927537739276886,-0.10390031337738037,0.0,0.3334997147321701,-0.142111137509346,0.013378560543060303,0.4357403367757797,-0.1621515303850174,0.02518865466117859,0.5114409774541855,-0.1741858571767807,0.0725700855255127,0.1327018290758133,-0.11939878016710281,0.07352954149246216,0.34396539628505707,-0.15499159693717957,0.07597100734710693,0.4635402411222458,-0.1662956029176712,0.07947215437889099,0.5489628165960312,-0.1775997430086136,0.14385640621185303,0.1295231133699417,-0.12906453013420105,0.1427135169506073,0.3233862966299057,-0.1589127779006958,0.1395772397518158,0.31261907517910004,-0.1463358849287033,0.14060860872268677,0.27277742326259613,-0.13504061102867126,0.20805349946022034,0.14221777021884918,-0.1376718431711197,0.19275715947151184,0.29004620015621185,-0.16017575562000275,0.18225648999214172,0.2878255695104599,-0.1465030461549759,0.17634937167167664,0.25598184764385223,-0.13373132050037384
N,0.157600998878479,0.0,1.9196123446363345e-07,0.08224055171012878,0.060752466320991516,-0.013205255381762981,0.03762620687484741,0.17447300255298615,-0.04288345202803612,0.04002845287322998,0.28432418406009674,-0.06925788521766663,0.05959630012512207,0.3611602932214737,-0.09920574724674225,0.0033188462257385254,0.14104001224040985,-0.1075138971209526,0.0,0.32982201874256134,-0.1458192616701126,0.012478858232498169,0.43373091518878937,-0.16407114267349243,0.022484511137008667,0.5107941776514053,-0.17422570288181305,0.07108289003372192,0.12182123959064484,-0.12111843377351761,0.07200580835342407,0.33414526283741,-0.15723192691802979,0.07153838872909546,0.4519822746515274,-0.1668340265750885,0.0727209746837616,0.5367011576890945,-0.1761581003665924,0.14110445976257324,0.11871831119060516,-0.12924963235855103,0.14021769165992737,0.3190842419862747,-0.16113629937171936,0.13372653722763062,0.3092384487390518,-0.14847131073474884,0.13309887051582336,0.26806746423244476,-0.13585929572582245,0.20583182573318481,0.1334257274866104,-0.13660193979740143,0.18753468990325928,0.2870141416788101,-0.1613750010728836,0.17390277981758118,0.28334762156009674,-0.1487431824207306,0.16657644510269165,0.24893520772457123,-0.13587665557861328
