label,x0,y0,z0,x1,y1,z1,x2,y2,z2,x3,y3,z3,x4,y4,z4,x5,y5,z5,x6,y6,z6,x7,y7,z7,x8,y8,z8,x9,y9,z9,x10,y10,z10,x11,y11,z11,x12,y12,z12,x13,y13,z13,x14,y14,z14,x15,y15,z15,x16,y16,z16,x17,y17,z17,x18,y18,z18,x19,y19,z19,x20,y20,z20
V,0.13726824522018433,0.6197608113288879,8.702657510184508e-07,0.0813370943069458,0.5502622127532959,-0.0326741524040699,0.06132650375366211,0.4540073275566101,-0.053032904863357544,0.09770399332046509,0.38026124238967896,-0.07531774044036865,0.14260703325271606,0.3374338150024414,-0.09490326792001724,0.06011003255844116,0.30361491441726685,-0.02505970187485218,0.031852900981903076,0.17567354440689087,-0.053349271416664124,0.013445913791656494,0.09290605783462524,-0.07146404683589935,0.0,0.02628082036972046,-0.08247237652540207,0.11787927150726318,0.3028389811515808,-0.03190937265753746,0.13235080242156982,0.15987753868103027,-0.062274277210235596,0.13983100652694702,0.07154235243797302,-0.0817246288061142,0.14890670776367188,0.0,-0.09080961346626282,0.16788697242736816,0.33549976348876953,-0.043291814625263214,0.19038265943527222,0.25545722246170044,-0.08481965959072113,0.17709583044052124,0.3208755850791931,-0.08791827410459518,0.16648167371749878,0.3776063323020935,-0.0765274167060852,0.2115309238433838,0.38824403285980225,-0.05758905038237572,0.23454684019088745,0.32154381275177,-0.08384858071804047,0.22360104322433472,0.3522392511367798,-0.07647205144166946,0.21266162395477295,0.3879619240760803,-0.06308657675981522
V,0.13467168807983398,0.6199564039707184,8.534958055861352e-07,0.0774773359298706,0.5501223504543304,-0.030632616952061653,0.05802047252655029,0.45086100697517395,-0.04961642995476723,0.09824609756469727,0.3777481019496918,-0.07072245329618454,0.145530104637146,0.34373554587364197,-0.08973369002342224,0.05677783489227295,0.3076559007167816,-0.024939024820923805,0.02965247631072998,0.1777878701686859,-0.05296546593308449,0.012769520282745361,0.09379896521568298,-0.07104295492172241,0.0,0.026459217071533203,-0.08226239681243896,0.11578643321990967,0.3062761723995209,-0.03221001476049423,0.1311458945274353,0.16091009974479675,-0.062284719198942184,0.1384081244468689,0.07241243124008179,-0.08184731751680374,0.14764124155044556,0.0,-0.09107983857393265,0.16693300008773804,0.3383925259113312,-0.043536264449357986,0.18774676322937012,0.25352582335472107,-0.08463937789201736,0.17338353395462036,0.3160933554172516,-0.08847850561141968,0.16300594806671143,0.37134960293769836,-0.07745157182216644,0.21167778968811035,0.39016249775886536,-0.057441264390945435,0.23382222652435303,0.32127758860588074,-0.08372034132480621,0.22391080856323242,0.3463018238544464,-0.07706423848867416,0.21522164344787598,0.37785038352012634,-0.06406207382678986
V,0.13589149713516235,0.6237300038337708,8.706130643076904e-07,0.0785973072052002,0.5522815585136414,-0.03101344034075737,0.0597383975982666,0.4540455937385559,-0.049876708537340164,0.09574258327484131,0.37955212593078613,-0.07099579274654388,0.13830018043518066,0.3350432515144348,-0.08935194462537766,0.05732518434524536,0.30656713247299194,-0.021982096135616302,0.02996087074279785,0.17803794145584106,-0.04908454418182373,0.012906789779663086,0.09504377841949463,-0.06624537706375122,0.0,0.02761945128440857,-0.07640749216079712,0.11579805612564087,0.3067041039466858,-0.029015792533755302,0.1316237449645996,0.16256585717201233,-0.05847601592540741,0.13983672857284546,0.07316955924034119,-0.0773782730102539,0.1493675708770752,0.0,-0.08591774851083755,0.16630661487579346,0.3400647044181824,-0.04052184894680977,0.18794912099838257,0.261371374130249,-0.08148598670959473,0.17338532209396362,0.32779377698898315,-0.08448232710361481,0.16208404302597046,0.38486039638519287,-0.0725986436009407,0.21101033687591553,0.3924137353897095,-0.05475933849811554,0.2352668046951294,0.3233957290649414,-0.0797199234366417,0.22308743000030518,0.351864218711853,-0.07185842096805573,0.2106114625930786,0.38577014207839966,-0.058109842240810394
V,0.13573241233825684,0.621067225933075,8.747010156184842e-07,0.0780068039894104,0.5508900284767151,-0.03253696858882904,0.05864357948303223,0.4514463543891907,-0.05213753134012222,0.09620106220245361,0.3761862516403198,-0.07348648458719254,0.14182966947555542,0.33528268337249756,-0.0922870934009552,0.058314740657806396,0.3066076636314392,-0.025678912177681923,0.02926105260848999,0.17622965574264526,-0.05246942862868309,0.012185394763946533,0.0925808846950531,-0.06945157051086426,0.0,0.02503606677055359,-0.07994205504655838,0.11668771505355835,0.30588990449905396,-0.032031260430812836,0.13148510456085205,0.16074463725090027,-0.06111503019928932,0.13941717147827148,0.07190364599227905,-0.08018577098846436,0.14932185411453247,0.0,-0.08921115845441818,0.1666196584701538,0.33932703733444214,-0.042628299444913864,0.18623608350753784,0.2551664113998413,-0.08337670564651489,0.1710672378540039,0.32183510065078735,-0.08719528466463089,0.15994220972061157,0.3805916905403137,-0.07633698731660843,0.210659921169281,0.39278578758239746,-0.05601450055837631,0.2328805923461914,0.32485854625701904,-0.08212027698755264,0.2227533459663391,0.3518005609512329,-0.07593494653701782,0.21334832906723022,0.384665846824646,-0.06348837912082672
V,0.1330675482749939,0.623928964138031,8.757210707699414e-07,0.07632648944854736,0.5515668392181396,-0.03172066807746887,0.05713587999343872,0.45259982347488403,-0.051729604601860046,0.09286302328109741,0.3793628215789795,-0.07385017722845078,0.13664990663528442,0.3358822464942932,-0.09349541366100311,0.05592060089111328,0.30577003955841064,-0.024379316717386246,0.028745293617248535,0.17578130960464478,-0.05202756077051163,0.011914730072021484,0.09144049882888794,-0.06992790102958679,0.0,0.024579733610153198,-0.08094298094511032,0.11421972513198853,0.3071886897087097,-0.03164999186992645,0.13076287508010864,0.1612757444381714,-0.06171003729104996,0.13839036226272583,0.07163795828819275,-0.08174585551023483,0.14878159761428833,0.0,-0.09151764214038849,0.16494232416152954,0.3414672613143921,-0.04321331903338432,0.18845701217651367,0.25421661138534546,-0.08337713778018951,0.17149454355239868,0.3180186152458191,-0.0860811397433281,0.15911197662353516,0.3751838803291321,-0.07495705783367157,0.20936530828475952,0.3955531120300293,-0.05760539323091507,0.23247581720352173,0.32431286573410034,-0.08259205520153046,0.220941424369812,0.350344717502594,-0.07491479814052582,0.21018177270889282,0.38217979669570923,-0.061708200722932816
V,0.13040786981582642,0.6281589269638062,8.666159487802361e-07,0.07404822111129761,0.5564403533935547,-0.029049159958958626,0.05726057291030884,0.45477843284606934,-0.048025257885456085,0.09219920635223389,0.3802782893180847,-0.06959681212902069,0.13463258743286133,0.338997483253479,-0.08873147517442703,0.05490201711654663,0.30758970975875854,-0.02257370948791504,0.028715550899505615,0.1766532063484192,-0.05076524615287781,0.01210486888885498,0.09107041358947754,-0.06914728879928589,0.0,0.024131864309310913,-0.08047197014093399,0.11232423782348633,0.3086286187171936,-0.03111773170530796,0.12992799282073975,0.16268333792686462,-0.062220849096775055,0.1371132731437683,0.07182970643043518,-0.08303570747375488,0.14628100395202637,0.0,-0.09323860704898834,0.16230332851409912,0.34248000383377075,-0.043562840670347214,0.18564146757125854,0.2519990801811218,-0.08320950716733932,0.16789555549621582,0.3137838840484619,-0.08533686399459839,0.15469813346862793,0.3697705864906311,-0.07406129688024521,0.2056804895401001,0.39618629217147827,-0.058761369436979294,0.2291383147239685,0.32895660400390625,-0.08354923129081726,0.2185106873512268,0.34930336475372314,-0.07626107335090637,0.20895463228225708,0.37550902366638184,-0.06324782967567444
V,0.1332646608352661,0.6252822577953339,8.781086080489331e-07,0.07696181535720825,0.5543347895145416,-0.0325939767062664,0.058867812156677246,0.4557701647281647,-0.052240293473005295,0.09277427196502686,0.3806072175502777,-0.0736854076385498,0.13532936573028564,0.337595134973526,-0.09223973006010056,0.05471307039260864,0.30434373021125793,-0.021859150379896164,0.028420627117156982,0.17383936047554016,-0.04909280687570572,0.011916875839233398,0.08866658806800842,-0.06659489870071411,0.0,0.02176433801651001,-0.07693830877542496,0.11365652084350586,0.3057020604610443,-0.02814950980246067,0.1301060914993286,0.16170284152030945,-0.05820787325501442,0.13786649703979492,0.07171297073364258,-0.07805099338293076,0.14693009853363037,0.0,-0.08718900382518768,0.1649666428565979,0.33941909670829773,-0.03911566734313965,0.1883692741394043,0.2557860314846039,-0.08131822198629379,0.17362546920776367,0.3157086670398712,-0.08661127835512161,0.16163897514343262,0.3709510862827301,-0.07611048966646194,0.20951056480407715,0.3916115462779999,-0.05270786210894585,0.23384928703308105,0.3231907784938812,-0.07957485318183899,0.22521167993545532,0.3448045551776886,-0.07386232912540436,0.21621114015579224,0.37400659918785095,-0.06123747304081917
V,0.13446176052093506,0.6244824826717377,9.014765964820981e-07,0.07803535461425781,0.550066202878952,-0.030910560861229897,0.058337271213531494,0.45080772042274475,-0.05041554197669029,0.09609180688858032,0.37857165932655334,-0.07208990305662155,0.14319056272506714,0.3402978479862213,-0.09102384746074677,0.05714505910873413,0.30456456542015076,-0.02256382629275322,0.029808759689331055,0.173943430185318,-0.04959177225828171,0.012866377830505371,0.0906883180141449,-0.0668337270617485,0.0,0.024031132459640503,-0.0771014615893364,0.11467844247817993,0.30600813031196594,-0.029508236795663834,0.1324857473373413,0.1614157259464264,-0.05863436311483383,0.14034652709960938,0.07229721546173096,-0.0772380530834198,0.14967352151870728,0.0,-0.08563730120658875,0.1646648645401001,0.3399885594844818,-0.040841277688741684,0.18704986572265625,0.2591286599636078,-0.08102989941835403,0.1705825924873352,0.3245452344417572,-0.08364279568195343,0.15862888097763062,0.3820819556713104,-0.07148623466491699,0.2089506983757019,0.39258018136024475,-0.05496680364012718,0.23290425539016724,0.32485446333885193,-0.07961934804916382,0.2222667932510376,0.34855154156684875,-0.07188528031110764,0.21226096153259277,0.3785424530506134,-0.058114007115364075
V,0.13259315490722656,0.6228198409080505,8.713859642739408e-07,0.07574903964996338,0.5510097742080688,-0.03150554001331329,0.056474387645721436,0.4527779221534729,-0.051521677523851395,0.09392637014389038,0.3807322382926941,-0.0740353986620903,0.139285147190094,0.3405643701553345,-0.09403441101312637,0.055925726890563965,0.30417323112487793,-0.02305193617939949,0.029147624969482422,0.17488643527030945,-0.05119708925485611,0.012423574924468994,0.09130892157554626,-0.06946393102407455,0.0,0.024743854999542236,-0.08058799058198929,0.1138390302658081,0.3055689334869385,-0.030691130086779594,0.13032305240631104,0.16141444444656372,-0.06141182407736778,0.13726437091827393,0.07276245951652527,-0.08132318407297134,0.14547443389892578,0.0,-0.09072910994291306,0.16373205184936523,0.33938664197921753,-0.042846210300922394,0.18546384572982788,0.2558973431587219,-0.08426637947559357,0.16961652040481567,0.3236014246940613,-0.08670076727867126,0.1575005054473877,0.3820134401321411,-0.07470400631427765,0.20743787288665771,0.39251112937927246,-0.0578790158033371,0.23040378093719482,0.32119429111480713,-0.08315739780664444,0.21765297651290894,0.35136955976486206,-0.07491441071033478,0.2052796483039856,0.38725459575653076,-0.06107882037758827
V,0.1330776810646057,0.6225434839725494,8.631366199551849e-07,0.07600736618041992,0.5496791899204254,-0.030887210741639137,0.0575563907623291,0.4478411376476288,-0.04956357926130295,0.09555596113204956,0.37349769473075867,-0.07032827287912369,0.14142048358917236,0.3348720371723175,-0.08852706104516983,0.05734604597091675,0.3038913309574127,-0.02168085426092148,0.029973626136779785,0.17491546273231506,-0.049049846827983856,0.012460947036743164,0.09154346585273743,-0.06672932952642441,0.0,0.025273829698562622,-0.07750274986028671,0.11427313089370728,0.3048045337200165,-0.028896069154143333,0.13003486394882202,0.1599755585193634,-0.05872928723692894,0.13797253370285034,0.07191649079322815,-0.07849399000406265,0.14825093746185303,0.0,-0.08783472329378128,0.1638750433921814,0.33784136176109314,-0.04050241783261299,0.18870002031326294,0.2546621263027191,-0.08137816935777664,0.17279744148254395,0.3171749413013458,-0.08513927459716797,0.1600552797317505,0.3712467849254608,-0.07423051446676254,0.20723730325698853,0.3894694745540619,-0.05480748042464256,0.23070138692855835,0.3201605975627899,-0.080403633415699,0.2202998399734497,0.34634265303611755,-0.07322186231613159,0.20981931686401367,0.3779701292514801,-0.06008963659405708
V,0.1324530839920044,0.6259390115737915,8.776987101555278e-07,0.07630997896194458,0.5516458749771118,-0.030176693573594093,0.05626863241195679,0.4505245089530945,-0.04970890283584595,0.09395956993103027,0.37639862298965454,-0.07129573076963425,0.14221644401550293,0.34040045738220215,-0.09070917218923569,0.0569385290145874,0.3093869686126709,-0.02537224441766739,0.029691219329833984,0.17872479557991028,-0.053621403872966766,0.01254338026046753,0.09452500939369202,-0.07201162725687027,0.0,0.027054429054260254,-0.0833803117275238,0.11416786909103394,0.3088865876197815,-0.03287641704082489,0.13027936220169067,0.16167640686035156,-0.062155649065971375,0.1386001706123352,0.07226473093032837,-0.0813167616724968,0.14898401498794556,0.0,-0.09055541455745697,0.1641530990600586,0.3418712019920349,-0.04428566247224808,0.1873459815979004,0.25415170192718506,-0.08322649449110031,0.17049050331115723,0.3145751953125,-0.08575456589460373,0.15763068199157715,0.3704482316970825,-0.07460086047649384,0.2078239917755127,0.39488697052001953,-0.058447644114494324,0.23031067848205566,0.3270936608314514,-0.08285101503133774,0.22155123949050903,0.3481728434562683,-0.07520205527544022,0.21318840980529785,0.37650787830352783,-0.06185588240623474
V,0.13217276334762573,0.6236848533153534,8.894929806047003e-07,0.07622557878494263,0.5470993220806122,-0.030310368165373802,0.05639070272445679,0.4480726420879364,-0.049431949853897095,0.09345608949661255,0.3736710250377655,-0.07139525562524796,0.14098453521728516,0.33439144492149353,-0.09092554450035095,0.05541437864303589,0.30465367436408997,-0.020061848685145378,0.028542160987854004,0.17624559998512268,-0.047862451523542404,0.01181793212890625,0.09357711672782898,-0.06549959629774094,0.0,0.026003539562225342,-0.0758630633354187,0.11264556646347046,0.30580267310142517,-0.02812068909406662,0.13021254539489746,0.16213712096214294,-0.05806875228881836,0.1386629343032837,0.07305270433425903,-0.0771707221865654,0.1490921974182129,0.0,-0.08565372973680496,0.16334038972854614,0.33927008509635925,-0.04080682620406151,0.18607419729232788,0.26186278462409973,-0.08227287232875824,0.1686130166053772,0.3278966248035431,-0.08534374833106995,0.15681833028793335,0.38464686274528503,-0.07317748665809631,0.20769619941711426,0.3913212716579437,-0.0562334768474102,0.22894376516342163,0.32413432002067566,-0.08067335188388824,0.2155480980873108,0.35389474034309387,-0.07187948375940323,0.2045125961303711,0.38889196515083313,-0.05739738419651985
V,0.13324207067489624,0.6269372999668121,8.972387490757683e-07,0.0771598219871521,0.5509853065013885,-0.02899022027850151,0.05763673782348633,0.45189347863197327,-0.04764847457408905,0.09184730052947998,0.37528786063194275,-0.06906461715698242,0.13674908876419067,0.33538511395454407,-0.08791936933994293,0.05570042133331299,0.3111044466495514,-0.02021711692214012,0.02880913019180298,0.18023452162742615,-0.04801938682794571,0.01230233907699585,0.09646782279014587,-0.06549587100744247,0.0,0.028794825077056885,-0.07555828243494034,0.11251187324523926,0.3104243576526642,-0.028080135583877563,0.12991678714752197,0.16393694281578064,-0.05798860266804695,0.13863742351531982,0.07282492518424988,-0.07656334340572357,0.1484188437461853,0.0,-0.08434860408306122,0.16273552179336548,0.3425016701221466,-0.04023479297757149,0.18214577436447144,0.26097849011421204,-0.08061935752630234,0.1666126847267151,0.325754314661026,-0.08254513144493103,0.15579205751419067,0.38404545187950134,-0.06952811777591705,0.20725774765014648,0.39321163296699524,-0.05506615340709686,0.22786372900009155,0.32711759209632874,-0.07908402383327484,0.2178056240081787,0.35102275013923645,-0.07027861475944519,0.20917218923568726,0.38137248158454895,-0.05546441674232483
V,0.13442552089691162,0.6254794001579285,9.258069439965766e-07,0.07755744457244873,0.5556114912033081,-0.03349523991346359,0.057457804679870605,0.45499908924102783,-0.05342618003487587,0.0943102240562439,0.37799376249313354,-0.07471482455730438,0.14154934883117676,0.3391808271408081,-0.09345892816781998,0.054489731788635254,0.31161296367645264,-0.026915770024061203,0.027774810791015625,0.18071016669273376,-0.055071987211704254,0.012044191360473633,0.09816086292266846,-0.07190283387899399,0.0,0.030254721641540527,-0.08134004473686218,0.11148315668106079,0.31049400568008423,-0.032784245908260345,0.12948542833328247,0.16208600997924805,-0.06237723305821419,0.13974952697753906,0.07321575284004211,-0.07951416820287704,0.15017426013946533,0.0,-0.08588606119155884,0.1618889570236206,0.3426862955093384,-0.04307372868061066,0.18179047107696533,0.26844877004623413,-0.0845719650387764,0.16654813289642334,0.33634066581726074,-0.08697067201137543,0.15525752305984497,0.3904333710670471,-0.07388752698898315,0.20638036727905273,0.3933688998222351,-0.05621076747775078,0.22808706760406494,0.3302837014198303,-0.08138759434223175,0.21838271617889404,0.3624637722969055,-0.07249428331851959,0.21000200510025024,0.39520949125289917,-0.0574721097946167
V,0.13326942920684814,0.6230484843254089,9.138823315879563e-07,0.07621949911117554,0.5527586340904236,-0.03016766719520092,0.05482792854309082,0.4537433385848999,-0.049187008291482925,0.09106028079986572,0.3797588348388672,-0.0701601505279541,0.13824087381362915,0.34397900104522705,-0.08886587619781494,0.05396503210067749,0.30915868282318115,-0.025358717888593674,0.026985585689544678,0.17976880073547363,-0.05215740203857422,0.011516153812408447,0.09777587652206421,-0.06845974177122116,0.0,0.03135451674461365,-0.0778217688202858,0.11124527454376221,0.3077612519264221,-0.03271454945206642,0.12879973649978638,0.15965956449508667,-0.06048206984996796,0.13787388801574707,0.07046464085578918,-0.07751180231571198,0.1475282907485962,0.0,-0.08442764729261398,0.16159319877624512,0.34082114696502686,-0.044094305485486984,0.18134468793869019,0.2651059031486511,-0.08297599852085114,0.16604816913604736,0.3281095027923584,-0.08644560724496841,0.15473544597625732,0.38174980878829956,-0.07517021149396896,0.20635312795639038,0.39262253046035767,-0.05808253213763237,0.22919821739196777,0.3280045986175537,-0.0819600522518158,0.21971625089645386,0.3564286231994629,-0.07420650869607925,0.21107906103134155,0.3884354829788208,-0.060558125376701355
V,0.13497304916381836,0.6238139271736145,8.671343039168278e-07,0.0766289234161377,0.5540379285812378,-0.02967715449631214,0.056478261947631836,0.45614010095596313,-0.04785305634140968,0.0897531509399414,0.3801785111427307,-0.06806781888008118,0.1348210573196411,0.344241201877594,-0.08611845225095749,0.055140793323516846,0.3071907162666321,-0.023111889138817787,0.028360426425933838,0.1778596043586731,-0.048522334545850754,0.012049496173858643,0.09538537263870239,-0.06462354212999344,0.0,0.029329895973205566,-0.07432052493095398,0.11247342824935913,0.30559879541397095,-0.030491407960653305,0.12880635261535645,0.15855777263641357,-0.05672284588217735,0.13624459505081177,0.06842124462127686,-0.07449963688850403,0.14468806982040405,0.0,-0.08272945135831833,0.16275125741958618,0.3393712639808655,-0.04182971268892288,0.1804358959197998,0.25645095109939575,-0.07880550622940063,0.16562801599502563,0.310777485370636,-0.08467265963554382,0.1542249321937561,0.3624410629272461,-0.07625797390937805,0.20730620622634888,0.3925060033798218,-0.05572935938835144,0.2288711667060852,0.32755059003829956,-0.07934808731079102,0.21925413608551025,0.34991174936294556,-0.07404036819934845,0.20956569910049438,0.38048309087753296,-0.06265570968389511
V,0.13674795627593994,0.6243107318878174,8.720796245142992e-07,0.07858920097351074,0.5538111925125122,-0.0314851850271225,0.0552634596824646,0.45613378286361694,-0.05056288465857506,0.09107273817062378,0.3793013095855713,-0.07115334272384644,0.1395251750946045,0.3417019248008728,-0.08942882716655731,0.0557255744934082,0.30814874172210693,-0.024634741246700287,0.028244614601135254,0.17843303084373474,-0.05105358734726906,0.011844217777252197,0.09682822227478027,-0.06784901022911072,0.0,0.031149953603744507,-0.07778987288475037,0.1128314733505249,0.3068361282348633,-0.031023046001791954,0.12792199850082397,0.16010087728500366,-0.058242570608854294,0.1347900629043579,0.07065913081169128,-0.07657945901155472,0.143480122089386,0.0,-0.08509620279073715,0.16277289390563965,0.34005993604660034,-0.04162755236029625,0.18175172805786133,0.2607690691947937,-0.08035039901733398,0.16837304830551147,0.31595849990844727,-0.08689219504594803,0.15896940231323242,0.3673021197319031,-0.07829216122627258,0.20669645071029663,0.3920770287513733,-0.054870691150426865,0.22818094491958618,0.3263343572616577,-0.07925131916999817,0.22032523155212402,0.34780001640319824,-0.07411476224660873,0.2131129503250122,0.37703943252563477,-0.0626721903681755
V,0.13616818189620972,0.6208431720733643,8.663254220664385e-07,0.07848554849624634,0.5493377447128296,-0.02916916273534298,0.057131171226501465,0.45075327157974243,-0.04782341420650482,0.09121650457382202,0.37452369928359985,-0.06883709877729416,0.13705295324325562,0.3352126479148865,-0.08752606064081192,0.05666226148605347,0.30501246452331543,-0.022264882922172546,0.02893853187561035,0.17614036798477173,-0.04941152036190033,0.012332677841186523,0.09409189224243164,-0.06612353771924973,0.0,0.02856236696243286,-0.07545081526041031,0.11265134811401367,0.3045443892478943,-0.0301743783056736,0.1271551251411438,0.1562231183052063,-0.058484528213739395,0.13361549377441406,0.06813710927963257,-0.07570072263479233,0.14247310161590576,0.0,-0.0823909342288971,0.16274797916412354,0.33739596605300903,-0.042235296219587326,0.17963838577270508,0.25855159759521484,-0.08104939758777618,0.16423344612121582,0.31981295347213745,-0.08376713842153549,0.15466278791427612,0.37322336435317993,-0.07185912132263184,0.20758849382400513,0.3887138366699219,-0.0568990483880043,0.2265682816505432,0.3224186897277832,-0.07892987132072449,0.21503663063049316,0.34990835189819336,-0.06969742476940155,0.2066146731376648,0.3822619915008545,-0.05515000969171524
V,0.13527196645736694,0.6204802095890045,8.598225917921809e-07,0.07671248912811279,0.5464703142642975,-0.02890598773956299,0.05460172891616821,0.44630691409111023,-0.04693150520324707,0.08980423212051392,0.3715988099575043,-0.06749770045280457,0.1363983154296875,0.33478662371635437,-0.08588264137506485,0.05574977397918701,0.3045985996723175,-0.02103482000529766,0.028457343578338623,0.17617008090019226,-0.04712411016225815,0.011834800243377686,0.09470117092132568,-0.06358066946268082,0.0,0.029351145029067993,-0.07327544689178467,0.11218142509460449,0.30423983931541443,-0.02900075912475586,0.1262531280517578,0.15879085659980774,-0.0570581890642643,0.13327950239181519,0.06964772939682007,-0.07517814636230469,0.14248043298721313,0.0,-0.08313663303852081,0.16241198778152466,0.3366396725177765,-0.04116418957710266,0.17975807189941406,0.256775826215744,-0.08061346411705017,0.16440200805664062,0.31826290488243103,-0.08509592711925507,0.1533830761909485,0.37385568022727966,-0.07459405809640884,0.207344651222229,0.3872711956501007,-0.0558154433965683,0.2251477837562561,0.32001855969429016,-0.07976613193750381,0.21544229984283447,0.3467780649662018,-0.07243350893259048,0.20737868547439575,0.3802696168422699,-0.059263329952955246
V,0.13617420196533203,0.6185698211193085,8.628625209894381e-07,0.07998526096343994,0.5463683307170868,-0.030043279752135277,0.0585712194442749,0.44776174426078796,-0.04899439960718155,0.09072369337081909,0.3728502690792084,-0.06995696574449539,0.1357983946800232,0.3342694938182831,-0.0882997214794159,0.05769312381744385,0.30481961369514465,-0.02289467677474022,0.03007376194000244,0.17701855301856995,-0.04959157854318619,0.01274937391281128,0.09657445549964905,-0.06646933406591415,0.0,0.031590819358825684,-0.07632100582122803,0.11295419931411743,0.3038322627544403,-0.02969641610980034,0.12694042921066284,0.15921667218208313,-0.05801447853446007,0.13395404815673828,0.07116124033927917,-0.07593460381031036,0.1432608962059021,0.0,-0.08368967473506927,0.16247618198394775,0.33554038405418396,-0.04060046747326851,0.17959165573120117,0.25800904631614685,-0.07940809428691864,0.16459226608276367,0.32080480456352234,-0.08220750093460083,0.15449821949005127,0.3760491907596588,-0.07052423059940338,0.20687967538833618,0.38579288125038147,-0.054236579686403275,0.22628921270370483,0.31926700472831726,-0.07763811200857162,0.2185080647468567,0.34199175238609314,-0.06973566859960556,0.212213397026062,0.3705238401889801,-0.05600448325276375
V,0.13328909873962402,0.6206734478473663,8.51872584917146e-07,0.0754934549331665,0.5493134558200836,-0.029118789359927177,0.05273157358169556,0.45108774304389954,-0.048233672976493835,0.0859728455543518,0.37623074650764465,-0.06974530220031738,0.13151627779006958,0.3377067744731903,-0.08910801261663437,0.05579376220703125,0.30605289340019226,-0.02318381890654564,0.029017746448516846,0.178819477558136,-0.05038512498140335,0.012200474739074707,0.09730574488639832,-0.06799355149269104,0.0,0.03165793418884277,-0.07858370244503021,0.11076420545578003,0.3047085702419281,-0.03144808113574982,0.1248396635055542,0.15832307934761047,-0.05978934094309807,0.1320655345916748,0.06986105442047119,-0.07780816406011581,0.14207154512405396,0.0,-0.08597005903720856,0.160056471824646,0.3365977704524994,-0.04381189122796059,0.17719924449920654,0.2562236487865448,-0.08228043466806412,0.1593570113182068,0.3163363039493561,-0.08577816188335419,0.1475875973701477,0.370978444814682,-0.07528829574584961,0.20416259765625,0.3874647915363312,-0.05886869505047798,0.22261279821395874,0.31841447949409485,-0.08223330229520798,0.21147066354751587,0.3431970179080963,-0.07458283007144928,0.20236796140670776,0.3754729926586151,-0.061552297323942184
V,0.1301562786102295,0.6129136979579926,8.498665806655481e-07,0.0735940933227539,0.5418321192264557,-0.030082764104008675,0.05141746997833252,0.4444299042224884,-0.048868563026189804,0.08480072021484375,0.36969247460365295,-0.06966647505760193,0.13052386045455933,0.32925692200660706,-0.0883336141705513,0.05280256271362305,0.3021898567676544,-0.023097725585103035,0.026010334491729736,0.1763228178024292,-0.05023833364248276,0.01067584753036499,0.09646233916282654,-0.06738263368606567,0.0,0.03200402855873108,-0.07737831026315689,0.10783445835113525,0.30180445313453674,-0.03050951473414898,0.1221534013748169,0.1563040018081665,-0.05918515846133232,0.13042372465133667,0.0694323182106018,-0.07722867280244827,0.1412678360939026,0.0,-0.08507892489433289,0.1575266718864441,0.33417364954948425,-0.04211414232850075,0.17519831657409668,0.25563398003578186,-0.08235691487789154,0.15787339210510254,0.31922051310539246,-0.08622533082962036,0.14696252346038818,0.3741815388202667,-0.07534891366958618,0.2017883062362671,0.38526925444602966,-0.05621343478560448,0.21781188249588013,0.3202832043170929,-0.08095681667327881,0.2067745327949524,0.3512205183506012,-0.07311207801103592,0.19978702068328857,0.3857738673686981,-0.05956367775797844
V,0.12956249713897705,0.6113048791885376,8.631330956632155e-07,0.07217901945114136,0.5383366942405701,-0.028952622786164284,0.05088973045349121,0.4403008818626404,-0.04717022180557251,0.08263808488845825,0.36420100927352905,-0.06811433285474777,0.12713974714279175,0.32535403966903687,-0.08672449737787247,0.05210226774215698,0.3007606863975525,-0.019367370754480362,0.026549458503723145,0.17445093393325806,-0.04619652032852173,0.010904192924499512,0.09455975890159607,-0.06280376762151718,0.0,0.030586332082748413,-0.0723961666226387,0.10723775625228882,0.3005450367927551,-0.027771206572651863,0.12116557359695435,0.15662086009979248,-0.0567440539598465,0.1297094225883484,0.06878361105918884,-0.07490547746419907,0.14072614908218384,0.0,-0.08264698088169098,0.15728795528411865,0.3325880169868469,-0.04062632471323013,0.17710047960281372,0.2536194324493408,-0.08128881454467773,0.16035717725753784,0.31685060262680054,-0.08548750728368759,0.14923810958862305,0.37278419733047485,-0.07465449720621109,0.2017068862915039,0.3826684355735779,-0.05598944053053856,0.21886509656906128,0.3211594223976135,-0.08136983960866928,0.2059810757637024,0.3504716157913208,-0.07445751130580902,0.1966131329536438,0.3838385343551636,-0.061387233436107635
V,0.13029325008392334,0.6126178205013275,8.45576153096772e-07,0.07386928796768188,0.5405908524990082,-0.027988478541374207,0.05225515365600586,0.4428313076496124,-0.04589605703949928,0.086403489112854,0.3681052625179291,-0.06626322120428085,0.13176333904266357,0.3295806348323822,-0.08436843007802963,0.05349773168563843,0.30106231570243835,-0.021607400849461555,0.02708256244659424,0.17528143525123596,-0.04799221456050873,0.011367768049240112,0.09499615430831909,-0.06498783826828003,0.0,0.03045549988746643,-0.07526256889104843,0.10839760303497314,0.2998206913471222,-0.029666204005479813,0.12245196104049683,0.15655648708343506,-0.05752178654074669,0.13043445348739624,0.06904906034469604,-0.07551802694797516,0.14092981815338135,0.0,-0.08369696140289307,0.15735787153244019,0.33215978741645813,-0.04167240485548973,0.1762750744819641,0.2527059018611908,-0.07946396619081497,0.16085195541381836,0.3126473128795624,-0.08250751346349716,0.1504805088043213,0.36739668250083923,-0.0718049481511116,0.20080351829528809,0.3837391436100006,-0.056338660418987274,0.2212492823600769,0.3204093277454376,-0.08003678917884827,0.21147000789642334,0.3429509699344635,-0.07315021753311157,0.20317476987838745,0.3720073997974396,-0.060463305562734604
V,0.12811869382858276,0.6101275384426117,8.395207942157867e-07,0.07272428274154663,0.5377370417118073,-0.029780903831124306,0.050479888916015625,0.4435565173625946,-0.04900382086634636,0.08231788873672485,0.3688491880893707,-0.07073014229536057,0.12744057178497314,0.3281252086162567,-0.09010069817304611,0.051759302616119385,0.2989825904369354,-0.021816110238432884,0.02655830979347229,0.17313870787620544,-0.049272842705249786,0.010748624801635742,0.09338822960853577,-0.06717513501644135,0.0,0.029048383235931396,-0.07806359976530075,0.10648661851882935,0.29893651604652405,-0.029628658667206764,0.12062424421310425,0.15697148442268372,-0.058817870914936066,0.12902742624282837,0.06972146034240723,-0.07818640023469925,0.14049780368804932,0.0,-0.08774376660585403,0.1552666425704956,0.3312685787677765,-0.04176744073629379,0.17649251222610474,0.2514181435108185,-0.08142721652984619,0.1596096158027649,0.31098517775535583,-0.08612820506095886,0.14811933040618896,0.366087406873703,-0.07673429697751999,0.19808745384216309,0.3820808231830597,-0.05663519725203514,0.21860456466674805,0.31748685240745544,-0.08174590766429901,0.20490354299545288,0.34361574053764343,-0.07592327147722244,0.19307869672775269,0.37778666615486145,-0.06425418704748154
V,0.1312386393547058,0.613536149263382,8.125687713800289e-07,0.07478415966033936,0.5410232841968536,-0.027385829016566277,0.053457021713256836,0.4468674957752228,-0.0451127290725708,0.08457428216934204,0.37130245566368103,-0.0652976855635643,0.12850672006607056,0.3307743966579437,-0.08328129351139069,0.05389690399169922,0.3048229515552521,-0.02069765143096447,0.027732253074645996,0.17818930745124817,-0.04681674763560295,0.011482387781143188,0.09778043627738953,-0.06449582427740097,0.0,0.03233030438423157,-0.07544107735157013,0.10866254568099976,0.3021768629550934,-0.028532151132822037,0.12099361419677734,0.1591794788837433,-0.055642761290073395,0.12966042757034302,0.06940123438835144,-0.07500160485506058,0.1412021517753601,0.0,-0.08504059910774231,0.15766680240631104,0.3323313891887665,-0.040249381214380264,0.17470639944076538,0.2523967921733856,-0.07711634784936905,0.16212749481201172,0.301151305437088,-0.08419303596019745,0.15344351530075073,0.35338857769966125,-0.07726142555475235,0.20190632343292236,0.3807855546474457,-0.05445609986782074,0.2220594882965088,0.31410059332847595,-0.07823839038610458,0.21213185787200928,0.333389014005661,-0.07414880394935608,0.20269042253494263,0.36649659276008606,-0.0640450194478035
V,0.13106906414031982,0.6116820275783539,8.582803729950683e-07,0.07460063695907593,0.5399581491947174,-0.029393034055829048,0.05383509397506714,0.44552484154701233,-0.04865024611353874,0.08436739444732666,0.37048932909965515,-0.07020911574363708,0.12714433670043945,0.32772400975227356,-0.08937700092792511,0.05273270606994629,0.3021627366542816,-0.021617352962493896,0.02599787712097168,0.1761520802974701,-0.04844577610492706,0.010290384292602539,0.09562763571739197,-0.06579479575157166,0.0,0.030963748693466187,-0.07600609958171844,0.10752356052398682,0.3014187514781952,-0.029022660106420517,0.12059146165847778,0.1582653820514679,-0.0576656274497509,0.12873107194900513,0.06958270072937012,-0.07674460858106613,0.13983309268951416,0.0,-0.08566056191921234,0.15660172700881958,0.33329418301582336,-0.040572669357061386,0.173814594745636,0.25464609265327454,-0.07930908352136612,0.15960752964019775,0.3113928735256195,-0.08390834927558899,0.1502278447151184,0.365465372800827,-0.07417739182710648,0.20054221153259277,0.38326045870780945,-0.054736364632844925,0.21956723928451538,0.3172631561756134,-0.07876331359148026,0.21061944961547852,0.33985427021980286,-0.0723341628909111,0.2027713656425476,0.3710043728351593,-0.05995648726820946
V,0.12950265407562256,0.6072770953178406,8.351034921361133e-07,0.07402056455612183,0.5370186567306519,-0.028606554493308067,0.05249011516571045,0.4425612688064575,-0.04687141999602318,0.08217406272888184,0.36874258518218994,-0.06751733273267746,0.12383687496185303,0.3278881907463074,-0.0860179215669632,0.0521472692489624,0.29698729515075684,-0.02215619385242462,0.025540590286254883,0.17196258902549744,-0.04781723394989967,0.010044693946838379,0.09190866351127625,-0.06446132808923721,0.0,0.02749130129814148,-0.07455186545848846,0.1068602204322815,0.29721367359161377,-0.02975546382367611,0.1195560097694397,0.155667245388031,-0.05711568892002106,0.1277260184288025,0.06808915734291077,-0.07558584958314896,0.13964980840682983,0.0,-0.08467093855142593,0.1557624340057373,0.3299185037612915,-0.0413382388651371,0.1714339256286621,0.24906814098358154,-0.07944851368665695,0.1563016176223755,0.3053688406944275,-0.08503265678882599,0.14744073152542114,0.3603174686431885,-0.07650207728147507,0.19967222213745117,0.3805789351463318,-0.05542026087641716,0.21758604049682617,0.31331777572631836,-0.07981467247009277,0.2061629295349121,0.3363385796546936,-0.07486758381128311,0.19712013006210327,0.36923933029174805,-0.06392648071050644
V,0.13147318363189697,0.6085987091064453,8.298576972265437e-07,0.07482540607452393,0.5371658802032471,-0.027654210105538368,0.05278933048248291,0.44238948822021484,-0.04571031406521797,0.08307087421417236,0.3665042519569397,-0.06626944243907928,0.1256365180015564,0.3248237371444702,-0.08476095646619797,0.05312192440032959,0.3021199703216553,-0.02196415327489376,0.02604156732559204,0.17505225539207458,-0.04842769354581833,0.010327279567718506,0.09490835666656494,-0.06520450860261917,0.0,0.03057035803794861,-0.07504455745220184,0.10776078701019287,0.3009645938873291,-0.029890000820159912,0.12056291103363037,0.15676313638687134,-0.05797060951590538,0.12800979614257812,0.06801065802574158,-0.07676974684000015,0.13881337642669678,0.0,-0.08568082004785538,0.15672194957733154,0.33156871795654297,-0.041683536022901535,0.1709805130958557,0.25221073627471924,-0.0796922966837883,0.15615636110305786,0.3048372268676758,-0.08553388714790344,0.14744842052459717,0.3565611243247986,-0.07712876051664352,0.20052480697631836,0.3796349763870239,-0.055867694318294525,0.2169743776321411,0.3135439157485962,-0.07929502427577972,0.2053171992301941,0.3366169333457947,-0.07364623993635178,0.19659185409545898,0.3696575164794922,-0.06228756904602051
V,0.13035595417022705,0.6048291027545929,8.559809998587298e-07,0.07482868432998657,0.5343963801860809,-0.02846239134669304,0.05187177658081055,0.4433353841304779,-0.04805858060717583,0.0804605484008789,0.3696651756763458,-0.06980352848768234,0.12180286645889282,0.32570305466651917,-0.08915044367313385,0.05084890127182007,0.29983022809028625,-0.024612313136458397,0.02555137872695923,0.17335906624794006,-0.05153481289744377,0.010531187057495117,0.09280017018318176,-0.06867007166147232,0.0,0.028684526681900024,-0.07873355597257614,0.10593849420547485,0.2997573912143707,-0.031997598707675934,0.12033873796463013,0.15634289383888245,-0.06037550047039986,0.12786275148391724,0.06853672862052917,-0.07884079962968826,0.13844072818756104,0.0,-0.08756982535123825,0.15537935495376587,0.33171984553337097,-0.04308856651186943,0.16962122917175293,0.2536865770816803,-0.08081238716840744,0.15457236766815186,0.307330459356308,-0.0849432423710823,0.14626860618591309,0.3599924147129059,-0.07526162266731262,0.19944918155670166,0.38165196776390076,-0.056720271706581116,0.21895676851272583,0.31380751729011536,-0.08050930500030518,0.20972329378128052,0.3301319181919098,-0.07466939836740494,0.20218145847320557,0.35682621598243713,-0.06281088292598724
V,0.13149839639663696,0.6043062210083008,8.41103997117898e-07,0.07504415512084961,0.536304771900177,-0.029223695397377014,0.049566179513931274,0.4455810785293579,-0.04871363937854767,0.07788801193237305,0.36964088678359985,-0.07027888298034668,0.12097162008285522,0.3309919834136963,-0.08965770900249481,0.05344626307487488,0.30099421739578247,-0.02487313002347946,0.026951968669891357,0.1746644377708435,-0.051651567220687866,0.011012345552444458,0.09554630517959595,-0.06865564733743668,0.0,0.031716883182525635,-0.07874909043312073,0.10746759176254272,0.2995508313179016,-0.03214072436094284,0.11995255947113037,0.15629953145980835,-0.0603361539542675,0.12632286548614502,0.06871780753135681,-0.0786764994263649,0.13620209693908691,0.0,-0.08723530173301697,0.15591949224472046,0.3303658366203308,-0.04319550469517708,0.1711217761039734,0.2527957558631897,-0.08071989566087723,0.15578484535217285,0.30761927366256714,-0.08502741158008575,0.14696604013442993,0.3604698181152344,-0.07552575320005417,0.19932860136032104,0.37935513257980347,-0.05693424493074417,0.2175607681274414,0.31450945138931274,-0.08044081926345825,0.20755928754806519,0.3346291780471802,-0.07446246594190598,0.1994030475616455,0.36404579877853394,-0.06265777349472046
V,0.13359636068344116,0.6075946390628815,8.072680088844209e-07,0.07684290409088135,0.540611058473587,-0.0263820793479681,0.05343243479728699,0.44631335139274597,-0.043898969888687134,0.081088125705719,0.37165817618370056,-0.06413664668798447,0.12179166078567505,0.33358606696128845,-0.0824640542268753,0.054529160261154175,0.30359533429145813,-0.02287966199219227,0.027788490056991577,0.1760023534297943,-0.04932475462555885,0.011592954397201538,0.09531673789024353,-0.06593666225671768,0.0,0.031153976917266846,-0.0755607858300209,0.10904401540756226,0.3013059198856354,-0.03143369033932686,0.12078404426574707,0.15734437108039856,-0.059386346489191055,0.12613660097122192,0.06854164600372314,-0.07774706184864044,0.13517332077026367,0.0,-0.08622090518474579,0.15821212530136108,0.3310842216014862,-0.043488163501024246,0.17050671577453613,0.25363877415657043,-0.08031339198350906,0.1553364396095276,0.3070441782474518,-0.08454407751560211,0.14736247062683105,0.35909393429756165,-0.07504138350486755,0.20209097862243652,0.37859734892845154,-0.057973671704530716,0.21801483631134033,0.3115338385105133,-0.07983944565057755,0.20664721727371216,0.33139118552207947,-0.07286372035741806,0.19865292310714722,0.36148521304130554,-0.06059243530035019
V,0.13409948348999023,0.6065830588340759,8.177774475370825e-07,0.07681572437286377,0.5402314066886902,-0.026467381045222282,0.05254530906677246,0.44584012031555176,-0.04369855672121048,0.07811802625656128,0.36984938383102417,-0.06382358074188232,0.11775100231170654,0.3310999870300293,-0.08191903680562973,0.052149683237075806,0.3039690852165222,-0.0209626704454422,0.026338130235671997,0.17583250999450684,-0.04717761278152466,0.01133054494857788,0.09450036287307739,-0.06391515582799911,0.0,0.02986082434654236,-0.0736641213297844,0.10650128126144409,0.3022201657295227,-0.02917143888771534,0.1187487244606018,0.15788859128952026,-0.05736052617430687,0.12469786405563354,0.0689915120601654,-0.07568740844726562,0.13270890712738037,0.0,-0.08406481146812439,0.15530413389205933,0.33203572034835815,-0.04110219329595566,0.16696268320083618,0.2519473433494568,-0.07898961752653122,0.1555902361869812,0.30662429332733154,-0.08332796394824982,0.1497817039489746,0.3602486252784729,-0.0734306052327156,0.19961190223693848,0.37918931245803833,-0.055441007018089294,0.21719694137573242,0.3099186420440674,-0.07848023623228073,0.20799356698989868,0.3312697410583496,-0.07210493832826614,0.20083075761795044,0.36319679021835327,-0.05996695160865784
V,0.1351466178894043,0.6082758009433746,8.485129114887968e-07,0.07771480083465576,0.5432972013950348,-0.027847327291965485,0.053128331899642944,0.44920966029167175,-0.04530024528503418,0.08055216073989868,0.3721286952495575,-0.06543845683336258,0.12286192178726196,0.3334399163722992,-0.08340752124786377,0.052249789237976074,0.3049127757549286,-0.021413268521428108,0.025438249111175537,0.17672541737556458,-0.04664946347475052,0.010753214359283447,0.0967036783695221,-0.06224144995212555,0.0,0.03165626525878906,-0.07102078199386597,0.10637438297271729,0.3018271028995514,-0.029047787189483643,0.11743348836898804,0.15817055106163025,-0.05561131611466408,0.12422055006027222,0.06872501969337463,-0.07207793742418289,0.13241034746170044,0.0,-0.07901447266340256,0.15522831678390503,0.33103516697883606,-0.040664270520210266,0.16772353649139404,0.25504252314567566,-0.07855398207902908,0.15726333856582642,0.31492552161216736,-0.08249665796756744,0.15129035711288452,0.3717358410358429,-0.07198985666036606,0.1994379758834839,0.37800154089927673,-0.05480378493666649,0.21635514497756958,0.31171414256095886,-0.07853194326162338,0.20547491312026978,0.3417035639286041,-0.07171748578548431,0.19619697332382202,0.38109150528907776,-0.05895938724279404
V,0.13474547863006592,0.6087652146816254,8.396505108976271e-07,0.07794946432113647,0.5428837835788727,-0.02881825901567936,0.055045366287231445,0.44950947165489197,-0.04695294052362442,0.08087265491485596,0.372702032327652,-0.06767436861991882,0.1196439266204834,0.3300583064556122,-0.08589055389165878,0.05273967981338501,0.30646684765815735,-0.02234213799238205,0.027394026517868042,0.17781952023506165,-0.049275659024715424,0.011670917272567749,0.0967634916305542,-0.06657279282808304,0.0,0.032118141651153564,-0.07668434083461761,0.10696190595626831,0.3033697307109833,-0.029620423913002014,0.11758637428283691,0.16021540760993958,-0.05869602411985397,0.12355607748031616,0.07007065415382385,-0.0775952860713005,0.13234257698059082,0.0,-0.08641713857650757,0.15599387884140015,0.33190956711769104,-0.04096231982111931,0.169001042842865,0.25490060448646545,-0.07958534359931946,0.1581520438194275,0.3123815953731537,-0.08377295732498169,0.15230554342269897,0.3674532473087311,-0.0737094134092331,0.20001566410064697,0.3776766359806061,-0.05501324310898781,0.21727758646011353,0.309183806180954,-0.07878414541482925,0.20714807510375977,0.3321647346019745,-0.07260712236166,0.19898825883865356,0.3650038540363312,-0.060537051409482956
V,0.13646739721298218,0.6120483577251434,8.439728844678029e-07,0.07852309942245483,0.5456254184246063,-0.02807408943772316,0.05384257435798645,0.45107635855674744,-0.0459602065384388,0.08102300763130188,0.372304230928421,-0.06662695854902267,0.12320274114608765,0.33189091086387634,-0.0853242427110672,0.05456101894378662,0.30770495533943176,-0.021569661796092987,0.027308255434036255,0.1798798143863678,-0.04807083308696747,0.011630058288574219,0.09918060898780823,-0.06502839177846909,0.0,0.03428003191947937,-0.0749221220612526,0.10823935270309448,0.303551584482193,-0.029684938490390778,0.1203126311302185,0.15781497955322266,-0.05769442021846771,0.12561357021331787,0.06937357783317566,-0.07584832608699799,0.13319534063339233,0.0,-0.08394332230091095,0.15658080577850342,0.332743376493454,-0.041749127209186554,0.16771233081817627,0.25142762064933777,-0.08053585141897202,0.1551116704940796,0.3109271824359894,-0.0850343182682991,0.1494922637939453,0.3667616546154022,-0.07491578906774521,0.20037603378295898,0.38093575835227966,-0.05632485821843147,0.21669667959213257,0.31146565079689026,-0.08051368594169617,0.20623308420181274,0.33678075671195984,-0.07413244992494583,0.19878369569778442,0.3717763125896454,-0.061710719019174576
V,0.13462671637535095,0.6139026582241058,8.064657208706194e-07,0.07663673162460327,0.5450450479984283,-0.026373475790023804,0.05179154872894287,0.44999727606773376,-0.04341811314225197,0.07598116993904114,0.3712798058986664,-0.0636165663599968,0.11608055233955383,0.3285010755062103,-0.081439308822155,0.05247408151626587,0.3064354956150055,-0.01800202764570713,0.027171403169631958,0.17722463607788086,-0.043261539191007614,0.011699825525283813,0.09646472334861755,-0.05966547131538391,0.0,0.032153159379959106,-0.06945859640836716,0.10580131411552429,0.30327120423316956,-0.026216676458716393,0.1160409152507782,0.15802794694900513,-0.053644873201847076,0.12151035666465759,0.06857076287269592,-0.07208725064992905,0.12958303093910217,0.0,-0.08093933761119843,0.15444520115852356,0.33188459277153015,-0.03837757557630539,0.16607078909873962,0.24775531888008118,-0.07538855820894241,0.15474417805671692,0.30230584740638733,-0.07952998578548431,0.148585706949234,0.3578195869922638,-0.06993100792169571,0.19911924004554749,0.3780510723590851,-0.05312159284949303,0.21612277626991272,0.30622509121894836,-0.07619214802980423,0.2062818706035614,0.32637032866477966,-0.07038792967796326,0.19796106219291687,0.35915520787239075,-0.0587710365653038
V,0.1346232295036316,0.615005612373352,8.162386393451015e-07,0.07699579000473022,0.5481216311454773,-0.02503332309424877,0.0522519052028656,0.453676700592041,-0.042680658400058746,0.07682406902313232,0.3772279620170593,-0.06365597248077393,0.11677974462509155,0.3344709277153015,-0.0827292948961258,0.05345422029495239,0.30881309509277344,-0.02085663191974163,0.02743852138519287,0.18018019199371338,-0.047494929283857346,0.01171940565109253,0.09913811087608337,-0.06454005092382431,0.0,0.0348130464553833,-0.0746348425745964,0.10632723569869995,0.30672913789749146,-0.030645346269011497,0.1191549301147461,0.15838474035263062,-0.05889248475432396,0.12384283542633057,0.0690360963344574,-0.07744649052619934,0.13210409879684448,0.0,-0.08631791919469833,0.15511196851730347,0.33677399158477783,-0.04386158287525177,0.16928774118423462,0.24875307083129883,-0.0809994488954544,0.15322577953338623,0.3063904047012329,-0.08386892825365067,0.14524686336517334,0.36181432008743286,-0.07369841635227203,0.20022207498550415,0.38563352823257446,-0.059465013444423676,0.2169477939605713,0.3155444264411926,-0.08250745385885239,0.20596522092819214,0.33815401792526245,-0.07527220994234085,0.19919222593307495,0.36936241388320923,-0.0627148300409317
V,0.13714361190795898,0.6179712414741516,8.014277455004049e-07,0.07971903681755066,0.5515393018722534,-0.025927120819687843,0.05436939001083374,0.4545891284942627,-0.042279742658138275,0.0801229476928711,0.37644875049591064,-0.06190963461995125,0.12121891975402832,0.3380797505378723,-0.07917413115501404,0.05464768409729004,0.31047874689102173,-0.018952662125229836,0.02771437168121338,0.18213307857513428,-0.044733691960573196,0.011948466300964355,0.10164263844490051,-0.060671739280223846,0.0,0.03690579533576965,-0.06987293809652328,0.1086653470993042,0.30729955434799194,-0.027910588309168816,0.11752533912658691,0.16117241978645325,-0.05619852617383003,0.12141615152359009,0.07141122221946716,-0.07374881953001022,0.12822377681732178,0.0,-0.08130700886249542,0.15816277265548706,0.3371720314025879,-0.04065258428454399,0.1709241271018982,0.2551525831222534,-0.0791657418012619,0.15886473655700684,0.31805920600891113,-0.08093834668397903,0.15248620510101318,0.37603288888931274,-0.06879293918609619,0.20326822996139526,0.38661694526672363,-0.05596049875020981,0.22122514247894287,0.31806427240371704,-0.07936947047710419,0.210393488407135,0.34301161766052246,-0.07143101841211319,0.2018965482711792,0.3761284351348877,-0.05786564573645592
V,0.13883522152900696,0.6169931888580322,7.817560003786639e-07,0.0810079574584961,0.5514570474624634,-0.02611069567501545,0.05440938472747803,0.455869197845459,-0.04377283528447151,0.07828381657600403,0.37829381227493286,-0.06443148106336594,0.11866387724876404,0.3399633765220642,-0.0831536203622818,0.05673292279243469,0.3096383810043335,-0.02179170586168766,0.029681235551834106,0.18175053596496582,-0.04874592646956444,0.012632906436920166,0.10068929195404053,-0.06632445752620697,0.0,0.03568774461746216,-0.07709937542676926,0.11015638709068298,0.30724602937698364,-0.03093978762626648,0.11820557713508606,0.16129359602928162,-0.0599009245634079,0.12087556719779968,0.07212799787521362,-0.07941384613513947,0.12773039937019348,0.0,-0.08916053175926208,0.15917107462882996,0.33711016178131104,-0.04347667843103409,0.1721552312374115,0.24840641021728516,-0.08164294809103012,0.1598680317401886,0.3059415817260742,-0.08440268784761429,0.15355506539344788,0.36246293783187866,-0.07385030388832092,0.20409628748893738,0.38602983951568604,-0.05855009704828262,0.22214004397392273,0.315324068069458,-0.08276242017745972,0.2147568166255951,0.3334936499595642,-0.07620441168546677,0.20954808592796326,0.36178648471832275,-0.06387627869844437
V,0.14178955554962158,0.6120972335338593,7.815912681508053e-07,0.08246761560440063,0.5494745671749115,-0.02657836303114891,0.055162012577056885,0.4542402923107147,-0.04404643550515175,0.07824316620826721,0.3761931359767914,-0.06444953382015228,0.11848175525665283,0.33676812052726746,-0.08266302198171616,0.05752897262573242,0.30844172835350037,-0.02199186570942402,0.029468148946762085,0.18060526251792908,-0.048467110842466354,0.012361586093902588,0.10011929273605347,-0.06523071229457855,0.0,0.03561738133430481,-0.07521645724773407,0.11104339361190796,0.304569274187088,-0.030678583309054375,0.1178123950958252,0.1584678292274475,-0.05895610898733139,0.12016081809997559,0.07015356421470642,-0.07727763801813126,0.1263110637664795,0.0,-0.08597088605165482,0.1603981852531433,0.33344343304634094,-0.0428776890039444,0.17498815059661865,0.2454368770122528,-0.0813022255897522,0.16282880306243896,0.30563613772392273,-0.08397669345140457,0.15584146976470947,0.36338725686073303,-0.07312912493944168,0.2061173915863037,0.3818056285381317,-0.0575559064745903,0.22545766830444336,0.3123153746128082,-0.08230608701705933,0.2163538932800293,0.336565762758255,-0.07572700083255768,0.2091730237007141,0.36976465582847595,-0.06314750760793686
V,0.1427057385444641,0.6173282861709595,7.883593866608862e-07,0.08336275815963745,0.550804853439331,-0.025201793760061264,0.05600294470787048,0.4552886486053467,-0.04247364401817322,0.0800057053565979,0.37806063890457153,-0.0633486956357956,0.12114399671554565,0.34030407667160034,-0.0823192223906517,0.058291852474212646,0.31297600269317627,-0.02043689228594303,0.030507445335388184,0.18393579125404358,-0.047720905393362045,0.013025641441345215,0.10265719890594482,-0.06532841920852661,0.0,0.03738906979560852,-0.07590071111917496,0.11159086227416992,0.30920833349227905,-0.030184850096702576,0.11902463436126709,0.16242676973342896,-0.059406597167253494,0.12006664276123047,0.07222974300384521,-0.07831218838691711,0.12451207637786865,0.0,-0.08738477528095245,0.1608605980873108,0.33720314502716064,-0.04353552684187889,0.17365413904190063,0.2494404911994934,-0.08196290582418442,0.16075479984283447,0.3089103698730469,-0.08466719835996628,0.1536318063735962,0.36664509773254395,-0.07386470586061478,0.20626729726791382,0.384114146232605,-0.05943872034549713,0.2242598533630371,0.3128971457481384,-0.0832480862736702,0.21327251195907593,0.3363839387893677,-0.07625463604927063,0.20425260066986084,0.3707645535469055,-0.06367836892604828
V,0.14338484406471252,0.6176820695400238,7.786403557474841e-07,0.08473452925682068,0.556281179189682,-0.026147179305553436,0.057754456996917725,0.4615084230899811,-0.04329679161310196,0.07899615168571472,0.3833518326282501,-0.06379640847444534,0.11607542634010315,0.34280022978782654,-0.08225619047880173,0.05858305096626282,0.31344494223594666,-0.021176209673285484,0.02976241707801819,0.18477824330329895,-0.048134323209524155,0.012445151805877686,0.10376819968223572,-0.06557568162679672,0.0,0.03815391659736633,-0.0760916993021965,0.11216455698013306,0.30908265709877014,-0.03070065751671791,0.11855986714363098,0.1626313328742981,-0.06004351004958153,0.12021109461784363,0.07292485237121582,-0.07943985611200333,0.12563756108283997,0.0,-0.0889982208609581,0.161763995885849,0.3367885649204254,-0.04381246119737625,0.1750958263874054,0.2502625286579132,-0.08277135342359543,0.16188374161720276,0.3123449385166168,-0.08563518524169922,0.1545620858669281,0.3703214228153229,-0.07501775026321411,0.2079085409641266,0.38367965817451477,-0.05948628857731819,0.22556301951408386,0.31088224053382874,-0.08354943245649338,0.2138301432132721,0.33729878067970276,-0.07636722922325134,0.2048240602016449,0.37250038981437683,-0.06383825093507767
V,0.1462167203426361,0.6188507080078125,7.689312155889638e-07,0.08653706312179565,0.5561341047286987,-0.025553474202752113,0.05917823314666748,0.46001875400543213,-0.04226882755756378,0.0798255205154419,0.3794039487838745,-0.062482427805662155,0.11729037761688232,0.33678531646728516,-0.08054178953170776,0.05931779742240906,0.3141133189201355,-0.018757125362753868,0.03044581413269043,0.18416061997413635,-0.04545816406607628,0.012959688901901245,0.10251510143280029,-0.06248052418231964,0.0,0.036800116300582886,-0.0726383775472641,0.11283707618713379,0.30969566106796265,-0.028345609083771706,0.11920252442359924,0.1624433696269989,-0.0579361766576767,0.11960247159004211,0.07281520962715149,-0.0771866962313652,0.12385013699531555,0.0,-0.08632252365350723,0.16279450058937073,0.33705341815948486,-0.04159889370203018,0.1747550070285797,0.24584007263183594,-0.08104948699474335,0.16239169239997864,0.3083838224411011,-0.08310817182064056,0.1565181314945221,0.3675646185874939,-0.07145138084888458,0.20946678519248962,0.3834552764892578,-0.05731433629989624,0.22517475485801697,0.309825599193573,-0.08161871880292892,0.21452012658119202,0.3346414566040039,-0.07393147796392441,0.2074057161808014,0.3688756227493286,-0.060596782714128494
V,0.14511245489120483,0.6212085783481598,7.857693731239124e-07,0.08398544788360596,0.5580171048641205,-0.02550910972058773,0.05551907420158386,0.4597720205783844,-0.04259277135133743,0.07800137996673584,0.3791748583316803,-0.06315772235393524,0.11880466341972351,0.33732572197914124,-0.08157983422279358,0.057053565979003906,0.31449905037879944,-0.01928769238293171,0.02901160717010498,0.18456444144248962,-0.04593353345990181,0.012263000011444092,0.10179999470710754,-0.06289581209421158,0.0,0.03653481602668762,-0.07297667860984802,0.11100316047668457,0.3100909888744354,-0.028967993333935738,0.11825120449066162,0.16249099373817444,-0.05834691599011421,0.11861598491668701,0.07218500971794128,-0.07672562450170517,0.1223943829536438,0.0,-0.08518818765878677,0.16160595417022705,0.3371972143650055,-0.042370740324258804,0.17374223470687866,0.24562552571296692,-0.08141245692968369,0.15910130739212036,0.3089490830898285,-0.08290186524391174,0.15095674991607666,0.3680424988269806,-0.07098904997110367,0.20913195610046387,0.3837694823741913,-0.05829305946826935,0.2262427806854248,0.3088584244251251,-0.08245266228914261,0.2149091362953186,0.33369889855384827,-0.07470495253801346,0.2062951922416687,0.36692431569099426,-0.06143121048808098
V,0.14586466550827026,0.6188161373138428,7.726015951448062e-07,0.0868312418460846,0.5574460029602051,-0.024900713935494423,0.059198975563049316,0.4608055353164673,-0.04174185171723366,0.07999452948570251,0.38100218772888184,-0.06229344382882118,0.11937713623046875,0.33979082107543945,-0.08082514256238937,0.05738508701324463,0.3139150142669678,-0.019244885072112083,0.028991103172302246,0.185039222240448,-0.04545081406831741,0.012358367443084717,0.1039973795413971,-0.06145939230918884,0.0,0.03958842158317566,-0.07083890587091446,0.11108922958374023,0.30838334560394287,-0.028981508687138557,0.11796379089355469,0.15887677669525146,-0.05806485936045647,0.11806100606918335,0.07029101252555847,-0.07610088586807251,0.12151902914047241,0.0,-0.08421938866376877,0.16142815351486206,0.33497756719589233,-0.042244210839271545,0.17217957973480225,0.24225103855133057,-0.08137128502130508,0.15787172317504883,0.3072540760040283,-0.08278653025627136,0.1504586935043335,0.3671415448188782,-0.07065053284168243,0.20896035432815552,0.38126951456069946,-0.05782964080572128,0.22470706701278687,0.3061780333518982,-0.08172012120485306,0.21367478370666504,0.33242183923721313,-0.07371843606233597,0.20590931177139282,0.36652064323425293,-0.06025620922446251
V,0.14764156937599182,0.620225340127945,7.950488907226827e-07,0.08762052655220032,0.5578743517398834,-0.026907233521342278,0.05943697690963745,0.46357467770576477,-0.04507048428058624,0.08075752854347229,0.3838942348957062,-0.06647808104753494,0.1192992627620697,0.34089699387550354,-0.08570484071969986,0.05805879831314087,0.31747421622276306,-0.022030191496014595,0.029682546854019165,0.18685773015022278,-0.04925909265875816,0.012392967939376831,0.1051647961139679,-0.06663552671670914,0.0,0.039662331342697144,-0.07717083394527435,0.11259230971336365,0.3120211064815521,-0.0310868788510561,0.11838871240615845,0.1637643277645111,-0.06097074970602989,0.11944964528083801,0.07304248213768005,-0.08061115443706512,0.12412896752357483,0.0,-0.09042549878358841,0.16293689608573914,0.3388476073741913,-0.043739743530750275,0.1744442880153656,0.2456780970096588,-0.08321306854486465,0.16297557950019836,0.3067237436771393,-0.08579691499471664,0.15654167532920837,0.3658205568790436,-0.07489915937185287,0.2098524272441864,0.38521870970726013,-0.0589810349047184,0.22807618975639343,0.3099670708179474,-0.08407336473464966,0.2193094789981842,0.3327886760234833,-0.0775076150894165,0.21203479170799255,0.3659801185131073,-0.06510069221258163
V,0.1472110152244568,0.6214604675769806,7.833733661755105e-07,0.08701431751251221,0.5571931898593903,-0.023903805762529373,0.06031182408332825,0.45921048521995544,-0.03930676728487015,0.0805354118347168,0.37965288758277893,-0.058810118585824966,0.11909490823745728,0.33726003766059875,-0.07619565725326538,0.05876660346984863,0.3177357614040375,-0.01626095548272133,0.029497474431991577,0.18718624114990234,-0.04193831980228424,0.012467801570892334,0.10567530989646912,-0.058307018131017685,0.0,0.03961914777755737,-0.06826681643724442,0.1126357913017273,0.3116823732852936,-0.026277054101228714,0.11904650926589966,0.16362228989601135,-0.05507514253258705,0.12027204036712646,0.0728001594543457,-0.07408381998538971,0.1242632269859314,0.0,-0.08337315917015076,0.16290003061294556,0.33828631043434143,-0.0398954339325428,0.17561638355255127,0.2459130585193634,-0.07850220054388046,0.16303002834320068,0.3100055158138275,-0.08045804500579834,0.15519261360168457,0.3704892694950104,-0.06914589554071426,0.2103123664855957,0.38481828570365906,-0.05593637377023697,0.22889548540115356,0.3109211027622223,-0.08038999885320663,0.21618711948394775,0.339021772146225,-0.07325500249862671,0.20477890968322754,0.3769310414791107,-0.060544949024915695
V,0.14593732357025146,0.6232581734657288,7.989910386640986e-07,0.086800217628479,0.5606862902641296,-0.026384051889181137,0.05877965688705444,0.46462005376815796,-0.04387436434626579,0.07996976375579834,0.3823220729827881,-0.0646633729338646,0.11920410394668579,0.3376290202140808,-0.08308438956737518,0.05746042728424072,0.32026177644729614,-0.020877117291092873,0.02918723225593567,0.18848663568496704,-0.04791942983865738,0.012373894453048706,0.10694584250450134,-0.06492555141448975,0.0,0.04141038656234741,-0.07503975927829742,0.11153000593185425,0.3147852420806885,-0.029987946152687073,0.11687275767326355,0.16503959894180298,-0.05955223739147186,0.11882910132408142,0.07376590371131897,-0.07829401642084122,0.12397682666778564,0.0,-0.08715318143367767,0.16188102960586548,0.341264009475708,-0.042772285640239716,0.17349642515182495,0.2513856291770935,-0.082362100481987,0.1619189977645874,0.3139526844024658,-0.08456149697303772,0.155201256275177,0.3732224702835083,-0.07306137681007385,0.20884257555007935,0.38719916343688965,-0.058135196566581726,0.2272183895111084,0.31448251008987427,-0.08353450894355774,0.21746110916137695,0.338586688041687,-0.07690223306417465,0.2092510461807251,0.3719460964202881,-0.0642249807715416
V,0.14969569444656372,0.621794193983078,7.771143373247469e-07,0.089691162109375,0.5623140037059784,-0.02619648352265358,0.06171742081642151,0.4676940143108368,-0.04270540177822113,0.08069846034049988,0.38654378056526184,-0.06262120604515076,0.11510774493217468,0.3426026999950409,-0.08017852902412415,0.05853298306465149,0.3187392055988312,-0.01882544904947281,0.02895432710647583,0.18760767579078674,-0.04505559429526329,0.011799037456512451,0.10536199808120728,-0.062379512935876846,0.0,0.039801448583602905,-0.07307322323322296,0.11254391074180603,0.3123184144496918,-0.027943653985857964,0.11637040972709656,0.16506224870681763,-0.05733459070324898,0.11687493324279785,0.07311645150184631,-0.07757776975631714,0.121673583984375,0.0,-0.08804071694612503,0.16273528337478638,0.3381849229335785,-0.04077376052737236,0.17605459690093994,0.24573871493339539,-0.07973480224609375,0.16451281309127808,0.3067155182361603,-0.08305336534976959,0.1577497124671936,0.36675915122032166,-0.07300462573766708,0.20980960130691528,0.38361480832099915,-0.056205566972494125,0.22886550426483154,0.3104710876941681,-0.08169228583574295,0.21716684103012085,0.3349742591381073,-0.07606888562440872,0.20695555210113525,0.371433287858963,-0.06445159763097763
V,0.14918163418769836,0.6199867129325867,7.881575356805115e-07,0.08901330828666687,0.5572037696838379,-0.02599351480603218,0.06203988194465637,0.46123236417770386,-0.043979160487651825,0.08410137891769409,0.3815397620201111,-0.06503909081220627,0.12318524718284607,0.3380681276321411,-0.0840635746717453,0.06054559350013733,0.31728559732437134,-0.022614507004618645,0.03046432137489319,0.18763577938079834,-0.050116680562496185,0.012609422206878662,0.10585999488830566,-0.06787172704935074,0.0,0.041468143463134766,-0.07858403772115707,0.11427503824234009,0.3114702105522156,-0.03187670558691025,0.11824443936347961,0.1619102954864502,-0.06167092174291611,0.11812838912010193,0.0718068778514862,-0.08128346502780914,0.12262126803398132,0.0,-0.09091714024543762,0.16444215178489685,0.3381536602973938,-0.04451681300997734,0.17585691809654236,0.24347108602523804,-0.0830586776137352,0.16322806477546692,0.3019382953643799,-0.08598674088716507,0.15648505091667175,0.3589380383491516,-0.0756736695766449,0.2116202414035797,0.38486891984939575,-0.05966624990105629,0.2301999032497406,0.31199634075164795,-0.08455356955528259,0.22143861651420593,0.3307639956474304,-0.07881858199834824,0.21444669365882874,0.359413206577301,-0.06705433875322342
V,0.14989644289016724,0.6236083507537842,7.750725217192667e-07,0.090762197971344,0.5625150799751282,-0.025724202394485474,0.06299230456352234,0.46704012155532837,-0.042633771896362305,0.08286261558532715,0.3868039846420288,-0.06309275329113007,0.11925479769706726,0.3439013957977295,-0.08124740421772003,0.0600796639919281,0.3181036710739136,-0.01848718710243702,0.031185060739517212,0.18929022550582886,-0.04483925178647041,0.01332959532737732,0.1087595522403717,-0.06192250922322273,0.0,0.043286532163619995,-0.07242073863744736,0.11383473873138428,0.3118780851364136,-0.028037328273057938,0.11783963441848755,0.1643826961517334,-0.057602982968091965,0.11865568161010742,0.07382658123970032,-0.07724486291408539,0.12275096774101257,0.0,-0.08688786625862122,0.164334237575531,0.33797186613082886,-0.0412021242082119,0.1770613193511963,0.24555933475494385,-0.0806027427315712,0.1655837893486023,0.31159883737564087,-0.08240699768066406,0.15853124856948853,0.3732125759124756,-0.07075828313827515,0.21226006746292114,0.3837110996246338,-0.05691751092672348,0.22916734218597412,0.31121593713760376,-0.08183280378580093,0.21920210123062134,0.3373241424560547,-0.07461073994636536,0.21103692054748535,0.3717265725135803,-0.061619970947504044
V,0.1497921347618103,0.6227745711803436,7.612893000441545e-07,0.09017127752304077,0.5607885420322418,-0.025091005489230156,0.06376931071281433,0.46355578303337097,-0.041377656161785126,0.08341211080551147,0.38405558466911316,-0.06129199266433716,0.11690160632133484,0.340009480714798,-0.07899899780750275,0.05928337574005127,0.31524571776390076,-0.017959659919142723,0.030662834644317627,0.1864587962627411,-0.04411265254020691,0.012853056192398071,0.10496392846107483,-0.061387475579977036,0.0,0.04035598039627075,-0.07189041376113892,0.11333158612251282,0.3098936975002289,-0.0276348777115345,0.11710304021835327,0.16365519165992737,-0.05692390725016594,0.11642229557037354,0.07317841053009033,-0.0771605595946312,0.12024316191673279,0.0,-0.0874500423669815,0.16363340616226196,0.3364427387714386,-0.040814124047756195,0.17720341682434082,0.24365344643592834,-0.07928799092769623,0.16489368677139282,0.30653902888298035,-0.08147327601909637,0.1578003168106079,0.36637696623802185,-0.07046914845705032,0.21077269315719604,0.38330546021461487,-0.056527018547058105,0.22990912199020386,0.3079213798046112,-0.08092744648456573,0.22087544202804565,0.3305090367794037,-0.07410352677106857,0.21335339546203613,0.3631897270679474,-0.061514999717473984
V,0.14900609850883484,0.6220751702785492,7.95726691649179e-07,0.08835640549659729,0.5578427612781525,-0.026350056752562523,0.06050592660903931,0.4610179364681244,-0.04502636194229126,0.08084800839424133,0.38091275095939636,-0.06737495213747025,0.11980584263801575,0.3357591927051544,-0.08745597302913666,0.059485405683517456,0.3174138367176056,-0.02063392661511898,0.03079688549041748,0.18734809756278992,-0.04892738536000252,0.012944459915161133,0.1051006019115448,-0.06720166653394699,0.0,0.0396578311920166,-0.07825177907943726,0.11315697431564331,0.31241729855537415,-0.030549921095371246,0.11926913261413574,0.1638174057006836,-0.061833761632442474,0.11862525343894958,0.07365182042121887,-0.08202803879976273,0.1218339204788208,0.0,-0.09196878224611282,0.16336753964424133,0.3387131989002228,-0.04412315413355827,0.17506375908851624,0.24145236611366272,-0.08374805003404617,0.1627541482448578,0.3054889738559723,-0.08423621952533722,0.15650925040245056,0.3654458820819855,-0.0717771053314209,0.2108117640018463,0.3847079575061798,-0.060420989990234375,0.22879526019096375,0.30646422505378723,-0.08451131731271744,0.2192882001399994,0.3289034068584442,-0.07616966217756271,0.21192887425422668,0.3608245551586151,-0.06250610947608948
V,0.14927703142166138,0.621108740568161,8.026278806028131e-07,0.0886470377445221,0.5600423514842987,-0.026460589841008186,0.06065598130226135,0.46368440985679626,-0.04395177587866783,0.08196380734443665,0.38301917910575867,-0.06486035883426666,0.12159627676010132,0.33938148617744446,-0.08369247615337372,0.05806320905685425,0.3192237913608551,-0.0208942461758852,0.02893918752670288,0.18954089283943176,-0.047879382967948914,0.012000471353530884,0.10730472207069397,-0.06505675613880157,0.0,0.041626572608947754,-0.07541095465421677,0.11232483386993408,0.3132292926311493,-0.03049578331410885,0.11798399686813354,0.16395026445388794,-0.059806130826473236,0.1189391016960144,0.0725448727607727,-0.07892493158578873,0.1232803463935852,0.0,-0.08826762437820435,0.16293412446975708,0.3399384915828705,-0.04373709857463837,0.17570173740386963,0.24680569767951965,-0.0831170305609703,0.1627519726753235,0.3097200095653534,-0.08593351393938065,0.154887855052948,0.3691437542438507,-0.07523450255393982,0.21011167764663696,0.3870294988155365,-0.059464242309331894,0.22793292999267578,0.31341978907585144,-0.08471428602933884,0.21602827310562134,0.34061071276664734,-0.07802239805459976,0.20570260286331177,0.3772565424442291,-0.06560762971639633
V,0.14948314428329468,0.6221198737621307,7.993969575181836e-07,0.08961525559425354,0.5618250668048859,-0.02617589198052883,0.061471760272979736,0.4653124511241913,-0.04385408014059067,0.0829620361328125,0.3864292800426483,-0.06484917551279068,0.12132444977760315,0.34502753615379333,-0.08392167091369629,0.058615922927856445,0.3189202845096588,-0.021917138248682022,0.03011864423751831,0.18990948796272278,-0.04911467805504799,0.012648701667785645,0.1084851324558258,-0.06674031168222427,0.0,0.043296754360198975,-0.0777050256729126,0.11300227046012878,0.31256893277168274,-0.031545206904411316,0.11818081140518188,0.16419562697410583,-0.061282068490982056,0.11944916844367981,0.07365721464157104,-0.08107780665159225,0.12453845143318176,0.0,-0.09117284417152405,0.1639091968536377,0.338643878698349,-0.04462864622473717,0.17703914642333984,0.2453024685382843,-0.0834059864282608,0.16383183002471924,0.30796077847480774,-0.08582461625337601,0.15590977668762207,0.36672165989875793,-0.07528884708881378,0.21152132749557495,0.3849283754825592,-0.06028950959444046,0.22921407222747803,0.3115428388118744,-0.08534516394138336,0.21947234869003296,0.3364241421222687,-0.07888665050268173,0.2119591236114502,0.36956360936164856,-0.0668051615357399
V,0.15138578414916992,0.6198052167892456,7.899261618149467e-07,0.09149438142776489,0.5598081946372986,-0.026010455563664436,0.06364160776138306,0.46617966890335083,-0.04344402998685837,0.08373534679412842,0.38707655668258667,-0.06415177881717682,0.11965087056159973,0.34657424688339233,-0.08279141038656235,0.060898393392562866,0.3160383701324463,-0.020374225452542305,0.03169780969619751,0.18799206614494324,-0.046680234372615814,0.01350441575050354,0.10744595527648926,-0.06381266564130783,0.0,0.04287302494049072,-0.07423925399780273,0.11487588286399841,0.3101354241371155,-0.029711388051509857,0.12041911482810974,0.16226482391357422,-0.05865873396396637,0.12064051628112793,0.07203406095504761,-0.07829094678163528,0.12447947263717651,0.0,-0.088109090924263,0.16513592004776,0.33676403760910034,-0.04260238632559776,0.17900574207305908,0.24726349115371704,-0.08132506906986237,0.16611111164093018,0.3059684634208679,-0.0852886363863945,0.1583002209663391,0.3631467819213867,-0.0754871815443039,0.2119901180267334,0.38281893730163574,-0.05795291066169739,0.23109138011932373,0.3089379072189331,-0.08290822058916092,0.22220838069915771,0.3317464590072632,-0.0771520808339119,0.21509617567062378,0.3650032877922058,-0.06534366309642792
V,0.15101739764213562,0.6226354539394379,7.907380563665356e-07,0.09106341004371643,0.5584808886051178,-0.02536145970225334,0.06358695030212402,0.46185168623924255,-0.04159274697303772,0.08599209785461426,0.38140222430229187,-0.061329327523708344,0.12474104762077332,0.33844372630119324,-0.07868197560310364,0.06064656376838684,0.31689271330833435,-0.017170855775475502,0.031218260526657104,0.18863430619239807,-0.04261249303817749,0.013209223747253418,0.10873588919639587,-0.05893494561314583,0.0,0.04416164755821228,-0.06886929273605347,0.11471885442733765,0.31112274527549744,-0.02646651864051819,0.11862999200820923,0.16414034366607666,-0.0550326332449913,0.1186484694480896,0.07357311248779297,-0.07404665648937225,0.12269079685211182,0.0,-0.08320057392120361,0.16521158814430237,0.33813056349754333,-0.03942584618926048,0.17718639969825745,0.24679884314537048,-0.07811959832906723,0.16647246479988098,0.31130799651145935,-0.07951267808675766,0.16081640124320984,0.3716033399105072,-0.06746412068605423,0.21225222945213318,0.3853432238101959,-0.05495420843362808,0.22997048497200012,0.3130755126476288,-0.07979442179203033,0.22077539563179016,0.3370152413845062,-0.07261448353528976,0.21353080868721008,0.3697194755077362,-0.05945102125406265
V,0.15345966815948486,0.6205028295516968,7.927220622150344e-07,0.09349781274795532,0.5581650733947754,-0.02655119262635708,0.0666188895702362,0.462723970413208,-0.04407217353582382,0.08490213751792908,0.3819490671157837,-0.064696304500103,0.11907818913459778,0.3376338481903076,-0.08280457556247711,0.061832427978515625,0.3160942792892456,-0.020148923620581627,0.03212326765060425,0.18664348125457764,-0.04760291054844856,0.013448208570480347,0.10502699017524719,-0.06523072719573975,0.0,0.03977373242378235,-0.07572998851537704,0.11597704887390137,0.3101723790168762,-0.028957491740584373,0.1210414469242096,0.16363632678985596,-0.05938320234417915,0.12076205015182495,0.07296407222747803,-0.07929376512765884,0.12472188472747803,0.0,-0.08879467099905014,0.16714489459991455,0.3359858989715576,-0.04137065261602402,0.18077123165130615,0.246629536151886,-0.0801331102848053,0.16835355758666992,0.30730611085891724,-0.08130761981010437,0.16123372316360474,0.364246666431427,-0.06924732029438019,0.2151172161102295,0.38157469034194946,-0.05650666728615761,0.233981192111969,0.3112388253211975,-0.08086071163415909,0.226232647895813,0.3304552435874939,-0.073639877140522,0.2207202911376953,0.3573414087295532,-0.06039012596011162
V,0.15329277515411377,0.6222160756587982,8.093982160062296e-07,0.09270772337913513,0.5580378472805023,-0.026441514492034912,0.06556558609008789,0.4628860056400299,-0.04470822215080261,0.08733916282653809,0.3834832012653351,-0.0663471445441246,0.12587085366249084,0.33889803290367126,-0.08594129979610443,0.06065315008163452,0.3177718222141266,-0.021275419741868973,0.03109508752822876,0.1884046494960785,-0.04936487227678299,0.013157069683074951,0.10649672150611877,-0.06763751059770584,0.0,0.04088681936264038,-0.0787353366613388,0.11505526304244995,0.31244996190071106,-0.030861327424645424,0.12120983004570007,0.16390743851661682,-0.06178850308060646,0.12108659744262695,0.0734872817993164,-0.08213618397712708,0.12488660216331482,0.0,-0.09221126139163971,0.16579145193099976,0.3394481837749481,-0.044075820595026016,0.178175151348114,0.2467651665210724,-0.08396131545305252,0.16517025232315063,0.30824562907218933,-0.08633675426244736,0.1587371826171875,0.36663487553596497,-0.0751202255487442,0.21312344074249268,0.38587144017219543,-0.05985591188073158,0.2306310534477234,0.3093133866786957,-0.08488330990076065,0.22107499837875366,0.3318631947040558,-0.07786870002746582,0.2143336534500122,0.36394062638282776,-0.06503760814666748
V,0.15492990612983704,0.6242393851280212,8.0877896380116e-07,0.0938713550567627,0.5616468191146851,-0.026234179735183716,0.06455332040786743,0.46460384130477905,-0.04384203627705574,0.08646038174629211,0.3824480175971985,-0.06481315195560455,0.1266309916973114,0.33511704206466675,-0.08348558843135834,0.06127330660820007,0.32031798362731934,-0.01971874013543129,0.0312618613243103,0.19117820262908936,-0.047046080231666565,0.013318568468093872,0.10928088426589966,-0.06455729156732559,0.0,0.04423525929450989,-0.07505237311124802,0.11518162488937378,0.3141534924507141,-0.029347211122512817,0.120501309633255,0.16442620754241943,-0.05930080637335777,0.12085479497909546,0.07368868589401245,-0.07860144972801208,0.12458747625350952,0.0,-0.08773499727249146,0.16595426201820374,0.34056907892227173,-0.042667489498853683,0.17889919877052307,0.24651408195495605,-0.08223646879196167,0.1661054790019989,0.3116859793663025,-0.08355938643217087,0.1589510142803192,0.37134140729904175,-0.07153443247079849,0.21379396319389343,0.3871347904205322,-0.0585571750998497,0.23175516724586487,0.31416285037994385,-0.08366402238607407,0.22128018736839294,0.3386867642402649,-0.07604750245809555,0.21290770173072815,0.3708646297454834,-0.06265775859355927
V,0.15778806805610657,0.6226266324520111,7.848053087400331e-07,0.09748688340187073,0.5616394579410553,-0.026268525049090385,0.0687926709651947,0.4644608199596405,-0.043864887207746506,0.08750694990158081,0.3822725713253021,-0.06496958434581757,0.12443700432777405,0.3353408873081207,-0.08382819592952728,0.06371515989303589,0.3186432421207428,-0.020074503496289253,0.03262379765510559,0.1893448531627655,-0.04765972122550011,0.01376447081565857,0.1081857979297638,-0.06495010107755661,0.0,0.04385685920715332,-0.07547175884246826,0.11818549036979675,0.31222274899482727,-0.03013121895492077,0.12168994545936584,0.1636841595172882,-0.061270471662282944,0.1211780309677124,0.07330778241157532,-0.08167868852615356,0.12434065341949463,0.0,-0.09164392948150635,0.1694563925266266,0.338691383600235,-0.043748900294303894,0.18175950646400452,0.24216607213020325,-0.08468274027109146,0.17116454243659973,0.308068186044693,-0.08597111701965332,0.1653284728527069,0.3679567873477936,-0.0738699734210968,0.21762284636497498,0.38621786236763,-0.05984720587730408,0.23385342955589294,0.3139149844646454,-0.0866393968462944,0.22538766264915466,0.33934906125068665,-0.07945670932531357,0.21904411911964417,0.3707779347896576,-0.06616131216287613
V,0.1591266393661499,0.6251136064529419,8.198318255381309e-07,0.09816879034042358,0.5602940917015076,-0.026761850342154503,0.0714496374130249,0.4624776840209961,-0.04436103627085686,0.09398248791694641,0.3814946413040161,-0.06543496251106262,0.13375765085220337,0.3396371603012085,-0.08425980806350708,0.06336086988449097,0.3195687532424927,-0.017417024821043015,0.033327698707580566,0.19065943360328674,-0.04415516182780266,0.014465570449829102,0.10958042740821838,-0.06149543821811676,0.0,0.044962406158447266,-0.07212738692760468,0.11822301149368286,0.31302952766418457,-0.026875777170062065,0.12249428033828735,0.1644953191280365,-0.057101957499980927,0.12155193090438843,0.07373321056365967,-0.07740520685911179,0.1242101788520813,0.0,-0.0872073769569397,0.17008072137832642,0.3388912081718445,-0.04020901769399643,0.1836545467376709,0.24481207132339478,-0.08046175539493561,0.1723119616508484,0.309542179107666,-0.08290240168571472,0.16627728939056396,0.3702348470687866,-0.07111214846372604,0.21812117099761963,0.38440775871276855,-0.056091103702783585,0.23496383428573608,0.31085872650146484,-0.0814925953745842,0.2268810272216797,0.33325207233428955,-0.07446745038032532,0.22141706943511963,0.36382704973220825,-0.06124823912978172
V,0.16044849157333374,0.6201287508010864,7.960805419315875e-07,0.09921851754188538,0.5556313395500183,-0.02683836966753006,0.07175785303115845,0.4589918851852417,-0.04466213285923004,0.09379544854164124,0.3769912123680115,-0.06571681797504425,0.1335260272026062,0.32975858449935913,-0.08434822410345078,0.06375664472579956,0.3144453763961792,-0.01865682378411293,0.033181846141815186,0.18632617592811584,-0.04610816389322281,0.014220178127288818,0.10523566603660583,-0.06391327828168869,0.0,0.04165911674499512,-0.07478523999452591,0.11886578798294067,0.30885016918182373,-0.02820853888988495,0.12184983491897583,0.1618935763835907,-0.05914035066962242,0.12060996890068054,0.07256823778152466,-0.07973340153694153,0.12344053387641907,0.0,-0.08981658518314362,0.17072230577468872,0.3350619673728943,-0.04158932715654373,0.1848875880241394,0.2396969199180603,-0.08189938217401505,0.1742430329322815,0.30267614126205444,-0.0838085487484932,0.16848933696746826,0.360023558139801,-0.07213496416807175,0.21855711936950684,0.38109254837036133,-0.05755677819252014,0.23600679636001587,0.30895328521728516,-0.08307269960641861,0.22790807485580444,0.331113338470459,-0.07604720443487167,0.2225779891014099,0.3594614267349243,-0.06301958113908768
V,0.16096407175064087,0.6207354068756104,7.945498055050848e-07,0.09927612543106079,0.5560481548309326,-0.025269538164138794,0.07069894671440125,0.45898914337158203,-0.04271524026989937,0.09617346525192261,0.381186306476593,-0.0638824924826622,0.13737916946411133,0.34084558486938477,-0.08315667510032654,0.06466636061668396,0.31709712743759155,-0.019397545605897903,0.03306323289871216,0.1881454885005951,-0.04708173871040344,0.014124095439910889,0.10783499479293823,-0.06492756307125092,0.0,0.04367905855178833,-0.07584717124700546,0.11993333697319031,0.3098753094673157,-0.02990643121302128,0.12157618999481201,0.16171813011169434,-0.06031796336174011,0.12125930190086365,0.07320880889892578,-0.080069400370121,0.12449085712432861,0.0,-0.0896076112985611,0.171786367893219,0.33454442024230957,-0.04409616440534592,0.18530809879302979,0.24094337224960327,-0.08352131396532059,0.17370295524597168,0.306842565536499,-0.0850948691368103,0.1661139726638794,0.36615419387817383,-0.07341039925813675,0.21983778476715088,0.3799290657043457,-0.06084185466170311,0.23724311590194702,0.3083035349845886,-0.08502750098705292,0.22823578119277954,0.3318297863006592,-0.07722216844558716,0.22083765268325806,0.3613949418067932,-0.06406805664300919
V,0.1619371771812439,0.6199657320976257,8.022715292099747e-07,0.1011350154876709,0.5530838966369629,-0.026704104617238045,0.07333356142044067,0.45545971393585205,-0.04428098350763321,0.09876644611358643,0.37860703468322754,-0.0652591660618782,0.13904273509979248,0.34040987491607666,-0.08440369367599487,0.06522339582443237,0.3157327175140381,-0.01880202814936638,0.03433334827423096,0.18884438276290894,-0.04600227624177933,0.014577656984329224,0.10855084657669067,-0.06431395560503006,0.0,0.04439342021942139,-0.07600333541631699,0.12056943774223328,0.3084399104118347,-0.028499510139226913,0.12227430939674377,0.1628006100654602,-0.05871715769171715,0.12126082181930542,0.07360035181045532,-0.07979636639356613,0.12414771318435669,0.0,-0.09064820408821106,0.1728612780570984,0.3340796232223511,-0.041993025690317154,0.18788915872573853,0.23769932985305786,-0.08184200525283813,0.17599380016326904,0.3001028895378113,-0.08564014732837677,0.16810590028762817,0.3589514493942261,-0.07556793838739395,0.22100716829299927,0.38051342964172363,-0.058045659214258194,0.23978281021118164,0.30961763858795166,-0.08410783112049103,0.2316453456878662,0.33030712604522705,-0.07863916456699371,0.22525465488433838,0.3589577078819275,-0.06687485426664352
V,0.1620810627937317,0.6145183444023132,7.988426773408719e-07,0.10112854838371277,0.5503350496292114,-0.02828916721045971,0.07185322046279907,0.4543558359146118,-0.046534087508916855,0.0989091694355011,0.37498897314071655,-0.06774114072322845,0.14214134216308594,0.3310356140136719,-0.08667249977588654,0.06520834565162659,0.3141639828681946,-0.021183209493756294,0.03366991877555847,0.18604245781898499,-0.04926015064120293,0.014414429664611816,0.10578566789627075,-0.06723060458898544,0.0,0.041872769594192505,-0.07807350903749466,0.12093263864517212,0.30630165338516235,-0.029605906456708908,0.12263891100883484,0.1600964069366455,-0.06011378392577171,0.12150558829307556,0.07231158018112183,-0.07969888299703598,0.12379592657089233,0.0,-0.08895924687385559,0.17250043153762817,0.33066272735595703,-0.04209611937403679,0.18564629554748535,0.24116605520248413,-0.08296145498752594,0.1759832501411438,0.3060155510902405,-0.08607017993927002,0.1700623631477356,0.3646487593650818,-0.07474860548973083,0.22005093097686768,0.37488579750061035,-0.057220105081796646,0.23827511072158813,0.30392903089523315,-0.08299365639686584,0.2291920781135559,0.3289852738380432,-0.07665641605854034,0.2215672731399536,0.36160629987716675,-0.0640905499458313
V,0.16101112961769104,0.613742858171463,7.919215931906365e-07,0.10086488723754883,0.550738126039505,-0.028089163824915886,0.07288900017738342,0.45481637120246887,-0.046573713421821594,0.0938619077205658,0.3736412823200226,-0.06823431700468063,0.13132575154304504,0.3273080289363861,-0.08768866211175919,0.06584647297859192,0.31374046206474304,-0.019574198871850967,0.03320878744125366,0.18767762184143066,-0.0475577637553215,0.01366165280342102,0.10782787203788757,-0.06553315371274948,0.0,0.04464039206504822,-0.07646630704402924,0.12077483534812927,0.306109756231308,-0.028451932594180107,0.12325555086135864,0.1599617302417755,-0.05976354703307152,0.12115427851676941,0.07193136215209961,-0.08072541654109955,0.12358161807060242,0.0,-0.09091734141111374,0.17252442240715027,0.3304204046726227,-0.041312336921691895,0.18537375330924988,0.23662206530570984,-0.08211033046245575,0.17305001616477966,0.3003183901309967,-0.08504459261894226,0.1667024791240692,0.3590625822544098,-0.07389477640390396,0.22019270062446594,0.3750927150249481,-0.05677461996674538,0.23671039938926697,0.3032449781894684,-0.08267378062009811,0.22818318009376526,0.32412728667259216,-0.07644494622945786,0.22233667969703674,0.35234811902046204,-0.06395330280065536
V,0.15995243191719055,0.6132762432098389,7.925489740046032e-07,0.09975701570510864,0.5481697916984558,-0.02867293357849121,0.07276865839958191,0.45251232385635376,-0.04724261537194252,0.09650826454162598,0.37040138244628906,-0.06878268718719482,0.13679239153862,0.3224652409553528,-0.08814920485019684,0.06490388512611389,0.3172295093536377,-0.02040730230510235,0.03351259231567383,0.18862926959991455,-0.048664532601833344,0.014135032892227173,0.10756421089172363,-0.06710842251777649,0.0,0.0427115261554718,-0.07842563837766647,0.11987608671188354,0.3096843361854553,-0.0289970263838768,0.12145805358886719,0.16228622198104858,-0.06003296375274658,0.12130337953567505,0.07332241535186768,-0.08107051998376846,0.12469971179962158,0.0,-0.09169084578752518,0.1712823212146759,0.33416640758514404,-0.04158022999763489,0.1863090693950653,0.23760080337524414,-0.08307401835918427,0.17723146080970764,0.3002219796180725,-0.08677572757005692,0.17125263810157776,0.35892629623413086,-0.07622085511684418,0.2185870110988617,0.3789519667625427,-0.056680649518966675,0.2366744577884674,0.30621349811553955,-0.08362367004156113,0.2289753258228302,0.3295990228652954,-0.0776747614145279,0.2225734293460846,0.3613528609275818,-0.0653795376420021
V,0.16138020157814026,0.6054787635803223,8.109030886771507e-07,0.10082867741584778,0.5405803918838501,-0.028818823397159576,0.07466155290603638,0.4447658061981201,-0.04710763692855835,0.09866777062416077,0.365927517414093,-0.06820287555456161,0.13678929209709167,0.32340115308761597,-0.08710751682519913,0.06493678689002991,0.30579328536987305,-0.018773406744003296,0.03314593434333801,0.18165495991706848,-0.04589192196726799,0.01406601071357727,0.10250580310821533,-0.06382520496845245,0.0,0.04000884294509888,-0.0749988779425621,0.1209503710269928,0.2990156412124634,-0.026716282591223717,0.12390005588531494,0.15668228268623352,-0.05683925747871399,0.12345075607299805,0.07057735323905945,-0.0774335116147995,0.12664362788200378,0.0,-0.08760896325111389,0.1731593906879425,0.32477933168411255,-0.038710352033376694,0.1870225965976715,0.22856652736663818,-0.07901781052350998,0.17697355151176453,0.2936787009239197,-0.08198682963848114,0.1712152659893036,0.3529571294784546,-0.07091175019741058,0.22119948267936707,0.3713133931159973,-0.05328763648867607,0.23797181248664856,0.30456656217575073,-0.07983294129371643,0.2309328019618988,0.3259882926940918,-0.07420634478330612,0.22588011622428894,0.3529338836669922,-0.06189490109682083
V,0.1564769446849823,0.6102089583873749,8.096155283965345e-07,0.09750759601593018,0.5441713035106659,-0.02719275839626789,0.07218092679977417,0.4480827748775482,-0.04495017230510712,0.09607177972793579,0.3682691156864166,-0.0657554641366005,0.1343373954296112,0.3240301311016083,-0.08435101807117462,0.06431049108505249,0.3133864104747772,-0.020018745213747025,0.03255996108055115,0.18436667323112488,-0.04768211022019386,0.013928323984146118,0.10479775071144104,-0.0653790682554245,0.0,0.042105644941329956,-0.07595183700323105,0.11940857768058777,0.30543121695518494,-0.028518404811620712,0.1220063865184784,0.15811464190483093,-0.05903002247214317,0.12126728892326355,0.07040548324584961,-0.07925789803266525,0.12442657351493835,0.0,-0.08883173763751984,0.17092177271842957,0.3295622766017914,-0.04079069942235947,0.18492737412452698,0.23708537220954895,-0.08037523925304413,0.1748858392238617,0.2999175488948822,-0.08297204226255417,0.16956034302711487,0.3584996163845062,-0.07158982008695602,0.21772804856300354,0.373983770608902,-0.055600959807634354,0.23505505919456482,0.3066001236438751,-0.08081306517124176,0.2276504933834076,0.32490524649620056,-0.07460642606019974,0.22256788611412048,0.3501683175563812,-0.06198934093117714
V,0.15610620379447937,0.6068233847618103,8.072604487097124e-07,0.09713324904441833,0.5426654815673828,-0.028473662212491035,0.07080152630805969,0.44604676961898804,-0.04643898829817772,0.0962693989276886,0.36782723665237427,-0.06733319908380508,0.13687238097190857,0.3257710933685303,-0.08619192987680435,0.062489330768585205,0.308230996131897,-0.01994522102177143,0.032388836145401,0.18132054805755615,-0.04698137193918228,0.013943642377853394,0.10172992944717407,-0.06439249217510223,0.0,0.03919801115989685,-0.07528582215309143,0.11831244826316833,0.3006952404975891,-0.028245503082871437,0.12287774682044983,0.15568336844444275,-0.05781649798154831,0.12352749705314636,0.06970253586769104,-0.0775613859295845,0.12740787863731384,0.0,-0.08728747814893723,0.1700032651424408,0.32646888494491577,-0.04056381806731224,0.1855805218219757,0.23129409551620483,-0.08025802671909332,0.17275026440620422,0.2971395254135132,-0.08316584676504135,0.16448453068733215,0.3558914065361023,-0.07255072146654129,0.21706125140190125,0.37343037128448486,-0.05545622855424881,0.23453542590141296,0.3096051812171936,-0.08193079382181168,0.22532448172569275,0.33392632007598877,-0.07651545852422714,0.21851709485054016,0.36236095428466797,-0.06476752460002899
V,0.14964258670806885,0.6098586618900299,8.10742051271518e-07,0.09238845109939575,0.5421006381511688,-0.025549964979290962,0.06870484352111816,0.44420120120048523,-0.042529523372650146,0.09385165572166443,0.3644079267978668,-0.06279908120632172,0.13410252332687378,0.32367292046546936,-0.08119157701730728,0.06030377745628357,0.3101089894771576,-0.019359173253178596,0.03169047832489014,0.1826583445072174,-0.04551916942000389,0.013924121856689453,0.10345572233200073,-0.06237940862774849,0.0,0.040901005268096924,-0.07305094599723816,0.11481136083602905,0.30371519923210144,-0.02847905457019806,0.12063372135162354,0.15720906853675842,-0.05745331197977066,0.12234556674957275,0.06956002116203308,-0.07723521441221237,0.1274440884590149,0.0,-0.08716998249292374,0.1660110354423523,0.3301561772823334,-0.04098198562860489,0.1804465651512146,0.23537513613700867,-0.07914597541093826,0.16790902614593506,0.2972346842288971,-0.08184961974620819,0.16065096855163574,0.3555971086025238,-0.07140699028968811,0.21260452270507812,0.37768521904945374,-0.05587257072329521,0.23098677396774292,0.3118661344051361,-0.08143462240695953,0.22405993938446045,0.3292544186115265,-0.0763530358672142,0.21979176998138428,0.35337910056114197,-0.06492388993501663
V,0.15104761719703674,0.6086280941963196,8.038968530854618e-07,0.09287554025650024,0.5415679216384888,-0.02840362675487995,0.06789013743400574,0.4468218684196472,-0.047009844332933426,0.08926445245742798,0.3681944012641907,-0.0683630183339119,0.12628957629203796,0.3259374499320984,-0.08741924166679382,0.06098642945289612,0.30957627296447754,-0.021177256479859352,0.03174009919166565,0.1815342903137207,-0.04916442185640335,0.013437330722808838,0.10134619474411011,-0.06747952103614807,0.0,0.037782132625579834,-0.07894112914800644,0.11615481972694397,0.30329281091690063,-0.029215196147561073,0.1217639148235321,0.1593644618988037,-0.060407139360904694,0.12333181500434875,0.0711488425731659,-0.081662118434906,0.12833139300346375,0.0,-0.09248612821102142,0.16717031598091125,0.3290230631828308,-0.04107336699962616,0.18294492363929749,0.23501700162887573,-0.0816381573677063,0.17279359698295593,0.2947089672088623,-0.08523974567651749,0.16632351279258728,0.3524181842803955,-0.07489856332540512,0.21316459774971008,0.37526828050613403,-0.0554964579641819,0.2318054735660553,0.30931925773620605,-0.08261929452419281,0.22667023539543152,0.32360488176345825,-0.07812222838401794,0.22267475724220276,0.3458883762359619,-0.06674080342054367
V,0.14980292320251465,0.6078511774539948,8.318760365000344e-07,0.09135368466377258,0.5405144989490509,-0.027498217299580574,0.06748571991920471,0.4451831877231598,-0.04532284662127495,0.09002384543418884,0.3680323660373688,-0.06604508310556412,0.12520718574523926,0.32698294520378113,-0.08474106341600418,0.06046205759048462,0.30999377369880676,-0.019061526283621788,0.031936824321746826,0.18207785487174988,-0.04609408602118492,0.013432741165161133,0.10211458802223206,-0.06394922733306885,0.0,0.03877344727516174,-0.0750436931848526,0.11465060710906982,0.3037562072277069,-0.026901593431830406,0.12237989902496338,0.159711092710495,-0.056903328746557236,0.12476736307144165,0.07104063034057617,-0.0781724825501442,0.1309032440185547,0.0,-0.08898935467004776,0.16517633199691772,0.3297179639339447,-0.038458772003650665,0.18013781309127808,0.2364131510257721,-0.07778968662023544,0.1677367091178894,0.29465726017951965,-0.08214309811592102,0.16074150800704956,0.35198959708213806,-0.07245995849370956,0.21149122714996338,0.3760409653186798,-0.05243246629834175,0.22999954223632812,0.3105137050151825,-0.07877625524997711,0.22466880083084106,0.32529202103614807,-0.0744582936167717,0.22186273336410522,0.34823182225227356,-0.0632321834564209
V,0.14745479822158813,0.6075136959552765,8.281838290713495e-07,0.08970093727111816,0.5418265163898468,-0.028191573917865753,0.06549796462059021,0.4458340108394623,-0.046987734735012054,0.08924338221549988,0.3675301969051361,-0.06851974874734879,0.12773197889328003,0.32445576786994934,-0.08799845725297928,0.06000787019729614,0.30718401074409485,-0.023305386304855347,0.03128165006637573,0.18085983395576477,-0.05095651000738144,0.013565003871917725,0.10130128264427185,-0.0684698224067688,0.0,0.03809899091720581,-0.07950079441070557,0.115162193775177,0.3015904724597931,-0.031842347234487534,0.12391555309295654,0.15610674023628235,-0.06204160302877426,0.1256275773048401,0.06885585188865662,-0.08192696422338486,0.13035839796066284,0.0,-0.09175737202167511,0.16589730978012085,0.32938459515571594,-0.04405183345079422,0.1810358166694641,0.23396751284599304,-0.0843016654253006,0.1687881350517273,0.2936840355396271,-0.08796112984418869,0.16224390268325806,0.3514924943447113,-0.07768689095973969,0.2120036482810974,0.3778704106807709,-0.05870519578456879,0.2304052710533142,0.3104182779788971,-0.0866570770740509,0.22350406646728516,0.3250283896923065,-0.08282501250505447,0.21862637996673584,0.34826549887657166,-0.0717892125248909
V,0.14829111099243164,0.6058879792690277,7.987414960552996e-07,0.09071505069732666,0.5383259952068329,-0.027074109762907028,0.06721386313438416,0.44134506583213806,-0.044567182660102844,0.09300380945205688,0.3638785779476166,-0.06498446315526962,0.13249695301055908,0.32265958189964294,-0.08330009132623672,0.06005772948265076,0.30664142966270447,-0.02008858509361744,0.031069844961166382,0.17911556363105774,-0.046969860792160034,0.013076931238174438,0.09828117489814758,-0.0643303394317627,0.0,0.03445857763290405,-0.07506304979324341,0.11558550596237183,0.30195173621177673,-0.028567146509885788,0.12279629707336426,0.15817508101463318,-0.05850033462047577,0.1252036690711975,0.07049703598022461,-0.07876470685005188,0.13067466020584106,0.0,-0.08886687457561493,0.16671651601791382,0.32872381806373596,-0.040763530880212784,0.18463867902755737,0.23760464787483215,-0.08031290024518967,0.17324692010879517,0.2965051233768463,-0.08411028236150742,0.16546279191970825,0.35303887724876404,-0.07399845868349075,0.2127293348312378,0.37519630789756775,-0.0553920716047287,0.23350542783737183,0.3073153793811798,-0.0812082514166832,0.22601747512817383,0.3247701823711395,-0.0761365219950676,0.2194972038269043,0.3510265052318573,-0.06459963321685791
V,0.14832717180252075,0.6108323633670807,8.148502388394263e-07,0.09094101190567017,0.5414663255214691,-0.026757998391985893,0.06797176599502563,0.4453717768192291,-0.04392477497458458,0.09028258919715881,0.36513033509254456,-0.06425199657678604,0.1216917634010315,0.31840386986732483,-0.08220598101615906,0.0601658821105957,0.3108413517475128,-0.017822731286287308,0.031614720821380615,0.18300938606262207,-0.04503171890974045,0.013666599988937378,0.10249540209770203,-0.062335796654224396,0.0,0.038146257400512695,-0.07268428802490234,0.11533093452453613,0.30549147725105286,-0.026545878499746323,0.12334424257278442,0.1603851616382599,-0.056978918612003326,0.1261380910873413,0.07186424732208252,-0.07713314145803452,0.13182777166366577,0.0,-0.08674319088459015,0.16643857955932617,0.3319949209690094,-0.03918309137225151,0.18274104595184326,0.2433914840221405,-0.0794091522693634,0.17157697677612305,0.30489662289619446,-0.08179910480976105,0.16525858640670776,0.362408310174942,-0.07019239664077759,0.21323859691619873,0.378080278635025,-0.054275333881378174,0.23265361785888672,0.3090609610080719,-0.07969865947961807,0.223580002784729,0.32971206307411194,-0.07283320277929306,0.21648573875427246,0.35833069682121277,-0.05981164798140526
V,0.14802759885787964,0.6073395311832428,8.416906212005415e-07,0.09152734279632568,0.5384092032909393,-0.028620079159736633,0.06815290451049805,0.44339707493782043,-0.04705009236931801,0.09120988845825195,0.366978257894516,-0.06789553165435791,0.12707078456878662,0.32715556025505066,-0.08658880740404129,0.05940011143684387,0.3048054277896881,-0.021238921210169792,0.03146463632583618,0.17741569876670837,-0.04861769825220108,0.01348048448562622,0.09741508960723877,-0.06661435216665268,0.0,0.03387826681137085,-0.07813151925802231,0.11471748352050781,0.3005710542201996,-0.02879207767546177,0.12338066101074219,0.15880849957466125,-0.05978464335203171,0.12537634372711182,0.07073086500167847,-0.08139068633317947,0.1305856704711914,0.0,-0.09242576360702515,0.16553640365600586,0.3285745680332184,-0.04007141664624214,0.18282359838485718,0.23395994305610657,-0.08096343278884888,0.1707262396812439,0.29158642888069153,-0.08586359769105911,0.16309720277786255,0.3488685190677643,-0.07622776180505753,0.2109760046005249,0.37749555706977844,-0.053784552961587906,0.23065871000289917,0.31660160422325134,-0.08301291614770889,0.22835063934326172,0.32309314608573914,-0.08111859112977982,0.2271135449409485,0.3367445170879364,-0.07109770178794861
V,0.14573177695274353,0.6095186471939087,8.575106562602741e-07,0.0874851644039154,0.5392535924911499,-0.02837035059928894,0.06421166658401489,0.44250667095184326,-0.04675516113638878,0.0919877290725708,0.36353451013565063,-0.067746102809906,0.13388612866401672,0.32066810131073,-0.08643803000450134,0.057087451219558716,0.30940091609954834,-0.020774582400918007,0.02896633744239807,0.18134212493896484,-0.04818115010857582,0.01279190182685852,0.10178995132446289,-0.06581319123506546,0.0,0.03847414255142212,-0.0767122134566307,0.11260870099067688,0.3037790060043335,-0.02808617614209652,0.12119421362876892,0.15908923745155334,-0.05890468508005142,0.1250799596309662,0.07157933712005615,-0.07941081374883652,0.1311001479625702,0.0,-0.08914902061223984,0.16317954659461975,0.33078616857528687,-0.03921240568161011,0.17733749747276306,0.2397528886795044,-0.08050254732370377,0.16820433735847473,0.30191802978515625,-0.08434741944074631,0.16337159276008606,0.3604748249053955,-0.07314439862966537,0.20879486203193665,0.37836754322052,-0.05275499448180199,0.22854211926460266,0.31508755683898926,-0.08094031363725662,0.22490230202674866,0.3264910578727722,-0.07730145007371902,0.22209760546684265,0.34538137912750244,-0.0658426508307457
V,0.14331161975860596,0.6065220236778259,8.293314408547303e-07,0.08694642782211304,0.5384092926979065,-0.02776271477341652,0.06550389528274536,0.44147151708602905,-0.04558592289686203,0.08911997079849243,0.3610309362411499,-0.06603512167930603,0.12538951635360718,0.31203722953796387,-0.08415248245000839,0.05716851353645325,0.3102028965950012,-0.021492626518011093,0.0291002094745636,0.1802910566329956,-0.04862397164106369,0.01236867904663086,0.09978914260864258,-0.06590794771909714,0.0,0.036740243434906006,-0.0765533372759819,0.11230498552322388,0.3040008544921875,-0.02905527874827385,0.12204885482788086,0.15711277723312378,-0.058968763798475266,0.1256047487258911,0.06888306140899658,-0.07966315001249313,0.13224512338638306,0.0,-0.09023483842611313,0.16256344318389893,0.33083707094192505,-0.0401957631111145,0.17872828245162964,0.23768383264541626,-0.07888103276491165,0.16650831699371338,0.2950921654701233,-0.08245941251516342,0.15952706336975098,0.3511749505996704,-0.07277189195156097,0.20763856172561646,0.3781357407569885,-0.05377665534615517,0.2283359169960022,0.31282639503479004,-0.0798485204577446,0.22189056873321533,0.32699334621429443,-0.07550902664661407,0.2173730731010437,0.3493550419807434,-0.06460347026586533
V,0.13962727785110474,0.6049984395503998,8.422379096373334e-07,0.08387205004692078,0.5362881124019623,-0.028086133301258087,0.06276342272758484,0.4401209056377411,-0.04560001939535141,0.0862131118774414,0.3634047210216522,-0.0654936358332634,0.11773520708084106,0.3198346793651581,-0.08316809684038162,0.05486154556274414,0.30193600058555603,-0.019543481990695,0.028496861457824707,0.174697607755661,-0.04532286152243614,0.012128561735153198,0.09537830948829651,-0.06242843344807625,0.0,0.03348886966705322,-0.07293092459440231,0.11038517951965332,0.297858864068985,-0.026644669473171234,0.12072467803955078,0.15560761094093323,-0.054986126720905304,0.12426948547363281,0.06858468055725098,-0.0752381831407547,0.13107752799987793,0.0,-0.0854656770825386,0.16100555658340454,0.3263815939426422,-0.03749962896108627,0.17758947610855103,0.2382356822490692,-0.07537199556827545,0.16338229179382324,0.2960069477558136,-0.07964795082807541,0.1553027629852295,0.35175183415412903,-0.07034596055746078,0.20641088485717773,0.3752906620502472,-0.05076304450631142,0.2255387306213379,0.3131745159626007,-0.07632514089345932,0.21982288360595703,0.3278128206729889,-0.0719439834356308,0.21711915731430054,0.3486455976963043,-0.060904547572135925
V,0.13585695624351501,0.602617084980011,8.405279459111625e-07,0.08050325512886047,0.5354654788970947,-0.029821746051311493,0.05864545702934265,0.4399481415748596,-0.04929916933178902,0.08482113480567932,0.3643115758895874,-0.07116935402154922,0.12381300330162048,0.32450538873672485,-0.09092240780591965,0.053974300622940063,0.30300599336624146,-0.023602427914738655,0.028422415256500244,0.17442291975021362,-0.05148446187376976,0.012063771486282349,0.09410476684570312,-0.0694744661450386,0.0,0.03200352191925049,-0.08048982918262482,0.1096201241016388,0.29896146059036255,-0.030737336724996567,0.12051203846931458,0.15546125173568726,-0.06149424612522125,0.12414476275444031,0.06853854656219482,-0.08226926624774933,0.1307060420513153,0.0,-0.09254883974790573,0.15976932644844055,0.32703930139541626,-0.041719041764736176,0.17743036150932312,0.23586803674697876,-0.08169124275445938,0.16441503167152405,0.29511135816574097,-0.08580580353736877,0.1560392677783966,0.35166823863983154,-0.07592429965734482,0.2044726312160492,0.37529873847961426,-0.055285971611738205,0.22566649317741394,0.3111666440963745,-0.08197055011987686,0.21969446539878845,0.32696533203125,-0.07772628962993622,0.21495655179023743,0.34986066818237305,-0.06663744151592255
V,0.13188382983207703,0.6013306379318237,8.396065140914288e-07,0.0767880380153656,0.5288914442062378,-0.028499040752649307,0.05671462416648865,0.43303829431533813,-0.047260671854019165,0.0876532793045044,0.3616572618484497,-0.06874056160449982,0.129238098859787,0.3281775712966919,-0.088487908244133,0.05156737565994263,0.300986111164093,-0.022323627024888992,0.026936620473861694,0.17336666584014893,-0.04982202872633934,0.011316806077957153,0.09325587749481201,-0.06818078458309174,0.0,0.029127061367034912,-0.07989448308944702,0.10732409358024597,0.29836505651474,-0.030434682965278625,0.11898848414421082,0.15631908178329468,-0.06070726737380028,0.12369349598884583,0.07021817564964294,-0.08189626038074493,0.13121142983436584,0.0,-0.09293777495622635,0.15741530060768127,0.3274078369140625,-0.04228517413139343,0.17804577946662903,0.23795688152313232,-0.08175898343324661,0.16392990946769714,0.2970402240753174,-0.08614766597747803,0.1543641984462738,0.35424095392227173,-0.07665739953517914,0.20105227828025818,0.3762582540512085,-0.056728214025497437,0.22334584593772888,0.3106558918952942,-0.08252044767141342,0.2165953814983368,0.3270048499107361,-0.07782250642776489,0.21131715178489685,0.3520625829696655,-0.06676936149597168
V,0.12924450635910034,0.6051254570484161,8.023258715184056e-07,0.07490390539169312,0.5377788841724396,-0.027075348421931267,0.05519583821296692,0.44186946749687195,-0.044945117086172104,0.08176642656326294,0.36845073103904724,-0.06624884158372879,0.11715912818908691,0.3303358256816864,-0.08574120700359344,0.05270799994468689,0.30234017968177795,-0.020469065755605698,0.02771696448326111,0.17532476782798767,-0.04863156005740166,0.011420249938964844,0.09408637881278992,-0.06697919964790344,0.0,0.029746651649475098,-0.07848738133907318,0.10726052522659302,0.2982199490070343,-0.03012637235224247,0.11867517232894897,0.1570284068584442,-0.06150495633482933,0.12178874015808105,0.06971055269241333,-0.08284435421228409,0.12813425064086914,0.0,-0.09362343698740005,0.1567724347114563,0.3264208137989044,-0.04362550005316734,0.17642903327941895,0.23644724488258362,-0.08391708135604858,0.16059058904647827,0.29619506001472473,-0.08761193603277206,0.15077853202819824,0.35299429297447205,-0.07750557363033295,0.20110702514648438,0.37463757395744324,-0.05972675234079361,0.22236108779907227,0.30834516882896423,-0.0862075462937355,0.21202701330184937,0.3281513750553131,-0.08121572434902191,0.20451217889785767,0.3566974699497223,-0.06973792612552643
V,0.13299554586410522,0.6058172583580017,8.090235041890992e-07,0.07697269320487976,0.5355159640312195,-0.026592113077640533,0.05514082312583923,0.4398565888404846,-0.04487811028957367,0.08296656608581543,0.3682553172111511,-0.0660230815410614,0.12354278564453125,0.33688807487487793,-0.0855552926659584,0.05414709448814392,0.305358350276947,-0.023197423666715622,0.02882063388824463,0.1777421534061432,-0.05163269490003586,0.012635916471481323,0.09719443321228027,-0.06994123756885529,0.0,0.03272315859794617,-0.08111727982759476,0.10906738042831421,0.30239659547805786,-0.03197729215025902,0.12199163436889648,0.1583923101425171,-0.06287207454442978,0.12550008296966553,0.07096871733665466,-0.08330575376749039,0.13111776113510132,0.0,-0.09305499494075775,0.15863806009292603,0.3312993049621582,-0.044163208454847336,0.17561841011047363,0.2443310022354126,-0.08343368768692017,0.1629476547241211,0.29998916387557983,-0.08699128776788712,0.15516644716262817,0.35347580909729004,-0.07635857909917831,0.20264846086502075,0.3798257112503052,-0.05875430628657341,0.2233303189277649,0.31527090072631836,-0.08345154672861099,0.21869224309921265,0.3269701600074768,-0.07782469689846039,0.21543437242507935,0.3466411232948303,-0.06574025005102158
V,0.13081607222557068,0.597362756729126,8.054552154135308e-07,0.07529506087303162,0.529273271560669,-0.02701612003147602,0.05327257513999939,0.4379355311393738,-0.04532606527209282,0.0798078179359436,0.3677164316177368,-0.06640718132257462,0.11812183260917664,0.3341246247291565,-0.08568113297224045,0.0512298047542572,0.29727184772491455,-0.022150343284010887,0.027235716581344604,0.1706293821334839,-0.04852692782878876,0.01133069396018982,0.09113174676895142,-0.06571550667285919,0.0,0.02712664008140564,-0.07658391445875168,0.10613700747489929,0.2948729991912842,-0.030446909368038177,0.1180143654346466,0.1551293134689331,-0.059720735996961594,0.1219240128993988,0.06924620270729065,-0.08037254959344864,0.12919172644615173,0.0,-0.09120044857263565,0.15589627623558044,0.3243436813354492,-0.0421668142080307,0.1737523376941681,0.23857718706130981,-0.08048339933156967,0.16053268313407898,0.2933342456817627,-0.08531999588012695,0.1524592936038971,0.3475218415260315,-0.07642221450805664,0.20064738392829895,0.3726353049278259,-0.056273724883794785,0.22170856595039368,0.3069940209388733,-0.08117502927780151,0.21599289774894714,0.32044708728790283,-0.07682705670595169,0.21200701594352722,0.34362292289733887,-0.06612201035022736
V,0.13068759441375732,0.6018949747085571,8.123691372929898e-07,0.07498148083686829,0.5318447351455688,-0.025534631684422493,0.05392816662788391,0.4351425766944885,-0.043322302401065826,0.0830431580543518,0.3626161813735962,-0.06442827731370926,0.12459391355514526,0.329453706741333,-0.08407892286777496,0.05198562145233154,0.30433446168899536,-0.022249646484851837,0.027955353260040283,0.1760374903678894,-0.04984286427497864,0.01199766993522644,0.0951007604598999,-0.0675591379404068,0.0,0.030556589365005493,-0.07856694608926773,0.10667639970779419,0.30081117153167725,-0.031628236174583435,0.11955970525741577,0.1578882336616516,-0.06174202635884285,0.12356036901473999,0.07036000490188599,-0.08159329742193222,0.13048231601715088,0.0,-0.09144831448793411,0.15644526481628418,0.3290727734565735,-0.04428485780954361,0.17420411109924316,0.23873895406723022,-0.08211696892976761,0.1598886251449585,0.29639673233032227,-0.08381584286689758,0.15171170234680176,0.35286080837249756,-0.07265710085630417,0.2008872628211975,0.37665826082229614,-0.05946264788508415,0.22113913297653198,0.3086240291595459,-0.08324874192476273,0.21370649337768555,0.32425159215927124,-0.07634124904870987,0.20863759517669678,0.34982454776763916,-0.06375206261873245
V,0.13247400522232056,0.6005147993564606,8.276644507532183e-07,0.07758498191833496,0.5296414792537689,-0.026685263961553574,0.05743288993835449,0.437360018491745,-0.044834721833467484,0.08223527669906616,0.3645574152469635,-0.0659201443195343,0.11870318651199341,0.3300347626209259,-0.0850711539387703,0.052171915769577026,0.2989934980869293,-0.020091550424695015,0.02750113606452942,0.1732589602470398,-0.04720856994390488,0.011755943298339844,0.09416946768760681,-0.06487598270177841,0.0,0.030881047248840332,-0.07569165527820587,0.10669493675231934,0.2968885600566864,-0.028586678206920624,0.11850869655609131,0.15572497248649597,-0.058428727090358734,0.12244105339050293,0.06907230615615845,-0.07917217165231705,0.1291741132736206,0.0,-0.08940082788467407,0.15627753734588623,0.327136367559433,-0.04067229852080345,0.17276883125305176,0.24179860949516296,-0.07920712977647781,0.1604408621788025,0.2956865131855011,-0.08362777531147003,0.15318989753723145,0.3486510217189789,-0.07391344755887985,0.20063191652297974,0.37696167826652527,-0.05515117943286896,0.22087103128433228,0.3130902349948883,-0.07960453629493713,0.2160496711730957,0.32415345311164856,-0.0747099369764328,0.21270573139190674,0.34371986985206604,-0.06328844279050827
V,0.13234931230545044,0.6038699150085449,8.043358548093238e-07,0.07764264941215515,0.534007728099823,-0.025505660101771355,0.056249022483825684,0.4395691752433777,-0.04287133738398552,0.07923063635826111,0.36573827266693115,-0.06372152268886566,0.11370456218719482,0.3261374831199646,-0.08299382030963898,0.05267441272735596,0.30400359630584717,-0.019560858607292175,0.026926487684249878,0.17632818222045898,-0.047282252460718155,0.0109022855758667,0.09502410888671875,-0.06529422104358673,0.0,0.030782759189605713,-0.07624556869268417,0.10628116130828857,0.3001668453216553,-0.028919300064444542,0.11812394857406616,0.15759974718093872,-0.05947417393326759,0.12199300527572632,0.06974253058433533,-0.0802549347281456,0.12954872846603394,0.0,-0.09056522697210312,0.1557421088218689,0.32819801568984985,-0.04185609892010689,0.1721397042274475,0.23623448610305786,-0.08109282702207565,0.1572851538658142,0.29185640811920166,-0.08500542491674423,0.14947813749313354,0.34746062755584717,-0.0750952735543251,0.20049476623535156,0.37599998712539673,-0.05711745843291283,0.22056353092193604,0.3070855140686035,-0.08251561969518661,0.21243971586227417,0.322380006313324,-0.07729057222604752,0.20727604627609253,0.34866487979888916,-0.06561416387557983
V,0.1335355043411255,0.6018700003623962,8.221742291425471e-07,0.07830137014389038,0.5320152044296265,-0.02912387065589428,0.05651777982711792,0.4395022988319397,-0.04839373379945755,0.08472245931625366,0.36435091495513916,-0.07033812999725342,0.1259918212890625,0.32188189029693604,-0.09012182056903839,0.0527992844581604,0.30141639709472656,-0.021336156874895096,0.027283132076263428,0.1761590540409088,-0.049027640372514725,0.011488944292068481,0.09701463580131531,-0.06669282913208008,0.0,0.03319835662841797,-0.07710970938205719,0.10776495933532715,0.2987667918205261,-0.02902752347290516,0.11868739128112793,0.15642428398132324,-0.059092648327350616,0.12256848812103271,0.0704115629196167,-0.0788271427154541,0.12916183471679688,0.0,-0.08801064640283585,0.15770649909973145,0.3280133605003357,-0.04080663621425629,0.17312729358673096,0.24194002151489258,-0.08140073716640472,0.1610686182975769,0.30096113681793213,-0.08562865853309631,0.15438854694366455,0.35576629638671875,-0.07497811317443848,0.20280057191848755,0.37617993354797363,-0.05507305637001991,0.22226059436798096,0.3080797791481018,-0.08053583651781082,0.2134881615638733,0.32761508226394653,-0.0746207907795906,0.20684266090393066,0.35563743114471436,-0.062175534665584564
V,0.13207632303237915,0.5979984402656555,8.045741424211883e-07,0.07606703042984009,0.5289027690887451,-0.025807466357946396,0.05286499857902527,0.43403875827789307,-0.04359595105051994,0.07929649949073792,0.3601701259613037,-0.06430692970752716,0.12121081352233887,0.3267754912376404,-0.08350781351327896,0.053533583879470825,0.3042523264884949,-0.024223564192652702,0.02782905101776123,0.1749722957611084,-0.05183204263448715,0.01193159818649292,0.09501242637634277,-0.06903975456953049,0.0,0.03114446997642517,-0.07947245240211487,0.1079622209072113,0.30087435245513916,-0.03308287262916565,0.1187586784362793,0.15458106994628906,-0.062198199331760406,0.12272089719772339,0.06821125745773315,-0.08135214447975159,0.12914139032363892,0.0,-0.09074793756008148,0.15723037719726562,0.32947784662246704,-0.045129209756851196,0.171170175075531,0.2407761812210083,-0.08320211619138718,0.1588553786277771,0.2935781478881836,-0.0874195396900177,0.15157365798950195,0.34700071811676025,-0.07806409895420074,0.20126211643218994,0.37772393226623535,-0.05945886671543121,0.2211781144142151,0.31206977367401123,-0.0842180997133255,0.21456432342529297,0.3255930542945862,-0.07940109074115753,0.20940709114074707,0.34931498765945435,-0.06839419901371002
V,0.131239652633667,0.6027733981609344,8.088546792350826e-07,0.0752970278263092,0.5330892503261566,-0.025800589472055435,0.05295625329017639,0.43874797224998474,-0.043910183012485504,0.07932338118553162,0.3679933249950409,-0.06530463695526123,0.11830687522888184,0.33789321780204773,-0.08515633642673492,0.05145341157913208,0.3049776256084442,-0.021665135398507118,0.027542978525161743,0.17723476886749268,-0.049624547362327576,0.011514544486999512,0.09746578335762024,-0.06758526712656021,0.0,0.03376585245132446,-0.07849543541669846,0.10560870170593262,0.3023104965686798,-0.031046075746417046,0.11668407917022705,0.15936711430549622,-0.06165853515267372,0.11938214302062988,0.07166817784309387,-0.08205118030309677,0.12548869848251343,0.0,-0.0919608324766159,0.15511077642440796,0.3311782777309418,-0.04384160041809082,0.17339789867401123,0.2444966733455658,-0.08251471072435379,0.15886759757995605,0.30247363448143005,-0.08522537350654602,0.14978879690170288,0.35809919238090515,-0.07431096583604813,0.19933044910430908,0.3791310489177704,-0.05910186842083931,0.22018104791641235,0.31190231442451477,-0.08308231085538864,0.21343231201171875,0.3275403082370758,-0.07641391456127167,0.20838409662246704,0.35184189677238464,-0.06384709477424622
V,0.1335037350654602,0.6045116484165192,7.967555006871407e-07,0.07721567153930664,0.5371426641941071,-0.0262693390250206,0.05451154708862305,0.4413641393184662,-0.04368181526660919,0.07811364531517029,0.364827960729599,-0.06421205401420593,0.11537158489227295,0.32454463839530945,-0.08283895254135132,0.05422067642211914,0.30508705973625183,-0.019569318741559982,0.02897125482559204,0.17815378308296204,-0.04769711196422577,0.012230336666107178,0.097057044506073,-0.06563793867826462,0.0,0.03295174241065979,-0.07624180614948273,0.10768190026283264,0.30115941166877747,-0.028413087129592896,0.11767566204071045,0.15856292843818665,-0.05895969271659851,0.12080657482147217,0.07064980268478394,-0.07885485887527466,0.12759941816329956,0.0,-0.08805666118860245,0.15743094682693481,0.328817218542099,-0.04097294434905052,0.17119675874710083,0.24151799082756042,-0.08065154403448105,0.15710502862930298,0.2981744110584259,-0.08369801938533783,0.14975827932357788,0.3527255356311798,-0.07258144021034241,0.2024734616279602,0.375887006521225,-0.0559377521276474,0.22021615505218506,0.3095185458660126,-0.08110424876213074,0.21242505311965942,0.3249090611934662,-0.0748329758644104,0.2077862024307251,0.3492700755596161,-0.0620877631008625
V,0.13304322957992554,0.6052287220954895,8.16928604763234e-07,0.07800686359405518,0.5371906757354736,-0.02705480344593525,0.05617266893386841,0.44382011890411377,-0.04561011493206024,0.08105677366256714,0.37219101190567017,-0.06721866130828857,0.11884582042694092,0.33883416652679443,-0.08703968673944473,0.05302482843399048,0.3056491017341614,-0.021891053766012192,0.028470784425735474,0.1781337857246399,-0.04970737546682358,0.012261450290679932,0.0985252857208252,-0.06765180826187134,0.0,0.03474268317222595,-0.0785895586013794,0.10700848698616028,0.3025423288345337,-0.03088761679828167,0.1174810528755188,0.15869900584220886,-0.061045918613672256,0.12115168571472168,0.07092556357383728,-0.08126222342252731,0.12735188007354736,0.0,-0.09116272628307343,0.1561375856399536,0.33176350593566895,-0.04351884126663208,0.17277920246124268,0.24416738748550415,-0.08299622684717178,0.1598222255706787,0.30273234844207764,-0.08662738651037216,0.15142661333084106,0.3589320778846741,-0.07619133591651917,0.20004820823669434,0.3803889751434326,-0.05860297009348869,0.21951007843017578,0.31249183416366577,-0.08373888581991196,0.21231162548065186,0.32982051372528076,-0.07767961919307709,0.20656651258468628,0.3560025691986084,-0.06542722135782242
V,0.13563576340675354,0.6047843098640442,8.29952739422879e-07,0.08088764548301697,0.5404424667358398,-0.028532736003398895,0.058336734771728516,0.44690626859664917,-0.04736736789345741,0.08208015561103821,0.36975592374801636,-0.0689205452799797,0.120263010263443,0.32941734790802,-0.0881984606385231,0.05276477336883545,0.3059472441673279,-0.02177739143371582,0.026898115873336792,0.17901980876922607,-0.049693383276462555,0.011265277862548828,0.09978881478309631,-0.06678714603185654,0.0,0.036926448345184326,-0.07661966234445572,0.10698369145393372,0.30199384689331055,-0.029911361634731293,0.11658027768135071,0.1563781499862671,-0.060518037527799606,0.12123867869377136,0.06924578547477722,-0.0797254741191864,0.12824830412864685,0.0,-0.08807090669870377,0.15659186244010925,0.33058518171310425,-0.041976772248744965,0.17192122340202332,0.24454253911972046,-0.08301007747650146,0.16065534949302673,0.305785596370697,-0.08584142476320267,0.1537262499332428,0.3619667887687683,-0.07393985986709595,0.2008514702320099,0.3793063163757324,-0.05648745223879814,0.21949782967567444,0.3134545683860779,-0.08276095241308212,0.21241024136543274,0.3333474397659302,-0.07624364644289017,0.2065519392490387,0.3599588871002197,-0.063005730509758
V,0.1327592134475708,0.6020512878894806,8.014891363927745e-07,0.07761603593826294,0.5364333093166351,-0.026775747537612915,0.055023133754730225,0.442999929189682,-0.04425637423992157,0.08113431930541992,0.3680342137813568,-0.06485424935817719,0.11976301670074463,0.33236977458000183,-0.08367523550987244,0.05310213565826416,0.3036743700504303,-0.021601596847176552,0.02738136053085327,0.1769968867301941,-0.04866879805922508,0.011359691619873047,0.09841522574424744,-0.06547142565250397,0.0,0.03573736548423767,-0.07548840343952179,0.1073751151561737,0.29982271790504456,-0.030747992917895317,0.11702108383178711,0.15553489327430725,-0.06040745973587036,0.12177121639251709,0.06883111596107483,-0.07958567142486572,0.12999123334884644,0.0,-0.0885753259062767,0.15669399499893188,0.3281343877315521,-0.043548762798309326,0.17409098148345947,0.2441020905971527,-0.08222199976444244,0.16087549924850464,0.30449941754341125,-0.08483214676380157,0.1529383659362793,0.3600042760372162,-0.07407176494598389,0.20063894987106323,0.37565240263938904,-0.05890285596251488,0.21869099140167236,0.3104148209095001,-0.08280179649591446,0.20786267518997192,0.33560749888420105,-0.07543385773897171,0.1996976137161255,0.36768898367881775,-0.06264892220497131
V,0.13365411758422852,0.6040025949478149,8.14842621821299e-07,0.07776597142219543,0.5359845161437988,-0.028021391481161118,0.05344611406326294,0.4449051022529602,-0.0466926135122776,0.08158162236213684,0.3729860782623291,-0.0683765858411789,0.12360447645187378,0.3406069278717041,-0.08804906159639359,0.051733314990997314,0.3070180416107178,-0.022326599806547165,0.026829391717910767,0.17936444282531738,-0.05035671591758728,0.011201262474060059,0.10026979446411133,-0.06818836182355881,0.0,0.036410748958587646,-0.07887208461761475,0.10667777061462402,0.3024057149887085,-0.03086121566593647,0.11564084887504578,0.15916666388511658,-0.06113541126251221,0.12012004852294922,0.07099166512489319,-0.080290287733078,0.12759792804718018,0.0,-0.0892024114727974,0.15653222799301147,0.32957208156585693,-0.043341077864170074,0.17370688915252686,0.24613869190216064,-0.08228074014186859,0.16199207305908203,0.30587124824523926,-0.08443852514028549,0.154588520526886,0.3626503348350525,-0.07294759899377823,0.20064592361450195,0.3758694529533386,-0.05858417600393295,0.21846193075180054,0.3090662360191345,-0.08206028491258621,0.20840108394622803,0.33259016275405884,-0.07404598593711853,0.20031863451004028,0.3649754524230957,-0.06059792637825012
V,0.13182812929153442,0.6006143987178802,8.37845902879053e-07,0.07762143015861511,0.5350536406040192,-0.028716150671243668,0.05470401048660278,0.4438936412334442,-0.04821152240037918,0.08191654086112976,0.37181660532951355,-0.07034602761268616,0.12173885107040405,0.3363257348537445,-0.09064503014087677,0.051059842109680176,0.3016494810581207,-0.02458481676876545,0.02641075849533081,0.17536640167236328,-0.05227965861558914,0.011194467544555664,0.09616032242774963,-0.06967982649803162,0.0,0.03259110450744629,-0.08010786771774292,0.10565048456192017,0.2987193167209625,-0.033099181950092316,0.11778894066810608,0.1553540825843811,-0.06320774555206299,0.12280845642089844,0.06869977712631226,-0.08248919248580933,0.13028264045715332,0.0,-0.09146472066640854,0.15530776977539062,0.3280436098575592,-0.04535779356956482,0.17194390296936035,0.2469472587108612,-0.0844372883439064,0.15679335594177246,0.3070126473903656,-0.08725187927484512,0.1474618911743164,0.3626610338687897,-0.07639364153146744,0.1993701457977295,0.3763521611690521,-0.06021542474627495,0.21576273441314697,0.30999067425727844,-0.08395606279373169,0.2060457468032837,0.334151953458786,-0.07606526464223862,0.19938361644744873,0.3656459152698517,-0.06279636174440384
V,0.1295241117477417,0.6032659709453583,8.405968401348218e-07,0.07481503486633301,0.5348924696445465,-0.027074715122580528,0.053552985191345215,0.4418138563632965,-0.04542358219623566,0.0820043683052063,0.36785778403282166,-0.06702611595392227,0.12307089567184448,0.3302861750125885,-0.08659644424915314,0.04962673783302307,0.30375441908836365,-0.020899420604109764,0.02595648169517517,0.17635414004325867,-0.0479419082403183,0.011044114828109741,0.09742793440818787,-0.0650208368897438,0.0,0.0346163809299469,-0.07515794038772583,0.10455182194709778,0.300640732049942,-0.02976359613239765,0.11824500560760498,0.15685775876045227,-0.059453655034303665,0.12460893392562866,0.06881719827651978,-0.0786103680729866,0.13303142786026,0.0,-0.08759579062461853,0.15383517742156982,0.32902494072914124,-0.042509108781814575,0.17048025131225586,0.24545612931251526,-0.08076638728380203,0.15705662965774536,0.3051353991031647,-0.08324503153562546,0.1490446925163269,0.3619190752506256,-0.07227130979299545,0.197035014629364,0.3756454288959503,-0.05787136033177376,0.2151312232017517,0.30673298239707947,-0.08065524697303772,0.20430809259414673,0.3293220102787018,-0.07271632552146912,0.1955590844154358,0.3618799149990082,-0.059610601514577866
V,0.1291446089744568,0.5968121588230133,8.148970209731488e-07,0.07564550638198853,0.5295580327510834,-0.027310065925121307,0.05481269955635071,0.438655823469162,-0.04597530886530876,0.07878994941711426,0.3675776422023773,-0.06757577508687973,0.11559760570526123,0.33116087317466736,-0.08730681240558624,0.05126023292541504,0.29890063405036926,-0.022094622254371643,0.02692645788192749,0.17281684279441833,-0.04991135746240616,0.011355340480804443,0.09335461258888245,-0.06791916489601135,0.0,0.030448615550994873,-0.07876467704772949,0.10558781027793884,0.2955533564090729,-0.030800143256783485,0.11861264705657959,0.1537245213985443,-0.0607294999063015,0.1254432201385498,0.06753399968147278,-0.08045937865972519,0.13461989164352417,0.0,-0.09003769606351852,0.1548405885696411,0.32334157824516296,-0.04327630624175072,0.17143261432647705,0.23796972632408142,-0.0811542272567749,0.15808671712875366,0.29357829689979553,-0.0845017284154892,0.14991915225982666,0.34733060002326965,-0.07463985681533813,0.19841337203979492,0.37006160616874695,-0.05835981294512749,0.21572047472000122,0.30476340651512146,-0.08133399486541748,0.20684194564819336,0.32297131419181824,-0.07462429255247116,0.20055615901947021,0.34954991936683655,-0.06253476440906525
V,0.12856566905975342,0.6017246544361115,8.122282224576338e-07,0.07351499795913696,0.5360167920589447,-0.026025308296084404,0.05353975296020508,0.4407322108745575,-0.04316817596554756,0.07925957441329956,0.3669978082180023,-0.06357201188802719,0.11222219467163086,0.32895544171333313,-0.08228517323732376,0.050784915685653687,0.30269357562065125,-0.019628804177045822,0.026585638523101807,0.1763475239276886,-0.04646442458033562,0.011262565851211548,0.09605664014816284,-0.0637708380818367,0.0,0.03294450044631958,-0.07421912997961044,0.10469752550125122,0.29946985840797424,-0.028880298137664795,0.11823582649230957,0.15618416666984558,-0.058414094150066376,0.12432432174682617,0.0686967670917511,-0.07823929190635681,0.13267946243286133,0.0,-0.08778496831655502,0.15333259105682373,0.3278653919696808,-0.041801176965236664,0.16915905475616455,0.23981550335884094,-0.08033560961484909,0.15508103370666504,0.2996208965778351,-0.08349381387233734,0.14729434251785278,0.3561144173145294,-0.07314494252204895,0.19706004858016968,0.3757183253765106,-0.0570899099111557,0.21429139375686646,0.30844447016716003,-0.08091207593679428,0.2050255537033081,0.329682320356369,-0.07398753613233566,0.19908356666564941,0.3584670126438141,-0.06156275048851967
V,0.1276715099811554,0.5989570319652557,8.301714160552365e-07,0.07386866211891174,0.5330199301242828,-0.029208293184638023,0.052834123373031616,0.4409849941730499,-0.04823865368962288,0.07880556583404541,0.36849942803382874,-0.07011319696903229,0.11471310257911682,0.33271321654319763,-0.09016075730323792,0.04838630557060242,0.29942968487739563,-0.022843999788165092,0.025042802095413208,0.17170393466949463,-0.05087558180093765,0.010557383298873901,0.09159564971923828,-0.06880281865596771,0.0,0.02851426601409912,-0.07958769798278809,0.10347405076026917,0.2959587275981903,-0.03135428950190544,0.11641302704811096,0.15399423241615295,-0.06221339479088783,0.12214204668998718,0.06768149137496948,-0.08226560801267624,0.12977471947669983,0.0,-0.09171532094478607,0.15288302302360535,0.3247394859790802,-0.04385250434279442,0.16825804114341736,0.23843130469322205,-0.08373770862817764,0.15641412138938904,0.3012486398220062,-0.08616873621940613,0.14987298846244812,0.35853174328804016,-0.07495156675577164,0.196370929479599,0.37339088320732117,-0.05901569873094559,0.2113310992717743,0.30768445134162903,-0.08335541933774948,0.20175114274024963,0.3331412971019745,-0.0753844827413559,0.19555720686912537,0.3647173345088959,-0.06198959797620773
V,0.12873655557632446,0.5998743772506714,8.200436241168063e-07,0.07330054044723511,0.5324491262435913,-0.028433045372366905,0.05161121487617493,0.438742458820343,-0.04765332490205765,0.07887017726898193,0.36467230319976807,-0.07002535462379456,0.11948633193969727,0.327836275100708,-0.09049048274755478,0.050508856773376465,0.3012259006500244,-0.02176312543451786,0.026157379150390625,0.1751587986946106,-0.050726354122161865,0.010953545570373535,0.09597307443618774,-0.06891268491744995,0.0,0.03310924768447876,-0.0794283002614975,0.10498863458633423,0.29815298318862915,-0.03088211640715599,0.11720561981201172,0.1545521318912506,-0.062042951583862305,0.12269103527069092,0.06849363446235657,-0.08131442964076996,0.13078981637954712,0.0,-0.089798703789711,0.15431219339370728,0.32656151056289673,-0.044160932302474976,0.17197692394256592,0.24444109201431274,-0.08428576588630676,0.15602880716323853,0.3063846230506897,-0.08649199455976486,0.14623522758483887,0.36195194721221924,-0.07480822503566742,0.19749188423156738,0.3743699789047241,-0.06011216342449188,0.21461033821105957,0.3078007698059082,-0.08361373096704483,0.20275330543518066,0.33386319875717163,-0.07477106153964996,0.1939471960067749,0.3659366965293884,-0.06080623343586922
V,0.1312122941017151,0.5999554991722107,8.319634048348235e-07,0.0777636468410492,0.5331382155418396,-0.029206424951553345,0.054799884557724,0.4439266324043274,-0.0488688163459301,0.08026504516601562,0.3704227805137634,-0.07127825170755386,0.11950129270553589,0.33217281103134155,-0.0913933664560318,0.050593405961990356,0.30269289016723633,-0.022815676406025887,0.025744378566741943,0.1757526993751526,-0.05100865662097931,0.010733455419540405,0.09665501117706299,-0.06859702616930008,0.0,0.033293217420578,-0.07892271876335144,0.10577142238616943,0.2992096543312073,-0.031087050214409828,0.1171993613243103,0.15570324659347534,-0.062166277319192886,0.12281864881515503,0.0686609148979187,-0.08168696612119675,0.13022971153259277,0.0,-0.09049403667449951,0.1552368402481079,0.3267174959182739,-0.04339659959077835,0.17306196689605713,0.24363964796066284,-0.08370711654424667,0.16029852628707886,0.30459707975387573,-0.0862516313791275,0.15148645639419556,0.36137205362319946,-0.07467813044786453,0.1986711025238037,0.3731909394264221,-0.058337271213531494,0.21555191278457642,0.30896657705307007,-0.08234990388154984,0.20627933740615845,0.3331987261772156,-0.07411772012710571,0.1988806128501892,0.36455732583999634,-0.06032571941614151
V,0.12886297702789307,0.6023546457290649,8.341261263922206e-07,0.074867844581604,0.5333535075187683,-0.02856246568262577,0.05425584316253662,0.43942540884017944,-0.04756632074713707,0.08224651217460632,0.3653823733329773,-0.06942479312419891,0.12045466899871826,0.32821589708328247,-0.08953622728586197,0.05232590436935425,0.30604928731918335,-0.02409316599369049,0.02789306640625,0.1774522066116333,-0.05346906557679176,0.012061834335327148,0.0969589352607727,-0.0717332735657692,0.0,0.032758742570877075,-0.08232317864894867,0.10710656642913818,0.3021603226661682,-0.032679129391908646,0.11826586723327637,0.1571348011493683,-0.0643874853849411,0.1228066086769104,0.06906408071517944,-0.08396091312170029,0.12933266162872314,0.0,-0.09253577888011932,0.1566062569618225,0.33007872104644775,-0.04513688012957573,0.1723535656929016,0.24367868900299072,-0.08547379076480865,0.16069209575653076,0.3045904040336609,-0.08725599944591522,0.15393292903900146,0.36182665824890137,-0.07498078793287277,0.19970816373825073,0.377119779586792,-0.06023556366562843,0.21505743265151978,0.3115307688713074,-0.08484121412038803,0.20631182193756104,0.33394521474838257,-0.07659110426902771,0.20021682977676392,0.3633614182472229,-0.0625084638595581
V,0.1287083625793457,0.6000038683414459,8.189889513232629e-07,0.07439815998077393,0.5327651798725128,-0.027568500488996506,0.05226215720176697,0.4419960081577301,-0.046969324350357056,0.07876551151275635,0.37043115496635437,-0.06938321143388748,0.11718672513961792,0.3332248628139496,-0.08981096744537354,0.051553428173065186,0.30067768692970276,-0.022736698389053345,0.027080804109573364,0.17508986592292786,-0.05092071369290352,0.011496216058731079,0.0962432324886322,-0.06849316507577896,0.0,0.03356218338012695,-0.07875148952007294,0.10562798380851746,0.2986781895160675,-0.03188692778348923,0.1182522177696228,0.15454015135765076,-0.062449950724840164,0.1234862208366394,0.06786805391311646,-0.08132285624742508,0.13131892681121826,0.0,-0.08965880423784256,0.1546783447265625,0.32835152745246887,-0.044881872832775116,0.17110300064086914,0.24333235621452332,-0.0844847559928894,0.15686798095703125,0.3023476302623749,-0.08676537871360779,0.1484360694885254,0.35704705119132996,-0.0752170979976654,0.1983981728553772,0.37729713320732117,-0.06038898602128029,0.21578258275985718,0.31035348773002625,-0.08444433659315109,0.20596414804458618,0.3310681879520416,-0.07651276886463165,0.19864434003829956,0.35907456278800964,-0.0629282221198082
V,0.12940436601638794,0.6006278693675995,7.92252990322595e-07,0.07514485716819763,0.5348294675350189,-0.028316272422671318,0.05267557501792908,0.44366779923439026,-0.046958960592746735,0.07591462135314941,0.3702315390110016,-0.06852629780769348,0.11265411972999573,0.3339267075061798,-0.08809550851583481,0.050915539264678955,0.30358389019966125,-0.02275620587170124,0.0264778733253479,0.17445459961891174,-0.05083729326725006,0.01103883981704712,0.09396645426750183,-0.06859494745731354,0.0,0.030117064714431763,-0.07936900109052658,0.10515505075454712,0.2995512783527374,-0.03117544576525688,0.11606138944625854,0.15665867924690247,-0.06201355159282684,0.1205933690071106,0.06926524639129639,-0.08232992142438889,0.12766122817993164,0.0,-0.09227920323610306,0.1539040207862854,0.32700422406196594,-0.04346153140068054,0.1697782278060913,0.23906520009040833,-0.08316967636346817,0.15728729963302612,0.29697689414024353,-0.0870247483253479,0.1494307518005371,0.35311707854270935,-0.07697776705026627,0.19758456945419312,0.37345340847969055,-0.05838330090045929,0.2151535153388977,0.307119220495224,-0.08347300440073013,0.2058362364768982,0.32603558897972107,-0.07793426513671875,0.19830960035324097,0.35468342900276184,-0.06628932803869247
V,0.1308823525905609,0.6020939350128174,8.230235835071653e-07,0.07576510310173035,0.5328799486160278,-0.027270833030343056,0.05526703596115112,0.43735766410827637,-0.04500347003340721,0.08172765374183655,0.3610347509384155,-0.06585046648979187,0.1209588348865509,0.32238441705703735,-0.08483103662729263,0.050762444734573364,0.30356961488723755,-0.01946180686354637,0.026596784591674805,0.17512965202331543,-0.047246016561985016,0.011702120304107666,0.0940866470336914,-0.06485338509082794,0.0,0.029971957206726074,-0.07527557760477066,0.10475671291351318,0.3003329634666443,-0.028083186596632004,0.11672636866569519,0.1558806300163269,-0.05876249447464943,0.12232330441474915,0.06894543766975403,-0.07838950306177139,0.12952885031700134,0.0,-0.08718876540660858,0.15392568707466125,0.32881051301956177,-0.040611594915390015,0.1675354540348053,0.2389141321182251,-0.08100119978189468,0.15714427828788757,0.29823482036590576,-0.0835888609290123,0.15167900919914246,0.35378944873809814,-0.07185002416372299,0.1975274384021759,0.3768242597579956,-0.055571600794792175,0.21350571513175964,0.3098489046096802,-0.08072273433208466,0.2057720124721527,0.32903456687927246,-0.0736018493771553,0.20041432976722717,0.3557189106941223,-0.06029761582612991
V,0.13080954551696777,0.6008536219596863,8.057057243604504e-07,0.07620871067047119,0.5319637656211853,-0.025757256895303726,0.05559271574020386,0.44035428762435913,-0.04374469071626663,0.0789177417755127,0.36845511198043823,-0.0651884451508522,0.11625564098358154,0.3310958743095398,-0.08486584573984146,0.05229675769805908,0.3043607473373413,-0.020349862053990364,0.027133554220199585,0.17724201083183289,-0.04826107621192932,0.01126331090927124,0.0965111255645752,-0.06640780717134476,0.0,0.033310115337371826,-0.07725871354341507,0.1061822772026062,0.30100560188293457,-0.029800185933709145,0.11712920665740967,0.15800467133522034,-0.06001870334148407,0.12217956781387329,0.06921228766441345,-0.07995358109474182,0.1298174262046814,0.0,-0.08969394117593765,0.15498685836791992,0.32854515314102173,-0.042985595762729645,0.17104476690292358,0.23843753337860107,-0.0816170796751976,0.15929555892944336,0.2936251163482666,-0.08514497429132462,0.1521739959716797,0.3490300178527832,-0.07513098418712616,0.19840800762176514,0.3748067617416382,-0.05858035013079643,0.21630096435546875,0.30686891078948975,-0.08247381448745728,0.20760571956634521,0.32528483867645264,-0.0761309415102005,0.2010619044303894,0.35371798276901245,-0.06404262781143188
V,0.13363543152809143,0.5997964441776276,8.134920221891662e-07,0.07922109961509705,0.5335827171802521,-0.029267385601997375,0.05804497003555298,0.44312283396720886,-0.04842013493180275,0.08445841073989868,0.3666837513446808,-0.07002552598714828,0.12113246321678162,0.32140496373176575,-0.08941029012203217,0.052716225385665894,0.3057214915752411,-0.021822672337293625,0.02799585461616516,0.17910143733024597,-0.05004563927650452,0.01182025671005249,0.09922918677330017,-0.06846196949481964,0.0,0.03577062487602234,-0.07946301996707916,0.10696277022361755,0.30125144124031067,-0.029379598796367645,0.1169867217540741,0.15767613053321838,-0.05968916043639183,0.12178418040275574,0.07004609704017639,-0.07993995398283005,0.12851664423942566,0.0,-0.08964090794324875,0.15612080693244934,0.32816120982170105,-0.0410156287252903,0.17230895161628723,0.24063536524772644,-0.08048034459352493,0.16254892945289612,0.29602178931236267,-0.08468152582645416,0.15627524256706238,0.3494543135166168,-0.07481765747070312,0.19999101758003235,0.3738161027431488,-0.05522768944501877,0.2175830900669098,0.3086739480495453,-0.07992787659168243,0.2091902792453766,0.32848861813545227,-0.07392159104347229,0.20254197716712952,0.3566291630268097,-0.06178988888859749
V,0.13438549637794495,0.6054492890834808,8.244121545430971e-07,0.07955864071846008,0.5375073254108429,-0.028417352586984634,0.05696132779121399,0.44567981362342834,-0.04734892025589943,0.0830778181552887,0.3729917109012604,-0.06923709064722061,0.12207481265068054,0.3406631648540497,-0.08943714946508408,0.05350378155708313,0.30804792046546936,-0.021944474428892136,0.02891823649406433,0.180716872215271,-0.050699517130851746,0.01228216290473938,0.10042953491210938,-0.0698639303445816,0.0,0.03620535135269165,-0.08146996051073074,0.10744121670722961,0.30312249064445496,-0.030335914343595505,0.1165715754032135,0.1601509153842926,-0.060996465384960175,0.12008842825889587,0.07151466608047485,-0.08139541000127792,0.12669476866722107,0.0,-0.09121572226285934,0.15682175755500793,0.33012881875038147,-0.042721934616565704,0.17283985018730164,0.24414846301078796,-0.081866554915905,0.16006281971931458,0.30039188265800476,-0.08565060049295425,0.15257689356803894,0.35526415705680847,-0.07530218362808228,0.20067164301872253,0.37633928656578064,-0.05782670900225639,0.218332439661026,0.3078700006008148,-0.08177205920219421,0.20822617411613464,0.32766738533973694,-0.07498899847269058,0.20064297318458557,0.35766634345054626,-0.062347836792469025
V,0.13603317737579346,0.6028149127960205,8.209361794797587e-07,0.08050617575645447,0.5376156568527222,-0.028788570314645767,0.057529598474502563,0.4477156400680542,-0.048189979046583176,0.08370992541313171,0.37400132417678833,-0.07038024812936783,0.12240979075431824,0.33616912364959717,-0.09036564081907272,0.05470755696296692,0.30505281686782837,-0.023059023544192314,0.028144896030426025,0.17937630414962769,-0.05153569206595421,0.01213228702545166,0.10088109970092773,-0.06905294954776764,0.0,0.03746679425239563,-0.07908348739147186,0.10911625623703003,0.300781786441803,-0.03181228041648865,0.11696425080299377,0.1567562222480774,-0.06304019689559937,0.11982443928718567,0.0700005292892456,-0.08231635391712189,0.12480086088180542,0.0,-0.09055313467979431,0.1584298014640808,0.32895737886428833,-0.04454529657959938,0.17416274547576904,0.24758297204971313,-0.08613689243793488,0.16329389810562134,0.3112844228744507,-0.08909253031015396,0.1563664674758911,0.3685383200645447,-0.07697764039039612,0.20265114307403564,0.3765144348144531,-0.05980105325579643,0.21984463930130005,0.3119891285896301,-0.08505063503980637,0.2115800976753235,0.3359898328781128,-0.07749354094266891,0.20488446950912476,0.3656601905822754,-0.06367751955986023
V,0.13159030675888062,0.600890189409256,7.940549835439015e-07,0.07838553190231323,0.5320328176021576,-0.027682436630129814,0.05734896659851074,0.44273391366004944,-0.047043219208717346,0.07902896404266357,0.3680749237537384,-0.0693243071436882,0.11345839500427246,0.3265193998813629,-0.08957047760486603,0.05298799276351929,0.30502060055732727,-0.023117154836654663,0.02782982587814331,0.17697036266326904,-0.052455246448516846,0.011541366577148438,0.09604939818382263,-0.07130972295999527,0.0,0.03165799379348755,-0.08269377052783966,0.10659581422805786,0.3014810383319855,-0.032018665224313736,0.11474379897117615,0.15795180201530457,-0.06400003284215927,0.11788725852966309,0.07035180926322937,-0.08479766547679901,0.12441003322601318,0.0,-0.09495843201875687,0.15582162141799927,0.32927510142326355,-0.04458225518465042,0.17226284742355347,0.2370615303516388,-0.08467641472816467,0.16085779666900635,0.29540571570396423,-0.08646278828382492,0.15378952026367188,0.3515966236591339,-0.07492207735776901,0.19963937997817993,0.37679383158683777,-0.05976451188325882,0.21755701303482056,0.30894508957862854,-0.0853794515132904,0.21081674098968506,0.3243972957134247,-0.0787021666765213,0.20545268058776855,0.3480871617794037,-0.0659022331237793
V,0.13586989045143127,0.6021562814712524,8.111073839245364e-07,0.08055990934371948,0.5350263714790344,-0.027049021795392036,0.05793130397796631,0.44304168224334717,-0.04564296454191208,0.08203256130218506,0.3692280650138855,-0.06724892556667328,0.12128147482872009,0.3341858386993408,-0.08677957952022552,0.0543266236782074,0.3044895529747009,-0.022048333659768105,0.028129130601882935,0.17718040943145752,-0.05048394203186035,0.012220710515975952,0.09769916534423828,-0.06809866428375244,0.0,0.033907949924468994,-0.0782243013381958,0.10843062400817871,0.30062174797058105,-0.030857540667057037,0.11829441785812378,0.15614771842956543,-0.06143023446202278,0.12110733985900879,0.06981825828552246,-0.07978740334510803,0.1261066496372223,0.0,-0.08755852282047272,0.15795257687568665,0.3281387686729431,-0.04346420243382454,0.17188414931297302,0.24329423904418945,-0.0830136314034462,0.15858235955238342,0.30442261695861816,-0.0842418223619461,0.15128812193870544,0.36071014404296875,-0.0714397206902504,0.2024129331111908,0.37443405389785767,-0.05865314602851868,0.21894970536231995,0.30716556310653687,-0.08216569572687149,0.20941415429115295,0.32779407501220703,-0.07370037585496902,0.20276513695716858,0.3560146689414978,-0.059491317719221115
V,0.13549065589904785,0.5983845591545105,7.789516871525848e-07,0.08066052198410034,0.5320353507995605,-0.027500012889504433,0.05944231152534485,0.4384649991989136,-0.04508693888783455,0.08581501245498657,0.3630417585372925,-0.06562811881303787,0.12027445435523987,0.32270342111587524,-0.08430536836385727,0.05421295762062073,0.30174779891967773,-0.02042311057448387,0.02865251898765564,0.17684289813041687,-0.04789513349533081,0.012266278266906738,0.09774971008300781,-0.06549811363220215,0.0,0.03451049327850342,-0.07619983702898026,0.10830646753311157,0.2974463105201721,-0.02947814203798771,0.11542227864265442,0.15492886304855347,-0.05977476015686989,0.11865851283073425,0.06882143020629883,-0.07961004972457886,0.1248120367527008,0.0,-0.08910562098026276,0.15809929370880127,0.32549184560775757,-0.04242062568664551,0.174000084400177,0.23873072862625122,-0.08263131231069565,0.16138488054275513,0.29938095808029175,-0.08585233241319656,0.15365135669708252,0.35488516092300415,-0.07528652250766754,0.2024087905883789,0.37324315309524536,-0.057846102863550186,0.2187129259109497,0.30839651823043823,-0.08359139412641525,0.20833367109298706,0.33372002840042114,-0.07711417227983475,0.20132851600646973,0.36474692821502686,-0.06469430774450302
V,0.13304853439331055,0.5999441146850586,8.034394909373077e-07,0.0777730941772461,0.532184362411499,-0.028243355453014374,0.05431807041168213,0.4407152533531189,-0.04715234413743019,0.07999590039253235,0.3664743900299072,-0.06891852617263794,0.12025073170661926,0.3320835828781128,-0.08863963931798935,0.052799344062805176,0.30227530002593994,-0.022095857188105583,0.027519047260284424,0.17659130692481995,-0.05043115094304085,0.011461853981018066,0.09771168231964111,-0.06877510994672775,0.0,0.0351223349571228,-0.07981729507446289,0.10703229904174805,0.29847609996795654,-0.03073360212147236,0.11453509330749512,0.15708506107330322,-0.06193891540169716,0.11741060018539429,0.06981739401817322,-0.08255697041749954,0.12319377064704895,0.0,-0.09242650121450424,0.1562976837158203,0.32606685161590576,-0.043234921991825104,0.17332512140274048,0.2417459487915039,-0.08346819132566452,0.1617409586906433,0.30133670568466187,-0.08695679903030396,0.15350937843322754,0.35815101861953735,-0.07617516070604324,0.19989043474197388,0.37301063537597656,-0.05836348980665207,0.21816831827163696,0.30727338790893555,-0.08327899128198624,0.21031373739242554,0.3283616900444031,-0.07665298134088516,0.2032620906829834,0.3580554723739624,-0.06396998465061188
V,0.13244891166687012,0.5972290933132172,7.82933739174041e-07,0.07818454504013062,0.5325621664524078,-0.02662520483136177,0.05665889382362366,0.441743403673172,-0.04449911415576935,0.08047235012054443,0.3683970272541046,-0.06562530249357224,0.11483609676361084,0.3313584625720978,-0.0850083976984024,0.05297425389289856,0.303573340177536,-0.020708348602056503,0.02740880846977234,0.17748814821243286,-0.04888083413243294,0.011403948068618774,0.09791728854179382,-0.06681066006422043,0.0,0.03447583317756653,-0.07750208675861359,0.10586667060852051,0.2990584671497345,-0.0298085268586874,0.11551126837730408,0.15640708804130554,-0.06102842092514038,0.118228018283844,0.06974408030509949,-0.08141668885946274,0.12400507926940918,0.0,-0.09105103462934494,0.15434354543685913,0.3257058560848236,-0.042599573731422424,0.17000365257263184,0.2369948923587799,-0.08280222117900848,0.1574709415435791,0.29713544249534607,-0.08581756055355072,0.15075737237930298,0.3536898195743561,-0.07479264587163925,0.19790619611740112,0.3716447055339813,-0.05783732980489731,0.21461081504821777,0.3057897388935089,-0.08281467109918594,0.2061426043510437,0.32577237486839294,-0.076252281665802,0.20077407360076904,0.3532790243625641,-0.06365595757961273
V,0.13420093059539795,0.5959132611751556,7.961886012708419e-07,0.07854658365249634,0.5302548706531525,-0.028793225064873695,0.055562764406204224,0.43962255120277405,-0.04784511774778366,0.07905444502830505,0.364403635263443,-0.06988738477230072,0.11534583568572998,0.3240441381931305,-0.09001278877258301,0.05370914936065674,0.30385223031044006,-0.021712426096200943,0.02778378129005432,0.17821863293647766,-0.050762832164764404,0.0115317702293396,0.09883305430412292,-0.06954311579465866,0.0,0.03566551208496094,-0.08061642944812775,0.10726052522659302,0.29896023869514465,-0.03017365001142025,0.11537039279937744,0.15694698691368103,-0.06163092702627182,0.11803030967712402,0.06984543800354004,-0.08213958889245987,0.12351426482200623,0.0,-0.09178390353918076,0.156255304813385,0.32508566975593567,-0.04271770641207695,0.17180609703063965,0.2376786768436432,-0.0833241418004036,0.16049015522003174,0.29715219140052795,-0.08689142018556595,0.1538059115409851,0.35332462191581726,-0.07620885223150253,0.20005357265472412,0.3704703152179718,-0.05787266418337822,0.21689516305923462,0.304552286863327,-0.0827074944972992,0.2066967487335205,0.32861992716789246,-0.07577413320541382,0.19923007488250732,0.3607843816280365,-0.06294208019971848
V,0.13639241456985474,0.5948916971683502,7.870210083638085e-07,0.0810023844242096,0.5316239893436432,-0.027889419347047806,0.05813020467758179,0.44123950600624084,-0.04662257805466652,0.0820087194442749,0.36629602313041687,-0.06828424334526062,0.1205398440361023,0.32693108916282654,-0.08803357183933258,0.056680500507354736,0.30481263995170593,-0.023345205932855606,0.02879387140274048,0.17839711904525757,-0.0521305575966835,0.012027233839035034,0.09851452708244324,-0.07024548202753067,0.0,0.03475850820541382,-0.08098292350769043,0.11018407344818115,0.29998281598091125,-0.032282982021570206,0.11803686618804932,0.15575972199440002,-0.06332647800445557,0.12052974104881287,0.06941083073616028,-0.0829080119729042,0.12559643387794495,0.0,-0.09205010533332825,0.1589856743812561,0.32652339339256287,-0.04504956677556038,0.17562872171401978,0.23860153555870056,-0.08540819585323334,0.16298818588256836,0.2987195551395416,-0.08837563544511795,0.15513461828231812,0.35501226782798767,-0.07748477905988693,0.20266056060791016,0.3723006546497345,-0.06033371388912201,0.21980929374694824,0.3056469261646271,-0.08532129228115082,0.20855772495269775,0.3300701677799225,-0.07826525717973709,0.1995336413383484,0.3622256815433502,-0.06550092250108719
V,0.1364501714706421,0.5971258878707886,7.979767815413652e-07,0.08102577924728394,0.5343016982078552,-0.028201857581734657,0.057806164026260376,0.4431759715080261,-0.04699739068746567,0.08212396502494812,0.36757683753967285,-0.068918377161026,0.12214156985282898,0.3296959400177002,-0.08888868242502213,0.05593940615653992,0.30435681343078613,-0.022031789645552635,0.028623878955841064,0.1782129406929016,-0.049824003130197525,0.011893242597579956,0.09916818141937256,-0.0669868215918541,0.0,0.03578856587409973,-0.07713425159454346,0.10990116000175476,0.299568772315979,-0.03106599487364292,0.11725935339927673,0.15663039684295654,-0.061162713915109634,0.121133953332901,0.06904357671737671,-0.0799151360988617,0.1276150941848755,0.0,-0.08849434554576874,0.15932750701904297,0.32696598768234253,-0.044105466455221176,0.1741390824317932,0.24008888006210327,-0.08451464027166367,0.1610310673713684,0.30221861600875854,-0.08715055882930756,0.1530390977859497,0.3598177433013916,-0.07591784745454788,0.2032334804534912,0.3735694885253906,-0.05966741591691971,0.2172008752822876,0.3080903887748718,-0.08530240505933762,0.20461571216583252,0.3386262059211731,-0.07785879075527191,0.1957220435142517,0.37584400177001953,-0.06463311612606049
V,0.13623613119125366,0.5994064509868622,7.973621336532233e-07,0.08010950684547424,0.5322776734828949,-0.025577116757631302,0.05768275260925293,0.437282532453537,-0.04275526478886604,0.08743083477020264,0.36287441849708557,-0.06345584243535995,0.1281278133392334,0.3262579143047333,-0.08243227750062943,0.05549052357673645,0.30361875891685486,-0.0204389076679945,0.028691500425338745,0.17823466658592224,-0.047823723405599594,0.012396514415740967,0.1006944477558136,-0.0645027905702591,0.0,0.03869423270225525,-0.0742034763097763,0.10985377430915833,0.2992246448993683,-0.030514080077409744,0.11875137686729431,0.15314003825187683,-0.06003832072019577,0.12235379219055176,0.06776052713394165,-0.07791891694068909,0.12850576639175415,0.0,-0.08552013337612152,0.15983575582504272,0.3275608718395233,-0.044315241277217865,0.1760074496269226,0.24308112263679504,-0.08383581787347794,0.16082817316055298,0.30847838521003723,-0.08509037643671036,0.15191787481307983,0.36612364649772644,-0.07274822145700455,0.20339655876159668,0.3763245642185211,-0.06050315126776695,0.21940112113952637,0.31197431683540344,-0.08482281863689423,0.2054605484008789,0.34108826518058777,-0.07606343924999237,0.19524157047271729,0.37525805830955505,-0.06191295012831688
V,0.1351478099822998,0.6013713479042053,7.87084502462676e-07,0.07969731092453003,0.5355901122093201,-0.026808395981788635,0.05708920955657959,0.4437186121940613,-0.04535346478223801,0.08227458596229553,0.3708264231681824,-0.0674278512597084,0.11956307291984558,0.3356083035469055,-0.08790675550699234,0.055036962032318115,0.3042266368865967,-0.02248472534120083,0.028542816638946533,0.1777077317237854,-0.05079952999949455,0.012094616889953613,0.09847801923751831,-0.06896660476922989,0.0,0.035571902990341187,-0.08005153387784958,0.10958299040794373,0.30106842517852783,-0.03284934163093567,0.11942452192306519,0.15677374601364136,-0.06353618204593658,0.12211519479751587,0.06943893432617188,-0.08402419090270996,0.1276993751525879,0.0,-0.09423991292715073,0.15901631116867065,0.3299667239189148,-0.04687303677201271,0.17504584789276123,0.24143821001052856,-0.0857907310128212,0.1596393585205078,0.30198347568511963,-0.08860749006271362,0.15087127685546875,0.357685923576355,-0.07844601571559906,0.2022240161895752,0.3788074851036072,-0.06349506974220276,0.21768778562545776,0.3132472038269043,-0.08714848011732101,0.20389306545257568,0.34162139892578125,-0.07939869165420532,0.19476300477981567,0.3766944408416748,-0.06668893992900848
V,0.134382426738739,0.5991324186325073,7.852912631278741e-07,0.07943275570869446,0.5320773124694824,-0.02600742131471634,0.05867898464202881,0.4374321699142456,-0.04358489438891411,0.08691549301147461,0.36272531747817993,-0.06467118859291077,0.12623679637908936,0.323095440864563,-0.083917535841465,0.055521160364151,0.3027712106704712,-0.02120872214436531,0.02894914150238037,0.17648380994796753,-0.049458060413599014,0.012658238410949707,0.09734362363815308,-0.06658704578876495,0.0,0.03468999266624451,-0.07647363841533661,0.11000391840934753,0.29972606897354126,-0.03158489242196083,0.11877986788749695,0.15415248274803162,-0.062407754361629486,0.12258702516555786,0.06820806860923767,-0.08098501712083817,0.12854862213134766,0.0,-0.08896002918481827,0.16007357835769653,0.3291919231414795,-0.04566458985209465,0.17636436223983765,0.24315911531448364,-0.08608534932136536,0.16283953189849854,0.3103179335594177,-0.08638104051351547,0.15470623970031738,0.3673720955848694,-0.073382169008255,0.20399510860443115,0.3787779211997986,-0.06215965747833252,0.21898603439331055,0.31609946489334106,-0.08687988668680191,0.20592230558395386,0.34925228357315063,-0.07722348719835281,0.19703441858291626,0.3842275142669678,-0.06237577274441719
V,0.13490387797355652,0.5994986891746521,8.033326821532683e-07,0.07887190580368042,0.5345352292060852,-0.02813030034303665,0.056255489587783813,0.4400475025177002,-0.046147510409355164,0.08385267853736877,0.3649192452430725,-0.06736069172620773,0.12430581450462341,0.3309095501899719,-0.08674616366624832,0.05368116497993469,0.30182909965515137,-0.021242309361696243,0.027054160833358765,0.17550545930862427,-0.04861847683787346,0.011510461568832397,0.09755322337150574,-0.06516372412443161,0.0,0.034787267446517944,-0.07478830218315125,0.10886195302009583,0.29796820878982544,-0.03028000146150589,0.11709028482437134,0.1541650891304016,-0.06032518669962883,0.12096831202507019,0.06853261590003967,-0.07867330312728882,0.12652340531349182,0.0,-0.08644126355648041,0.15861013531684875,0.3269624710083008,-0.04335591942071915,0.1743137538433075,0.24405831098556519,-0.08402401208877563,0.16075441241264343,0.31058305501937866,-0.08595013618469238,0.15182819962501526,0.3688047528266907,-0.07361826300621033,0.20156314969062805,0.376224160194397,-0.058955032378435135,0.2169037163257599,0.3133907914161682,-0.08398492634296417,0.20552000403404236,0.344929575920105,-0.07555504143238068,0.19708964228630066,0.38028889894485474,-0.06141914054751396
V,0.1349462866783142,0.60319584608078,7.985954653122462e-07,0.07881501317024231,0.5364129543304443,-0.02569415234029293,0.05658841133117676,0.44153350591659546,-0.042286016047000885,0.08365178108215332,0.3663631081581116,-0.06246371194720268,0.12138772010803223,0.3307555913925171,-0.08109945058822632,0.05489629507064819,0.30704838037490845,-0.020787350833415985,0.02850225567817688,0.17925328016281128,-0.04856474697589874,0.012518107891082764,0.09917503595352173,-0.06588396430015564,0.0,0.03616514801979065,-0.07603270560503006,0.1093774139881134,0.30283045768737793,-0.03077002242207527,0.11968576908111572,0.15635961294174194,-0.061017874628305435,0.12315958738327026,0.06849014759063721,-0.08042249083518982,0.12879061698913574,0.0,-0.08923080563545227,0.15880125761032104,0.3312009572982788,-0.04434075951576233,0.1736057996749878,0.24483191967010498,-0.08357391506433487,0.15987712144851685,0.30720728635787964,-0.08553780615329742,0.1521396040916443,0.36467230319976807,-0.07390774041414261,0.2020462155342102,0.37937605381011963,-0.06036671623587608,0.21833080053329468,0.3138601779937744,-0.0842624381184578,0.20627844333648682,0.3412887454032898,-0.07581635564565659,0.19776546955108643,0.37587547302246094,-0.06201332062482834
V,0.13654166460037231,0.6021074652671814,8.023735631468298e-07,0.08022263646125793,0.5370339751243591,-0.027633186429739,0.057331204414367676,0.44340771436691284,-0.04637503996491432,0.08539360761642456,0.36913347244262695,-0.06832529604434967,0.12598752975463867,0.33256614208221436,-0.0885075032711029,0.055676937103271484,0.3050447702407837,-0.02331721782684326,0.028805851936340332,0.17696613073349,-0.05162215605378151,0.012142062187194824,0.0975046455860138,-0.06907016783952713,0.0,0.034412503242492676,-0.07923858612775803,0.11045780777931213,0.30205780267715454,-0.03275654464960098,0.11902475357055664,0.15615221858024597,-0.06347915530204773,0.12206125259399414,0.06869623064994812,-0.08293162286281586,0.1275765299797058,0.0,-0.09178809076547623,0.1596583127975464,0.3315162658691406,-0.04599963501095772,0.17562460899353027,0.24741637706756592,-0.08649563789367676,0.16293281316757202,0.3087124228477478,-0.08986765146255493,0.154849112033844,0.3653993606567383,-0.07904929667711258,0.20260322093963623,0.38053494691848755,-0.06171286106109619,0.22040176391601562,0.31446582078933716,-0.0868339017033577,0.20955592393875122,0.3418962359428406,-0.07949250936508179,0.20103377103805542,0.37664610147476196,-0.0663948655128479
V,0.13358613848686218,0.5996569097042084,7.992603627826611e-07,0.0785236656665802,0.5336564481258392,-0.024519994854927063,0.05624830722808838,0.4378354251384735,-0.04170439392328262,0.08496212959289551,0.36650654673576355,-0.06251689046621323,0.1262843906879425,0.3354105055332184,-0.08191684633493423,0.05430489778518677,0.30091193318367004,-0.02281227521598339,0.02762541174888611,0.174237459897995,-0.05011821538209915,0.011656075716018677,0.09557822346687317,-0.06681181490421295,0.0,0.0327945351600647,-0.07705892622470856,0.10900571942329407,0.2989698350429535,-0.03388329967856407,0.11947765946388245,0.15480777621269226,-0.0635974183678627,0.12314549088478088,0.06907302141189575,-0.08219169080257416,0.12940922379493713,0.0,-0.09096422046422958,0.15866604447364807,0.3298541009426117,-0.048188816756010056,0.17455103993415833,0.2431008517742157,-0.08682562410831451,0.15867558121681213,0.3078971803188324,-0.08774416893720627,0.14932075142860413,0.3643818795681,-0.0760839506983757,0.20203366875648499,0.38083353638648987,-0.06487742066383362,0.2174338400363922,0.31870755553245544,-0.08936560899019241,0.20489081740379333,0.34668025374412537,-0.08127212524414062,0.1967853605747223,0.378002792596817,-0.06800912320613861
V,0.1372162103652954,0.6020283102989197,7.797177659085719e-07,0.08182263374328613,0.5363214612007141,-0.025930264964699745,0.05929750204086304,0.44214266538619995,-0.04313293471932411,0.0840877890586853,0.369115948677063,-0.0636659637093544,0.11917996406555176,0.3315975069999695,-0.08247123658657074,0.05706995725631714,0.3044569492340088,-0.021657664328813553,0.03034341335296631,0.1772865653038025,-0.049554966390132904,0.013018399477005005,0.09816044569015503,-0.06704721599817276,0.0,0.03527691960334778,-0.07722575217485428,0.11177986860275269,0.30167335271835327,-0.03127818927168846,0.12085175514221191,0.15710604190826416,-0.061643633991479874,0.12419116497039795,0.06941419839859009,-0.08127040416002274,0.1305878758430481,0.0,-0.09030069410800934,0.16145449876785278,0.3304319381713867,-0.04448578134179115,0.17561781406402588,0.24758601188659668,-0.08345387876033783,0.16229498386383057,0.30820757150650024,-0.0861571729183197,0.15500867366790771,0.36292243003845215,-0.07530626654624939,0.20552271604537964,0.3781381845474243,-0.06009605526924133,0.2214077115058899,0.31262779235839844,-0.08320935815572739,0.20930516719818115,0.3392069339752197,-0.07503270357847214,0.20166343450546265,0.371675968170166,-0.06174619495868683
V,0.1371704339981079,0.6022250950336456,8.000615139280853e-07,0.08269423246383667,0.5378014147281647,-0.02805641107261181,0.06216651201248169,0.44764444231987,-0.046418290585279465,0.08521029353141785,0.3725980222225189,-0.06764266639947891,0.1158129870891571,0.32968172430992126,-0.08684230595827103,0.05719628930091858,0.306145042181015,-0.02248927392065525,0.029652506113052368,0.17877742648124695,-0.049890197813510895,0.012621641159057617,0.09912511706352234,-0.06709388643503189,0.0,0.03549894690513611,-0.07726707309484482,0.1116747260093689,0.3021107017993927,-0.03133856877684593,0.12080037593841553,0.15683260560035706,-0.0610535554587841,0.1247633695602417,0.06853353977203369,-0.08054808527231216,0.13131922483444214,0.0,-0.08982595056295395,0.16106873750686646,0.3313356339931488,-0.0440010130405426,0.17591160535812378,0.24214306473731995,-0.0840054452419281,0.1624014973640442,0.3026280105113983,-0.08772411942481995,0.1548357605934143,0.3605818450450897,-0.07753199338912964,0.20462477207183838,0.380558043718338,-0.05909288674592972,0.22023910284042358,0.31576207280158997,-0.0855102688074112,0.20897597074508667,0.3420257866382599,-0.07950282096862793,0.2015852928161621,0.3759826123714447,-0.0671633705496788
V,0.13370299339294434,0.6021578013896942,8.093038559309207e-07,0.07912766933441162,0.5354982316493988,-0.02756742388010025,0.058761805295944214,0.44294777512550354,-0.046093326061964035,0.08678945899009705,0.3707244098186493,-0.0679568350315094,0.12445467710494995,0.3326529562473297,-0.08806654810905457,0.05520761013031006,0.30409863591194153,-0.022032294422388077,0.02871963381767273,0.177266925573349,-0.05003037676215172,0.012263059616088867,0.09781143069267273,-0.06764877587556839,0.0,0.03475496172904968,-0.07812190800905228,0.1101624071598053,0.3002035319805145,-0.03162742778658867,0.12022578716278076,0.15582400560379028,-0.06197305768728256,0.12389153242111206,0.0686626136302948,-0.08140716701745987,0.12970995903015137,0.0,-0.09047190845012665,0.15975499153137207,0.3293668329715729,-0.04510464519262314,0.17688292264938354,0.24029865860939026,-0.08501182496547699,0.16290593147277832,0.3034041225910187,-0.08755593746900558,0.15421199798583984,0.3610484302043915,-0.07650778442621231,0.20296710729599,0.37898972630500793,-0.06110561639070511,0.22075283527374268,0.31322458386421204,-0.08617936074733734,0.20862126350402832,0.3421739637851715,-0.07861756533384323,0.19971907138824463,0.377151757478714,-0.06542665511369705
V,0.13765639066696167,0.6007036864757538,7.941840749481344e-07,0.08148062229156494,0.5350816547870636,-0.025453981012105942,0.06013798713684082,0.44222918152809143,-0.04203258827328682,0.08616411685943604,0.36866745352745056,-0.06209610402584076,0.1179283857345581,0.3295600712299347,-0.08006037771701813,0.05610179901123047,0.30399152636528015,-0.01922495849430561,0.028776705265045166,0.17688509821891785,-0.04594896361231804,0.012333601713180542,0.09762844443321228,-0.062429919838905334,0.0,0.03448072075843811,-0.07201416790485382,0.11076578497886658,0.30002275109291077,-0.029223566874861717,0.12089651823043823,0.15553399920463562,-0.05862593278288841,0.12491875886917114,0.06803876161575317,-0.07733932882547379,0.13075381517410278,0.0,-0.0857483372092247,0.1605023741722107,0.32832494378089905,-0.04297137260437012,0.17689836025238037,0.24505993723869324,-0.08194208890199661,0.16261041164398193,0.3063147962093353,-0.08444562554359436,0.15368670225143433,0.3627532422542572,-0.07335659116506577,0.20418894290924072,0.37627890706062317,-0.05909951403737068,0.22108596563339233,0.31454434990882874,-0.08326523005962372,0.2078269124031067,0.3431834280490875,-0.07547377794981003,0.19865870475769043,0.3778965175151825,-0.062125321477651596
V,0.13485389947891235,0.5976740419864655,8.045411163948302e-07,0.08081120252609253,0.5308531820774078,-0.02710355818271637,0.05865836143493652,0.4412708580493927,-0.04571935161948204,0.08249539136886597,0.3674732744693756,-0.06739260256290436,0.12035781145095825,0.3273955285549164,-0.08700218051671982,0.05567443370819092,0.303276389837265,-0.023684311658143997,0.02899879217147827,0.17444565892219543,-0.05211704596877098,0.012446850538253784,0.09457722306251526,-0.06943292915821075,0.0,0.031213581562042236,-0.07944907993078232,0.11011132597923279,0.29959437251091003,-0.03307948634028435,0.1201711893081665,0.15364131331443787,-0.06324373930692673,0.12402325868606567,0.0677410364151001,-0.08168360590934753,0.13033312559127808,0.0,-0.09003158658742905,0.1597287654876709,0.328065425157547,-0.04617130756378174,0.17643219232559204,0.242873877286911,-0.08521472662687302,0.1624915599822998,0.3027316629886627,-0.08691754937171936,0.1542782187461853,0.35755160450935364,-0.07562845200300217,0.2030431032180786,0.37633147835731506,-0.061813194304704666,0.22085577249526978,0.31266650557518005,-0.08600712567567825,0.2074539065361023,0.34081074595451355,-0.07788357138633728,0.19763195514678955,0.37526848912239075,-0.064474917948246
V,0.13304609060287476,0.5990549027919769,8.329793672601227e-07,0.07874831557273865,0.5311663448810577,-0.027649395167827606,0.05661201477050781,0.44208332896232605,-0.04653630778193474,0.08381682634353638,0.3689645826816559,-0.06862147897481918,0.12438654899597168,0.3311707675457001,-0.08861823379993439,0.05380710959434509,0.30427077412605286,-0.021863488480448723,0.02768343687057495,0.17825400829315186,-0.04942052811384201,0.011591792106628418,0.09990671277046204,-0.06644268333911896,0.0,0.03642451763153076,-0.07640671730041504,0.1085883378982544,0.3009011447429657,-0.031154165044426918,0.11868607997894287,0.15735936164855957,-0.06090114265680313,0.12426251173019409,0.06910181045532227,-0.07973060011863708,0.13157647848129272,0.0,-0.08829889446496964,0.15815329551696777,0.3300032317638397,-0.04440015181899071,0.17476040124893188,0.24697116017341614,-0.0847441628575325,0.16295552253723145,0.3075697720050812,-0.08815833181142807,0.1549205183982849,0.3652353584766388,-0.07723411917686462,0.20098835229873657,0.3784066140651703,-0.06007656455039978,0.21756815910339355,0.31614920496940613,-0.0854102224111557,0.2061549425125122,0.34341105818748474,-0.07815083116292953,0.19720351696014404,0.37859025597572327,-0.06490024924278259
V,0.12997162342071533,0.5993932783603668,8.045808499446139e-07,0.07629743218421936,0.5314532220363617,-0.02620912715792656,0.05485072731971741,0.43988099694252014,-0.044347964227199554,0.08030310273170471,0.3660263121128082,-0.06603308022022247,0.11705565452575684,0.32654818892478943,-0.08595097064971924,0.05250963568687439,0.30223771929740906,-0.020893221721053123,0.02730044722557068,0.1750156581401825,-0.048902906477451324,0.011668860912322998,0.09564825892448425,-0.06658340245485306,0.0,0.03270536661148071,-0.07703886181116104,0.10653126239776611,0.2996024191379547,-0.031003378331661224,0.11839479207992554,0.15561991930007935,-0.06125614047050476,0.12305980920791626,0.06834033131599426,-0.08076436817646027,0.12946009635925293,0.0,-0.08988844603300095,0.15572279691696167,0.32873818278312683,-0.04482512176036835,0.1721755862236023,0.24245664477348328,-0.08324576169252396,0.15823358297348022,0.30338671803474426,-0.08458779752254486,0.1498051881790161,0.3590150773525238,-0.07319793850183487,0.19865506887435913,0.3777247369289398,-0.061222419142723083,0.21357709169387817,0.31421908736228943,-0.08433206379413605,0.20076632499694824,0.34353283047676086,-0.07524984329938889,0.19198518991470337,0.3786561191082001,-0.061284419149160385
V,0.1342625916004181,0.596931666135788,7.947564881760627e-07,0.07915320992469788,0.5311092436313629,-0.02713897079229355,0.05820766091346741,0.4368952214717865,-0.04543681815266609,0.08487239480018616,0.36141565442085266,-0.0668821632862091,0.12213292717933655,0.3223176896572113,-0.08653058856725693,0.05594581365585327,0.301035612821579,-0.022057555615901947,0.029849529266357422,0.17515748739242554,-0.05032971873879433,0.012978047132492065,0.09529432654380798,-0.0682092234492302,0.0,0.03204265236854553,-0.07901009917259216,0.10969436168670654,0.2981041371822357,-0.0315687395632267,0.12048807740211487,0.1544850766658783,-0.06221660226583481,0.12456658482551575,0.06822380423545837,-0.08169802278280258,0.13037756085395813,0.0,-0.09085825085639954,0.15844985842704773,0.3269253671169281,-0.04479148983955383,0.1762845814228058,0.2360059916973114,-0.08476293087005615,0.1620120108127594,0.2981220781803131,-0.08665148168802261,0.1524251401424408,0.35514184832572937,-0.07525121420621872,0.20132598280906677,0.37561270594596863,-0.06051240116357803,0.218318909406662,0.3132340610027313,-0.08590211719274521,0.2082517445087433,0.33802512288093567,-0.07856828719377518,0.2010420262813568,0.3681645095348358,-0.06547360122203827
V,0.1324152946472168,0.5986807346343994,8.057374998315936e-07,0.07816565036773682,0.5316794514656067,-0.02545173466205597,0.05763784050941467,0.4367141127586365,-0.043121956288814545,0.08591723442077637,0.365855872631073,-0.06403975188732147,0.12376290559768677,0.3335290551185608,-0.08349990099668503,0.05393233895301819,0.301849365234375,-0.022886719554662704,0.028405338525772095,0.17519396543502808,-0.050564300268888474,0.01231992244720459,0.09701424837112427,-0.06784189492464066,0.0,0.03491413593292236,-0.07831040024757385,0.10822522640228271,0.29929280281066895,-0.03296515718102455,0.11914098262786865,0.15403270721435547,-0.0627712532877922,0.1231030821800232,0.06882676482200623,-0.0817919373512268,0.12986093759536743,0.0,-0.09077290445566177,0.15742146968841553,0.32947099208831787,-0.046352460980415344,0.17381083965301514,0.23988467454910278,-0.08468250930309296,0.15755391120910645,0.3018563985824585,-0.08620341867208481,0.1480768918991089,0.35755956172943115,-0.07487562298774719,0.20017749071121216,0.38006168603897095,-0.06214701011776924,0.2176913619041443,0.3154829144477844,-0.08637459576129913,0.20762741565704346,0.33706164360046387,-0.07890035957098007,0.20133352279663086,0.3637421727180481,-0.0659416913986206
V,0.13395994901657104,0.5978033542633057,7.907709118626371e-07,0.07852977514266968,0.5310636758804321,-0.0267934650182724,0.05645152926445007,0.4371054768562317,-0.0448383130133152,0.08678489923477173,0.36446088552474976,-0.0661855936050415,0.12900835275650024,0.3310762643814087,-0.08600186556577682,0.05472588539123535,0.3015371561050415,-0.021754443645477295,0.028648048639297485,0.1768823266029358,-0.04909206181764603,0.012221932411193848,0.09893298149108887,-0.0665268525481224,0.0,0.03589186072349548,-0.07733280956745148,0.10912799835205078,0.29765254259109497,-0.03127799555659294,0.11855262517929077,0.1550387144088745,-0.06080445274710655,0.12335646152496338,0.0694408118724823,-0.08004561066627502,0.13029253482818604,0.0,-0.08934197574853897,0.1578879952430725,0.3263840675354004,-0.04448996111750603,0.17559689283370972,0.23904633522033691,-0.08350487053394318,0.16207623481750488,0.30131781101226807,-0.08590009808540344,0.1529436707496643,0.3579409122467041,-0.07502209395170212,0.20046144723892212,0.3756452798843384,-0.06023296341300011,0.21815437078475952,0.3119273781776428,-0.08501549810171127,0.20804303884506226,0.3384736180305481,-0.07784870266914368,0.20041334629058838,0.37113702297210693,-0.06510097533464432
V,0.136827290058136,0.5973344147205353,7.987282515387051e-07,0.08170872926712036,0.5303051769733429,-0.027886947616934776,0.06171005964279175,0.43824055790901184,-0.04594451189041138,0.08853217959403992,0.36288711428642273,-0.0671776831150055,0.12394905090332031,0.32151368260383606,-0.08636687695980072,0.05644768476486206,0.30168256163597107,-0.01950332708656788,0.029393792152404785,0.17809942364692688,-0.047457218170166016,0.012377142906188965,0.099538654088974,-0.06528032571077347,0.0,0.03657546639442444,-0.07588660717010498,0.11058053374290466,0.29802605509757996,-0.028618866577744484,0.1197165846824646,0.15601465106010437,-0.059161484241485596,0.12392473220825195,0.06964111328125,-0.0789882019162178,0.13007515668869019,0.0,-0.08830678462982178,0.1593317985534668,0.3268837034702301,-0.04192321375012398,0.17815494537353516,0.24163565039634705,-0.08305017650127411,0.1639235019683838,0.30325350165367126,-0.08687645941972733,0.15378040075302124,0.3584621250629425,-0.07644456624984741,0.20190536975860596,0.3754688799381256,-0.05769375339150429,0.22148138284683228,0.31195327639579773,-0.08421072363853455,0.20833724737167358,0.34052786231040955,-0.07799287885427475,0.19701749086380005,0.37509700655937195,-0.06559498608112335
V,0.13427233695983887,0.5924159288406372,8.092001166914997e-07,0.08111584186553955,0.525275707244873,-0.024742400273680687,0.06015941500663757,0.43589937686920166,-0.0421171635389328,0.08456748723983765,0.3674449920654297,-0.06275258213281631,0.11976027488708496,0.33480334281921387,-0.08159390091896057,0.056856364011764526,0.29686903953552246,-0.021710148081183434,0.029712259769439697,0.17204952239990234,-0.04836747422814369,0.012524217367172241,0.09379827976226807,-0.06488821655511856,0.0,0.03169339895248413,-0.07468563318252563,0.10994943976402283,0.29461997747421265,-0.03172540292143822,0.12033143639564514,0.15277278423309326,-0.060342371463775635,0.12461769580841064,0.06675684452056885,-0.07860790938138962,0.13207602500915527,0.0,-0.08707387000322342,0.15898025035858154,0.32443130016326904,-0.0450812429189682,0.1767665147781372,0.24075287580490112,-0.08220632374286652,0.16254138946533203,0.2981392741203308,-0.08403670787811279,0.15384364128112793,0.3524121642112732,-0.07311052083969116,0.20217609405517578,0.37327927350997925,-0.06083034351468086,0.21963191032409668,0.31173455715179443,-0.08411004394292831,0.20934325456619263,0.3336527347564697,-0.07648864388465881,0.20247167348861694,0.3625180721282959,-0.06344035267829895
V,0.13316690921783447,0.5906904935836792,7.749395649625512e-07,0.07963284850120544,0.5265914797782898,-0.026083730161190033,0.057715654373168945,0.4357282519340515,-0.043218277394771576,0.08244830369949341,0.36305832862854004,-0.06332721561193466,0.11712244153022766,0.3278888463973999,-0.0816962793469429,0.05528223514556885,0.30078935623168945,-0.022384900599718094,0.028609395027160645,0.17477917671203613,-0.049773380160331726,0.012098103761672974,0.09607389569282532,-0.06684215366840363,0.0,0.03351274132728577,-0.07697471231222153,0.10840487480163574,0.29740554094314575,-0.031503550708293915,0.11736032366752625,0.15448066592216492,-0.061066918075084686,0.12102410197257996,0.0681481659412384,-0.08056512475013733,0.12771856784820557,0.0,-0.08992929011583328,0.15680783987045288,0.32546335458755493,-0.04406027868390083,0.17371714115142822,0.24209976196289062,-0.08221136033535004,0.16049253940582275,0.2981835603713989,-0.08539257943630219,0.1524507999420166,0.35147732496261597,-0.07528281211853027,0.19890886545181274,0.3723723888397217,-0.05903831496834755,0.21506822109222412,0.3108256459236145,-0.08311694860458374,0.20587760210037231,0.3324764370918274,-0.07652227580547333,0.1999526023864746,0.3615705966949463,-0.06422311812639236
V,0.1349772810935974,0.5921708047389984,7.988298875716282e-07,0.08076924085617065,0.5264592468738556,-0.02615061029791832,0.059459954500198364,0.4341716468334198,-0.043357159942388535,0.08579811453819275,0.3596175014972687,-0.06384653598070145,0.1239132285118103,0.32027187943458557,-0.08245012909173965,0.05508464574813843,0.3010123074054718,-0.019899584352970123,0.028031885623931885,0.17591282725334167,-0.047226887196302414,0.011812329292297363,0.09763970971107483,-0.06410783529281616,0.0,0.03534021973609924,-0.07408858835697174,0.10862946510314941,0.29713955521583557,-0.02933650091290474,0.11840394139289856,0.15386086702346802,-0.058979857712984085,0.1230376660823822,0.06797841191291809,-0.07795963436365128,0.13011115789413452,0.0,-0.08664077520370483,0.15771538019180298,0.3250892460346222,-0.04249023273587227,0.1754145622253418,0.23959657549858093,-0.08107863366603851,0.16186046600341797,0.3000876009464264,-0.08281667530536652,0.15349560976028442,0.35504743456840515,-0.07147271931171417,0.20081549882888794,0.372499018907547,-0.05811718851327896,0.21742302179336548,0.31113818287849426,-0.08218944817781448,0.20520907640457153,0.3393094837665558,-0.07417178153991699,0.19643032550811768,0.3726631700992584,-0.06074893847107887
V,0.1344095766544342,0.5940853357315063,7.886121693445602e-07,0.080111563205719,0.5275586247444153,-0.02558925189077854,0.05933952331542969,0.43546998500823975,-0.04328392073512077,0.08367413282394409,0.3593965172767639,-0.06436538696289062,0.11928337812423706,0.3159092664718628,-0.08348768949508667,0.055611640214920044,0.30168473720550537,-0.0208282507956028,0.028889328241348267,0.1747344732284546,-0.048443589359521866,0.012236624956130981,0.0953102707862854,-0.06555230170488358,0.0,0.032662034034729004,-0.07556862384080887,0.10871720314025879,0.2984313368797302,-0.03070036880671978,0.11934152245521545,0.15395569801330566,-0.06049300357699394,0.12351027131080627,0.0674830973148346,-0.07900997251272202,0.12995901703834534,0.0,-0.08757084608078003,0.1573220193386078,0.32704228162765503,-0.04426778852939606,0.17416450381278992,0.2374555468559265,-0.08312248438596725,0.16091755032539368,0.2962610125541687,-0.08468005806207657,0.15289506316184998,0.3511037230491638,-0.07340741157531738,0.20081046223640442,0.3747594356536865,-0.06022297963500023,0.21889641880989075,0.3062547445297241,-0.08469360321760178,0.20676639676094055,0.33237892389297485,-0.07686799019575119,0.19754740595817566,0.3661623001098633,-0.06366025656461716
V,0.13327321410179138,0.5966688096523285,8.052165298977343e-07,0.07967618107795715,0.5281055271625519,-0.025995805859565735,0.05740755796432495,0.43685147166252136,-0.04451510310173035,0.08231598138809204,0.36441853642463684,-0.06636395305395126,0.12189227342605591,0.32781681418418884,-0.08639830350875854,0.055018335580825806,0.3011956512928009,-0.02245555818080902,0.028984040021896362,0.1757620871067047,-0.05099070817232132,0.012505829334259033,0.09687915444374084,-0.06867840886116028,0.0,0.033912062644958496,-0.07910839468240738,0.10838410258293152,0.29950574040412903,-0.03248579055070877,0.11899459362030029,0.15672850608825684,-0.06323820352554321,0.1229296326637268,0.06976911425590515,-0.08214182406663895,0.12900426983833313,0.0,-0.09072837233543396,0.15708675980567932,0.32898709177970886,-0.04614446312189102,0.1735900342464447,0.24212542176246643,-0.08599230647087097,0.16044852137565613,0.30310025811195374,-0.08730870485305786,0.15236565470695496,0.35956159234046936,-0.07517597079277039,0.19991376996040344,0.3777797520160675,-0.06225208193063736,0.21624812483787537,0.3122093379497528,-0.08708693087100983,0.20589807629585266,0.3366362750530243,-0.0788920521736145,0.1978723108768463,0.3680415451526642,-0.06504364311695099
V,0.13354822993278503,0.5960687100887299,7.674954645153775e-07,0.079080730676651,0.5301857888698578,-0.0250086709856987,0.05842798948287964,0.43862661719322205,-0.041926391422748566,0.08032262325286865,0.36419346928596497,-0.0624384842813015,0.11310529708862305,0.32501253485679626,-0.08103141188621521,0.055357784032821655,0.29844483733177185,-0.018441062420606613,0.028257906436920166,0.17364004254341125,-0.04553475230932236,0.011742174625396729,0.09477025270462036,-0.06270331889390945,0.0,0.03232777118682861,-0.07291555404663086,0.10871067643165588,0.29579970240592957,-0.02866876870393753,0.11860889196395874,0.15439137816429138,-0.058560002595186234,0.1213604211807251,0.06855031847953796,-0.07792789489030838,0.127072274684906,0.0,-0.08708669245243073,0.1574086844921112,0.3249088227748871,-0.04258209094405174,0.17421910166740417,0.2345024049282074,-0.08213871717453003,0.1605529487133026,0.295941025018692,-0.08407198637723923,0.1529243290424347,0.3530879318714142,-0.0725853443145752,0.2009904682636261,0.3737334907054901,-0.05879497528076172,0.21818378567695618,0.3058646023273468,-0.0835934430360794,0.20558521151542664,0.33143797516822815,-0.07590795308351517,0.19648709893226624,0.3645614683628082,-0.0625600814819336
V,0.13385608792304993,0.5950693488121033,7.855475132600986e-07,0.07969152927398682,0.5288932919502258,-0.026348935440182686,0.05753251910209656,0.4362965226173401,-0.044364359229803085,0.0825585424900055,0.3599269390106201,-0.06549086421728134,0.12199375033378601,0.3182326555252075,-0.08467831462621689,0.055187374353408813,0.3007690906524658,-0.02138683572411537,0.028270572423934937,0.17654985189437866,-0.04878740385174751,0.011758893728256226,0.09803706407546997,-0.06577394902706146,0.0,0.03540888428688049,-0.07589980214834213,0.10814395546913147,0.2982795834541321,-0.030826419591903687,0.11783862113952637,0.15496063232421875,-0.06067768484354019,0.12154883146286011,0.06840971112251282,-0.07972870022058487,0.1277734339237213,0.0,-0.088638074696064,0.15631833672523499,0.32759732007980347,-0.043889369815588,0.17376646399497986,0.2379888892173767,-0.08361413329839706,0.16151168942451477,0.297177255153656,-0.08610598742961884,0.15382120013237,0.3529825210571289,-0.0750010535120964,0.1990620195865631,0.37649786472320557,-0.05926980823278427,0.21712830662727356,0.3098418712615967,-0.08470962196588516,0.20917430520057678,0.3316341042518616,-0.07789357006549835,0.20301291346549988,0.3607565760612488,-0.0651002824306488
V,0.13520419597625732,0.5925389230251312,8.163457891896542e-07,0.08120888471603394,0.5277052223682404,-0.02727004885673523,0.05913609266281128,0.43943968415260315,-0.04706144332885742,0.08423882722854614,0.3688041865825653,-0.06997350603342056,0.1227816641330719,0.32978078722953796,-0.09081335365772247,0.05494832992553711,0.3018133342266083,-0.02386697567999363,0.02792304754257202,0.17603614926338196,-0.05254321172833443,0.011525064706802368,0.09783932566642761,-0.07013457268476486,0.0,0.035730332136154175,-0.08025266230106354,0.10849964618682861,0.2985755503177643,-0.033136915415525436,0.11767309904098511,0.1544571816921234,-0.06352902203798294,0.1218041181564331,0.06884405016899109,-0.08212164789438248,0.12875136733055115,0.0,-0.0904640257358551,0.15752702951431274,0.32674047350883484,-0.04608841612935066,0.17268937826156616,0.24139174818992615,-0.08503051847219467,0.15905922651290894,0.3045353591442108,-0.0856424868106842,0.15103799104690552,0.3611864149570465,-0.07334014773368835,0.20072704553604126,0.3745715916156769,-0.06163335219025612,0.2164149284362793,0.311297208070755,-0.08525338023900986,0.20612972974777222,0.3374786078929901,-0.07629825174808502,0.1992669701576233,0.3687513768672943,-0.062146011739969254
V,0.1328732967376709,0.5922176539897919,8.01198154931626e-07,0.07761228084564209,0.5239045321941376,-0.0249231718480587,0.055949509143829346,0.4324308931827545,-0.04313443601131439,0.08266317844390869,0.3626333177089691,-0.06497403234243393,0.12315389513969421,0.33102115988731384,-0.08520262688398361,0.05428361892700195,0.2996489107608795,-0.0216141976416111,0.02817434072494507,0.17458489537239075,-0.04887840151786804,0.012063384056091309,0.09654536843299866,-0.06584694981575012,0.0,0.0346352756023407,-0.07603304833173752,0.10793048143386841,0.29714682698249817,-0.031993214040994644,0.11817541718482971,0.15364935994148254,-0.06121515855193138,0.12185478210449219,0.06809356808662415,-0.07961677014827728,0.12824666500091553,0.0,-0.08825576305389404,0.1571817398071289,0.3267569839954376,-0.04578736796975136,0.17333734035491943,0.2373824417591095,-0.08382142335176468,0.1587923765182495,0.29864636063575745,-0.08500457555055618,0.15022671222686768,0.35494372248649597,-0.07346570491790771,0.2011502981185913,0.3758147656917572,-0.06195079907774925,0.21885830163955688,0.3086816370487213,-0.08534742891788483,0.20683056116104126,0.33520129323005676,-0.07680642604827881,0.1979694366455078,0.3682725727558136,-0.063231460750103
V,0.1366857886314392,0.5934158563613892,7.96247775269876e-07,0.08111095428466797,0.5271192789077759,-0.026271432638168335,0.05871763825416565,0.43698185682296753,-0.044038668274879456,0.08540886640548706,0.36720651388168335,-0.06522641330957413,0.1223364770412445,0.33417558670043945,-0.0846247747540474,0.05614638328552246,0.2993503212928772,-0.020287271589040756,0.029112279415130615,0.1755421757698059,-0.0475168339908123,0.012323141098022461,0.09864151477813721,-0.06467359513044357,0.0,0.03642374277114868,-0.07486412674188614,0.11008641123771667,0.29597747325897217,-0.02995930053293705,0.11853116750717163,0.15496522188186646,-0.05958229675889015,0.12181368470191956,0.06852453947067261,-0.07872744649648666,0.1276421844959259,0.0,-0.08759075403213501,0.1596025824546814,0.3242514133453369,-0.04347489774227142,0.1750495433807373,0.24356454610824585,-0.08263824880123138,0.16095399856567383,0.3042135238647461,-0.08580620586872101,0.15252506732940674,0.3608679175376892,-0.07508672028779984,0.20313626527786255,0.3713800311088562,-0.05943413823843002,0.21712011098861694,0.31016290187835693,-0.08333296328783035,0.204331636428833,0.33800196647644043,-0.07566796243190765,0.19549697637557983,0.3728593587875366,-0.06250690668821335
V,0.1362704038619995,0.5928014814853668,7.764765541651286e-07,0.08150440454483032,0.530737429857254,-0.026789065450429916,0.05827265977859497,0.4403596818447113,-0.04489940032362938,0.07841229438781738,0.364944726228714,-0.06620439141988754,0.11029186844825745,0.32378295063972473,-0.08549404889345169,0.056311070919036865,0.3031894266605377,-0.023487605154514313,0.029081016778945923,0.17713898420333862,-0.052578989416360855,0.01241213083267212,0.09842446446418762,-0.07041651010513306,0.0,0.035981059074401855,-0.0809052512049675,0.11041966080665588,0.2978876531124115,-0.0334128737449646,0.12032163143157959,0.15377026796340942,-0.064861960709095,0.12360638380050659,0.06799668073654175,-0.08420126140117645,0.1293129324913025,0.0,-0.09310010820627213,0.15983045101165771,0.3248277008533478,-0.04699353873729706,0.1759321689605713,0.23866310715675354,-0.0870864987373352,0.1600198745727539,0.3014697730541229,-0.08822454512119293,0.15078377723693848,0.35792556405067444,-0.07642149925231934,0.2035234570503235,0.37196144461631775,-0.06309432536363602,0.2195391058921814,0.3091411888599396,-0.08831407129764557,0.20462125539779663,0.3383593261241913,-0.08014845848083496,0.19419145584106445,0.3730889856815338,-0.06657009571790695
V,0.13649821281433105,0.591992199420929,8.045876711548772e-07,0.08191990852355957,0.5274572372436523,-0.02802330069243908,0.05914419889450073,0.4392271637916565,-0.04744303598999977,0.08276209235191345,0.3664652705192566,-0.06983388215303421,0.120404452085495,0.32850152254104614,-0.09020404517650604,0.05644547939300537,0.30092698335647583,-0.023419784381985664,0.02962517738342285,0.17546752095222473,-0.05204152688384056,0.01263338327407837,0.09715139865875244,-0.06990985572338104,0.0,0.03490835428237915,-0.0805932953953743,0.11031386256217957,0.2970725893974304,-0.03238414600491524,0.11988523602485657,0.15378409624099731,-0.06307545304298401,0.12415704131126404,0.06816616654396057,-0.08224335312843323,0.13020607829093933,0.0,-0.09123335778713226,0.15939658880233765,0.3252367377281189,-0.045171964913606644,0.1754094958305359,0.23552614450454712,-0.08520904183387756,0.16228163242340088,0.29755252599716187,-0.08688229322433472,0.1537582278251648,0.3547964096069336,-0.07530234754085541,0.2027750015258789,0.37348514795303345,-0.06054990366101265,0.21945571899414062,0.3092321753501892,-0.08639296889305115,0.2082228660583496,0.3366803526878357,-0.07908346503973007,0.1994059681892395,0.3703787922859192,-0.06590349972248077
V,0.13541442155838013,0.598365068435669,7.88198576628929e-07,0.07971629500389099,0.534606397151947,-0.025835467502474785,0.057292282581329346,0.44098615646362305,-0.04339710623025894,0.08289244771003723,0.36635786294937134,-0.06401804834604263,0.11933138966560364,0.327184796333313,-0.08305840194225311,0.05441242456436157,0.30605822801589966,-0.02429286763072014,0.028079211711883545,0.1793612837791443,-0.05217420309782028,0.012103557586669922,0.10046297311782837,-0.06986241787672043,0.0,0.03742673993110657,-0.08054028451442719,0.10797619819641113,0.3022577166557312,-0.03378523513674736,0.11759507656097412,0.15620017051696777,-0.06298962980508804,0.12187233567237854,0.06961175799369812,-0.08180796355009079,0.12846282124519348,0.0,-0.09090679883956909,0.1566300392150879,0.3313198685646057,-0.04650765657424927,0.1720009446144104,0.24156314134597778,-0.08393935114145279,0.15993577241897583,0.30212968587875366,-0.0849885642528534,0.1532323956489563,0.3584170937538147,-0.07382094860076904,0.1995742917060852,0.380892276763916,-0.06170332431793213,0.216962993144989,0.3141685724258423,-0.08538128435611725,0.20601093769073486,0.3402642607688904,-0.07723614573478699,0.1980654001235962,0.3737215995788574,-0.06401678174734116
V,0.13557952642440796,0.5979160964488983,8.012434022930393e-07,0.08045029640197754,0.5321415960788727,-0.02840769663453102,0.05738690495491028,0.441010981798172,-0.04742122069001198,0.08374178409576416,0.36486443877220154,-0.06939862668514252,0.1247861385345459,0.32370391488075256,-0.08937440067529678,0.056035757064819336,0.3024037778377533,-0.022591523826122284,0.029600918292999268,0.17759814858436584,-0.05054313689470291,0.01257479190826416,0.0999038815498352,-0.0682850182056427,0.0,0.03801703453063965,-0.07906657457351685,0.10980996489524841,0.29954347014427185,-0.031641557812690735,0.11879462003707886,0.15616735816001892,-0.06178782880306244,0.12294015288352966,0.06923535466194153,-0.08147759735584259,0.12947753071784973,0.0,-0.09112396836280823,0.15853607654571533,0.3289397656917572,-0.04464222863316536,0.1755484938621521,0.2409193217754364,-0.08511549234390259,0.16288834810256958,0.3023185431957245,-0.08877814561128616,0.15453970432281494,0.35891351103782654,-0.07871578633785248,0.20167160034179688,0.37753739953041077,-0.06015968322753906,0.21838033199310303,0.31197109818458557,-0.08667504787445068,0.20575398206710815,0.3418700397014618,-0.08046229928731918,0.19552302360534668,0.3785063922405243,-0.06829994916915894
V,0.13499963283538818,0.5970046818256378,7.785109232827381e-07,0.08022803068161011,0.5329390466213226,-0.026428477838635445,0.057620882987976074,0.4424467980861664,-0.044983141124248505,0.08271342515945435,0.370388001203537,-0.06679639965295792,0.11950257420539856,0.3321918547153473,-0.08683823049068451,0.05538076162338257,0.3026459515094757,-0.023639144375920296,0.028064370155334473,0.1786598265171051,-0.05215396359562874,0.011762231588363647,0.1003236472606659,-0.07002685219049454,0.0,0.038160085678100586,-0.08066431432962418,0.10988306999206543,0.2994122803211212,-0.03382847458124161,0.11840662360191345,0.15546771883964539,-0.06441135704517365,0.12199053168296814,0.06905043125152588,-0.08386470377445221,0.1278851330280304,0.0,-0.09317445009946823,0.15904074907302856,0.32870176434516907,-0.047589536756277084,0.17544496059417725,0.24178215861320496,-0.0871618315577507,0.16198045015335083,0.30309751629829407,-0.08935084939002991,0.15292209386825562,0.35864904522895813,-0.07850664108991623,0.20214539766311646,0.378491073846817,-0.06376004964113235,0.21932154893875122,0.31186696887016296,-0.08831814676523209,0.20686697959899902,0.34154823422431946,-0.08029218763113022,0.19665741920471191,0.3771035969257355,-0.06715279072523117
V,0.13698768615722656,0.5959244668483734,7.726916919637006e-07,0.08251214027404785,0.5317906439304352,-0.02622881345450878,0.059066444635391235,0.44054755568504333,-0.04426988959312439,0.08362734317779541,0.3663763701915741,-0.06537415832281113,0.12111490964889526,0.3259948790073395,-0.08473121374845505,0.05588406324386597,0.3020741045475006,-0.02426300011575222,0.02880847454071045,0.17592567205429077,-0.05260290205478668,0.012273311614990234,0.09729889035224915,-0.07004958391189575,0.0,0.03476664423942566,-0.08030960708856583,0.11005887389183044,0.2986997663974762,-0.03394295647740364,0.11797332763671875,0.154561847448349,-0.06419645249843597,0.12215811014175415,0.06849080324172974,-0.08287975192070007,0.12823545932769775,0.0,-0.0914880707859993,0.1589396595954895,0.32786914706230164,-0.04708021506667137,0.1752617359161377,0.24048259854316711,-0.08642498403787613,0.16410589218139648,0.3014586269855499,-0.08794564753770828,0.156191885471344,0.3572525084018707,-0.07659503072500229,0.20178735256195068,0.3779660165309906,-0.06260057538747787,0.2201070785522461,0.31358155608177185,-0.08770077675580978,0.20998436212539673,0.3403656780719757,-0.07995887100696564,0.2011507749557495,0.3728766143321991,-0.06672061234712601
V,0.13615232706069946,0.5965176224708557,8.106927680273657e-07,0.08195436000823975,0.5313934683799744,-0.027591610327363014,0.05927953124046326,0.440878689289093,-0.046979792416095734,0.08345729112625122,0.3655815124511719,-0.0693015456199646,0.12104371190071106,0.3239237666130066,-0.0895208939909935,0.05470004677772522,0.30416280031204224,-0.024253763258457184,0.028175175189971924,0.17730718851089478,-0.05288498103618622,0.011754900217056274,0.09837955236434937,-0.07072307914495468,0.0,0.03519010543823242,-0.08120343089103699,0.10839235782623291,0.30132144689559937,-0.03306903690099716,0.1179770827293396,0.1563168168067932,-0.06372286379337311,0.12199369072914124,0.0692385733127594,-0.08280976116657257,0.12862086296081543,0.0,-0.09168939292430878,0.1573164463043213,0.3298604488372803,-0.045505862683057785,0.17348361015319824,0.2420082688331604,-0.0848417803645134,0.16069799661636353,0.3026888370513916,-0.08607099950313568,0.15272200107574463,0.3593844175338745,-0.07422234117984772,0.20120781660079956,0.3775365352630615,-0.06053551658987999,0.2198060154914856,0.3098018765449524,-0.08539410680532455,0.209631085395813,0.33452457189559937,-0.07759224623441696,0.20135563611984253,0.36695176362991333,-0.0641065388917923
V,0.13634833693504333,0.6009200215339661,8.129880484375462e-07,0.0822838842868805,0.5374212861061096,-0.027817362919449806,0.060798078775405884,0.4443719983100891,-0.04656002297997475,0.08374136686325073,0.3680018186569214,-0.06830732524394989,0.11819672584533691,0.3258741497993469,-0.08802217245101929,0.05495366454124451,0.30607348680496216,-0.02363133430480957,0.02870461344718933,0.17890307307243347,-0.051772747188806534,0.012247473001480103,0.10013121366500854,-0.06963463127613068,0.0,0.03761100769042969,-0.08050994575023651,0.10916438698768616,0.3026716709136963,-0.032735127955675125,0.11956968903541565,0.1576210856437683,-0.06333542615175247,0.12275311350822449,0.07070821523666382,-0.08331059664487839,0.1284870207309723,0.0,-0.09322898834943771,0.15832069516181946,0.331706166267395,-0.04544149711728096,0.174700528383255,0.24104267358779907,-0.08438950031995773,0.16051730513572693,0.30439329147338867,-0.08530796319246292,0.15225723385810852,0.36140042543411255,-0.0737440288066864,0.20199599862098694,0.38090240955352783,-0.06081686168909073,0.22065219283103943,0.31113284826278687,-0.08562126755714417,0.2091350257396698,0.3384320139884949,-0.07760991156101227,0.20042815804481506,0.37228822708129883,-0.06430299580097198
V,0.13800030946731567,0.6020103991031647,8.292080337923835e-07,0.08260646462440491,0.5360104739665985,-0.028260692954063416,0.05868712067604065,0.4424724876880646,-0.047007523477077484,0.08350518345832825,0.3653889000415802,-0.0687207579612732,0.12399369478225708,0.32811686396598816,-0.08838441222906113,0.054848700761795044,0.3062291443347931,-0.02245013788342476,0.02841109037399292,0.17831239104270935,-0.050233617424964905,0.012194454669952393,0.09893617033958435,-0.06765652447938919,0.0,0.03538975119590759,-0.07822712510824203,0.10878607630729675,0.3027215301990509,-0.031043941155076027,0.11824572086334229,0.15712925791740417,-0.061235181987285614,0.12262564897537231,0.06964659690856934,-0.08043809980154037,0.128892719745636,0.0,-0.08944521844387054,0.15791553258895874,0.3313721716403961,-0.043516822159290314,0.17364943027496338,0.24191877245903015,-0.08380589634180069,0.1617709994316101,0.3037848174571991,-0.086533322930336,0.15435528755187988,0.36200305819511414,-0.07528696954250336,0.2017383575439453,0.37941715121269226,-0.05856388807296753,0.21957868337631226,0.31296929717063904,-0.08483774214982986,0.20917284488677979,0.33902135491371155,-0.07852089405059814,0.20065021514892578,0.3735326826572418,-0.0658627599477768
V,0.13529983162879944,0.6011629700660706,8.161564437614288e-07,0.080637127161026,0.5343841314315796,-0.026915911585092545,0.05761462450027466,0.4427449107170105,-0.04612366855144501,0.08229720592498779,0.37040430307388306,-0.06871448457241058,0.12217795848846436,0.3318081498146057,-0.08935441821813583,0.05445891618728638,0.30405735969543457,-0.023102054372429848,0.02832213044166565,0.1772591471672058,-0.05182992294430733,0.012149006128311157,0.09866705536842346,-0.06949639320373535,0.0,0.03672593832015991,-0.07979842275381088,0.10824194550514221,0.30100584030151367,-0.032948728650808334,0.1180163323879242,0.155918687582016,-0.063575379550457,0.12159785628318787,0.06943690776824951,-0.08213192224502563,0.12736693024635315,0.0,-0.0904356837272644,0.15754130482673645,0.3303850293159485,-0.04659385606646538,0.1733187735080719,0.24176311492919922,-0.08644355833530426,0.1596945822238922,0.3058566451072693,-0.08751150220632553,0.15155914425849915,0.3633427023887634,-0.07533881813287735,0.20130088925361633,0.3799053430557251,-0.06279993802309036,0.21952709555625916,0.3132680654525757,-0.08792131394147873,0.2070150077342987,0.34175437688827515,-0.07977361232042313,0.19723328948020935,0.37614184617996216,-0.06601463258266449
V,0.1379099190235138,0.6022371351718903,8.066588748079084e-07,0.08285161852836609,0.5360217392444611,-0.027584800496697426,0.060565412044525146,0.44372108578681946,-0.046061743050813675,0.08641797304153442,0.3672623336315155,-0.06744833290576935,0.1255786418914795,0.3272515833377838,-0.08691605925559998,0.05571562051773071,0.3053230941295624,-0.022406497970223427,0.029246479272842407,0.17850854992866516,-0.049778178334236145,0.012494951486587524,0.10026434063911438,-0.06696835160255432,0.0,0.03749248385429382,-0.07710075378417969,0.10995486378669739,0.3024241030216217,-0.03151531144976616,0.11902529001235962,0.15694177150726318,-0.060657043009996414,0.12242913246154785,0.06963726878166199,-0.08009974658489227,0.1281527280807495,0.0,-0.08945413678884506,0.1592107117176056,0.3321138918399811,-0.04436901956796646,0.17607030272483826,0.248947411775589,-0.08345942944288254,0.1623317301273346,0.30715861916542053,-0.08784309774637222,0.15340891480445862,0.36132505536079407,-0.07838026434183121,0.20225831866264343,0.3810788094997406,-0.05963447690010071,0.22006580233573914,0.31603100895881653,-0.08434447646141052,0.2085420787334442,0.3435734212398529,-0.07778863608837128,0.2000143826007843,0.37855079770088196,-0.06553010642528534
V,0.1356201171875,0.601473331451416,8.015793468985066e-07,0.08011743426322937,0.5338556170463562,-0.027072753757238388,0.05756920576095581,0.4405868649482727,-0.04490341991186142,0.0852746069431305,0.367824912071228,-0.06590486317873001,0.12324017286300659,0.3302556872367859,-0.08511613309383392,0.05487227439880371,0.30557137727737427,-0.022784100845456123,0.028228461742401123,0.17945659160614014,-0.05105109512805939,0.01194426417350769,0.1003982424736023,-0.06869490444660187,0.0,0.03698936104774475,-0.07910732179880142,0.10979199409484863,0.3016720414161682,-0.032374851405620575,0.11817830801010132,0.15622124075889587,-0.06273975968360901,0.12191492319107056,0.06974878907203674,-0.08211381733417511,0.12855350971221924,0.0,-0.09116671979427338,0.1592036485671997,0.33105742931365967,-0.045756079256534576,0.1756439208984375,0.24678552150726318,-0.08549799770116806,0.16347628831863403,0.3074255585670471,-0.0884605422616005,0.15603405237197876,0.36257404088974,-0.07769987732172012,0.20260465145111084,0.3808162212371826,-0.061638277024030685,0.22209447622299194,0.31189262866973877,-0.08611821383237839,0.21070659160614014,0.33988940715789795,-0.07840509712696075,0.20105254650115967,0.37536972761154175,-0.06532350927591324
V,0.1391550898551941,0.5997496545314789,7.856681349949213e-07,0.08280009031295776,0.5351367294788361,-0.02626100368797779,0.05979663133621216,0.4399442970752716,-0.043968234211206436,0.08536863327026367,0.3632795512676239,-0.06477799266576767,0.12343978881835938,0.32582393288612366,-0.0837370976805687,0.05739578604698181,0.3034255802631378,-0.023091726005077362,0.03002721071243286,0.17662066221237183,-0.05138203129172325,0.013047486543655396,0.09762522578239441,-0.06866636127233505,0.0,0.034672290086746216,-0.078752800822258,0.11134591698646545,0.30076465010643005,-0.032719820737838745,0.12038013339042664,0.1544729769229889,-0.06289857625961304,0.12403985857963562,0.0688050389289856,-0.08135740458965302,0.13015007972717285,0.0,-0.08950870484113693,0.1605360507965088,0.32947877049446106,-0.04590297490358353,0.1765521764755249,0.24371185898780823,-0.08525040745735168,0.16337883472442627,0.3046129643917084,-0.0869399681687355,0.15550559759140015,0.3592681586742401,-0.07519938796758652,0.2045930027961731,0.37750712037086487,-0.06154141575098038,0.222858726978302,0.3124079406261444,-0.08583448082208633,0.21245145797729492,0.33717289566993713,-0.07790455222129822,0.2047012448310852,0.36756768822669983,-0.0644259825348854
V,0.13603469729423523,0.6043358445167542,8.216910032388114e-07,0.0807819664478302,0.5362730026245117,-0.025790531188249588,0.0589526891708374,0.4446786046028137,-0.0435660295188427,0.08420652151107788,0.37185168266296387,-0.06493467837572098,0.1201014518737793,0.3354419469833374,-0.0843157172203064,0.054037630558013916,0.30431854724884033,-0.01964149810373783,0.02782920002937317,0.17877936363220215,-0.04680580273270607,0.011826574802398682,0.10075578093528748,-0.06361552327871323,0.0,0.03826570510864258,-0.07338280975818634,0.10821321606636047,0.3007984757423401,-0.029652291908860207,0.1174287497997284,0.15715748071670532,-0.059581901878118515,0.12160167098045349,0.06967419385910034,-0.0785268023610115,0.12843042612075806,0.0,-0.08696015179157257,0.15788200497627258,0.32984060049057007,-0.04346046969294548,0.17383340001106262,0.24793869256973267,-0.08282448351383209,0.15967729687690735,0.3108646869659424,-0.08509610593318939,0.15152129530906677,0.3685213327407837,-0.07342907786369324,0.2016020119190216,0.37824273109436035,-0.0597253292798996,0.21868929266929626,0.3138453960418701,-0.08368395268917084,0.2070712149143219,0.34013229608535767,-0.0756826177239418,0.19853529334068298,0.37335002422332764,-0.062027838081121445
V,0.1374480128288269,0.6011475622653961,7.934889367788855e-07,0.08212935924530029,0.5343900620937347,-0.026383593678474426,0.06010991334915161,0.4416738450527191,-0.04391534626483917,0.08560320734977722,0.3671140968799591,-0.06482639163732529,0.12346693873405457,0.32661178708076477,-0.08388535678386688,0.055544376373291016,0.30379173159599304,-0.019659534096717834,0.028027355670928955,0.17693564295768738,-0.04711092263460159,0.011735200881958008,0.09750804305076599,-0.06440234929323196,0.0,0.0346885621547699,-0.07467950880527496,0.10963261127471924,0.3002937138080597,-0.029119011014699936,0.11891281604766846,0.15504351258277893,-0.05889139324426651,0.12317392230033875,0.06879201531410217,-0.07813338935375214,0.12947914004325867,0.0,-0.08722899854183197,0.1586483120918274,0.3291383683681488,-0.04245626926422119,0.17571645975112915,0.2382708489894867,-0.08221139758825302,0.16300666332244873,0.2994525730609894,-0.08521026372909546,0.1548231840133667,0.35597333312034607,-0.07458134740591049,0.2021961212158203,0.3779226243495941,-0.058175645768642426,0.220592200756073,0.3114512860774994,-0.08361928164958954,0.20817196369171143,0.3387037217617035,-0.07694603502750397,0.1980428695678711,0.3727920353412628,-0.0644412711262703
V,0.13510587811470032,0.6003242135047913,7.963926123011333e-07,0.08123227953910828,0.5351974368095398,-0.02519870735704899,0.059115082025527954,0.44301778078079224,-0.04307226091623306,0.08555868268013,0.37314581871032715,-0.0644451230764389,0.12296679615974426,0.33991551399230957,-0.08418645709753036,0.055645138025283813,0.304271936416626,-0.023740973323583603,0.029435187578201294,0.17896288633346558,-0.051659319549798965,0.012682616710662842,0.10046279430389404,-0.06906646490097046,0.0,0.037922054529190063,-0.0795353427529335,0.10970091819763184,0.30093348026275635,-0.03434193134307861,0.11936724185943604,0.15629929304122925,-0.06452831625938416,0.12304002046585083,0.06897476315498352,-0.08349412679672241,0.1295120120048523,0.0,-0.09248094260692596,0.15912246704101562,0.33003371953964233,-0.04825439304113388,0.17521607875823975,0.2442183494567871,-0.08675709366798401,0.15978139638900757,0.3055187463760376,-0.08854624629020691,0.1503145694732666,0.362047016620636,-0.07749588042497635,0.20270532369613647,0.378914475440979,-0.0646200105547905,0.22054129838943481,0.31334155797958374,-0.08831394463777542,0.2077290415763855,0.33935898542404175,-0.08035708963871002,0.19836640357971191,0.3725798726081848,-0.06730831414461136
V,0.1363241970539093,0.5979745388031006,8.055518492255942e-07,0.0805763304233551,0.5299930572509766,-0.02644660882651806,0.058818548917770386,0.437056303024292,-0.044228699058294296,0.08807730674743652,0.36627817153930664,-0.06534365564584732,0.12708917260169983,0.33211392164230347,-0.08465945720672607,0.05491948127746582,0.3004108667373657,-0.01992196962237358,0.028614938259124756,0.1750621795654297,-0.0467667430639267,0.012450754642486572,0.09721869230270386,-0.06370579451322556,0.0,0.03490862250328064,-0.0738009512424469,0.10908114910125732,0.2980741858482361,-0.029522350057959557,0.11807268857955933,0.1548122763633728,-0.058483753353357315,0.12204194068908691,0.06938937306404114,-0.07728730887174606,0.12810024619102478,0.0,-0.08606047183275223,0.15829908847808838,0.3275737762451172,-0.04301593080163002,0.17418640851974487,0.24435174465179443,-0.08170056343078613,0.15998756885528564,0.30590420961380005,-0.0848517194390297,0.1510356068611145,0.36094969511032104,-0.07434184104204178,0.2015652060508728,0.3763993978500366,-0.05895952135324478,0.21842700242996216,0.31158190965652466,-0.0824042558670044,0.20659232139587402,0.33933132886886597,-0.07469998300075531,0.19793742895126343,0.3726400136947632,-0.061785243451595306
V,0.13507232069969177,0.5981169044971466,8.186453896996682e-07,0.0798979103565216,0.5311222970485687,-0.027776261791586876,0.05650457739830017,0.43967995047569275,-0.046480048447847366,0.0819815993309021,0.3657433092594147,-0.0681968629360199,0.12033790349960327,0.32580211758613586,-0.08805842697620392,0.05255913734436035,0.3022376596927643,-0.022936630994081497,0.026744067668914795,0.1780082881450653,-0.051450520753860474,0.011183321475982666,0.09917911887168884,-0.06937430053949356,0.0,0.03626066446304321,-0.07989351451396942,0.10680988430976868,0.2992382347583771,-0.03185378387570381,0.11682435870170593,0.1561744511127472,-0.06252465397119522,0.12149813771247864,0.06918489933013916,-0.08154500275850296,0.12882530689239502,0.0,-0.09009067714214325,0.15618258714675903,0.32892218232154846,-0.044621698558330536,0.17227274179458618,0.24153897166252136,-0.0849357470870018,0.16046559810638428,0.30398502945899963,-0.08684974908828735,0.1538873314857483,0.3615550100803375,-0.07499457150697708,0.19993120431900024,0.37858864665031433,-0.05992747098207474,0.2176087498664856,0.31244686245918274,-0.08591684699058533,0.20688527822494507,0.3400692045688629,-0.07860145717859268,0.1987152099609375,0.3738669455051422,-0.0651334598660469
V,0.13640660047531128,0.599343329668045,8.130362516567402e-07,0.0803261399269104,0.5337390005588531,-0.02747272700071335,0.05751654505729675,0.44078269600868225,-0.04548374563455582,0.08372366428375244,0.3655185401439667,-0.0666273832321167,0.12275967001914978,0.3278273046016693,-0.08571390062570572,0.05332815647125244,0.30299028754234314,-0.020647630095481873,0.02706277370452881,0.1772921085357666,-0.04765361174941063,0.011198967695236206,0.09918522834777832,-0.0649624839425087,0.0,0.03674423694610596,-0.07558862119913101,0.10768252611160278,0.29966840147972107,-0.029399799183011055,0.11673760414123535,0.1569908857345581,-0.059117209166288376,0.12032943964004517,0.07027938961982727,-0.07889694720506668,0.12709200382232666,0.0,-0.08870026469230652,0.1570010483264923,0.3283264935016632,-0.042021386325359344,0.173496812582016,0.24151578545570374,-0.08144741505384445,0.16006210446357727,0.3032139837741852,-0.0844317376613617,0.1519637405872345,0.3609687387943268,-0.07383420318365097,0.2007613480091095,0.3763156831264496,-0.05722728371620178,0.21956565976142883,0.30937251448631287,-0.08266686648130417,0.20741316676139832,0.33556774258613586,-0.07632475346326828,0.19732049107551575,0.3710271418094635,-0.06402886658906937
V,0.1382468044757843,0.598553329706192,8.016192509785469e-07,0.08330833911895752,0.535065084695816,-0.02614668942987919,0.060992270708084106,0.4421413838863373,-0.04343713819980621,0.08610481023788452,0.3668740689754486,-0.06407684087753296,0.12286102771759033,0.3282240927219391,-0.08304605633020401,0.05709841847419739,0.30342283844947815,-0.021957898512482643,0.029471874237060547,0.17790192365646362,-0.049618300050497055,0.012608945369720459,0.09924736618995667,-0.06686704605817795,0.0,0.03586897253990173,-0.07726272940635681,0.11083880066871643,0.30005261301994324,-0.03227982297539711,0.12049826979637146,0.15553894639015198,-0.06200210377573967,0.12448424100875854,0.06947824358940125,-0.08093710243701935,0.13118696212768555,0.0,-0.08995013684034348,0.16005399823188782,0.32989999651908875,-0.04619795083999634,0.1771223247051239,0.24479302763938904,-0.0859760269522667,0.1613081395626068,0.30962976813316345,-0.08801908791065216,0.15240392088890076,0.366520494222641,-0.0769943818449974,0.20344498753547668,0.37998977303504944,-0.06254810839891434,0.21965286135673523,0.31652602553367615,-0.08862374722957611,0.20567968487739563,0.3506704866886139,-0.08106729388237,0.19663134217262268,0.38859823346138,-0.06797827035188675
V,0.13530123233795166,0.5986531972885132,8.05227671207831e-07,0.0805494487285614,0.532648503780365,-0.028127828612923622,0.057807087898254395,0.4398458003997803,-0.046926893293857574,0.08395999670028687,0.3650873899459839,-0.06866700202226639,0.12416878342628479,0.3269856572151184,-0.08828233182430267,0.05328059196472168,0.30193477869033813,-0.022465121001005173,0.027039945125579834,0.17707225680351257,-0.05028745159506798,0.011519849300384521,0.09883081912994385,-0.06765077263116837,0.0,0.03597402572631836,-0.0781196728348732,0.10768648982048035,0.29873228073120117,-0.031151289120316505,0.1171523928642273,0.15601405501365662,-0.06166995316743851,0.12135621905326843,0.06989410519599915,-0.08089247345924377,0.12738922238349915,0.0,-0.08987971395254135,0.15710890293121338,0.3275812864303589,-0.04370721057057381,0.17462575435638428,0.24093008041381836,-0.08404330164194107,0.1624423861503601,0.3057286739349365,-0.0858956053853035,0.15426850318908691,0.36405348777770996,-0.07401862740516663,0.20105916261672974,0.37604010105133057,-0.05883122608065605,0.2185736894607544,0.30929499864578247,-0.08440063893795013,0.20859503746032715,0.33560431003570557,-0.07698418200016022,0.19999754428863525,0.36814743280410767,-0.06366124004125595
V,0.1359749734401703,0.6004584431648254,8.143508694047341e-07,0.08067739009857178,0.5350726842880249,-0.026752840727567673,0.05692720413208008,0.442843496799469,-0.045006658881902695,0.08080744743347168,0.3681083917617798,-0.06636674702167511,0.11998367309570312,0.3288058042526245,-0.08566555380821228,0.05366241931915283,0.30439358949661255,-0.021879881620407104,0.027496933937072754,0.17753320932388306,-0.04916409030556679,0.01165628433227539,0.09887945652008057,-0.06604021787643433,0.0,0.036918580532073975,-0.0759187638759613,0.10774478316307068,0.30101656913757324,-0.030832361429929733,0.11786213517189026,0.15524077415466309,-0.06013870984315872,0.12148749828338623,0.06833302974700928,-0.0786399096250534,0.12759149074554443,0.0,-0.08704109489917755,0.15722006559371948,0.3302741050720215,-0.04346434399485588,0.1719660758972168,0.2420145869255066,-0.08207067847251892,0.15855824947357178,0.30273324251174927,-0.08421256393194199,0.15093958377838135,0.35947734117507935,-0.07295618951320648,0.2016884684562683,0.37910908460617065,-0.05855823680758476,0.21970295906066895,0.31249505281448364,-0.08295435458421707,0.2077375054359436,0.3376232385635376,-0.0757545679807663,0.1984984278678894,0.37049466371536255,-0.06274743378162384
V,0.13651913404464722,0.6006772220134735,7.925249292384251e-07,0.08247679471969604,0.5360670387744904,-0.026073813438415527,0.061260879039764404,0.44312581419944763,-0.04417729377746582,0.08418470621109009,0.36995378136634827,-0.06564031541347504,0.11666357517242432,0.32957300543785095,-0.08518240600824356,0.05547434091567993,0.3035918176174164,-0.022386562079191208,0.028869569301605225,0.17858710885047913,-0.05013100430369377,0.012366294860839844,0.10070797801017761,-0.06770925223827362,0.0,0.038543879985809326,-0.07852505892515182,0.1091955304145813,0.30081477761268616,-0.03269542381167412,0.11990153789520264,0.15682339668273926,-0.06317692995071411,0.12360069155693054,0.07085469365119934,-0.08323007822036743,0.1298997402191162,0.0,-0.09335420280694962,0.1581290364265442,0.3302479684352875,-0.0464397668838501,0.17525780200958252,0.24005594849586487,-0.0851939246058464,0.16054409742355347,0.30473950505256653,-0.08595231175422668,0.15194320678710938,0.36116769909858704,-0.07452218234539032,0.20183444023132324,0.38009920716285706,-0.06270033121109009,0.2193741798400879,0.31217601895332336,-0.08686226606369019,0.2078038454055786,0.34017214179039,-0.0782681256532669,0.1999439001083374,0.372885137796402,-0.06484129279851913
V,0.13596564531326294,0.5961295366287231,8.09979610494338e-07,0.07983911037445068,0.5305459499359131,-0.026350464671850204,0.05593755841255188,0.4393758773803711,-0.046143788844347,0.08197915554046631,0.3702375888824463,-0.06925739347934723,0.1224173903465271,0.3372154235839844,-0.09071288257837296,0.055002033710479736,0.30213212966918945,-0.02600121684372425,0.027901023626327515,0.17747598886489868,-0.054817795753479004,0.011779069900512695,0.09945154190063477,-0.07256265729665756,0.0,0.03678157925605774,-0.08326349407434464,0.10904639959335327,0.2996971607208252,-0.036353252828121185,0.11903718113899231,0.15541806817054749,-0.06719030439853668,0.12284862995147705,0.0696151852607727,-0.08601915091276169,0.12885069847106934,0.0,-0.09484510123729706,0.1582762598991394,0.32924884557724,-0.05005364492535591,0.17404043674468994,0.2410762906074524,-0.08943525701761246,0.16020601987838745,0.3047328591346741,-0.0900818482041359,0.15170609951019287,0.36206912994384766,-0.07792752981185913,0.2021552324295044,0.37877291440963745,-0.06625097244977951,0.21930235624313354,0.31250208616256714,-0.09056822210550308,0.2091902494430542,0.3382565975189209,-0.0818796455860138,0.20153570175170898,0.3699111342430115,-0.0680142417550087
V,0.13583087921142578,0.599062591791153,8.17885052128986e-07,0.07925409078598022,0.5339422523975372,-0.027446089312434196,0.05350866913795471,0.44172748923301697,-0.046126823872327805,0.07955905795097351,0.36921557784080505,-0.06787300854921341,0.12016960978507996,0.33495762944221497,-0.08782704174518585,0.05332431197166443,0.3035964071750641,-0.02332489937543869,0.028000861406326294,0.17635703086853027,-0.0517725944519043,0.012035459280014038,0.09717479348182678,-0.06983792781829834,0.0,0.03446188569068909,-0.08075585961341858,0.10754227638244629,0.29964402318000793,-0.03244549036026001,0.11715838313102722,0.15542051196098328,-0.0626073032617569,0.12055802345275879,0.06877768039703369,-0.08167491853237152,0.12638992071151733,0.0,-0.09063909202814102,0.15664944052696228,0.3280913531780243,-0.04532085359096527,0.1738869845867157,0.23734357953071594,-0.08440247923135757,0.1608751118183136,0.29765114188194275,-0.08645772933959961,0.15250292420387268,0.3547954261302948,-0.07527493685483932,0.20024821162223816,0.37684181332588196,-0.06083539128303528,0.21999499201774597,0.31146034598350525,-0.08630786836147308,0.20896819233894348,0.33607932925224304,-0.07951314002275467,0.19963905215263367,0.3691043555736542,-0.06669183075428009
V,0.13631311058998108,0.6017744541168213,8.21862670363771e-07,0.0809859037399292,0.5333149433135986,-0.0272019412368536,0.057712018489837646,0.43955034017562866,-0.046389348804950714,0.0853424072265625,0.3659142255783081,-0.06874088197946548,0.12696892023086548,0.32535576820373535,-0.08922309428453445,0.05490618944168091,0.30543601512908936,-0.023584550246596336,0.028400897979736328,0.17884665727615356,-0.052588317543268204,0.012296110391616821,0.09970653057098389,-0.07084298878908157,0.0,0.03669053316116333,-0.08165102452039719,0.10896676778793335,0.30339306592941284,-0.03310772031545639,0.1184045672416687,0.1576024889945984,-0.06422295421361923,0.12266454100608826,0.07068076729774475,-0.08366221934556961,0.12873893976211548,0.0,-0.09262727946043015,0.15823954343795776,0.3326387405395508,-0.04633033648133278,0.17431819438934326,0.24480068683624268,-0.08651625365018845,0.16262084245681763,0.3084349036216736,-0.08786599338054657,0.15520262718200684,0.3660138249397278,-0.07576733082532883,0.20219218730926514,0.3815307021141052,-0.06207798048853874,0.22002530097961426,0.31429821252822876,-0.08676494657993317,0.20972341299057007,0.3416369557380676,-0.0782451406121254,0.2014133334159851,0.3748362064361572,-0.06431851536035538
V,0.13678625226020813,0.5993451178073883,8.332092988894146e-07,0.08076530694961548,0.5302804410457611,-0.027875930070877075,0.05741763114929199,0.43740883469581604,-0.046302057802677155,0.08674010634422302,0.36565282940864563,-0.06770364195108414,0.12879705429077148,0.33161094784736633,-0.08715201914310455,0.05411753058433533,0.3006002604961395,-0.021669039502739906,0.02700600028038025,0.17494750022888184,-0.04933612793684006,0.011240541934967041,0.09658965468406677,-0.0669683963060379,0.0,0.03407898545265198,-0.07758237421512604,0.10887962579727173,0.29840323328971863,-0.03036697953939438,0.11810693144798279,0.15647068619728088,-0.06033610180020332,0.12254917621612549,0.0699029266834259,-0.07948492467403412,0.12936434149742126,0.0,-0.08845724910497665,0.15793409943580627,0.3284851014614105,-0.04303376376628876,0.17546138167381287,0.24199476838111877,-0.08316195756196976,0.16356679797172546,0.3043956458568573,-0.08591461926698685,0.15578630566596985,0.3622737228870392,-0.07470252364873886,0.20101651549339294,0.37845179438591003,-0.05826757848262787,0.22017499804496765,0.31378331780433655,-0.08434654027223587,0.20947536826133728,0.3414560854434967,-0.07763980329036713,0.20044460892677307,0.3764205276966095,-0.06473219394683838
V,0.13609203696250916,0.5978293418884277,8.243125080298341e-07,0.08078664541244507,0.5329567193984985,-0.02737804874777794,0.05779939889907837,0.44049394130706787,-0.04613493010401726,0.08434614539146423,0.3681578040122986,-0.06784884631633759,0.1241132915019989,0.33424174785614014,-0.08769864588975906,0.054460614919662476,0.30366814136505127,-0.02381361834704876,0.02771604061126709,0.17765459418296814,-0.051843345165252686,0.011641204357147217,0.09895908832550049,-0.06902102380990982,0.0,0.03635907173156738,-0.07913089543581009,0.1090325117111206,0.30040889978408813,-0.03286692127585411,0.11773395538330078,0.1567637324333191,-0.0633738562464714,0.12209028005599976,0.06994679570198059,-0.08246105164289474,0.12884262204170227,0.0,-0.09103863686323166,0.1585138440132141,0.32934486865997314,-0.0454779788851738,0.17419493198394775,0.24491852521896362,-0.08542654663324356,0.16258251667022705,0.30863744020462036,-0.08721544593572617,0.15530812740325928,0.3661341071128845,-0.07525648176670074,0.20230698585510254,0.37822049856185913,-0.06056934595108032,0.21890008449554443,0.31708991527557373,-0.08569220453500748,0.20975130796432495,0.3442237377166748,-0.07789426296949387,0.20288830995559692,0.3763907551765442,-0.06421270966529846
V,0.13527455925941467,0.5977891683578491,8.304381822199502e-07,0.08179813623428345,0.5317690372467041,-0.02926250547170639,0.0584351122379303,0.4436032176017761,-0.04945959895849228,0.08434712886810303,0.37018078565597534,-0.07222053408622742,0.12269508838653564,0.3277900218963623,-0.09273478388786316,0.05406603217124939,0.3026261329650879,-0.024931790307164192,0.02786552906036377,0.17859089374542236,-0.05301209166646004,0.011661678552627563,0.10044214129447937,-0.07098069787025452,0.0,0.03788316249847412,-0.08182242512702942,0.10821065306663513,0.3002363443374634,-0.03340057283639908,0.1176898181438446,0.15733087062835693,-0.06369959563016891,0.1216995120048523,0.06972691416740417,-0.08342987298965454,0.1283072829246521,0.0,-0.093007393181324,0.15738710761070251,0.3304458260536194,-0.04564391449093819,0.17381516098976135,0.24459153413772583,-0.08529780060052872,0.161847323179245,0.3060721158981323,-0.08768977969884872,0.15459874272346497,0.36284875869750977,-0.07679208368062973,0.20103952288627625,0.3801761269569397,-0.06053239479660988,0.21824213862419128,0.31463783979415894,-0.08599001169204712,0.2071828544139862,0.34292250871658325,-0.07857100665569305,0.19864550232887268,0.3780730962753296,-0.06544271856546402
V,0.13406294584274292,0.60152667760849,8.106711675281986e-07,0.07930228114128113,0.5354744791984558,-0.026609264314174652,0.056164681911468506,0.44319838285446167,-0.04557483270764351,0.08411860466003418,0.37122422456741333,-0.06767357140779495,0.12513810396194458,0.3359262943267822,-0.08822356164455414,0.053589701652526855,0.30575740337371826,-0.02513052336871624,0.027781128883361816,0.17925894260406494,-0.053813643753528595,0.011829555034637451,0.10053381323814392,-0.07181601971387863,0.0,0.03748667240142822,-0.08257846534252167,0.10795667767524719,0.30297183990478516,-0.03504808247089386,0.11675065755844116,0.1574251651763916,-0.06544630974531174,0.12062883377075195,0.07033967971801758,-0.08459130674600601,0.12712648510932922,0.0,-0.09356927126646042,0.15728366374969482,0.33311671018600464,-0.04838727414608002,0.1735020875930786,0.24517691135406494,-0.08742061257362366,0.15974539518356323,0.3075016736984253,-0.08905483782291412,0.15118074417114258,0.3639259934425354,-0.07776859402656555,0.20084881782531738,0.38366055488586426,-0.06421168148517609,0.21878725290298462,0.3178028464317322,-0.0886746197938919,0.20682477951049805,0.34530138969421387,-0.08056794852018356,0.1974676251411438,0.3784681558609009,-0.06720368564128876
V,0.13470327854156494,0.6008957028388977,8.253034593508346e-07,0.07965624332427979,0.5345305800437927,-0.028026212006807327,0.055573612451553345,0.44344431161880493,-0.04770312085747719,0.08029112219810486,0.36910396814346313,-0.07050090283155441,0.11905348300933838,0.3327087163925171,-0.09134276211261749,0.052896857261657715,0.30537253618240356,-0.02446857839822769,0.027391135692596436,0.1779346466064453,-0.053783416748046875,0.011789560317993164,0.0987461507320404,-0.07167535275220871,0.0,0.03542858362197876,-0.0820743516087532,0.10742473602294922,0.3029419183731079,-0.033988311886787415,0.11735457181930542,0.1566438376903534,-0.06562983244657516,0.12067985534667969,0.0702110230922699,-0.08488880842924118,0.12593138217926025,0.0,-0.0934247300028801,0.1571914553642273,0.33270400762557983,-0.047265563160181046,0.17260152101516724,0.24758660793304443,-0.08837547153234482,0.15988188982009888,0.31236326694488525,-0.08980008959770203,0.1524869203567505,0.3697553873062134,-0.07733403146266937,0.20123618841171265,0.382345974445343,-0.06308780610561371,0.21808063983917236,0.3167215585708618,-0.08836092054843903,0.20698398351669312,0.34584617614746094,-0.07970049977302551,0.19868606328964233,0.38019829988479614,-0.06538766622543335
V,0.1350051760673523,0.6013799011707306,8.077404913819919e-07,0.08044075965881348,0.5375718772411346,-0.02870887890458107,0.057694077491760254,0.4468768537044525,-0.0479830726981163,0.08185023069381714,0.3719090521335602,-0.07017503678798676,0.12003758549690247,0.33241888880729675,-0.09025819599628448,0.05448192358016968,0.3062528073787689,-0.02371942438185215,0.02807062864303589,0.17885395884513855,-0.05199877917766571,0.011815190315246582,0.09895089268684387,-0.06979040801525116,0.0,0.035267263650894165,-0.08037332445383072,0.1087392270565033,0.30238714814186096,-0.03214526176452637,0.11723393201828003,0.15741053223609924,-0.06263449788093567,0.120851069688797,0.06970477104187012,-0.08222655951976776,0.1267150342464447,0.0,-0.09159445017576218,0.1577930450439453,0.33077332377433777,-0.04440949484705925,0.17347216606140137,0.24269774556159973,-0.08499757945537567,0.16111916303634644,0.3052423298358917,-0.08810433000326157,0.15298622846603394,0.3643316924571991,-0.07721299678087234,0.2014409899711609,0.37890419363975525,-0.05922604352235794,0.21932196617126465,0.3116447627544403,-0.08557947725057602,0.20776653289794922,0.3388291299343109,-0.0792008563876152,0.19742584228515625,0.3748997747898102,-0.0666087344288826
V,0.13680163025856018,0.6003097593784332,8.273366916000668e-07,0.08315619826316833,0.5363665521144867,-0.030120080336928368,0.059854596853256226,0.4463900625705719,-0.050110284239053726,0.08418154716491699,0.3701682388782501,-0.0724298432469368,0.12230122089385986,0.3263380229473114,-0.092560775578022,0.054519981145858765,0.30481407046318054,-0.025333842262625694,0.028428494930267334,0.17913898825645447,-0.054067738354206085,0.012151271104812622,0.10050487518310547,-0.07201196998357773,0.0,0.03765362501144409,-0.08241802453994751,0.10851079225540161,0.30247291922569275,-0.03324396535754204,0.11772525310516357,0.15737095475196838,-0.06401095539331436,0.12166079878807068,0.06985560059547424,-0.08349445462226868,0.12784913182258606,0.0,-0.09230787307024002,0.1576564610004425,0.33255741000175476,-0.0450589619576931,0.1729712188243866,0.24824878573417664,-0.08581314235925674,0.16159817576408386,0.30926862359046936,-0.08863428980112076,0.1548653542995453,0.36541107296943665,-0.07730735838413239,0.20117118954658508,0.3820187747478485,-0.05946820601820946,0.21820679306983948,0.31724801659584045,-0.08528563380241394,0.20847460627555847,0.3440476953983307,-0.0778733566403389,0.20115628838539124,0.37718018889427185,-0.06438438594341278
V,0.1369980275630951,0.601240873336792,8.124350756588683e-07,0.0818713903427124,0.5366324186325073,-0.027708865702152252,0.059810757637023926,0.4460042715072632,-0.046073656529188156,0.08662071824073792,0.373171329498291,-0.06769037246704102,0.12443464994430542,0.33354485034942627,-0.08745136857032776,0.05456960201263428,0.30285418033599854,-0.021808456629514694,0.027927547693252563,0.17608901858329773,-0.04975796118378639,0.01198771595954895,0.09755554795265198,-0.06723859161138535,0.0,0.03519570827484131,-0.07737203687429428,0.10947269201278687,0.2996112108230591,-0.03121853992342949,0.11871060729026794,0.15554684400558472,-0.06132637709379196,0.12199926376342773,0.06908324360847473,-0.08026831597089767,0.1266573965549469,0.0,-0.0888390988111496,0.158674955368042,0.3298264741897583,-0.044647347182035446,0.17445695400238037,0.2432633638381958,-0.0858195498585701,0.1631321907043457,0.3077121376991272,-0.08898549526929855,0.15606176853179932,0.3655587434768677,-0.07784216850996017,0.2014274001121521,0.3809361457824707,-0.06046376749873161,0.21939802169799805,0.3142830729484558,-0.08729025721549988,0.20576965808868408,0.3470282554626465,-0.08020134270191193,0.19404387474060059,0.3863600492477417,-0.06691113859415054
V,0.13531073927879333,0.6008914709091187,8.156060857800185e-07,0.07988059520721436,0.5335612893104553,-0.02701490931212902,0.05672520399093628,0.4411473870277405,-0.04609251394867897,0.08497408032417297,0.36807358264923096,-0.06825339049100876,0.12713408470153809,0.328615665435791,-0.08854641020298004,0.053390681743621826,0.30317914485931396,-0.023421982303261757,0.02792218327522278,0.17670869827270508,-0.05127688869833946,0.011825740337371826,0.09822607040405273,-0.0688680037856102,0.0,0.03559368848800659,-0.07945121824741364,0.10770091414451599,0.3008576035499573,-0.03278212249279022,0.11732754111289978,0.15514612197875977,-0.06216245889663696,0.12087497115135193,0.06884202361106873,-0.0811506062746048,0.12690407037734985,0.0,-0.0903412401676178,0.1570027470588684,0.33079397678375244,-0.04576311632990837,0.17329347133636475,0.24326252937316895,-0.08419457823038101,0.15920257568359375,0.3034895062446594,-0.08670143038034439,0.15023088455200195,0.35938388109207153,-0.07621984928846359,0.20055562257766724,0.3803650140762329,-0.06126532703638077,0.21884465217590332,0.3132449984550476,-0.085542231798172,0.207483172416687,0.3399028778076172,-0.0782494768500328,0.19842612743377686,0.3738958239555359,-0.0655641183257103
V,0.13450631499290466,0.6026804447174072,8.127211685859947e-07,0.07856094837188721,0.5374355316162109,-0.02770618163049221,0.05632403492927551,0.44325464963912964,-0.04628466069698334,0.08430802822113037,0.3696975111961365,-0.06770094484090805,0.12357476353645325,0.3320024609565735,-0.08736924827098846,0.05357617139816284,0.3049858808517456,-0.023641403764486313,0.027201712131500244,0.178783118724823,-0.05108656734228134,0.011623144149780273,0.10072046518325806,-0.06813037395477295,0.0,0.03892233967781067,-0.07815422117710114,0.10788318514823914,0.3014923930168152,-0.03215709701180458,0.11759889125823975,0.15535742044448853,-0.06140601634979248,0.1214829683303833,0.06961575150489807,-0.08014541864395142,0.12757304310798645,0.0,-0.08878469467163086,0.15675264596939087,0.33112287521362305,-0.044288519769907,0.17171543836593628,0.24159467220306396,-0.08307794481515884,0.15900832414627075,0.3046509623527527,-0.0854659229516983,0.15185952186584473,0.3614930510520935,-0.07437711209058762,0.20011621713638306,0.3812996745109558,-0.05889780446887016,0.21879035234451294,0.3139548897743225,-0.08372162282466888,0.20922976732254028,0.34011363983154297,-0.07670555263757706,0.20233750343322754,0.3724338412284851,-0.0638088658452034
V,0.13634902238845825,0.5995497703552246,8.108652878036082e-07,0.08111053705215454,0.5349686145782471,-0.027953363955020905,0.05815321207046509,0.44203293323516846,-0.0466974675655365,0.08583897352218628,0.36972153186798096,-0.06835778057575226,0.12319999933242798,0.33458900451660156,-0.08828761428594589,0.053793758153915405,0.3027602434158325,-0.024226142093539238,0.027920186519622803,0.17771881818771362,-0.05221286043524742,0.011738955974578857,0.10004502534866333,-0.06975147128105164,0.0,0.03798374533653259,-0.0802903026342392,0.10831978917121887,0.3001357913017273,-0.03322264552116394,0.11731457710266113,0.1566990315914154,-0.06376724690198898,0.12104243040084839,0.06993135809898376,-0.08356194198131561,0.12754034996032715,0.0,-0.09302236139774323,0.15776830911636353,0.3300178647041321,-0.04582565277814865,0.1743626594543457,0.24618631601333618,-0.08531452715396881,0.16027295589447021,0.3101040720939636,-0.08775322139263153,0.1515905261039734,0.36729347705841064,-0.07677248120307922,0.2013840675354004,0.3795289397239685,-0.06100248917937279,0.21829897165298462,0.31692206859588623,-0.08579176664352417,0.20746809244155884,0.3452746868133545,-0.07841196656227112,0.20015329122543335,0.37856966257095337,-0.06544873863458633
V,0.13654547929763794,0.6003201901912689,8.13407154964807e-07,0.08129486441612244,0.5351966321468353,-0.02763870172202587,0.05838671326637268,0.44158896803855896,-0.04629218578338623,0.08300608396530151,0.36531051993370056,-0.06789880990982056,0.12161847949028015,0.3254547417163849,-0.08730372041463852,0.05371609330177307,0.3058377802371979,-0.023980868980288506,0.02740234136581421,0.17897403240203857,-0.052227720618247986,0.011555612087249756,0.10020622611045837,-0.06988821178674698,0.0,0.037209659814834595,-0.08054789155721664,0.10817223787307739,0.3022879660129547,-0.03267240524291992,0.11810141801834106,0.1573435366153717,-0.06308667361736298,0.12218502163887024,0.07086116075515747,-0.0819907858967781,0.12884756922721863,0.0,-0.0909612774848938,0.1576092541217804,0.3308984935283661,-0.04499443247914314,0.17397186160087585,0.2433011829853058,-0.08356332033872604,0.16014406085014343,0.3074343502521515,-0.08365057408809662,0.15198281407356262,0.36446526646614075,-0.07138483971357346,0.2015434205532074,0.3792709410190582,-0.06009671837091446,0.22089597582817078,0.3119182288646698,-0.08440272510051727,0.20838996767997742,0.34003302454948425,-0.0761488676071167,0.19852504134178162,0.37406525015830994,-0.062635138630867
V,0.13431701064109802,0.5952480435371399,8.155275850185717e-07,0.07907110452651978,0.5281628370285034,-0.026762831956148148,0.055611103773117065,0.43857109546661377,-0.04625311866402626,0.08120152354240417,0.36847805976867676,-0.06871508806943893,0.11983001232147217,0.331670880317688,-0.0894404798746109,0.053033292293548584,0.30085402727127075,-0.024781839922070503,0.027673840522766113,0.17519354820251465,-0.05341572314500809,0.011610984802246094,0.09645313024520874,-0.07165063917636871,0.0,0.0341760516166687,-0.08270973712205887,0.10707378387451172,0.29849809408187866,-0.03434716910123825,0.11707860231399536,0.15449395775794983,-0.06490777432918549,0.12092289328575134,0.06843706965446472,-0.08467210829257965,0.12765493988990784,0.0,-0.09444532543420792,0.15645408630371094,0.32748180627822876,-0.04737216979265213,0.17412984371185303,0.23824471235275269,-0.08582752197980881,0.16060519218444824,0.2967161536216736,-0.08783968538045883,0.1517390012741089,0.35152339935302734,-0.07727330923080444,0.20060819387435913,0.37591683864593506,-0.06293795257806778,0.21902090311050415,0.3088546395301819,-0.08734465390443802,0.20949995517730713,0.3327900171279907,-0.08002347499132156,0.20194411277770996,0.3638083338737488,-0.06735634803771973
V,0.13542747497558594,0.5958232879638672,8.060348477556545e-07,0.08056500554084778,0.5293058753013611,-0.026199858635663986,0.05715188384056091,0.43853843212127686,-0.04471835121512413,0.08409276604652405,0.36430513858795166,-0.06647555530071259,0.12476027011871338,0.3251906633377075,-0.08636365085840225,0.053591907024383545,0.30264389514923096,-0.022528622299432755,0.02797749638557434,0.17714190483093262,-0.050948671996593475,0.011884331703186035,0.09812653064727783,-0.06898453831672668,0.0,0.03538030385971069,-0.07970768958330154,0.10699886083602905,0.2992786765098572,-0.032489947974681854,0.11586573719978333,0.15535911917686462,-0.0626567080616951,0.11941632628440857,0.06848153471946716,-0.0815504863858223,0.1258614957332611,0.0,-0.09026598185300827,0.15638524293899536,0.327942430973053,-0.046030301600694656,0.1739577054977417,0.24252718687057495,-0.08437248319387436,0.16036230325698853,0.3036269545555115,-0.085140660405159,0.15211236476898193,0.3596033453941345,-0.07326309382915497,0.20018219947814941,0.3759855628013611,-0.06217154860496521,0.21692883968353271,0.31263870000839233,-0.08585064858198166,0.2050720453262329,0.3401380777359009,-0.0770263597369194,0.1970069408416748,0.3733617663383484,-0.06303811073303223
V,0.13651371002197266,0.5952057540416718,8.33784952192218e-07,0.0809163749217987,0.5292371213436127,-0.027835315093398094,0.05632615089416504,0.4403015673160553,-0.04803886637091637,0.08123236894607544,0.368407279253006,-0.07126691937446594,0.12193477153778076,0.3329639136791229,-0.09253395348787308,0.05391883850097656,0.30241963267326355,-0.02517274208366871,0.027865082025527954,0.17767375707626343,-0.05406095087528229,0.012008816003799438,0.10007491707801819,-0.07165496796369553,0.0,0.03751671314239502,-0.08204200118780136,0.10782518982887268,0.2993558943271637,-0.03437590226531029,0.11663615703582764,0.15597835183143616,-0.06561373919248581,0.1204826831817627,0.06997659802436829,-0.08449356257915497,0.12596425414085388,0.0,-0.09289645403623581,0.15714988112449646,0.32815632224082947,-0.047213755548000336,0.17112460732460022,0.24257436394691467,-0.08798418194055557,0.15888240933418274,0.3073407709598541,-0.08916127681732178,0.15129759907722473,0.3659466803073883,-0.07648590952157974,0.2012740671634674,0.376848429441452,-0.06259861588478088,0.21807923913002014,0.313483864068985,-0.08827021718025208,0.20926454663276672,0.3371126353740692,-0.08055353164672852,0.20228776335716248,0.3665328323841095,-0.06676305085420609
V,0.1367511749267578,0.5968191027641296,8.267768976111256e-07,0.08146741986274719,0.5308699011802673,-0.027966832742094994,0.05832308530807495,0.43884503841400146,-0.04762953519821167,0.08615297079086304,0.36524802446365356,-0.07005013525485992,0.12828034162521362,0.3259716033935547,-0.09069542586803436,0.054365336894989014,0.302376389503479,-0.024747643619775772,0.028200238943099976,0.17670667171478271,-0.05321862921118736,0.011879801750183105,0.0980508029460907,-0.0714789479970932,0.0,0.035406261682510376,-0.08254826813936234,0.10824820399284363,0.30072540044784546,-0.03364833816885948,0.11836200952529907,0.15763217210769653,-0.06427250057458878,0.12175038456916809,0.07044076919555664,-0.0844574049115181,0.12790891528129578,0.0,-0.09436934441328049,0.15738385915756226,0.3306187391281128,-0.04610060900449753,0.17414391040802002,0.2423464059829712,-0.08544846624135971,0.16169077157974243,0.30095088481903076,-0.08805885910987854,0.15398627519607544,0.35583770275115967,-0.07732288539409637,0.200799822807312,0.37987256050109863,-0.06108013913035393,0.2187877893447876,0.31256192922592163,-0.08609612286090851,0.21013951301574707,0.3346819281578064,-0.07894553244113922,0.20377635955810547,0.3647342920303345,-0.06604026257991791
V,0.13540059328079224,0.5971053540706635,8.318201025758754e-07,0.08023291826248169,0.5331784784793854,-0.027501661330461502,0.05665868520736694,0.44245484471321106,-0.04642581567168236,0.08203586935997009,0.371874064207077,-0.06835774332284927,0.11907678842544556,0.33916911482810974,-0.08847697824239731,0.053851306438446045,0.3034922182559967,-0.024808283895254135,0.027797847986221313,0.1781560480594635,-0.05326644703745842,0.0118216872215271,0.0999431312084198,-0.07116027921438217,0.0,0.03701558709144592,-0.08213751018047333,0.10846114158630371,0.2994503676891327,-0.03437197580933571,0.11837950348854065,0.15673944354057312,-0.0654793232679367,0.12197563052177429,0.0700748860836029,-0.08545445650815964,0.12821117043495178,0.0,-0.09513834118843079,0.15827035903930664,0.3280428349971771,-0.04746260866522789,0.17490017414093018,0.24339565634727478,-0.08746528625488281,0.16015750169754028,0.3061527907848358,-0.08972921222448349,0.15128690004348755,0.3633284866809845,-0.07856776565313339,0.20234721899032593,0.37636598944664,-0.06314367055892944,0.21913760900497437,0.3128701150417328,-0.0887686014175415,0.2077014446258545,0.3394053876399994,-0.0815865620970726,0.19949078559875488,0.37247762084007263,-0.06858974695205688
V,0.13596075773239136,0.59806227684021,7.965560371303582e-07,0.08076897263526917,0.5313957929611206,-0.024617666378617287,0.06039652228355408,0.4393845200538635,-0.041613075882196426,0.08616584539413452,0.36682796478271484,-0.062280841171741486,0.1209317147731781,0.32861703634262085,-0.08124255388975143,0.053918689489364624,0.30357158184051514,-0.020046794787049294,0.027943700551986694,0.17761099338531494,-0.047489337623119354,0.012050986289978027,0.09843838214874268,-0.06482206284999847,0.0,0.035594671964645386,-0.07501451671123505,0.10796341300010681,0.300350546836853,-0.030215546488761902,0.11831697821617126,0.15613651275634766,-0.060166437178850174,0.12134113907814026,0.06901690363883972,-0.07966442406177521,0.12679269909858704,0.0,-0.088860422372818,0.15742453932762146,0.3289424180984497,-0.04383605718612671,0.17363139986991882,0.24104684591293335,-0.08248201012611389,0.15957233309745789,0.3014054298400879,-0.08438251167535782,0.15142551064491272,0.3576847314834595,-0.0730743408203125,0.2012961208820343,0.37726765871047974,-0.05979456380009651,0.2197951376438141,0.31032800674438477,-0.08369642496109009,0.2078460156917572,0.3356279134750366,-0.07567166537046432,0.198757141828537,0.3690209984779358,-0.062152400612831116
V,0.13817048072814941,0.6001368761062622,8.063592531470931e-07,0.08272212743759155,0.5338565707206726,-0.02816629782319069,0.06010156869888306,0.4401388168334961,-0.046240612864494324,0.08787456154823303,0.36464500427246094,-0.06718923151493073,0.12825947999954224,0.32424992322921753,-0.08608739078044891,0.054904282093048096,0.3039094805717468,-0.0222256351262331,0.028753191232681274,0.17811602354049683,-0.04985419660806656,0.012316107749938965,0.09944978356361389,-0.06747163832187653,0.0,0.0358545184135437,-0.07821380347013474,0.10946384072303772,0.30021989345550537,-0.03093339130282402,0.11746427416801453,0.15767472982406616,-0.06115829944610596,0.12050250172615051,0.07039850950241089,-0.08105196058750153,0.1259762942790985,0.0,-0.09075207263231277,0.1587207317352295,0.32921481132507324,-0.04351862892508507,0.17530500888824463,0.2438145875930786,-0.08407111465930939,0.16442972421646118,0.30456703901290894,-0.08764081448316574,0.15757030248641968,0.36169928312301636,-0.07712983340024948,0.20165401697158813,0.37778985500335693,-0.058635126799345016,0.2200809121131897,0.3110716938972473,-0.08508732914924622,0.20929241180419922,0.3377786874771118,-0.07890994846820831,0.20064407587051392,0.3730628490447998,-0.06651872396469116
V,0.13755536079406738,0.5966671407222748,8.137731128954329e-07,0.08202788233757019,0.5334178507328033,-0.028854046016931534,0.05814015865325928,0.44107839465141296,-0.04809882119297981,0.082497239112854,0.3683033883571625,-0.07000881433486938,0.12044033408164978,0.3295605480670929,-0.09003432840108871,0.05428311228752136,0.3020189702510834,-0.024385808035731316,0.028202146291732788,0.175782710313797,-0.05269412323832512,0.011921912431716919,0.09660208225250244,-0.0709545761346817,0.0,0.03426876664161682,-0.08210918307304382,0.10851240158081055,0.29865387082099915,-0.032739944756031036,0.11764213442802429,0.1550605297088623,-0.06340118497610092,0.12050610780715942,0.06889501214027405,-0.08408617228269577,0.1258876621723175,0.0,-0.0943823903799057,0.15739789605140686,0.32732710242271423,-0.044807713478803635,0.1740976870059967,0.2387261688709259,-0.08442799001932144,0.16274556517601013,0.29763415455818176,-0.08841259777545929,0.15535220503807068,0.3523143231868744,-0.07870926707983017,0.20114067196846008,0.37577787041664124,-0.059421468526124954,0.2200126349925995,0.31017717719078064,-0.08504486083984375,0.21110662817955017,0.3340528905391693,-0.07935381680727005,0.20393124222755432,0.364921897649765,-0.06756510585546494
V,0.13863936066627502,0.5968835651874542,8.217489835260494e-07,0.08296769857406616,0.5328703224658966,-0.0288533978164196,0.05875226855278015,0.44148728251457214,-0.04842415079474449,0.08439448475837708,0.36465784907341003,-0.07057441771030426,0.12514621019363403,0.3216698467731476,-0.0905151516199112,0.055129557847976685,0.3043954074382782,-0.025114068761467934,0.02808484435081482,0.1773146688938141,-0.05383980646729469,0.011688172817230225,0.09843769669532776,-0.07176145166158676,0.0,0.03532719612121582,-0.08245329558849335,0.10919180512428284,0.30028292536735535,-0.03338651359081268,0.11810705065727234,0.15509411692619324,-0.06392288953065872,0.12153205275535583,0.0688309371471405,-0.08336834609508514,0.12794244289398193,0.0,-0.09273096919059753,0.15850871801376343,0.3285452425479889,-0.045391425490379333,0.17551136016845703,0.24235263466835022,-0.08454543352127075,0.16263329982757568,0.3012773096561432,-0.0866263210773468,0.15458345413208008,0.3560483753681183,-0.07566925138235092,0.20239567756652832,0.37619999051094055,-0.060118597000837326,0.22201156616210938,0.309164434671402,-0.08520975708961487,0.21155548095703125,0.3333544433116913,-0.07816682755947113,0.20281511545181274,0.3655894100666046,-0.06539488583803177
V,0.13757461309432983,0.6007130146026611,8.154852935149393e-07,0.08224233984947205,0.5362548232078552,-0.028695162385702133,0.058804064989089966,0.4440355896949768,-0.04874611645936966,0.08500730991363525,0.3691750764846802,-0.07176264375448227,0.12509942054748535,0.32879000902175903,-0.0930275022983551,0.05502316355705261,0.30668485164642334,-0.02546381764113903,0.028664886951446533,0.18035343289375305,-0.05509296432137489,0.01193961501121521,0.10121804475784302,-0.07380847632884979,0.0,0.03844723105430603,-0.08509569615125656,0.10975408554077148,0.3024143576622009,-0.03499452769756317,0.11815735697746277,0.156671941280365,-0.06631758064031601,0.12129905819892883,0.06975847482681274,-0.08644608408212662,0.12732931971549988,0.0,-0.09629246592521667,0.15974128246307373,0.33085453510284424,-0.0483233779668808,0.17747503519058228,0.2421092391014099,-0.08824923634529114,0.16245967149734497,0.30403268337249756,-0.09064145386219025,0.1527913212776184,0.3593236207962036,-0.08008883148431778,0.20386046171188354,0.37962794303894043,-0.06430234760046005,0.221687912940979,0.31270545721054077,-0.08965359628200531,0.20844727754592896,0.3426586985588074,-0.08211531490087509,0.19807785749435425,0.377940833568573,-0.06928065419197083
V,0.13612967729568481,0.5993760228157043,8.07673870895087e-07,0.08100438117980957,0.5343974828720093,-0.0285794734954834,0.058046191930770874,0.4421085715293884,-0.04864110052585602,0.08186328411102295,0.36651474237442017,-0.07125363498926163,0.1210620105266571,0.3250393867492676,-0.09188459813594818,0.05554145574569702,0.30699265003204346,-0.026876654475927353,0.028358042240142822,0.1785241961479187,-0.05728968232870102,0.01189643144607544,0.09834110736846924,-0.07621251791715622,0.0,0.03514435887336731,-0.08721895515918732,0.1087811291217804,0.30357128381729126,-0.03535262122750282,0.11771330237388611,0.15651360154151917,-0.06731392443180084,0.12080800533294678,0.07035073637962341,-0.08688892424106598,0.12652724981307983,0.0,-0.09590161591768265,0.1575489044189453,0.33182114362716675,-0.047363296151161194,0.1734631061553955,0.2417108416557312,-0.0867028757929802,0.16194623708724976,0.30257534980773926,-0.08677932620048523,0.155414879322052,0.35742807388305664,-0.07432574033737183,0.20117616653442383,0.3803669214248657,-0.062136318534612656,0.22000789642333984,0.313183069229126,-0.08639223873615265,0.2114696502685547,0.33743417263031006,-0.07755672186613083,0.2050815224647522,0.367139995098114,-0.06346407532691956
V,0.13702240586280823,0.6012360453605652,8.271831575257238e-07,0.08212295174598694,0.536401093006134,-0.028420841321349144,0.057735562324523926,0.44623780250549316,-0.04819226637482643,0.08381426334381104,0.37083059549331665,-0.07079214602708817,0.12406852841377258,0.33066338300704956,-0.0913366973400116,0.055410534143447876,0.30926257371902466,-0.02576897107064724,0.028578221797943115,0.18167781829833984,-0.05517468973994255,0.012117892503738403,0.10232609510421753,-0.07327447086572647,0.0,0.03826642036437988,-0.08395630121231079,0.10934314131736755,0.30598413944244385,-0.03473947197198868,0.11758783459663391,0.1599178910255432,-0.06613761186599731,0.12183856964111328,0.07142090797424316,-0.0853830873966217,0.12855026125907898,0.0,-0.09422971308231354,0.15868687629699707,0.3345223665237427,-0.04743009805679321,0.17392045259475708,0.24742257595062256,-0.08808420598506927,0.16271811723709106,0.3088544011116028,-0.08971308916807175,0.155978262424469,0.36574387550354004,-0.0777096152305603,0.20264363288879395,0.3822082281112671,-0.06274228543043137,0.2191779613494873,0.3164491653442383,-0.0884794294834137,0.2087879180908203,0.3422294855117798,-0.08070113509893417,0.20057058334350586,0.37511515617370605,-0.06706827133893967
V,0.13789582252502441,0.5991078913211823,8.161587174981833e-07,0.08371913433074951,0.5359011590480804,-0.02836831659078598,0.06029972434043884,0.44652435183525085,-0.048179782927036285,0.08440381288528442,0.3740069568157196,-0.07090503722429276,0.12188619375228882,0.3380350172519684,-0.09158474951982498,0.05582958459854126,0.3041757047176361,-0.025029463693499565,0.029388099908828735,0.17851713299751282,-0.05358390510082245,0.012809306383132935,0.1007629930973053,-0.07091885060071945,0.0,0.037992656230926514,-0.08114515990018845,0.1100892424583435,0.3004244267940521,-0.0343509316444397,0.11807474493980408,0.1561640202999115,-0.06517217308282852,0.12160232663154602,0.0695405900478363,-0.0837894007563591,0.12681931257247925,0.0,-0.09200402349233627,0.15992668271064758,0.3294287621974945,-0.04742597043514252,0.17443761229515076,0.24490484595298767,-0.08811702579259872,0.16166159510612488,0.3094865381717682,-0.08956340700387955,0.15340539813041687,0.36761370301246643,-0.07726649940013885,0.20436611771583557,0.3787015378475189,-0.06309721618890762,0.22027084231376648,0.3153468072414398,-0.089090496301651,0.20904949307441711,0.3446080982685089,-0.08115413039922714,0.20025065541267395,0.37929078936576843,-0.06727034598588943
V,0.13813138008117676,0.6001544892787933,8.185904789570486e-07,0.08306777477264404,0.5357338488101959,-0.028812041506171227,0.05877307057380676,0.44623109698295593,-0.04875902831554413,0.0832032859325409,0.3678368031978607,-0.07147683948278427,0.12255287170410156,0.3236295282840729,-0.09197349101305008,0.05467504262924194,0.308010071516037,-0.024848859757184982,0.02752259373664856,0.17961075901985168,-0.054383985698223114,0.011817693710327148,0.09922119975090027,-0.07232318073511124,0.0,0.035171329975128174,-0.08249479532241821,0.10892021656036377,0.30357590317726135,-0.033531393855810165,0.1170206069946289,0.15649214386940002,-0.06506026536226273,0.12063264846801758,0.06900554895401001,-0.08384470641613007,0.12598180770874023,0.0,-0.0918194055557251,0.15865236520767212,0.33107271790504456,-0.04606769233942032,0.17228007316589355,0.2449565827846527,-0.08644459396600723,0.161479651927948,0.3064132034778595,-0.08713952451944351,0.15496718883514404,0.3626492917537689,-0.07429645955562592,0.20321279764175415,0.37789252400398254,-0.061273232102394104,0.21861284971237183,0.31252703070640564,-0.08562484383583069,0.2075762152671814,0.3406929671764374,-0.0763811320066452,0.1989898681640625,0.37535616755485535,-0.061658233404159546
V,0.13986557722091675,0.6002058684825897,8.160164952641935e-07,0.0844302773475647,0.5373384654521942,-0.02800120785832405,0.059425562620162964,0.4471823275089264,-0.04813382402062416,0.08246433734893799,0.3726196587085724,-0.07081936299800873,0.12104889750480652,0.3321355879306793,-0.0914086103439331,0.05696660280227661,0.30667009949684143,-0.027542319148778915,0.030053317546844482,0.17836767435073853,-0.05691996589303017,0.01302298903465271,0.09937861561775208,-0.07523832470178604,0.0,0.03663066029548645,-0.08596109598875046,0.11034414172172546,0.30376705527305603,-0.03609060123562813,0.11889210343360901,0.15638914704322815,-0.06691104918718338,0.12175238132476807,0.06931239366531372,-0.08604913204908371,0.12730026245117188,0.0,-0.09494251012802124,0.15922832489013672,0.3324280083179474,-0.04800437018275261,0.1728551983833313,0.24555101990699768,-0.08640214055776596,0.1604101061820984,0.3047080934047699,-0.08763649314641953,0.15301531553268433,0.35900452733039856,-0.07618050277233124,0.20373404026031494,0.38018837571144104,-0.06258789449930191,0.2216421365737915,0.3138255178928375,-0.08640904724597931,0.2118430733680725,0.3373059332370758,-0.07851063460111618,0.20458489656448364,0.3673876225948334,-0.06520383059978485
V,0.13779765367507935,0.6012918651103973,8.174570211849641e-07,0.08334586024284363,0.5368916690349579,-0.027575621381402016,0.06010115146636963,0.4462014138698578,-0.04648707062005997,0.08599582314491272,0.37295499444007874,-0.06834043562412262,0.12325155735015869,0.33439406752586365,-0.08831341564655304,0.05471086502075195,0.30495473742485046,-0.023670904338359833,0.028211474418640137,0.1798938810825348,-0.05173627659678459,0.01194000244140625,0.10171574354171753,-0.06922636926174164,0.0,0.039794921875,-0.07943221926689148,0.10911595821380615,0.30181190371513367,-0.0330091193318367,0.1179155707359314,0.1572716236114502,-0.06327277421951294,0.12041682004928589,0.06983181834220886,-0.08268286287784576,0.1256178319454193,0.0,-0.09163657575845718,0.1585482954978943,0.3312733471393585,-0.04600793868303299,0.173564612865448,0.24703112244606018,-0.08548758924007416,0.16142940521240234,0.308476060628891,-0.08794083446264267,0.15446233749389648,0.3642878830432892,-0.07677779346704483,0.20208442211151123,0.38055816292762756,-0.06150819733738899,0.21848517656326294,0.3154180943965912,-0.0861215814948082,0.20820844173431396,0.3426418602466583,-0.07826319336891174,0.20074200630187988,0.3760518729686737,-0.0648123249411583
V,0.1399202048778534,0.5938544571399689,8.022756787795515e-07,0.08478531241416931,0.530720442533493,-0.02849278785288334,0.06083565950393677,0.43865326046943665,-0.04774799570441246,0.08638715744018555,0.3627874553203583,-0.06950914114713669,0.12564325332641602,0.3217097222805023,-0.08909694105386734,0.05528765916824341,0.3029044568538666,-0.026317531242966652,0.027658909559249878,0.175449401140213,-0.055061377584934235,0.011656105518341064,0.09699442982673645,-0.07248631864786148,0.0,0.03422963619232178,-0.08274045586585999,0.10974690318107605,0.2990216910839081,-0.03465922176837921,0.11627042293548584,0.15464180707931519,-0.06593967229127884,0.12005135416984558,0.06893086433410645,-0.08538998663425446,0.1257416307926178,0.0,-0.0943954661488533,0.15912660956382751,0.3271472156047821,-0.046500708907842636,0.17379429936408997,0.24207434058189392,-0.08711220324039459,0.16381576657295227,0.3049985468387604,-0.08912679553031921,0.1568051278591156,0.36142054200172424,-0.07754214107990265,0.20287278294563293,0.37488624453544617,-0.06084754317998886,0.2197987139225006,0.3125964105129242,-0.08678490668535233,0.2118387520313263,0.33872637152671814,-0.07970486581325531,0.2051708996295929,0.3696790039539337,-0.0666196420788765
V,0.13761737942695618,0.5961070954799652,8.250175937973836e-07,0.08185681700706482,0.5296837985515594,-0.02772623859345913,0.05696141719818115,0.4403463900089264,-0.047755029052495956,0.0861172080039978,0.3686414062976837,-0.07076609879732132,0.1293010711669922,0.3313671052455902,-0.09221125394105911,0.05451199412345886,0.30387094616889954,-0.025638744235038757,0.028334438800811768,0.17829975485801697,-0.054735179990530014,0.011926114559173584,0.09998729825019836,-0.07334982603788376,0.0,0.03742441534996033,-0.08456490188837051,0.10838049650192261,0.3004958927631378,-0.03488024324178696,0.11645877361297607,0.1572149097919464,-0.0653625875711441,0.11979365348815918,0.06984370946884155,-0.08499429374933243,0.12584948539733887,0.0,-0.0945940911769867,0.15745306015014648,0.32954540848731995,-0.04777103289961815,0.17303305864334106,0.24183496832847595,-0.08694829046726227,0.16095346212387085,0.30024728178977966,-0.08985535055398941,0.153245210647583,0.35561904311180115,-0.07958750426769257,0.20128291845321655,0.3786591589450836,-0.06326770782470703,0.2196713089942932,0.3121252954006195,-0.08885912597179413,0.2093985676765442,0.3370165526866913,-0.08233509212732315,0.20043694972991943,0.37030377984046936,-0.06994598358869553
V,0.13908758759498596,0.598003625869751,8.284242767331307e-07,0.08345091342926025,0.5338669419288635,-0.029585376381874084,0.05969160795211792,0.44253724813461304,-0.04964685067534447,0.08696001768112183,0.3666045069694519,-0.07216861099004745,0.12732040882110596,0.3231043219566345,-0.09261901676654816,0.05559760332107544,0.30538082122802734,-0.025746645405888557,0.028484702110290527,0.17857897281646729,-0.055022239685058594,0.012032479047775269,0.09888839721679688,-0.07348912209272385,0.0,0.035398274660110474,-0.08449077606201172,0.11006534099578857,0.3015255928039551,-0.03404904529452324,0.11755901575088501,0.1568068265914917,-0.0652477890253067,0.12087661027908325,0.0701427161693573,-0.08496630936861038,0.12656229734420776,0.0,-0.09417100995779037,0.159656822681427,0.3301132321357727,-0.046141449362039566,0.17573577165603638,0.24213731288909912,-0.08633659034967422,0.16406428813934326,0.30520331859588623,-0.08767393231391907,0.15691322088241577,0.36159467697143555,-0.07576372474431992,0.20337677001953125,0.3784749507904053,-0.060924991965293884,0.2198050618171692,0.31338196992874146,-0.08660174906253815,0.20981580018997192,0.3417724370956421,-0.07864560931921005,0.20263516902923584,0.37487637996673584,-0.06491898000240326
V,0.13700860738754272,0.6004946529865265,8.022237807381316e-07,0.08091288805007935,0.5332190692424774,-0.02657475695014,0.0580267608165741,0.4393211901187897,-0.04469314590096474,0.083729088306427,0.3621493875980377,-0.0662783682346344,0.12342005968093872,0.3194827139377594,-0.08588489890098572,0.05449223518371582,0.30620941519737244,-0.020476561039686203,0.027330875396728516,0.1792738139629364,-0.04885466769337654,0.011481046676635742,0.10056531429290771,-0.06637059897184372,0.0,0.03799644112586975,-0.07655366510152817,0.10871511697769165,0.30233535170555115,-0.03017883189022541,0.1164717972278595,0.1571027934551239,-0.06069353595376015,0.12001073360443115,0.07010900974273682,-0.07968825101852417,0.12592867016792297,0.0,-0.08832119405269623,0.1580633521080017,0.3306681215763092,-0.04377761110663414,0.17303210496902466,0.2418719232082367,-0.08425664901733398,0.16055339574813843,0.30613991618156433,-0.0858302116394043,0.15326327085494995,0.3643074333667755,-0.0738021731376648,0.20166367292404175,0.37922403216362,-0.05982198193669319,0.21835297346115112,0.3133369982242584,-0.08548668771982193,0.20542031526565552,0.3428925573825836,-0.07751916348934174,0.19520783424377441,0.3788175880908966,-0.06378913670778275
V,0.13665884733200073,0.5944437980651855,8.165603730958537e-07,0.08310043811798096,0.5288906097412109,-0.029041286557912827,0.060125887393951416,0.4395429491996765,-0.048598919063806534,0.08393687009811401,0.36480963230133057,-0.07090088725090027,0.12175586819648743,0.32297462224960327,-0.09104203432798386,0.05384060740470886,0.3005003333091736,-0.0236973874270916,0.026697993278503418,0.1749638319015503,-0.052295535802841187,0.011083483695983887,0.09649616479873657,-0.06989763677120209,0.0,0.034269124269485474,-0.08012808114290237,0.1084948480129242,0.2974863052368164,-0.03221869468688965,0.11679419875144958,0.15492722392082214,-0.06321484595537186,0.1198384165763855,0.06901231408119202,-0.08277975767850876,0.12471556663513184,0.0,-0.09169331192970276,0.15817350149154663,0.3268679976463318,-0.04466402158141136,0.1739700436592102,0.2405046820640564,-0.08555545657873154,0.16291862726211548,0.30367541313171387,-0.08796888589859009,0.15598082542419434,0.36006850004196167,-0.07643666118383408,0.20200896263122559,0.3765776753425598,-0.059649936854839325,0.21898400783538818,0.31499606370925903,-0.08602249622344971,0.21021419763565063,0.3415665030479431,-0.079186350107193,0.20353680849075317,0.37174588441848755,-0.06607039272785187
V,0.13632234930992126,0.5991931557655334,8.182894362107618e-07,0.08007127046585083,0.5331648588180542,-0.026679128408432007,0.05733594298362732,0.44075697660446167,-0.04522615298628807,0.08332878351211548,0.36832910776138306,-0.06700488924980164,0.11894920468330383,0.33312684297561646,-0.08688914775848389,0.05329129099845886,0.3040297031402588,-0.022573351860046387,0.027653038501739502,0.17780852317810059,-0.050571244210004807,0.011925369501113892,0.09930318593978882,-0.06833498924970627,0.0,0.03667977452278137,-0.07905742526054382,0.10780245065689087,0.300386905670166,-0.032148174941539764,0.11666125059127808,0.15675088763237,-0.06291373074054718,0.11989259719848633,0.06974124908447266,-0.08254727721214294,0.1253771185874939,0.0,-0.0918566957116127,0.15766453742980957,0.3286059498786926,-0.04532013460993767,0.17410153150558472,0.24020779132843018,-0.08483374863862991,0.1602293848991394,0.3036193251609802,-0.08647476881742477,0.15129047632217407,0.36201292276382446,-0.07480905950069427,0.2019597887992859,0.376379132270813,-0.06103087216615677,0.21942657232284546,0.31009453535079956,-0.08580292016267776,0.20813095569610596,0.3352453112602234,-0.07812771946191788,0.19909989833831787,0.3673550486564636,-0.06479523330926895
V,0.13712728023529053,0.5960632264614105,8.277583560811763e-07,0.08192124962806702,0.5287769138813019,-0.027976801618933678,0.05967390537261963,0.43792709708213806,-0.047373972833156586,0.08523252606391907,0.365174263715744,-0.06987187266349792,0.12145364284515381,0.3251870572566986,-0.09046511352062225,0.053270310163497925,0.3021080195903778,-0.023875229060649872,0.026786714792251587,0.17675045132637024,-0.05279194563627243,0.01103883981704712,0.09829878807067871,-0.07112683355808258,0.0,0.0344691276550293,-0.08234746009111404,0.10789620876312256,0.29961374402046204,-0.03332412615418434,0.11689665913581848,0.15721145272254944,-0.06542860716581345,0.12072062492370605,0.07095357775688171,-0.08648709207773209,0.1276790201663971,0.0,-0.09693340957164764,0.15804395079612732,0.3291037380695343,-0.04640089347958565,0.17405113577842712,0.24299684166908264,-0.08781100064516068,0.16101107001304626,0.308257132768631,-0.09012418240308762,0.15409192442893982,0.366583913564682,-0.07875128835439682,0.20281186699867249,0.37795040011405945,-0.06199299544095993,0.21859678626060486,0.31398364901542664,-0.08850959688425064,0.2081919014453888,0.34122994542121887,-0.08129394799470901,0.20131835341453552,0.3732791244983673,-0.06815693527460098
V,0.13673436641693115,0.595954567193985,8.171968488568382e-07,0.08162087202072144,0.5329206883907318,-0.028618495911359787,0.05821165442466736,0.44149067997932434,-0.04868868365883827,0.08277729153633118,0.3668769896030426,-0.07143685966730118,0.12097609043121338,0.32823166251182556,-0.09221512079238892,0.05381038784980774,0.3047694265842438,-0.02632925473153591,0.02793145179748535,0.17865046858787537,-0.055057041347026825,0.011733591556549072,0.10004061460494995,-0.07291995733976364,0.0,0.03720727562904358,-0.08361589908599854,0.10815960168838501,0.3018142282962799,-0.03528610244393349,0.1155044436454773,0.15749913454055786,-0.06610719114542007,0.11887359619140625,0.07042303681373596,-0.08552141487598419,0.12511998414993286,0.0,-0.0948265939950943,0.15782630443572998,0.33051082491874695,-0.04782271757721901,0.17327362298965454,0.24264606833457947,-0.0879540666937828,0.16016501188278198,0.30554118752479553,-0.08968543261289597,0.15187674760818481,0.36295029520988464,-0.07814142107963562,0.20182031393051147,0.3785480558872223,-0.06293511390686035,0.21897149085998535,0.31116798520088196,-0.08874133229255676,0.20898419618606567,0.3367690145969391,-0.08123467117547989,0.20100021362304688,0.36920103430747986,-0.06796272099018097
V,0.13666436076164246,0.5954726040363312,8.187395224013017e-07,0.08230236172676086,0.5296651422977448,-0.02659098245203495,0.05996397137641907,0.4395255148410797,-0.045290105044841766,0.0858713686466217,0.367632120847702,-0.06711441278457642,0.12451803684234619,0.33134058117866516,-0.08727645128965378,0.055502355098724365,0.30351677536964417,-0.024115093052387238,0.028650522232055664,0.17854946851730347,-0.05252206698060036,0.012380778789520264,0.099587082862854,-0.07008345425128937,0.0,0.03703203797340393,-0.0803598165512085,0.10902360081672668,0.29952535033226013,-0.03371218219399452,0.11836743354797363,0.15526524186134338,-0.06380156427621841,0.12126734852790833,0.06826505064964294,-0.08235061168670654,0.12632125616073608,0.0,-0.09061780571937561,0.15842926502227783,0.32844409346580505,-0.04684917628765106,0.17330998182296753,0.2400285303592682,-0.08641647547483444,0.1606312394142151,0.3003731667995453,-0.0887436494231224,0.15346825122833252,0.35733404755592346,-0.07733611017465591,0.20234978199005127,0.3774871528148651,-0.062365274876356125,0.21911877393722534,0.31312301754951477,-0.08778011798858643,0.20843708515167236,0.3372752368450165,-0.0806521326303482,0.2005225419998169,0.3691885769367218,-0.067377470433712
V,0.13773998618125916,0.5953916311264038,7.859125616960227e-07,0.08384549617767334,0.5292618274688721,-0.027888700366020203,0.06306043267250061,0.43694478273391724,-0.04630684852600098,0.08885863423347473,0.36009901762008667,-0.06761342287063599,0.12553513050079346,0.31363481283187866,-0.0867995098233223,0.05560863018035889,0.30276674032211304,-0.021509375423192978,0.02833646535873413,0.1775510311126709,-0.049518000334501266,0.01191633939743042,0.09885424375534058,-0.06754154711961746,0.0,0.03565523028373718,-0.07848446816205978,0.10952717065811157,0.2993336319923401,-0.030281273648142815,0.11820590496063232,0.15568554401397705,-0.060820795595645905,0.12152659893035889,0.06996965408325195,-0.08085767924785614,0.1274954080581665,0.0,-0.09069444239139557,0.15893840789794922,0.32823681831359863,-0.04287227615714073,0.17528259754180908,0.23865944147109985,-0.08266623318195343,0.16276895999908447,0.3012269139289856,-0.08438658714294434,0.1557942032814026,0.3565109372138977,-0.07326358556747437,0.20304185152053833,0.3770139217376709,-0.05802479758858681,0.22012865543365479,0.31012487411499023,-0.08353514969348907,0.2069297432899475,0.3401932716369629,-0.07591134309768677,0.1974937915802002,0.37496310472488403,-0.06285998225212097
V,0.1396365463733673,0.5950972139835358,8.018578228075057e-07,0.08445239067077637,0.5304728448390961,-0.02818678505718708,0.060431718826293945,0.43731382489204407,-0.04740678146481514,0.08462062478065491,0.36017492413520813,-0.0695289820432663,0.12382158637046814,0.31691887974739075,-0.08952010422945023,0.056370824575424194,0.30259987711906433,-0.024556512013077736,0.028216898441314697,0.17648670077323914,-0.05325782671570778,0.011934369802474976,0.09752097725868225,-0.07059956341981888,0.0,0.03432810306549072,-0.08076739311218262,0.11012589931488037,0.2994019091129303,-0.033508576452732086,0.11790192127227783,0.1545712947845459,-0.06451820582151413,0.1206451952457428,0.0688607394695282,-0.08304445445537567,0.12549713253974915,0.0,-0.09126707911491394,0.15941017866134644,0.3283347189426422,-0.046192068606615067,0.1730453372001648,0.2381594479084015,-0.08741358667612076,0.1606156826019287,0.3032778203487396,-0.088273786008358,0.15351194143295288,0.36194148659706116,-0.07559531182050705,0.20349901914596558,0.37746962904930115,-0.06139177083969116,0.21973156929016113,0.31099823117256165,-0.08844217658042908,0.2088577151298523,0.33907315135002136,-0.08095508813858032,0.20049232244491577,0.3727792203426361,-0.06723527610301971
V,0.13847070932388306,0.5963342785835266,8.233608923546853e-07,0.08356055617332458,0.5308363437652588,-0.028243888169527054,0.06106087565422058,0.43906164169311523,-0.04735841602087021,0.08471676707267761,0.36352723836898804,-0.06940598785877228,0.12029781937599182,0.3231569528579712,-0.08938878029584885,0.05420657992362976,0.30177444219589233,-0.022663814947009087,0.027522355318069458,0.17739751935005188,-0.05128096044063568,0.011328369379043579,0.09922316670417786,-0.06938279420137405,0.0,0.03740200400352478,-0.08002990484237671,0.10841619968414307,0.29871511459350586,-0.031393617391586304,0.11642131209373474,0.15698257088661194,-0.06287682801485062,0.11939674615859985,0.07006809115409851,-0.08337203413248062,0.1255590319633484,0.0,-0.09304872155189514,0.1581415832042694,0.3270631432533264,-0.04393022507429123,0.17505452036857605,0.24228811264038086,-0.0842556431889534,0.16221526265144348,0.305314838886261,-0.08643710613250732,0.15439125895500183,0.36224067211151123,-0.07489747554063797,0.20201954245567322,0.37499213218688965,-0.059068623930215836,0.21975275874137878,0.31044310331344604,-0.0844530314207077,0.21102622151374817,0.3351457715034485,-0.07712084800004959,0.20460394024848938,0.36495137214660645,-0.06381847709417343
V,0.138077050447464,0.5913484394550323,8.123554948724632e-07,0.08385801315307617,0.5273937880992889,-0.027909014374017715,0.060019463300704956,0.437007337808609,-0.04680357500910759,0.0846865177154541,0.3633306920528412,-0.06846817582845688,0.12294989824295044,0.3243115246295929,-0.08831098675727844,0.05448386073112488,0.3014046251773834,-0.023688126355409622,0.02827468514442444,0.17665866017341614,-0.05166565254330635,0.011795222759246826,0.09876567125320435,-0.069329172372818,0.0,0.03684496879577637,-0.08000657707452774,0.10833171010017395,0.29743364453315735,-0.03240113705396652,0.11662054061889648,0.15468618273735046,-0.06267763674259186,0.12006935477256775,0.06837698817253113,-0.08281109482049942,0.12624844908714294,0.0,-0.09266354143619537,0.15760543942451477,0.3255934417247772,-0.0447111651301384,0.17456713318824768,0.23908928036689758,-0.08405221253633499,0.16299495100975037,0.2984614074230194,-0.08718390017747879,0.15554210543632507,0.35365256667137146,-0.07692822813987732,0.2013317048549652,0.3734852373600006,-0.0595049150288105,0.21905019879341125,0.31033340096473694,-0.08530833572149277,0.21008053421974182,0.3355923593044281,-0.07899682968854904,0.20343664288520813,0.3674515187740326,-0.06662178784608841
V,0.1375402808189392,0.5943606197834015,8.315257673530141e-07,0.08150994777679443,0.5269155204296112,-0.02635565772652626,0.058422982692718506,0.4362930357456207,-0.04530718922615051,0.0860002338886261,0.363834410905838,-0.06761766225099564,0.1255013644695282,0.32631978392601013,-0.08829711377620697,0.05414813756942749,0.30014148354530334,-0.022622881457209587,0.028130561113357544,0.1756783425807953,-0.05103081464767456,0.012044906616210938,0.09754839539527893,-0.06887350976467133,0.0,0.03541862964630127,-0.07937945425510406,0.10847115516662598,0.29784050583839417,-0.03283173590898514,0.11738556623458862,0.1549873650074005,-0.06328371167182922,0.1203337013721466,0.06868693232536316,-0.0826212465763092,0.12591779232025146,0.0,-0.09160926192998886,0.15839511156082153,0.32760968804359436,-0.046733513474464417,0.17450857162475586,0.24159595370292664,-0.08658385276794434,0.16098743677139282,0.3023982346057892,-0.08905437588691711,0.15283024311065674,0.3585112392902374,-0.07790956646203995,0.20244312286376953,0.376954585313797,-0.06303153932094574,0.21990573406219482,0.3094910681247711,-0.08800510317087173,0.2088494896888733,0.33640846610069275,-0.08019702136516571,0.20042258501052856,0.37059488892555237,-0.06674909591674805
V,0.13921958208084106,0.5945784151554108,7.956858780744369e-07,0.08433431386947632,0.528958648443222,-0.028230009600520134,0.059696048498153687,0.4382050931453705,-0.04834730178117752,0.08683213591575623,0.36341968178749084,-0.07106537371873856,0.12865319848060608,0.3224506676197052,-0.09188852459192276,0.0572226345539093,0.3052958548069,-0.027327528223395348,0.03008684515953064,0.17896297574043274,-0.057431407272815704,0.012969046831130981,0.1002175509929657,-0.0761391669511795,0.0,0.037538230419158936,-0.0871124118566513,0.11102813482284546,0.30161115527153015,-0.03626466169953346,0.11813083291053772,0.15567871928215027,-0.0676872506737709,0.12022122740745544,0.06968897581100464,-0.08699352294206619,0.124991774559021,0.0,-0.09591023623943329,0.1603473722934723,0.33006200194358826,-0.04867368936538696,0.1752031147480011,0.24201765656471252,-0.08835294842720032,0.16413471102714539,0.3025273382663727,-0.08898649364709854,0.15750065445899963,0.3576689064502716,-0.07678218185901642,0.2043839395046234,0.37875720858573914,-0.06371384114027023,0.22153636813163757,0.31199732422828674,-0.08853229880332947,0.21181830763816833,0.33810535073280334,-0.07970786094665527,0.20402154326438904,0.3707926571369171,-0.0655084103345871
V,0.14058101177215576,0.5979499816894531,8.123117254399403e-07,0.0842960774898529,0.5337852835655212,-0.027673253789544106,0.060160666704177856,0.4439767599105835,-0.04624145105481148,0.0853845477104187,0.36761176586151123,-0.0678345337510109,0.12357515096664429,0.32532256841659546,-0.08719305694103241,0.0559518039226532,0.3027803301811218,-0.020717626437544823,0.029064834117889404,0.17799490690231323,-0.048305120319128036,0.012575745582580566,0.10002449154853821,-0.06552651524543762,0.0,0.03748202323913574,-0.07555052638053894,0.11026531457901001,0.2982445955276489,-0.029682686552405357,0.11847743391990662,0.15541109442710876,-0.0592377707362175,0.12174734473228455,0.06871888041496277,-0.07769425958395004,0.12686040997505188,0.0,-0.08583710342645645,0.16027969121932983,0.3262532949447632,-0.04270445555448532,0.17454665899276733,0.2429201602935791,-0.08210935443639755,0.16319334506988525,0.3038265109062195,-0.08428294956684113,0.1566638946533203,0.35963213443756104,-0.07262425124645233,0.20504844188690186,0.3738333582878113,-0.05827178806066513,0.2201482057571411,0.30907028913497925,-0.08255431056022644,0.20869749784469604,0.3365222215652466,-0.0745239332318306,0.20051515102386475,0.3704937696456909,-0.06077025458216667
V,0.1411561369895935,0.5963340997695923,7.947376161610009e-07,0.0844963788986206,0.528864324092865,-0.027529554441571236,0.06066840887069702,0.4356057643890381,-0.045886166393756866,0.08631768822669983,0.3583946228027344,-0.06743326783180237,0.12585705518722534,0.3149314522743225,-0.08694063872098923,0.056260913610458374,0.30399566888809204,-0.021726632490754128,0.028492212295532227,0.17921647429466248,-0.05093845725059509,0.011786311864852905,0.10083001852035522,-0.0693296417593956,0.0,0.03803962469100952,-0.07996711134910583,0.11029243469238281,0.29980146884918213,-0.03069404698908329,0.11664730310440063,0.15685266256332397,-0.061868928372859955,0.1194758415222168,0.07026788592338562,-0.0815407782793045,0.12518751621246338,0.0,-0.0905451774597168,0.16001272201538086,0.3273671269416809,-0.04359684884548187,0.17502015829086304,0.24211007356643677,-0.08410021662712097,0.1641942262649536,0.305139422416687,-0.08608041703701019,0.15794634819030762,0.3616240620613098,-0.07434095442295074,0.20448380708694458,0.3748241066932678,-0.059071216732263565,0.2222176194190979,0.30954277515411377,-0.08420225977897644,0.20968753099441528,0.33901506662368774,-0.07627876102924347,0.19958657026290894,0.37458568811416626,-0.06265748292207718
V,0.14128735661506653,0.5959599316120148,8.185167530427861e-07,0.08651873469352722,0.5308345854282379,-0.027660956606268883,0.061482787132263184,0.44072023034095764,-0.04748844355344772,0.08604073524475098,0.36626121401786804,-0.07028132677078247,0.12664398550987244,0.32530930638313293,-0.09102576971054077,0.057950764894485474,0.305132120847702,-0.025278344750404358,0.029614239931106567,0.17999902367591858,-0.05469229444861412,0.012364208698272705,0.10196509957313538,-0.07295288145542145,0.0,0.039320677518844604,-0.083744578063488,0.11116403341293335,0.301073282957077,-0.03453205153346062,0.11925482749938965,0.1570819914340973,-0.0659976452589035,0.12202417850494385,0.07012450695037842,-0.08521641790866852,0.12782815098762512,0.0,-0.09402552992105484,0.1603184938430786,0.32877734303474426,-0.047394976019859314,0.17563003301620483,0.2424975335597992,-0.08708187937736511,0.1630975604057312,0.3055973947048187,-0.08741556107997894,0.15618646144866943,0.36254367232322693,-0.07488562911748886,0.2047637701034546,0.3758927285671234,-0.06294062733650208,0.22115761041641235,0.31123092770576477,-0.08781415224075317,0.2101852297782898,0.33869269490242004,-0.07921653985977173,0.20253294706344604,0.37159326672554016,-0.06514208763837814
V,0.14124971628189087,0.5977596938610077,8.15863131720107e-07,0.08513221144676208,0.5330881178379059,-0.026281770318746567,0.061590492725372314,0.4406300485134125,-0.044335875660181046,0.08866402506828308,0.3666687309741974,-0.06575646251440048,0.12893220782279968,0.3276301324367523,-0.08524817228317261,0.05574008822441101,0.3058789074420929,-0.021577809005975723,0.028068363666534424,0.1797100305557251,-0.04995384067296982,0.012005507946014404,0.10089963674545288,-0.06712685525417328,0.0,0.03806719183921814,-0.07697499543428421,0.1098807156085968,0.30076947808265686,-0.031477198004722595,0.1174846887588501,0.15615496039390564,-0.06225036084651947,0.12092649936676025,0.06955990195274353,-0.08059459179639816,0.12631019949913025,0.0,-0.0883496105670929,0.15988504886627197,0.3277895152568817,-0.045170530676841736,0.17398583889007568,0.2437317669391632,-0.08551249653100967,0.16179132461547852,0.30845484137535095,-0.08664961159229279,0.1548490822315216,0.36570701003074646,-0.07406827807426453,0.20417451858520508,0.37447842955589294,-0.061317406594753265,0.2189171314239502,0.311949223279953,-0.08633006364107132,0.20640861988067627,0.34243151545524597,-0.07774849236011505,0.19767218828201294,0.3771056830883026,-0.06350205838680267
V,0.1402670443058014,0.5947262644767761,8.157476258929819e-07,0.08511278033256531,0.5296730995178223,-0.027911772951483727,0.06096309423446655,0.4393201470375061,-0.04732298105955124,0.08733430504798889,0.36492931842803955,-0.0696161612868309,0.1278725266456604,0.32368534803390503,-0.08985406905412674,0.05714625120162964,0.3051835894584656,-0.024730559438467026,0.028892338275909424,0.17919346690177917,-0.05375586822628975,0.01201409101486206,0.10043776035308838,-0.07162659615278244,0.0,0.038147151470184326,-0.08185319602489471,0.11058518290519714,0.30063527822494507,-0.03372744470834732,0.11757451295852661,0.1559174656867981,-0.06495398283004761,0.11977776885032654,0.0688689649105072,-0.08420044183731079,0.12507733702659607,0.0,-0.09280432760715485,0.15974313020706177,0.32776588201522827,-0.046414244920015335,0.17627006769180298,0.24328362941741943,-0.08609574288129807,0.16417723894119263,0.3061116933822632,-0.08746286481618881,0.15703463554382324,0.3624255061149597,-0.07553268224000931,0.203779399394989,0.37409937381744385,-0.06169715151190758,0.22029143571853638,0.3093956708908081,-0.08569975942373276,0.20865154266357422,0.339535653591156,-0.07687574625015259,0.20027178525924683,0.3743096590042114,-0.06280690431594849
V,0.1413123905658722,0.5969710350036621,8.099506771941378e-07,0.08705547451972961,0.5332766771316528,-0.02797422930598259,0.06391686201095581,0.4433777928352356,-0.047997985035181046,0.08925610780715942,0.36945855617523193,-0.0707872211933136,0.126664400100708,0.32798928022384644,-0.0916026383638382,0.056813716888427734,0.3058284521102905,-0.026497455313801765,0.028991371393203735,0.17924630641937256,-0.05585842207074165,0.01228564977645874,0.10037758946418762,-0.07431674003601074,0.0,0.03780937194824219,-0.08532651513814926,0.11087426543235779,0.30181312561035156,-0.03549003228545189,0.11810913681983948,0.15737557411193848,-0.0670710951089859,0.12100297212600708,0.07041361927986145,-0.08694727718830109,0.12650227546691895,0.0,-0.09649199992418289,0.1604011356830597,0.3296833634376526,-0.04794378951191902,0.17436841130256653,0.24107396602630615,-0.08726716041564941,0.16316834092140198,0.30234330892562866,-0.08802081644535065,0.15660837292671204,0.3579612374305725,-0.07617440074682236,0.20469531416893005,0.3772304058074951,-0.06303983926773071,0.2203575074672699,0.3096317648887634,-0.08772040158510208,0.21138104796409607,0.33484894037246704,-0.07939030230045319,0.205110102891922,0.36598384380340576,-0.06573046743869781
V,0.14213129878044128,0.5966840982437134,7.980518716976803e-07,0.08673405647277832,0.5327853560447693,-0.027335716411471367,0.06402304768562317,0.4420085549354553,-0.046135082840919495,0.09088382124900818,0.3690587878227234,-0.06799200177192688,0.1297292709350586,0.328927218914032,-0.08803731948137283,0.05698126554489136,0.30400604009628296,-0.023372594267129898,0.029391497373580933,0.17861410975456238,-0.05181847885251045,0.012438982725143433,0.10042202472686768,-0.06978251785039902,0.0,0.03731447458267212,-0.08053332567214966,0.11165088415145874,0.29996877908706665,-0.03297576680779457,0.11741092801094055,0.15676766633987427,-0.06362031400203705,0.1198386549949646,0.07057115435600281,-0.08334966748952866,0.12464916706085205,0.0,-0.09285680204629898,0.1616271734237671,0.3278701901435852,-0.046256981790065765,0.17677241563796997,0.23992502689361572,-0.08673442155122757,0.1654142141342163,0.3037213087081909,-0.0891249030828476,0.15805387496948242,0.3608250021934509,-0.07800254225730896,0.20599031448364258,0.3755342960357666,-0.06194603815674782,0.22129350900650024,0.3092145323753357,-0.08758924156427383,0.20972204208374023,0.33932262659072876,-0.07978212088346481,0.20113599300384521,0.3746814727783203,-0.06640058755874634
V,0.13910430669784546,0.6001556813716888,8.172470415956923e-07,0.08372434973716736,0.5344260036945343,-0.026501335203647614,0.06105336546897888,0.44349995255470276,-0.04532355070114136,0.0859346091747284,0.3684450685977936,-0.06744502484798431,0.1237214207649231,0.32629212737083435,-0.08767444640398026,0.054936885833740234,0.3068099319934845,-0.02248980477452278,0.027733922004699707,0.18035921454429626,-0.05090620368719101,0.011815011501312256,0.10134699940681458,-0.06840424984693527,0.0,0.038707852363586426,-0.07850766181945801,0.10878422856330872,0.3022643029689789,-0.03237743303179741,0.11729520559310913,0.15573832392692566,-0.06279779225587845,0.11939629912376404,0.06856298446655273,-0.08180003613233566,0.12389606237411499,0.0,-0.09034515172243118,0.15846502780914307,0.3309456408023834,-0.04589809849858284,0.17210495471954346,0.2407519519329071,-0.0855337455868721,0.15969318151474,0.3021092712879181,-0.08706118911504745,0.15326374769210815,0.35862717032432556,-0.07516933977603912,0.20268559455871582,0.38001325726509094,-0.06182271987199783,0.21842896938323975,0.31179895997047424,-0.08654137700796127,0.2071361541748047,0.33925488591194153,-0.07817867398262024,0.19953030347824097,0.37353619933128357,-0.06416735798120499
V,0.14204320311546326,0.601668119430542,8.13522717635351e-07,0.08694460988044739,0.5366705656051636,-0.02898981235921383,0.06225666403770447,0.4451850652694702,-0.048973482102155685,0.08734691143035889,0.36771875619888306,-0.07189267128705978,0.1280055046081543,0.3245832920074463,-0.09262805432081223,0.0579107403755188,0.30931776762008667,-0.024442538619041443,0.029685795307159424,0.1831260621547699,-0.053558092564344406,0.012641698122024536,0.10424911975860596,-0.07161489874124527,0.0,0.041024982929229736,-0.0822383388876915,0.111978679895401,0.30456167459487915,-0.03322537988424301,0.11936339735984802,0.15823319554328918,-0.06444644927978516,0.12207633256912231,0.07018819451332092,-0.08385170251131058,0.12666350603103638,0.0,-0.09278009086847305,0.16157829761505127,0.33185625076293945,-0.045923031866550446,0.1763632893562317,0.24376410245895386,-0.0865798220038414,0.16495347023010254,0.3060857653617859,-0.08870195597410202,0.15755590796470642,0.3632069230079651,-0.07710684835910797,0.20605617761611938,0.37889552116394043,-0.061254531145095825,0.22226721048355103,0.3122602105140686,-0.08669564127922058,0.21024590730667114,0.3419641852378845,-0.07891563326120377,0.20059961080551147,0.3785896301269531,-0.06543073803186417
V,0.1433182954788208,0.6004169583320618,8.189099389710464e-07,0.08763158321380615,0.5348495841026306,-0.027964092791080475,0.06334558129310608,0.44454002380371094,-0.047522567212581635,0.08528095483779907,0.3689865469932556,-0.069893479347229,0.1210634708404541,0.3270910382270813,-0.09015578031539917,0.057152122259140015,0.3076575994491577,-0.02446790598332882,0.028715431690216064,0.1805036962032318,-0.053703419864177704,0.01207202672958374,0.1008928120136261,-0.0721481591463089,0.0,0.037325382232666016,-0.08304409682750702,0.1109093427658081,0.30340754985809326,-0.0334051139652729,0.11840900778770447,0.15730461478233337,-0.06443922221660614,0.12154385447502136,0.06959456205368042,-0.08386379480361938,0.12730833888053894,0.0,-0.0928872749209404,0.16060367226600647,0.3313785195350647,-0.045969024300575256,0.175492525100708,0.24138236045837402,-0.08515986800193787,0.16431140899658203,0.30233514308929443,-0.08568967133760452,0.15785297751426697,0.3586609959602356,-0.07350622862577438,0.20544499158859253,0.37941133975982666,-0.061230383813381195,0.2217075228691101,0.31353074312210083,-0.08604470640420914,0.21186983585357666,0.33985304832458496,-0.07752524316310883,0.20458769798278809,0.37216347455978394,-0.06347481161355972
V,0.14252176880836487,0.5979275405406952,8.136562996696739e-07,0.08620136976242065,0.534978836774826,-0.029031269252300262,0.061883628368377686,0.44237956404685974,-0.048587217926979065,0.09014877676963806,0.3691903054714203,-0.07070120424032211,0.13135629892349243,0.32987067103385925,-0.09090567380189896,0.05803513526916504,0.30363789200782776,-0.02648608386516571,0.02966243028640747,0.17741861939430237,-0.055445943027734756,0.01241236925125122,0.09876132011413574,-0.0737701803445816,0.0,0.0363670289516449,-0.08485497534275055,0.1127990186214447,0.29997673630714417,-0.03518158942461014,0.11873790621757507,0.15712329745292664,-0.0664454773068428,0.12088048458099365,0.0703921914100647,-0.0865856185555458,0.12666991353034973,0.0,-0.09644380211830139,0.16239604353904724,0.3283096253871918,-0.04756535589694977,0.17614805698394775,0.24423512816429138,-0.08748480677604675,0.16443085670471191,0.30707916617393494,-0.08981239050626755,0.15779203176498413,0.36274251341819763,-0.07900699973106384,0.2065114974975586,0.37603452801704407,-0.06263548135757446,0.2204015851020813,0.31118056178092957,-0.08778508752584457,0.20987296104431152,0.3420127332210541,-0.08020215481519699,0.20302152633666992,0.3770110309123993,-0.0672663003206253
V,0.1449495553970337,0.6017964482307434,8.229381478486175e-07,0.08844256401062012,0.5377210974693298,-0.028759460896253586,0.06171393394470215,0.44544368982315063,-0.04876330494880676,0.08601060509681702,0.3688865303993225,-0.0717596709728241,0.1274605691432953,0.3303317427635193,-0.09277515113353729,0.05906224250793457,0.3084474802017212,-0.025738170370459557,0.030426591634750366,0.18173328042030334,-0.05569884181022644,0.01306617259979248,0.10327929258346558,-0.07417324930429459,0.0,0.03988426923751831,-0.08506658673286438,0.11358270049095154,0.30428487062454224,-0.035116035491228104,0.12045744061470032,0.15821847319602966,-0.06702745705842972,0.12300810217857361,0.0709696114063263,-0.0863608568906784,0.12734255194664001,0.0,-0.09504628926515579,0.16350677609443665,0.33259880542755127,-0.048327770084142685,0.17791658639907837,0.24573826789855957,-0.09029749035835266,0.1654597520828247,0.31182199716567993,-0.09185301512479782,0.15739434957504272,0.3712260127067566,-0.07923386991024017,0.20779329538345337,0.38093286752700806,-0.06411533802747726,0.22299450635910034,0.3145158886909485,-0.09077117592096329,0.21158069372177124,0.34360748529434204,-0.08257811516523361,0.20218682289123535,0.37939387559890747,-0.0683172270655632
V,0.14305582642555237,0.6009680032730103,8.096192800621793e-07,0.08856213092803955,0.5377446413040161,-0.028130080550909042,0.06454479694366455,0.44816088676452637,-0.04747828096151352,0.0900346040725708,0.3740255832672119,-0.06960645318031311,0.1280648112297058,0.33147215843200684,-0.0897626206278801,0.05785399675369263,0.30722397565841675,-0.02460618130862713,0.029061555862426758,0.18214815855026245,-0.05339346453547478,0.012107610702514648,0.10364654660224915,-0.07133954763412476,0.0,0.04084649682044983,-0.08175835758447647,0.11203199625015259,0.3032309412956238,-0.03386108577251434,0.11855030059814453,0.15841594338417053,-0.06471593677997589,0.1211945116519928,0.07053083181381226,-0.08429726958274841,0.12621572613716125,0.0,-0.09331018477678299,0.1616874635219574,0.3318461775779724,-0.04684050753712654,0.17858779430389404,0.2467442750930786,-0.08711284399032593,0.16797757148742676,0.30867910385131836,-0.08952529728412628,0.1609272062778473,0.36394602060317993,-0.07834713160991669,0.20589178800582886,0.380484938621521,-0.06230286508798599,0.222059428691864,0.31544196605682373,-0.08746765553951263,0.2121286392211914,0.3459320664405823,-0.07921124249696732,0.2043737769126892,0.3807659149169922,-0.06546347588300705
V,0.1447066068649292,0.599470466375351,8.225933356698079e-07,0.08916500210762024,0.5370059311389923,-0.02968946285545826,0.06276363134384155,0.44674959778785706,-0.05026732757687569,0.08863261342048645,0.37066903710365295,-0.07336467504501343,0.1295109987258911,0.3290570080280304,-0.09448402374982834,0.05839976668357849,0.30735328793525696,-0.02813844382762909,0.0297640860080719,0.18048682808876038,-0.05824548751115799,0.012506753206253052,0.10154908895492554,-0.07694704830646515,0.0,0.03821927309036255,-0.0880080834031105,0.11296534538269043,0.3032142221927643,-0.036864034831523895,0.11979782581329346,0.1580381691455841,-0.06908563524484634,0.1211290955543518,0.07120206952095032,-0.0892714187502861,0.1251928210258484,0.0,-0.09879737347364426,0.16280466318130493,0.3317626416683197,-0.049184225499629974,0.17760547995567322,0.24592295289039612,-0.09022867679595947,0.1643010973930359,0.31033334136009216,-0.09185332804918289,0.15650951862335205,0.3670273721218109,-0.08005000650882721,0.20692482590675354,0.3802289068698883,-0.06419618427753448,0.2225213348865509,0.31503191590309143,-0.09012112766504288,0.21156719326972961,0.34503719210624695,-0.08202086389064789,0.20396891236305237,0.3796274960041046,-0.06825762242078781
V,0.14580273628234863,0.602721780538559,7.976628921824158e-07,0.09029528498649597,0.537489503622055,-0.027568675577640533,0.06561279296875,0.44526806473731995,-0.04663520306348801,0.09086024761199951,0.36854806542396545,-0.06866041570901871,0.13061535358428955,0.3239397704601288,-0.08857421576976776,0.058548182249069214,0.3083678185939789,-0.024196473881602287,0.029602080583572388,0.18205857276916504,-0.052919935435056686,0.012365221977233887,0.10359033942222595,-0.07041992247104645,0.0,0.041196078062057495,-0.08048025518655777,0.11348319053649902,0.3046562969684601,-0.033505864441394806,0.11871859431266785,0.15962335467338562,-0.06459280103445053,0.1201552152633667,0.07196813821792603,-0.08393562585115433,0.12473845481872559,0.0,-0.09276507049798965,0.16375300288200378,0.3331712782382965,-0.04649766907095909,0.17750397324562073,0.24505022168159485,-0.08715736865997314,0.166935533285141,0.30897948145866394,-0.08859230577945709,0.16130974888801575,0.36582091450691223,-0.07645536959171295,0.20827844738960266,0.38181498646736145,-0.06194609776139259,0.22381147742271423,0.31303295493125916,-0.08742281794548035,0.21351531147956848,0.34086480736732483,-0.07913953065872192,0.2060929238796234,0.3740350902080536,-0.06516119092702866
V,0.14503490924835205,0.6016432046890259,8.13545170785801e-07,0.08902183175086975,0.5366254448890686,-0.02755865268409252,0.0643998384475708,0.44430863857269287,-0.046812038868665695,0.08928743004798889,0.36972665786743164,-0.0690993070602417,0.1266435980796814,0.327567994594574,-0.08957584947347641,0.058049529790878296,0.3087528347969055,-0.025306740775704384,0.03005504608154297,0.182384192943573,-0.055066999047994614,0.012782275676727295,0.10265493392944336,-0.07393189519643784,0.0,0.03843161463737488,-0.08537641912698746,0.11234688758850098,0.3042451739311218,-0.03510959446430206,0.11842179298400879,0.15945231914520264,-0.06725489348173141,0.12099340558052063,0.07160019874572754,-0.08744055032730103,0.12659341096878052,0.0,-0.09717532992362976,0.16246095299720764,0.33190345764160156,-0.048498932272195816,0.17738187313079834,0.24302929639816284,-0.08949831128120422,0.16594594717025757,0.30740052461624146,-0.09071565419435501,0.1593623161315918,0.365034282207489,-0.07879513502120972,0.2072572112083435,0.3793283700942993,-0.06445678323507309,0.22194761037826538,0.3134928345680237,-0.09079409390687943,0.2113579511642456,0.34269076585769653,-0.08277628570795059,0.20423924922943115,0.37651509046554565,-0.06910859793424606
V,0.14678999781608582,0.601922482252121,8.351831866093562e-07,0.09025686979293823,0.5376662909984589,-0.028342241421341896,0.06546527147293091,0.44535788893699646,-0.048181887716054916,0.09073472023010254,0.36907926201820374,-0.07112603634595871,0.1306338906288147,0.3262135088443756,-0.09206639975309372,0.0596427321434021,0.30791833996772766,-0.02369854226708412,0.030501991510391235,0.18138256669044495,-0.05359657108783722,0.013013511896133423,0.10215413570404053,-0.07189738750457764,0.0,0.03919991850852966,-0.082234688103199,0.11390301585197449,0.303540974855423,-0.03293239697813988,0.12148189544677734,0.15730109810829163,-0.06473982334136963,0.12352350354194641,0.07033056020736694,-0.08341653645038605,0.1276310384273529,0.0,-0.09123434126377106,0.1638556718826294,0.3311513364315033,-0.04617973417043686,0.17771363258361816,0.2442552149295807,-0.08715588599443436,0.16527464985847473,0.311052531003952,-0.08734260499477386,0.1584809422492981,0.3689217269420624,-0.07395002245903015,0.2085345983505249,0.37867721915245056,-0.06207128241658211,0.2230866551399231,0.31254562735557556,-0.08665423840284348,0.21054470539093018,0.3448777496814728,-0.07681131362915039,0.20179539918899536,0.38055625557899475,-0.061662204563617706
V,0.14476388692855835,0.603342205286026,8.121001542349404e-07,0.08828666806221008,0.5401768386363983,-0.028357265517115593,0.06231573224067688,0.4483465850353241,-0.04818674549460411,0.08876428008079529,0.37151816487312317,-0.07084330916404724,0.13073435425758362,0.3291976749897003,-0.09158787131309509,0.057083189487457275,0.30831673741340637,-0.025639507919549942,0.029292404651641846,0.1821463406085968,-0.0548999086022377,0.012736499309539795,0.10365045070648193,-0.07296547293663025,0.0,0.04122433066368103,-0.08359294384717941,0.11195209622383118,0.30361196398735046,-0.03479894623160362,0.11839801073074341,0.15748268365859985,-0.06575097888708115,0.12102362513542175,0.07084065675735474,-0.08451412618160248,0.1254587471485138,0.0,-0.09296724200248718,0.1623537540435791,0.33206960558891296,-0.04761895909905434,0.17559677362442017,0.24154850840568542,-0.08794914931058884,0.16558286547660828,0.3079908788204193,-0.0880703330039978,0.15963345766067505,0.36581477522850037,-0.07517300546169281,0.2075026035308838,0.38177481293678284,-0.06305576115846634,0.22262179851531982,0.3159085810184479,-0.0888911709189415,0.21313554048538208,0.3459617793560028,-0.08014398068189621,0.2058665156364441,0.37959280610084534,-0.0657377764582634
V,0.14566829800605774,0.6022093296051025,8.054684599301254e-07,0.0895954966545105,0.5373775959014893,-0.026159070432186127,0.06442832946777344,0.4459437131881714,-0.04540552198886871,0.09010076522827148,0.3734838366508484,-0.06812909245491028,0.13097119331359863,0.3360174894332886,-0.08916021138429642,0.060953378677368164,0.3091294765472412,-0.025213787332177162,0.031845420598983765,0.1828092634677887,-0.054562319070100784,0.013741672039031982,0.10398918390274048,-0.07280254364013672,0.0,0.0408763587474823,-0.08359947800636292,0.11521467566490173,0.3048059940338135,-0.035640899091959,0.12289586663246155,0.1578570008277893,-0.0670047476887703,0.12466737627983093,0.0703987181186676,-0.08629368990659714,0.1293518841266632,0.0,-0.0952320545911789,0.16500446200370789,0.3324231505393982,-0.049494776874780655,0.1786368489265442,0.24407410621643066,-0.08910708129405975,0.16479089856147766,0.3070843815803528,-0.09025280177593231,0.15708601474761963,0.36412227153778076,-0.07835804671049118,0.20961254835128784,0.37965333461761475,-0.06588023155927658,0.22563999891281128,0.3112831115722656,-0.08996905386447906,0.21306204795837402,0.3391614556312561,-0.08117716014385223,0.20414364337921143,0.373629629611969,-0.06728354096412659
V,0.14656344056129456,0.6028479635715485,8.034372740439721e-07,0.08969157934188843,0.5396440327167511,-0.028265347704291344,0.06422042846679688,0.4471277892589569,-0.04741824045777321,0.08852365612983704,0.36968526244163513,-0.06952329725027084,0.12863406538963318,0.3271729648113251,-0.08946987986564636,0.060162514448165894,0.3096562922000885,-0.024185147136449814,0.03033655881881714,0.18335667252540588,-0.053328987210989,0.012811034917831421,0.10458451509475708,-0.0709817111492157,0.0,0.040916502475738525,-0.08111163973808289,0.11448702216148376,0.3047550618648529,-0.03310338407754898,0.11985033750534058,0.15826860070228577,-0.06429748237133026,0.12230917811393738,0.07081371545791626,-0.08314275741577148,0.1270388662815094,0.0,-0.09133978188037872,0.16418981552124023,0.3319808542728424,-0.04585263878107071,0.17659032344818115,0.24479994177818298,-0.08717094361782074,0.16693609952926636,0.3097263276576996,-0.08873637765645981,0.16137811541557312,0.3675554692745209,-0.07626073807477951,0.2090412974357605,0.3789037764072418,-0.061134036630392075,0.2232304811477661,0.3134836256504059,-0.08691133558750153,0.21192657947540283,0.3451705873012543,-0.07864372432231903,0.2031906247138977,0.382037490606308,-0.06448525935411453
V,0.14519572257995605,0.6022813618183136,8.037899306145846e-07,0.08934402465820312,0.5351301729679108,-0.028137462213635445,0.06558024883270264,0.4433930218219757,-0.047801874577999115,0.09031185507774353,0.3687247335910797,-0.07072706520557404,0.12969425320625305,0.3273930847644806,-0.09179080277681351,0.06038019061088562,0.30861636996269226,-0.02404547668993473,0.03152957558631897,0.1828511357307434,-0.05367119982838631,0.013383150100708008,0.10382866859436035,-0.07257095724344254,0.0,0.03996485471725464,-0.08396689593791962,0.11507445573806763,0.30429330468177795,-0.033749498426914215,0.12134775519371033,0.15913942456245422,-0.06560804694890976,0.12325242161750793,0.07079985737800598,-0.08619294315576553,0.12763306498527527,0.0,-0.09628134965896606,0.16527751088142395,0.3320614993572235,-0.047333307564258575,0.17983359098434448,0.2421800196170807,-0.08869652450084686,0.16867494583129883,0.3030445873737335,-0.09213659912347794,0.16138863563537598,0.3600553572177887,-0.08164431899785995,0.21024423837661743,0.3792005479335785,-0.06346523016691208,0.22675836086273193,0.30990734696388245,-0.08961363136768341,0.21488988399505615,0.33763328194618225,-0.08273237943649292,0.20498573780059814,0.37360504269599915,-0.07005731761455536
V,0.14609432220458984,0.6021346747875214,8.160523066180758e-07,0.08900582790374756,0.5373745858669281,-0.028500113636255264,0.06323063373565674,0.44505056738853455,-0.04786014184355736,0.08902233839035034,0.3683136999607086,-0.0699300691485405,0.13036254048347473,0.3280560076236725,-0.0899142175912857,0.05921810865402222,0.30568912625312805,-0.02421174943447113,0.0301932692527771,0.18077686429023743,-0.052925437688827515,0.012842357158660889,0.10270091891288757,-0.07053448259830475,0.0,0.03964054584503174,-0.08075752854347229,0.11369097232818604,0.3024015724658966,-0.03315367177128792,0.11956179141998291,0.15796968340873718,-0.06375094503164291,0.12251543998718262,0.07121345400810242,-0.08252357691526413,0.12766709923744202,0.0,-0.09078282117843628,0.16364949941635132,0.3316386640071869,-0.04595759138464928,0.17862850427627563,0.24694737792015076,-0.08719975501298904,0.1683274805545807,0.31095901131629944,-0.08928241580724716,0.1615997850894928,0.3677808344364166,-0.07712537050247192,0.20809847116470337,0.38096877932548523,-0.06124455854296684,0.22450315952301025,0.3156645596027374,-0.0874355360865593,0.21556240320205688,0.3430465757846832,-0.07956531643867493,0.20812326669692993,0.37504062056541443,-0.0655980110168457
V,0.14516514539718628,0.6004245579242706,8.192589007194329e-07,0.08966270089149475,0.5365067422389984,-0.028160952031612396,0.06382349133491516,0.4457320272922516,-0.047520823776721954,0.08734264969825745,0.3679833710193634,-0.06982134282588959,0.12672901153564453,0.3236336410045624,-0.09002072364091873,0.0589524507522583,0.30870380997657776,-0.024639645591378212,0.029563188552856445,0.1826809048652649,-0.05409152805805206,0.012454807758331299,0.10372120141983032,-0.07196903973817825,0.0,0.04089578986167908,-0.08216682076454163,0.11329901218414307,0.30462971329689026,-0.03386622294783592,0.12047135829925537,0.15782400965690613,-0.06554829329252243,0.12247711420059204,0.0703367292881012,-0.08463235944509506,0.12701240181922913,0.0,-0.09306439012289047,0.16304653882980347,0.3327372372150421,-0.04689602181315422,0.17666780948638916,0.24493816494941711,-0.08826783299446106,0.1651129126548767,0.30912086367607117,-0.08966638892889023,0.15907320380210876,0.36614546179771423,-0.07731302082538605,0.2072458267211914,0.3805432617664337,-0.062442317605018616,0.22292256355285645,0.3138057291507721,-0.088199183344841,0.21058326959609985,0.3447483479976654,-0.07970055937767029,0.20159101486206055,0.3808813989162445,-0.06555259972810745
V,0.14684095978736877,0.599435567855835,8.080256748144166e-07,0.09155288338661194,0.5344153642654419,-0.0290067158639431,0.06586465239524841,0.4426209330558777,-0.04847981035709381,0.09027734398841858,0.3649600148200989,-0.07065080106258392,0.1322423815727234,0.3241230845451355,-0.0906769335269928,0.06140619516372681,0.30621200799942017,-0.0236964151263237,0.031620919704437256,0.18090277910232544,-0.05268380790948868,0.013430953025817871,0.10236421227455139,-0.07086208462715149,0.0,0.03973948955535889,-0.08155451714992523,0.11508214473724365,0.3015841841697693,-0.0321446992456913,0.1202613115310669,0.15718808770179749,-0.06328422576189041,0.12228056788444519,0.07050523161888123,-0.08291760087013245,0.1264266073703766,0.0,-0.09185006469488144,0.16443735361099243,0.3288240432739258,-0.04449933394789696,0.1793639063835144,0.2410253882408142,-0.0854627713561058,0.16939705610275269,0.30435025691986084,-0.08788330107927322,0.1627955436706543,0.3609256148338318,-0.07629036158323288,0.20856279134750366,0.37606924772262573,-0.05943609029054642,0.22515028715133667,0.312094509601593,-0.08510845899581909,0.21520620584487915,0.3411651849746704,-0.07752804458141327,0.20738548040390015,0.375182569026947,-0.06404940783977509
V,0.14486441016197205,0.6001054644584656,8.068296324381663e-07,0.08813557028770447,0.5369856357574463,-0.029081441462039948,0.06217649579048157,0.44549447298049927,-0.04902351647615433,0.08733692765235901,0.36987006664276123,-0.07170506566762924,0.1278393268585205,0.32880765199661255,-0.09243849664926529,0.05915471911430359,0.3068040609359741,-0.02553126960992813,0.030340373516082764,0.1808740198612213,-0.05511268600821495,0.01276332139968872,0.10208803415298462,-0.07359076291322708,0.0,0.03920146822929382,-0.08452034741640091,0.11391714215278625,0.3026387095451355,-0.034426890313625336,0.12021875381469727,0.1584327220916748,-0.0661400705575943,0.12204122543334961,0.07127544283866882,-0.08609499782323837,0.12664207816123962,0.0,-0.09546704590320587,0.16363400220870972,0.3306068778038025,-0.04715174809098244,0.17772674560546875,0.2419458031654358,-0.08828729391098022,0.16583716869354248,0.30484986305236816,-0.0905761793255806,0.1585266888141632,0.3613465428352356,-0.0791262686252594,0.20803415775299072,0.3785858750343323,-0.062492892146110535,0.2236366868019104,0.31207215785980225,-0.08855494111776352,0.212507963180542,0.3395252823829651,-0.0810522511601448,0.20355385541915894,0.372785747051239,-0.06771444529294968
V,0.1445700228214264,0.6004063189029694,8.14386453384941e-07,0.08995220065116882,0.5392067134380341,-0.02803262136876583,0.0658935010433197,0.45142748951911926,-0.04793823882937431,0.09085839986801147,0.37854692339897156,-0.07078730314970016,0.1279439926147461,0.33626285195350647,-0.09154098480939865,0.05910894274711609,0.30853697657585144,-0.025599174201488495,0.029985129833221436,0.18271932005882263,-0.05516313016414642,0.012710660696029663,0.10353881120681763,-0.07323086261749268,0.0,0.040538132190704346,-0.0835476964712143,0.11352336406707764,0.30317720770835876,-0.03528669849038124,0.1199016273021698,0.1575900912284851,-0.06714006513357162,0.12204539775848389,0.06976169347763062,-0.08637009561061859,0.12635159492492676,0.0,-0.09480687975883484,0.16336196660995483,0.33088377118110657,-0.04870208725333214,0.17846006155014038,0.2465105950832367,-0.08983132988214493,0.16777217388153076,0.3101961314678192,-0.09113254398107529,0.16099917888641357,0.3668701946735382,-0.07873663306236267,0.2074950933456421,0.3787636458873749,-0.06459798663854599,0.22259896993637085,0.3119736611843109,-0.08983991295099258,0.2118329405784607,0.3430592119693756,-0.0804968997836113,0.20363777875900269,0.37897631525993347,-0.0657297819852829
V,0.14344128966331482,0.5994153916835785,8.018586754587886e-07,0.08836671710014343,0.5359298288822174,-0.027109218761324883,0.06354016065597534,0.4457336962223053,-0.04620517045259476,0.08677864074707031,0.37193360924720764,-0.06848356872797012,0.12580817937850952,0.33026930689811707,-0.08874740451574326,0.057702481746673584,0.30536386370658875,-0.02347281388938427,0.02906176447868347,0.18002790212631226,-0.051940981298685074,0.012185394763946533,0.10104808211326599,-0.06951066106557846,0.0,0.03863075375556946,-0.07975217700004578,0.11153456568717957,0.30127695202827454,-0.03288158401846886,0.11824455857276917,0.1566944420337677,-0.06370477378368378,0.12031319737434387,0.0693327784538269,-0.08305073529481888,0.1253262758255005,0.0,-0.09183356910943985,0.1612797975540161,0.3295997083187103,-0.04588547721505165,0.17326658964157104,0.2401714026927948,-0.08548616617918015,0.16215932369232178,0.301817923784256,-0.08669532835483551,0.15653711557388306,0.3586902916431427,-0.07459679245948792,0.2059205174446106,0.3780724108219147,-0.061425331979990005,0.22085940837860107,0.3113081157207489,-0.08613377809524536,0.21067780256271362,0.33679863810539246,-0.07792668789625168,0.20346122980117798,0.3691187798976898,-0.0639968290925026
V,0.14302337169647217,0.6032039821147919,8.022662427720206e-07,0.08787903189659119,0.5380204617977142,-0.027134038507938385,0.06501224637031555,0.44387200474739075,-0.04562478885054588,0.08923506736755371,0.36670079827308655,-0.06722911447286606,0.12663131952285767,0.3204600512981415,-0.08665962517261505,0.057894617319107056,0.30885592103004456,-0.022289058193564415,0.030094653367996216,0.18207958340644836,-0.050358954817056656,0.013056129217147827,0.10296633839607239,-0.06792213022708893,0.0,0.040249377489089966,-0.07831081748008728,0.11180678009986877,0.30515995621681213,-0.031361643224954605,0.11926242709159851,0.15941953659057617,-0.0622217059135437,0.12158405780792236,0.07119619846343994,-0.08215656876564026,0.12597787380218506,0.0,-0.09163545072078705,0.16142046451568604,0.3330095708370209,-0.04406163468956947,0.17504948377609253,0.2421775758266449,-0.08378811180591583,0.1645781397819519,0.30536362528800964,-0.0851074755191803,0.15831410884857178,0.3627009689807892,-0.07319189608097076,0.2061368227005005,0.38013169169425964,-0.0592668391764164,0.22141790390014648,0.31109532713890076,-0.08403348922729492,0.21133172512054443,0.3370850384235382,-0.07589802145957947,0.20344263315200806,0.36974814534187317,-0.0621715784072876
V,0.1445958912372589,0.6031324863433838,8.079434792307438e-07,0.08885502815246582,0.5368359684944153,-0.026874786242842674,0.06540623307228088,0.44177377223968506,-0.044892970472574234,0.09118068218231201,0.3663593530654907,-0.06616782397031784,0.13051390647888184,0.32673996686935425,-0.08576799184083939,0.05874308943748474,0.3062635660171509,-0.022096920758485794,0.030751287937164307,0.18086352944374084,-0.05078485980629921,0.013181358575820923,0.10144254565238953,-0.06909777969121933,0.0,0.03836899995803833,-0.08006466180086136,0.11314192414283752,0.3027421832084656,-0.03176422044634819,0.12067019939422607,0.15817201137542725,-0.06262621283531189,0.12235048413276672,0.07100966572761536,-0.08255577832460403,0.12708327174186707,0.0,-0.09198523312807083,0.16331002116203308,0.3315389156341553,-0.04510105401277542,0.1785496473312378,0.24171096086502075,-0.08488713204860687,0.1653231680393219,0.3050936460494995,-0.0866762176156044,0.1581670641899109,0.3618810176849365,-0.07512564957141876,0.20795661211013794,0.3803866505622864,-0.06098148971796036,0.22461557388305664,0.31333714723587036,-0.08575264364480972,0.2135905623435974,0.34101903438568115,-0.07775066792964935,0.20632535219192505,0.37392520904541016,-0.06424132734537125
V,0.14348366856575012,0.6048361361026764,8.145781862367585e-07,0.08649799227714539,0.538193017244339,-0.027070503681898117,0.06356436014175415,0.44354113936424255,-0.045400723814964294,0.09021216630935669,0.3661532700061798,-0.06701531261205673,0.1304752230644226,0.3254753649234772,-0.08673592656850815,0.058313846588134766,0.30748608708381653,-0.021719330921769142,0.03020307421684265,0.18085619807243347,-0.05011847987771034,0.01279914379119873,0.10173091292381287,-0.06750240176916122,0.0,0.039126694202423096,-0.07745952904224396,0.11264404654502869,0.30369898676872253,-0.0313541404902935,0.11920949816703796,0.1573179066181183,-0.06202452629804611,0.12036329507827759,0.0696839690208435,-0.0809321328997612,0.12474480271339417,0.0,-0.08926840871572495,0.162706196308136,0.3324960768222809,-0.04482902213931084,0.17864573001861572,0.24238279461860657,-0.08580917119979858,0.16483566164970398,0.30730727314949036,-0.08777142316102982,0.15710106492042542,0.36614885926246643,-0.07563874870538712,0.20690900087356567,0.38145413994789124,-0.06073152273893356,0.2239919900894165,0.3139679729938507,-0.08695239573717117,0.21168607473373413,0.3423880636692047,-0.07936801016330719,0.20257568359375,0.377104252576828,-0.0656135082244873
V,0.14582812786102295,0.6032276153564453,8.139948590724089e-07,0.08897221088409424,0.5362985134124756,-0.02682913839817047,0.06546205282211304,0.442207932472229,-0.04498476907610893,0.09265339374542236,0.3677622675895691,-0.06634601205587387,0.13262006640434265,0.3306940197944641,-0.08594959229230881,0.05951055884361267,0.30635786056518555,-0.021591024473309517,0.031171083450317383,0.18098074197769165,-0.04973786696791649,0.013506948947906494,0.10214623808860779,-0.0675196722149849,0.0,0.039215415716171265,-0.07806653529405594,0.1137966513633728,0.30226874351501465,-0.031260598450899124,0.12064933776855469,0.15660321712493896,-0.06151193380355835,0.12333923578262329,0.06956207752227783,-0.08085861057043076,0.1287955641746521,0.0,-0.08965929597616196,0.16383469104766846,0.33086729049682617,-0.04464792087674141,0.17964619398117065,0.245031476020813,-0.08416460454463959,0.16786080598831177,0.3074249029159546,-0.08627954870462418,0.1608072817325592,0.3636607527732849,-0.07471372932195663,0.20847666263580322,0.37930136919021606,-0.06053408235311508,0.22491031885147095,0.3157530426979065,-0.08471744507551193,0.2146226167678833,0.3432047963142395,-0.07644029706716537,0.20746588706970215,0.3753960132598877,-0.06267348676919937
V,0.14458945393562317,0.6029576361179352,8.135000939546444e-07,0.08886736631393433,0.5402978956699371,-0.031085850670933723,0.06342506408691406,0.4475765526294708,-0.05095497518777847,0.0888567864894867,0.36811724305152893,-0.07333649694919586,0.1309356391429901,0.32432475686073303,-0.09341992437839508,0.058361053466796875,0.3074200451374054,-0.02370709925889969,0.029306262731552124,0.18207025527954102,-0.05229759216308594,0.012075066566467285,0.10388395190238953,-0.07016239315271378,0.0,0.041269510984420776,-0.08083663135766983,0.11285746097564697,0.3021421730518341,-0.031349778175354004,0.11853253841400146,0.1572514772415161,-0.06285067647695541,0.12094572186470032,0.0702921450138092,-0.08342809230089188,0.12576916813850403,0.0,-0.09318123012781143,0.16206789016723633,0.329241007566452,-0.04322103038430214,0.17786937952041626,0.24339613318443298,-0.08548666536808014,0.16711083054542542,0.30735650658607483,-0.08986574411392212,0.15988141298294067,0.364386647939682,-0.0794406607747078,0.20583027601242065,0.37569090723991394,-0.05774218961596489,0.22246640920639038,0.30934014916419983,-0.08479609340429306,0.2121882438659668,0.33993467688560486,-0.07882244884967804,0.20386415719985962,0.37607041001319885,-0.06650041043758392
V,0.14616751670837402,0.6022562086582184,7.904980066086864e-07,0.0899716317653656,0.5356328785419464,-0.02672777883708477,0.06570273637771606,0.44265028834342957,-0.04445358365774155,0.09229603409767151,0.3677137792110443,-0.06549035757780075,0.13208335638046265,0.3272360861301422,-0.08453309535980225,0.05998268723487854,0.30670103430747986,-0.02044968493282795,0.03094199299812317,0.18147864937782288,-0.04841049760580063,0.013247847557067871,0.1028279960155487,-0.06587240099906921,0.0,0.04026135802268982,-0.0759776309132576,0.11417576670646667,0.30186858773231506,-0.029706327244639397,0.11919152736663818,0.1573255956172943,-0.05990518257021904,0.12100917100906372,0.06995218992233276,-0.07882554084062576,0.12555310130119324,0.0,-0.08719269186258316,0.16382592916488647,0.32936397194862366,-0.04290979355573654,0.17722448706626892,0.24387791752815247,-0.0829235166311264,0.1673351228237152,0.305754154920578,-0.08544615656137466,0.16176912188529968,0.3623311221599579,-0.0738241896033287,0.20822331309318542,0.3766309320926666,-0.05855632573366165,0.22405728697776794,0.30975762009620667,-0.08296322077512741,0.2128412425518036,0.3368628919124603,-0.07505792379379272,0.20418193936347961,0.3708241879940033,-0.061442214995622635
V,0.14426401257514954,0.5995700061321259,7.944518642943876e-07,0.08898916840553284,0.5364046990871429,-0.028324956074357033,0.06397569179534912,0.44123879075050354,-0.04678773507475853,0.08986255526542664,0.3643094003200531,-0.06818699836730957,0.13088151812553406,0.32231804728507996,-0.08748604357242584,0.05886566638946533,0.3036978542804718,-0.023993704468011856,0.029898911714553833,0.17874392867088318,-0.052677907049655914,0.01255100965499878,0.10087403655052185,-0.06994708627462387,0.0,0.03810575604438782,-0.07996930927038193,0.11323568224906921,0.2994022071361542,-0.033034633845090866,0.11887183785438538,0.15617582201957703,-0.06473656743764877,0.12131199240684509,0.07023519277572632,-0.08376394957304001,0.12644943594932556,0.0,-0.09203774482011795,0.16356900334358215,0.3272314965724945,-0.0458436943590641,0.1777360737323761,0.2440665066242218,-0.0883374735713005,0.16610834002494812,0.314567893743515,-0.08945763856172562,0.159487783908844,0.37469837069511414,-0.07636342942714691,0.20849981904029846,0.37494227290153503,-0.06115560978651047,0.2218291461467743,0.3129473030567169,-0.08828849345445633,0.20996472239494324,0.3475339114665985,-0.07998070865869522,0.20189163088798523,0.38447973132133484,-0.06556698679924011
V,0.14489707350730896,0.600060909986496,7.879546046751784e-07,0.08797109127044678,0.5367861092090607,-0.027184270322322845,0.06201654672622681,0.44146016240119934,-0.045106612145900726,0.09156200289726257,0.3683789074420929,-0.06603113561868668,0.13353440165519714,0.3332972824573517,-0.08540816605091095,0.05909779667854309,0.3056579530239105,-0.02508736215531826,0.030660629272460938,0.17864492535591125,-0.05390557274222374,0.013252466917037964,0.09930160641670227,-0.07209829241037369,0.0,0.03634190559387207,-0.08308454602956772,0.11448630690574646,0.3017137348651886,-0.03447512164711952,0.12039133906364441,0.15743401646614075,-0.06562630832195282,0.1218072772026062,0.07091715931892395,-0.08536557108163834,0.1260066032409668,0.0,-0.09470098465681076,0.16481491923332214,0.32989391684532166,-0.04735441133379936,0.179040789604187,0.2421172559261322,-0.08736351877450943,0.16736045479774475,0.3082071840763092,-0.08862429857254028,0.16023266315460205,0.36565539240837097,-0.07669293135404587,0.20934051275253296,0.37853148579597473,-0.06278783828020096,0.2252514362335205,0.3119126856327057,-0.08797299861907959,0.21403074264526367,0.34297284483909607,-0.07959972321987152,0.20552688837051392,0.37831202149391174,-0.06582269072532654
V,0.1463736593723297,0.5984522700309753,8.150629469128035e-07,0.08907654881477356,0.5322670340538025,-0.027542203664779663,0.06486663222312927,0.43866610527038574,-0.04654884338378906,0.09260350465774536,0.3638128638267517,-0.06845027953386307,0.13388913869857788,0.3266165852546692,-0.08849775791168213,0.06010168790817261,0.3029990792274475,-0.023908156901597977,0.031075626611709595,0.1776747703552246,-0.05288662016391754,0.013320565223693848,0.09938573837280273,-0.07100698351860046,0.0,0.03616252541542053,-0.08163227140903473,0.1147351861000061,0.3000047206878662,-0.03308246284723282,0.12059387564659119,0.15638777613639832,-0.06411818414926529,0.12322509288787842,0.07009133696556091,-0.08311404287815094,0.12874150276184082,0.0,-0.09152724593877792,0.16484257578849792,0.32864874601364136,-0.04598388820886612,0.1790146827697754,0.2422482967376709,-0.08651020377874374,0.16816365718841553,0.3054736256599426,-0.08803722262382507,0.16188010573387146,0.3619517683982849,-0.07574860751628876,0.20976203680038452,0.37661808729171753,-0.06140939146280289,0.22555291652679443,0.3112158179283142,-0.08648481220006943,0.2159242033958435,0.3381440043449402,-0.07811103016138077,0.20924776792526245,0.36996525526046753,-0.06400113552808762
V,0.1424652338027954,0.5985322892665863,8.202073331631254e-07,0.08711269497871399,0.5348189771175385,-0.028907714411616325,0.06130912899971008,0.4433731734752655,-0.04954048991203308,0.08347496390342712,0.36625370383262634,-0.07291436195373535,0.12341630458831787,0.3239997923374176,-0.09409918636083603,0.05575600266456604,0.30846312642097473,-0.0283625777810812,0.0280916690826416,0.18010041117668152,-0.05877332761883736,0.011958301067352295,0.10146906971931458,-0.07724763453006744,0.0,0.03863677382469177,-0.08801288157701492,0.10962700843811035,0.3044568598270416,-0.03713781014084816,0.117186039686203,0.15770593285560608,-0.06941819190979004,0.12013116478919983,0.07147803902626038,-0.08860673010349274,0.12495219707489014,0.0,-0.09743356704711914,0.15952640771865845,0.33200129866600037,-0.04940531775355339,0.17361068725585938,0.24297574162483215,-0.08989065140485764,0.16207697987556458,0.31033602356910706,-0.08894557505846024,0.155398428440094,0.36859384179115295,-0.07540663331747055,0.20446109771728516,0.37998661398887634,-0.06444752961397171,0.22093570232391357,0.31243976950645447,-0.089868925511837,0.21050429344177246,0.34151366353034973,-0.08057210594415665,0.20260202884674072,0.37484046816825867,-0.06590424478054047
V,0.14255213737487793,0.5989659428596497,8.182988153748738e-07,0.08805719017982483,0.5325491428375244,-0.026598799973726273,0.06354176998138428,0.43930453062057495,-0.044811882078647614,0.09105372428894043,0.3664216995239258,-0.06612256169319153,0.13206112384796143,0.32906830310821533,-0.08584704995155334,0.056661128997802734,0.30482935905456543,-0.02350151166319847,0.02945151925086975,0.1797018051147461,-0.05194741487503052,0.012629419565200806,0.1013786792755127,-0.069943867623806,0.0,0.039126843214035034,-0.08066718280315399,0.11119651794433594,0.30218130350112915,-0.03324395790696144,0.11911499500274658,0.15774241089820862,-0.06377503275871277,0.12151247262954712,0.07088926434516907,-0.08325862139463425,0.12676644325256348,0.0,-0.09246043115854263,0.16123872995376587,0.33154773712158203,-0.046575769782066345,0.17687678337097168,0.24476265907287598,-0.08638270199298859,0.16416892409324646,0.3073260188102722,-0.0885624960064888,0.15671226382255554,0.362643301486969,-0.07736638188362122,0.20549702644348145,0.3805542588233948,-0.06232227012515068,0.22185343503952026,0.31243205070495605,-0.0874333530664444,0.2099871039390564,0.3415427803993225,-0.07939944416284561,0.2011849284172058,0.3759773373603821,-0.06595949083566666
V,0.14552000164985657,0.5964309275150299,8.004940355021972e-07,0.09044790267944336,0.5343062579631805,-0.027663348242640495,0.06667855381965637,0.4445946514606476,-0.047095611691474915,0.09304612874984741,0.372881144285202,-0.0695284903049469,0.13079509139060974,0.3316861093044281,-0.09010758250951767,0.05834507942199707,0.30544164776802063,-0.026036730036139488,0.029475688934326172,0.17917534708976746,-0.055483121424913406,0.012575119733810425,0.10029283165931702,-0.07410439848899841,0.0,0.037163883447647095,-0.08549255132675171,0.11292299628257751,0.3003561198711395,-0.03576464578509331,0.1191655695438385,0.15650340914726257,-0.06743069738149643,0.12201297283172607,0.07085362076759338,-0.08763790130615234,0.1270565688610077,0.0,-0.09762845188379288,0.16301152110099792,0.32785019278526306,-0.048976100981235504,0.17801958322525024,0.24034956097602844,-0.08887436985969543,0.16654402017593384,0.30624011158943176,-0.0895194485783577,0.15956014394760132,0.36325302720069885,-0.07772427797317505,0.20750313997268677,0.37619778513908386,-0.06481624394655228,0.22245198488235474,0.3119216859340668,-0.09018518775701523,0.21162831783294678,0.3425309360027313,-0.08172290027141571,0.2039639949798584,0.3761257827281952,-0.06809602677822113
V,0.1443425416946411,0.6018228828907013,8.304696734739991e-07,0.0893201231956482,0.5354343950748444,-0.029836751520633698,0.06469875574111938,0.44508442282676697,-0.0501408576965332,0.08696392178535461,0.3670397102832794,-0.07319865375757217,0.12514430284500122,0.32426968216896057,-0.09396961331367493,0.05844426155090332,0.3050854504108429,-0.022869113832712173,0.029977351427078247,0.180515855550766,-0.052117735147476196,0.012341082096099854,0.10254213213920593,-0.07106469571590424,0.0,0.04022762179374695,-0.08240358531475067,0.11262044310569763,0.3019172251224518,-0.03125510364770889,0.1183728277683258,0.15897169709205627,-0.06305398046970367,0.12035438418388367,0.0716891884803772,-0.0835881158709526,0.12583038210868835,0.0,-0.09341876953840256,0.1622891128063202,0.33094868063926697,-0.04378770664334297,0.1771167516708374,0.24076226353645325,-0.08529075235128403,0.16561341285705566,0.3046897351741791,-0.08739186823368073,0.159123957157135,0.36285606026649475,-0.0756153091788292,0.20673197507858276,0.3798375427722931,-0.059055402874946594,0.22321271896362305,0.30946478247642517,-0.08566587418317795,0.21300172805786133,0.3374864161014557,-0.0782412588596344,0.20532047748565674,0.37207725644111633,-0.06470678001642227
V,0.14285200834274292,0.5979757606983185,8.077343522927549e-07,0.08777832984924316,0.5346929132938385,-0.028339460492134094,0.06416279077529907,0.44351711869239807,-0.04842730611562729,0.08782607316970825,0.36935266852378845,-0.07111457735300064,0.12644603848457336,0.3263605535030365,-0.09162719547748566,0.057852715253829956,0.30524709820747375,-0.026069238781929016,0.029655486345291138,0.179167240858078,-0.05514338240027428,0.01249772310256958,0.10026201605796814,-0.07333671301603317,0.0,0.038048356771469116,-0.08426255732774734,0.1119036078453064,0.30188897252082825,-0.034800827503204346,0.11941182613372803,0.15710708498954773,-0.06611479818820953,0.12281018495559692,0.07075336575508118,-0.08580581843852997,0.12840351462364197,0.0,-0.0953911617398262,0.16120246052742004,0.3299495279788971,-0.04708665609359741,0.17705684900283813,0.23867031931877136,-0.0870477557182312,0.16530990600585938,0.3019784390926361,-0.08833689987659454,0.15730467438697815,0.35858866572380066,-0.07685372233390808,0.20571058988571167,0.3780166208744049,-0.06195628643035889,0.22316312789916992,0.310842901468277,-0.08778956532478333,0.21419775485992432,0.3363129198551178,-0.08056953549385071,0.2066349983215332,0.36644861102104187,-0.06765943765640259
V,0.14312389492988586,0.5985014736652374,8.324123541569861e-07,0.08836251497268677,0.5343919098377228,-0.02890351414680481,0.06494569778442383,0.4446106255054474,-0.049269746989011765,0.08940893411636353,0.36925622820854187,-0.07239338755607605,0.12818551063537598,0.32579734921455383,-0.09348884224891663,0.05821335315704346,0.3062489926815033,-0.025823205709457397,0.030193746089935303,0.18055495619773865,-0.055297765880823135,0.012837201356887817,0.10082307457923889,-0.07396987825632095,0.0,0.03716328740119934,-0.085079126060009,0.11253994703292847,0.3023435175418854,-0.034553203731775284,0.12064796686172485,0.15795382857322693,-0.06591710448265076,0.12426525354385376,0.07014018297195435,-0.08567434549331665,0.1302204728126526,0.0,-0.0950176790356636,0.16245314478874207,0.330545574426651,-0.04699797183275223,0.17718198895454407,0.24147829413414001,-0.08701582998037338,0.16446983814239502,0.30403903126716614,-0.08833695948123932,0.15660062432289124,0.36170873045921326,-0.07650021463632584,0.20711711049079895,0.3782126009464264,-0.06210695952177048,0.22336474061012268,0.3114589750766754,-0.08734695613384247,0.21327564120292664,0.3381423056125641,-0.07931096106767654,0.20588067173957825,0.37102368474006653,-0.0655948743224144
V,0.14070871472358704,0.5975624918937683,8.103518212010385e-07,0.08478859066963196,0.5300332307815552,-0.02636329084634781,0.06217128038406372,0.4376542568206787,-0.04494946077466011,0.08656153082847595,0.36280208826065063,-0.06694985926151276,0.1244775652885437,0.32227402925491333,-0.08702227473258972,0.05785202980041504,0.30203157663345337,-0.02146744169294834,0.029820561408996582,0.17698124051094055,-0.050379302352666855,0.01245969533920288,0.097087562084198,-0.06892971694469452,0.0,0.033815085887908936,-0.08013755828142166,0.11225453019142151,0.2985995411872864,-0.031509820371866226,0.12112870812416077,0.15605157613754272,-0.06327056884765625,0.12452945113182068,0.06905537843704224,-0.08359942585229874,0.13057073950767517,0.0,-0.09332404285669327,0.16205230355262756,0.32661283016204834,-0.045270826667547226,0.1783427596092224,0.23614895343780518,-0.08540660887956619,0.16528776288032532,0.2978088855743408,-0.08690399676561356,0.15705382823944092,0.35465288162231445,-0.0753011628985405,0.20658832788467407,0.37399816513061523,-0.061570849269628525,0.2237405776977539,0.30744439363479614,-0.08672387897968292,0.2116585373878479,0.3342266082763672,-0.07882332801818848,0.20205163955688477,0.36810368299484253,-0.06533472239971161
V,0.14527404308319092,0.5990781188011169,8.050467386055971e-07,0.089225172996521,0.5356752276420593,-0.02804414927959442,0.0652252733707428,0.44140779972076416,-0.04659958556294441,0.09005016088485718,0.36439889669418335,-0.06804639846086502,0.1264709234237671,0.3218154311180115,-0.08763352036476135,0.05997610092163086,0.3078835606575012,-0.024635640904307365,0.030749797821044922,0.18143975734710693,-0.053509172052145004,0.01288449764251709,0.1028815507888794,-0.07129740715026855,0.0,0.03909608721733093,-0.08189885318279266,0.11420372128486633,0.30305594205856323,-0.033516284078359604,0.12185710668563843,0.15848776698112488,-0.06478177756071091,0.1262485682964325,0.07148006558418274,-0.08411227911710739,0.13329726457595825,0.0,-0.09312287718057632,0.1637641191482544,0.3304203152656555,-0.0460490807890892,0.17984741926193237,0.24158328771591187,-0.0869106650352478,0.1670127511024475,0.30797696113586426,-0.08791114389896393,0.1595112383365631,0.3668367266654968,-0.07562347501516342,0.20816785097122192,0.3774069547653198,-0.06115328520536423,0.22426831722259521,0.31297361850738525,-0.08782285451889038,0.213209331035614,0.3427938222885132,-0.08016613870859146,0.20553427934646606,0.37676191329956055,-0.06657189130783081
V,0.1450895071029663,0.5999060273170471,8.471079127048142e-07,0.08990922570228577,0.5370038151741028,-0.027926331385970116,0.06744363903999329,0.442929744720459,-0.04738784581422806,0.09202796220779419,0.3676140308380127,-0.06983008235692978,0.12903985381126404,0.3246701955795288,-0.09025547653436661,0.05862048268318176,0.3053690195083618,-0.024659184738993645,0.029877156019210815,0.17899727821350098,-0.053856827318668365,0.012790143489837646,0.09944450855255127,-0.0718570351600647,0.0,0.03686532378196716,-0.08230341970920563,0.11353334784507751,0.3022192120552063,-0.033985186368227005,0.12423679232597351,0.15674740076065063,-0.06574209034442902,0.12793907523155212,0.07020804286003113,-0.08515799045562744,0.13334262371063232,0.0,-0.09387940168380737,0.16347596049308777,0.33104443550109863,-0.04697391763329506,0.17894959449768066,0.24284309148788452,-0.087027408182621,0.16607075929641724,0.3099793791770935,-0.08673141151666641,0.15875625610351562,0.36694031953811646,-0.07368697226047516,0.20815640687942505,0.37945085763931274,-0.06257695704698563,0.2246568202972412,0.31293028593063354,-0.08701154589653015,0.21286088228225708,0.34444594383239746,-0.07725539803504944,0.20469874143600464,0.3781334161758423,-0.06244827061891556
V,0.14300841093063354,0.5982752740383148,8.120379106912878e-07,0.08677312731742859,0.5345534980297089,-0.025806153193116188,0.062361687421798706,0.44127365946769714,-0.0439964197576046,0.08651119470596313,0.3662232458591461,-0.06529908627271652,0.12495315074920654,0.3255297839641571,-0.08472933620214462,0.0569649338722229,0.3041130602359772,-0.023383179679512978,0.02943408489227295,0.17746350169181824,-0.05102619156241417,0.012512266635894775,0.09839025139808655,-0.0681554302573204,0.0,0.03628814220428467,-0.0783735066652298,0.1111973226070404,0.30132654309272766,-0.03304048627614975,0.12180840969085693,0.1558818221092224,-0.06313592195510864,0.12533161044120789,0.06905975937843323,-0.0821523666381836,0.13143771886825562,0.0,-0.09121596813201904,0.16078302264213562,0.3300563395023346,-0.04603834077715874,0.17675817012786865,0.23902317881584167,-0.08452262729406357,0.16439759731292725,0.30054083466529846,-0.0852542296051979,0.1574159562587738,0.35672685503959656,-0.07352882623672485,0.20547133684158325,0.3780253827571869,-0.061434246599674225,0.22198939323425293,0.3095402419567108,-0.0856037586927414,0.21179479360580444,0.33531925082206726,-0.07720457762479782,0.2047310471534729,0.3672105371952057,-0.06359703093767166
V,0.14399835467338562,0.5989691615104675,8.26781217710959e-07,0.08885440230369568,0.5345611572265625,-0.02672719955444336,0.06491664052009583,0.44292211532592773,-0.045635852962732315,0.08874624967575073,0.36933887004852295,-0.06760095059871674,0.12638646364212036,0.3282132148742676,-0.08764655888080597,0.057929545640945435,0.30533552169799805,-0.024007968604564667,0.029188305139541626,0.17914515733718872,-0.052901316434144974,0.012151211500167847,0.10023766756057739,-0.07073225826025009,0.0,0.03764820098876953,-0.08094019442796707,0.11280199885368347,0.30181705951690674,-0.03349369391798973,0.12132236361503601,0.15659496188163757,-0.06447809189558029,0.12586861848831177,0.06982773542404175,-0.08353894203901291,0.13311529159545898,0.0,-0.0921301618218422,0.16298463940620422,0.3296073079109192,-0.046535100787878036,0.1790686547756195,0.2439536452293396,-0.08632155507802963,0.16614007949829102,0.30864250659942627,-0.08738186210393906,0.15822187066078186,0.36626291275024414,-0.07518710941076279,0.20792463421821594,0.3767503499984741,-0.06199523061513901,0.2236737310886383,0.31089311838150024,-0.08610152453184128,0.21283873915672302,0.3390733003616333,-0.07701179385185242,0.20488163828849792,0.37161266803741455,-0.0626852959394455
V,0.14341828227043152,0.5968626737594604,8.324540203830111e-07,0.08636528253555298,0.53553706407547,-0.02836909145116806,0.05958503484725952,0.4423243999481201,-0.048256564885377884,0.08577436208724976,0.3691672086715698,-0.07083907723426819,0.1285090148448944,0.33317428827285767,-0.0914689302444458,0.05734410881996155,0.30327367782592773,-0.02734656073153019,0.028965473175048828,0.17777854204177856,-0.056440528482198715,0.012220948934555054,0.09971237182617188,-0.07413791865110397,0.0,0.037664592266082764,-0.08460189402103424,0.11162585020065308,0.2997543215751648,-0.03613549470901489,0.12053155899047852,0.1554492712020874,-0.067383773624897,0.12350216507911682,0.06988486647605896,-0.08606750518083572,0.12927550077438354,0.0,-0.09434433281421661,0.16139504313468933,0.3283196687698364,-0.04841272160410881,0.17447474598884583,0.24262464046478271,-0.08812421560287476,0.1620309054851532,0.30869054794311523,-0.08826521039009094,0.15575671195983887,0.36620187759399414,-0.07542930543422699,0.20624956488609314,0.3768157958984375,-0.06336919963359833,0.22106865048408508,0.3142464756965637,-0.08794791996479034,0.21127453446388245,0.3425998091697693,-0.07917573302984238,0.20517811179161072,0.37465715408325195,-0.06496396660804749
V,0.14279323816299438,0.5972202122211456,8.272842819678772e-07,0.08645552396774292,0.531990259885788,-0.026573559269309044,0.06302306056022644,0.43932756781578064,-0.04567509889602661,0.09081640839576721,0.3679826557636261,-0.06790163367986679,0.13109001517295837,0.3311229646205902,-0.08837075531482697,0.05804005265235901,0.30311188101768494,-0.02455882541835308,0.030030637979507446,0.1778770387172699,-0.05337143689393997,0.012836545705795288,0.09949132800102234,-0.07136870175600052,0.0,0.03726133704185486,-0.08209390193223953,0.1124933660030365,0.2999826967716217,-0.034249771386384964,0.1216130256652832,0.1558307707309723,-0.06505157053470612,0.1250593662261963,0.06983718276023865,-0.0840955302119255,0.13137286901474,0.0,-0.0929618775844574,0.1622593104839325,0.3287948668003082,-0.04746817424893379,0.17695680260658264,0.24183306097984314,-0.08629204332828522,0.1640227735042572,0.30424532294273376,-0.08704560995101929,0.1567709743976593,0.3591645658016205,-0.07522772252559662,0.20689210295677185,0.377023845911026,-0.06325612217187881,0.22339358925819397,0.30966392159461975,-0.08707907795906067,0.21151575446128845,0.3385107219219208,-0.0782281905412674,0.20311352610588074,0.3722589910030365,-0.06442830711603165
V,0.14423605799674988,0.5942293405532837,8.316441153510823e-07,0.08856019377708435,0.5287718772888184,-0.028799407184123993,0.06322973966598511,0.43950480222702026,-0.04850976914167404,0.08940845727920532,0.3667764663696289,-0.07123200595378876,0.13187560439109802,0.3299151062965393,-0.09187342971563339,0.05817502737045288,0.30103152990341187,-0.022814862430095673,0.02888810634613037,0.17852550745010376,-0.05131000280380249,0.011857599020004272,0.10152456164360046,-0.06916164606809616,0.0,0.03928399085998535,-0.07969458401203156,0.11283421516418457,0.2968778610229492,-0.03150325268507004,0.12166061997413635,0.15537714958190918,-0.062184929847717285,0.1255943477153778,0.06953731179237366,-0.08112487196922302,0.13166135549545288,0.0,-0.089689239859581,0.16231447458267212,0.32468467950820923,-0.04433565214276314,0.17839467525482178,0.2411048412322998,-0.08533419668674469,0.16631335020065308,0.3051877021789551,-0.08809354901313782,0.1588422656059265,0.3630569577217102,-0.07657185196876526,0.20618343353271484,0.37211692333221436,-0.059743862599134445,0.22246694564819336,0.30731451511383057,-0.08518727123737335,0.20963776111602783,0.33701467514038086,-0.07762861996889114,0.19920867681503296,0.37349605560302734,-0.06424680352210999
V,0.1435290277004242,0.5961856245994568,8.193314897653181e-07,0.08831799030303955,0.5320121645927429,-0.027224596589803696,0.06540408730506897,0.44095903635025024,-0.04595068469643593,0.09248107671737671,0.3691331744194031,-0.06767571717500687,0.1307876706123352,0.3292427062988281,-0.08761229366064072,0.058054059743881226,0.30374985933303833,-0.024170497432351112,0.02980026602745056,0.17948442697525024,-0.05174526199698448,0.012612879276275635,0.10131925344467163,-0.0692758783698082,0.0,0.03875607252120972,-0.0799952894449234,0.11256912350654602,0.30030500888824463,-0.03344041481614113,0.12138673663139343,0.15686458349227905,-0.06301803141832352,0.12508928775787354,0.06960088014602661,-0.08209631592035294,0.13130304217338562,0.0,-0.09145183861255646,0.1619841754436493,0.3295813202857971,-0.04631030187010765,0.177013099193573,0.24119281768798828,-0.08541534841060638,0.1645631194114685,0.3033190965652466,-0.08775994926691055,0.1572594940662384,0.36108851432800293,-0.07708155363798141,0.20590710639953613,0.37902384996414185,-0.06164101883769035,0.2223958969116211,0.3116632103919983,-0.08739834278821945,0.21046966314315796,0.3403029441833496,-0.08039353787899017,0.201104998588562,0.3765580654144287,-0.0676724761724472
V,0.14443302154541016,0.5952402949333191,8.185527917703439e-07,0.08861911296844482,0.5303269624710083,-0.028063317760825157,0.06474268436431885,0.43844419717788696,-0.04720107465982437,0.08817881345748901,0.36245250701904297,-0.06927154213190079,0.12584275007247925,0.31990915536880493,-0.08929935097694397,0.05944192409515381,0.3041030764579773,-0.02402329258620739,0.03038036823272705,0.17915639281272888,-0.05253547802567482,0.01265212893486023,0.1005319356918335,-0.07027953863143921,0.0,0.03720581531524658,-0.08081645518541336,0.11354658007621765,0.30009984970092773,-0.032807789742946625,0.12059372663497925,0.1569916307926178,-0.06344619393348694,0.12440386414527893,0.0700768232345581,-0.08268212527036667,0.1310935616493225,0.0,-0.09166711568832397,0.16297447681427002,0.3278948664665222,-0.04536174610257149,0.17754697799682617,0.2420831322669983,-0.08531274646520615,0.16759079694747925,0.3039515018463135,-0.0870995745062828,0.16212913393974304,0.36051785945892334,-0.0754794329404831,0.20729327201843262,0.37507981061935425,-0.06047912687063217,0.2239396572113037,0.30778348445892334,-0.08552318066358566,0.21388429403305054,0.33538657426834106,-0.07764038443565369,0.2061539888381958,0.3698572516441345,-0.06413504481315613
V,0.14354175329208374,0.5952643156051636,8.213241926569026e-07,0.08774790167808533,0.5305176377296448,-0.02683473937213421,0.06283065676689148,0.4382029175758362,-0.04570557549595833,0.09004247188568115,0.3643442392349243,-0.0674053207039833,0.12907159328460693,0.32256096601486206,-0.08723479509353638,0.058127909898757935,0.3034965395927429,-0.02606271766126156,0.02951255440711975,0.1787252426147461,-0.05508918687701225,0.012589454650878906,0.10072177648544312,-0.07279078662395477,0.0,0.03871738910675049,-0.08314712345600128,0.11202776432037354,0.3005416989326477,-0.03540370613336563,0.12141028046607971,0.15557211637496948,-0.06648318469524384,0.12470364570617676,0.06952276825904846,-0.0849493145942688,0.1309109628200531,0.0,-0.09320522099733353,0.1615869700908661,0.3295484781265259,-0.04821036010980606,0.1761624813079834,0.24186158180236816,-0.08760177344083786,0.16354528069496155,0.3043931722640991,-0.08770422637462616,0.15741592645645142,0.3595643639564514,-0.0752481147646904,0.20584392547607422,0.3785325884819031,-0.06355476379394531,0.2222452163696289,0.3117576241493225,-0.0882968083024025,0.2104453444480896,0.3392787575721741,-0.0795472115278244,0.20250064134597778,0.37158095836639404,-0.06555710732936859
V,0.14404574036598206,0.5947478115558624,8.164096811924537e-07,0.09019207954406738,0.5320604145526886,-0.02981005422770977,0.06638726592063904,0.44400617480278015,-0.049659572541713715,0.08943712711334229,0.36695507168769836,-0.07212429493665695,0.12509596347808838,0.31982776522636414,-0.09223112463951111,0.060023218393325806,0.3049267828464508,-0.024652747437357903,0.030863285064697266,0.17977365851402283,-0.05394616350531578,0.013016998767852783,0.10142830014228821,-0.0721827894449234,0.0,0.0386967658996582,-0.08274057507514954,0.11406600475311279,0.2997836172580719,-0.0328516811132431,0.1207200288772583,0.15565338730812073,-0.06460995972156525,0.12408661842346191,0.06915676593780518,-0.08428879082202911,0.12981289625167847,0.0,-0.09322140365839005,0.1634160876274109,0.3273407518863678,-0.04509744048118591,0.17880487442016602,0.24195638298988342,-0.08720708638429642,0.16878682374954224,0.30502161383628845,-0.08994846791028976,0.16256499290466309,0.3620864450931549,-0.07847277820110321,0.20760095119476318,0.3747275173664093,-0.05990889295935631,0.225319504737854,0.30856433510780334,-0.08711224794387817,0.2135952115058899,0.3388689458370209,-0.08001358062028885,0.20376408100128174,0.37544575333595276,-0.0666399672627449
V,0.14625617861747742,0.5995578169822693,8.110906719593913e-07,0.09026071429252625,0.5369980931282043,-0.028849152848124504,0.06524977087974548,0.4447224736213684,-0.04843844845890999,0.09244826436042786,0.36819756031036377,-0.07069025933742523,0.13310551643371582,0.3238121271133423,-0.0909314751625061,0.06026992201805115,0.30718570947647095,-0.026422282680869102,0.03057923913002014,0.1816728413105011,-0.0557822585105896,0.01276630163192749,0.10242059826850891,-0.0741598829627037,0.0,0.038616448640823364,-0.08510065078735352,0.11539265513420105,0.30226778984069824,-0.03537386283278465,0.123178631067276,0.15749907493591309,-0.06687788665294647,0.12598860263824463,0.07021895051002502,-0.0865294337272644,0.13153600692749023,0.0,-0.0957246944308281,0.16556882858276367,0.3304464817047119,-0.04804285988211632,0.18194594979286194,0.24455934762954712,-0.08902359008789062,0.17004409432411194,0.3073963522911072,-0.09102514386177063,0.1628483533859253,0.3640768527984619,-0.0794849768280983,0.20968154072761536,0.37889719009399414,-0.06323464214801788,0.22602835297584534,0.3112448453903198,-0.08917433768510818,0.21398469805717468,0.3407803773880005,-0.08107595890760422,0.20488396286964417,0.37676048278808594,-0.06733758002519608
V,0.14260250329971313,0.599824845790863,8.279748158201983e-07,0.08591830730438232,0.5325098633766174,-0.02672702819108963,0.06064438819885254,0.44074416160583496,-0.04550102353096008,0.08760955929756165,0.3676522970199585,-0.06761214137077332,0.13022133708000183,0.3307223916053772,-0.0878441110253334,0.05762934684753418,0.30419814586639404,-0.022272206842899323,0.02892783284187317,0.17868447303771973,-0.05034586042165756,0.012171566486358643,0.09996896982192993,-0.06807230412960052,0.0,0.036463141441345215,-0.07878268510103226,0.11213204264640808,0.30144011974334717,-0.03196096792817116,0.12024104595184326,0.15873855352401733,-0.06272789090871811,0.1235814094543457,0.07118868827819824,-0.08214794844388962,0.12968704104423523,0.0,-0.09125117212533951,0.16165554523468018,0.33040839433670044,-0.045416299253702164,0.1758289337158203,0.24292981624603271,-0.0856979712843895,0.16423335671424866,0.3060852289199829,-0.08780025690793991,0.15780621767044067,0.3640180826187134,-0.07609782367944717,0.20602208375930786,0.3782014846801758,-0.061384670436382294,0.22182995080947876,0.31029385328292847,-0.08656459301710129,0.2114768624305725,0.33591675758361816,-0.07899215817451477,0.20393896102905273,0.36858779191970825,-0.06563163548707962
V,0.14470374584197998,0.5969645082950592,8.036428198465728e-07,0.08716118335723877,0.5322473347187042,-0.026262875646352768,0.06361415982246399,0.4369944632053375,-0.04393043369054794,0.09269291162490845,0.3647763431072235,-0.06492163985967636,0.13436967134475708,0.33224937319755554,-0.08427253365516663,0.05860167741775513,0.30270805954933167,-0.0217804666608572,0.030017942190170288,0.17757979035377502,-0.04896123334765434,0.012964695692062378,0.09945538640022278,-0.06631220877170563,0.0,0.03653836250305176,-0.0771072655916214,0.11320585012435913,0.2993323504924774,-0.031451452523469925,0.12039875984191895,0.15696531534194946,-0.061258140951395035,0.12385272979736328,0.07045280933380127,-0.08054088056087494,0.129174143075943,0.0,-0.08996334671974182,0.1623801290988922,0.3281771242618561,-0.04477934539318085,0.17662662267684937,0.23772767186164856,-0.0849006250500679,0.1656482219696045,0.30136147141456604,-0.08799003064632416,0.1582399606704712,0.3590056002140045,-0.0773545354604721,0.20652031898498535,0.37650468945503235,-0.06047265604138374,0.22352087497711182,0.3089061677455902,-0.08664803951978683,0.21260559558868408,0.3366105258464813,-0.0803389847278595,0.2034538984298706,0.37096622586250305,-0.06807535886764526
V,0.14526674151420593,0.595972865819931,8.131052027238184e-07,0.08936932682991028,0.5343618094921112,-0.028065115213394165,0.06486234068870544,0.4413284361362457,-0.047186993062496185,0.08941695094108582,0.3671394884586334,-0.0690823644399643,0.12827205657958984,0.3277061879634857,-0.08906938880681992,0.05875852704048157,0.30275794863700867,-0.025002090260386467,0.030051738023757935,0.17692866921424866,-0.05342751368880272,0.012642443180084229,0.09812623262405396,-0.0711573138833046,0.0,0.03557991981506348,-0.0818406194448471,0.11335232853889465,0.2981633245944977,-0.033828288316726685,0.12106198072433472,0.15441784262657166,-0.06442665308713913,0.1236799955368042,0.06893309950828552,-0.08362331241369247,0.12893477082252502,0.0,-0.09272691607475281,0.16321828961372375,0.32538285851478577,-0.04630359634757042,0.17746183276176453,0.2358781397342682,-0.08583686500787735,0.16549190878868103,0.2992320954799652,-0.08718593418598175,0.15862369537353516,0.35598626732826233,-0.0756235420703888,0.2079751193523407,0.37233617901802063,-0.06136545166373253,0.22343680262565613,0.30588921904563904,-0.086625836789608,0.2136652171611786,0.3334689438343048,-0.079037144780159,0.20711490511894226,0.3658733665943146,-0.06585785001516342
V,0.14423692226409912,0.5962904691696167,8.320556048602157e-07,0.0880567729473114,0.5307744741439819,-0.028068015351891518,0.06373491883277893,0.43811023235321045,-0.04734767600893974,0.08929398655891418,0.3640286922454834,-0.06970036029815674,0.13014701008796692,0.32548731565475464,-0.09000468999147415,0.0578288733959198,0.30272626876831055,-0.023428170010447502,0.029496967792510986,0.1783446967601776,-0.05151720717549324,0.01232483983039856,0.10090434551239014,-0.06887916475534439,0.0,0.03845342993736267,-0.07909984141588211,0.11233115196228027,0.29888635873794556,-0.032294124364852905,0.12010633945465088,0.1557990312576294,-0.06276419758796692,0.12357118725776672,0.06966271996498108,-0.08184592425823212,0.12975376844406128,0.0,-0.09063875675201416,0.16224455833435059,0.3267952799797058,-0.04500998556613922,0.17684489488601685,0.24373704195022583,-0.08541738241910934,0.1647539734840393,0.30791205167770386,-0.08792629092931747,0.15766245126724243,0.365778386592865,-0.07634112983942032,0.2064991593360901,0.37374013662338257,-0.06024524196982384,0.22302424907684326,0.30525046586990356,-0.08517943322658539,0.2124696969985962,0.3320530652999878,-0.07751154899597168,0.20424234867095947,0.36616677045822144,-0.06409754604101181
V,0.1435008943080902,0.5940842628479004,8.245078220170399e-07,0.08889701962471008,0.5303662419319153,-0.03029479645192623,0.06542998552322388,0.43988126516342163,-0.050029952079057693,0.08754703402519226,0.3608320951461792,-0.07211563736200333,0.12277242541313171,0.3118240237236023,-0.09182766824960709,0.05730724334716797,0.30527424812316895,-0.0238893274217844,0.029392123222351074,0.17914199829101562,-0.05239996314048767,0.012362360954284668,0.09960711002349854,-0.07023922353982925,0.0,0.036759912967681885,-0.08064580708742142,0.11149951815605164,0.30018317699432373,-0.03113180212676525,0.11972656846046448,0.1556502878665924,-0.061849817633628845,0.12330609560012817,0.0686073899269104,-0.08149123936891556,0.12922945618629456,0.0,-0.09072641283273697,0.1609392762184143,0.32690733671188354,-0.04245376214385033,0.17608696222305298,0.23926931619644165,-0.08239543437957764,0.16466978192329407,0.2985380291938782,-0.08491939306259155,0.15771955251693726,0.3538300395011902,-0.07393552362918854,0.20519781112670898,0.3724340796470642,-0.056440263986587524,0.22182321548461914,0.30481427907943726,-0.08169107884168625,0.21147769689559937,0.33103084564208984,-0.07450952380895615,0.20326799154281616,0.36469995975494385,-0.06150449067354202
V,0.14444071054458618,0.5903178751468658,7.968698128024698e-07,0.08857801556587219,0.5285060703754425,-0.0276623722165823,0.062337666749954224,0.4378074109554291,-0.046805489808321,0.0871410071849823,0.36390742659568787,-0.06860078871250153,0.12823155522346497,0.3257581889629364,-0.08862615376710892,0.05794206261634827,0.3002517521381378,-0.026257293298840523,0.029100477695465088,0.17544695734977722,-0.054522376507520676,0.011865288019180298,0.09675934910774231,-0.07235550880432129,0.0,0.033870190382003784,-0.08323854207992554,0.11284276843070984,0.29599687457084656,-0.035050101578235626,0.11976400017738342,0.15469273924827576,-0.06506895273923874,0.12296155095100403,0.06912252306938171,-0.08400966227054596,0.1290072500705719,0.0,-0.09331825375556946,0.16282615065574646,0.3237842619419098,-0.047345202416181564,0.1791183054447174,0.23636820912361145,-0.08675573021173477,0.1673705279827118,0.29729583859443665,-0.08906339108943939,0.1596091091632843,0.35374823212623596,-0.07841730117797852,0.20742377638816833,0.3716758191585541,-0.06210252270102501,0.22514966130256653,0.3043958842754364,-0.08805536478757858,0.21516069769859314,0.3300119936466217,-0.08141657710075378,0.20678523182868958,0.3627128303050995,-0.06900940090417862
V,0.14565199613571167,0.5904887616634369,8.392086101594032e-07,0.0906221866607666,0.526751309633255,-0.028552334755659103,0.06549105048179626,0.4377957284450531,-0.04883917048573494,0.09051752090454102,0.3649459779262543,-0.0717107281088829,0.13037332892417908,0.3264736235141754,-0.09254764765501022,0.06027781963348389,0.3008919656276703,-0.026510031893849373,0.031289249658584595,0.17694339156150818,-0.05584641173481941,0.013297826051712036,0.09922447800636292,-0.0742872953414917,0.0,0.03716424107551575,-0.08535576611757278,0.11408749222755432,0.29716119170188904,-0.03509597107768059,0.12272840738296509,0.15459656715393066,-0.06626059114933014,0.12597784399986267,0.06921079754829407,-0.085755854845047,0.13206765055656433,0.0,-0.094978466629982,0.16330310702323914,0.3249758780002594,-0.04731033369898796,0.1790253221988678,0.24049153923988342,-0.0866694375872612,0.166561096906662,0.3015207350254059,-0.08805756270885468,0.1593436598777771,0.35683974623680115,-0.07650335878133774,0.20766863226890564,0.3720736801624298,-0.06223355606198311,0.22525206208229065,0.3076886832714081,-0.08710794895887375,0.2157517969608307,0.3324694335460663,-0.07942076772451401,0.2087288200855255,0.36334744095802307,-0.06615039706230164
V,0.14360421895980835,0.5908968150615692,8.185172646335559e-07,0.08724045753479004,0.5270768702030182,-0.02812311425805092,0.06273636221885681,0.43487992882728577,-0.04699166119098663,0.08929741382598877,0.35856756567955017,-0.06866367161273956,0.1305685043334961,0.31516972184181213,-0.08821713924407959,0.05766502022743225,0.3019454777240753,-0.023681962862610817,0.029211759567260742,0.17732283473014832,-0.05202164873480797,0.012632399797439575,0.09925892949104309,-0.06948439031839371,0.0,0.036776453256607056,-0.07975989580154419,0.1120360791683197,0.2978411614894867,-0.03205754607915878,0.12053513526916504,0.1536056101322174,-0.062375713139772415,0.12376949191093445,0.06883147358894348,-0.08103154599666595,0.1289067566394806,0.0,-0.08947962522506714,0.16151738166809082,0.3255710303783417,-0.04425208643078804,0.1754089593887329,0.23961171507835388,-0.08435273170471191,0.1650073528289795,0.3021561801433563,-0.0860564187169075,0.15920689702033997,0.35764917731285095,-0.0741969645023346,0.20620638132095337,0.3727171719074249,-0.05896998569369316,0.22328132390975952,0.30535104870796204,-0.08429485559463501,0.2121257185935974,0.33388444781303406,-0.07653442770242691,0.2030719518661499,0.3685903251171112,-0.06302739679813385
V,0.14345040917396545,0.592111349105835,8.079433087004873e-07,0.0878959596157074,0.5274765491485596,-0.025741638615727425,0.06373518705368042,0.4356679916381836,-0.0440361388027668,0.08712872862815857,0.3597060441970825,-0.06556589156389236,0.12402257323265076,0.3185824155807495,-0.08527732640504837,0.05807816982269287,0.3002087473869324,-0.0225750170648098,0.030671238899230957,0.17572766542434692,-0.05036274343729019,0.013372242450714111,0.09756892919540405,-0.06781483441591263,0.0,0.035850971937179565,-0.07825673371553421,0.11158975958824158,0.29675543308258057,-0.032419148832559586,0.12151128053665161,0.15321922302246094,-0.06236082315444946,0.12467384338378906,0.06766480207443237,-0.08139056712388992,0.13021859526634216,0.0,-0.09036149084568024,0.16107475757598877,0.32553887367248535,-0.045682452619075775,0.17575335502624512,0.23744440078735352,-0.0842418521642685,0.1628389060497284,0.29859912395477295,-0.08560392260551453,0.15589237213134766,0.3539961576461792,-0.0742926374077797,0.20556217432022095,0.3741483688354492,-0.061334751546382904,0.22197061777114868,0.3082817792892456,-0.08579421043395996,0.21173512935638428,0.3327442407608032,-0.07795476913452148,0.20488262176513672,0.36275655031204224,-0.06467176228761673
V,0.140090674161911,0.5947294235229492,8.078467317318427e-07,0.08383095264434814,0.5298279523849487,-0.025654008612036705,0.060875535011291504,0.4366276264190674,-0.04286660999059677,0.08657419681549072,0.36262351274490356,-0.0634315088391304,0.12396246194839478,0.32401740550994873,-0.08217611908912659,0.055993884801864624,0.3032034635543823,-0.01990516670048237,0.028055697679519653,0.1775972843170166,-0.046705931425094604,0.011869430541992188,0.09940266609191895,-0.06374569237232208,0.0,0.03716573119163513,-0.07407121360301971,0.10962104797363281,0.2979543209075928,-0.029308224096894264,0.11821049451828003,0.15421584248542786,-0.05821593478322029,0.12263455986976624,0.06825324892997742,-0.07664493471384048,0.1296742856502533,0.0,-0.08539772033691406,0.15891090035438538,0.3252524137496948,-0.042448922991752625,0.1744360625743866,0.235925555229187,-0.08053265511989594,0.1623392403125763,0.2973976731300354,-0.0824757069349289,0.15569069981575012,0.35348737239837646,-0.07168392091989517,0.2034849226474762,0.3725142478942871,-0.058042995631694794,0.22055116295814514,0.30754178762435913,-0.08264243602752686,0.20720306038856506,0.33572816848754883,-0.07568185776472092,0.19727149605751038,0.3702240586280823,-0.06321924924850464
V,0.14078959822654724,0.5948802530765533,8.131399340527423e-07,0.08551093935966492,0.5281650125980377,-0.026507612317800522,0.06307792663574219,0.43479159474372864,-0.04470730572938919,0.08725586533546448,0.3613448441028595,-0.06607548147439957,0.12515664100646973,0.32186004519462585,-0.08559586107730865,0.056605368852615356,0.29987695813179016,-0.021591205149888992,0.02937459945678711,0.17526715993881226,-0.048752494156360626,0.012447595596313477,0.09683772921562195,-0.06586050987243652,0.0,0.034766823053359985,-0.07626062631607056,0.11041218042373657,0.2968054711818695,-0.03079867549240589,0.12059080600738525,0.15410462021827698,-0.060273971408605576,0.12472674250602722,0.0683637261390686,-0.07935433834791183,0.13138741254806519,0.0,-0.08860329538583755,0.15945187211036682,0.326001912355423,-0.04367488622665405,0.1753758192062378,0.23522904515266418,-0.08283334970474243,0.16204434633255005,0.29601290822029114,-0.08573485165834427,0.1542752981185913,0.3520984947681427,-0.07531671971082687,0.20345544815063477,0.3747933804988861,-0.058905795216560364,0.22131848335266113,0.30729940533638,-0.08447899669408798,0.21091222763061523,0.33065178990364075,-0.07839694619178772,0.2031111717224121,0.3605424463748932,-0.06633000820875168
V,0.13953912258148193,0.590261697769165,8.040910870477092e-07,0.08425867557525635,0.5200783014297485,-0.024754710495471954,0.062480032444000244,0.42777901887893677,-0.042237792164087296,0.08945071697235107,0.3560261130332947,-0.0631803572177887,0.12836307287216187,0.3173968195915222,-0.08241702616214752,0.05738404393196106,0.29761070013046265,-0.019997863098978996,0.02953052520751953,0.1731787919998169,-0.04762978479266167,0.012539774179458618,0.0950096845626831,-0.06514175981283188,0.0,0.03345116972923279,-0.0754299908876419,0.1112312376499176,0.294166624546051,-0.02997209131717682,0.12041211128234863,0.15180400013923645,-0.0593748614192009,0.12498819828033447,0.06687137484550476,-0.07816813886165619,0.13204124569892883,0.0,-0.08689351379871368,0.1605844497680664,0.32219481468200684,-0.04359174892306328,0.17824161052703857,0.23595404624938965,-0.08224719017744064,0.1657332181930542,0.29481929540634155,-0.08515287935733795,0.15783128142356873,0.34989994764328003,-0.0747193843126297,0.2043946385383606,0.3699261546134949,-0.059474699199199677,0.2229468822479248,0.3070533871650696,-0.08392813801765442,0.21211719512939453,0.3316383361816406,-0.07692147046327591,0.20386528968811035,0.36288022994995117,-0.0642341747879982
V,0.13567093014717102,0.5918457508087158,8.228539627452847e-07,0.07978653907775879,0.5244272351264954,-0.026592232286930084,0.05623462796211243,0.43269801139831543,-0.04537113383412361,0.08745348453521729,0.3636239767074585,-0.0672353059053421,0.12969714403152466,0.3298805356025696,-0.08737396448850632,0.05436250567436218,0.30018019676208496,-0.024680037051439285,0.02820679545402527,0.173556387424469,-0.05300920084118843,0.012373596429824829,0.09596699476242065,-0.0704851970076561,0.0,0.034271806478500366,-0.08080172538757324,0.10919296741485596,0.29773008823394775,-0.03380385413765907,0.11950686573982239,0.15448063611984253,-0.06379321217536926,0.12350714206695557,0.06918355822563171,-0.08211883902549744,0.12916770577430725,0.0,-0.09057238698005676,0.15820267796516418,0.32722121477127075,-0.04657869413495064,0.17367783188819885,0.24228787422180176,-0.08606460690498352,0.1615915596485138,0.3042986989021301,-0.08857064694166183,0.1542331874370575,0.36053532361984253,-0.07748181372880936,0.2018277943134308,0.37595099210739136,-0.06180036813020706,0.2211107313632965,0.3098044991493225,-0.08727452903985977,0.20931479334831238,0.3350117802619934,-0.08068125694990158,0.1990833580493927,0.3675636053085327,-0.06815766543149948
V,0.13803622126579285,0.5881844162940979,8.095215093817387e-07,0.08327469229698181,0.5238962173461914,-0.028471779078245163,0.05962628126144409,0.43441200256347656,-0.04749472811818123,0.08558544516563416,0.3605092167854309,-0.06887570023536682,0.12403365969657898,0.31917804479599,-0.08819986134767532,0.055452823638916016,0.29837584495544434,-0.02568480372428894,0.028724640607833862,0.1734287142753601,-0.05401533469557762,0.012130141258239746,0.0950857400894165,-0.07151856273412704,0.0,0.033199310302734375,-0.08185844123363495,0.10985067486763,0.29488205909729004,-0.03384377062320709,0.11902198195457458,0.15305095911026,-0.06464695185422897,0.12345463037490845,0.06719818711280823,-0.08426419645547867,0.13021886348724365,0.0,-0.09347064048051834,0.15905553102493286,0.32387393712997437,-0.04560581594705582,0.17698884010314941,0.23938989639282227,-0.08619974553585052,0.16525620222091675,0.299027681350708,-0.0898146778345108,0.15729022026062012,0.3546292781829834,-0.07951006293296814,0.20246624946594238,0.3728346824645996,-0.05970430374145508,0.220389723777771,0.3119381070137024,-0.08682925999164581,0.21098172664642334,0.3369863033294678,-0.08123421669006348,0.20344829559326172,0.36787909269332886,-0.06908147037029266
V,0.13518255949020386,0.5902224481105804,8.249464258369699e-07,0.08100038766860962,0.5252784788608551,-0.027915455400943756,0.059316784143447876,0.4345262348651886,-0.04717038944363594,0.08679240942001343,0.3632887899875641,-0.06919343024492264,0.12595754861831665,0.32736900448799133,-0.08943101763725281,0.0529806911945343,0.29810890555381775,-0.02521309070289135,0.027529478073120117,0.1721438467502594,-0.05354895070195198,0.011937737464904785,0.09334787726402283,-0.07150430232286453,0.0,0.031495481729507446,-0.08245702087879181,0.10795930027961731,0.2952910363674164,-0.034165021032094955,0.11815974116325378,0.15309157967567444,-0.06496020406484604,0.12208482623100281,0.06800234317779541,-0.08470383286476135,0.12796539068222046,0.0,-0.09432234615087509,0.15725839138031006,0.3250672519207001,-0.04668732360005379,0.17414599657058716,0.23618897795677185,-0.08662023395299911,0.1616625189781189,0.298588365316391,-0.08897101134061813,0.15354448556900024,0.35543105006217957,-0.07813860476016998,0.2004561424255371,0.37496551871299744,-0.061680104583501816,0.21919894218444824,0.3100774586200714,-0.08794838190078735,0.20881599187850952,0.3367319405078888,-0.08138569444417953,0.20029151439666748,0.3694685995578766,-0.06887265294790268
V,0.13291379809379578,0.5926622450351715,8.229837931139627e-07,0.07816895842552185,0.5247229039669037,-0.02585037425160408,0.0569227933883667,0.4317735731601715,-0.043788060545921326,0.08216074109077454,0.35825619101524353,-0.06483666598796844,0.11819058656692505,0.32115665078163147,-0.08395713567733765,0.05207723379135132,0.2990206778049469,-0.021922042593359947,0.0265691876411438,0.17314913868904114,-0.049257297068834305,0.01111537218093872,0.09443801641464233,-0.06630705296993256,0.0,0.03183239698410034,-0.07653523981571198,0.10613739490509033,0.29662439227104187,-0.03134962171316147,0.1161336898803711,0.15453577041625977,-0.06129048764705658,0.12129175662994385,0.06829842925071716,-0.08034273236989975,0.12914755940437317,0.0,-0.0893433466553688,0.15553557872772217,0.32612887024879456,-0.04430082440376282,0.1735212206840515,0.23848265409469604,-0.08373218029737473,0.16062462329864502,0.2984856069087982,-0.08614634722471237,0.15243881940841675,0.3550442159175873,-0.07513613998889923,0.19954043626785278,0.37486961483955383,-0.05957673862576485,0.21923983097076416,0.3104747235774994,-0.08528035879135132,0.209577739238739,0.33151403069496155,-0.07896288484334946,0.20190948247909546,0.3596666753292084,-0.06650539487600327
V,0.13228285312652588,0.5957671701908112,8.346493132194155e-07,0.07731449604034424,0.5273381173610687,-0.025898771360516548,0.05590850114822388,0.43315818905830383,-0.043832290917634964,0.08248922228813171,0.35999855399131775,-0.06520445644855499,0.12114739418029785,0.32196560502052307,-0.08470578491687775,0.05212050676345825,0.30001768469810486,-0.020350554957985878,0.026896953582763672,0.17515316605567932,-0.04768698289990425,0.01123926043510437,0.09694397449493408,-0.0649702250957489,0.0,0.03465893864631653,-0.07533001899719238,0.10588523745536804,0.2976092994213104,-0.029905326664447784,0.11848068237304688,0.15482357144355774,-0.0596017986536026,0.12400606274604797,0.06862249970436096,-0.0787300318479538,0.13227656483650208,0.0,-0.08775095641613007,0.1550304889678955,0.32693567872047424,-0.04313523322343826,0.17196500301361084,0.23991459608078003,-0.08188039809465408,0.1577255129814148,0.3006184995174408,-0.08385323733091354,0.14963975548744202,0.3569910228252411,-0.07260144501924515,0.1992248296737671,0.3755299150943756,-0.058824293315410614,0.21803885698318481,0.30865803360939026,-0.08328542113304138,0.20678949356079102,0.3329692780971527,-0.07581713050603867,0.1986103057861328,0.3647312819957733,-0.06271184235811234
V,0.13210245966911316,0.5941131711006165,8.237765314333956e-07,0.07764425873756409,0.5272337794303894,-0.02531377226114273,0.05631110072135925,0.43497347831726074,-0.04375072568655014,0.08167153596878052,0.36530500650405884,-0.06572428345680237,0.11876922845840454,0.33008795976638794,-0.08606044203042984,0.053358882665634155,0.3005787134170532,-0.02294951304793358,0.027690768241882324,0.1750487983226776,-0.051206592470407486,0.011498361825942993,0.09654313325881958,-0.06862305849790573,0.0,0.03428611159324646,-0.07892240583896637,0.10687237977981567,0.29855918884277344,-0.033329665660858154,0.11923018097877502,0.15442955493927002,-0.06396914273500443,0.12421217560768127,0.06780070066452026,-0.0832633525133133,0.13211339712142944,0.0,-0.09222400188446045,0.1557479202747345,0.32805198431015015,-0.04712269827723503,0.17303839325904846,0.2421356737613678,-0.08644799888134003,0.1577250063419342,0.30275970697402954,-0.08858569711446762,0.1487903594970703,0.35914695262908936,-0.07735153287649155,0.19942578673362732,0.3767402172088623,-0.06322436034679413,0.21682366728782654,0.3112197518348694,-0.08786825835704803,0.20518037676811218,0.33605217933654785,-0.08006748557090759,0.19703343510627747,0.36813104152679443,-0.06668191403150558
V,0.13275107741355896,0.5928189158439636,7.963878942973679e-07,0.07838639616966248,0.5258194804191589,-0.025092709809541702,0.056743323802948,0.43407195806503296,-0.04278755560517311,0.08307284116744995,0.36289703845977783,-0.06351114064455032,0.11987993121147156,0.32708972692489624,-0.0826861783862114,0.05271625518798828,0.299466073513031,-0.022951042279601097,0.02741008996963501,0.17406898736953735,-0.05137622728943825,0.011281698942184448,0.09532880783081055,-0.06929250061511993,0.0,0.032712697982788086,-0.07962682098150253,0.10636657476425171,0.2969573140144348,-0.032331813126802444,0.11722546815872192,0.15360727906227112,-0.062396321445703506,0.1215716302394867,0.06794527173042297,-0.0814756229519844,0.1299053430557251,0.0,-0.09025610238313675,0.15517839789390564,0.3258017897605896,-0.045079633593559265,0.17320507764816284,0.24381309747695923,-0.08258849382400513,0.1602664589881897,0.2986888289451599,-0.08449169993400574,0.15350693464279175,0.35028940439224243,-0.07344959676265717,0.19835036993026733,0.3733810782432556,-0.06022557243704796,0.21803951263427734,0.305624783039093,-0.08246718347072601,0.20868253707885742,0.3256094455718994,-0.07409805804491043,0.2024208903312683,0.35384005308151245,-0.06065359711647034
V,0.1338517665863037,0.592313140630722,7.92703417573648e-07,0.07864832878112793,0.5250926315784454,-0.024995574727654457,0.05690634250640869,0.43258562684059143,-0.042247794568538666,0.08409947156906128,0.3600856363773346,-0.0628851056098938,0.1237250566482544,0.3216707408428192,-0.08194395154714584,0.05363038182258606,0.29741111397743225,-0.020607415586709976,0.02805936336517334,0.17279043793678284,-0.047153208404779434,0.01189953088760376,0.0945216715335846,-0.06414848566055298,0.0,0.03190174698829651,-0.07460485398769379,0.10677987337112427,0.29444101452827454,-0.030362624675035477,0.11862233281135559,0.153030663728714,-0.058957405388355255,0.12309560179710388,0.06743401288986206,-0.0782601609826088,0.13018542528152466,0.0,-0.08796639740467072,0.1550005078315735,0.3237931430339813,-0.04355181008577347,0.1719411015510559,0.23548230528831482,-0.08145779371261597,0.1590924859046936,0.29194965958595276,-0.08505471050739288,0.1515268087387085,0.34639909863471985,-0.07559296488761902,0.1984785795211792,0.3722021281719208,-0.059018366038799286,0.21615910530090332,0.3053438365459442,-0.08395832777023315,0.20631569623947144,0.3287701904773712,-0.0780283510684967,0.19888031482696533,0.36120083928108215,-0.06625740975141525
V,0.13423195481300354,0.5935055911540985,8.108493716463272e-07,0.078073650598526,0.5261904895305634,-0.025275567546486855,0.05613306164741516,0.4339471161365509,-0.0432441420853138,0.08071818947792053,0.3593403398990631,-0.06430459022521973,0.11813774704933167,0.32070818543434143,-0.08352531492710114,0.053494811058044434,0.3013918101787567,-0.02232363261282444,0.027454614639282227,0.1754622757434845,-0.04980446398258209,0.011439085006713867,0.09625083208084106,-0.06702804565429688,0.0,0.03303027153015137,-0.07712221145629883,0.1060020923614502,0.29793205857276917,-0.031416621059179306,0.11669296026229858,0.15529438853263855,-0.06065579503774643,0.12173905968666077,0.06804591417312622,-0.07913479208946228,0.12981611490249634,0.0,-0.08773939311504364,0.15414217114448547,0.3254607617855072,-0.043869346380233765,0.17006421089172363,0.23887035250663757,-0.08171659708023071,0.15770792961120605,0.29498347640037537,-0.08384709805250168,0.1508520245552063,0.35067418217658997,-0.07282289117574692,0.19762957096099854,0.37144961953163147,-0.05868571251630783,0.21543282270431519,0.3053038418292999,-0.08273579180240631,0.20767229795455933,0.3237588107585907,-0.07581369578838348,0.20224374532699585,0.3521874248981476,-0.06298751384019852
V,0.13385245203971863,0.5925132930278778,8.202813432944822e-07,0.07845589518547058,0.5223738849163055,-0.02534649893641472,0.05734768509864807,0.42987534403800964,-0.04369214549660683,0.08405905961990356,0.3572675287723541,-0.06553898751735687,0.12307345867156982,0.3174416720867157,-0.08569422364234924,0.05260029435157776,0.30062344670295715,-0.021492229774594307,0.02792087197303772,0.17496982216835022,-0.050104085355997086,0.01169818639755249,0.09553971886634827,-0.06852136552333832,0.0,0.03196072578430176,-0.07972988486289978,0.10534247756004333,0.2969669997692108,-0.03127302601933479,0.11724814772605896,0.1545061469078064,-0.06186767295002937,0.12179487943649292,0.0681719183921814,-0.0817008763551712,0.12984219193458557,0.0,-0.0914582684636116,0.15450477600097656,0.3243761360645294,-0.04453209787607193,0.17077413201332092,0.23578238487243652,-0.08279822021722794,0.1551731526851654,0.29373201727867126,-0.08424485474824905,0.14668110013008118,0.3493410646915436,-0.07311020791530609,0.1985326111316681,0.3705601990222931,-0.060346148908138275,0.21538010239601135,0.30433163046836853,-0.08448739349842072,0.20422157645225525,0.32595202326774597,-0.07688598334789276,0.19704994559288025,0.35646453499794006,-0.06379248946905136
V,0.13575372099876404,0.5903831720352173,8.101113735392573e-07,0.0812482237815857,0.5221017599105835,-0.024606168270111084,0.05982276797294617,0.43027496337890625,-0.042297206819057465,0.08418965339660645,0.3577871322631836,-0.06351952254772186,0.1228005588054657,0.319074809551239,-0.08289828151464462,0.05445089936256409,0.2968599200248718,-0.019969912245869637,0.02754625678062439,0.17389535903930664,-0.047270841896533966,0.011682271957397461,0.09597405791282654,-0.0645965188741684,0.0,0.03402209281921387,-0.07490614056587219,0.10745671391487122,0.29465287923812866,-0.030099738389253616,0.11842566728591919,0.153234601020813,-0.05991143733263016,0.12333819270133972,0.06748229265213013,-0.07887391000986099,0.13071969151496887,0.0,-0.08764497935771942,0.15586316585540771,0.32373154163360596,-0.04371124878525734,0.1722526252269745,0.2338941991329193,-0.08259004354476929,0.16016501188278198,0.29448556900024414,-0.08397679030895233,0.15324479341506958,0.3511806130409241,-0.07213356345891953,0.1995064914226532,0.37178677320480347,-0.05960257351398468,0.21610340476036072,0.30560803413391113,-0.08394310623407364,0.2064547836780548,0.3284599781036377,-0.07597041875123978,0.19960913062095642,0.35869479179382324,-0.062304288148880005
V,0.13528785109519958,0.5835404098033905,7.725091677457385e-07,0.0793633759021759,0.518939346075058,-0.025376491248607635,0.056971341371536255,0.426240473985672,-0.04312761127948761,0.0824643075466156,0.356693297624588,-0.06410849094390869,0.12189939618110657,0.3233196437358856,-0.08352390676736832,0.054406166076660156,0.292079895734787,-0.021916691213846207,0.02787703275680542,0.17095836997032166,-0.048750653862953186,0.011571407318115234,0.09491106867790222,-0.06591470539569855,0.0,0.034259021282196045,-0.07658398896455765,0.10797634720802307,0.2898455560207367,-0.03176538646221161,0.11778685450553894,0.15098491311073303,-0.06081834062933922,0.12223857641220093,0.0675165057182312,-0.08007250726222992,0.12949404120445251,0.0,-0.08986033499240875,0.15665197372436523,0.318513959646225,-0.045062605291604996,0.17412161827087402,0.22891998291015625,-0.08341025561094284,0.1600513458251953,0.28792819380760193,-0.08680304139852524,0.15071487426757812,0.3419152796268463,-0.07741927355527878,0.20013588666915894,0.36677470803260803,-0.06063253805041313,0.21800553798675537,0.30180254578590393,-0.08548513054847717,0.20727086067199707,0.3252842128276825,-0.07953023165464401,0.1988285779953003,0.35513487458229065,-0.06808620691299438
V,0.1305583119392395,0.5852853059768677,7.97883330960758e-07,0.07653000950813293,0.5207979679107666,-0.026836607605218887,0.05430743098258972,0.42920982837677,-0.04532014578580856,0.07588168978691101,0.3548735976219177,-0.06691565364599228,0.11176300048828125,0.3148224949836731,-0.08651095628738403,0.05156448483467102,0.297532856464386,-0.022764697670936584,0.026369810104370117,0.17345649003982544,-0.05093158408999443,0.010781645774841309,0.09517145156860352,-0.06884554773569107,0.0,0.03311735391616821,-0.07972285151481628,0.10430368781089783,0.29407745599746704,-0.03157623112201691,0.11518168449401855,0.15375781059265137,-0.06225457042455673,0.11917310953140259,0.06807926297187805,-0.08213912695646286,0.1266743540763855,0.0,-0.09189385920763016,0.15278130769729614,0.3213388919830322,-0.04394785687327385,0.16856452822685242,0.23256388306617737,-0.08261057734489441,0.1539098620414734,0.2906789183616638,-0.08454383909702301,0.14554637670516968,0.3459654450416565,-0.0737050324678421,0.19654157757759094,0.36768829822540283,-0.05889776721596718,0.21524879336357117,0.3016440272331238,-0.08380122482776642,0.20448830723762512,0.32232367992401123,-0.07737449556589127,0.1966349184513092,0.35129767656326294,-0.06509698182344437
V,0.13363713026046753,0.5856635272502899,7.711538501098403e-07,0.07994306087493896,0.5245821177959442,-0.02552718296647072,0.059073835611343384,0.4316829741001129,-0.041427869349718094,0.08209970593452454,0.357952743768692,-0.06021749973297119,0.1120227575302124,0.31886282563209534,-0.07733220607042313,0.05209851264953613,0.297953337430954,-0.02206285297870636,0.02660202980041504,0.1730538308620453,-0.04868583381175995,0.011378347873687744,0.0952703058719635,-0.06574743986129761,0.0,0.03298467397689819,-0.07637176662683487,0.10495918989181519,0.2932704985141754,-0.030805502086877823,0.11469045281410217,0.15204569697380066,-0.0598401315510273,0.12003102898597717,0.06741738319396973,-0.07951038330793381,0.12799885869026184,0.0,-0.08959674835205078,0.15295562148094177,0.3206232488155365,-0.042841874063014984,0.16948634386062622,0.2325969934463501,-0.08060270547866821,0.1570526659488678,0.2912573516368866,-0.08350657671689987,0.14996081590652466,0.3466965854167938,-0.07386505603790283,0.1959252953529358,0.3676954209804535,-0.0572315938770771,0.2131076455116272,0.30382564663887024,-0.08270172774791718,0.20343154668807983,0.32713428139686584,-0.07737979292869568,0.19684618711471558,0.3577083647251129,-0.06616325676441193
V,0.13535654544830322,0.5859395861625671,7.679639679736283e-07,0.08044350147247314,0.5201401710510254,-0.02406403422355652,0.05983111262321472,0.42820078134536743,-0.03985632210969925,0.08326742053031921,0.3557031750679016,-0.05936715006828308,0.11607816815376282,0.31752336025238037,-0.0773407518863678,0.0552859902381897,0.29483354091644287,-0.01825236901640892,0.02852514386177063,0.17243558168411255,-0.04406466707587242,0.012069612741470337,0.096066415309906,-0.061018019914627075,0.0,0.034577518701553345,-0.07159536331892014,0.1081576943397522,0.2906152009963989,-0.028021695092320442,0.11825481057167053,0.15143799781799316,-0.0557066947221756,0.12342143058776855,0.0667891800403595,-0.07472754269838333,0.1313745081424713,0.0,-0.08465351164340973,0.15632003545761108,0.31821149587631226,-0.04134694114327431,0.17295467853546143,0.23023056983947754,-0.07809361070394516,0.15792211890220642,0.2892065644264221,-0.08133860677480698,0.14914998412132263,0.3451302647590637,-0.07236018031835556,0.1994037628173828,0.3653486967086792,-0.05702431872487068,0.21625787019729614,0.30052411556243896,-0.08132213354110718,0.20152002573013306,0.3280162215232849,-0.07557712495326996,0.19046121835708618,0.36365723609924316,-0.0645013153553009
V,0.13277170062065125,0.5846984386444092,7.718193728578626e-07,0.07761770486831665,0.5175753831863403,-0.024402737617492676,0.05732038617134094,0.4249556064605713,-0.04142029955983162,0.08457770943641663,0.352575421333313,-0.06195412203669548,0.12232184410095215,0.3157600164413452,-0.08074924349784851,0.054131925106048584,0.2944633364677429,-0.01990969479084015,0.02819615602493286,0.17099517583847046,-0.04660758748650551,0.011987566947937012,0.09398037195205688,-0.06401748955249786,0.0,0.03260543942451477,-0.07482955604791641,0.10766798257827759,0.2905045747756958,-0.029707176610827446,0.11823883652687073,0.15096977353096008,-0.05858025699853897,0.12326094508171082,0.06669837236404419,-0.07778098434209824,0.1310451626777649,0.0,-0.08758113533258438,0.156427800655365,0.3169127106666565,-0.04292928799986839,0.17362964153289795,0.22843584418296814,-0.07942457497119904,0.15874046087265015,0.2871353030204773,-0.08098933100700378,0.14935356378555298,0.3420792818069458,-0.07079923897981644,0.20016437768936157,0.3618294596672058,-0.05863049998879433,0.21683001518249512,0.29737138748168945,-0.08126890659332275,0.20322126150131226,0.32279253005981445,-0.07369130104780197,0.19320148229599,0.3558661937713623,-0.06140397489070892
V,0.13375511765480042,0.5795925259590149,7.788206062286918e-07,0.08125188946723938,0.5169342160224915,-0.027564559131860733,0.05995407700538635,0.42889338731765747,-0.04634838178753853,0.08176347613334656,0.3542347550392151,-0.06749984622001648,0.11567947268486023,0.3098462224006653,-0.08650755137205124,0.054236918687820435,0.295845627784729,-0.02516770549118519,0.027726471424102783,0.17152678966522217,-0.05266961082816124,0.011880189180374146,0.09466937184333801,-0.06995543837547302,0.0,0.03389790654182434,-0.08027571439743042,0.10706406831741333,0.2918837070465088,-0.032716598361730576,0.11691486835479736,0.1496366262435913,-0.06190269812941551,0.12210172414779663,0.06558248400688171,-0.08083599805831909,0.12897706031799316,0.0,-0.09007211774587631,0.1547153890132904,0.319097101688385,-0.04360818862915039,0.16990551352500916,0.23009932041168213,-0.08090317994356155,0.15875086188316345,0.2872113585472107,-0.08292338997125626,0.15157783031463623,0.3410223722457886,-0.07272486388683319,0.19764146208763123,0.3658874034881592,-0.0569322369992733,0.21531787514686584,0.3039051294326782,-0.08106771856546402,0.2070564329624176,0.32597875595092773,-0.07465103268623352,0.20105084776878357,0.35383427143096924,-0.0626920536160469
V,0.13094744086265564,0.579168975353241,7.579398015877814e-07,0.07854238152503967,0.5144054889678955,-0.024798670783638954,0.05840310454368591,0.4247400164604187,-0.041823431849479675,0.07981812953948975,0.35189855098724365,-0.06220241263508797,0.112286776304245,0.31160861253738403,-0.08085141330957413,0.05304843187332153,0.2949330806732178,-0.021931303665041924,0.02809220552444458,0.17118489742279053,-0.04901641979813576,0.01199275255203247,0.09366270899772644,-0.06606251746416092,0.0,0.03215721249580383,-0.0763467475771904,0.10576000809669495,0.29114311933517456,-0.03144705668091774,0.11630704998970032,0.15148425102233887,-0.0601099357008934,0.12074300646781921,0.06652200222015381,-0.07886969298124313,0.12809288501739502,0.0,-0.0882883369922638,0.15369373559951782,0.31888824701309204,-0.04430771246552467,0.168620765209198,0.23083749413490295,-0.08122354745864868,0.15559732913970947,0.2861744165420532,-0.08370143920183182,0.14856404066085815,0.339480996131897,-0.07407381385564804,0.19629228115081787,0.366141140460968,-0.059520360082387924,0.21378397941589355,0.301332950592041,-0.08359894901514053,0.2007514238357544,0.32355135679244995,-0.07745179533958435,0.190984845161438,0.3551337718963623,-0.06589677184820175
V,0.12931519746780396,0.5738504528999329,7.772857202326122e-07,0.07542550563812256,0.5098606944084167,-0.02477266825735569,0.053229838609695435,0.4203939437866211,-0.0425904206931591,0.07787376642227173,0.350605309009552,-0.06365100294351578,0.11539402604103088,0.3143225908279419,-0.08297830820083618,0.05146452784538269,0.2904120087623596,-0.02230696566402912,0.026049703359603882,0.16797149181365967,-0.04951789975166321,0.010830581188201904,0.09201055765151978,-0.06634947657585144,0.0,0.0315319299697876,-0.07636795938014984,0.10419270396232605,0.28713178634643555,-0.03171834349632263,0.1152355968952179,0.14776203036308289,-0.06082361191511154,0.12006688117980957,0.06570208072662354,-0.0789981409907341,0.1283421814441681,0.0,-0.08752082288265228,0.15262997150421143,0.3145672678947449,-0.04446125030517578,0.1682766079902649,0.2311255931854248,-0.08163969963788986,0.1520978808403015,0.2907329797744751,-0.08311521261930466,0.14325451850891113,0.344721257686615,-0.07222377508878708,0.19613558053970337,0.36080050468444824,-0.059557199478149414,0.2128300666809082,0.2993117570877075,-0.08270806819200516,0.1992778778076172,0.32243645191192627,-0.0753607302904129,0.18984782695770264,0.35183095932006836,-0.0628163293004036
V,0.1286352276802063,0.5751092731952667,7.73369038142846e-07,0.07521724700927734,0.511443704366684,-0.024136638268828392,0.05350673198699951,0.4204961955547333,-0.0410025529563427,0.08088186383247375,0.3514791429042816,-0.060877542942762375,0.11858105659484863,0.3178209960460663,-0.07932179421186447,0.05143740773200989,0.28981319069862366,-0.02353239245712757,0.026686549186706543,0.1677832007408142,-0.05005046725273132,0.011478006839752197,0.09192505478858948,-0.06648655980825424,0.0,0.03205263614654541,-0.07634815573692322,0.10430896282196045,0.2867949306964874,-0.032729972153902054,0.11586591601371765,0.14688262343406677,-0.0606207437813282,0.1200236976146698,0.0647377073764801,-0.07832885533571243,0.12721291184425354,0.0,-0.08666617423295975,0.15223872661590576,0.3155157268047333,-0.0449410006403923,0.16777503490447998,0.23098936676979065,-0.08053136616945267,0.15348172187805176,0.2876916229724884,-0.08198531717061996,0.1460224986076355,0.34027138352394104,-0.0715658888220787,0.19444435834884644,0.3639674484729767,-0.05943901836872101,0.21243804693222046,0.302030473947525,-0.08209631592035294,0.20120805501937866,0.3236236274242401,-0.0749802216887474,0.19369399547576904,0.35236623883247375,-0.06270422786474228
V,0.12793362140655518,0.5741968750953674,7.577409633086063e-07,0.07510602474212646,0.5111407041549683,-0.02570435032248497,0.05357623100280762,0.42075884342193604,-0.04261383041739464,0.0769621729850769,0.34602266550064087,-0.06254184246063232,0.11418789625167847,0.3071224093437195,-0.08050784468650818,0.05040976405143738,0.2912200689315796,-0.020554669201374054,0.025335878133773804,0.16755127906799316,-0.0471205934882164,0.010522305965423584,0.09094250202178955,-0.0632539764046669,0.0,0.030840307474136353,-0.07261548936367035,0.10296496748924255,0.28678202629089355,-0.02901294268667698,0.11318284273147583,0.14666691422462463,-0.05731811001896858,0.11802524328231812,0.0641782283782959,-0.0749172568321228,0.12530887126922607,0.0,-0.08285976201295853,0.1510319709777832,0.3132205009460449,-0.04113832488656044,0.1667536497116089,0.22831979393959045,-0.07853947579860687,0.15330910682678223,0.2842077612876892,-0.0812428817152977,0.1451045274734497,0.3365238904953003,-0.07104147970676422,0.19380635023117065,0.35876715183258057,-0.055625129491090775,0.21163856983184814,0.29654860496520996,-0.07976330071687698,0.19968295097351074,0.3186171054840088,-0.0738673135638237,0.19021064043045044,0.348027765750885,-0.06215500831604004
V,0.12757423520088196,0.570026695728302,7.861622748350783e-07,0.07467424869537354,0.5085676312446594,-0.025603940710425377,0.05301457643508911,0.4207613468170166,-0.043246589601039886,0.07931265234947205,0.35381990671157837,-0.06360052525997162,0.11629974842071533,0.3220078945159912,-0.08251132816076279,0.04937046766281128,0.28618955612182617,-0.024167094379663467,0.02535688877105713,0.16445571184158325,-0.05065318942070007,0.010487377643585205,0.0887596607208252,-0.06731103360652924,0.0,0.029103249311447144,-0.07753019779920578,0.1023397147655487,0.28284990787506104,-0.03289150074124336,0.11378613114356995,0.14473769068717957,-0.06103332340717316,0.11895009875297546,0.06316021084785461,-0.07970204949378967,0.12714043259620667,0.0,-0.08899087458848953,0.1505753993988037,0.3111632466316223,-0.04476863890886307,0.16878420114517212,0.22743284702301025,-0.08081125468015671,0.15349119901657104,0.2818860411643982,-0.08423739671707153,0.14362746477127075,0.332952082157135,-0.07560862600803375,0.19266879558563232,0.3592013716697693,-0.05897178128361702,0.21112412214279175,0.302980899810791,-0.0828239768743515,0.20079320669174194,0.32408571243286133,-0.07763908058404922,0.19369089603424072,0.3508490324020386,-0.06693293154239655
V,0.12855547666549683,0.5736842453479767,7.882776458245644e-07,0.07637536525726318,0.5113048255443573,-0.026343397796154022,0.05512246489524841,0.42155566811561584,-0.04297933727502823,0.07965821027755737,0.3497619926929474,-0.06194044649600983,0.11437100172042847,0.3146027624607086,-0.07928885519504547,0.05101412534713745,0.29200801253318787,-0.024471411481499672,0.026046276092529297,0.16862758994102478,-0.05091436952352524,0.011089712381362915,0.09218737483024597,-0.0668882429599762,0.0,0.03170803189277649,-0.07610582560300827,0.10412383079528809,0.288587361574173,-0.03228035196661949,0.11535000801086426,0.14840278029441833,-0.060439132153987885,0.12026074528694153,0.06495198607444763,-0.07856158912181854,0.12773987650871277,0.0,-0.0868166834115982,0.1518232524394989,0.31674227118492126,-0.04333692789077759,0.16814443469047546,0.2376554310321808,-0.08056844025850296,0.15549591183662415,0.29124417901039124,-0.08444123715162277,0.1480027735233307,0.3412388861179352,-0.07510069757699966,0.19313743710517883,0.3640952408313751,-0.056591007858514786,0.21126988530158997,0.30692359805107117,-0.08082518726587296,0.20150867104530334,0.3291977345943451,-0.07521054148674011,0.19471684098243713,0.3577907979488373,-0.06367708742618561
V,0.1262747049331665,0.5739782750606537,7.632611982444359e-07,0.07296821475028992,0.5082131922245026,-0.02487400732934475,0.05239549279212952,0.4160088002681732,-0.04147719219326973,0.07839187979698181,0.342952698469162,-0.06117134168744087,0.11469316482543945,0.30631163716316223,-0.079283207654953,0.05005532503128052,0.28904011845588684,-0.021945420652627945,0.025860607624053955,0.16591814160346985,-0.04912390559911728,0.010972648859024048,0.08934482932090759,-0.06594479084014893,0.0,0.029136300086975098,-0.07597681134939194,0.10301676392555237,0.2852311432361603,-0.031175315380096436,0.11326509714126587,0.14689281582832336,-0.06016693636775017,0.11804953217506409,0.06483468413352966,-0.07846301048994064,0.12639617919921875,0.0,-0.08701282739639282,0.15148115158081055,0.3132583796977997,-0.043773751705884933,0.1663423776626587,0.22805845737457275,-0.08098096400499344,0.1523902416229248,0.28607359528541565,-0.08270732313394547,0.14546287059783936,0.3388836681842804,-0.07214221358299255,0.19416284561157227,0.3612121045589447,-0.05873502790927887,0.21032673120498657,0.30150941014289856,-0.0827827975153923,0.1983572244644165,0.3249240219593048,-0.07619312405586243,0.19109976291656494,0.3540964424610138,-0.06406153738498688
V,0.12774670124053955,0.5741551220417023,7.659633638468222e-07,0.07590845227241516,0.5102993547916412,-0.02464163675904274,0.05493035912513733,0.4199059307575226,-0.041420046240091324,0.0785997211933136,0.34960731863975525,-0.06097356230020523,0.11198881268501282,0.31444087624549866,-0.07893642783164978,0.05076199769973755,0.28796568512916565,-0.022253116592764854,0.027159392833709717,0.16613128781318665,-0.04857516661286354,0.011657476425170898,0.09062790870666504,-0.06548228859901428,0.0,0.03113982081413269,-0.07579854130744934,0.10315123200416565,0.2860248386859894,-0.031106429174542427,0.11482441425323486,0.14860501885414124,-0.05945540592074394,0.11973166465759277,0.06516087055206299,-0.07826018333435059,0.12771451473236084,0.0,-0.08750169724225998,0.15096193552017212,0.3146863281726837,-0.04302417114377022,0.16915708780288696,0.22741398215293884,-0.07881860435009003,0.15555012226104736,0.28230318427085876,-0.08071541041135788,0.1469956636428833,0.3341306746006012,-0.07083506882190704,0.19314920902252197,0.36273959279060364,-0.057232245802879333,0.21122276782989502,0.30483171343803406,-0.08051582425832748,0.20284593105316162,0.3228320777416229,-0.07417606562376022,0.197709321975708,0.3462207019329071,-0.06241394951939583
V,0.12770238518714905,0.5781190991401672,7.872087621763058e-07,0.07571116089820862,0.5115208029747009,-0.025113724172115326,0.05567100644111633,0.41839510202407837,-0.04200705513358116,0.08338037133216858,0.3427460789680481,-0.06172865629196167,0.12179595232009888,0.29997509717941284,-0.07954341918230057,0.05123308300971985,0.2926592230796814,-0.022207072004675865,0.026501834392547607,0.16994428634643555,-0.04867929965257645,0.011555969715118408,0.09371411800384521,-0.06445775181055069,0.0,0.033075690269470215,-0.07365682721138,0.10444217920303345,0.289583683013916,-0.031055696308612823,0.11654713749885559,0.14815306663513184,-0.05955301225185394,0.12198808789253235,0.06513860821723938,-0.0768403708934784,0.1297312080860138,0.0,-0.08439505845308304,0.1531716287136078,0.3176437020301819,-0.04323260858654976,0.1708429753780365,0.23473066091537476,-0.08053484559059143,0.1553458273410797,0.2934870719909668,-0.08161438256502151,0.14570024609565735,0.34630632400512695,-0.07024777680635452,0.1959787905216217,0.36491525173187256,-0.05765117332339287,0.2138422429561615,0.30475378036499023,-0.08121015876531601,0.20151451230049133,0.3283989429473877,-0.07349971681833267,0.19235321879386902,0.35735005140304565,-0.06045325845479965
V,0.12595146894454956,0.5756395161151886,7.647996653759037e-07,0.07431954145431519,0.5090214312076569,-0.025391552597284317,0.05474439263343811,0.4169815480709076,-0.0413983054459095,0.08206585049629211,0.3460750877857208,-0.060416270047426224,0.11942863464355469,0.3111254870891571,-0.07770895957946777,0.0498238205909729,0.28736117482185364,-0.01890288107097149,0.02590399980545044,0.16624882817268372,-0.044397737830877304,0.010864108800888062,0.09043416380882263,-0.061133865267038345,0.0,0.03017669916152954,-0.07180584222078323,0.1029704213142395,0.2842755615711212,-0.027620604261755943,0.11505424976348877,0.14782476425170898,-0.055621273815631866,0.12019643187522888,0.06517678499221802,-0.07502265274524689,0.12820136547088623,0.0,-0.08515153080224991,0.15098905563354492,0.31247326731681824,-0.039952170103788376,0.1706676483154297,0.22516271471977234,-0.07647388428449631,0.15662497282028198,0.2784455716609955,-0.08062463253736496,0.14763396978378296,0.3292404115200043,-0.07247024774551392,0.19308596849441528,0.35963204503059387,-0.054683949798345566,0.21252107620239258,0.2987780272960663,-0.07887230813503265,0.20022320747375488,0.32006028294563293,-0.07434392720460892,0.19095587730407715,0.3490067422389984,-0.06426399201154709
V,0.12296628952026367,0.5722087323665619,7.467680802619725e-07,0.07051193714141846,0.50601527094841,-0.023136219009757042,0.05055248737335205,0.4144141376018524,-0.03844348341226578,0.07958093285560608,0.34667280316352844,-0.057172343134880066,0.11805567145347595,0.3148476779460907,-0.0746174082159996,0.04882344603538513,0.2854030430316925,-0.019387168809771538,0.025133967399597168,0.16503074765205383,-0.04514782130718231,0.010812819004058838,0.08958843350410461,-0.06096027046442032,0.0,0.029624730348587036,-0.07044684886932373,0.10185131430625916,0.2817912995815277,-0.02955848164856434,0.11294996738433838,0.14259764552116394,-0.05722174048423767,0.11796349287033081,0.06252920627593994,-0.07473272830247879,0.12554293870925903,0.0,-0.08265039324760437,0.1504136323928833,0.3104281723499298,-0.043052319437265396,0.16897666454315186,0.2270258367061615,-0.07992291450500488,0.15400105714797974,0.2844068706035614,-0.08260837942361832,0.14509660005569458,0.3357401192188263,-0.07260152697563171,0.1926388144493103,0.3593809902667999,-0.05863771215081215,0.2102797031402588,0.3001197278499603,-0.08209005743265152,0.19712769985198975,0.32485494017601013,-0.07533419132232666,0.1882169246673584,0.3544815480709076,-0.06326363980770111
V,0.12447020411491394,0.5749224722385406,7.5050007808386e-07,0.07302048802375793,0.508224219083786,-0.02421240136027336,0.05296632647514343,0.4159233272075653,-0.03983981907367706,0.07759109139442444,0.3435743749141693,-0.05834430083632469,0.11343070864677429,0.30638328194618225,-0.07507055252790451,0.04926970601081848,0.2893705666065216,-0.020748361945152283,0.026097267866134644,0.1667005717754364,-0.04624713584780693,0.011431902647018433,0.09048852324485779,-0.06189759820699692,0.0,0.02972206473350525,-0.0712846964597702,0.10189312696456909,0.28641918301582336,-0.02940022572875023,0.11415073275566101,0.145706444978714,-0.0567755401134491,0.12048837542533875,0.06345367431640625,-0.07443908601999283,0.12893345952033997,0.0,-0.08266541361808777,0.14958176016807556,0.31469330191612244,-0.041230808943510056,0.16733327507972717,0.23085734248161316,-0.07719048112630844,0.15426495671272278,0.2858985364437103,-0.07957030087709427,0.1458652913570404,0.3370017111301422,-0.06963519752025604,0.1916811764240265,0.36223581433296204,-0.055252805352211,0.21094301342964172,0.3034646213054657,-0.07836379110813141,0.20100530982017517,0.3239017426967621,-0.07223798334598541,0.19410887360572815,0.3503182828426361,-0.06062278151512146
V,0.12293732166290283,0.5771756172180176,7.586464221276401e-07,0.07129564881324768,0.50926274061203,-0.023339340463280678,0.0520438551902771,0.4170878529548645,-0.03877249360084534,0.07642081379890442,0.34549641609191895,-0.05744136497378349,0.1098170280456543,0.309268593788147,-0.07446271926164627,0.04902157187461853,0.2909485101699829,-0.019849319010972977,0.025719374418258667,0.16820430755615234,-0.04520876333117485,0.010991305112838745,0.09145790338516235,-0.060993026942014694,0.0,0.02977663278579712,-0.07062394171953201,0.10117223858833313,0.2881771922111511,-0.029360413551330566,0.11424046754837036,0.1475268006324768,-0.05666235461831093,0.12056225538253784,0.0646161139011383,-0.07470504939556122,0.129489004611969,0.0,-0.08357680588960648,0.14871340990066528,0.3166036009788513,-0.042019180953502655,0.16818875074386597,0.2306937575340271,-0.07795415073633194,0.15386313199996948,0.28445965051651,-0.08094687014818192,0.144728422164917,0.3359086513519287,-0.07171960920095444,0.19144469499588013,0.36410707235336304,-0.056854069232940674,0.21219950914382935,0.3012215495109558,-0.08034250140190125,0.2013973593711853,0.32253968715667725,-0.07459898293018341,0.1932808756828308,0.35165953636169434,-0.06340795010328293
V,0.12233373522758484,0.5687812566757202,7.524508873757441e-07,0.0709577202796936,0.49922382831573486,-0.02388935349881649,0.05285400152206421,0.40311700105667114,-0.038825903087854385,0.08105096220970154,0.330627977848053,-0.056610703468322754,0.1188293993473053,0.2954350709915161,-0.07255878299474716,0.04709383845329285,0.2847282886505127,-0.019033493474125862,0.024647235870361328,0.16153961420059204,-0.043967969715595245,0.010265558958053589,0.08605968952178955,-0.05943607911467552,0.0,0.026848584413528442,-0.06871657818555832,0.10006517171859741,0.282356858253479,-0.02695509046316147,0.112566739320755,0.1457430124282837,-0.054429229348897934,0.11884108185768127,0.0641251802444458,-0.07314437627792358,0.1285679042339325,0.0,-0.08235275000333786,0.14825484156608582,0.309856116771698,-0.037986911833286285,0.16773054003715515,0.22692963480949402,-0.07342907786369324,0.15330728888511658,0.2812153100967407,-0.07665254920721054,0.14427915215492249,0.3318837285041809,-0.06752684712409973,0.19032713770866394,0.3558393716812134,-0.051167696714401245,0.2085813581943512,0.30000877380371094,-0.07373932003974915,0.19981971383094788,0.31613850593566895,-0.0683765634894371,0.19458332657814026,0.33812326192855835,-0.05746926739811897
V,0.12122488021850586,0.5673990547657013,7.719065706623951e-07,0.07016149163246155,0.49992385506629944,-0.024703333154320717,0.05247500538825989,0.40855690836906433,-0.04101789370179176,0.07753309607505798,0.33739736676216125,-0.05991844832897186,0.10941305756568909,0.30090346932411194,-0.07708888500928879,0.04819720983505249,0.2834261357784271,-0.02151961252093315,0.025322377681732178,0.1612703502178192,-0.047649823129177094,0.010489225387573242,0.08496779203414917,-0.06445018947124481,0.0,0.025352299213409424,-0.07472392171621323,0.10006958246231079,0.281218022108078,-0.029635528102517128,0.11237967014312744,0.1459423005580902,-0.05819501727819443,0.1184808611869812,0.06329652667045593,-0.07802781462669373,0.12820035219192505,0.0,-0.08819321542978287,0.14731484651565552,0.30929937958717346,-0.040813345462083817,0.16745883226394653,0.2261519432067871,-0.0765407457947731,0.1526821255683899,0.27707478404045105,-0.08004338294267654,0.14309871196746826,0.32727375626564026,-0.07149558514356613,0.18860214948654175,0.3561917841434479,-0.054237473756074905,0.20756763219833374,0.2995530664920807,-0.07813459634780884,0.1998729705810547,0.31491556763648987,-0.0735049620270729,0.19524919986724854,0.3372790515422821,-0.06301648914813995
V,0.1211763322353363,0.5673125982284546,7.847324923204724e-07,0.06969302892684937,0.5019246339797974,-0.025395182892680168,0.05002734065055847,0.4088648557662964,-0.04093973711133003,0.07747390866279602,0.33668088912963867,-0.059179890900850296,0.11521270871162415,0.30207639932632446,-0.07563316822052002,0.04636290669441223,0.2844160795211792,-0.019177688285708427,0.024307310581207275,0.16284382343292236,-0.04424029961228371,0.010500937700271606,0.0880993902683258,-0.059579648077487946,0.0,0.028790265321731567,-0.06861231476068497,0.09919372200965881,0.28126615285873413,-0.026992015540599823,0.11175456643104553,0.1451505422592163,-0.05429013445973396,0.11807790398597717,0.06401064991950989,-0.07247722893953323,0.12622413039207458,0.0,-0.08078297227621078,0.14681413769721985,0.30922847986221313,-0.03829140216112137,0.16270384192466736,0.23169314861297607,-0.07547672837972641,0.14860334992408752,0.286443829536438,-0.08005843311548233,0.13964155316352844,0.3372254967689514,-0.07094774395227432,0.18827304244041443,0.3561585545539856,-0.05166532099246979,0.20538416504859924,0.3010293245315552,-0.07537602633237839,0.19530001282691956,0.32089346647262573,-0.07010067999362946,0.18835267424583435,0.3470231294631958,-0.05885123461484909
V,0.1197931170463562,0.5684504210948944,7.757632261018443e-07,0.06890884041786194,0.5013011395931244,-0.024289757013320923,0.050323486328125,0.40891435742378235,-0.039290331304073334,0.07786816358566284,0.33941105008125305,-0.05737421289086342,0.11377227306365967,0.307890385389328,-0.0738895982503891,0.04566037654876709,0.28356292843818665,-0.017864951863884926,0.023829758167266846,0.1630866825580597,-0.0420728474855423,0.010163843631744385,0.08850297331809998,-0.05725213140249252,0.0,0.028729647397994995,-0.06657739728689194,0.09827619791030884,0.28046730160713196,-0.026367543265223503,0.11131870746612549,0.1448659598827362,-0.053138960152864456,0.11791926622390747,0.06402662396430969,-0.07180898636579514,0.12669456005096436,0.0,-0.08094970136880875,0.14571356773376465,0.30870041251182556,-0.038265664130449295,0.16238659620285034,0.2308451235294342,-0.07467793673276901,0.14769750833511353,0.284328430891037,-0.07997044175863266,0.13843125104904175,0.33478984236717224,-0.07184858620166779,0.18710196018218994,0.35614797472953796,-0.05222686007618904,0.20589643716812134,0.29795321822166443,-0.07575538754463196,0.19513797760009766,0.31768521666526794,-0.07116345316171646,0.1871880292892456,0.34576311707496643,-0.06072988733649254
V,0.11729410290718079,0.5678116977214813,7.634671419509687e-07,0.06673315167427063,0.498247891664505,-0.02330816350877285,0.049930959939956665,0.4060569107532501,-0.03806232661008835,0.07884600758552551,0.3379712998867035,-0.05576508119702339,0.11582157015800476,0.3060695230960846,-0.07222132384777069,0.04596695303916931,0.2831970751285553,-0.019296905025839806,0.024096578359603882,0.16121336817741394,-0.04347754642367363,0.010098308324813843,0.08509573340415955,-0.05858749896287918,0.0,0.024685949087142944,-0.06795892119407654,0.09812599420547485,0.2811318337917328,-0.028008975088596344,0.11188986897468567,0.14403805136680603,-0.05424315482378006,0.11840823292732239,0.06212955713272095,-0.0729544535279274,0.12742462754249573,0.0,-0.08266177028417587,0.14511600136756897,0.3106813132762909,-0.039863113313913345,0.1639992892742157,0.22743460536003113,-0.07486791908740997,0.15031340718269348,0.27128365635871887,-0.08157378435134888,0.1411541998386383,0.31807276606559753,-0.07551860809326172,0.1864098608493805,0.3588463366031647,-0.05368926003575325,0.20855948328971863,0.29727157950401306,-0.07720334082841873,0.19963255524635315,0.3109224736690521,-0.07446824014186859,0.19193348288536072,0.335647314786911,-0.06588738411664963
V,0.1175437867641449,0.5689536333084106,7.570840239168319e-07,0.06666740775108337,0.4978495240211487,-0.022771034389734268,0.049869418144226074,0.40436774492263794,-0.036975570023059845,0.0797138512134552,0.3370000123977661,-0.05417095869779587,0.11776933073997498,0.30717337131500244,-0.07006894797086716,0.046781063079833984,0.2839054465293884,-0.0186446700245142,0.024585574865341187,0.1619156301021576,-0.04269031062722206,0.010353624820709229,0.08560550212860107,-0.05776575952768326,0.0,0.024822145700454712,-0.06725006550550461,0.09954255819320679,0.28168147802352905,-0.027576211839914322,0.1132415235042572,0.14483016729354858,-0.0537843331694603,0.12018880248069763,0.06247645616531372,-0.07253473997116089,0.1290833055973053,0.0,-0.0823310911655426,0.1466902792453766,0.31106215715408325,-0.03964743763208389,0.16634055972099304,0.2273717224597931,-0.07482479512691498,0.15281513333320618,0.2706173062324524,-0.08198076486587524,0.14267227053642273,0.3167915344238281,-0.07628951221704483,0.18763163685798645,0.35898876190185547,-0.053621843457221985,0.20927420258522034,0.29914844036102295,-0.07751552760601044,0.19967874884605408,0.31269097328186035,-0.07529859989881516,0.19075563549995422,0.3368077874183655,-0.06714046001434326
V,0.11818349361419678,0.5683879256248474,7.282595788637991e-07,0.0681142807006836,0.49838554859161377,-0.026560595259070396,0.05175161361694336,0.40516334772109985,-0.04257867485284805,0.0810924768447876,0.329137921333313,-0.060880132019519806,0.11811941862106323,0.2819216847419739,-0.07742926478385925,0.04619184136390686,0.2850807309150696,-0.020385896787047386,0.02403995394706726,0.16217553615570068,-0.04668053239583969,0.010115325450897217,0.08371007442474365,-0.06355550140142441,0.0,0.021674156188964844,-0.0738893672823906,0.09926706552505493,0.28186482191085815,-0.028181903064250946,0.11122530698776245,0.14493036270141602,-0.055984996259212494,0.11847519874572754,0.06268543004989624,-0.07556111365556717,0.12683457136154175,0.0,-0.08573097735643387,0.1466841697692871,0.3095977306365967,-0.03965511918067932,0.16861873865127563,0.22248181700706482,-0.07722930610179901,0.15937018394470215,0.2666738033294678,-0.08391150832176208,0.15105092525482178,0.31287920475006104,-0.07760675996541977,0.18800628185272217,0.3560057282447815,-0.05324588343501091,0.2091273069381714,0.29570043087005615,-0.07917951047420502,0.2002606987953186,0.31397873163223267,-0.07628774642944336,0.1915653944015503,0.34181052446365356,-0.06720232963562012
V,0.11724522709846497,0.5672471821308136,7.336564635807008e-07,0.06713297963142395,0.49771735072135925,-0.026033662259578705,0.05072516202926636,0.4040429890155792,-0.041813090443611145,0.079659104347229,0.3288927972316742,-0.05989794805645943,0.1164408028125763,0.2829156816005707,-0.07630811631679535,0.045539677143096924,0.28250470757484436,-0.020123498514294624,0.02346402406692505,0.16088387370109558,-0.04598325863480568,0.009780168533325195,0.08300259709358215,-0.062783382833004,0.0,0.02188393473625183,-0.07320740818977356,0.09877607226371765,0.27995482087135315,-0.028217557817697525,0.1113525927066803,0.14385229349136353,-0.05554746463894844,0.11872610449790955,0.062183260917663574,-0.0750715583562851,0.12744620442390442,0.0,-0.08538970351219177,0.14637812972068787,0.3083297908306122,-0.03988863155245781,0.16881629824638367,0.2207719385623932,-0.07658881694078445,0.158390611410141,0.26468804478645325,-0.0830223336815834,0.14913645386695862,0.3102271258831024,-0.07697588950395584,0.18755224347114563,0.3560071289539337,-0.053671497851610184,0.2088433802127838,0.2962694466114044,-0.07916096597909927,0.20037665963172913,0.31376686692237854,-0.07615135610103607,0.19200393557548523,0.33995577692985535,-0.06720481812953949
V,0.11700180172920227,0.5698421895503998,8.013356023184315e-07,0.06536585092544556,0.5010136067867279,-0.02462770789861679,0.04740029573440552,0.4100414216518402,-0.04095540568232536,0.07566908001899719,0.34213510155677795,-0.060282133519649506,0.1128375232219696,0.3109768331050873,-0.07789719104766846,0.04420149326324463,0.28260937333106995,-0.01813596487045288,0.022607535123825073,0.16142067313194275,-0.04357684776186943,0.009518533945083618,0.08571195602416992,-0.05917628854513168,0.0,0.02540448307991028,-0.06832467019557953,0.09717944264411926,0.28041449189186096,-0.0266521368175745,0.11114457249641418,0.14497512578964233,-0.054683614522218704,0.11809292435646057,0.06345412135124207,-0.07303030788898468,0.12657979130744934,0.0,-0.08113929629325867,0.1449267566204071,0.30900242924690247,-0.03873930126428604,0.16274037957191467,0.22914069890975952,-0.07699143886566162,0.1501685082912445,0.282172828912735,-0.0822310820221901,0.1420392096042633,0.3328527510166168,-0.07292710989713669,0.18704482913017273,0.35667428374290466,-0.05277634784579277,0.20697882771492004,0.2999906837940216,-0.07775726914405823,0.20008352398872375,0.31400349736213684,-0.07365019619464874,0.19490572810173035,0.3348642885684967,-0.06269220262765884
V,0.11529171466827393,0.5701790452003479,7.792182259436231e-07,0.06420081853866577,0.5008777976036072,-0.02375197969377041,0.04690501093864441,0.40942877531051636,-0.039327364414930344,0.07639849185943604,0.3412579894065857,-0.057931844145059586,0.11451703310012817,0.30984872579574585,-0.0749017670750618,0.04392227530479431,0.28310471773147583,-0.018040237948298454,0.02267211675643921,0.1622253656387329,-0.04323358088731766,0.009525299072265625,0.08659791946411133,-0.0586380809545517,0.0,0.026850372552871704,-0.06760287284851074,0.09712821245193481,0.2805638909339905,-0.026941124349832535,0.1103663444519043,0.14378535747528076,-0.05426070839166641,0.1172214150428772,0.062296122312545776,-0.0723007470369339,0.12627506256103516,0.0,-0.08035334944725037,0.14529091119766235,0.3092026114463806,-0.03929717838764191,0.16387242078781128,0.2312684953212738,-0.07604911923408508,0.15084773302078247,0.28095054626464844,-0.08132091909646988,0.1424046754837036,0.32866525650024414,-0.07273934781551361,0.18724006414413452,0.35705339908599854,-0.05361654981970787,0.20766252279281616,0.3001095652580261,-0.07726234197616577,0.19898170232772827,0.315152108669281,-0.07273903489112854,0.19239723682403564,0.33698832988739014,-0.06196976080536842
V,0.11667177081108093,0.5704890787601471,7.710441991548578e-07,0.06492888927459717,0.4988495409488678,-0.02394990809261799,0.04674091935157776,0.40467569231987,-0.03929687291383743,0.07874494791030884,0.335450142621994,-0.0575295053422451,0.12202134728431702,0.30554214119911194,-0.07421645522117615,0.04467549920082092,0.28274574875831604,-0.018916532397270203,0.023063749074935913,0.16003617644309998,-0.04382135346531868,0.009578973054885864,0.08325889706611633,-0.059590332210063934,0.0,0.022461920976638794,-0.06935086101293564,0.0976007878780365,0.2817990481853485,-0.02768043614923954,0.11040642857551575,0.14569339156150818,-0.05448903888463974,0.1175399124622345,0.06363865733146667,-0.07302377372980118,0.12692269682884216,0.0,-0.08231142908334732,0.14498665928840637,0.3114485442638397,-0.03979390487074852,0.16657862067222595,0.22910770773887634,-0.07599744200706482,0.15345695614814758,0.27770134806632996,-0.0814308300614357,0.14329656958580017,0.32645460963249207,-0.07372890412807465,0.18569806218147278,0.3597641885280609,-0.05397160351276398,0.20702198147773743,0.3023380935192108,-0.07812878489494324,0.19910934567451477,0.3167283833026886,-0.07436543703079224,0.19178703427314758,0.3400108516216278,-0.06450356543064117
V,0.11685681343078613,0.570326179265976,7.745181846985361e-07,0.0654759407043457,0.4996640980243683,-0.023996705189347267,0.04766586422920227,0.4057254493236542,-0.039058905094861984,0.0787966251373291,0.33622482419013977,-0.05705917999148369,0.12141984701156616,0.3052973449230194,-0.07344357669353485,0.044710397720336914,0.282522052526474,-0.017926260828971863,0.022797048091888428,0.16009071469306946,-0.04251382499933243,0.009415686130523682,0.08333078026771545,-0.0579674206674099,0.0,0.02250543236732483,-0.06747617572546005,0.09753331542015076,0.28111788630485535,-0.02658917009830475,0.11052542924880981,0.145670086145401,-0.05336134880781174,0.11761969327926636,0.06370219588279724,-0.07177300751209259,0.1268632411956787,0.0,-0.08085023611783981,0.1448979377746582,0.31051871180534363,-0.03870859742164612,0.1664046049118042,0.2292695939540863,-0.07523322105407715,0.15297406911849976,0.27866896986961365,-0.08084499835968018,0.14277762174606323,0.3277603089809418,-0.07306619733572006,0.18575382232666016,0.35867151618003845,-0.05288103222846985,0.20738333463668823,0.301481693983078,-0.0773024931550026,0.19875699281692505,0.31705859303474426,-0.07370966672897339,0.19089609384536743,0.34130242466926575,-0.06387079507112503
V,0.11820387840270996,0.5699276626110077,7.956243166518107e-07,0.06695535778999329,0.5023287236690521,-0.024992816150188446,0.04938560724258423,0.40639033913612366,-0.04068771377205849,0.07983669638633728,0.33519479632377625,-0.058896370232105255,0.11828392744064331,0.2999180257320404,-0.0753951147198677,0.045765697956085205,0.28120943903923035,-0.021221233531832695,0.023877829313278198,0.15764570236206055,-0.047180138528347015,0.010491132736206055,0.08068755269050598,-0.06278225034475327,0.0,0.020843863487243652,-0.07180492579936981,0.09909588098526001,0.2812194526195526,-0.029331406578421593,0.11399871110916138,0.1447593867778778,-0.05765426531434059,0.12100344896316528,0.06320169568061829,-0.07555153220891953,0.1295364499092102,0.0,-0.08334346860647202,0.1465436816215515,0.31231972575187683,-0.04079662635922432,0.1660333275794983,0.23371046781539917,-0.07869920879602432,0.15313321352005005,0.28692248463630676,-0.08246207982301712,0.14431464672088623,0.3355337083339691,-0.07258151471614838,0.187236487865448,0.362661212682724,-0.054241813719272614,0.2078111171722412,0.30794426798820496,-0.07959648221731186,0.20051366090774536,0.3233034908771515,-0.07475592941045761,0.19481968879699707,0.34310320019721985,-0.06334097683429718
V,0.11836907267570496,0.5703672170639038,7.835294582037022e-07,0.06847390532493591,0.5028331279754639,-0.02515253983438015,0.05205681920051575,0.4081546664237976,-0.04035800322890282,0.08060330152511597,0.33479052782058716,-0.05782333016395569,0.11574104428291321,0.2967079281806946,-0.07352562248706818,0.04617542028427124,0.28351646661758423,-0.021388491615653038,0.02390754222869873,0.1592092514038086,-0.04682735353708267,0.010305315256118774,0.08174091577529907,-0.062252745032310486,0.0,0.021232038736343384,-0.07136165350675583,0.0990099310874939,0.28281646966934204,-0.029042383655905724,0.11360356211662292,0.14585411548614502,-0.05710403248667717,0.12128397822380066,0.06304365396499634,-0.0758216455578804,0.13067862391471863,0.0,-0.08456446975469589,0.146089106798172,0.3134590983390808,-0.03992727771401405,0.1660267412662506,0.23443332314491272,-0.07729580253362656,0.15369364619255066,0.28240662813186646,-0.08263955265283585,0.14490702748298645,0.3287108540534973,-0.07445357739925385,0.1864953339099884,0.3631190061569214,-0.05277421697974205,0.20807674527168274,0.30884408950805664,-0.0787893757224083,0.2019425928592682,0.32116663455963135,-0.0758562833070755,0.19689276814460754,0.3391568064689636,-0.06602513790130615
V,0.11647909879684448,0.5677860379219055,8.013286105779116e-07,0.06489300727844238,0.49659985303878784,-0.02503925748169422,0.04936891794204712,0.40091800689697266,-0.04127221554517746,0.08212602138519287,0.33108073472976685,-0.060138948261737823,0.12069356441497803,0.2949233055114746,-0.0773221030831337,0.04571855068206787,0.2815220355987549,-0.022389721125364304,0.023907363414764404,0.15841084718704224,-0.0484171025454998,0.010545849800109863,0.08300179243087769,-0.06424369663000107,0.0,0.02340438961982727,-0.07370836287736893,0.099202960729599,0.28088587522506714,-0.030627546831965446,0.1149337887763977,0.14334002137184143,-0.058847878128290176,0.12230515480041504,0.0629388689994812,-0.07688559591770172,0.13138651847839355,0.0,-0.08526954799890518,0.14656484127044678,0.3117402195930481,-0.04209522157907486,0.1668926477432251,0.22857269644737244,-0.07909402996301651,0.1528598666191101,0.28346705436706543,-0.08181716501712799,0.14340215921401978,0.33327341079711914,-0.07192644476890564,0.18720531463623047,0.3621343970298767,-0.05568589270114899,0.20914685726165771,0.3051055073738098,-0.0803358405828476,0.19996494054794312,0.3233568072319031,-0.0748797282576561,0.19246917963027954,0.3464707136154175,-0.06345755606889725
V,0.11674860119819641,0.5690617859363556,7.842473337404954e-07,0.06579351425170898,0.49883100390434265,-0.025046346709132195,0.050458699464797974,0.40550288558006287,-0.04078449308872223,0.0828099250793457,0.3345032036304474,-0.059131965041160583,0.12022623419761658,0.2981671988964081,-0.07562902569770813,0.0462002158164978,0.2843816578388214,-0.02108471840620041,0.02374860644340515,0.16098400950431824,-0.04618603736162186,0.010190039873123169,0.08454585075378418,-0.06146318092942238,0.0,0.023724466562271118,-0.07074718922376633,0.09941080212593079,0.2822555601596832,-0.02912699244916439,0.11377385258674622,0.14429819583892822,-0.05674680694937706,0.1216941773891449,0.06247508525848389,-0.07488066703081131,0.13107362389564514,0.0,-0.08346714824438095,0.14675173163414001,0.3120531737804413,-0.04047604650259018,0.1669190227985382,0.22937652468681335,-0.07765309512615204,0.1541653573513031,0.2805648744106293,-0.08203225582838058,0.1448594033718109,0.3300608694553375,-0.07323606312274933,0.1878051459789276,0.3610092103481293,-0.05389227345585823,0.20966652035713196,0.3042401969432831,-0.07936875522136688,0.2001054584980011,0.32195207476615906,-0.07546735554933548,0.19164851307868958,0.34704354405403137,-0.06505776941776276
V,0.11069944500923157,0.5697082579135895,7.762607197037141e-07,0.061141401529312134,0.4989894926548004,-0.0255829319357872,0.04420003294944763,0.40763649344444275,-0.04287783056497574,0.07465794682502747,0.3370117247104645,-0.06313538551330566,0.11620566248893738,0.3003493845462799,-0.08184675872325897,0.04268670082092285,0.2825590670108795,-0.02177303656935692,0.02237725257873535,0.1603754460811615,-0.0493016317486763,0.009512633085250854,0.08379781246185303,-0.06664755195379257,0.0,0.02356007695198059,-0.07707706838846207,0.09600493311882019,0.28133293986320496,-0.030855106189846992,0.11043736338615417,0.14546433091163635,-0.06024482846260071,0.11853495240211487,0.06359294056892395,-0.07956879585981369,0.1280106008052826,0.0,-0.08885837346315384,0.14334997534751892,0.31168922781944275,-0.04342351481318474,0.1648813784122467,0.2281074821949005,-0.08154473453760147,0.15145334601402283,0.2812809646129608,-0.08540093898773193,0.14110860228538513,0.33033791184425354,-0.07638012617826462,0.18323901295661926,0.3619382679462433,-0.0582243837416172,0.20530715584754944,0.3066140115261078,-0.08354406803846359,0.1954725682735443,0.32659897208213806,-0.0784948319196701,0.18678274750709534,0.3520300090312958,-0.06741075217723846
V,0.11003535985946655,0.5707966685295105,7.788966627231275e-07,0.06014794111251831,0.5000750422477722,-0.025546137243509293,0.044382452964782715,0.40907764434814453,-0.04228794202208519,0.07564219832420349,0.33962780237197876,-0.061998117715120316,0.11570900678634644,0.30462509393692017,-0.08002179116010666,0.04195600748062134,0.2818593382835388,-0.019157376140356064,0.021897882223129272,0.16028982400894165,-0.04564390704035759,0.009185820817947388,0.08258578181266785,-0.06267521530389786,0.0,0.021144509315490723,-0.07305220514535904,0.09505155682563782,0.28098201751708984,-0.02795051783323288,0.10986477136611938,0.1462002694606781,-0.056547731161117554,0.11777651309967041,0.06383532285690308,-0.0758238434791565,0.1268984079360962,0.0,-0.08516377210617065,0.14225608110427856,0.3115057945251465,-0.04043922945857048,0.16394150257110596,0.229901522397995,-0.07826965302228928,0.15113604068756104,0.2810114622116089,-0.0829629972577095,0.1410766839981079,0.33002156019210815,-0.07429800927639008,0.18272966146469116,0.36093783378601074,-0.05515509471297264,0.20525527000427246,0.30322617292404175,-0.08004499971866608,0.1958182454109192,0.3220651149749756,-0.07534155994653702,0.18704992532730103,0.34806424379348755,-0.06451379507780075
V,0.11296382546424866,0.5645273625850677,7.608238661305222e-07,0.06493315100669861,0.49773386120796204,-0.02572908252477646,0.048624187707901,0.4074670970439911,-0.042438291013240814,0.07213878631591797,0.33485862612724304,-0.061554502695798874,0.10486552119255066,0.2923355996608734,-0.07857277244329453,0.04430341720581055,0.2817119061946869,-0.02185455523431301,0.02305695414543152,0.15892696380615234,-0.04796542972326279,0.00942954421043396,0.0822611153125763,-0.0643978863954544,0.0,0.021742522716522217,-0.07439429312944412,0.09673592448234558,0.2806805670261383,-0.029514312744140625,0.11096140742301941,0.1456068456172943,-0.05768484249711037,0.11940458416938782,0.06281539797782898,-0.0766506940126419,0.1296882927417755,0.0,-0.08619658648967743,0.1435733139514923,0.3104901611804962,-0.040446918457746506,0.16352567076683044,0.22507590055465698,-0.07700768113136292,0.15124139189720154,0.2735988199710846,-0.08085572719573975,0.14170625805854797,0.322167307138443,-0.07251614332199097,0.18453356623649597,0.35956433415412903,-0.05356365814805031,0.20699623227119446,0.30348703265190125,-0.07886829972267151,0.19970139861106873,0.31713321805000305,-0.07523618638515472,0.19334080815315247,0.3378632962703705,-0.06533140689134598
V,0.1130632758140564,0.5623601973056793,7.887487640800828e-07,0.06543922424316406,0.4955463707447052,-0.02618989162147045,0.04930970072746277,0.4072233736515045,-0.04347643628716469,0.07503625750541687,0.3376787602901459,-0.06300626695156097,0.1087179183959961,0.298086553812027,-0.08073344081640244,0.043966084718704224,0.282815545797348,-0.02394348382949829,0.022571444511413574,0.1604267656803131,-0.05018158257007599,0.009108781814575195,0.08340877294540405,-0.0663340762257576,0.0,0.022342294454574585,-0.07602017372846603,0.09621304273605347,0.2809959948062897,-0.0313839316368103,0.11081552505493164,0.1453249752521515,-0.059493519365787506,0.11911153793334961,0.06250566244125366,-0.07838886976242065,0.12929105758666992,0.0,-0.08771556615829468,0.14308089017868042,0.31033560633659363,-0.04203301668167114,0.1623373031616211,0.22967121005058289,-0.07882267236709595,0.14956414699554443,0.274954229593277,-0.08440802246332169,0.1402583122253418,0.32185742259025574,-0.07705423980951309,0.18399792909622192,0.3588586747646332,-0.054772909730672836,0.2066129446029663,0.3036283552646637,-0.08029437810182571,0.19984853267669678,0.3152778446674347,-0.07765508443117142,0.19393491744995117,0.3351820409297943,-0.06841937452554703
V,0.11465522646903992,0.5616740882396698,8.072943273873534e-07,0.06546500325202942,0.49419572949409485,-0.027761084958910942,0.04975166916847229,0.4037748873233795,-0.04478153586387634,0.07718223333358765,0.3309043347835541,-0.06337606906890869,0.10751065611839294,0.2891741096973419,-0.07986319810152054,0.04242792725563049,0.28291991353034973,-0.024601919576525688,0.022779792547225952,0.1591871678829193,-0.05181719735264778,0.009877890348434448,0.08162173628807068,-0.06864457577466965,0.0,0.02103230357170105,-0.0783417597413063,0.09530118107795715,0.2809505760669708,-0.030668240040540695,0.11072316765785217,0.1448608934879303,-0.06035099923610687,0.11894616484642029,0.06228402256965637,-0.07972578704357147,0.12795385718345642,0.0,-0.08855140209197998,0.14266076683998108,0.3094973862171173,-0.040096163749694824,0.160984605550766,0.23275268077850342,-0.07830707728862762,0.15065333247184753,0.27929243445396423,-0.08344998210668564,0.14327171444892883,0.3245653808116913,-0.07494162768125534,0.1836414635181427,0.35631874203681946,-0.051640838384628296,0.20476898550987244,0.3036585748195648,-0.07758720964193344,0.19906488060951233,0.31808874011039734,-0.07403102517127991,0.19490382075309753,0.33836230635643005,-0.06358854472637177
V,0.11428982019424438,0.5629172325134277,8.118881282825896e-07,0.06495535373687744,0.49507927894592285,-0.02698567323386669,0.049671828746795654,0.40392839908599854,-0.043460913002491,0.07743522524833679,0.3308538794517517,-0.06172589585185051,0.1076422929763794,0.28920841217041016,-0.07812511920928955,0.04243120551109314,0.2834494709968567,-0.023197541013360023,0.02246570587158203,0.15997153520584106,-0.04970550164580345,0.009652674198150635,0.082299143075943,-0.06629487872123718,0.0,0.021608680486679077,-0.07600240409374237,0.09490334987640381,0.28145110607147217,-0.029792314395308495,0.11066561937332153,0.14587631821632385,-0.05875862389802933,0.11862194538116455,0.0627003014087677,-0.07831443846225739,0.1275898814201355,0.0,-0.08757409453392029,0.14203673601150513,0.3103082776069641,-0.03976025432348251,0.16056585311889648,0.23199811577796936,-0.07770875841379166,0.1498178243637085,0.2767565846443176,-0.08399893343448639,0.14251625537872314,0.32165729999542236,-0.07659878581762314,0.18314778804779053,0.357721745967865,-0.05175826698541641,0.20465850830078125,0.3037274479866028,-0.07827682793140411,0.19857585430145264,0.3176231384277344,-0.07580500096082687,0.1943567991256714,0.33843493461608887,-0.06629467010498047
V,0.1117938756942749,0.5623375475406647,7.974237519192684e-07,0.06394940614700317,0.4940829575061798,-0.026835225522518158,0.047937244176864624,0.40558531880378723,-0.0448741540312767,0.07613572478294373,0.3353290259838104,-0.06539274007081985,0.11255329847335815,0.2966506779193878,-0.08420544117689133,0.04347109794616699,0.2808655798435211,-0.02349054254591465,0.02247944474220276,0.15936309099197388,-0.050701677799224854,0.009543180465698242,0.08239877223968506,-0.06792771071195602,0.0,0.02165675163269043,-0.07814406603574753,0.09594917297363281,0.27905771136283875,-0.031200630590319633,0.1103857159614563,0.14401736855506897,-0.05957045778632164,0.11831068992614746,0.06291636824607849,-0.07794313132762909,0.12733805179595947,0.0,-0.08653907477855682,0.14262598752975464,0.30834338068962097,-0.04243267700076103,0.1619839072227478,0.2276209592819214,-0.07932509481906891,0.150098979473114,0.2793354094028473,-0.08284734934568405,0.14168834686279297,0.3285593092441559,-0.0736222192645073,0.1832064986228943,0.3569371998310089,-0.05598881468176842,0.20622503757476807,0.3001697361469269,-0.08021274209022522,0.19716650247573853,0.3188903033733368,-0.07499915361404419,0.18901723623275757,0.34476104378700256,-0.0638318657875061
V,0.11098206043243408,0.5631023943424225,7.78806622747652e-07,0.06261208653450012,0.49336954951286316,-0.026399055495858192,0.04667937755584717,0.4047382175922394,-0.04382849857211113,0.0751078724861145,0.3337463438510895,-0.06398898363113403,0.11217790842056274,0.29510417580604553,-0.08232364803552628,0.04448974132537842,0.28147032856941223,-0.021125223487615585,0.022570043802261353,0.16047266125679016,-0.04779558256268501,0.009258538484573364,0.08306407928466797,-0.06445138901472092,0.0,0.021331697702407837,-0.07440771907567978,0.09668189287185669,0.27963390946388245,-0.028994152322411537,0.11063563823699951,0.14519676566123962,-0.0575990304350853,0.11875993013381958,0.06327414512634277,-0.07632297277450562,0.1280997395515442,0.0,-0.08512413501739502,0.14311867952346802,0.30852434039115906,-0.04054231941699982,0.16273528337478638,0.22730359435081482,-0.07864703238010406,0.1514577865600586,0.27753785252571106,-0.0834566280245781,0.14314335584640503,0.32723161578178406,-0.07460254430770874,0.18385523557662964,0.3561331331729889,-0.0542912594974041,0.20635265111923218,0.29841265082359314,-0.07970269024372101,0.19828486442565918,0.3142450153827667,-0.07578250020742416,0.19047564268112183,0.3388218581676483,-0.06527495384216309
V,0.11460208892822266,0.5597947835922241,7.719435757280735e-07,0.06419181823730469,0.494995653629303,-0.02809366025030613,0.047145694494247437,0.4027172923088074,-0.044408246874809265,0.07989245653152466,0.3294675946235657,-0.06274599581956863,0.11841017007827759,0.28667527437210083,-0.07894247025251389,0.04311937093734741,0.2804092764854431,-0.021333277225494385,0.021270960569381714,0.1590239405632019,-0.04746299609541893,0.008937060832977295,0.08300015330314636,-0.06288883835077286,0.0,0.022356867790222168,-0.07159863412380219,0.09662628173828125,0.2777528762817383,-0.027731740847229958,0.10960948467254639,0.14177793264389038,-0.05584888905286789,0.1178809404373169,0.06277501583099365,-0.07281896471977234,0.12705475091934204,0.0,-0.07975446432828903,0.14388513565063477,0.3061383366584778,-0.03812972083687782,0.16231632232666016,0.23036208748817444,-0.07726690918207169,0.15048813819885254,0.2864219546318054,-0.0813983827829361,0.14201068878173828,0.3354451656341553,-0.07143116742372513,0.1846441626548767,0.3535462021827698,-0.05072176083922386,0.20656615495681763,0.29777318239212036,-0.07645940780639648,0.19563192129135132,0.32183897495269775,-0.0714343711733818,0.1857491135597229,0.35005831718444824,-0.05995120108127594
V,0.11201727390289307,0.5619101524353027,7.768321665935218e-07,0.06185796856880188,0.49443328380584717,-0.02749602496623993,0.04578956961631775,0.4047231674194336,-0.044516850262880325,0.07706841826438904,0.3326379656791687,-0.06369051337242126,0.11541467905044556,0.2931032180786133,-0.08114305138587952,0.0414353609085083,0.28272688388824463,-0.023902527987957,0.02049538493156433,0.15937048196792603,-0.05080699548125267,0.008367359638214111,0.0819474458694458,-0.06726294010877609,0.0,0.020445436239242554,-0.07703278213739395,0.09485405683517456,0.2793233394622803,-0.03095061145722866,0.10818237066268921,0.14346852898597717,-0.05970575287938118,0.1163066029548645,0.06286191940307617,-0.07840291410684586,0.12595415115356445,0.0,-0.08728388696908951,0.14215797185897827,0.30763131380081177,-0.0416407510638237,0.1621684432029724,0.23024719953536987,-0.07984745502471924,0.15068161487579346,0.2785828709602356,-0.08588902652263641,0.14250785112380981,0.3257681727409363,-0.07826397567987442,0.18279629945755005,0.3549920916557312,-0.05457403510808945,0.20642995834350586,0.2984932065010071,-0.08090519160032272,0.19672709703445435,0.31664520502090454,-0.07836112380027771,0.18749487400054932,0.3434019088745117,-0.06902843713760376
V,0.11078387498855591,0.5607691407203674,7.877731604821747e-07,0.061899811029434204,0.4927051067352295,-0.028086218982934952,0.04460969567298889,0.404272198677063,-0.045304980129003525,0.07212042808532715,0.3327651023864746,-0.06479322165250778,0.10867935419082642,0.2934858202934265,-0.08226903527975082,0.04044660925865173,0.2801390290260315,-0.02136005274951458,0.02073913812637329,0.15888899564743042,-0.0478065200150013,0.008517086505889893,0.08303171396255493,-0.06447998434305191,0.0,0.023245632648468018,-0.07441315799951553,0.09344160556793213,0.27703142166137695,-0.027990590780973434,0.10782909393310547,0.14411363005638123,-0.05661012604832649,0.11546248197555542,0.06280237436294556,-0.07599066942930222,0.12464642524719238,0.0,-0.08524969220161438,0.1406223177909851,0.3050870895385742,-0.038471587002277374,0.15851742029190063,0.22930079698562622,-0.07614915072917938,0.1465357542037964,0.2800757884979248,-0.08170279860496521,0.13846880197525024,0.32914572954177856,-0.07354684919118881,0.18127691745758057,0.35149312019348145,-0.051328375935554504,0.2006434202194214,0.29699116945266724,-0.07619549334049225,0.1906297206878662,0.3164556622505188,-0.07248160243034363,0.18247127532958984,0.3435615301132202,-0.062320489436388016
V,0.11119672656059265,0.5591056942939758,7.986503192114469e-07,0.06224048137664795,0.4917396903038025,-0.028538888320326805,0.044641345739364624,0.40426427125930786,-0.046294260770082474,0.07221430540084839,0.3333554267883301,-0.06620049476623535,0.10912337899208069,0.29473263025283813,-0.08416107296943665,0.040676504373550415,0.27973729372024536,-0.022388046607375145,0.02050960063934326,0.1588890552520752,-0.04931863397359848,0.008321672677993774,0.08288919925689697,-0.06630964577198029,0.0,0.022818535566329956,-0.07640544325113297,0.09353652596473694,0.27635228633880615,-0.02879675105214119,0.10789379477500916,0.14356034994125366,-0.0576791986823082,0.11547669768333435,0.06268662214279175,-0.07696396112442017,0.1246328055858612,0.0,-0.08598988503217697,0.14071568846702576,0.30412161350250244,-0.039047833532094955,0.1583658754825592,0.2288602888584137,-0.07670523971319199,0.14610204100608826,0.2801749110221863,-0.08181485533714294,0.13810208439826965,0.32967376708984375,-0.07318174839019775,0.18144837021827698,0.35041266679763794,-0.05171853303909302,0.200291246175766,0.2965540289878845,-0.07622829079627991,0.19068410992622375,0.31541508436203003,-0.07205931097269058,0.18311968445777893,0.3417731523513794,-0.061471112072467804
V,0.11119133234024048,0.5587429106235504,7.714660341662238e-07,0.06194162368774414,0.49136629700660706,-0.026204517111182213,0.04487532377243042,0.40010836720466614,-0.04249890521168709,0.07203811407089233,0.3319338858127594,-0.0613563135266304,0.10733151435852051,0.2976871430873871,-0.07863716781139374,0.041476935148239136,0.2762802541255951,-0.020540939643979073,0.021255463361740112,0.15729579329490662,-0.04667191579937935,0.008812487125396729,0.08198752999305725,-0.06316942721605301,0.0,0.022848010063171387,-0.07295503467321396,0.09483295679092407,0.2744424641132355,-0.028172506019473076,0.10839825868606567,0.1425769031047821,-0.05595385655760765,0.11630624532699585,0.06273218989372253,-0.07432923465967178,0.12559157609939575,0.0,-0.08288948982954025,0.14212608337402344,0.3033500611782074,-0.03947414085268974,0.16047197580337524,0.22666561603546143,-0.07599280029535294,0.14854490756988525,0.278851717710495,-0.08030914515256882,0.14004099369049072,0.327057808637619,-0.07166522741317749,0.1827394962310791,0.3514855206012726,-0.05304280295968056,0.2033010721206665,0.29659387469291687,-0.07629009336233139,0.19316864013671875,0.31743285059928894,-0.07099314779043198,0.18458199501037598,0.34402307868003845,-0.06009544059634209
V,0.11130332946777344,0.5586044490337372,7.603005087730708e-07,0.06204700469970703,0.4909602701663971,-0.025769896805286407,0.045726239681243896,0.39982518553733826,-0.04163374379277229,0.07371500134468079,0.33142325282096863,-0.06004054844379425,0.10980737209320068,0.29680904746055603,-0.07689923793077469,0.04176813364028931,0.2757928669452667,-0.019903486594557762,0.02123105525970459,0.15649273991584778,-0.0454903244972229,0.008641421794891357,0.08034929633140564,-0.06173531338572502,0.0,0.020517170429229736,-0.07151179015636444,0.09483039379119873,0.2740243971347809,-0.027556385844945908,0.10842645168304443,0.1422751247882843,-0.05483229085803032,0.11645400524139404,0.06222978234291077,-0.0734400674700737,0.1257774829864502,0.0,-0.08245417475700378,0.14181625843048096,0.30299827456474304,-0.038827888667583466,0.16146034002304077,0.22628375887870789,-0.07499875128269196,0.150199294090271,0.275284081697464,-0.08043695986270905,0.1416865587234497,0.3225642740726471,-0.07284233719110489,0.1822074055671692,0.3510189950466156,-0.05227460339665413,0.2034575343132019,0.2956325113773346,-0.07561132311820984,0.19442301988601685,0.314710408449173,-0.07127257436513901,0.18638622760772705,0.3408481776714325,-0.061226047575473785
V,0.11166337132453918,0.5639536082744598,7.877968641878397e-07,0.06270968914031982,0.4934915602207184,-0.024854356423020363,0.04803621768951416,0.4033222496509552,-0.04048851877450943,0.07630249857902527,0.33527806401252747,-0.058966584503650665,0.11013045907020569,0.2983606159687042,-0.0755901038646698,0.04240235686302185,0.27902957797050476,-0.01822892390191555,0.021615296602249146,0.159272700548172,-0.043344542384147644,0.008736252784729004,0.08397403359413147,-0.059146370738744736,0.0,0.023545801639556885,-0.06869354844093323,0.0947134792804718,0.27786800265312195,-0.026022465899586678,0.1098802387714386,0.14655497670173645,-0.05385100096464157,0.11829683184623718,0.06464692950248718,-0.07323663681745529,0.12836548686027527,0.0,-0.0827399417757988,0.1412772238254547,0.30724164843559265,-0.037323884665966034,0.16106471419334412,0.2302679717540741,-0.07458698004484177,0.14891043305397034,0.2813108265399933,-0.08007514476776123,0.14075163006782532,0.3314073383808136,-0.07176349312067032,0.18191513419151306,0.3552302420139313,-0.050726860761642456,0.2044399082660675,0.2993527948856354,-0.07564936578273773,0.19713613390922546,0.3136698305606842,-0.07243840396404266,0.1907764971256256,0.3364051282405853,-0.06249912083148956
V,0.11109212040901184,0.564718633890152,7.869895739531785e-07,0.06213271617889404,0.49396058917045593,-0.02461053803563118,0.04702219367027283,0.4034779965877533,-0.04033760353922844,0.07409858703613281,0.33536025881767273,-0.05902894213795662,0.10740777850151062,0.29865923523902893,-0.07592668384313583,0.042332470417022705,0.2797737419605255,-0.01811021752655506,0.02168828248977661,0.16024324297904968,-0.04322434589266777,0.00889599323272705,0.08504915237426758,-0.0591265931725502,0.0,0.024898558855056763,-0.0687379315495491,0.09454670548439026,0.27890434861183167,-0.02621411718428135,0.10969129204750061,0.1469656527042389,-0.05402461439371109,0.11837723851203918,0.06473815441131592,-0.07347172498703003,0.1287001073360443,0.0,-0.08302756398916245,0.1409442126750946,0.3083272874355316,-0.037789907306432724,0.1602630913257599,0.22994473576545715,-0.07499051094055176,0.1479063332080841,0.2812465727329254,-0.08047322183847427,0.13970741629600525,0.33148881793022156,-0.0722443237900734,0.18137255311012268,0.35639289021492004,-0.05142960697412491,0.20352378487586975,0.30000272393226624,-0.07614816725254059,0.1959255039691925,0.3148026764392853,-0.07273133099079132,0.18968084454536438,0.33781227469444275,-0.06275426596403122
V,0.11317616701126099,0.5631294250488281,7.869462592680065e-07,0.06361979246139526,0.4931026101112366,-0.026048364117741585,0.04853913187980652,0.4008355736732483,-0.042178958654403687,0.08166569471359253,0.330475389957428,-0.06050156429409981,0.12174999713897705,0.2933969497680664,-0.07723207771778107,0.044208914041519165,0.2800678610801697,-0.021897781640291214,0.02217555046081543,0.15885695815086365,-0.047307733446359634,0.00922083854675293,0.0829283595085144,-0.06282858550548553,0.0,0.022261202335357666,-0.07225755602121353,0.09663164615631104,0.27898943424224854,-0.029284672811627388,0.11109638214111328,0.1442091464996338,-0.05720901116728783,0.11918264627456665,0.0633278489112854,-0.07634862512350082,0.12836939096450806,0.0,-0.08563435077667236,0.14276039600372314,0.30976438522338867,-0.04004855826497078,0.16383177042007446,0.23141515254974365,-0.07826460152864456,0.15345603227615356,0.2796497941017151,-0.08529497683048248,0.14538151025772095,0.32693326473236084,-0.0780632272362709,0.18242400884628296,0.3595859408378601,-0.05271352827548981,0.2052038311958313,0.30371618270874023,-0.07915132492780685,0.19980698823928833,0.317584753036499,-0.07709306478500366,0.19385886192321777,0.3393278121948242,-0.0679740384221077
V,0.11361175775527954,0.5622310638427734,7.775325912007247e-07,0.06489527225494385,0.49351221323013306,-0.02627340517938137,0.04897862672805786,0.4012240171432495,-0.042252372950315475,0.08006474375724792,0.3293797969818115,-0.06022665277123451,0.11921477317810059,0.2907447814941406,-0.07642451673746109,0.043142080307006836,0.27923041582107544,-0.022486098110675812,0.021261364221572876,0.15823376178741455,-0.048054151237010956,0.008795499801635742,0.08192113041877747,-0.06368865817785263,0.0,0.02132132649421692,-0.07314308732748032,0.09615015983581543,0.2779601216316223,-0.02979581244289875,0.1101025938987732,0.1429014503955841,-0.05769548565149307,0.11873584985733032,0.06205272674560547,-0.07654129713773727,0.12843137979507446,0.0,-0.08561215549707413,0.14276641607284546,0.30899548530578613,-0.04047771170735359,0.1642082929611206,0.2317950427532196,-0.07828100025653839,0.15344518423080444,0.27896010875701904,-0.0848483219742775,0.14459466934204102,0.32496142387390137,-0.077656589448452,0.18244123458862305,0.359396755695343,-0.05309254303574562,0.20496249198913574,0.3050817847251892,-0.07918044924736023,0.19816410541534424,0.3206906318664551,-0.07663509249687195,0.19105470180511475,0.34330594539642334,-0.06736829876899719
V,0.11662861704826355,0.5644433200359344,7.751958150947758e-07,0.06564798951148987,0.4927918016910553,-0.025754505768418312,0.04878467321395874,0.4003603756427765,-0.0416710339486599,0.0796082615852356,0.3286793529987335,-0.060245152562856674,0.11830267310142517,0.291757196187973,-0.07688184827566147,0.044560641050338745,0.27996042370796204,-0.018887992948293686,0.023924320936203003,0.15910133719444275,-0.044501785188913345,0.010553896427154541,0.08342209458351135,-0.06074381247162819,0.0,0.02223813533782959,-0.07064960896968842,0.09778788685798645,0.27825936675071716,-0.026414208114147186,0.11157771944999695,0.14507856965065002,-0.05415844917297363,0.1200205385684967,0.06425127387046814,-0.07326566427946091,0.1294213831424713,0.0,-0.08263100683689117,0.14484480023384094,0.3070969879627228,-0.03763452172279358,0.1635519564151764,0.23211246728897095,-0.07509109377861023,0.15373465418815613,0.28214964270591736,-0.08098302781581879,0.14626839756965637,0.3302915394306183,-0.07301205396652222,0.18592730164527893,0.35421988368034363,-0.05107035115361214,0.2089562714099884,0.29750141501426697,-0.0758792981505394,0.20089277625083923,0.31479302048683167,-0.07254821062088013,0.19272449612617493,0.3406548798084259,-0.06271734088659286
V,0.11599844694137573,0.56577268242836,7.804847541592608e-07,0.06552237272262573,0.4937274754047394,-0.02538684755563736,0.04971066117286682,0.4015865623950958,-0.04120830446481705,0.08076861500740051,0.33145585656166077,-0.05983871594071388,0.11869728565216064,0.2946723401546478,-0.07661221921443939,0.043907225131988525,0.27989187836647034,-0.017920363694429398,0.02358749508857727,0.15923717617988586,-0.0431569404900074,0.01037520170211792,0.0832611620426178,-0.05942092835903168,0.0,0.02184838056564331,-0.06942324340343475,0.09681177139282227,0.2781747877597809,-0.025599317625164986,0.11129504442214966,0.14529529213905334,-0.05302494391798973,0.1197090744972229,0.06433233618736267,-0.07229074090719223,0.1291046142578125,0.0,-0.08196544647216797,0.14365220069885254,0.3071070611476898,-0.0369965136051178,0.16244184970855713,0.23086199164390564,-0.07410033047199249,0.15234601497650146,0.2801702320575714,-0.08030085265636444,0.1449999213218689,0.3287528455257416,-0.07268057018518448,0.18484973907470703,0.3543332517147064,-0.05060052126646042,0.20835494995117188,0.2946142852306366,-0.07512356340885162,0.20002436637878418,0.31137558817863464,-0.07191339880228043,0.19157594442367554,0.3384205996990204,-0.06229224056005478
V,0.11500203609466553,0.5655664205551147,8.110706630759523e-07,0.0645281970500946,0.4970834255218506,-0.026207463815808296,0.04859071969985962,0.40612947940826416,-0.04286849498748779,0.07974347472190857,0.3355613946914673,-0.06169840320944786,0.11601358652114868,0.29854047298431396,-0.07903575897216797,0.04316836595535278,0.28138983249664307,-0.02272229827940464,0.022182732820510864,0.15948128700256348,-0.04846392199397087,0.00943264365196228,0.08233296871185303,-0.06485480815172195,0.0,0.021572619676589966,-0.07470805197954178,0.09643810987472534,0.2804926037788391,-0.030147692188620567,0.11198753118515015,0.14358755946159363,-0.05752453953027725,0.12080377340316772,0.06143295764923096,-0.0766332745552063,0.13034838438034058,0.0,-0.08599115908145905,0.14368963241577148,0.3108842968940735,-0.04089226946234703,0.16307353973388672,0.23163187503814697,-0.07710691541433334,0.15275925397872925,0.2775179147720337,-0.08356716483831406,0.1447170376777649,0.32405567169189453,-0.07671988010406494,0.18481767177581787,0.35995471477508545,-0.05368081480264664,0.20647716522216797,0.30260390043258667,-0.0777304545044899,0.19956117868423462,0.3193894028663635,-0.07417777180671692,0.19323956966400146,0.34415584802627563,-0.06451836228370667
V,0.11452752351760864,0.5655741393566132,7.977176892381976e-07,0.06353428959846497,0.49707725644111633,-0.026052506640553474,0.04689544439315796,0.4042299687862396,-0.04237199202179909,0.07947701215744019,0.3333900272846222,-0.06089094281196594,0.11850219964981079,0.29820337891578674,-0.07798466086387634,0.0430392324924469,0.28124794363975525,-0.02324218489229679,0.021946430206298828,0.15856876969337463,-0.04887494072318077,0.009287327527999878,0.08158537745475769,-0.06490397453308105,0.0,0.021072417497634888,-0.07455793023109436,0.09683012962341309,0.2802407443523407,-0.030875036492943764,0.11224162578582764,0.14280185103416443,-0.058371298015117645,0.12031680345535278,0.06108471751213074,-0.07743334025144577,0.12950211763381958,0.0,-0.0867125615477562,0.14457803964614868,0.31062665581703186,-0.04173169657588005,0.1648043394088745,0.23176905512809753,-0.07792305946350098,0.1526622772216797,0.2784852087497711,-0.08405241370201111,0.14334625005722046,0.3247224986553192,-0.07702707499265671,0.1855407953262329,0.35987088084220886,-0.054652996361255646,0.20721298456192017,0.30362430214881897,-0.07871004194021225,0.19930893182754517,0.3211885988712311,-0.07493031024932861,0.19243216514587402,0.34605690836906433,-0.06513865292072296
V,0.11210480332374573,0.565920352935791,7.686250569349795e-07,0.06266477704048157,0.49633312225341797,-0.0262631606310606,0.04582938551902771,0.4052600860595703,-0.04301135614514351,0.07477521896362305,0.3361126184463501,-0.06191103160381317,0.11319753527641296,0.30208027362823486,-0.079431913793087,0.04299443960189819,0.2811046242713928,-0.023416994139552116,0.022922515869140625,0.15839707851409912,-0.04939192533493042,0.009518355131149292,0.08089935779571533,-0.06647392362356186,0.0,0.019998222589492798,-0.07739771902561188,0.09617558121681213,0.28060030937194824,-0.03113229013979435,0.11014875769615173,0.1470721960067749,-0.05902348458766937,0.11756613850593567,0.06350934505462646,-0.079693503677845,0.1267547905445099,0.0,-0.09106695652008057,0.14347872138023376,0.31092220544815063,-0.04207431524991989,0.16537299752235413,0.22817087173461914,-0.07858239114284515,0.1546594202518463,0.26877015829086304,-0.08668193221092224,0.14560183882713318,0.3137747049331665,-0.08180336654186249,0.183722585439682,0.3598819971084595,-0.055130600929260254,0.2065841257572174,0.30278289318084717,-0.08176041394472122,0.20169499516487122,0.3129769563674927,-0.08115171641111374,0.19635608792304993,0.3335389494895935,-0.07373473793268204
V,0.11299675703048706,0.5638662278652191,7.742351613160281e-07,0.06350889801979065,0.4956001341342926,-0.027062879875302315,0.04697316884994507,0.40386077761650085,-0.04378010705113411,0.07606944441795349,0.33316323161125183,-0.062338314950466156,0.11341774463653564,0.2939324676990509,-0.07928666472434998,0.04320147633552551,0.2790658175945282,-0.022991199046373367,0.022713780403137207,0.15767240524291992,-0.0491851307451725,0.009462803602218628,0.07957705855369568,-0.06634325534105301,0.0,0.018188953399658203,-0.07717303186655045,0.09631824493408203,0.27837881445884705,-0.03018220327794552,0.11108940839767456,0.14582693576812744,-0.0581062026321888,0.11941725015640259,0.06351199746131897,-0.07832899689674377,0.12922972440719604,0.0,-0.08914797753095627,0.143652081489563,0.30849382281303406,-0.04076433926820755,0.16703981161117554,0.22741317749023438,-0.07751309126615524,0.1560637354850769,0.2708767354488373,-0.08446657657623291,0.1466417908668518,0.31613901257514954,-0.07857997715473175,0.1842362880706787,0.357530802488327,-0.05347122997045517,0.20646101236343384,0.30160102248191833,-0.0795154720544815,0.20117515325546265,0.31423714756965637,-0.0774107575416565,0.195814847946167,0.33516982197761536,-0.06886687874794006
V,0.11317834258079529,0.5685231685638428,7.827862305020972e-07,0.06471177935600281,0.5031824111938477,-0.025326797738671303,0.04871365427970886,0.41078299283981323,-0.041035693138837814,0.072781503200531,0.34200960397720337,-0.05937963351607323,0.10295739769935608,0.30861639976501465,-0.07615149021148682,0.04414454102516174,0.2828446626663208,-0.020856155082583427,0.022747725248336792,0.1616663932800293,-0.0470510795712471,0.009444266557693481,0.08417147397994995,-0.06352143734693527,0.0,0.02306509017944336,-0.07346905022859573,0.09669175744056702,0.2807830572128296,-0.02900320291519165,0.11192813515663147,0.1451864242553711,-0.057573456317186356,0.11950072646141052,0.06344443559646606,-0.07686296850442886,0.12848320603370667,0.0,-0.0860845148563385,0.14347347617149353,0.3100726008415222,-0.0404946431517601,0.1648329794406891,0.23035842180252075,-0.07758779078722,0.15181252360343933,0.28247541189193726,-0.08224459737539291,0.1423933207988739,0.33145761489868164,-0.07366441935300827,0.1847997009754181,0.35881155729293823,-0.0541197694838047,0.2073894441127777,0.30233389139175415,-0.07807879894971848,0.1984449326992035,0.320736825466156,-0.07352489233016968,0.19075611233711243,0.3450738191604614,-0.06303239613771439
V,0.11341041326522827,0.5709196031093597,7.676240443288407e-07,0.06466108560562134,0.5031718909740448,-0.024954969063401222,0.04869738221168518,0.4100605547428131,-0.04060990735888481,0.07442286610603333,0.3425110876560211,-0.059044383466243744,0.10706305503845215,0.3109939992427826,-0.07600457966327667,0.044530242681503296,0.28289011120796204,-0.020773615688085556,0.023309409618377686,0.16119807958602905,-0.046941474080085754,0.009643852710723877,0.08357599377632141,-0.0636005699634552,0.0,0.022210001945495605,-0.07375374436378479,0.09735900163650513,0.28138378262519836,-0.029180098325014114,0.11228781938552856,0.1460907757282257,-0.057297270745038986,0.11965703964233398,0.06396767497062683,-0.07656313478946686,0.12884408235549927,0.0,-0.0861036628484726,0.14445042610168457,0.310945600271225,-0.04093776270747185,0.16622143983840942,0.23136615753173828,-0.07720591872930527,0.15333408117294312,0.2822764217853546,-0.08187559247016907,0.14399445056915283,0.3312239944934845,-0.07367421686649323,0.18557292222976685,0.3598679006099701,-0.0549020953476429,0.2081897258758545,0.3021216094493866,-0.0779823437333107,0.19926929473876953,0.31967905163764954,-0.07321219891309738,0.19154298305511475,0.3443712890148163,-0.0628720074892044
V,0.11290097236633301,0.5690323710441589,7.807107067492325e-07,0.06334570050239563,0.5032761693000793,-0.026873573660850525,0.0457991361618042,0.4145313501358032,-0.04395812377333641,0.07230967283248901,0.34674715995788574,-0.06308402866125107,0.1068992018699646,0.3123743534088135,-0.08033069223165512,0.040928661823272705,0.2802011966705322,-0.022394243627786636,0.02055111527442932,0.15861448645591736,-0.047956377267837524,0.008373379707336426,0.0818244218826294,-0.0638771504163742,0.0,0.021467357873916626,-0.0733422189950943,0.09486103057861328,0.27972227334976196,-0.02944990061223507,0.10897278785705566,0.14510977268218994,-0.056982364505529404,0.11701399087905884,0.06377828121185303,-0.07561270892620087,0.12659519910812378,0.0,-0.08457263559103012,0.142520010471344,0.3101469874382019,-0.04001389443874359,0.16215968132019043,0.231981098651886,-0.07738891988992691,0.1522306203842163,0.2823326587677002,-0.08317890763282776,0.1452392339706421,0.33169662952423096,-0.0750710517168045,0.1839924454689026,0.35928791761398315,-0.05266677588224411,0.20545053482055664,0.3013407588005066,-0.07727547734975815,0.20067179203033447,0.3154219388961792,-0.07371848076581955,0.19646668434143066,0.337060809135437,-0.0636569932103157
V,0.11291494965553284,0.5691062808036804,7.820236191946606e-07,0.06309157609939575,0.5029556155204773,-0.026652570813894272,0.04586482048034668,0.41387027502059937,-0.04350046440958977,0.07331392168998718,0.3469012379646301,-0.06259768456220627,0.10864576697349548,0.3134725093841553,-0.07988665252923965,0.04130175709724426,0.2803385853767395,-0.021894240751862526,0.02100721001625061,0.15865272283554077,-0.04749162867665291,0.00872066617012024,0.08191120624542236,-0.06345655769109726,0.0,0.021673917770385742,-0.07301962375640869,0.09534463286399841,0.27938926219940186,-0.02937210351228714,0.10920640826225281,0.14477628469467163,-0.05700232461094856,0.11738047003746033,0.06370022892951965,-0.0755143091082573,0.12702593207359314,0.0,-0.08442983031272888,0.14300057291984558,0.3096540570259094,-0.040465813130140305,0.1635681688785553,0.23139232397079468,-0.07801259309053421,0.15316835045814514,0.2831372022628784,-0.08361130207777023,0.14560535550117493,0.3328482508659363,-0.07544998824596405,0.1844998300075531,0.35887622833251953,-0.05370241403579712,0.20687827467918396,0.3003743290901184,-0.07851342856884003,0.19988760352134705,0.31751638650894165,-0.07478457689285278,0.19331702589988708,0.34200966358184814,-0.06470215320587158
V,0.11532407999038696,0.564453661441803,7.972260505084705e-07,0.06488096714019775,0.4960477352142334,-0.026585353538393974,0.04690393805503845,0.408332884311676,-0.04409676417708397,0.07786720991134644,0.3426100015640259,-0.06394868344068527,0.11691832542419434,0.3131430149078369,-0.0821734145283699,0.044259488582611084,0.27882933616638184,-0.023824065923690796,0.02199465036392212,0.15792083740234375,-0.04952097684144974,0.009035110473632812,0.08210355043411255,-0.06553050875663757,0.0,0.02087777853012085,-0.07519541680812836,0.0979732871055603,0.27808964252471924,-0.03139181435108185,0.11177682876586914,0.14482223987579346,-0.05898667126893997,0.11931997537612915,0.06353405117988586,-0.07742113620042801,0.12803882360458374,0.0,-0.08634348958730698,0.14506065845489502,0.3084455728530884,-0.04239208996295929,0.16521930694580078,0.23489493131637573,-0.07969942688941956,0.1545257568359375,0.2857261300086975,-0.08574515581130981,0.1461164951324463,0.3359612822532654,-0.077834352850914,0.18585866689682007,0.35723447799682617,-0.05555043742060661,0.20769023895263672,0.3009214401245117,-0.07990025728940964,0.20038622617721558,0.3188272714614868,-0.07611150294542313,0.19290316104888916,0.34582120180130005,-0.06598463654518127
V,0.11557796597480774,0.5624584853649139,8.01780117853923e-07,0.06499180197715759,0.4952531158924103,-0.026832351461052895,0.04781857132911682,0.4056313931941986,-0.04411378875374794,0.07976201176643372,0.3395368754863739,-0.06367505341768265,0.11700257658958435,0.3097914755344391,-0.08162466436624527,0.04369539022445679,0.2798060476779938,-0.024585727602243423,0.021621763706207275,0.15819546580314636,-0.05092349648475647,0.00886198878288269,0.08182278275489807,-0.06719493120908737,0.0,0.020990878343582153,-0.07689650356769562,0.09782841801643372,0.2791711390018463,-0.03220054879784584,0.11089971661567688,0.14496520161628723,-0.06072453036904335,0.1184144914150238,0.06344357132911682,-0.07937503606081009,0.12754246592521667,0.0,-0.08811058104038239,0.14535829424858093,0.3095798194408417,-0.04319976642727852,0.16564831137657166,0.23525258898735046,-0.08073968440294266,0.15465542674064636,0.2883467972278595,-0.08549664914608002,0.14641770720481873,0.33871570229530334,-0.07665683329105377,0.18604609370231628,0.3584761917591095,-0.05642320215702057,0.2071596086025238,0.3040302097797394,-0.08055613934993744,0.19859930872917175,0.3251531422138214,-0.07554393261671066,0.19087907671928406,0.353072851896286,-0.06451242417097092
V,0.11765784025192261,0.5638567209243774,7.771474201945239e-07,0.06659764051437378,0.4935076832771301,-0.02538355067372322,0.04987099766731262,0.40040767192840576,-0.04085046425461769,0.08466792106628418,0.3308202624320984,-0.058496080338954926,0.1259111762046814,0.2992445230484009,-0.07480090856552124,0.0454484224319458,0.2834033966064453,-0.022106224671006203,0.023678362369537354,0.1599084734916687,-0.04723683372139931,0.010161876678466797,0.08288711309432983,-0.06300339102745056,0.0,0.02179086208343506,-0.07266642153263092,0.0992402732372284,0.2816160321235657,-0.02973206713795662,0.11186450719833374,0.14481204748153687,-0.05640409141778946,0.11949145793914795,0.06271776556968689,-0.07529568672180176,0.12870347499847412,0.0,-0.08486150205135345,0.14671939611434937,0.31121188402175903,-0.04064912348985672,0.16758447885513306,0.23355573415756226,-0.07697851955890656,0.15806496143341064,0.27581626176834106,-0.08493340015411377,0.15042978525161743,0.32032662630081177,-0.0791088342666626,0.1874801516532898,0.35886579751968384,-0.05348838493227959,0.2096295952796936,0.30100518465042114,-0.07823627442121506,0.2024174928665161,0.31479203701019287,-0.07594157010316849,0.19500136375427246,0.3396642804145813,-0.06726311892271042
V,0.11719131469726562,0.5652381181716919,7.884346473474579e-07,0.06672358512878418,0.4945419430732727,-0.02513319067656994,0.04976081848144531,0.4006887674331665,-0.040405720472335815,0.08344420790672302,0.3301237225532532,-0.05797993019223213,0.12487822771072388,0.297468900680542,-0.07396688312292099,0.044223129749298096,0.2838566303253174,-0.02087862230837345,0.022662848234176636,0.15999269485473633,-0.04584626108407974,0.009743660688400269,0.0832398533821106,-0.06128716468811035,0.0,0.02259206771850586,-0.07061044871807098,0.0981026291847229,0.28223347663879395,-0.028501547873020172,0.1110844612121582,0.14480242133140564,-0.05541615933179855,0.11933112144470215,0.06275415420532227,-0.07429108768701553,0.12898391485214233,0.0,-0.08354710042476654,0.14582890272140503,0.3115840554237366,-0.03947016969323158,0.16608184576034546,0.23555511236190796,-0.07593642920255661,0.15678030252456665,0.27862024307250977,-0.08359512686729431,0.14927887916564941,0.322696328163147,-0.077285535633564,0.1867935061454773,0.35883790254592896,-0.05235898494720459,0.20918214321136475,0.3019863963127136,-0.07672544568777084,0.20204603672027588,0.3151249289512634,-0.07411438971757889,0.19464367628097534,0.3383830189704895,-0.06512792408466339
V,0.11676979064941406,0.5615443587303162,7.751514203846455e-07,0.06776735186576843,0.49408072233200073,-0.026628131046891212,0.05187785625457764,0.405784010887146,-0.042795538902282715,0.08026266098022461,0.3353160619735718,-0.060928165912628174,0.11191612482070923,0.295087993144989,-0.07708977907896042,0.045297205448150635,0.27729344367980957,-0.021230408921837807,0.023187965154647827,0.1560588777065277,-0.04691079631447792,0.009554922580718994,0.0799683928489685,-0.06288088113069534,0.0,0.02046942710876465,-0.0721871480345726,0.0981748104095459,0.2753158211708069,-0.02801390364766121,0.11129134893417358,0.14165973663330078,-0.056155432015657425,0.11765587329864502,0.06086534261703491,-0.07549052685499191,0.1255437135696411,0.0,-0.0846267119050026,0.14527100324630737,0.3042241930961609,-0.03832799568772316,0.16657549142837524,0.228518545627594,-0.07572326809167862,0.15774285793304443,0.27419304847717285,-0.08208967000246048,0.15069681406021118,0.3200140595436096,-0.07456918060779572,0.1864408254623413,0.35181283950805664,-0.050726376473903656,0.2093561291694641,0.29748332500457764,-0.07616002857685089,0.2044960856437683,0.3118445873260498,-0.07324794679880142,0.199274480342865,0.33365023136138916,-0.06340997666120529
V,0.11706054210662842,0.5601915121078491,7.712596357123402e-07,0.06857562065124512,0.4935002326965332,-0.02704971469938755,0.05235356092453003,0.4065248370170593,-0.043503012508153915,0.07814183831214905,0.3360596299171448,-0.06189179793000221,0.10658437013626099,0.2945857644081116,-0.07812381535768509,0.0454481840133667,0.2766616940498352,-0.021532710641622543,0.023306310176849365,0.15610694885253906,-0.04792572185397148,0.009586423635482788,0.08012306690216064,-0.06432085484266281,0.0,0.020603924989700317,-0.07378970831632614,0.09841656684875488,0.2749072313308716,-0.028332863003015518,0.11113464832305908,0.14176875352859497,-0.05751052126288414,0.11765652894973755,0.06118243932723999,-0.07712403684854507,0.12575173377990723,0.0,-0.08621757477521896,0.1455792784690857,0.3038789629936218,-0.03872864693403244,0.16659367084503174,0.22807055711746216,-0.07724139839410782,0.1575174331665039,0.2757683992385864,-0.0831291452050209,0.15025591850280762,0.3223907947540283,-0.0748894140124321,0.18685036897659302,0.3515681028366089,-0.0512172132730484,0.20911473035812378,0.29762405157089233,-0.07727697491645813,0.20370715856552124,0.3129056692123413,-0.07402162998914719,0.19803792238235474,0.3346618413925171,-0.06368978321552277
V,0.11676585674285889,0.5649046003818512,7.673755249015812e-07,0.0662238597869873,0.49994704127311707,-0.028433388099074364,0.04733991622924805,0.41039183735847473,-0.046092744916677475,0.07464537024497986,0.33680686354637146,-0.06582355499267578,0.1135438084602356,0.2971363961696625,-0.08365344256162643,0.04500603675842285,0.28429242968559265,-0.023923035711050034,0.02305549383163452,0.16172900795936584,-0.05087127536535263,0.009342730045318604,0.08437159657478333,-0.0675414502620697,0.0,0.022943437099456787,-0.07764975726604462,0.09772303700447083,0.2806471884250641,-0.03078755922615528,0.10977035760879517,0.14485695958137512,-0.059754639863967896,0.11601024866104126,0.06349977850914001,-0.07928500324487686,0.12491852045059204,0.0,-0.08901040256023407,0.144581139087677,0.30860599875450134,-0.041355375200510025,0.1655033826828003,0.22974973917007446,-0.07992520183324814,0.15435421466827393,0.27811822295188904,-0.08614885807037354,0.14677679538726807,0.326669842004776,-0.07855100184679031,0.18571656942367554,0.3548923432826996,-0.05425487086176872,0.2086561918258667,0.29524943232536316,-0.08061040937900543,0.2007230520248413,0.31170472502708435,-0.07803348451852798,0.19319117069244385,0.33843591809272766,-0.06866089999675751
V,0.11581134796142578,0.5648764967918396,7.699655384385551e-07,0.06589055061340332,0.4985255002975464,-0.027788182720541954,0.04725828766822815,0.40913861989974976,-0.045401789247989655,0.07242664694786072,0.335765540599823,-0.06524304300546646,0.10934597253799438,0.29468268156051636,-0.08311669528484344,0.04465189576148987,0.2822601795196533,-0.02260730229318142,0.022981643676757812,0.16050934791564941,-0.049476757645606995,0.00925871729850769,0.08315339684486389,-0.06628850847482681,0.0,0.02208000421524048,-0.07649537920951843,0.09719747304916382,0.27940601110458374,-0.029850441962480545,0.11014121770858765,0.1444668173789978,-0.05889993533492088,0.11680865287780762,0.06300204992294312,-0.07869184017181396,0.1260654330253601,0.0,-0.08863728493452072,0.1442674994468689,0.3077161908149719,-0.04079975187778473,0.16554230451583862,0.22791209816932678,-0.07921061664819717,0.15371638536453247,0.2757507562637329,-0.0852522924542427,0.14540410041809082,0.32378220558166504,-0.07769597321748734,0.18585479259490967,0.3544154763221741,-0.054027434438467026,0.20841193199157715,0.2947680354118347,-0.08022870123386383,0.20018035173416138,0.3107023239135742,-0.07742016762495041,0.192369282245636,0.336323082447052,-0.06794638931751251
V,0.11480426788330078,0.565529465675354,7.63633636324812e-07,0.06567966938018799,0.4971003532409668,-0.026054885238409042,0.04802635312080383,0.4087163209915161,-0.042715054005384445,0.07412305474281311,0.3388710618019104,-0.06166257709264755,0.10790711641311646,0.3036459684371948,-0.07883937656879425,0.04442393779754639,0.281247079372406,-0.02157500572502613,0.023344427347183228,0.16032227873802185,-0.04760044440627098,0.009635388851165771,0.08371150493621826,-0.0644291564822197,0.0,0.022571861743927002,-0.07501079887151718,0.0968078076839447,0.27866309881210327,-0.029549073427915573,0.10923153162002563,0.1458485722541809,-0.05813963711261749,0.11660104990005493,0.06307661533355713,-0.07811015844345093,0.1258707046508789,0.0,-0.08846700936555862,0.14406824111938477,0.3073822259902954,-0.040922701358795166,0.16650831699371338,0.22483044862747192,-0.07847518473863602,0.1564706563949585,0.26994889974594116,-0.08462906628847122,0.14790958166122437,0.3175767660140991,-0.07768819481134415,0.18573743104934692,0.35559797286987305,-0.054471660405397415,0.20836931467056274,0.2996484041213989,-0.08100100606679916,0.20248252153396606,0.3131299614906311,-0.07880207151174545,0.19669198989868164,0.33551961183547974,-0.0698523074388504
V,0.11420375108718872,0.5652663707733154,7.734975611128903e-07,0.0651930570602417,0.4967201352119446,-0.02606075629591942,0.048089563846588135,0.4087432026863098,-0.04324985668063164,0.0753462016582489,0.3413050174713135,-0.06276115775108337,0.11012965440750122,0.3072895407676697,-0.0805821567773819,0.04494243860244751,0.2798188328742981,-0.021969448775053024,0.023744642734527588,0.16075736284255981,-0.04860329627990723,0.010018318891525269,0.08470585942268372,-0.06569110602140427,0.0,0.02363485097885132,-0.07622469216585159,0.09725648164749146,0.27808529138565063,-0.030057599768042564,0.11038213968276978,0.14550498127937317,-0.05896978825330734,0.11772358417510986,0.06394833326339722,-0.07847291231155396,0.12669819593429565,0.0,-0.08810741454362869,0.14425420761108398,0.3075330853462219,-0.041568439453840256,0.16572237014770508,0.22659966349601746,-0.07939429581165314,0.15557080507278442,0.275435209274292,-0.08433584868907928,0.1473190188407898,0.323822021484375,-0.07602807134389877,0.18584120273590088,0.35661983489990234,-0.055242013186216354,0.20776164531707764,0.30042415857315063,-0.08059665560722351,0.20250076055526733,0.31469208002090454,-0.0766662135720253,0.19749963283538818,0.33590853214263916,-0.06639349460601807
V,0.11555325984954834,0.563362717628479,7.693139423281536e-07,0.0660727322101593,0.4979966878890991,-0.02692158706486225,0.04788243770599365,0.4095909595489502,-0.04409908503293991,0.07491651177406311,0.3400411605834961,-0.06342648714780807,0.11095553636550903,0.30382388830184937,-0.08097578585147858,0.043968409299850464,0.2795953154563904,-0.022996846586465836,0.02206292748451233,0.1596829891204834,-0.04984768107533455,0.00917881727218628,0.08306136727333069,-0.06695108115673065,0.0,0.02213326096534729,-0.07738815993070602,0.0971825122833252,0.2775338888168335,-0.03047708421945572,0.11012935638427734,0.14443328976631165,-0.05967290326952934,0.11708182096481323,0.06366607546806335,-0.0792437195777893,0.12538355588912964,0.0,-0.0886864885687828,0.14464658498764038,0.3066996932029724,-0.041401688009500504,0.16498929262161255,0.22849184274673462,-0.07942353934049606,0.15412402153015137,0.2800406813621521,-0.08396542817354202,0.14586412906646729,0.32876503467559814,-0.07508260756731033,0.18602073192596436,0.3551148772239685,-0.054503485560417175,0.2065051794052124,0.3005914092063904,-0.07932253181934357,0.19995993375778198,0.3178372383117676,-0.07469774037599564,0.19467693567276,0.3409730792045593,-0.06384479254484177
V,0.11438417434692383,0.5629259347915649,7.735192752988951e-07,0.06529426574707031,0.4968942403793335,-0.0268217995762825,0.047169029712677,0.4080805778503418,-0.044076431542634964,0.07595869898796082,0.3387329578399658,-0.06347312033176422,0.11405152082443237,0.3041691184043884,-0.08127406984567642,0.04306524991989136,0.2813505530357361,-0.024535860866308212,0.021727442741394043,0.16039419174194336,-0.051506027579307556,0.009056717157363892,0.08398908376693726,-0.06853652000427246,0.0,0.023183315992355347,-0.07902125269174576,0.09645122289657593,0.2789890766143799,-0.032138582319021225,0.10918402671813965,0.14490637183189392,-0.06130489334464073,0.11610502004623413,0.06373101472854614,-0.08090131729841232,0.12459862232208252,0.0,-0.09052982926368713,0.144089937210083,0.3080822825431824,-0.043032456189394,0.1644231081008911,0.22922423481941223,-0.08092039823532104,0.15329140424728394,0.2795756459236145,-0.08591031283140182,0.14483964443206787,0.32786428928375244,-0.07759779691696167,0.18530863523483276,0.35652661323547363,-0.05610516667366028,0.20606839656829834,0.30246657133102417,-0.08156302571296692,0.1992119550704956,0.31901025772094727,-0.07772389054298401,0.19351470470428467,0.3421974182128906,-0.06749847531318665
V,0.11663413047790527,0.5668039321899414,7.744248478047666e-07,0.06629553437232971,0.5000247359275818,-0.025849435478448868,0.04864916205406189,0.407309889793396,-0.041399940848350525,0.07855680584907532,0.3386765718460083,-0.05908512324094772,0.1151207685470581,0.30381280183792114,-0.07513358443975449,0.043329447507858276,0.2804243564605713,-0.020781610161066055,0.022605031728744507,0.15876656770706177,-0.04610627144575119,0.009879857301712036,0.082328200340271,-0.061594877392053604,0.0,0.022636711597442627,-0.07065798342227936,0.0967862606048584,0.2793689966201782,-0.02824520133435726,0.10977780818939209,0.1441531777381897,-0.056081827729940414,0.11670780181884766,0.06280583143234253,-0.07461223006248474,0.12492287158966064,0.0,-0.08291760832071304,0.14484351873397827,0.3099598288536072,-0.03915221616625786,0.16357946395874023,0.2323211133480072,-0.07696917653083801,0.15423661470413208,0.28175097703933716,-0.08268899470567703,0.14782387018203735,0.32867932319641113,-0.07423307001590729,0.1862870454788208,0.35994231700897217,-0.051992885768413544,0.20626962184906006,0.30556488037109375,-0.0775289535522461,0.2008689045906067,0.3208267092704773,-0.07389455288648605,0.19681215286254883,0.3416152000427246,-0.06338397413492203
V,0.11685511469841003,0.5700625777244568,7.719493737567973e-07,0.06620568037033081,0.502395510673523,-0.025679053738713264,0.04856389760971069,0.4081122875213623,-0.041107162833213806,0.07877090573310852,0.3391280174255371,-0.05876852199435234,0.11590614914894104,0.30509454011917114,-0.07476429641246796,0.043522149324417114,0.2813177704811096,-0.02031715400516987,0.02270132303237915,0.15874600410461426,-0.0454193539917469,0.009845614433288574,0.08219927549362183,-0.0608593225479126,0.0,0.02272343635559082,-0.06993543356657028,0.09682250022888184,0.28016066551208496,-0.027791593223810196,0.10963603854179382,0.1440185308456421,-0.055514510720968246,0.11621269583702087,0.06268581748008728,-0.07416819036006927,0.12468221783638,0.0,-0.08266674727201462,0.14474335312843323,0.3105021119117737,-0.038689207285642624,0.1637888252735138,0.23190701007843018,-0.07585907727479935,0.1535148322582245,0.2819814682006836,-0.08125647157430649,0.1466921865940094,0.3293580412864685,-0.07279235124588013,0.18618246912956238,0.3600807785987854,-0.05159410461783409,0.20659515261650085,0.30432623624801636,-0.07627125829458237,0.20035776495933533,0.320326566696167,-0.07226311415433884,0.1957705318927765,0.34212690591812134,-0.061701156198978424
V,0.11754074692726135,0.5720262229442596,7.811275395397388e-07,0.06874895095825195,0.5017375648021698,-0.02710208296775818,0.052399277687072754,0.4098416864871979,-0.043826207518577576,0.07988426089286804,0.3353550136089325,-0.06251128762960434,0.11296334862709045,0.2902474105358124,-0.07906997948884964,0.044729650020599365,0.2819273769855499,-0.020744888111948967,0.022898763418197632,0.16198042035102844,-0.04686170071363449,0.00942164659500122,0.0858893096446991,-0.06352057307958603,0.0,0.02625897526741028,-0.07338004559278488,0.09698313474655151,0.2811791002750397,-0.02768304944038391,0.10993573069572449,0.1470857858657837,-0.05634007975459099,0.11722531914710999,0.06437739729881287,-0.0763648971915245,0.12669309973716736,0.0,-0.08608964830636978,0.1437837779521942,0.3115676939487457,-0.03822854161262512,0.16642436385154724,0.2346484661102295,-0.0761493518948555,0.15688374638557434,0.28408828377723694,-0.08194653689861298,0.14958283305168152,0.3321724236011505,-0.07391685992479324,0.1841801106929779,0.361182302236557,-0.05087814852595329,0.2062493860721588,0.30561891198158264,-0.07611565291881561,0.20189884305000305,0.3203655779361725,-0.0724569633603096,0.19769123196601868,0.3414190113544464,-0.062163617461919785
V,0.11746165156364441,0.5700007379055023,7.899596425886557e-07,0.06825405359268188,0.4993461072444916,-0.027345644310116768,0.051546066999435425,0.4068972170352936,-0.04417207092046738,0.07970529794692993,0.3320471942424774,-0.0629967451095581,0.11470374464988708,0.28709253668785095,-0.07970702648162842,0.043878912925720215,0.2806912362575531,-0.020183410495519638,0.022299140691757202,0.160496324300766,-0.04648207500576973,0.009204655885696411,0.08412083983421326,-0.0633791834115982,0.0,0.024419039487838745,-0.07340780645608902,0.09665098786354065,0.27992168068885803,-0.02706025168299675,0.10990646481513977,0.1457921862602234,-0.05568419024348259,0.11716869473457336,0.06383895874023438,-0.07551279664039612,0.1265706717967987,0.0,-0.08507395535707474,0.14392736554145813,0.31032291054725647,-0.03765694797039032,0.16592064499855042,0.2315225601196289,-0.07558617740869522,0.15517351031303406,0.2820485532283783,-0.08091641217470169,0.14725449681282043,0.3303990066051483,-0.07257580012083054,0.18461909890174866,0.3599304258823395,-0.05040321126580238,0.20586654543876648,0.30459144711494446,-0.075578473508358,0.19987037777900696,0.3208611309528351,-0.0715189203619957,0.19480660557746887,0.3428918421268463,-0.06094231456518173
V,0.1160455048084259,0.5690568685531616,7.66608252433798e-07,0.06602528691291809,0.5011554956436157,-0.025876805186271667,0.04815152287483215,0.4099106192588806,-0.04221083223819733,0.07760703563690186,0.3396725058555603,-0.0611325278878212,0.11685582995414734,0.30304837226867676,-0.07843392342329025,0.04475262761116028,0.2810552716255188,-0.021049268543720245,0.022498100996017456,0.1595507264137268,-0.047123271971940994,0.00939890742301941,0.08275744318962097,-0.06344498693943024,0.0,0.022367238998413086,-0.0732298418879509,0.09779313206672668,0.27924472093582153,-0.02940479852259159,0.11023786664009094,0.14384156465530396,-0.057473402470350266,0.1170702874660492,0.06302586197853088,-0.07604565471410751,0.12577316164970398,0.0,-0.08492743223905563,0.14512816071510315,0.30904996395111084,-0.041386887431144714,0.1652022898197174,0.22865182161331177,-0.07881618291139603,0.1531558334827423,0.2797214388847351,-0.08394647389650345,0.14419737458229065,0.3271811604499817,-0.07590732723474503,0.18640413880348206,0.35854965448379517,-0.0555364154279232,0.20760807394981384,0.30124324560165405,-0.08013004809617996,0.1966913640499115,0.321591317653656,-0.07577422261238098,0.1866791546344757,0.34855401515960693,-0.06550568342208862
V,0.11609578132629395,0.5695319771766663,7.556784566986607e-07,0.06614404916763306,0.5012577772140503,-0.025934023782610893,0.04794126749038696,0.4109109044075012,-0.04230067878961563,0.07764172554016113,0.34079986810684204,-0.061249248683452606,0.11767250299453735,0.3047245740890503,-0.07845890522003174,0.04487895965576172,0.2820025682449341,-0.02107813023030758,0.02229166030883789,0.16012847423553467,-0.04697594791650772,0.009143024682998657,0.08338725566864014,-0.06299245357513428,0.0,0.02253931760787964,-0.07250863313674927,0.09811702370643616,0.2801980972290039,-0.029453683644533157,0.1098819375038147,0.14432525634765625,-0.0573117621243,0.11667627096176147,0.06310003995895386,-0.07563493400812149,0.1254199743270874,0.0,-0.08430370688438416,0.14551663398742676,0.30998551845550537,-0.04150313138961792,0.16610974073410034,0.2306637465953827,-0.07912109047174454,0.1545824408531189,0.2811363935470581,-0.08465392142534256,0.14563167095184326,0.32890957593917847,-0.07667937129735947,0.18671256303787231,0.3590850234031677,-0.055692993104457855,0.20806747674942017,0.30141162872314453,-0.08022947609424591,0.19744771718978882,0.32153719663619995,-0.07595211267471313,0.18736308813095093,0.34937137365341187,-0.0656575933098793
V,0.1150253415107727,0.567602813243866,7.552155238954583e-07,0.06474646925926208,0.4999837279319763,-0.027419226244091988,0.047578513622283936,0.4092267155647278,-0.04410035163164139,0.07749184966087341,0.3376768231391907,-0.06277155131101608,0.11510026454925537,0.30060750246047974,-0.07969949394464493,0.04342913627624512,0.28210747241973877,-0.022547274827957153,0.02239742875099182,0.159296452999115,-0.048608843237161636,0.009563922882080078,0.08230197429656982,-0.06493103504180908,0.0,0.021375179290771484,-0.07475144416093826,0.09690454602241516,0.2796308994293213,-0.02963377721607685,0.10889673233032227,0.14318892359733582,-0.05774933844804764,0.11508572101593018,0.06248164176940918,-0.07722931355237961,0.12251663208007812,0.0,-0.08673497289419174,0.1444699764251709,0.3087339997291565,-0.04029824212193489,0.1642768383026123,0.22995826601982117,-0.07847706973552704,0.15425628423690796,0.27718544006347656,-0.08606778830289841,0.14623379707336426,0.32377684116363525,-0.07942178100347519,0.18575984239578247,0.3569866418838501,-0.05299811065196991,0.20684009790420532,0.3004135489463806,-0.07850517332553864,0.199357807636261,0.31643402576446533,-0.07599768042564392,0.19241547584533691,0.3403162360191345,-0.06685294955968857
V,0.11482250690460205,0.5681876540184021,7.527968932663498e-07,0.06450462341308594,0.5003975629806519,-0.026968950405716896,0.047618985176086426,0.40893077850341797,-0.043094322085380554,0.078462153673172,0.33772391080856323,-0.0612640343606472,0.11650484800338745,0.3011154532432556,-0.0777188166975975,0.043204426765441895,0.2827170491218567,-0.022022085264325142,0.02239537239074707,0.15964865684509277,-0.047983318567276,0.00960540771484375,0.08249229192733765,-0.06415894627571106,0.0,0.021572083234786987,-0.073814757168293,0.09694263339042664,0.28028959035873413,-0.029405247420072556,0.10886585712432861,0.14349299669265747,-0.05742417275905609,0.11500650644302368,0.062549889087677,-0.07683530449867249,0.12253326177597046,0.0,-0.08622202277183533,0.14470601081848145,0.3094462752342224,-0.04037504270672798,0.16521650552749634,0.23206430673599243,-0.07844910025596619,0.15508443117141724,0.27896976470947266,-0.08603775501251221,0.1469685435295105,0.324701189994812,-0.07935822755098343,0.1857839822769165,0.3577532172203064,-0.05335863679647446,0.20720505714416504,0.3007817268371582,-0.07855064421892166,0.19924241304397583,0.317385733127594,-0.0756843090057373,0.19190376996994019,0.341754674911499,-0.0663314089179039
V,0.11756640672683716,0.567686915397644,7.51306629354076e-07,0.0667819082736969,0.5008575320243835,-0.0270317941904068,0.048105478286743164,0.4084157347679138,-0.04355965554714203,0.07497945427894592,0.33395296335220337,-0.06192399933934212,0.11300164461135864,0.29494261741638184,-0.07842354476451874,0.04370754957199097,0.28281712532043457,-0.02307930961251259,0.02268049120903015,0.15805533528327942,-0.04992743209004402,0.00982886552810669,0.07989886403083801,-0.06683950871229172,0.0,0.018981754779815674,-0.07681457698345184,0.09723064303398132,0.28139322996139526,-0.029888173565268517,0.10955238342285156,0.1450156569480896,-0.058432526886463165,0.11555129289627075,0.06321394443511963,-0.07778359949588776,0.12295371294021606,0.0,-0.08702891319990158,0.14498430490493774,0.3105792999267578,-0.04008986055850983,0.1642332673072815,0.23062017560005188,-0.0773339495062828,0.15572959184646606,0.2762949466705322,-0.08295808732509613,0.14898812770843506,0.3220829367637634,-0.07502710819244385,0.1866682767868042,0.35819321870803833,-0.052476149052381516,0.20820975303649902,0.3020879626274109,-0.07734677940607071,0.20374196767807007,0.3146668076515198,-0.07386665791273117,0.19920217990875244,0.335391640663147,-0.06377363950014114
V,0.11722114682197571,0.5670284032821655,7.690387064940296e-07,0.0664277970790863,0.500153124332428,-0.02690250612795353,0.047678142786026,0.4081084132194519,-0.04366663843393326,0.07504796981811523,0.3346920609474182,-0.062337782233953476,0.11344775557518005,0.2971727252006531,-0.0792221873998642,0.04399293661117554,0.2817186117172241,-0.023448435589671135,0.022932082414627075,0.1582176387310028,-0.05043859779834747,0.009952366352081299,0.08035558462142944,-0.06744962930679321,0.0,0.019609510898590088,-0.07758485525846481,0.09721237421035767,0.28026747703552246,-0.030575508251786232,0.10961368680000305,0.14481240510940552,-0.05929470807313919,0.1162092387676239,0.06315732002258301,-0.07846945524215698,0.1242738664150238,0.0,-0.08765339106321335,0.14472636580467224,0.30951982736587524,-0.04112553969025612,0.16466185450553894,0.22939753532409668,-0.07853551208972931,0.15563204884529114,0.2766488790512085,-0.0839223861694336,0.1482626497745514,0.32321035861968994,-0.0759071633219719,0.1864880621433258,0.3574158549308777,-0.05388110876083374,0.20797720551490784,0.3017346262931824,-0.07899071276187897,0.20257803797721863,0.3160640001296997,-0.07547512650489807,0.19691899418830872,0.33795517683029175,-0.06543970853090286
V,0.12018328905105591,0.564130425453186,7.477846679648792e-07,0.06933766603469849,0.4938899278640747,-0.026506952941417694,0.0512925386428833,0.40150904655456543,-0.04232820123434067,0.08591070771217346,0.32981085777282715,-0.060179371386766434,0.12877672910690308,0.29389554262161255,-0.07650913298130035,0.047055959701538086,0.2799264192581177,-0.021210787817835808,0.0245397686958313,0.15868818759918213,-0.04616658389568329,0.010224074125289917,0.08222466707229614,-0.062420301139354706,0.0,0.021832644939422607,-0.07279407978057861,0.10004681348800659,0.2777681350708008,-0.028553931042551994,0.1114112138748169,0.14446592330932617,-0.055201586335897446,0.11786532402038574,0.06303736567497253,-0.07478532940149307,0.12640774250030518,0.0,-0.0855218768119812,0.1472741961479187,0.30623555183410645,-0.03950570151209831,0.17046016454696655,0.2252718210220337,-0.07646314799785614,0.1597381830215454,0.26663506031036377,-0.08572560548782349,0.1503269076347351,0.31081390380859375,-0.08150102198123932,0.1883145570755005,0.35305023193359375,-0.052473898977041245,0.21059900522232056,0.29446589946746826,-0.07875895500183105,0.20115923881530762,0.31081652641296387,-0.07804129272699356,0.191064715385437,0.3384590148925781,-0.07085436582565308
V,0.12076541781425476,0.563533365726471,7.466009037671029e-07,0.06989237666130066,0.4938763976097107,-0.026272622868418694,0.05156722664833069,0.401542603969574,-0.04188770428299904,0.08581414818763733,0.3289230465888977,-0.05960753187537193,0.12786099314689636,0.29224133491516113,-0.07569310069084167,0.046981215476989746,0.28071439266204834,-0.02070533111691475,0.024566441774368286,0.15883547067642212,-0.04590411111712456,0.010318726301193237,0.08219045400619507,-0.06229899078607559,0.0,0.021662026643753052,-0.07271268963813782,0.10018804669380188,0.2780645489692688,-0.028230682015419006,0.11103513836860657,0.1444849967956543,-0.05527152121067047,0.1175030767917633,0.06295821070671082,-0.07495538890361786,0.12591955065727234,0.0,-0.08557804673910141,0.14769986271858215,0.30613332986831665,-0.03939032554626465,0.1709659993648529,0.2263728380203247,-0.07649592310190201,0.16037818789482117,0.2681552767753601,-0.08525814116001129,0.15086975693702698,0.31236743927001953,-0.08055058866739273,0.18892154097557068,0.35250359773635864,-0.0525970384478569,0.21107318997383118,0.29485952854156494,-0.07876572012901306,0.20088431239128113,0.31173139810562134,-0.07757242769002914,0.19002917408943176,0.3396085500717163,-0.06995883584022522
V,0.1171717643737793,0.5666346848011017,7.62675540499913e-07,0.06708663702011108,0.49853989481925964,-0.02581692673265934,0.049745768308639526,0.4066624939441681,-0.0420827642083168,0.08168819546699524,0.3383295238018036,-0.060626525431871414,0.12160199880599976,0.30603936314582825,-0.07784471660852432,0.04456812143325806,0.2840615212917328,-0.023164084181189537,0.023623257875442505,0.16178956627845764,-0.04913812503218651,0.009957075119018555,0.08434858918190002,-0.06604798138141632,0.0,0.022739142179489136,-0.07663948833942413,0.09792160987854004,0.2816644012928009,-0.031207025051116943,0.10972678661346436,0.145865797996521,-0.05836616829037666,0.11603623628616333,0.06383198499679565,-0.07770122587680817,0.12450432777404785,0.0,-0.08791562169790268,0.14569944143295288,0.3104214370250702,-0.04256358742713928,0.16790568828582764,0.230364590883255,-0.07848779112100601,0.15676933526992798,0.2747522294521332,-0.0852901041507721,0.1476578712463379,0.3210558593273163,-0.07909906655550003,0.18691247701644897,0.35791561007499695,-0.056099340319633484,0.21009570360183716,0.297494500875473,-0.08034630119800568,0.2027527093887329,0.3114992082118988,-0.07748329639434814,0.19496119022369385,0.3362462818622589,-0.06864975392818451
V,0.1164514422416687,0.567905455827713,7.614469836880744e-07,0.06645914912223816,0.4989762604236603,-0.0260168369859457,0.049199432134628296,0.40767690539360046,-0.042544886469841,0.07957634329795837,0.3389641344547272,-0.061353906989097595,0.11857068538665771,0.3060022294521332,-0.07871579378843307,0.04504108428955078,0.28342726826667786,-0.02256249636411667,0.02406865358352661,0.16193464398384094,-0.04880739375948906,0.010230958461761475,0.08457240462303162,-0.06610839068889618,0.0,0.022846698760986328,-0.07692912966012955,0.0979604423046112,0.2816478908061981,-0.030512414872646332,0.11006206274032593,0.14628559350967407,-0.05788788944482803,0.11665332317352295,0.0642533004283905,-0.07739440351724625,0.1250705122947693,0.0,-0.08763442933559418,0.14532208442687988,0.31080934405326843,-0.04184339568018913,0.16750967502593994,0.23026761412620544,-0.07814911752939224,0.1569940447807312,0.27528366446495056,-0.08478019386529922,0.147902250289917,0.32205525040626526,-0.07822570949792862,0.1863877773284912,0.35879793763160706,-0.05535511672496796,0.2097983956336975,0.29875048995018005,-0.07962121814489365,0.20324766635894775,0.31202176213264465,-0.07649945467710495,0.1957513689994812,0.33585360646247864,-0.06732917577028275
V,0.1169552206993103,0.5680132210254669,7.643055823791656e-07,0.065908282995224,0.4976579248905182,-0.026429148390889168,0.0487748384475708,0.40748122334480286,-0.042658984661102295,0.08104255795478821,0.33542218804359436,-0.06123950704932213,0.12119323015213013,0.2970639765262604,-0.07821014523506165,0.0455380380153656,0.2830236852169037,-0.020626666024327278,0.023089051246643066,0.16076260805130005,-0.046496372669935226,0.009652942419052124,0.08327767252922058,-0.06274469941854477,0.0,0.021709352731704712,-0.07262587547302246,0.09905153512954712,0.2803185284137726,-0.028336340561509132,0.11143064498901367,0.1448189914226532,-0.055991169065237045,0.1178770661354065,0.06296190619468689,-0.07486491650342941,0.12598133087158203,0.0,-0.08419322967529297,0.1468029022216797,0.30948886275291443,-0.039756763726472855,0.168285071849823,0.22709935903549194,-0.0776120126247406,0.1582353115081787,0.2724408805370331,-0.08448266983032227,0.1504610776901245,0.3191849887371063,-0.07754282653331757,0.1885717511177063,0.35769733786582947,-0.05328245088458061,0.21059030294418335,0.29871252179145813,-0.07936042547225952,0.20211440324783325,0.31496790051460266,-0.07688357681035995,0.19355976581573486,0.34078148007392883,-0.0676894411444664
V,0.11745607852935791,0.5692411363124847,7.586039600937511e-07,0.06661629676818848,0.5005897581577301,-0.02646641433238983,0.049296557903289795,0.40918204188346863,-0.04283684119582176,0.0800328254699707,0.33600112795829773,-0.061362382024526596,0.11833608150482178,0.2945520579814911,-0.07805843651294708,0.04611966013908386,0.2837570607662201,-0.021672146394848824,0.023126184940338135,0.16127067804336548,-0.04821101948618889,0.009523928165435791,0.08383259177207947,-0.06447326391935349,0.0,0.022759437561035156,-0.0740320160984993,0.09992510080337524,0.28144851326942444,-0.0294520054012537,0.11222046613693237,0.1444191038608551,-0.05769452825188637,0.11867815256118774,0.06255841255187988,-0.07629067450761795,0.1270579695701599,0.0,-0.08501803874969482,0.14818823337554932,0.3106708824634552,-0.04087208956480026,0.1701928973197937,0.230901837348938,-0.07859977334737778,0.15890127420425415,0.27660688757896423,-0.08442524820566177,0.15005123615264893,0.3213464915752411,-0.07681809365749359,0.1901862621307373,0.3592057526111603,-0.05438676103949547,0.2119385004043579,0.30245062708854675,-0.07960139214992523,0.20224535465240479,0.320020467042923,-0.07572619616985321,0.1930166482925415,0.34449324011802673,-0.06561324000358582
V,0.11950629949569702,0.5700602531433105,7.590127211187792e-07,0.06905275583267212,0.49898678064346313,-0.026211194694042206,0.05141335725784302,0.40788692235946655,-0.04169951006770134,0.07574015855789185,0.3338795304298401,-0.05919013172388077,0.10689449310302734,0.2929195165634155,-0.0746442973613739,0.04530072212219238,0.279330313205719,-0.01789679192006588,0.022728264331817627,0.15780150890350342,-0.04266511648893356,0.009351074695587158,0.08072564005851746,-0.05884993076324463,0.0,0.019833892583847046,-0.06885270029306412,0.09834057092666626,0.2776837944984436,-0.024744270369410515,0.11088195443153381,0.14441120624542236,-0.052236806601285934,0.1169167160987854,0.0619853138923645,-0.07251574844121933,0.12452846765518188,0.0,-0.08283456414937973,0.14623945951461792,0.3076168894767761,-0.03519251570105553,0.16569828987121582,0.223161518573761,-0.07300065457820892,0.1576240062713623,0.2647813558578491,-0.08101673424243927,0.15154075622558594,0.310851514339447,-0.07483614236116409,0.18851560354232788,0.35646456480026245,-0.047573551535606384,0.2091461420059204,0.3002616763114929,-0.07492444664239883,0.20693320035934448,0.30785155296325684,-0.07442817836999893,0.20502984523773193,0.32478904724121094,-0.06617777794599533
V,0.11975741386413574,0.5686694979667664,7.77098364324047e-07,0.06959354877471924,0.4991074204444885,-0.02665519341826439,0.0510886013507843,0.4089549779891968,-0.042655523866415024,0.07463893294334412,0.33571821451187134,-0.060665063560009,0.10477820038795471,0.2945963740348816,-0.07657784223556519,0.04508310556411743,0.2769307494163513,-0.01821121945977211,0.023023396730422974,0.1565418839454651,-0.04307182878255844,0.009516656398773193,0.08041292428970337,-0.05944936349987984,0.0,0.0204312801361084,-0.06957639008760452,0.09809428453445435,0.27579277753829956,-0.025208184495568275,0.10993778705596924,0.14308780431747437,-0.05252589285373688,0.11645513772964478,0.0615917444229126,-0.07242777943611145,0.12473517656326294,0.0,-0.08255408704280853,0.14604902267456055,0.30599749088287354,-0.03595192730426788,0.16625481843948364,0.22375011444091797,-0.07374664396047592,0.15686661005020142,0.26918089389801025,-0.08123409748077393,0.14938265085220337,0.31639182567596436,-0.0748092457652092,0.1881151795387268,0.35533076524734497,-0.04869597405195236,0.208784282207489,0.2993788719177246,-0.07579018920660019,0.204390287399292,0.3119282126426697,-0.07443247735500336,0.2005336880683899,0.33235853910446167,-0.06573816388845444
V,0.11854934692382812,0.5701186060905457,7.617815640514891e-07,0.06832519173622131,0.4979398846626282,-0.026382606476545334,0.05115342140197754,0.40494900941848755,-0.042516548186540604,0.08141633868217468,0.3322584629058838,-0.06124304607510567,0.12183982133865356,0.29215019941329956,-0.07816391438245773,0.045110106468200684,0.28216463327407837,-0.018896760419011116,0.022708863019943237,0.1594715118408203,-0.04447924718260765,0.009551554918289185,0.08147430419921875,-0.061084043234586716,0.0,0.019824206829071045,-0.07158010452985764,0.09849867224693298,0.2797054052352905,-0.02685113064944744,0.11146357655525208,0.14452588558197021,-0.05481712892651558,0.11755138635635376,0.06329593062400818,-0.07487162202596664,0.12508708238601685,0.0,-0.08542809635400772,0.1459389328956604,0.3087288737297058,-0.038615770637989044,0.16791796684265137,0.22358626127243042,-0.07690607756376266,0.15701067447662354,0.27099740505218506,-0.08449717611074448,0.14846545457839966,0.3190414309501648,-0.07819760590791702,0.18762290477752686,0.3566771149635315,-0.052483364939689636,0.21027791500091553,0.295701265335083,-0.07912258058786392,0.20132404565811157,0.31150132417678833,-0.07755698263645172,0.1921156644821167,0.3377060294151306,-0.06915947049856186
V,0.11769399046897888,0.5705133676528931,7.510262207688356e-07,0.06735733151435852,0.4985819458961487,-0.026296336203813553,0.05032941699028015,0.40522491931915283,-0.04233510419726372,0.08029210567474365,0.33239543437957764,-0.06086736172437668,0.12015780806541443,0.29237455129623413,-0.07767233997583389,0.04513886570930481,0.28250062465667725,-0.019350795075297356,0.02298322319984436,0.1598033905029297,-0.04491056874394417,0.009613752365112305,0.0815727710723877,-0.061670366674661636,0.0,0.019920051097869873,-0.07235977053642273,0.09866058826446533,0.2802610397338867,-0.027350250631570816,0.11148220300674438,0.14530760049819946,-0.05520746856927872,0.11774685978889465,0.06324228644371033,-0.07558460533618927,0.12547239661216736,0.0,-0.08656123280525208,0.14611807465553284,0.3093554377555847,-0.03908044472336769,0.16839781403541565,0.22312110662460327,-0.0771198496222496,0.1581929624080658,0.26775062084198,-0.08544448018074036,0.14970287680625916,0.3147844076156616,-0.07998161017894745,0.18768277764320374,0.35737019777297974,-0.052873771637678146,0.21049579977989197,0.29651349782943726,-0.07975084334611893,0.2025260031223297,0.3103083372116089,-0.07891964167356491,0.19388237595558167,0.33520060777664185,-0.07118774950504303
V,0.11933556199073792,0.5621120035648346,7.682431260036537e-07,0.0698971152305603,0.4934299886226654,-0.026630491018295288,0.05131328105926514,0.4038381278514862,-0.043057676404714584,0.0802011787891388,0.3326384127140045,-0.061350706964731216,0.11987999081611633,0.2956068813800812,-0.07790592312812805,0.04538950324058533,0.27860668301582336,-0.02214490994811058,0.023012638092041016,0.15613102912902832,-0.04713428393006325,0.00979498028755188,0.07934463024139404,-0.06256841868162155,0.0,0.01935213804244995,-0.07170984894037247,0.0993509292602539,0.2775334417819977,-0.029351113364100456,0.11179578304290771,0.14181038737297058,-0.05571141839027405,0.11741366982460022,0.060411155223846436,-0.07439756393432617,0.12361147999763489,0.0,-0.0835915207862854,0.14755752682685852,0.30780747532844543,-0.04001313075423241,0.16659018397331238,0.2299235463142395,-0.0763009786605835,0.1574338972568512,0.26833590865135193,-0.08484234660863876,0.14939263463020325,0.3095874488353729,-0.07960814982652664,0.18886259198188782,0.3563311994075775,-0.05259642377495766,0.2096615731716156,0.30198201537132263,-0.07715827971696854,0.2033843696117401,0.3143700063228607,-0.07508394867181778,0.19710823893547058,0.3361254036426544,-0.06655646860599518
V,0.11907464265823364,0.5611276626586914,7.804424626556283e-07,0.07061105966567993,0.4931044578552246,-0.0269109345972538,0.052684783935546875,0.40289682149887085,-0.043458614498376846,0.08176952600479126,0.3308539390563965,-0.06160217523574829,0.12120223045349121,0.2924010753631592,-0.07806446403265,0.0449337363243103,0.2800980806350708,-0.024077516049146652,0.02287152409553528,0.1568537950515747,-0.04979921504855156,0.00981113314628601,0.0795401930809021,-0.06563326716423035,0.0,0.01948276162147522,-0.07490221410989761,0.09881213307380676,0.2793694734573364,-0.031042056158185005,0.11135569214820862,0.14277255535125732,-0.05787058174610138,0.11724698543548584,0.06103408336639404,-0.0764649361371994,0.12404561042785645,0.0,-0.0854000523686409,0.14703309535980225,0.31010758876800537,-0.041317082941532135,0.16599136590957642,0.23338007926940918,-0.07726757973432541,0.1565815806388855,0.27118241786956787,-0.08470924943685532,0.14865535497665405,0.3104979395866394,-0.07876875251531601,0.18787169456481934,0.3592517375946045,-0.053579770028591156,0.20870625972747803,0.3054518699645996,-0.07785503566265106,0.20288485288619995,0.31609588861465454,-0.07501314580440521,0.1971912980079651,0.3351030945777893,-0.06587439775466919
V,0.12052392959594727,0.562221497297287,7.777727546454116e-07,0.06916064023971558,0.4915352165699005,-0.026834508404135704,0.05199521780014038,0.39770540595054626,-0.04215124249458313,0.0883793830871582,0.3255195915699005,-0.05960860848426819,0.13162916898727417,0.2925100028514862,-0.07551158964633942,0.04511368274688721,0.27883753180503845,-0.019385812804102898,0.02289634943008423,0.15940484404563904,-0.044261302798986435,0.009735167026519775,0.08442157506942749,-0.0600152313709259,0.0,0.02412763237953186,-0.06984145939350128,0.09969335794448853,0.27598294615745544,-0.02648048847913742,0.11103913187980652,0.14340665936470032,-0.053460560739040375,0.11774146556854248,0.06333920359611511,-0.07216434180736542,0.12605130672454834,0.0,-0.08132757991552353,0.14821863174438477,0.3053050935268402,-0.03742927685379982,0.16965699195861816,0.22749003767967224,-0.0760798528790474,0.158877432346344,0.2764239013195038,-0.08398056030273438,0.15072625875473022,0.3233359158039093,-0.07725328207015991,0.18955236673355103,0.3537181317806244,-0.050360552966594696,0.21037906408309937,0.29902443289756775,-0.07770790159702301,0.20115578174591064,0.3178480565547943,-0.07606832683086395,0.19269144535064697,0.34450826048851013,-0.06723082065582275
V,0.12020635604858398,0.5620469152927399,7.738730687378848e-07,0.0690808892250061,0.49034181237220764,-0.026310181245207787,0.05145376920700073,0.3977581560611725,-0.04134661331772804,0.08802330493927002,0.3263379633426666,-0.05856003612279892,0.1322961449623108,0.29434725642204285,-0.07426752895116806,0.04501959681510925,0.27765634655952454,-0.018848875537514687,0.022984832525253296,0.15802064538002014,-0.04326114058494568,0.009881734848022461,0.08312752842903137,-0.058833055198192596,0.0,0.02315610647201538,-0.068642258644104,0.0994446873664856,0.27492085099220276,-0.026115214452147484,0.11045163869857788,0.1426917016506195,-0.052638810127973557,0.11696600914001465,0.06264331936836243,-0.07148454338312149,0.1250057816505432,0.0,-0.08084031939506531,0.1478223204612732,0.30464908480644226,-0.03716592863202095,0.16899895668029785,0.22777310013771057,-0.075393907725811,0.15967190265655518,0.27439096570014954,-0.08398320525884628,0.1524653434753418,0.320421427488327,-0.0778169333934784,0.18873947858810425,0.35347846150398254,-0.050149232149124146,0.2094990611076355,0.2998391091823578,-0.07764065265655518,0.20167672634124756,0.3164139688014984,-0.0767340436577797,0.19419753551483154,0.34190425276756287,-0.0683683454990387
V,0.11748892068862915,0.5686302781105042,7.890723736636573e-07,0.06794339418411255,0.5001998543739319,-0.027270952239632607,0.049270033836364746,0.40781575441360474,-0.04395259544253349,0.07975727319717407,0.33706146478652954,-0.06260133534669876,0.11855381727218628,0.30382347106933594,-0.07973454892635345,0.044062405824661255,0.28546142578125,-0.02427421696484089,0.022352159023284912,0.16347593069076538,-0.051427602767944336,0.009407222270965576,0.08615654706954956,-0.06845521926879883,0.0,0.024566650390625,-0.07876960188150406,0.0978626012802124,0.28384703397750854,-0.031613029539585114,0.10986083745956421,0.1474781036376953,-0.06097839027643204,0.11622864007949829,0.06533777713775635,-0.08054892718791962,0.12503719329833984,0.0,-0.08987847715616226,0.1460716724395752,0.314130961894989,-0.04236865043640137,0.1665353775024414,0.23646903038024902,-0.08127272129058838,0.15591102838516235,0.2865738272666931,-0.0870351493358612,0.1491430401802063,0.33458513021469116,-0.07862484455108643,0.18724769353866577,0.36345136165618896,-0.0552380308508873,0.20800262689590454,0.3071073889732361,-0.08140682429075241,0.20106631517410278,0.3235015273094177,-0.07777716964483261,0.1957828402519226,0.3471890091896057,-0.06737490743398666
V,0.11856326460838318,0.567830353975296,7.737186251688399e-07,0.06822898983955383,0.5005250871181488,-0.026991892606019974,0.04922553896903992,0.40794405341148376,-0.043566424399614334,0.07894197106361389,0.33724793791770935,-0.06225833296775818,0.11673089861869812,0.3019413650035858,-0.07929221540689468,0.045286089181900024,0.2834071218967438,-0.023119006305933,0.023132801055908203,0.16229459643363953,-0.0499584898352623,0.00967031717300415,0.08533784747123718,-0.06664963811635971,0.0,0.023875027894973755,-0.0767078697681427,0.09885850548744202,0.2819769084453583,-0.030745094642043114,0.11115720868110657,0.1463538110256195,-0.06005701795220375,0.11765578389167786,0.06519082188606262,-0.07947984337806702,0.12626370787620544,0.0,-0.08875241875648499,0.1467665731906891,0.3119690716266632,-0.04190675541758537,0.16783347725868225,0.23491474986076355,-0.0811762660741806,0.1565997302532196,0.2870626151561737,-0.0870039165019989,0.14868518710136414,0.33533230423927307,-0.07865782827138901,0.18845859169960022,0.36100801825523376,-0.05512832850217819,0.2099190652370453,0.3032347857952118,-0.08096232265233994,0.20172187685966492,0.32264676690101624,-0.07691314071416855,0.1946869194507599,0.3484472930431366,-0.06643934547901154
V,0.1188240647315979,0.5677540898323059,7.808365012351715e-07,0.0684623122215271,0.5002220869064331,-0.02543596178293228,0.05095311999320984,0.41166752576828003,-0.04132729396224022,0.08027693629264832,0.34295469522476196,-0.05951860919594765,0.11251956224441528,0.3073420524597168,-0.07609028369188309,0.04653346538543701,0.2830314636230469,-0.02105909213423729,0.02364826202392578,0.16195392608642578,-0.04670201614499092,0.009951204061508179,0.0862736701965332,-0.06246982514858246,0.0,0.026063263416290283,-0.07164882868528366,0.09922981262207031,0.28099972009658813,-0.029075849801301956,0.11014899611473083,0.1448887288570404,-0.05730360746383667,0.1165701150894165,0.06312921643257141,-0.07625755667686462,0.12504881620407104,0.0,-0.08503414690494537,0.1462511420249939,0.31085866689682007,-0.04054569453001022,0.166226327419281,0.23435527086257935,-0.07905951142311096,0.15721267461776733,0.28261274099349976,-0.08568980544805527,0.1508631706237793,0.329400897026062,-0.07791260629892349,0.18728798627853394,0.35953694581985474,-0.05386129394173622,0.20749670267105103,0.3027385473251343,-0.07966218143701553,0.2010490894317627,0.3205922842025757,-0.0760195329785347,0.1953718066215515,0.34550929069519043,-0.06565698236227036
V,0.11735975742340088,0.5697804391384125,7.731247819720011e-07,0.06712222099304199,0.5012693703174591,-0.02647901512682438,0.04864874482154846,0.4112376868724823,-0.04323213919997215,0.07792818546295166,0.3424070179462433,-0.06215044483542442,0.11666780710220337,0.31138965487480164,-0.07939256727695465,0.04520362615585327,0.28037938475608826,-0.021582169458270073,0.023142874240875244,0.16085371375083923,-0.04747575893998146,0.009935766458511353,0.08534887433052063,-0.0637890100479126,0.0,0.025508403778076172,-0.07345646619796753,0.0984581708908081,0.2792907655239105,-0.02917027473449707,0.1099785566329956,0.14583024382591248,-0.0574071928858757,0.11540025472640991,0.0641467273235321,-0.07626121491193771,0.12289506196975708,0.0,-0.08480393141508102,0.14626377820968628,0.30997607111930847,-0.0402829647064209,0.1638622283935547,0.2335205078125,-0.07825718075037003,0.15459954738616943,0.2828802168369293,-0.08390278369188309,0.14868664741516113,0.3300110399723053,-0.07520631700754166,0.18746715784072876,0.36011382937431335,-0.05349444970488548,0.20687788724899292,0.30399689078330994,-0.0786362960934639,0.2015014886856079,0.3177241384983063,-0.07473822683095932,0.19735205173492432,0.33821943402290344,-0.06400799751281738
V,0.11878243088722229,0.5672009885311127,7.193423812168476e-07,0.06966906785964966,0.5018472373485565,-0.0259633120149374,0.05119761824607849,0.4099423587322235,-0.042107515037059784,0.0778762698173523,0.3349742591381073,-0.06023167818784714,0.11599889397621155,0.29293856024742126,-0.076754130423069,0.04729434847831726,0.2818623483181,-0.02338828146457672,0.024777472019195557,0.15841993689537048,-0.049328338354825974,0.010592937469482422,0.08082517981529236,-0.06543569266796112,0.0,0.020340830087661743,-0.07495255023241043,0.10050725936889648,0.2802225649356842,-0.03126886487007141,0.11218827962875366,0.14152777194976807,-0.05777624249458313,0.11761733889579773,0.06074509024620056,-0.07585284113883972,0.12415745854377747,0.0,-0.08480671048164368,0.1477084457874298,0.3099924623966217,-0.04245224967598915,0.1686822474002838,0.22829025983810425,-0.07837320119142532,0.1576695740222931,0.272418349981308,-0.08462434262037277,0.14833375811576843,0.3172548711299896,-0.07816071063280106,0.1884969174861908,0.359080046415329,-0.05563224479556084,0.20981869101524353,0.29983052611351013,-0.07979847490787506,0.20169654488563538,0.3172667324542999,-0.0760633572936058,0.19361582398414612,0.34293046593666077,-0.0665578544139862
V,0.11733710765838623,0.5699741244316101,7.366442105194437e-07,0.06730663776397705,0.5032767653465271,-0.02538079395890236,0.05037260055541992,0.4118102192878723,-0.04138236865401268,0.07865652441978455,0.34129559993743896,-0.05979221314191818,0.11519944667816162,0.3027329444885254,-0.07657452672719955,0.046117156744003296,0.28174471855163574,-0.021029753610491753,0.02364933490753174,0.16002851724624634,-0.04691644385457039,0.009635746479034424,0.08250993490219116,-0.0636722519993782,0.0,0.02197587490081787,-0.0737769678235054,0.09895896911621094,0.2804862856864929,-0.029130304232239723,0.11041110754013062,0.14468151330947876,-0.05682184919714928,0.11578607559204102,0.06286489963531494,-0.07632214576005936,0.12352675199508667,0.0,-0.08619239926338196,0.1462128758430481,0.3101387619972229,-0.04057925194501877,0.16786551475524902,0.22845056653022766,-0.0768248662352562,0.15743416547775269,0.27520859241485596,-0.08231296390295029,0.14923512935638428,0.3221195936203003,-0.07487370073795319,0.18703484535217285,0.3585968613624573,-0.054148077964782715,0.20887434482574463,0.2976561188697815,-0.07785078138113022,0.2020149827003479,0.3130773901939392,-0.07359570264816284,0.19548064470291138,0.3371288776397705,-0.06349606066942215
V,0.1178385317325592,0.5721988081932068,7.631126095475338e-07,0.06821197271347046,0.5007207989692688,-0.02590862847864628,0.05202201008796692,0.40723317861557007,-0.042062051594257355,0.08142334222793579,0.336455762386322,-0.06068422645330429,0.11896929144859314,0.30063849687576294,-0.07748261094093323,0.04564294219017029,0.28049731254577637,-0.018688920885324478,0.023953378200531006,0.16102641820907593,-0.044100262224674225,0.010107070207595825,0.08466142416000366,-0.06086829677224159,0.0,0.023928701877593994,-0.07153884321451187,0.09865492582321167,0.2793000340461731,-0.026745149865746498,0.11140167713165283,0.14617258310317993,-0.05490252375602722,0.11733409762382507,0.06408333778381348,-0.07508969306945801,0.12503138184547424,0.0,-0.0854378268122673,0.14607176184654236,0.30984681844711304,-0.03837544098496437,0.16845855116844177,0.2250162661075592,-0.07656929641962051,0.15768525004386902,0.2738059163093567,-0.08301393687725067,0.1489984095096588,0.3225453495979309,-0.07564383000135422,0.1870337426662445,0.3602145314216614,-0.05204359069466591,0.20846298336982727,0.303175151348114,-0.07880030572414398,0.20310696959495544,0.3160485029220581,-0.07661019265651703,0.19797971844673157,0.3366473913192749,-0.06734474003314972
V,0.11979365348815918,0.5696538686752319,7.86935856922355e-07,0.07041817903518677,0.5057561993598938,-0.026607738807797432,0.05265280604362488,0.41724586486816406,-0.04293064773082733,0.0802697241306305,0.3487423062324524,-0.06091051548719406,0.11520993709564209,0.3133220076560974,-0.07711005955934525,0.046032339334487915,0.280811071395874,-0.02207857556641102,0.022626608610153198,0.159770667552948,-0.04634259641170502,0.009213000535964966,0.08353585004806519,-0.0613192617893219,0.0,0.023801833391189575,-0.06996992230415344,0.09952259063720703,0.28074443340301514,-0.02915324829518795,0.11183518171310425,0.14327234029769897,-0.05503275245428085,0.11819499731063843,0.06115788221359253,-0.07305551320314407,0.12627005577087402,0.0,-0.08151616156101227,0.14698588848114014,0.31261277198791504,-0.03967399150133133,0.16839540004730225,0.23572170734405518,-0.07556995004415512,0.15853804349899292,0.2784133553504944,-0.08283749222755432,0.15031594038009644,0.32221102714538574,-0.07629067450761795,0.18761217594146729,0.3629992604255676,-0.05207303538918495,0.20925670862197876,0.3050234317779541,-0.07545895874500275,0.20398569107055664,0.3185632824897766,-0.07167753577232361,0.19853389263153076,0.3405143618583679,-0.061802372336387634
V,0.11793264746665955,0.5687269866466522,7.505902317461732e-07,0.06616660952568054,0.5011679828166962,-0.025906432420015335,0.04765516519546509,0.40849170088768005,-0.0424480140209198,0.07725957036018372,0.3377743661403656,-0.0615323968231678,0.11572745442390442,0.2980066239833832,-0.079087994992733,0.04530945420265198,0.2829262912273407,-0.022418541833758354,0.02285858988761902,0.16154024004936218,-0.04888487607240677,0.0093306303024292,0.08494213223457336,-0.06561695784330368,0.0,0.024851888418197632,-0.07579334825277328,0.09854304790496826,0.2816602289676666,-0.030895937234163284,0.11076506972312927,0.14510563015937805,-0.05973373353481293,0.11556676030158997,0.06332620978355408,-0.0797119140625,0.12301841378211975,0.0,-0.08987124264240265,0.1459936797618866,0.3114641606807709,-0.0427873432636261,0.16659143567085266,0.22894033789634705,-0.08093191683292389,0.15429148077964783,0.27767160534858704,-0.08744820952415466,0.14568009972572327,0.3253461420536041,-0.08046897500753403,0.1872170865535736,0.3602636754512787,-0.05673399940133095,0.2086026966571808,0.2998187243938446,-0.08260780572891235,0.19916000962257385,0.31787732243537903,-0.07953418046236038,0.19088301062583923,0.34491243958473206,-0.07010003924369812
V,0.11810865998268127,0.569662868976593,7.629414540133439e-07,0.06743183732032776,0.4985145926475525,-0.026989318430423737,0.05020609498023987,0.40506529808044434,-0.04284749925136566,0.07976904511451721,0.33002084493637085,-0.06018529087305069,0.11938241124153137,0.2884228825569153,-0.07577076554298401,0.04421070218086243,0.28439027070999146,-0.02120348811149597,0.022412121295928955,0.16128158569335938,-0.04620908945798874,0.009240120649337769,0.08388501405715942,-0.06257093697786331,0.0,0.02283841371536255,-0.07279279828071594,0.09699651598930359,0.28332334756851196,-0.02761666290462017,0.109720379114151,0.14654842019081116,-0.05415976047515869,0.11597767472267151,0.06317734718322754,-0.0743725374341011,0.12399384379386902,0.0,-0.08520739525556564,0.14434167742729187,0.31312644481658936,-0.037424180656671524,0.16607174277305603,0.22976306080818176,-0.07296814024448395,0.15686795115470886,0.26379096508026123,-0.08180591464042664,0.14898261427879333,0.3038058280944824,-0.07743269205093384,0.1854046881198883,0.3611948490142822,-0.04928082227706909,0.20766744017601013,0.30308645963668823,-0.07463549077510834,0.20441362261772156,0.30904966592788696,-0.0739571750164032,0.20020946860313416,0.32587820291519165,-0.0665498897433281
V,0.12129771709442139,0.5698552131652832,7.939577244542306e-07,0.07092833518981934,0.5021835565567017,-0.02556786499917507,0.05281299352645874,0.407198965549469,-0.040701720863580704,0.08537280559539795,0.33476531505584717,-0.05814213305711746,0.12551134824752808,0.2966444492340088,-0.07389294356107712,0.045666784048080444,0.28377336263656616,-0.018904391676187515,0.02346116304397583,0.16215652227401733,-0.04385168477892876,0.010023057460784912,0.08557748794555664,-0.05936276167631149,0.0,0.025741606950759888,-0.0685216635465622,0.09897199273109436,0.2821313142776489,-0.0268096923828125,0.11077195405960083,0.14428621530532837,-0.05380147695541382,0.1173895001411438,0.0627284049987793,-0.07222616672515869,0.12538862228393555,0.0,-0.0807572528719902,0.1464928388595581,0.3121083974838257,-0.03827730193734169,0.16856837272644043,0.23357349634170532,-0.0755462720990181,0.157212495803833,0.28353357315063477,-0.08127246052026749,0.14777874946594238,0.33038604259490967,-0.07330396771430969,0.1871790885925293,0.36144787073135376,-0.05172376334667206,0.2092876434326172,0.3063083291053772,-0.07647120207548141,0.20149552822113037,0.3260418176651001,-0.0719594806432724,0.19385522603988647,0.3510914444923401,-0.06127593293786049
V,0.11988696455955505,0.5663401484489441,7.692888175370172e-07,0.06882476806640625,0.49941474199295044,-0.025145653635263443,0.04975694417953491,0.4098585247993469,-0.04069466143846512,0.07836243510246277,0.3397040367126465,-0.058698851615190506,0.11483234167098999,0.3039768934249878,-0.07501059770584106,0.0458814799785614,0.2823949456214905,-0.020269397646188736,0.022911876440048218,0.16140925884246826,-0.04479242488741875,0.009390264749526978,0.08529242873191833,-0.05998287349939346,0.0,0.025486499071121216,-0.06918095797300339,0.0988934338092804,0.2795983552932739,-0.028289513662457466,0.11129334568977356,0.1446082592010498,-0.05549521744251251,0.11793789267539978,0.06175589561462402,-0.07446949928998947,0.12640312314033508,0.0,-0.08386299014091492,0.1464957296848297,0.3080178499221802,-0.03966260701417923,0.16863366961479187,0.22821706533432007,-0.0767856240272522,0.1590578258037567,0.27410250902175903,-0.08365349471569061,0.15136298537254333,0.32164889574050903,-0.07691288739442825,0.1880650818347931,0.35514283180236816,-0.05298706516623497,0.20896419882774353,0.3001024127006531,-0.07919090241193771,0.20138320326805115,0.3184952139854431,-0.07683855295181274,0.19463369250297546,0.3454796075820923,-0.06762388348579407
V,0.11816293001174927,0.5699190497398376,8.049516395658429e-07,0.06864970922470093,0.5049236416816711,-0.026073195040225983,0.05004096031188965,0.4145485758781433,-0.04344189912080765,0.07558706402778625,0.34390926361083984,-0.06248884275555611,0.11114829778671265,0.30869072675704956,-0.07997312396764755,0.043933361768722534,0.28941768407821655,-0.027982894331216812,0.022318214178085327,0.16395428776741028,-0.05553465709090233,0.009582281112670898,0.08496108651161194,-0.0721588134765625,0.0,0.022949278354644775,-0.08190957456827164,0.09683984518051147,0.2871131896972656,-0.035046521574258804,0.11178287863731384,0.1485966444015503,-0.06436160206794739,0.11959880590438843,0.06446957588195801,-0.08285563439130783,0.12867802381515503,0.0,-0.09141316264867783,0.1441548466682434,0.31601446866989136,-0.0449121817946434,0.16258150339126587,0.2320876121520996,-0.08198472857475281,0.15332108736038208,0.27814894914627075,-0.0854979008436203,0.14680606126785278,0.3256421685218811,-0.07607719302177429,0.18485599756240845,0.36432337760925293,-0.05682561546564102,0.20473945140838623,0.3075002431869507,-0.08221563696861267,0.2036682367324829,0.3135077953338623,-0.07831808924674988,0.20314741134643555,0.32708412408828735,-0.06765195727348328
V,0.1186252236366272,0.5645729601383209,7.75538751440763e-07,0.06945541501045227,0.49802443385124207,-0.02659551240503788,0.05108943581581116,0.4061823785305023,-0.043234579265117645,0.07795721292495728,0.33393391966819763,-0.06145838648080826,0.11610731482505798,0.29493626952171326,-0.07810573279857635,0.04575350880622864,0.28119662404060364,-0.024445639923214912,0.023517727851867676,0.1584433913230896,-0.05118858441710472,0.009858787059783936,0.08015617728233337,-0.06809055805206299,0.0,0.019880056381225586,-0.07836103439331055,0.09881359338760376,0.28011247515678406,-0.03175085037946701,0.11182916164398193,0.14491432905197144,-0.05985358729958534,0.1189955472946167,0.062143474817276,-0.07891032099723816,0.12780791521072388,0.0,-0.08846232295036316,0.14652585983276367,0.31005463004112244,-0.04230237752199173,0.16863280534744263,0.22549471259117126,-0.07853367179632187,0.15915846824645996,0.2652011215686798,-0.08402884006500244,0.151020348072052,0.306583970785141,-0.07721272110939026,0.18720769882202148,0.35943445563316345,-0.054944027215242386,0.2076823115348816,0.3053589165210724,-0.08032477647066116,0.2032337188720703,0.3151678144931793,-0.07726051658391953,0.19890707731246948,0.33161357045173645,-0.06796592473983765
V,0.11908495426177979,0.5622147023677826,7.741416538920021e-07,0.06899362802505493,0.49253490567207336,-0.026573600247502327,0.051192641258239746,0.40150031447410583,-0.042832568287849426,0.08149218559265137,0.3296222984790802,-0.06083172932267189,0.12171834707260132,0.29192182421684265,-0.07712116092443466,0.04631167650222778,0.2809120714664459,-0.02178071439266205,0.02342885732650757,0.1594671905040741,-0.0468389056622982,0.009709060192108154,0.08309140801429749,-0.06290999799966812,0.0,0.022914499044418335,-0.07299751788377762,0.09911474585533142,0.27960464358329773,-0.028919056057929993,0.11184468865394592,0.14549610018730164,-0.055581234395504,0.11989331245422363,0.06248036026954651,-0.07499191910028458,0.12895119190216064,0.0,-0.08537232875823975,0.14614790678024292,0.308756023645401,-0.039539605379104614,0.16899406909942627,0.2246328890323639,-0.07622405141592026,0.16172802448272705,0.26193228363990784,-0.0851193368434906,0.15438467264175415,0.3045700490474701,-0.08057038486003876,0.18695908784866333,0.3555360734462738,-0.05212148278951645,0.20804524421691895,0.29921355843544006,-0.078728087246418,0.20265203714370728,0.31091806292533875,-0.07813502103090286,0.19609147310256958,0.333472341299057,-0.07068703323602676
V,0.12059399485588074,0.5641330480575562,8.066607506407308e-07,0.06991663575172424,0.4946715831756592,-0.027254628017544746,0.05056619644165039,0.40296173095703125,-0.04437929391860962,0.08175241947174072,0.3278360962867737,-0.06310132145881653,0.12221220135688782,0.2879287004470825,-0.07992120832204819,0.0457092821598053,0.2845747470855713,-0.02429967373609543,0.02224099636077881,0.16233301162719727,-0.0504366010427475,0.009173929691314697,0.08567672967910767,-0.06655123084783554,0.0,0.024804383516311646,-0.07613372802734375,0.09861913323402405,0.28189003467559814,-0.030930068343877792,0.11283037066459656,0.14612704515457153,-0.05829416587948799,0.12131461501121521,0.06352263689041138,-0.0756337121129036,0.13113465905189514,0.0,-0.08368238806724548,0.14598700404167175,0.3101804852485657,-0.04105224087834358,0.1669895350933075,0.22792738676071167,-0.07779344916343689,0.15641453862190247,0.27540862560272217,-0.08191878348588943,0.14850232005119324,0.3238465189933777,-0.07310999929904938,0.18723902106285095,0.3567672371864319,-0.05340133234858513,0.2066190540790558,0.3006014823913574,-0.07856550812721252,0.19935908913612366,0.3176385760307312,-0.07413849234580994,0.1928623616695404,0.3438366651535034,-0.0633334070444107
V,0.12278604507446289,0.5671123564243317,7.638399779352767e-07,0.07339251041412354,0.4980737864971161,-0.02699222043156624,0.05767139792442322,0.4051537811756134,-0.04300912469625473,0.09147098660469055,0.32800808548927307,-0.06064794585108757,0.13112974166870117,0.2804851233959198,-0.07624026387929916,0.046344608068466187,0.2841767370700836,-0.020373722538352013,0.023241490125656128,0.1608792245388031,-0.045061834156513214,0.009953707456588745,0.08285823464393616,-0.061464060097932816,0.0,0.02143159508705139,-0.07184712588787079,0.09931829571723938,0.280966192483902,-0.026976218447089195,0.11294224858283997,0.14621171355247498,-0.05257851257920265,0.12213194370269775,0.06359127163887024,-0.07114563882350922,0.13134455680847168,0.0,-0.08141525834798813,0.14653271436691284,0.30844447016716003,-0.037367817014455795,0.16881877183914185,0.22091332077980042,-0.07256622612476349,0.16082698106765747,0.2595270574092865,-0.07998290657997131,0.15280282497406006,0.30177369713783264,-0.07523553818464279,0.1874922513961792,0.35354772210121155,-0.04994794726371765,0.2082623839378357,0.29116031527519226,-0.07496821880340576,0.19798213243484497,0.30750200152397156,-0.07305078953504562,0.18645554780960083,0.3356574475765228,-0.06525588035583496
V,0.12553474307060242,0.5667029321193695,8.07294100013678e-07,0.07730820775032043,0.49832263588905334,-0.028399566188454628,0.06123393774032593,0.40604928135871887,-0.04513270780444145,0.09436747431755066,0.33027204871177673,-0.06358493119478226,0.13367828726768494,0.28378745913505554,-0.07969026267528534,0.047479480504989624,0.2821538746356964,-0.01981978677213192,0.02306857705116272,0.16151496767997742,-0.044450193643569946,0.009910643100738525,0.08538001775741577,-0.0600387379527092,0.0,0.02431309223175049,-0.06952885538339615,0.10072234272956848,0.2789900600910187,-0.025755738839507103,0.11496779322624207,0.14512649178504944,-0.05171280354261398,0.1248306930065155,0.06459781527519226,-0.06894712150096893,0.1346379816532135,0.0,-0.07753115147352219,0.14804014563560486,0.3064703047275543,-0.03583540767431259,0.16606876254081726,0.223616361618042,-0.0735621303319931,0.15648427605628967,0.27513471245765686,-0.07947691529989243,0.14966914057731628,0.3240334093570709,-0.07191332429647446,0.1897062361240387,0.35107627511024475,-0.04816260188817978,0.2072637379169464,0.29102203249931335,-0.07453595101833344,0.19660356640815735,0.31420525908470154,-0.07155895978212357,0.18725386261940002,0.3456455171108246,-0.06203749403357506
V,0.12145534157752991,0.5631976425647736,8.003103175724391e-07,0.07359057664871216,0.4962042272090912,-0.03129032999277115,0.05987989902496338,0.40161845088005066,-0.048988062888383865,0.10117378830909729,0.32724109292030334,-0.0679759606719017,0.14372652769088745,0.27934351563453674,-0.08522026240825653,0.04541492462158203,0.2833578884601593,-0.02385956421494484,0.02185705304145813,0.16126134991645813,-0.04915318265557289,0.0091933012008667,0.08484223484992981,-0.06569553166627884,0.0,0.024218469858169556,-0.07602369785308838,0.09870952367782593,0.27845498919487,-0.028994249179959297,0.11367782950401306,0.14431443810462952,-0.054534029215574265,0.12256181240081787,0.06404533982276917,-0.07218480110168457,0.13127315044403076,0.0,-0.08179441839456558,0.14501738548278809,0.3049291670322418,-0.038527801632881165,0.16378748416900635,0.2199649214744568,-0.07578148692846298,0.15039771795272827,0.27383723855018616,-0.0829491913318634,0.1408403515815735,0.32282254099845886,-0.07746468484401703,0.18511563539505005,0.3499865233898163,-0.05055889114737511,0.2017838954925537,0.2887750566005707,-0.07721339166164398,0.18716859817504883,0.3204052746295929,-0.07478160411119461,0.17478317022323608,0.3584854304790497,-0.06659729778766632
V,0.11976715922355652,0.5647480487823486,7.852000862840214e-07,0.07324579358100891,0.49811315536499023,-0.031416282057762146,0.06079566478729248,0.40264081954956055,-0.04885082691907883,0.10431835055351257,0.32681554555892944,-0.06746932864189148,0.14746862649917603,0.27993208169937134,-0.084256112575531,0.04397532343864441,0.28429484367370605,-0.022792017087340355,0.02144572138786316,0.1625993549823761,-0.04667074605822563,0.009266793727874756,0.08782172203063965,-0.06257257610559464,0.0,0.028210073709487915,-0.07273759692907333,0.09767255187034607,0.2774370312690735,-0.02730838768184185,0.11239570379257202,0.1424199938774109,-0.05109856650233269,0.12155428528785706,0.06276258826255798,-0.06866968423128128,0.13019245862960815,0.0,-0.07860319316387177,0.14459657669067383,0.3025997281074524,-0.036264970898628235,0.1613558530807495,0.21563777327537537,-0.07221505045890808,0.14844268560409546,0.26234978437423706,-0.08214708417654037,0.13974261283874512,0.30934107303619385,-0.07896161824464798,0.1848633885383606,0.3462756872177124,-0.04759851098060608,0.20037126541137695,0.2809075713157654,-0.07376757264137268,0.1862736940383911,0.3050169348716736,-0.07343675196170807,0.17474716901779175,0.341067910194397,-0.06699857860803604
V,0.12149500846862793,0.565598875284195,8.150876738000079e-07,0.07614287734031677,0.5011163055896759,-0.035367097705602646,0.06391414999961853,0.4061420261859894,-0.0534619465470314,0.10791376233100891,0.32820674777030945,-0.07207696884870529,0.15133172273635864,0.28193268179893494,-0.08830273896455765,0.04159897565841675,0.28602370619773865,-0.021350935101509094,0.018453538417816162,0.1639898121356964,-0.04520350322127342,0.007394284009933472,0.08901062607765198,-0.06125568225979805,0.0,0.029106050729751587,-0.07144704461097717,0.0957040786743164,0.27812519669532776,-0.02286428026854992,0.10912278294563293,0.14560344815254211,-0.04815821722149849,0.11903584003448486,0.06540781259536743,-0.06678647547960281,0.128570556640625,0.0,-0.07680781930685043,0.1420716643333435,0.3015337288379669,-0.029297810047864914,0.1577204465866089,0.21539825201034546,-0.06778903305530548,0.14717382192611694,0.2691236436367035,-0.07730808854103088,0.13992255926132202,0.3192445933818817,-0.0723390132188797,0.1820395588874817,0.3424960672855377,-0.03840900957584381,0.1971045732498169,0.2791716158390045,-0.06676322221755981,0.18765473365783691,0.30290868878364563,-0.0670752078294754,0.18023359775543213,0.3346616327762604,-0.05994292348623276
V,0.11936798691749573,0.5606662034988403,7.766641942907881e-07,0.07312056422233582,0.49275267124176025,-0.03185948729515076,0.06305855512619019,0.3930779695510864,-0.047522976994514465,0.11246249079704285,0.3126828074455261,-0.06435944139957428,0.15827670693397522,0.2642078995704651,-0.0794154554605484,0.039477258920669556,0.2828274965286255,-0.017990095540881157,0.01836511492729187,0.1593218445777893,-0.04052666574716568,0.007858127355575562,0.08448830246925354,-0.055534832179546356,0.0,0.025158733129501343,-0.06530521810054779,0.09354662895202637,0.27351927757263184,-0.021315226331353188,0.10698196291923523,0.13967055082321167,-0.04519736021757126,0.11637526750564575,0.06131395697593689,-0.0637202039361,0.12562814354896545,0.0,-0.0741313099861145,0.14018085598945618,0.29643166065216064,-0.029328536242246628,0.15667995810508728,0.2103671133518219,-0.06681004166603088,0.1441619098186493,0.25983721017837524,-0.07837805151939392,0.13606974482536316,0.3073909878730774,-0.07563409209251404,0.17959484457969666,0.3373488783836365,-0.03963029384613037,0.19180354475975037,0.27506548166275024,-0.06810040771961212,0.1775321662425995,0.2977752089500427,-0.07014650106430054,0.16640493273735046,0.3300304412841797,-0.06486077606678009
V,0.11339735984802246,0.5606753528118134,7.865477869017923e-07,0.06928655505180359,0.4935937821865082,-0.0323336124420166,0.06324753165245056,0.3933998644351959,-0.04852624982595444,0.10870510339736938,0.30884769558906555,-0.06546016782522202,0.15049630403518677,0.2522830665111542,-0.08027086406946182,0.035806238651275635,0.2843751609325409,-0.019649803638458252,0.016514122486114502,0.15975531935691833,-0.04222792387008667,0.007008343935012817,0.08348014950752258,-0.0569092258810997,0.0,0.02403917908668518,-0.06578259915113449,0.08870303630828857,0.2759540379047394,-0.022425081580877304,0.10427355766296387,0.14049342274665833,-0.0458378829061985,0.11421293020248413,0.06044092774391174,-0.06329602003097534,0.12301826477050781,0.0,-0.07277006655931473,0.13487541675567627,0.2987571656703949,-0.029781926423311234,0.15100646018981934,0.21365609765052795,-0.06518643349409103,0.13719964027404785,0.2577430307865143,-0.07571955770254135,0.12731343507766724,0.30172911286354065,-0.073154017329216,0.17386674880981445,0.3393259346485138,-0.03946233540773392,0.1879286766052246,0.27484163641929626,-0.06415291875600815,0.17246872186660767,0.29945769906044006,-0.06375010311603546,0.16060787439346313,0.33308812975883484,-0.05760147050023079
V,0.11993634700775146,0.5608174502849579,7.523123031205614e-07,0.07387879490852356,0.4931064546108246,-0.031012101098895073,0.06453382968902588,0.39393851161003113,-0.04562903195619583,0.10794353485107422,0.31089118123054504,-0.061618220061063766,0.14927896857261658,0.2567605674266815,-0.0752580314874649,0.03989076614379883,0.28478118777275085,-0.014272624626755714,0.018093079328536987,0.16276004910469055,-0.03634429723024368,0.007702618837356567,0.08771824836730957,-0.05092281848192215,0.0,0.028636932373046875,-0.05978946015238762,0.09266075491905212,0.27501341700553894,-0.017515484243631363,0.10517427325248718,0.14117464423179626,-0.04091393202543259,0.11408466100692749,0.06240496039390564,-0.058123886585235596,0.12294363975524902,0.0,-0.06702125072479248,0.13916310667991638,0.2962630093097687,-0.025684364140033722,0.1535235345363617,0.21106234192848206,-0.06179047003388405,0.1403142511844635,0.2612370550632477,-0.07094582915306091,0.13176396489143372,0.306470662355423,-0.06653647124767303,0.17998364567756653,0.33525732159614563,-0.03621535375714302,0.19405928254127502,0.2695485055446625,-0.06148882582783699,0.17908909916877747,0.2971518933773041,-0.06028850004076958,0.16801127791404724,0.33107540011405945,-0.05298730358481407
V,0.1174125075340271,0.5631631314754486,7.434088615809742e-07,0.06942680478096008,0.5003821551799774,-0.02920343726873398,0.05895870923995972,0.4039480984210968,-0.044309817254543304,0.10219740867614746,0.32649025321006775,-0.06070524454116821,0.1440144181251526,0.28793153166770935,-0.07565093785524368,0.03811103105545044,0.2864830791950226,-0.019110817462205887,0.018237590789794922,0.16324153542518616,-0.0403863750398159,0.007714390754699707,0.08783605694770813,-0.05528682842850685,0.0,0.02886146306991577,-0.0650508850812912,0.0911528468132019,0.2771548926830292,-0.023726988583803177,0.10349348187446594,0.14279726147651672,-0.045429620891809464,0.11107191443443298,0.06140759587287903,-0.0637906938791275,0.11880004405975342,0.0,-0.0749300867319107,0.13780176639556885,0.29811975359916687,-0.03241107985377312,0.15427422523498535,0.21302932500839233,-0.06495005637407303,0.14411455392837524,0.24743565917015076,-0.07790355384349823,0.136682391166687,0.2876950800418854,-0.07813383638858795,0.17818337678909302,0.3362041413784027,-0.04333006218075752,0.1930362582206726,0.269380122423172,-0.06659679859876633,0.18191564083099365,0.28812703490257263,-0.06784715503454208,0.17307156324386597,0.32068440318107605,-0.06364855915307999
V,0.11449036002159119,0.5605848133563995,7.46629439163371e-07,0.06697782874107361,0.5014998018741608,-0.031147444620728493,0.05556473135948181,0.4103786051273346,-0.0481642447412014,0.09151235222816467,0.33349570631980896,-0.06614048033952713,0.1256037950515747,0.28883466124534607,-0.0816643014550209,0.035877734422683716,0.28362706303596497,-0.021414218470454216,0.015594571828842163,0.1617070734500885,-0.0441022589802742,0.0061321258544921875,0.08683541417121887,-0.05908076837658882,0.0,0.027318120002746582,-0.06843084841966629,0.08898463845252991,0.2729562222957611,-0.025114677846431732,0.09940940141677856,0.14120349287986755,-0.04945535957813263,0.10729017853736877,0.06119489669799805,-0.06686680018901825,0.11485043168067932,0.0,-0.07624127715826035,0.13581764698028564,0.29329970479011536,-0.03307844698429108,0.1469859480857849,0.21081706881523132,-0.06837993860244751,0.13866734504699707,0.2586778700351715,-0.07624970376491547,0.13212507963180542,0.3056444227695465,-0.07127317041158676,0.1776520013809204,0.3312701880931854,-0.043530188500881195,0.1907857060432434,0.26227453351020813,-0.06779122352600098,0.1823049783706665,0.283431738615036,-0.06598878651857376,0.17545491456985474,0.3149959146976471,-0.058356497436761856
V,0.11729943752288818,0.5593164563179016,7.781051749589096e-07,0.0709332823753357,0.4958112835884094,-0.030984126031398773,0.0598122775554657,0.40289461612701416,-0.04719956964254379,0.10063168406486511,0.3251611590385437,-0.06432817131280899,0.14172843098640442,0.282990038394928,-0.07898232340812683,0.036665648221969604,0.286038339138031,-0.020548317581415176,0.015442878007888794,0.16083788871765137,-0.042718254029750824,0.006414920091629028,0.08563414216041565,-0.05605325847864151,0.0,0.026531100273132324,-0.0634886622428894,0.08945509791374207,0.27593278884887695,-0.022825490683317184,0.09965062141418457,0.14157593250274658,-0.04688385874032974,0.10603305697441101,0.06127259135246277,-0.06308189034461975,0.11191990971565247,0.0,-0.07032515853643417,0.1357887089252472,0.29601895809173584,-0.029322855174541473,0.14455637335777283,0.21342554688453674,-0.0656668171286583,0.13907793164253235,0.2618520259857178,-0.07403704524040222,0.13623389601707458,0.31040388345718384,-0.06727990508079529,0.1768527328968048,0.332258403301239,-0.03807225450873375,0.18955209851264954,0.26750075817108154,-0.06249144673347473,0.18389621376991272,0.27832359075546265,-0.06166030839085579,0.1798657476902008,0.3007047772407532,-0.05346963182091713
V,0.11876910924911499,0.5657573938369751,7.909746955192531e-07,0.07099807262420654,0.5014083385467529,-0.03218657895922661,0.061289072036743164,0.404524028301239,-0.048230722546577454,0.10379812121391296,0.32393109798431396,-0.0648777112364769,0.14335298538208008,0.278351366519928,-0.07876799255609512,0.035767823457717896,0.29022216796875,-0.019461261108517647,0.015217125415802002,0.1642032265663147,-0.04187586531043053,0.006127744913101196,0.0877331793308258,-0.05614669248461723,0.0,0.028116852045059204,-0.06446877121925354,0.0888926088809967,0.27961575984954834,-0.02076391875743866,0.09877157211303711,0.14582520723342896,-0.04542287066578865,0.10539978742599487,0.06338083744049072,-0.06246504560112953,0.11257874965667725,0.0,-0.07051575928926468,0.13612806797027588,0.29932349920272827,-0.026556411758065224,0.14481574296951294,0.21736064553260803,-0.06307879090309143,0.13716048002243042,0.26524287462234497,-0.07167620956897736,0.13345623016357422,0.314342200756073,-0.06527971476316452,0.17804712057113647,0.33510416746139526,-0.03479955717921257,0.18985724449157715,0.2675513029098511,-0.060267556458711624,0.18392515182495117,0.27674657106399536,-0.06018510088324547,0.18016302585601807,0.2984774112701416,-0.052456460893154144
V,0.11259788274765015,0.564622700214386,7.771520245114516e-07,0.0654105544090271,0.500747561454773,-0.03225129842758179,0.05609411001205444,0.4046262502670288,-0.04807065427303314,0.0951320230960846,0.3259046673774719,-0.06464271247386932,0.13139528036117554,0.28234583139419556,-0.0789252519607544,0.03542706370353699,0.2897186279296875,-0.021591100841760635,0.015752792358398438,0.16230648756027222,-0.04505880922079086,0.006872028112411499,0.08536887168884277,-0.05892718583345413,0.0,0.0249653160572052,-0.06614639610052109,0.0873056948184967,0.28009217977523804,-0.02400350384414196,0.0956869125366211,0.1443442404270172,-0.04915739595890045,0.10163214802742004,0.06267774105072021,-0.06471610069274902,0.10781174898147583,0.0,-0.07074081897735596,0.13356947898864746,0.30082082748413086,-0.031000951305031776,0.14014065265655518,0.21872174739837646,-0.06933238357305527,0.13603699207305908,0.2739715576171875,-0.07641495019197464,0.13514232635498047,0.3247729539871216,-0.06768129020929337,0.1747702956199646,0.33779680728912354,-0.04038156196475029,0.18387722969055176,0.2695745825767517,-0.06582754105329514,0.178879976272583,0.28648436069488525,-0.06323734670877457,0.17691439390182495,0.312072217464447,-0.053212158381938934
V,0.11324632167816162,0.5617890357971191,7.475130132661434e-07,0.06445226073265076,0.49699634313583374,-0.032367680221796036,0.05373159050941467,0.40192991495132446,-0.04798045754432678,0.09164193272590637,0.32452070713043213,-0.06429540365934372,0.12683501839637756,0.2787095904350281,-0.07789691537618637,0.03425213694572449,0.28781992197036743,-0.019630935043096542,0.014009982347488403,0.16231244802474976,-0.04325808957219124,0.005714744329452515,0.08507490158081055,-0.05787462741136551,0.0,0.02398589253425598,-0.06558278203010559,0.08707082271575928,0.27706098556518555,-0.021682051941752434,0.09616515040397644,0.14342457056045532,-0.04627653956413269,0.10228067636489868,0.0628868043422699,-0.06162555143237114,0.10797226428985596,0.0,-0.06784268468618393,0.13343921303749084,0.2952262759208679,-0.028561938554048538,0.14182493090629578,0.21265611052513123,-0.06561696529388428,0.135402649641037,0.2694980502128601,-0.07091463357210159,0.13142237067222595,0.3201981782913208,-0.06157797574996948,0.17537423968315125,0.3296986222267151,-0.03795786574482918,0.18475398421287537,0.2598155736923218,-0.06059322506189346,0.1768684685230255,0.2851989269256592,-0.05496107414364815,0.17168840765953064,0.3180791735649109,-0.04341631755232811
V,0.11141467094421387,0.5599952042102814,7.641290267201839e-07,0.0632234513759613,0.4965818226337433,-0.03407463803887367,0.05334535241127014,0.40236470103263855,-0.049587126821279526,0.09376674890518188,0.32612231373786926,-0.0655074268579483,0.13038545846939087,0.2800341546535492,-0.07863617688417435,0.03229880332946777,0.28252896666526794,-0.01863514818251133,0.014252036809921265,0.1564289927482605,-0.04008820280432701,0.006113409996032715,0.08052012324333191,-0.053350966423749924,0.0,0.020106226205825806,-0.06039620190858841,0.0850071907043457,0.2736370265483856,-0.019799401983618736,0.09393113851547241,0.14127209782600403,-0.042435172945261,0.10021337866783142,0.06162884831428528,-0.0569424033164978,0.10620343685150146,0.0,-0.06268862634897232,0.13188177347183228,0.29419663548469543,-0.026094818487763405,0.13979566097259521,0.2164524495601654,-0.06277521699666977,0.13439428806304932,0.27533212304115295,-0.06922775506973267,0.13062000274658203,0.325848251581192,-0.06058111414313316,0.1744537353515625,0.33060285449028015,-0.03501240164041519,0.18470174074172974,0.25975772738456726,-0.05812521651387215,0.17733919620513916,0.2870706021785736,-0.053454406559467316,0.17189466953277588,0.32098427414894104,-0.042579252272844315
V,0.112987220287323,0.5616255104541779,7.6011991723135e-07,0.06371307373046875,0.5001318752765656,-0.03473852202296257,0.05346140265464783,0.4076665937900543,-0.05087825655937195,0.09573811292648315,0.33341702818870544,-0.06719523668289185,0.13329041004180908,0.29054751992225647,-0.08080027997493744,0.03401076793670654,0.2849278748035431,-0.02171442285180092,0.015097618103027344,0.15768608450889587,-0.04453553631901741,0.006539821624755859,0.08077830076217651,-0.05843272805213928,0.0,0.01953330636024475,-0.0655122697353363,0.0867718756198883,0.2763870656490326,-0.022693760693073273,0.09460058808326721,0.14291569590568542,-0.046520330011844635,0.09965956211090088,0.06251153349876404,-0.061358798295259476,0.10413143038749695,0.0,-0.0669519379734993,0.13294655084609985,0.2965593636035919,-0.028745198622345924,0.1401362419128418,0.22112643718719482,-0.0662103146314621,0.13696825504302979,0.27814778685569763,-0.07322095334529877,0.13437187671661377,0.3279625475406647,-0.06432561576366425,0.17474329471588135,0.3316362202167511,-0.03740626201033592,0.18448108434677124,0.2592773735523224,-0.05998159199953079,0.1788683533668518,0.2847461998462677,-0.05498681962490082,0.1740061640739441,0.3188546597957611,-0.04365970194339752
V,0.1141389012336731,0.560105562210083,7.467169780284166e-07,0.06629911065101624,0.5002809166908264,-0.035689905285835266,0.05597677826881409,0.408982515335083,-0.05275425687432289,0.09641215205192566,0.3329625129699707,-0.0696793720126152,0.13294675946235657,0.28345590829849243,-0.0838501900434494,0.03396850824356079,0.28471243381500244,-0.023013083264231682,0.015023231506347656,0.15958046913146973,-0.04554019868373871,0.00656554102897644,0.08339673280715942,-0.05937386304140091,0.0,0.02317667007446289,-0.06671396642923355,0.08653390407562256,0.2742760181427002,-0.023205794394016266,0.09321582317352295,0.14096477627754211,-0.046370021998882294,0.09786701202392578,0.061685919761657715,-0.06135448068380356,0.10157075524330139,0.0,-0.06745303422212601,0.1328180730342865,0.29408150911331177,-0.02829485386610031,0.138795405626297,0.21593230962753296,-0.0651952251791954,0.13612863421440125,0.2711310386657715,-0.0726935938000679,0.13395866751670837,0.3199564218521118,-0.06476365029811859,0.17447754740715027,0.32996666431427,-0.035991232842206955,0.18491491675376892,0.2589358687400818,-0.059937115758657455,0.18058916926383972,0.28201615810394287,-0.056750260293483734,0.17672064900398254,0.3132167458534241,-0.04671289399266243
V,0.1132863461971283,0.5602415800094604,7.616292236889421e-07,0.06539490818977356,0.5012381076812744,-0.03575541824102402,0.05537295341491699,0.40950947999954224,-0.05236401408910751,0.0975465178489685,0.3358215093612671,-0.06899392604827881,0.13478991389274597,0.29536283016204834,-0.08322862535715103,0.03311458230018616,0.283962607383728,-0.023816032335162163,0.014736086130142212,0.15642428398132324,-0.04716762527823448,0.006534606218338013,0.0795154869556427,-0.06140684336423874,0.0,0.017964959144592285,-0.06904877722263336,0.08533903956413269,0.2742980122566223,-0.02460310235619545,0.09249016642570496,0.1421109139919281,-0.049111898988485336,0.09740757942199707,0.061905741691589355,-0.06450601667165756,0.10143628716468811,0.0,-0.07076652348041534,0.13106325268745422,0.29434871673583984,-0.03047485463321209,0.13907155394554138,0.2172715663909912,-0.06896412372589111,0.13832327723503113,0.27424341440200806,-0.07706262171268463,0.13776692748069763,0.32503604888916016,-0.06901682913303375,0.17182239890098572,0.3298701047897339,-0.03902001306414604,0.1811133325099945,0.26228243112564087,-0.06403981149196625,0.1771567165851593,0.2861870527267456,-0.061445582658052444,0.17440363764762878,0.3177504539489746,-0.051667582243680954
V,0.11433890461921692,0.5608038902282715,7.544381332991179e-07,0.06715628504753113,0.49581319093704224,-0.03312614560127258,0.05603247880935669,0.40230274200439453,-0.04811609163880348,0.09318467974662781,0.321291446685791,-0.06350868195295334,0.12925180792808533,0.26591038703918457,-0.07610345631837845,0.032803118228912354,0.28509634733200073,-0.018279528245329857,0.013337433338165283,0.1589626669883728,-0.04027886688709259,0.005281656980514526,0.0820615291595459,-0.05385063961148262,0.0,0.02157968282699585,-0.060410864651203156,0.08500257134437561,0.2753327488899231,-0.019352998584508896,0.09262731671333313,0.14089161157608032,-0.04095837101340294,0.097027987241745,0.06060749292373657,-0.054875243455171585,0.10215255618095398,0.0,-0.06008154898881912,0.1318938434123993,0.2951858639717102,-0.02549143135547638,0.14002206921577454,0.21935707330703735,-0.06098330765962601,0.13219144940376282,0.2724805474281311,-0.06858059763908386,0.1283632218837738,0.32057803869247437,-0.06094261631369591,0.17342421412467957,0.33162355422973633,-0.034071020781993866,0.18399378657341003,0.26209378242492676,-0.056043390184640884,0.17433813214302063,0.288310706615448,-0.05168412998318672,0.16833660006523132,0.32335686683654785,-0.041089314967393875
V,0.1144087016582489,0.5626614391803741,7.428991466440493e-07,0.06658935546875,0.5022947490215302,-0.031808529049158096,0.05343914031982422,0.41298046708106995,-0.048509158194065094,0.09029567241668701,0.33723512291908264,-0.06625840812921524,0.12757223844528198,0.287124902009964,-0.08175293356180191,0.03287339210510254,0.28526607155799866,-0.021184634417295456,0.014167070388793945,0.1582387387752533,-0.044719163328409195,0.005847573280334473,0.08126291632652283,-0.05921844020485878,0.0,0.020350217819213867,-0.06680304557085037,0.08502459526062012,0.27538397908210754,-0.024228548631072044,0.09268766641616821,0.14086875319480896,-0.04835351184010506,0.09759736061096191,0.06100824475288391,-0.06386647373437881,0.10238572955131531,0.0,-0.07035799324512482,0.13147467374801636,0.294842392206192,-0.03186445310711861,0.14001774787902832,0.21483305096626282,-0.06825632601976395,0.13632982969284058,0.2691058814525604,-0.07456403225660324,0.13415193557739258,0.31869879364967346,-0.06621955335140228,0.17328280210494995,0.3308556377887726,-0.041927874088287354,0.1830856204032898,0.2594164311885834,-0.06401623785495758,0.17720001935958862,0.2819296419620514,-0.058902427554130554,0.17332369089126587,0.31324735283851624,-0.04789748787879944
V,0.11346200108528137,0.5653573274612427,7.495867180296045e-07,0.06422817707061768,0.49882054328918457,-0.03404664620757103,0.05336260795593262,0.4012194871902466,-0.048911742866039276,0.09383311867713928,0.3216326832771301,-0.06459028273820877,0.13112163543701172,0.27294790744781494,-0.07800013571977615,0.0329669713973999,0.28949111700057983,-0.019387148320674896,0.014826416969299316,0.16179752349853516,-0.04343920201063156,0.006315827369689941,0.08328503370285034,-0.057989832013845444,0.0,0.020303547382354736,-0.06537146121263504,0.08523675799369812,0.27944010496139526,-0.021071234717965126,0.09093517065048218,0.1457018256187439,-0.0458902008831501,0.09485605359077454,0.06404435634613037,-0.06143129989504814,0.09973406791687012,0.0,-0.06740206480026245,0.13173604011535645,0.29866403341293335,-0.02803904004395008,0.13907986879348755,0.22142910957336426,-0.06725531071424484,0.13562875986099243,0.2816917896270752,-0.07405488938093185,0.13492679595947266,0.33407026529312134,-0.06450845301151276,0.17259180545806885,0.33334416151046753,-0.03762984648346901,0.17913341522216797,0.2631426453590393,-0.06215875968337059,0.1722467541694641,0.2917460799217224,-0.05747603252530098,0.1688796877861023,0.3282797336578369,-0.04594876989722252
V,0.11152026057243347,0.5656559765338898,7.738548220004304e-07,0.06177923083305359,0.5013525784015656,-0.030406665056943893,0.05143916606903076,0.408317893743515,-0.046186111867427826,0.0926661491394043,0.3366413414478302,-0.06334332376718521,0.1303706169128418,0.29790255427360535,-0.07844241708517075,0.03138387203216553,0.2900681793689728,-0.019934730604290962,0.0131492018699646,0.1630481779575348,-0.04389893636107445,0.005445510149002075,0.08589455485343933,-0.058820292353630066,0.0,0.024813085794448853,-0.06668777763843536,0.08330261707305908,0.28045454621315,-0.023595023900270462,0.09019389748573303,0.1461854875087738,-0.04855569824576378,0.093891441822052,0.06382015347480774,-0.0650123581290245,0.09844323992729187,0.0,-0.07192185521125793,0.12961941957473755,0.3004218637943268,-0.03167480602860451,0.13714146614074707,0.21905416250228882,-0.06888386607170105,0.13293200731277466,0.27449414134025574,-0.0755791962146759,0.13137245178222656,0.3258764445781708,-0.06676896661520004,0.1709156036376953,0.33711108565330505,-0.042095158249139786,0.17820245027542114,0.26935043931007385,-0.06512204557657242,0.17403286695480347,0.2875799834728241,-0.06053752452135086,0.1723657250404358,0.31496068835258484,-0.049339260905981064
V,0.11339724063873291,0.5650394260883331,7.494945180042123e-07,0.06471690535545349,0.4981367886066437,-0.03083975240588188,0.053345829248428345,0.40400204062461853,-0.046110596507787704,0.0912211537361145,0.3258749544620514,-0.06279636174440384,0.12651211023330688,0.27577975392341614,-0.07701647281646729,0.031076252460479736,0.28823503851890564,-0.016830110922455788,0.01281273365020752,0.16021981835365295,-0.040600504726171494,0.005175769329071045,0.08198893070220947,-0.05559269338846207,0.0,0.02065044641494751,-0.06318887323141098,0.08313387632369995,0.2784288227558136,-0.019871173426508904,0.0897463858127594,0.14403480291366577,-0.0442856140434742,0.09316444396972656,0.062476128339767456,-0.060439057648181915,0.09775015711784363,0.0,-0.06705036759376526,0.1300336718559265,0.29696759581565857,-0.02777971141040325,0.13710343837738037,0.2186683714389801,-0.06489645689725876,0.13082438707351685,0.2718723714351654,-0.07252401113510132,0.12884140014648438,0.32201912999153137,-0.06443610787391663,0.17143362760543823,0.33156344294548035,-0.038035694509744644,0.17866963148117065,0.2615751326084137,-0.06044862046837807,0.1704655885696411,0.28408578038215637,-0.05591841787099838,0.16649538278579712,0.3173912465572357,-0.0449352003633976
V,0.11508825421333313,0.560271829366684,7.334078304666036e-07,0.06576931476593018,0.49540022015571594,-0.02984820492565632,0.05358216166496277,0.4039073884487152,-0.04601912200450897,0.09360924363136292,0.33124110102653503,-0.06399465352296829,0.13158217072486877,0.2890787422657013,-0.08008449524641037,0.03581249713897705,0.28506824374198914,-0.019792063161730766,0.015734940767288208,0.15916594862937927,-0.04435461387038231,0.006474703550338745,0.08204936981201172,-0.060331080108881,0.0,0.02048930525779724,-0.0692978948354721,0.08765128254890442,0.27525773644447327,-0.02434496022760868,0.09303820133209229,0.1428757607936859,-0.0490294024348259,0.09650769829750061,0.06287196278572083,-0.06548095494508743,0.10147908329963684,0.0,-0.07328716665506363,0.1344681680202484,0.294193297624588,-0.03343314677476883,0.14124777913093567,0.21184736490249634,-0.06967920809984207,0.13443902134895325,0.26583126187324524,-0.07610851526260376,0.13170740008354187,0.3166225254535675,-0.06843233108520508,0.1766236126422882,0.3301710784435272,-0.04499880596995354,0.18282869458198547,0.26084235310554504,-0.06707187741994858,0.17415758967399597,0.28426501154899597,-0.06199703738093376,0.16999730467796326,0.3179958760738373,-0.051428694278001785
V,0.11591339111328125,0.5615935027599335,7.461767381755635e-07,0.06623494625091553,0.4958672821521759,-0.033330291509628296,0.053957343101501465,0.40116754174232483,-0.04751577600836754,0.09445139765739441,0.3250008523464203,-0.06200549751520157,0.13291001319885254,0.2837171256542206,-0.0738636776804924,0.034483641386032104,0.2871345579624176,-0.019498849287629128,0.01641756296157837,0.15973016619682312,-0.04214849695563316,0.007232934236526489,0.08243361115455627,-0.05578336864709854,0.0,0.021265029907226562,-0.06240689009428024,0.08655166625976562,0.2777778208255768,-0.02075970359146595,0.09233921766281128,0.1438952386379242,-0.043226636946201324,0.0956408679485321,0.061849117279052734,-0.057473622262477875,0.10001957416534424,0.0,-0.06264911592006683,0.13282674551010132,0.2974088490009308,-0.02720682881772518,0.14133912324905396,0.22500339150428772,-0.06350068002939224,0.1375577449798584,0.27699342370033264,-0.07181698083877563,0.1359845995903015,0.3253449499607086,-0.06378956139087677,0.17327308654785156,0.3320542275905609,-0.036248140037059784,0.18198013305664062,0.26442065834999084,-0.058635737746953964,0.17571759223937988,0.2850596010684967,-0.05510838329792023,0.17166298627853394,0.31677117943763733,-0.04473830759525299
V,0.11440306901931763,0.5642130970954895,7.289100949492422e-07,0.06743007898330688,0.4995737671852112,-0.028876185417175293,0.05598297715187073,0.40791988372802734,-0.044657398015260696,0.08992919325828552,0.3309868574142456,-0.06221894174814224,0.12321287393569946,0.27854204177856445,-0.07753577083349228,0.03459852933883667,0.288749635219574,-0.01928706467151642,0.01633390784263611,0.16249901056289673,-0.04399826005101204,0.007050633430480957,0.08450174331665039,-0.05945715308189392,0.0,0.022885620594024658,-0.06761819124221802,0.0854530930519104,0.2798768877983093,-0.023939084261655807,0.09235304594039917,0.14557456970214844,-0.04963889345526695,0.09578123688697815,0.06390246748924255,-0.06622999161481857,0.10018569231033325,0.0,-0.07340279966592789,0.1314200758934021,0.2996363043785095,-0.032886210829019547,0.13929963111877441,0.22134029865264893,-0.06987356394529343,0.13402116298675537,0.2751076817512512,-0.07540229707956314,0.1320778727531433,0.32568174600601196,-0.06639659404754639,0.17211657762527466,0.33596473932266235,-0.044105689972639084,0.17987370491027832,0.2649593949317932,-0.06655891239643097,0.173509418964386,0.28672242164611816,-0.06085103750228882,0.17050331830978394,0.3190631866455078,-0.04921279102563858
V,0.1176699697971344,0.5619843304157257,7.594945259370434e-07,0.06656122207641602,0.49848249554634094,-0.02990512177348137,0.05152297019958496,0.4072435200214386,-0.046855583786964417,0.09062886238098145,0.3346288502216339,-0.0651957094669342,0.1311900019645691,0.2963724434375763,-0.08167894929647446,0.03612321615219116,0.2896421253681183,-0.024149397388100624,0.016702741384506226,0.16154572367668152,-0.048917099833488464,0.007308632135391235,0.0833008885383606,-0.06455089151859283,0.0,0.02101925015449524,-0.07334911823272705,0.08784058690071106,0.28014805912971497,-0.02856450527906418,0.09463804960250854,0.14463010430335999,-0.05330539494752884,0.09720897674560547,0.06282570958137512,-0.06927229464054108,0.10085597634315491,0.0,-0.07674811035394669,0.1342540979385376,0.299603134393692,-0.03712870925664902,0.14217501878738403,0.21902072429656982,-0.07291299104690552,0.13338935375213623,0.26803264021873474,-0.07997652143239975,0.12864774465560913,0.31714650988578796,-0.07279007881879807,0.17548972368240356,0.3355273902416229,-0.04813266545534134,0.18483179807662964,0.26594260334968567,-0.0708596408367157,0.17714595794677734,0.2812497317790985,-0.06733479350805283,0.1723666787147522,0.30971816182136536,-0.05776397883892059
V,0.11775985360145569,0.5640499591827393,7.52590153751953e-07,0.06866419315338135,0.5022249221801758,-0.031210750341415405,0.05444324016571045,0.4122820496559143,-0.04786653071641922,0.08779779076576233,0.33632326126098633,-0.06584899127483368,0.1219596266746521,0.2886562943458557,-0.08169184625148773,0.03673475980758667,0.2894299626350403,-0.02120012789964676,0.016329944133758545,0.16297954320907593,-0.04618026688694954,0.00656503438949585,0.0849674642086029,-0.062089912593364716,0.0,0.023453354835510254,-0.07036741822957993,0.0881299376487732,0.28003615140914917,-0.024794846773147583,0.09431537985801697,0.14540588855743408,-0.05018191784620285,0.09723535180091858,0.06286582350730896,-0.06694763898849487,0.10145744681358337,0.0,-0.07428678125143051,0.1338794231414795,0.298908531665802,-0.03297214210033417,0.14233338832855225,0.22007039189338684,-0.0697554275393486,0.13727086782455444,0.2689276933670044,-0.07709414511919022,0.13509273529052734,0.31802302598953247,-0.06939717382192612,0.17403298616409302,0.3341078758239746,-0.043587129563093185,0.18229782581329346,0.26288533210754395,-0.06563141942024231,0.17543363571166992,0.28353971242904663,-0.06065791845321655,0.17142975330352783,0.3172526955604553,-0.04969572275876999
V,0.11537694931030273,0.5658772587776184,7.672206265851855e-07,0.06548482179641724,0.4974517226219177,-0.031573712825775146,0.05494236946105957,0.4034612774848938,-0.04632176086306572,0.09534046053886414,0.32917386293411255,-0.06241554021835327,0.13237351179122925,0.288402259349823,-0.0761788934469223,0.03453037142753601,0.29159772396087646,-0.017506489530205727,0.015438228845596313,0.1646372675895691,-0.04180550575256348,0.00639653205871582,0.08603745698928833,-0.05754547566175461,0.0,0.023518800735473633,-0.0659383237361908,0.08636116981506348,0.28181231021881104,-0.02041240781545639,0.0920822024345398,0.14792194962501526,-0.04534809663891792,0.09563863277435303,0.06455427408218384,-0.06240822374820709,0.10099354386329651,0.0,-0.06986622512340546,0.13246256113052368,0.3008882403373718,-0.02834593690931797,0.1404619812965393,0.22325867414474487,-0.06578551232814789,0.13602185249328613,0.2756863236427307,-0.07426980882883072,0.13475501537322998,0.326391339302063,-0.06655257195234299,0.17291659116744995,0.3357742428779602,-0.03887268155813217,0.18089133501052856,0.2654361128807068,-0.06177069619297981,0.17465049028396606,0.2851085662841797,-0.05825619772076607,0.17083299160003662,0.3179025650024414,-0.048004135489463806
V,0.11443114280700684,0.5634282529354095,7.090299618539575e-07,0.06468033790588379,0.4983031451702118,-0.026867538690567017,0.049592822790145874,0.40858981013298035,-0.042654238641262054,0.07880374789237976,0.33509692549705505,-0.060604631900787354,0.11186188459396362,0.28746065497398376,-0.07658429443836212,0.03580951690673828,0.28588464856147766,-0.018139971420168877,0.01622578501701355,0.16042211651802063,-0.04253793880343437,0.006480187177658081,0.08261328935623169,-0.05894480273127556,0.0,0.021806031465530396,-0.06829395890235901,0.08650556206703186,0.27774009108543396,-0.0240478478372097,0.09097588062286377,0.1450636088848114,-0.049579162150621414,0.09243836998939514,0.06277987360954285,-0.06789684295654297,0.09663298726081848,0.0,-0.07717910408973694,0.13298073410987854,0.2980066239833832,-0.03395332768559456,0.1413051187992096,0.21470022201538086,-0.06952642649412155,0.13338389992713928,0.2596319019794464,-0.07723315805196762,0.13010874390602112,0.3078831136226654,-0.07108374685049057,0.17478343844413757,0.33528342843055725,-0.046022627502679825,0.1838376224040985,0.26437488198280334,-0.06843329221010208,0.1767037808895111,0.2780662477016449,-0.06495270878076553,0.1734822690486908,0.30540797114372253,-0.055595070123672485
V,0.11837184429168701,0.5677239000797272,7.173536573645833e-07,0.06782597303390503,0.5022272765636444,-0.02899605967104435,0.05415886640548706,0.4113905727863312,-0.04460412263870239,0.08880898356437683,0.33584025502204895,-0.06192467361688614,0.12433585524559021,0.2905025780200958,-0.07719793915748596,0.03681114315986633,0.2902520000934601,-0.017803922295570374,0.01795068383216858,0.16378441452980042,-0.04172031581401825,0.007771223783493042,0.08524683117866516,-0.05808784440159798,0.0,0.02272552251815796,-0.06749866157770157,0.08888581395149231,0.2815350592136383,-0.022132564336061478,0.09518298506736755,0.14860352873802185,-0.04677401855587959,0.09630855917930603,0.06505158543586731,-0.06486246734857559,0.09852781891822815,0.0,-0.0740591287612915,0.13581743836402893,0.30076077580451965,-0.030790036544203758,0.14382043480873108,0.2183796465396881,-0.06631829589605331,0.13490816950798035,0.2617346942424774,-0.07525252550840378,0.12958955764770508,0.30940988659858704,-0.06949194520711899,0.1775512397289276,0.33540746569633484,-0.04174581915140152,0.18557289242744446,0.2619876563549042,-0.06382211297750473,0.17798426747322083,0.2747943103313446,-0.060846276581287384,0.17321226000785828,0.3033727705478668,-0.05171991512179375
V,0.11530160903930664,0.5659377574920654,7.69455084537185e-07,0.06496304273605347,0.5016647577285767,-0.02907230705022812,0.051646649837493896,0.40966546535491943,-0.04611964523792267,0.08817899227142334,0.33855247497558594,-0.06500125676393509,0.12472787499427795,0.3012653589248657,-0.08204170316457748,0.03503376245498657,0.28909313678741455,-0.021772393956780434,0.016602307558059692,0.16202294826507568,-0.04775691404938698,0.007123589515686035,0.08433803915977478,-0.06404616683721542,0.0,0.023382127285003662,-0.07285043597221375,0.08562237024307251,0.28086334466934204,-0.026605121791362762,0.09182706475257874,0.14641577005386353,-0.054478950798511505,0.09339168667793274,0.06414955854415894,-0.07251119613647461,0.09655764698982239,0.0,-0.0802616998553276,0.13145774602890015,0.3008941411972046,-0.03550751134753227,0.13990283012390137,0.22216004133224487,-0.07344206422567368,0.13361966609954834,0.273473858833313,-0.08007800579071045,0.13121917843818665,0.32378727197647095,-0.0712047591805458,0.17191952466964722,0.3371293544769287,-0.046750858426094055,0.18124127388000488,0.27093571424484253,-0.06994626671075821,0.17631936073303223,0.280156672000885,-0.06612518429756165,0.17357158660888672,0.3003668189048767,-0.055507127195596695
V,0.11813390254974365,0.5661510825157166,7.58031433178985e-07,0.06768259406089783,0.5024738311767578,-0.03126978501677513,0.05421322584152222,0.4109839200973511,-0.04837699607014656,0.09174516797065735,0.33758026361465454,-0.06688209623098373,0.12938261032104492,0.29580748081207275,-0.08356945961713791,0.03666391968727112,0.2901981472969055,-0.02344493381679058,0.016977757215499878,0.16168025135993958,-0.049425285309553146,0.007397443056106567,0.0827467143535614,-0.06603595614433289,0.0,0.02036544680595398,-0.0749775841832161,0.08834439516067505,0.28015822172164917,-0.02756953425705433,0.09343975782394409,0.14423614740371704,-0.05342912673950195,0.09448692202568054,0.0627807080745697,-0.07032527774572372,0.09714114665985107,0.0,-0.07775716483592987,0.1349099576473236,0.2997698187828064,-0.03613020107150078,0.14114248752593994,0.22154629230499268,-0.07306649535894394,0.13295763731002808,0.2728354334831238,-0.08019796013832092,0.12979736924171448,0.32231009006500244,-0.07224676758050919,0.17542314529418945,0.33650892972946167,-0.04723301902413368,0.1823626160621643,0.26680660247802734,-0.06964816153049469,0.17409676313400269,0.2839558720588684,-0.06506042927503586,0.1700020432472229,0.313331663608551,-0.05433344841003418
V,0.11959034204483032,0.5661429166793823,7.133095323297312e-07,0.06842952966690063,0.5034835934638977,-0.030079908668994904,0.05333125591278076,0.41140973567962646,-0.04598430171608925,0.09089908003807068,0.3361596465110779,-0.06357443332672119,0.12959545850753784,0.29467713832855225,-0.07899230718612671,0.03625601530075073,0.29221200942993164,-0.019505122676491737,0.016416072845458984,0.16415506601333618,-0.04395332559943199,0.006830692291259766,0.08586150407791138,-0.059937357902526855,0.0,0.024079948663711548,-0.06876764446496964,0.08841949701309204,0.281241774559021,-0.023889154195785522,0.09181532263755798,0.14627301692962646,-0.048543717712163925,0.09298601746559143,0.06353902816772461,-0.06570152938365936,0.0958215594291687,0.0,-0.0739879459142685,0.1354924440383911,0.2986235022544861,-0.03285173326730728,0.1431722640991211,0.21889227628707886,-0.06849124282598495,0.1358473300933838,0.2679094076156616,-0.0766436755657196,0.1316286325454712,0.31739580631256104,-0.07010237872600555,0.1772434115409851,0.33187294006347656,-0.04433953016996384,0.18484258651733398,0.26048821210861206,-0.06539038568735123,0.17654722929000854,0.27896273136138916,-0.06127570942044258,0.1713506579399109,0.311606764793396,-0.05154741182923317
V,0.11828914284706116,0.5642974972724915,7.261838845806778e-07,0.06713026762008667,0.5011640787124634,-0.028418606147170067,0.051501691341400146,0.4074075222015381,-0.042975910007953644,0.08366429805755615,0.33063119649887085,-0.05915093794465065,0.11839064955711365,0.2855849862098694,-0.07335672527551651,0.036678463220596313,0.29068130254745483,-0.019300466403365135,0.016283482313156128,0.16222310066223145,-0.04330597072839737,0.006855428218841553,0.08395504951477051,-0.05746672675013542,0.0,0.023541003465652466,-0.06442810595035553,0.08768501877784729,0.2816088795661926,-0.023889202624559402,0.09094306826591492,0.14453405141830444,-0.049391403794288635,0.09237447381019592,0.0622619092464447,-0.06557227671146393,0.0957041084766388,0.0,-0.07180678844451904,0.1340629756450653,0.30138492584228516,-0.032672517001628876,0.1398206651210785,0.22387927770614624,-0.07043717056512833,0.13513261079788208,0.27432680130004883,-0.07791660726070404,0.13419002294540405,0.32357728481292725,-0.06944042444229126,0.17466238141059875,0.33722686767578125,-0.0435163639485836,0.1803528368473053,0.2697868347167969,-0.06754852086305618,0.17491403222084045,0.28628605604171753,-0.06385361403226852,0.17310264706611633,0.31375569105148315,-0.0530601367354393
V,0.11710980534553528,0.564741462469101,7.298573905245576e-07,0.06754273176193237,0.5024710595607758,-0.02841879241168499,0.0509360134601593,0.41257646679878235,-0.04566426947712898,0.08246278762817383,0.3393111526966095,-0.06482528150081635,0.1170739233493805,0.293449729681015,-0.08198001235723495,0.03675869107246399,0.289346307516098,-0.022434014827013016,0.016887664794921875,0.16256874799728394,-0.04880114644765854,0.006927758455276489,0.08464637398719788,-0.06588827073574066,0.0,0.02355620265007019,-0.0753801241517067,0.08724507689476013,0.28020748496055603,-0.027888726443052292,0.0912160873413086,0.14497330784797668,-0.055133458226919174,0.09346306324005127,0.06300857663154602,-0.07347102463245392,0.09823232889175415,0.0,-0.08218822628259659,0.13309654593467712,0.29948440194129944,-0.03724347800016403,0.14182758331298828,0.2188631296157837,-0.07350096851587296,0.13678306341171265,0.26784464716911316,-0.07941300421953201,0.13519805669784546,0.3181265890598297,-0.07133999466896057,0.17405962944030762,0.33589938282966614,-0.04901959374547005,0.18349754810333252,0.2692488133907318,-0.0709586888551712,0.17810797691345215,0.2817828953266144,-0.0661754161119461,0.17543667554855347,0.30697986483573914,-0.05554113909602165
V,0.11973869800567627,0.568548172712326,7.461606514880259e-07,0.06869378685951233,0.5048119127750397,-0.03005930781364441,0.05392742156982422,0.4126746356487274,-0.04566286504268646,0.08922648429870605,0.33651217818260193,-0.06295178830623627,0.12417790293693542,0.290251761674881,-0.07800514996051788,0.03681066632270813,0.2919006049633026,-0.01887407712638378,0.016855984926223755,0.16404342651367188,-0.04365473613142967,0.007372081279754639,0.08577293157577515,-0.058848779648542404,0.0,0.02462083101272583,-0.0663384273648262,0.08882090449333191,0.28149041533470154,-0.023050474002957344,0.09396302700042725,0.1454963982105255,-0.048470690846443176,0.09444400668144226,0.06267181038856506,-0.06441342830657959,0.09628403186798096,0.0,-0.07040534913539886,0.1358170509338379,0.3001561462879181,-0.031917404383420944,0.14296841621398926,0.22329366207122803,-0.06979924440383911,0.13737642765045166,0.27653881907463074,-0.07696349918842316,0.13590896129608154,0.3276112973690033,-0.06804977357387543,0.17703497409820557,0.3356797397136688,-0.04307939112186432,0.18439435958862305,0.2684580981731415,-0.0660158321261406,0.17646974325180054,0.29045340418815613,-0.06102665886282921,0.17269206047058105,0.3233663737773895,-0.04932747781276703
V,0.11749663949012756,0.5708983540534973,7.241776529554045e-07,0.06791749596595764,0.5073755383491516,-0.028744716197252274,0.052430659532547,0.41647350788116455,-0.04553673416376114,0.08420050144195557,0.34097397327423096,-0.06418225914239883,0.11918753385543823,0.2937331199645996,-0.08087649941444397,0.03520891070365906,0.290901780128479,-0.02054116502404213,0.017128020524978638,0.1642962098121643,-0.045913394540548325,0.007325917482376099,0.08603537082672119,-0.06318587064743042,0.0,0.024549782276153564,-0.07331418991088867,0.08679640293121338,0.28192877769470215,-0.025924909859895706,0.09160196781158447,0.14735347032546997,-0.052178263664245605,0.09368681907653809,0.06414103507995605,-0.07130605727434158,0.09748277068138123,0.0,-0.08138514310121536,0.13374540209770203,0.3020775318145752,-0.035339124500751495,0.14383968710899353,0.21980956196784973,-0.0709930956363678,0.1372586190700531,0.264835000038147,-0.07866858690977097,0.1332198679447174,0.3135008215904236,-0.07259897887706757,0.17508116364479065,0.3392643928527832,-0.04717894271016121,0.1836780607700348,0.26909029483795166,-0.06985584646463394,0.1775425374507904,0.2815313935279846,-0.06652142852544785,0.17371371388435364,0.30828607082366943,-0.05727643892168999
V,0.12147340178489685,0.5658585429191589,7.294000852198224e-07,0.06895530223846436,0.504269540309906,-0.03048369660973549,0.051352113485336304,0.41125768423080444,-0.04728851839900017,0.08723920583724976,0.33537745475769043,-0.06542933732271194,0.12540513277053833,0.28949230909347534,-0.08168907463550568,0.038346052169799805,0.2919982671737671,-0.024237455800175667,0.01761627197265625,0.16362088918685913,-0.0496167317032814,0.007655471563339233,0.08553415536880493,-0.06558346748352051,0.0,0.02336740493774414,-0.07440701127052307,0.09056422114372253,0.28229933977127075,-0.02873183973133564,0.09588024020195007,0.145490825176239,-0.0543881431221962,0.09696337580680847,0.06419479846954346,-0.07120569050312042,0.09881258010864258,0.0,-0.0791284590959549,0.13719099760055542,0.3017262816429138,-0.03738444298505783,0.14363348484039307,0.218486487865448,-0.07470939308404922,0.13757562637329102,0.27012860774993896,-0.08182316273450851,0.134878009557724,0.31993675231933594,-0.07429727911949158,0.1785752773284912,0.3381585478782654,-0.04834812507033348,0.1856338381767273,0.26593226194381714,-0.07180792093276978,0.1788514256477356,0.2864811420440674,-0.06736713647842407,0.17528176307678223,0.3194361925125122,-0.05688650161027908
V,0.1172218918800354,0.5679426789283752,7.25484653685271e-07,0.06560230255126953,0.5017408728599548,-0.02792801521718502,0.052397698163986206,0.4060854911804199,-0.043218329548835754,0.09199297428131104,0.3310434818267822,-0.06044606864452362,0.13150513172149658,0.29254329204559326,-0.07608307152986526,0.03708967566490173,0.2910463809967041,-0.020205680280923843,0.01727116107940674,0.16170525550842285,-0.04546801745891571,0.007384061813354492,0.08305144309997559,-0.06170642748475075,0.0,0.02171233296394348,-0.07063869386911392,0.08866751194000244,0.2819839119911194,-0.025745486840605736,0.0929434597492218,0.14516431093215942,-0.051299843937158585,0.09358289837837219,0.0631081759929657,-0.06867256760597229,0.09693899750709534,0.0,-0.07687696814537048,0.13529327511787415,0.3015010952949524,-0.03545929864048958,0.14406612515449524,0.21751898527145386,-0.07141418755054474,0.1354764997959137,0.26477116346359253,-0.07964715361595154,0.13218954205513,0.31322377920150757,-0.07319065183401108,0.17612507939338684,0.33739596605300903,-0.04750114306807518,0.1843566596508026,0.2673652768135071,-0.07012094557285309,0.17588254809379578,0.281941294670105,-0.0671224370598793,0.17139795422554016,0.3107072710990906,-0.05787913128733635
V,0.11890780925750732,0.5683222711086273,7.196055662461731e-07,0.06785061955451965,0.5045004785060883,-0.028544660657644272,0.05103808641433716,0.4111405313014984,-0.04452209547162056,0.08349046111106873,0.3309555947780609,-0.062407657504081726,0.12062940001487732,0.2796131670475006,-0.07824895530939102,0.03746262192726135,0.2928188741207123,-0.021336065605282784,0.017624258995056152,0.16393575072288513,-0.047284822911024094,0.008017897605895996,0.08503323793411255,-0.062332261353731155,0.0,0.02353617548942566,-0.0695582702755928,0.08926832675933838,0.28339675068855286,-0.026454618200659752,0.09472838044166565,0.14424988627433777,-0.05341783165931702,0.09555822610855103,0.062451690435409546,-0.06925752758979797,0.09737646579742432,0.0,-0.07492539286613464,0.1362951695919037,0.30259206891059875,-0.035746440291404724,0.1427399218082428,0.2235291302204132,-0.07420707494020462,0.1364935338497162,0.27707430720329285,-0.07961332052946091,0.1350635290145874,0.32810303568840027,-0.06941229850053787,0.17749157547950745,0.3379059135913849,-0.047153834253549576,0.18488451838493347,0.26851049065589905,-0.06984135508537292,0.17684945464134216,0.2880673110485077,-0.0637316107749939,0.17282214760780334,0.3188256323337555,-0.05120369419455528
V,0.11857905983924866,0.5692611336708069,7.166794375734753e-07,0.06901934742927551,0.5088071227073669,-0.030885176733136177,0.052390605211257935,0.41743212938308716,-0.04801327362656593,0.08310076594352722,0.3412541151046753,-0.0661013200879097,0.11847501993179321,0.29565173387527466,-0.08223908394575119,0.037617266178131104,0.2915094494819641,-0.0252262894064188,0.01788341999053955,0.16285285353660583,-0.05110578611493111,0.007519721984863281,0.08346909284591675,-0.06802725046873093,0.0,0.021743565797805786,-0.07752080261707306,0.08926746249198914,0.2825593948364258,-0.02911442145705223,0.09343159198760986,0.14661455154418945,-0.05537308007478714,0.0951288640499115,0.06335300207138062,-0.07371623814105988,0.09836640954017639,0.0,-0.08284977078437805,0.13538190722465515,0.3026043176651001,-0.037050556391477585,0.1442456841468811,0.2210935652256012,-0.07306525856256485,0.13968461751937866,0.26167023181915283,-0.08214215934276581,0.13666421175003052,0.30739593505859375,-0.07671000063419342,0.17630165815353394,0.33904993534088135,-0.047457996755838394,0.18707680702209473,0.2689858078956604,-0.07067099958658218,0.18255794048309326,0.2758486866950989,-0.06898760795593262,0.17854899168014526,0.29786431789398193,-0.06075885891914368
V,0.11904016137123108,0.5679477155208588,7.371151014012867e-07,0.06881079077720642,0.5062032639980316,-0.03056720457971096,0.05191817879676819,0.4183826744556427,-0.04824702814221382,0.08054459095001221,0.34500178694725037,-0.06725874543190002,0.11325767636299133,0.2979523837566376,-0.08403035253286362,0.03810921311378479,0.289869099855423,-0.024400539696216583,0.017824679613113403,0.1621389091014862,-0.05093817412853241,0.007341891527175903,0.08374154567718506,-0.06744302809238434,0.0,0.02211993932723999,-0.07583890110254288,0.08955904841423035,0.28174248337745667,-0.028755076229572296,0.09409645199775696,0.14625927805900574,-0.0561211071908474,0.09455046057701111,0.06308984756469727,-0.07336845993995667,0.09717676043510437,0.0,-0.08057626336812973,0.1356808841228485,0.30222341418266296,-0.03734944760799408,0.14244672656059265,0.2237740457057953,-0.0755005031824112,0.13738113641738892,0.27154210209846497,-0.08236468583345413,0.13589996099472046,0.32084330916404724,-0.07368849217891693,0.17635563015937805,0.33904358744621277,-0.04828135669231415,0.1838187277317047,0.2680771052837372,-0.07155058532953262,0.1784471571445465,0.2798290550708771,-0.066901296377182,0.1757480800151825,0.30554845929145813,-0.05552041158080101
V,0.12199020385742188,0.5667790174484253,7.252379532474151e-07,0.07120993733406067,0.5073029398918152,-0.029539331793785095,0.052041709423065186,0.42132502794265747,-0.04749687761068344,0.07767719030380249,0.348419725894928,-0.06735701858997345,0.11163553595542908,0.3002994656562805,-0.08506067097187042,0.03986924886703491,0.2897495627403259,-0.02265002764761448,0.019016802310943604,0.16383349895477295,-0.04945739358663559,0.00827568769454956,0.08553135395050049,-0.06691425293684006,0.0,0.02402523159980774,-0.07665080577135086,0.0911777913570404,0.28008460998535156,-0.02783874236047268,0.09644418954849243,0.14599883556365967,-0.05591197684407234,0.09689047932624817,0.06400084495544434,-0.07469043135643005,0.0983971655368805,0.0,-0.08345206826925278,0.13747137784957886,0.29950523376464844,-0.03712210804224014,0.14385804533958435,0.21957054734230042,-0.0748392716050148,0.1382462978363037,0.26975369453430176,-0.08128687739372253,0.13658493757247925,0.32051974534988403,-0.07301865518093109,0.17888754606246948,0.33625614643096924,-0.048803944140672684,0.18697035312652588,0.26989954710006714,-0.07161020487546921,0.18012076616287231,0.2830362319946289,-0.06726381927728653,0.17667120695114136,0.30807650089263916,-0.05661066621541977
V,0.12118411064147949,0.5675744116306305,7.094925535966468e-07,0.07038053870201111,0.5063681304454803,-0.02892238274216652,0.05214667320251465,0.4161677658557892,-0.04538436606526375,0.07916432619094849,0.34075459837913513,-0.06400452554225922,0.11466914415359497,0.2953549325466156,-0.08091531693935394,0.0396728515625,0.29234638810157776,-0.021348699927330017,0.01873856782913208,0.16555485129356384,-0.047994475811719894,0.007876455783843994,0.08609232306480408,-0.06554242968559265,0.0,0.02394723892211914,-0.07548214495182037,0.09050264954566956,0.28251978754997253,-0.027047568932175636,0.09408783912658691,0.1475999653339386,-0.05474337935447693,0.09514430165290833,0.06450256705284119,-0.07353238761425018,0.0986190140247345,0.0,-0.08279384672641754,0.136701762676239,0.3011663854122162,-0.036977726966142654,0.14490225911140442,0.21706348657608032,-0.07485847175121307,0.13755929470062256,0.2648639976978302,-0.0824681743979454,0.13435161113739014,0.3149898946285248,-0.07546699792146683,0.17779922485351562,0.3367455303668976,-0.04928724467754364,0.18540620803833008,0.26484420895576477,-0.0729663297533989,0.17711442708969116,0.2814882695674896,-0.06945309787988663,0.17212313413619995,0.31252655386924744,-0.05975112318992615
V,0.12129196524620056,0.5679921805858612,7.44451142509206e-07,0.0704914927482605,0.5057866275310516,-0.030000915750861168,0.054484397172927856,0.41550394892692566,-0.04731496050953865,0.08608576655387878,0.34027209877967834,-0.06640693545341492,0.12201547622680664,0.29433271288871765,-0.08348957449197769,0.03842410445213318,0.29317256808280945,-0.02142617478966713,0.018096983432769775,0.16629698872566223,-0.04748174548149109,0.007714807987213135,0.0873081386089325,-0.06450314074754715,0.0,0.025099366903305054,-0.07398086786270142,0.0896955132484436,0.2829491198062897,-0.02602969855070114,0.09409752488136292,0.1479484736919403,-0.05345146730542183,0.09494370222091675,0.06516033411026001,-0.07190228253602982,0.09779176115989685,0.0,-0.08046946674585342,0.13647505640983582,0.30161628127098083,-0.03484759479761124,0.1439826786518097,0.21925261616706848,-0.07287488877773285,0.1369800567626953,0.27032044529914856,-0.07983944565057755,0.13445404171943665,0.3216138780117035,-0.07164338231086731,0.17814713716506958,0.3370254933834076,-0.04602515324950218,0.18613123893737793,0.26658526062965393,-0.06958096474409103,0.1796289086341858,0.2804092466831207,-0.06555215269327164,0.17662930488586426,0.30732932686805725,-0.054952431470155716
V,0.11923867464065552,0.5676159560680389,7.211968409137626e-07,0.06709548830986023,0.5043314397335052,-0.028181904926896095,0.05067718029022217,0.41144755482673645,-0.04381384328007698,0.0820261538028717,0.3353082835674286,-0.06144188717007637,0.11782997846603394,0.2932826578617096,-0.07708225399255753,0.03788703680038452,0.2920782268047333,-0.020436521619558334,0.01770007610321045,0.16479620337486267,-0.04635695368051529,0.007199496030807495,0.08628103137016296,-0.06252842396497726,0.0,0.025537729263305664,-0.07101116329431534,0.08887377381324768,0.282367080450058,-0.025765202939510345,0.0927298367023468,0.14690491557121277,-0.05245203152298927,0.09233412146568298,0.06378981471061707,-0.06968408077955246,0.09485793113708496,0.0,-0.07722406834363937,0.13545852899551392,0.30064401030540466,-0.03535524755716324,0.14539390802383423,0.22260481119155884,-0.07203137129545212,0.1362782120704651,0.26957592368125916,-0.07936864346265793,0.13154345750808716,0.3171207010746002,-0.07172627747058868,0.17650166153907776,0.33521392941474915,-0.047346483916044235,0.18792948126792908,0.26638588309288025,-0.06997025012969971,0.17958828806877136,0.2797916829586029,-0.06652116775512695,0.17354902625083923,0.3071843087673187,-0.05655558779835701
V,0.12564989924430847,0.5678952932357788,7.359174105658894e-07,0.07306993007659912,0.5053189992904663,-0.03196052461862564,0.05758205056190491,0.4120677709579468,-0.04845476895570755,0.09472405910491943,0.3332059979438782,-0.06586327403783798,0.13356277346611023,0.28864747285842896,-0.08108709007501602,0.04096934199333191,0.2937433123588562,-0.023332295939326286,0.019911766052246094,0.1661059856414795,-0.04830259457230568,0.008838117122650146,0.08788153529167175,-0.06428175419569016,0.0,0.025317341089248657,-0.07302526384592056,0.09294423460960388,0.28246450424194336,-0.026534348726272583,0.0970589816570282,0.14627695083618164,-0.051317665725946426,0.09733432531356812,0.06399267911911011,-0.06742289662361145,0.09882479906082153,0.0,-0.07457736134529114,0.1394467055797577,0.30078333616256714,-0.03424782305955887,0.14514264464378357,0.21896430850028992,-0.07101403176784515,0.13776856660842896,0.26879721879959106,-0.07824436575174332,0.13386133313179016,0.3184623122215271,-0.07044017314910889,0.18053081631660461,0.3361438512802124,-0.044507529586553574,0.18794789910316467,0.2636963725090027,-0.06727022677659988,0.18058446049690247,0.2807949185371399,-0.0630793422460556,0.17599210143089294,0.31201082468032837,-0.05258611589670181
V,0.12271463871002197,0.5671024322509766,7.15226121883461e-07,0.0713430643081665,0.5042140483856201,-0.02871381677687168,0.0536862313747406,0.41539812088012695,-0.04603296518325806,0.08307582139968872,0.3432043790817261,-0.06536439806222916,0.11618995666503906,0.2975826859474182,-0.08296717703342438,0.04074859619140625,0.2899707555770874,-0.021968679502606392,0.01964685320854187,0.16411685943603516,-0.048426710069179535,0.008164286613464355,0.08565288782119751,-0.06676393747329712,0.0,0.023573964834213257,-0.0777556300163269,0.09212490916252136,0.28062981367111206,-0.0280016902834177,0.09524497389793396,0.1469821035861969,-0.05520740896463394,0.0960826575756073,0.06454929709434509,-0.07521362602710724,0.09958001971244812,0.0,-0.08621352910995483,0.13897961378097534,0.2999851703643799,-0.038063112646341324,0.14890336990356445,0.21418160200119019,-0.07458675652742386,0.14185982942581177,0.260115385055542,-0.08281435817480087,0.138205885887146,0.30997079610824585,-0.0774042084813118,0.18082666397094727,0.3366553783416748,-0.05058250576257706,0.18996167182922363,0.26644784212112427,-0.07419364899396896,0.18295139074325562,0.2805640697479248,-0.07150207459926605,0.17853999137878418,0.3092765808105469,-0.06292261928319931
V,0.1219944953918457,0.5683184564113617,7.38181654469372e-07,0.069303959608078,0.5037347376346588,-0.028611229732632637,0.05267089605331421,0.4118909537792206,-0.04607173055410385,0.08956006169319153,0.3385731279850006,-0.06591496616601944,0.12914413213729858,0.30301544070243835,-0.08422917127609253,0.040211379528045654,0.29186514019966125,-0.022377924993634224,0.018176645040512085,0.16423746943473816,-0.04952320456504822,0.007469773292541504,0.08544334769248962,-0.06716663390398026,0.0,0.023204505443572998,-0.07742877304553986,0.09247380495071411,0.2813470661640167,-0.028501173481345177,0.09587225317955017,0.14562112092971802,-0.05703515559434891,0.0953856110572815,0.06355360150337219,-0.07568677514791489,0.09743201732635498,0.0,-0.08446226269006729,0.13988852500915527,0.30061039328575134,-0.03872697055339813,0.1470305323600769,0.21442517638206482,-0.07709536701440811,0.13824224472045898,0.2645076811313629,-0.08415674418210983,0.13450837135314941,0.31613120436668396,-0.07625803351402283,0.18207412958145142,0.33749905228614807,-0.051393017172813416,0.19155877828598022,0.26861920952796936,-0.07585663348436356,0.18256443738937378,0.281483918428421,-0.07295037806034088,0.17672771215438843,0.3083389699459076,-0.06327342987060547
V,0.12351471185684204,0.5679984092712402,6.997697710175999e-07,0.07048094272613525,0.5003457069396973,-0.027254311367869377,0.053138673305511475,0.40758275985717773,-0.043324172496795654,0.08427149057388306,0.3327731490135193,-0.06224516034126282,0.12215608358383179,0.2899203896522522,-0.07941261678934097,0.043940961360931396,0.2914285659790039,-0.01902916468679905,0.02127516269683838,0.16512537002563477,-0.045575495809316635,0.008962243795394897,0.08702641725540161,-0.06260291486978531,0.0,0.024785250425338745,-0.07204815000295639,0.0949414074420929,0.28161805868148804,-0.025663860142230988,0.0983685553073883,0.1463996171951294,-0.05350588634610176,0.09784039855003357,0.06433293223381042,-0.07193278521299362,0.09993183612823486,0.0,-0.08056201040744781,0.14157617092132568,0.29974567890167236,-0.03656742349267006,0.14981096982955933,0.21572130918502808,-0.07520589232444763,0.14028799533843994,0.2673758268356323,-0.08272092044353485,0.13615918159484863,0.3200562596321106,-0.0748051330447197,0.18318676948547363,0.33426207304000854,-0.04970823973417282,0.19152754545211792,0.2605903148651123,-0.07265952229499817,0.1818363070487976,0.27741748094558716,-0.06854438036680222,0.17646688222885132,0.3096548318862915,-0.058198437094688416
V,0.1266966462135315,0.5678963363170624,7.065426643748651e-07,0.07563355565071106,0.4998043477535248,-0.028891200199723244,0.0605241060256958,0.40948930382728577,-0.0456344299018383,0.09533622860908508,0.3372129499912262,-0.06460576504468918,0.1329522728919983,0.2986660301685333,-0.08175913244485855,0.045404791831970215,0.2884882986545563,-0.019038574770092964,0.02242743968963623,0.1638488471508026,-0.04568071663379669,0.009302973747253418,0.08467108011245728,-0.06422092020511627,0.0,0.022430241107940674,-0.0750209167599678,0.09784451127052307,0.2794417440891266,-0.02522885985672474,0.10117349028587341,0.14686277508735657,-0.05242759734392166,0.10088083148002625,0.06373128294944763,-0.071904256939888,0.10353770852088928,0.0,-0.08188372850418091,0.14554306864738464,0.29864081740379333,-0.03594549372792244,0.1584789752960205,0.21410450339317322,-0.07313887774944305,0.1484057903289795,0.25918087363243103,-0.08214075118303299,0.14239758253097534,0.30889424681663513,-0.07643409073352814,0.18747812509536743,0.33511844277381897,-0.04912055656313896,0.1975400447845459,0.2660342752933502,-0.07186830788850784,0.1868605613708496,0.282871812582016,-0.06844872236251831,0.17999732494354248,0.3153333365917206,-0.059095531702041626
V,0.12615174055099487,0.5696495473384857,7.326507329707965e-07,0.07292520999908447,0.5017653405666351,-0.029865607619285583,0.057472169399261475,0.4090961515903473,-0.04722468927502632,0.09688681364059448,0.3398125469684601,-0.06693102419376373,0.13894173502922058,0.31332823634147644,-0.08513831347227097,0.04609513282775879,0.29027059674263,-0.020491186529397964,0.022786855697631836,0.16588905453681946,-0.04709422588348389,0.009809285402297974,0.08802449703216553,-0.06557424366474152,0.0,0.025357156991958618,-0.0770474225282669,0.09931251406669617,0.2807842195034027,-0.026771314442157745,0.10269010066986084,0.14911013841629028,-0.05485188215970993,0.1024453341960907,0.06647586822509766,-0.07516545802354813,0.1045285165309906,0.0,-0.08591943234205246,0.14670324325561523,0.30106213688850403,-0.03754374384880066,0.15649813413619995,0.21345502138137817,-0.07716945558786392,0.14837580919265747,0.2650790512561798,-0.08702723681926727,0.14412280917167664,0.3187573254108429,-0.08091578632593155,0.18860596418380737,0.33888283371925354,-0.05080200731754303,0.19787943363189697,0.2671907842159271,-0.07679164409637451,0.19067507982254028,0.2830410897731781,-0.07536271214485168,0.18628108501434326,0.3153407871723175,-0.06677103042602539
V,0.12920379638671875,0.5670777261257172,6.899932714077295e-07,0.0758683979511261,0.49961045384407043,-0.027912376448512077,0.06048223376274109,0.4028972089290619,-0.04232341796159744,0.09522959589958191,0.32378414273262024,-0.05927418917417526,0.1330796182155609,0.27701982855796814,-0.0742710754275322,0.04759550094604492,0.2898992598056793,-0.014437218196690083,0.023119091987609863,0.16517862677574158,-0.039088573306798935,0.009855091571807861,0.08727112412452698,-0.05477045848965645,0.0,0.025600045919418335,-0.06336905807256699,0.10064437985420227,0.2806868255138397,-0.02027040347456932,0.10376203060150146,0.14679941534996033,-0.04751206934452057,0.10255134105682373,0.06490147113800049,-0.06571629643440247,0.10390284657478333,0.0,-0.07364994287490845,0.14913040399551392,0.2996600568294525,-0.03064442053437233,0.1568792462348938,0.2148270606994629,-0.07091555744409561,0.14670878648757935,0.2688077390193939,-0.07864324003458023,0.14232277870178223,0.3214409053325653,-0.07011192291975021,0.191209614276886,0.3346306383609772,-0.04304986074566841,0.19591909646987915,0.26438215374946594,-0.06862695515155792,0.18581706285476685,0.2871796190738678,-0.0644739419221878,0.18169867992401123,0.3214212954044342,-0.05320164933800697
V,0.1293526291847229,0.5666711032390594,6.888240591251815e-07,0.07671800255775452,0.49841079115867615,-0.027830639854073524,0.06274041533470154,0.40176817774772644,-0.04226111248135567,0.09585663676261902,0.3222615420818329,-0.05906013026833534,0.12842971086502075,0.27481213212013245,-0.0735427588224411,0.04743608832359314,0.28898343443870544,-0.014484137296676636,0.022669553756713867,0.16390594840049744,-0.03942533954977989,0.0093994140625,0.08517071604728699,-0.055718641728162766,0.0,0.02381792664527893,-0.06459618359804153,0.10005709528923035,0.27827581763267517,-0.019770987331867218,0.10308390855789185,0.1457083523273468,-0.04718068987131119,0.10288304090499878,0.06323465704917908,-0.06597312539815903,0.1051287055015564,0.0,-0.0744391605257988,0.14809203147888184,0.2953855097293854,-0.029644187539815903,0.16145026683807373,0.21325498819351196,-0.06819857656955719,0.15183120965957642,0.26064518094062805,-0.07686974108219147,0.14597535133361816,0.31100979447364807,-0.06969642639160156,0.19027996063232422,0.32874223589897156,-0.04172082245349884,0.2007923722267151,0.26054123044013977,-0.06581385433673859,0.19043290615081787,0.27793923020362854,-0.06286044418811798,0.18360120058059692,0.3099103271961212,-0.05288255959749222
V,0.12976312637329102,0.565468817949295,6.848414386695367e-07,0.07655259966850281,0.5008933842182159,-0.028377074748277664,0.0595988929271698,0.40771016478538513,-0.04381006956100464,0.09247046709060669,0.33290472626686096,-0.06151583418250084,0.12929069995880127,0.29035207629203796,-0.07743502408266068,0.04967576265335083,0.2883511483669281,-0.017941974103450775,0.024794042110443115,0.16474983096122742,-0.04349849000573158,0.010777801275253296,0.08662340044975281,-0.06027492135763168,0.0,0.024923264980316162,-0.0699341893196106,0.10153177380561829,0.2777421772480011,-0.023977110162377357,0.10581424832344055,0.1443951427936554,-0.051079701632261276,0.1049150824546814,0.0633922815322876,-0.06990865617990494,0.10563278198242188,0.0,-0.0788470134139061,0.14822649955749512,0.2965122163295746,-0.034422680735588074,0.15394049882888794,0.20933932065963745,-0.0734388455748558,0.1474391222000122,0.25882604718208313,-0.08232392370700836,0.14563912153244019,0.30929163098335266,-0.07550039142370224,0.1902063488960266,0.3327336609363556,-0.04701273515820503,0.1968875527381897,0.26170429587364197,-0.07143644243478775,0.18856602907180786,0.2787409722805023,-0.06842321157455444,0.18503928184509277,0.3095493018627167,-0.05870486795902252
V,0.12902230024337769,0.5619068741798401,6.938674914636067e-07,0.0765964686870575,0.4954832196235657,-0.029201919212937355,0.06238079071044922,0.4018431305885315,-0.0444391630589962,0.09851983189582825,0.3273627758026123,-0.0614568367600441,0.13608601689338684,0.28981876373291016,-0.07627826184034348,0.0462668240070343,0.2854922413825989,-0.01761585660278797,0.022454410791397095,0.16060227155685425,-0.04205968976020813,0.009783774614334106,0.08241379261016846,-0.058378659188747406,0.0,0.02092072367668152,-0.06782940030097961,0.09870457649230957,0.2748202681541443,-0.022533252835273743,0.10254204273223877,0.14297175407409668,-0.048263661563396454,0.10187262296676636,0.06164953112602234,-0.06626524031162262,0.10289445519447327,0.0,-0.07499919086694717,0.1462852656841278,0.2931995391845703,-0.03199588507413864,0.15365949273109436,0.20866048336029053,-0.0693223848938942,0.14539405703544617,0.2533787488937378,-0.07884823530912399,0.14146378636360168,0.3021470308303833,-0.07308080792427063,0.18833348155021667,0.32848024368286133,-0.04378187283873558,0.19523891806602478,0.25858211517333984,-0.06768765300512314,0.18548491597175598,0.27401405572891235,-0.06556583195924759,0.18011370301246643,0.305372953414917,-0.056768015027046204
V,0.12679311633110046,0.5621728301048279,7.083835384946724e-07,0.07565531134605408,0.49749666452407837,-0.029990483075380325,0.06180879473686218,0.40154582262039185,-0.04618065431714058,0.09626752138137817,0.3237079381942749,-0.06398164480924606,0.1324600875377655,0.27669090032577515,-0.07943104952573776,0.04579979181289673,0.28737974166870117,-0.01997208036482334,0.02261441946029663,0.16438573598861694,-0.04545158892869949,0.009593933820724487,0.08664831519126892,-0.061835918575525284,0.0,0.026204973459243774,-0.07105463743209839,0.09834027290344238,0.27687931060791016,-0.02447192184627056,0.10236084461212158,0.14343872666358948,-0.050995536148548126,0.1019611656665802,0.06270241737365723,-0.0686875656247139,0.10429084300994873,0.0,-0.07691999524831772,0.1459944248199463,0.2958272695541382,-0.03340979665517807,0.1535792350769043,0.21089822053909302,-0.0711602121591568,0.1434345841407776,0.261929988861084,-0.07809711247682571,0.13908904790878296,0.31249094009399414,-0.07024102658033371,0.18790924549102783,0.33210963010787964,-0.04473002627491951,0.1953391432762146,0.2617839574813843,-0.06844976544380188,0.18586599826812744,0.27710121870040894,-0.06469755619764328,0.18125319480895996,0.3053739070892334,-0.054500166326761246
V,0.12609073519706726,0.5598016381263733,6.5669729565343e-07,0.07287007570266724,0.49151772260665894,-0.02592349983751774,0.05793565511703491,0.394813597202301,-0.040167152881622314,0.09002000093460083,0.31804001331329346,-0.056688401848077774,0.1259566843509674,0.27500903606414795,-0.07099486142396927,0.04861381649971008,0.28325355052948,-0.015417124144732952,0.023793160915374756,0.16045695543289185,-0.039205897599458694,0.009940356016159058,0.08378952741622925,-0.054835427552461624,0.0,0.024402737617492676,-0.06384222954511642,0.10008445382118225,0.2738986611366272,-0.021450696513056755,0.10366830229759216,0.14198416471481323,-0.04650453105568886,0.10367709398269653,0.06207868456840515,-0.06409643590450287,0.10679298639297485,0.0,-0.07282248884439468,0.14697909355163574,0.29252874851226807,-0.03162379562854767,0.15630602836608887,0.20455002784729004,-0.06701629608869553,0.14693200588226318,0.25212007761001587,-0.07408780604600906,0.14260274171829224,0.30202966928482056,-0.06731823086738586,0.18911755084991455,0.3274379372596741,-0.044005949050188065,0.19850879907608032,0.256351113319397,-0.0660465657711029,0.18938541412353516,0.27072274684906006,-0.06262411922216415,0.18446815013885498,0.29990941286087036,-0.05329706892371178
V,0.12475603818893433,0.5594132840633392,6.702554173898534e-07,0.0721229612827301,0.49383899569511414,-0.027660472318530083,0.055171430110931396,0.40122196078300476,-0.043795663863420486,0.08621874451637268,0.3269170820713043,-0.0620177760720253,0.12290912866592407,0.2844039499759674,-0.07814738154411316,0.047241419553756714,0.28495797514915466,-0.019419722259044647,0.02297934889793396,0.16205987334251404,-0.044597044587135315,0.009838253259658813,0.08506390452384949,-0.061046451330184937,0.0,0.024800240993499756,-0.07066943496465683,0.09895965456962585,0.2762141525745392,-0.025279661640524864,0.10293319821357727,0.1436789333820343,-0.05210670828819275,0.1033945381641388,0.06274530291557312,-0.07062797248363495,0.1057862639427185,0.0,-0.0797995775938034,0.14550179243087769,0.2958168685436249,-0.0352298803627491,0.1540989875793457,0.20876410603523254,-0.0726526528596878,0.14684712886810303,0.25521668791770935,-0.08028009533882141,0.14345061779022217,0.30565348267555237,-0.07324254512786865,0.1867964267730713,0.33167633414268494,-0.04738627001643181,0.19586336612701416,0.26020941138267517,-0.07120388001203537,0.18867570161819458,0.27061256766319275,-0.06852961331605911,0.18439215421676636,0.2966383993625641,-0.059316083788871765
V,0.12286773324012756,0.5595020353794098,6.939164904906647e-07,0.07208067178726196,0.493772953748703,-0.027982063591480255,0.05702286958694458,0.39878609776496887,-0.04387073963880539,0.09023478627204895,0.3205702602863312,-0.06182459369301796,0.12831801176071167,0.2721816599369049,-0.07766089588403702,0.04580491781234741,0.2876426875591278,-0.020139405503869057,0.022826850414276123,0.1639571487903595,-0.04595751315355301,0.010103374719619751,0.08686912059783936,-0.06223296374082565,0.0,0.026281684637069702,-0.0713282972574234,0.09692385792732239,0.27846023440361023,-0.025567667558789253,0.10230845212936401,0.143469899892807,-0.052648819983005524,0.10352343320846558,0.062954843044281,-0.07015734165906906,0.10680022835731506,0.0,-0.0781182125210762,0.14332443475723267,0.29791370034217834,-0.03507494926452637,0.1539124846458435,0.21321448683738708,-0.07292056828737259,0.1438978910446167,0.26368895173072815,-0.07901135832071304,0.13876163959503174,0.3141562044620514,-0.07056500017642975,0.18403226137161255,0.3341299593448639,-0.04676913842558861,0.19370359182357788,0.26452645659446716,-0.07069824635982513,0.18387693166732788,0.2810324728488922,-0.0663902759552002,0.17766225337982178,0.31065526604652405,-0.05570148304104805
V,0.1191064715385437,0.5523700714111328,6.485161634373071e-07,0.06856563687324524,0.48515284061431885,-0.026078129187226295,0.05305194854736328,0.3923071622848511,-0.041387349367141724,0.08262819051742554,0.31791532039642334,-0.05922303721308708,0.11852967739105225,0.27425891160964966,-0.07516557723283768,0.04485562443733215,0.27827757596969604,-0.017411531880497932,0.021661877632141113,0.15845981240272522,-0.04247884079813957,0.008962839841842651,0.08279967308044434,-0.05901335924863815,0.0,0.02387911081314087,-0.06877464056015015,0.09567201137542725,0.27038252353668213,-0.02404012531042099,0.10023349523544312,0.1404181718826294,-0.05087779462337494,0.10151728987693787,0.061268150806427,-0.06969553977251053,0.1053447425365448,0.0,-0.07928281277418137,0.1414504051208496,0.2901882529258728,-0.034678246825933456,0.15150493383407593,0.2042585015296936,-0.07163089513778687,0.14308923482894897,0.25027620792388916,-0.07931619137525558,0.13884466886520386,0.30029821395874023,-0.07287184149026871,0.18191969394683838,0.3264468312263489,-0.04744381457567215,0.1915374994277954,0.2576479911804199,-0.07072910666465759,0.18239790201187134,0.271115243434906,-0.06799023598432541,0.1764928102493286,0.3003188371658325,-0.05911453440785408
V,0.12069171667098999,0.5524964332580566,6.56983161206881e-07,0.06948122382164001,0.4830780029296875,-0.02527325227856636,0.05671718716621399,0.38900959491729736,-0.039104655385017395,0.09050357341766357,0.3121746778488159,-0.055523402988910675,0.12647122144699097,0.26814454793930054,-0.06975287199020386,0.046469032764434814,0.281366765499115,-0.01480070035904646,0.0222913920879364,0.15944534540176392,-0.039195068180561066,0.00955885648727417,0.08352690935134888,-0.05382115766406059,0.0,0.024258732795715332,-0.061042338609695435,0.09707576036453247,0.2718672752380371,-0.020957861095666885,0.10187321901321411,0.13932430744171143,-0.046746622771024704,0.10237917304039001,0.05987614393234253,-0.06270706653594971,0.10477602481842041,0.0,-0.06862786412239075,0.1433931589126587,0.2900676131248474,-0.03133644163608551,0.15236926078796387,0.21200823783874512,-0.06791698932647705,0.14312481880187988,0.2610948085784912,-0.07372824102640152,0.13892197608947754,0.309661865234375,-0.06445589661598206,0.1837664246559143,0.3243637681007385,-0.04370957612991333,0.19178563356399536,0.25625354051589966,-0.06429047882556915,0.18018174171447754,0.2759796977043152,-0.05794268846511841,0.17366772890090942,0.3086315393447876,-0.04581638053059578
V,0.1189906895160675,0.552346408367157,6.378309649335279e-07,0.06754228472709656,0.48210078477859497,-0.024588316679000854,0.05329960584640503,0.38311266899108887,-0.036933332681655884,0.08474639058113098,0.30449068546295166,-0.05173876881599426,0.11944136023521423,0.2644197344779968,-0.06443016231060028,0.04790040850639343,0.28085416555404663,-0.014800889417529106,0.022870808839797974,0.15970468521118164,-0.03816508501768112,0.009624838829040527,0.08432281017303467,-0.05238581821322441,0.0,0.025626540184020996,-0.0598430335521698,0.09802436828613281,0.2721294164657593,-0.021169044077396393,0.10454773902893066,0.13921570777893066,-0.04539066180586815,0.10572567582130432,0.059927165508270264,-0.06063736975193024,0.11002588272094727,0.0,-0.06689660996198654,0.14356449246406555,0.29164761304855347,-0.03168522194027901,0.15265300869941711,0.20803943276405334,-0.06639902293682098,0.14138087630271912,0.25689202547073364,-0.07170668244361877,0.1374410092830658,0.30540138483047485,-0.06319543719291687,0.18445143103599548,0.3278176784515381,-0.044312044978141785,0.19335833191871643,0.2557421922683716,-0.06409711390733719,0.18084505200386047,0.2747846245765686,-0.05805226042866707,0.1748487651348114,0.3076658844947815,-0.0469391867518425
V,0.11904123425483704,0.547978013753891,6.742502023371344e-07,0.067908376455307,0.47954633831977844,-0.026602445170283318,0.05563989281654358,0.3834788501262665,-0.04068925976753235,0.0903104841709137,0.307302325963974,-0.0568980798125267,0.1262931525707245,0.2633521854877472,-0.07090688496828079,0.046793997287750244,0.2782650887966156,-0.01723545230925083,0.023100823163986206,0.15679097175598145,-0.04107959568500519,0.010014384984970093,0.08153066039085388,-0.05545119568705559,0.0,0.022861868143081665,-0.06289394199848175,0.09752213954925537,0.27071651816368103,-0.02223893441259861,0.10638725757598877,0.13863620162010193,-0.04740217700600624,0.10807713866233826,0.05984535813331604,-0.06339273601770401,0.11175712943077087,0.0,-0.06998949497938156,0.14299336075782776,0.2904362380504608,-0.03137741982936859,0.15158477425575256,0.21131640672683716,-0.06709562987089157,0.1385575234889984,0.2601678669452667,-0.0733240395784378,0.1329520046710968,0.309190958738327,-0.06508738547563553,0.1821945607662201,0.32566067576408386,-0.04263836890459061,0.18910476565361023,0.25851961970329285,-0.06371653825044632,0.17561247944831848,0.27743056416511536,-0.05870338901877403,0.16897311806678772,0.3094971477985382,-0.0479101799428463
V,0.11692854762077332,0.5524299144744873,7.039619163151656e-07,0.06825035810470581,0.4853881001472473,-0.026090435683727264,0.05617302656173706,0.3904991149902344,-0.040739454329013824,0.09361472725868225,0.31696778535842896,-0.05718176066875458,0.13144847750663757,0.2807357907295227,-0.07139991223812103,0.04526481032371521,0.28158295154571533,-0.01928042061626911,0.022260010242462158,0.16100335121154785,-0.042946863919496536,0.009552836418151855,0.08725219964981079,-0.057096321135759354,0.0,0.02963268756866455,-0.0642489567399025,0.09652066230773926,0.274702787399292,-0.024370349943637848,0.10631886124610901,0.14178025722503662,-0.04886140301823616,0.10988965630531311,0.060693323612213135,-0.06413005292415619,0.11513713002204895,0.0,-0.07000409066677094,0.14181622862815857,0.29623669385910034,-0.03329043090343475,0.1514352262020111,0.21855348348617554,-0.06818264722824097,0.1412787139415741,0.2655056118965149,-0.07389985769987106,0.13664254546165466,0.3142886161804199,-0.06489371508359909,0.18139442801475525,0.33395659923553467,-0.04422086849808693,0.19160595536231995,0.26562297344207764,-0.06462514400482178,0.18364903330802917,0.27672481536865234,-0.05908315256237984,0.17959251999855042,0.30234700441360474,-0.04752406105399132
V,0.11726289987564087,0.545172244310379,7.01392195878725e-07,0.06864669919013977,0.48297253251075745,-0.03054625727236271,0.05640116333961487,0.38738927245140076,-0.045251816511154175,0.09447476267814636,0.311564177274704,-0.06069571524858475,0.13289505243301392,0.27036789059638977,-0.07398325949907303,0.04495629668235779,0.27855023741722107,-0.022192804142832756,0.0223710834980011,0.15649542212486267,-0.046102844178676605,0.009669572114944458,0.08110103011131287,-0.06014018505811691,0.0,0.022353768348693848,-0.06707041710615158,0.0976051390171051,0.2709471881389618,-0.025087714195251465,0.10906010866165161,0.13811901211738586,-0.04936809092760086,0.11390417814254761,0.05906996130943298,-0.06392825394868851,0.118999183177948,0.0,-0.06926460564136505,0.14305853843688965,0.2913207709789276,-0.032436419278383255,0.1512054204940796,0.21748808026313782,-0.06910094618797302,0.14069265127182007,0.26581570506095886,-0.07643122225999832,0.13535743951797485,0.3125765025615692,-0.06844533979892731,0.18214631080627441,0.3266223967075348,-0.04194621741771698,0.18926233053207397,0.25859716534614563,-0.06393150985240936,0.17884159088134766,0.27895817160606384,-0.05887997895479202,0.17345690727233887,0.3111315071582794,-0.047840844839811325
V,0.11254867911338806,0.5511206090450287,7.117892550922988e-07,0.062094032764434814,0.4841090142726898,-0.026067130267620087,0.051244109869003296,0.3892078101634979,-0.039860885590314865,0.09029188752174377,0.3205074369907379,-0.05549941956996918,0.12691214680671692,0.29014620184898376,-0.06919489055871964,0.044325053691864014,0.27513250708580017,-0.018530363216996193,0.021738678216934204,0.1543128788471222,-0.04135116934776306,0.009192585945129395,0.08108392357826233,-0.055276013910770416,0.0,0.023391783237457275,-0.0625239834189415,0.09620431065559387,0.26946964859962463,-0.024455614387989044,0.1084338128566742,0.13796743750572205,-0.047835126519203186,0.11247941851615906,0.05924725532531738,-0.06289967894554138,0.1189221441745758,0.0,-0.06886838376522064,0.1405271589756012,0.2925454080104828,-0.03444870188832283,0.15216222405433655,0.21802839636802673,-0.06827951967716217,0.13829389214515686,0.2682674825191498,-0.07423500716686249,0.13149967789649963,0.3149692118167877,-0.06603506207466125,0.179022878408432,0.3320524990558624,-0.04662933573126793,0.19057384133338928,0.264741986989975,-0.06553149968385696,0.17861029505729675,0.2817938029766083,-0.05933355540037155,0.1717182695865631,0.3101714551448822,-0.04807692766189575
V,0.1121266782283783,0.5516579747200012,6.817840585426893e-07,0.06158003211021423,0.48472797870635986,-0.0257814172655344,0.049177855253219604,0.38559991121292114,-0.03922349959611893,0.08534485101699829,0.3113934397697449,-0.05497485026717186,0.12331071496009827,0.2770979404449463,-0.06889212131500244,0.04320475459098816,0.27605730295181274,-0.016194384545087814,0.021485567092895508,0.1565948724746704,-0.039092227816581726,0.009386152029037476,0.08337700366973877,-0.05301957204937935,0.0,0.024639904499053955,-0.060741979628801346,0.09464547038078308,0.2701055407524109,-0.021859051659703255,0.10787764191627502,0.13896870613098145,-0.04637251794338226,0.11381444334983826,0.060838162899017334,-0.06210456043481827,0.12095484137535095,0.0,-0.06874711066484451,0.1395181119441986,0.29227447509765625,-0.03153107315301895,0.14918068051338196,0.2115001082420349,-0.06692498922348022,0.13581570982933044,0.26325368881225586,-0.0726352110505104,0.12944570183753967,0.31258201599121094,-0.0641946792602539,0.1788652241230011,0.33023983240127563,-0.043285489082336426,0.1878241002559662,0.2623651623725891,-0.06407225877046585,0.17530634999275208,0.28008127212524414,-0.0588071383535862,0.16879728436470032,0.3086186647415161,-0.04811768978834152
V,0.11434030532836914,0.5480397641658783,6.89486682858842e-07,0.06419095396995544,0.48017850518226624,-0.026400836184620857,0.0508420467376709,0.3871031105518341,-0.04121403768658638,0.08244025707244873,0.31479379534721375,-0.05795993655920029,0.11838817596435547,0.27303507924079895,-0.072431780397892,0.04490238428115845,0.2730683982372284,-0.017781050875782967,0.022200673818588257,0.1522216498851776,-0.04031026363372803,0.00963929295539856,0.07856294512748718,-0.05471722036600113,0.0,0.020039021968841553,-0.06283541768789291,0.09680032730102539,0.2672460377216339,-0.022738715633749962,0.1112470030784607,0.13758328557014465,-0.04617016389966011,0.11762452125549316,0.05968621373176575,-0.06197338178753853,0.12386304140090942,0.0,-0.06934558600187302,0.14130687713623047,0.28873708844184875,-0.031726639717817307,0.15127801895141602,0.2072504162788391,-0.06585102528333664,0.1409832239151001,0.253726989030838,-0.07267872244119644,0.13599616289138794,0.30267301201820374,-0.06572509557008743,0.18071097135543823,0.3257940113544464,-0.042805276811122894,0.19227606058120728,0.2547944486141205,-0.06334179639816284,0.1826876401901245,0.26769039034843445,-0.05926069989800453,0.17687171697616577,0.29574671387672424,-0.0496729351580143
V,0.11296603083610535,0.5442120432853699,7.21598496511433e-07,0.06392520666122437,0.4821534752845764,-0.02791282907128334,0.05082377791404724,0.3905547261238098,-0.044494546949863434,0.08478900790214539,0.3198963403701782,-0.06269042938947678,0.12070533633232117,0.2780001163482666,-0.07894376665353775,0.04337441921234131,0.2742406725883484,-0.02297172322869301,0.02150246500968933,0.15285056829452515,-0.04698512703180313,0.009354829788208008,0.07904583215713501,-0.06189870834350586,0.0,0.020679593086242676,-0.0702776238322258,0.09525874257087708,0.26884275674819946,-0.027720004320144653,0.11116519570350647,0.13773131370544434,-0.05306779220700264,0.11839810013771057,0.06018567085266113,-0.06977226585149765,0.12536928057670593,0.0,-0.07747870683670044,0.1391012966632843,0.29134780168533325,-0.036163829267024994,0.1495542824268341,0.21114981174468994,-0.07099327445030212,0.1383175551891327,0.2610750198364258,-0.07671394944190979,0.1326780617237091,0.31028807163238525,-0.06895416229963303,0.1766633689403534,0.3297380805015564,-0.04677560552954674,0.186738520860672,0.26428377628326416,-0.06762690097093582,0.17747822403907776,0.2753239870071411,-0.06318473070859909,0.17258110642433167,0.29739487171173096,-0.053291045129299164
V,0.11103999614715576,0.5424814224243164,7.073903134369175e-07,0.061273396015167236,0.4769079089164734,-0.0265228021889925,0.047735899686813354,0.38587671518325806,-0.0421636737883091,0.07755962014198303,0.31555235385894775,-0.05950777605175972,0.11066097021102905,0.27262282371520996,-0.07495366781949997,0.04374426603317261,0.27000540494918823,-0.021726615726947784,0.022067010402679443,0.15091896057128906,-0.045298051089048386,0.009284615516662598,0.07748621702194214,-0.060183703899383545,0.0,0.018960684537887573,-0.06858620047569275,0.09506440162658691,0.26441383361816406,-0.027206072583794594,0.11155194044113159,0.1342824101448059,-0.05091020464897156,0.11939018964767456,0.05795103311538696,-0.06641515344381332,0.12842369079589844,0.0,-0.07354442030191422,0.13914936780929565,0.28761035203933716,-0.03643935173749924,0.14973098039627075,0.20778924226760864,-0.06951484084129333,0.13523799180984497,0.2550777196884155,-0.07511615753173828,0.1284366250038147,0.30111026763916016,-0.0680721178650856,0.17842316627502441,0.32717204093933105,-0.047801002860069275,0.19003695249557495,0.2576404809951782,-0.06730060279369354,0.1782217025756836,0.2728641629219055,-0.06208571419119835,0.1718410849571228,0.29982268810272217,-0.05209929868578911
V,0.10634499788284302,0.5449770987033844,7.388695735244255e-07,0.05789989233016968,0.4785315692424774,-0.02644295059144497,0.04617193341255188,0.38743826746940613,-0.04108258709311485,0.07969200611114502,0.3202427327632904,-0.057687681168317795,0.11402779817581177,0.2835923731327057,-0.07249335944652557,0.04210633039474487,0.26951923966407776,-0.018286671489477158,0.021295666694641113,0.1518864929676056,-0.04003652185201645,0.00911647081375122,0.0796838104724884,-0.05380180850625038,0.0,0.02252519130706787,-0.061534035950899124,0.09407413005828857,0.26498350501060486,-0.023819874972105026,0.11266171932220459,0.13476169109344482,-0.04651124030351639,0.1214248538017273,0.05733051896095276,-0.06222034990787506,0.1308218240737915,0.0,-0.06927814334630966,0.13824820518493652,0.2898414433002472,-0.03330663591623306,0.1480514407157898,0.21412816643714905,-0.06662571430206299,0.13413703441619873,0.2609880864620209,-0.07400597631931305,0.12821459770202637,0.3071616590023041,-0.06770623475313187,0.1767064332962036,0.330523282289505,-0.044870246201753616,0.18872398138046265,0.2630148231983185,-0.06489948183298111,0.1750660538673401,0.2808188498020172,-0.060553181916475296,0.1675093173980713,0.3106357753276825,-0.05098400637507439
V,0.1068924069404602,0.5447627902030945,7.162452106967976e-07,0.05932798981666565,0.4816412925720215,-0.02798689343035221,0.046144038438797,0.3911631107330322,-0.044116850942373276,0.07447949051856995,0.31993651390075684,-0.06199777126312256,0.10890597105026245,0.276441752910614,-0.07773926854133606,0.0415118932723999,0.2712599039077759,-0.02189902402460575,0.020580321550369263,0.15358486771583557,-0.04594039171934128,0.008625626564025879,0.08059501647949219,-0.06098450720310211,0.0,0.02255663275718689,-0.06952053308486938,0.09310227632522583,0.2665364146232605,-0.02686828188598156,0.11355769634246826,0.1359415352344513,-0.05193831026554108,0.12329119443893433,0.05873021483421326,-0.06813317537307739,0.13314318656921387,0.0,-0.07554451376199722,0.13698416948318481,0.29013168811798096,-0.03575185686349869,0.14986228942871094,0.21173954010009766,-0.07010336965322495,0.13300764560699463,0.26010334491729736,-0.07553784549236298,0.12397533655166626,0.3076072335243225,-0.0680011436343193,0.17512166500091553,0.3296359181404114,-0.04689131677150726,0.1878892183303833,0.26137810945510864,-0.06723857671022415,0.17336314916610718,0.27733975648880005,-0.06204868480563164,0.164107084274292,0.3056213855743408,-0.05190344899892807
V,0.10399091243743896,0.547427773475647,7.200610525615048e-07,0.054277241230010986,0.48000240325927734,-0.026572924107313156,0.04493483901023865,0.38452816009521484,-0.040970608592033386,0.085041344165802,0.31789064407348633,-0.05734318122267723,0.1231423020362854,0.2886239290237427,-0.07234177738428116,0.040170818567276,0.26884162425994873,-0.01950867474079132,0.020513951778411865,0.14950031042099,-0.04187531769275665,0.008673280477523804,0.0761498212814331,-0.05684417858719826,0.0,0.017274856567382812,-0.06597510725259781,0.0927228331565857,0.26419538259506226,-0.02509290724992752,0.11186498403549194,0.13513755798339844,-0.04805917665362358,0.12049633264541626,0.05794250965118408,-0.0650627389550209,0.13082170486450195,0.0,-0.07387439161539078,0.13685649633407593,0.288626492023468,-0.03451729565858841,0.15091246366500854,0.21016952395439148,-0.06685932725667953,0.13225799798965454,0.25424039363861084,-0.07562944293022156,0.12219905853271484,0.29983264207839966,-0.0712655708193779,0.1750774383544922,0.3289024829864502,-0.04621564969420433,0.1881350874900818,0.2611870765686035,-0.066158726811409,0.17373257875442505,0.27402734756469727,-0.06379590928554535,0.16480296850204468,0.30052047967910767,-0.05631701275706291
V,0.1028028130531311,0.5506947040557861,7.203222480711702e-07,0.0546625554561615,0.4837779998779297,-0.0260305255651474,0.043299853801727295,0.38998425006866455,-0.04187493771314621,0.0758330225944519,0.3191782832145691,-0.06006396561861038,0.11165297031402588,0.27758485078811646,-0.07649245113134384,0.03962826728820801,0.27409452199935913,-0.021586518734693527,0.019649207592010498,0.1522306203842163,-0.045421287417411804,0.008291304111480713,0.07827109098434448,-0.060082510113716125,0.0,0.019454240798950195,-0.06842124462127686,0.09143710136413574,0.2702294588088989,-0.027281738817691803,0.11242884397506714,0.13703429698944092,-0.052337389439344406,0.12228256464004517,0.05871027708053589,-0.06878677755594254,0.1325201392173767,0.0,-0.07642992585897446,0.13554954528808594,0.29478198289871216,-0.03652127459645271,0.14621692895889282,0.2113480567932129,-0.0701431855559349,0.12848079204559326,0.2583518624305725,-0.07581532001495361,0.11968892812728882,0.3062552809715271,-0.06864575296640396,0.17429345846176147,0.33524060249328613,-0.04790173098444939,0.18668067455291748,0.2647150754928589,-0.067560575902462,0.17211765050888062,0.27625221014022827,-0.06297913193702698,0.16325050592422485,0.3008708953857422,-0.05344764143228531
V,0.10046994686126709,0.546356588602066,7.262914323291625e-07,0.05149850249290466,0.4805821478366852,-0.027211451902985573,0.04103291034698486,0.38852229714393616,-0.043132346123456955,0.07344824075698853,0.3191755712032318,-0.06080770492553711,0.10625755786895752,0.280901163816452,-0.07673889398574829,0.04009455442428589,0.27060046792030334,-0.02375767193734646,0.02051687240600586,0.14953431487083435,-0.046952277421951294,0.008867114782333374,0.07559147477149963,-0.060828033834695816,0.0,0.016702771186828613,-0.06843891739845276,0.09168219566345215,0.26723548769950867,-0.028801998123526573,0.11270135641098022,0.13476905226707458,-0.05293989181518555,0.12285846471786499,0.056969135999679565,-0.06864380091428757,0.13322335481643677,0.0,-0.07553766667842865,0.13508689403533936,0.29271408915519714,-0.037382371723651886,0.14469778537750244,0.21371710300445557,-0.07083569467067719,0.1290684938430786,0.25996503233909607,-0.07748734205961227,0.12157535552978516,0.30718478560447693,-0.07070012390613556,0.17299818992614746,0.3338768780231476,-0.04806714877486229,0.185235857963562,0.26636913418769836,-0.06763182580471039,0.17352604866027832,0.2782340943813324,-0.0635766014456749,0.1671658158302307,0.302441269159317,-0.05429576709866524
V,0.09698757529258728,0.5467526018619537,7.114276741049252e-07,0.0486103892326355,0.47897395491600037,-0.025494413450360298,0.03717324137687683,0.38745197653770447,-0.041190944612026215,0.06507006287574768,0.3170519769191742,-0.05943457409739494,0.09700974822044373,0.27313658595085144,-0.07605917751789093,0.03788301348686218,0.2705700695514679,-0.020459787920117378,0.019682765007019043,0.15044045448303223,-0.04483291506767273,0.008729666471481323,0.07674643397331238,-0.059957172721624374,0.0,0.01766088604927063,-0.06833486258983612,0.08893898129463196,0.2681579887866974,-0.026855571195483208,0.11176052689552307,0.13558539748191833,-0.05228501558303833,0.12289568781852722,0.05821886658668518,-0.06904818117618561,0.13386133313179016,0.0,-0.0766550675034523,0.13264653086662292,0.2938307821750641,-0.03686663135886192,0.14338037371635437,0.21412813663482666,-0.07118692994117737,0.1260121762752533,0.26116928458213806,-0.07705020904541016,0.11805859208106995,0.3088550269603729,-0.06963972002267838,0.17042610049247742,0.33462318778038025,-0.04887605458498001,0.18107739090919495,0.263662189245224,-0.06824685633182526,0.16579267382621765,0.27764198184013367,-0.06267765164375305,0.15730908513069153,0.3045962154865265,-0.05238351970911026
V,0.0975663959980011,0.5490712523460388,7.232493430819886e-07,0.04949080944061279,0.47998082637786865,-0.025580812245607376,0.040435850620269775,0.3844200372695923,-0.04092350974678993,0.07040831446647644,0.3134145140647888,-0.058817192912101746,0.10434892773628235,0.269866406917572,-0.07506594061851501,0.04014146327972412,0.2714131474494934,-0.020560812205076218,0.02055537700653076,0.15094619989395142,-0.044314105063676834,0.009113520383834839,0.07633301615715027,-0.05861107259988785,0.0,0.016724050045013428,-0.0666920617222786,0.09155610203742981,0.26901936531066895,-0.027224306017160416,0.11498048901557922,0.13726693391799927,-0.052499257028102875,0.12590202689170837,0.05945044755935669,-0.06891264021396637,0.1362752616405487,0.0,-0.07628659904003143,0.1352560818195343,0.2960887551307678,-0.03750644996762276,0.14522269368171692,0.21521323919296265,-0.07281071692705154,0.12624487280845642,0.2638269066810608,-0.07904014736413956,0.11693504452705383,0.3110303282737732,-0.07174933701753616,0.17274579405784607,0.338881254196167,-0.04969394952058792,0.1828562319278717,0.26862818002700806,-0.0707627385854721,0.16707774996757507,0.2830227017402649,-0.0661672055721283,0.15844783186912537,0.30870747566223145,-0.05640614405274391
V,0.09906193614006042,0.5456928610801697,7.138305022635905e-07,0.050388723611831665,0.4785730242729187,-0.025512438267469406,0.0404486358165741,0.3846744894981384,-0.039654385298490524,0.07059773802757263,0.31410616636276245,-0.05623048543930054,0.10161563754081726,0.2728254199028015,-0.07113675773143768,0.03876560926437378,0.2692198157310486,-0.01825677789747715,0.018694311380386353,0.14846789836883545,-0.04145800322294235,0.008109629154205322,0.07411092519760132,-0.0552862174808979,0.0,0.015211164951324463,-0.06265523284673691,0.09095373749732971,0.2662220597267151,-0.024637654423713684,0.11460664868354797,0.13485386967658997,-0.04956521466374397,0.12614980340003967,0.057636797428131104,-0.06554358452558517,0.13698676228523254,0.0,-0.07215861231088638,0.1348368227481842,0.291672945022583,-0.03487328812479973,0.14621946215629578,0.2128487229347229,-0.07051430642604828,0.12872472405433655,0.2624538540840149,-0.07703749090433121,0.12051495909690857,0.31018000841140747,-0.06947509199380875,0.1725897490978241,0.33256906270980835,-0.04696081206202507,0.18250426650047302,0.2650792598724365,-0.06790881603956223,0.16639623045921326,0.2854927182197571,-0.06259570270776749,0.157804936170578,0.31659597158432007,-0.0520477369427681
V,0.09580063819885254,0.5412992238998413,7.2840623488446e-07,0.047014981508255005,0.47401076555252075,-0.026313284412026405,0.037381261587142944,0.38125407695770264,-0.04066028445959091,0.07259386777877808,0.3173544406890869,-0.05739474296569824,0.10946333408355713,0.2849462628364563,-0.07280965894460678,0.03731614351272583,0.2646237015724182,-0.018203148618340492,0.018741339445114136,0.14556199312210083,-0.039886195212602615,0.008113384246826172,0.07227960228919983,-0.053704410791397095,0.0,0.013990134000778198,-0.061664726585149765,0.08918195962905884,0.26203393936157227,-0.024282684549689293,0.11224228143692017,0.1331377625465393,-0.04679093509912491,0.12292879819869995,0.057014644145965576,-0.0628608986735344,0.1331881284713745,0.0,-0.07062388211488724,0.13222342729568481,0.28769445419311523,-0.03436899557709694,0.14316082000732422,0.2117326855659485,-0.06798523664474487,0.12603962421417236,0.2563484311103821,-0.07756546139717102,0.1175689697265625,0.30124419927597046,-0.07335501164197922,0.16841912269592285,0.328363299369812,-0.04645473510026932,0.17966997623443604,0.262387752532959,-0.06675541400909424,0.16178113222122192,0.2823337912559509,-0.06386516243219376,0.1508062481880188,0.31440305709838867,-0.05608507618308067
V,0.09423777461051941,0.5414582192897797,7.117812970136583e-07,0.0459904670715332,0.4751727283000946,-0.02558991126716137,0.03590428829193115,0.38485822081565857,-0.040030717849731445,0.06631377339363098,0.3189673125743866,-0.0570911206305027,0.1005488932132721,0.28080978989601135,-0.07253847271203995,0.036839306354522705,0.26423379778862,-0.01721019484102726,0.01845744252204895,0.14687761664390564,-0.03985201194882393,0.008276611566543579,0.0738283097743988,-0.05411248281598091,0.0,0.015578031539916992,-0.06230467930436134,0.08805480599403381,0.26111117005348206,-0.023736631497740746,0.11175313591957092,0.13350936770439148,-0.047679606825113297,0.12286403775215149,0.05729743838310242,-0.06351767480373383,0.13262739777565002,0.0,-0.07071123272180557,0.13100901246070862,0.2865699827671051,-0.03435017913579941,0.1400035321712494,0.2090539038181305,-0.0687415599822998,0.12377575039863586,0.25560683012008667,-0.07574431598186493,0.11611345410346985,0.3008515536785126,-0.06944345682859421,0.16774210333824158,0.3277258574962616,-0.04698236286640167,0.17671260237693787,0.26021435856819153,-0.06724926084280014,0.15833380818367004,0.2806635797023773,-0.06257322430610657,0.1472020447254181,0.31203439831733704,-0.05322945490479469
V,0.08931151032447815,0.5395898222923279,7.001913786552905e-07,0.04118427634239197,0.468822181224823,-0.023641685023903847,0.03318476676940918,0.37764763832092285,-0.038143500685691833,0.06868299841880798,0.3162478804588318,-0.05591994896531105,0.10476890206336975,0.2834625840187073,-0.07247582823038101,0.036143988370895386,0.2631189227104187,-0.016789652407169342,0.018136829137802124,0.14418315887451172,-0.039122164249420166,0.007722914218902588,0.07085210084915161,-0.05357440561056137,0.0,0.012237578630447388,-0.06234648823738098,0.08711937069892883,0.2609180212020874,-0.02443813718855381,0.11036446690559387,0.13404542207717896,-0.048562854528427124,0.1217978298664093,0.05752986669540405,-0.06585622578859329,0.1334337294101715,0.0,-0.07474588602781296,0.12959113717079163,0.2862210273742676,-0.03579692915081978,0.14190873503684998,0.20494815707206726,-0.0693793073296547,0.12489023804664612,0.24947941303253174,-0.07744473218917847,0.11709901690483093,0.29597556591033936,-0.07244006544351578,0.16638925671577454,0.3263184428215027,-0.0491691417992115,0.1787354052066803,0.2555428445339203,-0.06950447708368301,0.16291329264640808,0.2701042890548706,-0.06655167043209076,0.15358665585517883,0.2987930178642273,-0.0587080642580986
V,0.09000891447067261,0.5368907749652863,7.042458491923753e-07,0.040975749492645264,0.47025880217552185,-0.025069113820791245,0.029708504676818848,0.377614825963974,-0.0390448123216629,0.06724405288696289,0.31577929854393005,-0.055742498487234116,0.10864406824111938,0.29322245717048645,-0.07144544273614883,0.035363972187042236,0.26314786076545715,-0.019875947386026382,0.01738104224205017,0.14365112781524658,-0.04261409491300583,0.007784038782119751,0.06988763809204102,-0.05661311745643616,0.0,0.010280072689056396,-0.06484151631593704,0.08729052543640137,0.2606674134731293,-0.026916885748505592,0.1113632321357727,0.13284185528755188,-0.0509856641292572,0.12377709150314331,0.05767354369163513,-0.06679187715053558,0.1347968578338623,0.0,-0.07390160113573074,0.12972819805145264,0.2861209809780121,-0.03767373412847519,0.1413055658340454,0.20918720960617065,-0.07225336134433746,0.1258634328842163,0.2580151855945587,-0.0796685740351677,0.11784946918487549,0.3051609694957733,-0.07315034419298172,0.16580456495285034,0.3273420035839081,-0.05043468996882439,0.1773461103439331,0.26019957661628723,-0.0709095299243927,0.1611369252204895,0.28074249625205994,-0.06658846139907837,0.15063834190368652,0.31397488713264465,-0.05723718926310539
V,0.09028792381286621,0.5383411943912506,6.892464625707362e-07,0.04251772165298462,0.471878319978714,-0.025757567957043648,0.033211469650268555,0.3808223307132721,-0.0400468073785305,0.05996912717819214,0.31001439690589905,-0.05658329278230667,0.0845177173614502,0.26226523518562317,-0.07108980417251587,0.0352383553981781,0.26361533999443054,-0.018506314605474472,0.016885906457901,0.1450222134590149,-0.0424007773399353,0.007516652345657349,0.07148197293281555,-0.057271890342235565,0.0,0.013054579496383667,-0.06541614234447479,0.08617663383483887,0.26137664914131165,-0.02423987165093422,0.1107795238494873,0.13297301530838013,-0.049975767731666565,0.12358379364013672,0.05803629755973816,-0.06662994623184204,0.1349416971206665,0.0,-0.07393153011798859,0.12876516580581665,0.2858067452907562,-0.033801332116127014,0.1417713761329651,0.20755448937416077,-0.06842173635959625,0.12588340044021606,0.256574422121048,-0.07305342704057693,0.11774766445159912,0.30391624569892883,-0.06469397991895676,0.16561299562454224,0.3256337344646454,-0.045469820499420166,0.17815494537353516,0.2563839852809906,-0.06531332433223724,0.16323482990264893,0.27449777722358704,-0.059145472943782806,0.15408223867416382,0.30416539311408997,-0.04821373149752617
V,0.0890045166015625,0.5422151386737823,7.274076097019133e-07,0.041019171476364136,0.4715481698513031,-0.023669542744755745,0.03455820679664612,0.37934866547584534,-0.0373961515724659,0.07338613271713257,0.3185236155986786,-0.05437513813376427,0.10847491025924683,0.2986837923526764,-0.07047528773546219,0.035954296588897705,0.2637005150318146,-0.015453717671334743,0.017458587884902954,0.14682242274284363,-0.038164492696523666,0.0074062347412109375,0.07365718483924866,-0.05317303538322449,0.0,0.014988839626312256,-0.062231969088315964,0.08710384368896484,0.2601095736026764,-0.023507529869675636,0.11114799976348877,0.1331479251384735,-0.047957878559827805,0.12369298934936523,0.05721244215965271,-0.06489039212465286,0.1363653540611267,0.0,-0.07280115783214569,0.12961000204086304,0.2856370508670807,-0.03538822382688522,0.14534342288970947,0.2093254029750824,-0.06888803094625473,0.12598592042922974,0.25791069865226746,-0.07562603056430817,0.11555981636047363,0.30412235856056213,-0.06924504041671753,0.16606038808822632,0.327594131231308,-0.04938715323805809,0.18013149499893188,0.2622987926006317,-0.06837353110313416,0.1625908613204956,0.2843855917453766,-0.06294545531272888,0.15173852443695068,0.3166102468967438,-0.05323624983429909
V,0.09034949541091919,0.5475673973560333,6.645389021286974e-07,0.04374021291732788,0.4803732931613922,-0.02408290095627308,0.033314287662506104,0.38807663321495056,-0.03795389458537102,0.06156277656555176,0.3179323971271515,-0.05449777841567993,0.09240007400512695,0.2742132246494293,-0.06944847851991653,0.03601813316345215,0.2701432406902313,-0.018539704382419586,0.018161147832870483,0.14964774250984192,-0.04091198742389679,0.007958143949508667,0.0755564272403717,-0.05501153692603111,0.0,0.016393542289733887,-0.06291377544403076,0.08689296245574951,0.2677384912967682,-0.02511569857597351,0.11108678579330444,0.1363517940044403,-0.04814402014017105,0.12382763624191284,0.05817672610282898,-0.06397325545549393,0.13476896286010742,0.0,-0.07152875512838364,0.12929296493530273,0.2926503121852875,-0.03523792698979378,0.14320796728134155,0.2103605568408966,-0.0677870437502861,0.12825435400009155,0.2549785375595093,-0.07463964074850082,0.12000507116317749,0.3030250370502472,-0.06870115548372269,0.16585183143615723,0.33318790793418884,-0.04722067713737488,0.1797780990600586,0.2600000202655792,-0.0661691203713417,0.16596877574920654,0.2776508033275604,-0.061240218579769135,0.15684640407562256,0.31089285016059875,-0.05179261043667793
V,0.08817404508590698,0.5493861138820648,6.873747793179064e-07,0.040116459131240845,0.47969046235084534,-0.023228047415614128,0.029267489910125732,0.385763019323349,-0.03677794337272644,0.0526922345161438,0.3118990361690521,-0.05340056121349335,0.07776510715484619,0.2605955898761749,-0.06813636422157288,0.03322264552116394,0.26924940943717957,-0.01594504714012146,0.015559643507003784,0.14967802166938782,-0.0390423946082592,0.00635644793510437,0.07543256878852844,-0.05300363153219223,0.0,0.01641663908958435,-0.06018994748592377,0.08415770530700684,0.2669784724712372,-0.022855615243315697,0.10870927572250366,0.13600757718086243,-0.04702883958816528,0.1218496561050415,0.05734562873840332,-0.06186775490641594,0.13370364904403687,0.0,-0.0678076222538948,0.12746351957321167,0.29185107350349426,-0.033569760620594025,0.14216649532318115,0.21208712458610535,-0.0675596296787262,0.12422960996627808,0.2602219879627228,-0.07245077192783356,0.1146235466003418,0.30977484583854675,-0.064262755215168,0.16480320692062378,0.33240267634391785,-0.04614885151386261,0.1793278455734253,0.2632184326648712,-0.06587602943181992,0.16318368911743164,0.28476497530937195,-0.05976032093167305,0.15273934602737427,0.3188421428203583,-0.048783112317323685
V,0.08163630962371826,0.5468007922172546,6.64961305574252e-07,0.03439873456954956,0.47579240798950195,-0.025714971125125885,0.027615010738372803,0.38123977184295654,-0.039715465158224106,0.06846195459365845,0.31751400232315063,-0.056429702788591385,0.10581469535827637,0.28797709941864014,-0.07191072404384613,0.028786182403564453,0.2679884433746338,-0.02057759277522564,0.012821197509765625,0.14531749486923218,-0.04466430842876434,0.004965007305145264,0.0709003210067749,-0.05894302949309349,0.0,0.00974661111831665,-0.06649594008922577,0.08163642883300781,0.2633885145187378,-0.026901450008153915,0.1048157811164856,0.13200077414512634,-0.051049478352069855,0.12021130323410034,0.055234283208847046,-0.06575241684913635,0.13368827104568481,0.0,-0.07142666727304459,0.12518751621246338,0.2877870202064514,-0.0371871255338192,0.13999933004379272,0.20943233370780945,-0.0716715157032013,0.1259940266609192,0.25939303636550903,-0.07850109040737152,0.11737936735153198,0.309586763381958,-0.07089634239673615,0.16300243139266968,0.32784658670425415,-0.04966588318347931,0.1779862642288208,0.25888127088546753,-0.06997784227132797,0.1658121943473816,0.27556121349334717,-0.06544521450996399,0.15626263618469238,0.30538392066955566,-0.05533180758357048
V,0.08864140510559082,0.5459308326244354,7.16893964636256e-07,0.04115372896194458,0.4802134931087494,-0.02853335253894329,0.029179096221923828,0.3867208659648895,-0.043266650289297104,0.05263948440551758,0.3133445084095001,-0.059545259922742844,0.07942724227905273,0.26614972949028015,-0.07377306371927261,0.030982911586761475,0.2662152945995331,-0.02004614658653736,0.013679146766662598,0.1439073383808136,-0.043020978569984436,0.0053765177726745605,0.0690651535987854,-0.05659700185060501,0.0,0.009911209344863892,-0.06321031600236893,0.0832318663597107,0.2651123106479645,-0.024016162380576134,0.10631287097930908,0.1353473961353302,-0.048267144709825516,0.11997902393341064,0.057318300008773804,-0.063384048640728,0.13126403093338013,0.0,-0.06905079632997513,0.12665003538131714,0.29143765568733215,-0.032232221215963364,0.13852852582931519,0.21090731024742126,-0.06917330622673035,0.12821704149246216,0.2610267102718353,-0.07703949511051178,0.12348777055740356,0.3132816255092621,-0.06949165463447571,0.16366517543792725,0.33219411969184875,-0.04225461184978485,0.17571967840194702,0.2631016671657562,-0.06489855796098709,0.1645272970199585,0.2828275263309479,-0.06093446910381317,0.15829020738601685,0.31557342410087585,-0.05065324902534485
V,0.0796768069267273,0.5441268980503082,6.805042858104571e-07,0.033001482486724854,0.47561994194984436,-0.02922293357551098,0.0286637544631958,0.3802429735660553,-0.04513579607009888,0.07192522287368774,0.3151489198207855,-0.06275955587625504,0.11024737358093262,0.2826785743236542,-0.07906553149223328,0.029248833656311035,0.2677845060825348,-0.02635769359767437,0.013488709926605225,0.1446501910686493,-0.051544442772865295,0.004915952682495117,0.06950968503952026,-0.06672083586454391,0.0,0.008432835340499878,-0.07522241026163101,0.08231490850448608,0.26364997029304504,-0.031546130776405334,0.10657662153244019,0.1322367787361145,-0.056276656687259674,0.12053382396697998,0.0561065673828125,-0.07199167460203171,0.13400185108184814,0.0,-0.0789414495229721,0.12562710046768188,0.28918567299842834,-0.04070993885397911,0.13895004987716675,0.20576700568199158,-0.07547725737094879,0.12122386693954468,0.2551654279232025,-0.08316466212272644,0.11173427104949951,0.3038885295391083,-0.07698274403810501,0.162672221660614,0.3316616117954254,-0.05230281502008438,0.1751146912574768,0.2624873220920563,-0.07345934957265854,0.16071540117263794,0.2767883241176605,-0.0704333558678627,0.15144699811935425,0.3038116991519928,-0.061927493661642075
V,0.08408230543136597,0.5459239184856415,7.153011551963573e-07,0.03868997097015381,0.47896626591682434,-0.0286489799618721,0.02912306785583496,0.38503924012184143,-0.04299973323941231,0.06488966941833496,0.3170262277126312,-0.05891657620668411,0.0989530086517334,0.2804877460002899,-0.07266829162836075,0.027444422245025635,0.2654387652873993,-0.01898822747170925,0.012530863285064697,0.14419123530387878,-0.04194188490509987,0.0049294233322143555,0.06886550784111023,-0.05679657682776451,0.0,0.007874816656112671,-0.06520120054483414,0.08062887191772461,0.2628823220729828,-0.022591587156057358,0.10553234815597534,0.13407310843467712,-0.046120189130306244,0.121407151222229,0.05730485916137695,-0.061332110315561295,0.13446295261383057,0.0,-0.06785334646701813,0.12414592504501343,0.28739771246910095,-0.030549826100468636,0.1407378911972046,0.21050751209259033,-0.06442973762750626,0.12590956687927246,0.25933244824409485,-0.07051070779561996,0.11522066593170166,0.3076748549938202,-0.06291495263576508,0.1613665223121643,0.32707569003105164,-0.04081675037741661,0.1777147650718689,0.26004406809806824,-0.060777176171541214,0.1644393801689148,0.28007426857948303,-0.05555953085422516,0.15389513969421387,0.3113931715488434,-0.045184891670942307
V,0.08253079652786255,0.5359768271446228,7.470954415111919e-07,0.036853015422821045,0.4651516079902649,-0.027227381244301796,0.02929776906967163,0.3696339726448059,-0.041735246777534485,0.0628998875617981,0.30022114515304565,-0.058243878185749054,0.09887534379959106,0.2617405652999878,-0.07312849164009094,0.028405427932739258,0.25718796253204346,-0.0181718822568655,0.01314634084701538,0.1391150951385498,-0.04117608815431595,0.005914211273193359,0.06626397371292114,-0.05536050349473953,0.0,0.008296400308609009,-0.06347953528165817,0.07930278778076172,0.25535571575164795,-0.02274917997419834,0.10658478736877441,0.12848180532455444,-0.047631412744522095,0.1238139271736145,0.055426955223083496,-0.06355695426464081,0.13750791549682617,0.0,-0.07027646899223328,0.12064105272293091,0.28219008445739746,-0.031408973038196564,0.13355427980422974,0.19817042350769043,-0.06709591299295425,0.1214945912361145,0.24875408411026,-0.07342222332954407,0.11555922031402588,0.29748761653900146,-0.06570794433355331,0.15596121549606323,0.3253263235092163,-0.04209769517183304,0.16883784532546997,0.26091569662094116,-0.06443709135055542,0.15856164693832397,0.2734599709510803,-0.061395157128572464,0.15244919061660767,0.29506367444992065,-0.05234227329492569
V,0.07470822334289551,0.5360435843467712,7.173037488428236e-07,0.029771745204925537,0.4642053246498108,-0.025939349085092545,0.02608931064605713,0.36807525157928467,-0.038490381091833115,0.06556814908981323,0.30298101902008057,-0.05357741191983223,0.10163182020187378,0.2727636694908142,-0.06711747497320175,0.025739192962646484,0.2579493522644043,-0.01430543977767229,0.011220276355743408,0.1388910412788391,-0.03575689345598221,0.0043351054191589355,0.06572064757347107,-0.049548156559467316,0.0,0.006821006536483765,-0.05751441791653633,0.0761900544166565,0.25518572330474854,-0.019818425178527832,0.10213154554367065,0.1296248733997345,-0.0422973670065403,0.11876803636550903,0.055617958307266235,-0.05753161013126373,0.13455897569656372,0.0,-0.0643722265958786,0.11775577068328857,0.2804781198501587,-0.029701052233576775,0.13393938541412354,0.20086079835891724,-0.06279788166284561,0.11548775434494019,0.251797616481781,-0.06984899938106537,0.10568314790725708,0.30022042989730835,-0.06347151100635529,0.15381485223770142,0.3217312693595886,-0.04188776761293411,0.16929489374160767,0.2545972466468811,-0.062115173786878586,0.1530933976173401,0.2768716812133789,-0.05850125476717949,0.1425493359565735,0.31026947498321533,-0.04974711313843727
V,0.07865267992019653,0.5328132808208466,7.191098916337069e-07,0.032780468463897705,0.46352943778038025,-0.026522736996412277,0.029054105281829834,0.3672073781490326,-0.04133767634630203,0.06259018182754517,0.3019007742404938,-0.05827454850077629,0.09662359952926636,0.27017495036125183,-0.07362858951091766,0.028240084648132324,0.25764647126197815,-0.01912888139486313,0.012625038623809814,0.13842642307281494,-0.04240924492478371,0.005138874053955078,0.06613889336585999,-0.05727112665772438,0.0,0.007704973220825195,-0.06663434952497482,0.0787045955657959,0.2555423676967621,-0.02413586527109146,0.10341852903366089,0.1320047378540039,-0.04967574030160904,0.1189805269241333,0.06039497256278992,-0.06693000346422195,0.132881760597229,0.0,-0.07578572630882263,0.12030500173568726,0.28154847025871277,-0.03284282237291336,0.1363784670829773,0.19305410981178284,-0.06814827024936676,0.12042176723480225,0.24839887022972107,-0.07296489924192429,0.11198955774307251,0.29921653866767883,-0.06518472731113434,0.15500324964523315,0.32410958409309387,-0.04370624199509621,0.16858768463134766,0.2602526843547821,-0.0668346956372261,0.15903574228286743,0.2712216079235077,-0.06431617587804794,0.1548967957496643,0.28981879353523254,-0.056090161204338074
V,0.07760167121887207,0.5319905877113342,7.184483479250048e-07,0.03197312355041504,0.45965486764907837,-0.026281073689460754,0.02695941925048828,0.3639574646949768,-0.0397941917181015,0.0638265609741211,0.29820024967193604,-0.05557573586702347,0.0993923544883728,0.2681307792663574,-0.06974788755178452,0.027533292770385742,0.2559366822242737,-0.016015270724892616,0.013062357902526855,0.13761338591575623,-0.03781288489699364,0.0057680606842041016,0.06537136435508728,-0.051958564668893814,0.0,0.007134139537811279,-0.06040888652205467,0.07833737134933472,0.2541345953941345,-0.020864291116595268,0.10498207807540894,0.12950557470321655,-0.04395836964249611,0.12105786800384521,0.056250929832458496,-0.05977637320756912,0.13485896587371826,0.0,-0.06719250977039337,0.1193433403968811,0.27995115518569946,-0.029876241460442543,0.1348639726638794,0.19751504063606262,-0.06378357112407684,0.1195482611656189,0.2466064691543579,-0.07104449719190598,0.11056184768676758,0.29561305046081543,-0.06450161337852478,0.15463215112686157,0.3211585283279419,-0.041043784469366074,0.17087429761886597,0.25218039751052856,-0.062005553394556046,0.15868353843688965,0.26488369703292847,-0.05942915380001068,0.14961016178131104,0.2908504605293274,-0.05118899047374725
V,0.08261007070541382,0.5330430865287781,6.87766146256763e-07,0.038787841796875,0.4648643732070923,-0.02555602602660656,0.02816152572631836,0.3767993450164795,-0.04112205654382706,0.05394399166107178,0.31044286489486694,-0.05859265476465225,0.086650550365448,0.27166318893432617,-0.07429873198270798,0.03086841106414795,0.2558988928794861,-0.019531067460775375,0.015370011329650879,0.14037126302719116,-0.04358065873384476,0.006575047969818115,0.06758219003677368,-0.0594380684196949,0.0,0.008883506059646606,-0.06901568174362183,0.08043336868286133,0.25447624921798706,-0.02484782040119171,0.1044473648071289,0.1311517357826233,-0.050386689603328705,0.12015867233276367,0.05750751495361328,-0.06787190586328506,0.133417546749115,0.0,-0.07642979174852371,0.12108719348907471,0.2801705002784729,-0.03374500200152397,0.13492023944854736,0.1988885998725891,-0.06794189661741257,0.12320685386657715,0.2433720827102661,-0.07371833175420761,0.11543172597885132,0.28942811489105225,-0.06663072854280472,0.15663570165634155,0.32239043712615967,-0.04461834207177162,0.1711353063583374,0.2561599612236023,-0.06518717855215073,0.16538631916046143,0.2563202977180481,-0.06172894686460495,0.16079986095428467,0.2670068144798279,-0.053019143640995026
V,0.08651375770568848,0.5338703989982605,7.183801926657907e-07,0.043055713176727295,0.46552854776382446,-0.029099075123667717,0.03802955150604248,0.37054532766342163,-0.04293275624513626,0.07243198156356812,0.2959619164466858,-0.05785160884261131,0.10547077655792236,0.2509188652038574,-0.0704508051276207,0.029983818531036377,0.26353299617767334,-0.017761237919330597,0.014387011528015137,0.14540961384773254,-0.04095327481627464,0.00633472204208374,0.07223671674728394,-0.05533219873905182,0.0,0.013540476560592651,-0.06326062977313995,0.08111709356307983,0.25821566581726074,-0.020508062094449997,0.1058042049407959,0.13171780109405518,-0.045077189803123474,0.12197118997573853,0.05733144283294678,-0.06075983867049217,0.1346219778060913,0.0,-0.06719096004962921,0.12308460474014282,0.2812407612800598,-0.02763521857559681,0.1356281042098999,0.19957774877548218,-0.06362686306238174,0.12395387887954712,0.24865418672561646,-0.07016149908304214,0.11763548851013184,0.29570162296295166,-0.06247105821967125,0.15948891639709473,0.32036513090133667,-0.036865536123514175,0.17089956998825073,0.25507134199142456,-0.058788470923900604,0.1587551236152649,0.2726173400878906,-0.05487525835633278,0.1516726016998291,0.2987993359565735,-0.045101940631866455
V,0.08967816829681396,0.532040148973465,7.631828111698269e-07,0.04246068000793457,0.46574851870536804,-0.027721690014004707,0.03376495838165283,0.3701832592487335,-0.041066888719797134,0.07723230123519897,0.30566802620887756,-0.05626567080616951,0.11958032846450806,0.28412601351737976,-0.07028015702962875,0.031641364097595215,0.25987210869789124,-0.01746581681072712,0.014620065689086914,0.14056441187858582,-0.03803739696741104,0.006530404090881348,0.0689333975315094,-0.050940852612257004,0.0,0.011042475700378418,-0.05846437066793442,0.08306705951690674,0.25608667731285095,-0.02146829478442669,0.1084744930267334,0.12885764241218567,-0.04290646314620972,0.12325584888458252,0.0553249716758728,-0.056732818484306335,0.13551819324493408,0.0,-0.06234125792980194,0.12500423192977905,0.28112849593162537,-0.029758283868432045,0.13705897331237793,0.20206984877586365,-0.06344577670097351,0.12141430377960205,0.2539607584476471,-0.07129144668579102,0.11341756582260132,0.3026733696460724,-0.06474141776561737,0.16097396612167358,0.32136788964271545,-0.04017266258597374,0.17260360717773438,0.2559168040752411,-0.06134328991174698,0.1565571427345276,0.278640478849411,-0.05828123912215233,0.146651029586792,0.3115355670452118,-0.0495285764336586
V,0.08929860591888428,0.5317749977111816,7.574332698823127e-07,0.04195666313171387,0.46405208110809326,-0.02699839137494564,0.030655086040496826,0.3738235831260681,-0.04288353770971298,0.06013643741607666,0.3064247965812683,-0.06084899604320526,0.09283632040023804,0.26719552278518677,-0.07728728652000427,0.03299063444137573,0.26135873794555664,-0.021349357441067696,0.01584327220916748,0.1442854106426239,-0.04480113089084625,0.006759345531463623,0.07222402095794678,-0.05952944606542587,0.0,0.013749092817306519,-0.06829439103603363,0.08339351415634155,0.25779587030410767,-0.026124373078346252,0.10884356498718262,0.1316649317741394,-0.05113833025097847,0.1245187520980835,0.05672609806060791,-0.06751298159360886,0.1378379464149475,0.0,-0.07525534182786942,0.12521249055862427,0.28219109773635864,-0.034666020423173904,0.13750898838043213,0.19794964790344238,-0.06963477283716202,0.12383544445037842,0.24612009525299072,-0.07617932558059692,0.11679333448410034,0.2962549328804016,-0.06936831027269363,0.16177242994308472,0.32196056842803955,-0.04527166858315468,0.17485707998275757,0.25571250915527344,-0.06766145676374435,0.16348779201507568,0.2675154209136963,-0.06529732793569565,0.15634948015213013,0.2917308807373047,-0.05704950913786888
V,0.08827155828475952,0.5350546538829803,7.20946331966843e-07,0.04142946004867554,0.46930834650993347,-0.025764331221580505,0.031202375888824463,0.37965908646583557,-0.04110156372189522,0.06017249822616577,0.31386640667915344,-0.05888569355010986,0.09420806169509888,0.27691105008125305,-0.07534375786781311,0.03435647487640381,0.26195070147514343,-0.02123131789267063,0.01713860034942627,0.1437658965587616,-0.04580588638782501,0.007723748683929443,0.07052192091941833,-0.061889972537755966,0.0,0.011084526777267456,-0.07179902493953705,0.08492130041122437,0.25801411271095276,-0.027543557807803154,0.110617995262146,0.13159340620040894,-0.053023792803287506,0.1257273554801941,0.05770125985145569,-0.07027437537908554,0.1388493776321411,0.0,-0.078982412815094,0.12662476301193237,0.2827630341053009,-0.03754523769021034,0.13930803537368774,0.19998487830162048,-0.07180633395910263,0.12484937906265259,0.24941495060920715,-0.07763999700546265,0.11741584539413452,0.29845401644706726,-0.07086534798145294,0.16325002908706665,0.32443222403526306,-0.04973720759153366,0.1759740114212036,0.2548690736293793,-0.07090199738740921,0.16240006685256958,0.2702365815639496,-0.06716655194759369,0.15346795320510864,0.2983568012714386,-0.058368295431137085
V,0.09089213609695435,0.5412212610244751,7.37944390039047e-07,0.04424142837524414,0.4727800488471985,-0.026377465575933456,0.03580445051193237,0.3802580237388611,-0.040235720574855804,0.06482952833175659,0.30899643898010254,-0.05645257607102394,0.09357917308807373,0.26493459939956665,-0.07084954530000687,0.03392761945724487,0.2626640200614929,-0.013615901581943035,0.0168149471282959,0.14601072669029236,-0.0365561842918396,0.007227599620819092,0.07265150547027588,-0.05138324573636055,0.0,0.014083176851272583,-0.059655703604221344,0.08547103404998779,0.2585490942001343,-0.018828270956873894,0.11184382438659668,0.13262873888015747,-0.0436348058283329,0.12682116031646729,0.05666548013687134,-0.06009124219417572,0.13989520072937012,0.0,-0.06703606992959976,0.12822014093399048,0.283216655254364,-0.028461163863539696,0.1425815224647522,0.20318791270256042,-0.06441894173622131,0.1267530918121338,0.25381922721862793,-0.07077008485794067,0.11860066652297974,0.3028354048728943,-0.06287328153848648,0.16525870561599731,0.32332485914230347,-0.04006952792406082,0.1772744059562683,0.25584840774536133,-0.06201275810599327,0.16290074586868286,0.27635836601257324,-0.057315483689308167,0.1549268364906311,0.306530237197876,-0.0468614362180233
V,0.09649848937988281,0.5419332981109619,7.365774195022823e-07,0.046961188316345215,0.4739490747451782,-0.02797446772456169,0.03337007761001587,0.3823840618133545,-0.042926184833049774,0.06385552883148193,0.31417685747146606,-0.060087352991104126,0.1000216007232666,0.27805811166763306,-0.07571768015623093,0.03729516267776489,0.2645190358161926,-0.019049178808927536,0.01875990629196167,0.1456480324268341,-0.0424216203391552,0.00839504599571228,0.07209816575050354,-0.057763002812862396,0.0,0.011400759220123291,-0.06729575991630554,0.0886540412902832,0.2593056559562683,-0.02402803860604763,0.11369949579238892,0.13284951448440552,-0.048598822206258774,0.1295660138130188,0.05788624286651611,-0.06520600616931915,0.14327633380889893,0.0,-0.07332716137170792,0.13081854581832886,0.28312504291534424,-0.03329134359955788,0.142339289188385,0.19890081882476807,-0.06862654536962509,0.1289157271385193,0.2495250701904297,-0.07585117965936661,0.122653067111969,0.2999122738838196,-0.06939185410737991,0.1681411862373352,0.3230035901069641,-0.04484902694821358,0.1791248917579651,0.2541583776473999,-0.06731340289115906,0.16475141048431396,0.2718110680580139,-0.06471271067857742,0.15604114532470703,0.3021888732910156,-0.05641065537929535
V,0.09493696689605713,0.5429479777812958,7.31140346488246e-07,0.04746890068054199,0.4751572906970978,-0.024782245978713036,0.036663711071014404,0.3843550980091095,-0.03931184858083725,0.06458991765975952,0.31686994433403015,-0.05676981434226036,0.0928528904914856,0.27614662051200867,-0.07269629091024399,0.03708142042160034,0.2645474374294281,-0.017713308334350586,0.017840087413787842,0.14606639742851257,-0.040385883301496506,0.007833212614059448,0.07314357161521912,-0.05476100370287895,0.0,0.013770371675491333,-0.06346917152404785,0.08761203289031982,0.25990399718284607,-0.024463128298521042,0.11309945583343506,0.13252103328704834,-0.04940631613135338,0.12917912006378174,0.057483792304992676,-0.06555023789405823,0.14306414127349854,0.0,-0.07325439155101776,0.12964296340942383,0.28504320979118347,-0.035044848918914795,0.14202141761779785,0.19979703426361084,-0.07027790695428848,0.1272965669631958,0.25271710753440857,-0.07578478753566742,0.11974775791168213,0.3042653501033783,-0.06839916855096817,0.16743594408035278,0.32705768942832947,-0.04761914536356926,0.1809244155883789,0.25437769293785095,-0.06932555139064789,0.16542166471481323,0.2722562849521637,-0.06512124836444855,0.15453898906707764,0.30224499106407166,-0.05598608776926994
V,0.09368404746055603,0.5469522476196289,7.423371357617725e-07,0.044974178075790405,0.47776514291763306,-0.024217981845140457,0.03464069962501526,0.38464415073394775,-0.03902614489197731,0.06287422776222229,0.3193509578704834,-0.05707690119743347,0.09537824988365173,0.28602588176727295,-0.07404164224863052,0.0377252995967865,0.2626027464866638,-0.0165563952177763,0.018487870693206787,0.1454697847366333,-0.04007941484451294,0.007747083902359009,0.07246524095535278,-0.0553019717335701,0.0,0.012935608625411987,-0.0646214485168457,0.08847680687904358,0.25957441329956055,-0.02387378178536892,0.11387136578559875,0.13427776098251343,-0.049769796431064606,0.12858900427818298,0.05849233269691467,-0.06660342961549759,0.14215096831321716,0.0,-0.07461667060852051,0.13099202513694763,0.28529560565948486,-0.03506980091333389,0.1445988118648529,0.19680851697921753,-0.07081468403339386,0.12915894389152527,0.24906641244888306,-0.07604265213012695,0.12202188372612,0.30113595724105835,-0.06810759007930756,0.16879215836524963,0.32722699642181396,-0.048253875225782394,0.18097683787345886,0.2562122344970703,-0.07029247283935547,0.16781392693519592,0.2696313261985779,-0.0663207545876503,0.16045966744422913,0.2945830821990967,-0.05700166895985603
V,0.09684383869171143,0.5509814918041229,7.225748959172051e-07,0.0468904972076416,0.4834570586681366,-0.024630878120660782,0.03472405672073364,0.39009490609169006,-0.03950822725892067,0.057791709899902344,0.31882020831108093,-0.057628292590379715,0.08527123928070068,0.2762536108493805,-0.0744440108537674,0.0387415885925293,0.2693119943141937,-0.01719307340681553,0.01808011531829834,0.15052521228790283,-0.0432293526828289,0.007434219121932983,0.07568347454071045,-0.06038625165820122,0.0,0.015093952417373657,-0.07063782960176468,0.08934497833251953,0.2643354833126068,-0.02451050840318203,0.11447906494140625,0.1364317238330841,-0.0528557188808918,0.12955307960510254,0.06068268418312073,-0.07129097729921341,0.14413553476333618,0.0,-0.08001232147216797,0.1320739984512329,0.2878860533237457,-0.03567034751176834,0.14654386043548584,0.19977077841758728,-0.07223330438137054,0.12970036268234253,0.2545231878757477,-0.0757921114563942,0.12236016988754272,0.307179719209671,-0.06641164422035217,0.17016613483428955,0.3283064067363739,-0.04895280301570892,0.18197065591812134,0.2558150589466095,-0.070105642080307,0.16704249382019043,0.27125969529151917,-0.06384023278951645,0.1591271162033081,0.29825589060783386,-0.0527607761323452
V,0.09982693195343018,0.5534853041172028,7.480343242605159e-07,0.04934424161911011,0.4856559932231903,-0.024665141478180885,0.03639793395996094,0.3943203389644623,-0.04030110314488411,0.06233721971511841,0.32987692952156067,-0.05937996879220009,0.0911063551902771,0.29429182410240173,-0.07743635028600693,0.04139798879623413,0.26701125502586365,-0.017270276322960854,0.01961115002632141,0.14990809559822083,-0.04233655706048012,0.008155852556228638,0.07649114727973938,-0.0590391606092453,0.0,0.016649633646011353,-0.06935840845108032,0.09282171726226807,0.2637019455432892,-0.025532467290759087,0.11793673038482666,0.1363472044467926,-0.05295578017830849,0.1312655210494995,0.05990448594093323,-0.07140818983316422,0.1443074345588684,0.0,-0.08060356974601746,0.1357157826423645,0.29008325934410095,-0.03776034712791443,0.14860963821411133,0.20217105746269226,-0.07520557940006256,0.13029146194458008,0.255566269159317,-0.08112979680299759,0.12197351455688477,0.3074738085269928,-0.07352085411548615,0.17357110977172852,0.3337227404117584,-0.0519571416079998,0.1848176121711731,0.2610338032245636,-0.07539723813533783,0.1691722869873047,0.2809812128543854,-0.07102645188570023,0.16093939542770386,0.3128757178783417,-0.061224717646837234
V,0.1008145809173584,0.55321404337883,7.305347935471218e-07,0.050130248069763184,0.4850377142429352,-0.025434622541069984,0.03485393524169922,0.3951168954372406,-0.04174726456403732,0.06104856729507446,0.32911303639411926,-0.06115061789751053,0.09275007247924805,0.2943204939365387,-0.07940202951431274,0.04105287790298462,0.27203938364982605,-0.02089865878224373,0.020461440086364746,0.15136489272117615,-0.046003926545381546,0.008933484554290771,0.0771237313747406,-0.06256377696990967,0.0,0.016076594591140747,-0.0728377029299736,0.09205681085586548,0.26796719431877136,-0.028356272727251053,0.11661577224731445,0.137088805437088,-0.05569639056921005,0.13084006309509277,0.060036271810531616,-0.07431427389383316,0.1434885859489441,0.0,-0.08386517316102982,0.1346302032470703,0.29185351729393005,-0.0394553504884243,0.14724934101104736,0.20551368594169617,-0.07549789547920227,0.13249742984771729,0.25599321722984314,-0.08157426863908768,0.12438839673995972,0.3074551522731781,-0.0745014175772667,0.17337656021118164,0.331524521112442,-0.05268256366252899,0.1861003041267395,0.25647249817848206,-0.07393427938222885,0.172075092792511,0.27364102005958557,-0.06909840553998947,0.16218405961990356,0.3056904375553131,-0.05950560048222542
V,0.102924644947052,0.5598171353340149,7.626833848917158e-07,0.052825927734375,0.4928230047225952,-0.026700617745518684,0.03801310062408447,0.4023742079734802,-0.044010717421770096,0.06748539209365845,0.33650875091552734,-0.06394987553358078,0.10377269983291626,0.30504077672958374,-0.08260219544172287,0.041732460260391235,0.27506011724472046,-0.024100447073578835,0.02120479941368103,0.1524994969367981,-0.05003592371940613,0.009444326162338257,0.07762938737869263,-0.06712209433317184,0.0,0.016329556703567505,-0.07807189226150513,0.0938214659690857,0.2709447145462036,-0.030926385894417763,0.11780738830566406,0.140499085187912,-0.05910961702466011,0.13200581073760986,0.06232982873916626,-0.07817856222391129,0.14508390426635742,0.0,-0.08815089613199234,0.1366315484046936,0.2965381145477295,-0.04127795621752739,0.14755654335021973,0.20690512657165527,-0.07784908264875412,0.1346120834350586,0.2578480839729309,-0.0835481658577919,0.12907767295837402,0.30984067916870117,-0.07604097574949265,0.17478036880493164,0.3389539122581482,-0.05396654084324837,0.18832546472549438,0.26706528663635254,-0.07736831158399582,0.17774993181228638,0.27350765466690063,-0.07484716922044754,0.17112499475479126,0.2934911847114563,-0.06641431897878647
V,0.10155948996543884,0.5585704147815704,7.499629646190442e-07,0.05140635371208191,0.49171826243400574,-0.02517668716609478,0.03793451189994812,0.39731016755104065,-0.04034152254462242,0.06475284695625305,0.32903310656547546,-0.058504894375801086,0.09454461932182312,0.2919677197933197,-0.07544319331645966,0.040441423654556274,0.2734685242176056,-0.019742053002119064,0.019809305667877197,0.15224090218544006,-0.04475034400820732,0.008664250373840332,0.07626751065254211,-0.06115306541323662,0.0,0.014827489852905273,-0.07130995392799377,0.09220960736274719,0.26917240023612976,-0.02708129771053791,0.11705151200294495,0.13755065202713013,-0.05414702370762825,0.13164886832237244,0.06066271662712097,-0.07222679257392883,0.14496061205863953,0.0,-0.08131951093673706,0.13534465432167053,0.2941302955150604,-0.0381321981549263,0.1486550271511078,0.2054501175880432,-0.0743749737739563,0.1347748339176178,0.2578509747982025,-0.07973763346672058,0.1280440390110016,0.30889692902565,-0.07206998020410538,0.174045592546463,0.3362326920032501,-0.05131125822663307,0.18900439143180847,0.262511283159256,-0.07345627248287201,0.17617788910865784,0.27756717801094055,-0.06909909844398499,0.16742941737174988,0.3052072823047638,-0.05967695266008377
V,0.10062414407730103,0.556400716304779,7.404060511362331e-07,0.048348456621170044,0.4897332191467285,-0.025940753519535065,0.03358307480812073,0.3945608139038086,-0.04120246693491936,0.061345577239990234,0.3260718584060669,-0.05938030034303665,0.09457921981811523,0.290183961391449,-0.07653171569108963,0.04052576422691345,0.27138209342956543,-0.020991278812289238,0.01954635977745056,0.15017059445381165,-0.04493953660130501,0.008780956268310547,0.07538372278213501,-0.06028662621974945,0.0,0.01453787088394165,-0.06985420733690262,0.09255647659301758,0.2676883339881897,-0.02829652465879917,0.11715292930603027,0.1359407901763916,-0.053977422416210175,0.13065075874328613,0.05958399176597595,-0.0709657296538353,0.14269590377807617,0.0,-0.07946815341711044,0.13569122552871704,0.294198215007782,-0.03937351331114769,0.14509493112564087,0.20587709546089172,-0.07554274797439575,0.12901127338409424,0.25899624824523926,-0.0819096639752388,0.12158048152923584,0.3106136918067932,-0.07505807280540466,0.17400825023651123,0.33813393115997314,-0.05253433436155319,0.1839834451675415,0.2645595669746399,-0.0754755288362503,0.16827386617660522,0.284687876701355,-0.07189878076314926,0.15881973505020142,0.3172837495803833,-0.06307198852300644
V,0.10167521238327026,0.56263267993927,7.493405291825184e-07,0.04919585585594177,0.4946034550666809,-0.02332792431116104,0.032876938581466675,0.4009351134300232,-0.03756219893693924,0.06527483463287354,0.33838242292404175,-0.05552671104669571,0.1057208776473999,0.3165472149848938,-0.07291731238365173,0.04007008671760559,0.27556008100509644,-0.019493239000439644,0.019464433193206787,0.15106219053268433,-0.043433308601379395,0.008581787347793579,0.07550269365310669,-0.05894399434328079,0.0,0.013521403074264526,-0.06886950880289078,0.09273606538772583,0.2707548141479492,-0.028305916115641594,0.11816567182540894,0.13760274648666382,-0.05383416265249252,0.13188856840133667,0.059867918491363525,-0.07102494686841965,0.14440393447875977,0.0,-0.07974840700626373,0.13593852519989014,0.29579293727874756,-0.040715016424655914,0.14518088102340698,0.20781996846199036,-0.07571828365325928,0.12948912382125854,0.26017409563064575,-0.081997349858284,0.12308681011199951,0.3122597336769104,-0.07516372203826904,0.17403721809387207,0.3381430506706238,-0.05526786670088768,0.18381428718566895,0.26315194368362427,-0.07674425095319748,0.1673312783241272,0.28144460916519165,-0.07290445268154144,0.15770947933197021,0.3143470883369446,-0.06411577761173248
V,0.09955582022666931,0.5656943619251251,7.59675174322183e-07,0.047441333532333374,0.49710723757743835,-0.02498394064605236,0.03451231122016907,0.3997926414012909,-0.03956475853919983,0.06991145014762878,0.33222368359565735,-0.05745772644877434,0.10863831639289856,0.3017299473285675,-0.07441974431276321,0.03943526744842529,0.27751848101615906,-0.019002245739102364,0.019289612770080566,0.15431860089302063,-0.04183362051844597,0.008204549551010132,0.0785917341709137,-0.05640421062707901,0.0,0.01729246973991394,-0.0653989389538765,0.0922912061214447,0.27314749360084534,-0.026653118431568146,0.11800172924995422,0.13857033848762512,-0.051100704818964005,0.13148656487464905,0.059539079666137695,-0.06772193312644958,0.14504292607307434,0.0,-0.07587633281946182,0.1361508071422577,0.29923495650291443,-0.03804274648427963,0.14831283688545227,0.21208861470222473,-0.07315762341022491,0.12906095385551453,0.26513049006462097,-0.08033878356218338,0.12032797932624817,0.31765589118003845,-0.07389669865369797,0.174809068441391,0.3421119153499603,-0.05152864009141922,0.1875164806842804,0.2673218548297882,-0.07333977520465851,0.17135891318321228,0.2865736782550812,-0.06984215974807739,0.16238918900489807,0.31948694586753845,-0.061112623661756516
V,0.09952843189239502,0.5670618116855621,7.508425596824964e-07,0.04722696542739868,0.49709567427635193,-0.025332408025860786,0.033018559217453,0.4020223319530487,-0.04067990928888321,0.0655166506767273,0.3357333838939667,-0.05947496369481087,0.10374850034713745,0.3068752586841583,-0.07735110819339752,0.03859764337539673,0.27764859795570374,-0.019758911803364754,0.019098937511444092,0.15360060334205627,-0.04356635361909866,0.00811159610748291,0.07768222689628601,-0.05914529040455818,0.0,0.015601634979248047,-0.06904677301645279,0.09169965982437134,0.27356985211372375,-0.02766433171927929,0.11786812543869019,0.14012232422828674,-0.0531429648399353,0.13150155544281006,0.0605987012386322,-0.07093041390180588,0.1446635127067566,0.0,-0.08026658743619919,0.13544631004333496,0.29893288016319275,-0.03939293324947357,0.1482340693473816,0.21066802740097046,-0.07503104209899902,0.12938803434371948,0.2595633566379547,-0.08355816453695297,0.11987799406051636,0.31091299653053284,-0.07838800549507141,0.17389291524887085,0.34090545773506165,-0.053274448961019516,0.1863763928413391,0.26619836688041687,-0.0755852535367012,0.16931438446044922,0.2828091084957123,-0.07335279881954193,0.15837424993515015,0.3152547776699066,-0.06572853028774261
V,0.09786945581436157,0.5651561617851257,7.515307061112253e-07,0.047013044357299805,0.4935131072998047,-0.023909619078040123,0.03523385524749756,0.3975485563278198,-0.03855152055621147,0.06691575050354004,0.3288964033126831,-0.05654987320303917,0.10341709852218628,0.28910523653030396,-0.07341126352548599,0.038931429386138916,0.27738040685653687,-0.0176470335572958,0.01926383376121521,0.15450435876846313,-0.04083362966775894,0.00814664363861084,0.07955765724182129,-0.05546657368540764,0.0,0.01848578453063965,-0.0640687346458435,0.09071815013885498,0.2739796042442322,-0.025266241282224655,0.11702090501785278,0.1392592191696167,-0.05004831776022911,0.13142627477645874,0.06071162223815918,-0.0673748031258583,0.14574545621871948,0.0,-0.07576622068881989,0.13399606943130493,0.29990899562835693,-0.03642365336418152,0.14618182182312012,0.21685871481895447,-0.07098881155252457,0.1265854835510254,0.2682555913925171,-0.07796833664178848,0.11724972724914551,0.31856393814086914,-0.07142370194196701,0.17226654291152954,0.3417268395423889,-0.049498774111270905,0.1844238042831421,0.26979708671569824,-0.06955304741859436,0.16816014051437378,0.2841494083404541,-0.06510790437459946,0.15859293937683105,0.3108987808227539,-0.05588507279753685
V,0.09870672225952148,0.5624929070472717,7.336651037803676e-07,0.04719999432563782,0.49449050426483154,-0.024215061217546463,0.031938374042510986,0.4003483057022095,-0.039459630846977234,0.05973023176193237,0.333906888961792,-0.05831211060285568,0.09448844194412231,0.2986111044883728,-0.07627340406179428,0.038424521684646606,0.2742561101913452,-0.019069382920861244,0.018416523933410645,0.1519942283630371,-0.0438808910548687,0.007639199495315552,0.0760018527507782,-0.06019248813390732,0.0,0.01435139775276184,-0.07026708126068115,0.09038197994232178,0.27121007442474365,-0.027510792016983032,0.11612492799758911,0.13810041546821594,-0.05434441193938255,0.13021135330200195,0.06040751934051514,-0.0726555585861206,0.14422696828842163,0.0,-0.08204814791679382,0.13370734453201294,0.29658257961273193,-0.039613883942365646,0.14685499668121338,0.20840024948120117,-0.07581615447998047,0.12839847803115845,0.26089179515838623,-0.08213463425636292,0.11983674764633179,0.31263744831085205,-0.0752946138381958,0.17226076126098633,0.3383813500404358,-0.05375898629426956,0.18405085802078247,0.2625727653503418,-0.07552126049995422,0.1664690375328064,0.2825733423233032,-0.07097133249044418,0.15602844953536987,0.31579816341400146,-0.06164664775133133
V,0.09729370474815369,0.5672616958618164,7.62730280712276e-07,0.04649052023887634,0.49673426151275635,-0.025398844853043556,0.033189088106155396,0.4012032747268677,-0.041424479335546494,0.06689491868019104,0.3361114263534546,-0.060719083994627,0.10889968276023865,0.3144621253013611,-0.07943066954612732,0.0374332070350647,0.2769467234611511,-0.01984122395515442,0.019282907247543335,0.15339818596839905,-0.04497583582997322,0.008266538381576538,0.0773463249206543,-0.06228847801685333,0.0,0.01645377278327942,-0.073567695915699,0.09019669890403748,0.27363938093185425,-0.02793475054204464,0.11478820443153381,0.14112979173660278,-0.054651834070682526,0.1268065869808197,0.06192636489868164,-0.07437273114919662,0.1393829882144928,0.0,-0.08515487611293793,0.13431385159492493,0.2996532917022705,-0.03964383900165558,0.14782944321632385,0.21031838655471802,-0.07423298060894012,0.12809446454048157,0.2567267417907715,-0.08167225867509842,0.11788150668144226,0.30538415908813477,-0.076226145029068,0.17207136750221252,0.34254544973373413,-0.05369950085878372,0.18373647332191467,0.2708825469017029,-0.07461462914943695,0.16904392838478088,0.2797813415527344,-0.0715610682964325,0.160793274641037,0.30249905586242676,-0.06362856179475784
V,0.10000428557395935,0.5636422038078308,7.440543754455575e-07,0.047037273645401,0.4943682551383972,-0.02521330863237381,0.03366294503211975,0.3947266936302185,-0.03947664052248001,0.0684148371219635,0.32864153385162354,-0.05697399005293846,0.10957619547843933,0.30052661895751953,-0.07364960759878159,0.03745505213737488,0.27658259868621826,-0.01781419664621353,0.018322378396987915,0.15214049816131592,-0.04038425162434578,0.007622063159942627,0.07625237107276917,-0.055035997182130814,0.0,0.015344768762588501,-0.06427595019340515,0.09057775139808655,0.2731636166572571,-0.02520519495010376,0.11527368426322937,0.1394447684288025,-0.04962105676531792,0.12689295411109924,0.06116372346878052,-0.06745489686727524,0.13899776339530945,0.0,-0.07694754749536514,0.13473626971244812,0.2985645532608032,-0.03635527938604355,0.14769652485847473,0.21029335260391235,-0.07117560505867004,0.12714055180549622,0.2618330121040344,-0.07915592938661575,0.11654004454612732,0.3130466938018799,-0.07365373522043228,0.1729748547077179,0.33954066038131714,-0.049552708864212036,0.18373051285743713,0.26505231857299805,-0.07073814421892166,0.1677304208278656,0.28202974796295166,-0.0674707368016243,0.1589285433292389,0.3129175901412964,-0.059341225773096085
V,0.09722566604614258,0.5704864859580994,7.283484251274785e-07,0.04473087191581726,0.5006228089332581,-0.023824606090784073,0.032179176807403564,0.40402233600616455,-0.03814839571714401,0.06279587745666504,0.334509015083313,-0.056155014783144,0.09795302152633667,0.303913414478302,-0.07319210469722748,0.039301156997680664,0.2833973169326782,-0.019062189385294914,0.019042909145355225,0.1571420133113861,-0.04278086498379707,0.007909148931503296,0.07936012744903564,-0.05849099159240723,0.0,0.01679319143295288,-0.06864047050476074,0.09098625183105469,0.27808070182800293,-0.027580169960856438,0.11416327953338623,0.14213013648986816,-0.05300911143422127,0.12583059072494507,0.061457544565200806,-0.07101933658123016,0.13881689310073853,0.0,-0.08086421340703964,0.134479820728302,0.3025243878364563,-0.0396597757935524,0.14455926418304443,0.211073100566864,-0.07370112091302872,0.12377417087554932,0.2575671076774597,-0.08120692521333694,0.11400669813156128,0.3063051700592041,-0.07630746811628342,0.17380112409591675,0.34363657236099243,-0.05400322750210762,0.18695205450057983,0.2646988034248352,-0.07531396299600601,0.1678905487060547,0.280437707901001,-0.07281854748725891,0.15542995929718018,0.31286728382110596,-0.06562244147062302
V,0.09620466828346252,0.5764572322368622,7.185410026977479e-07,0.0446854829788208,0.5040543973445892,-0.024666685611009598,0.03273466229438782,0.40657225251197815,-0.03950538858771324,0.06011107563972473,0.33445051312446594,-0.05788237228989601,0.09251299500465393,0.2936535179615021,-0.07480687648057938,0.037259429693222046,0.28517571091651917,-0.01639382727444172,0.017938226461410522,0.15969818830490112,-0.04157441854476929,0.007394671440124512,0.08116182684898376,-0.05843690037727356,0.0,0.01849299669265747,-0.06863252073526382,0.08907046914100647,0.28056785464286804,-0.02404390648007393,0.11389365792274475,0.14468583464622498,-0.0512191504240036,0.12531450390815735,0.06327581405639648,-0.07003083825111389,0.1370581090450287,0.0,-0.07954070717096329,0.13295134902000427,0.3044845163822174,-0.03558754920959473,0.1471433937549591,0.21331080794334412,-0.07143779844045639,0.12735673785209656,0.2636652886867523,-0.07713768631219864,0.11699727177619934,0.3147803246974945,-0.06965910643339157,0.17231610417366028,0.34510353207588196,-0.04932226985692978,0.18732210993766785,0.26540520787239075,-0.0700586587190628,0.17136570811271667,0.2813446819782257,-0.0647020936012268,0.16095831990242004,0.312456876039505,-0.05467294901609421
V,0.10027086734771729,0.5692817866802216,7.353519322350621e-07,0.04793184995651245,0.4990532100200653,-0.025119874626398087,0.03340396285057068,0.40461465716362,-0.04036356508731842,0.0675278902053833,0.34091368317604065,-0.059155143797397614,0.10898685455322266,0.3136315643787384,-0.0768471285700798,0.03784579038619995,0.27861037850379944,-0.017148461192846298,0.018691807985305786,0.15508607029914856,-0.040257953107357025,0.007735759019851685,0.07914415001869202,-0.05596499890089035,0.0,0.017588824033737183,-0.06597604602575302,0.09131729602813721,0.2751840651035309,-0.02487010322511196,0.1137840747833252,0.14209386706352234,-0.04959457367658615,0.12474393844604492,0.06230759620666504,-0.06771891564130783,0.13617068529129028,0.0,-0.07752722501754761,0.13625293970108032,0.30064597725868225,-0.0364866703748703,0.14910352230072021,0.21413388848304749,-0.07167445868253708,0.1306980848312378,0.26460137963294983,-0.07989254593849182,0.12098580598831177,0.31558725237846375,-0.07449645549058914,0.17545980215072632,0.34241023659706116,-0.05025696009397507,0.18933004140853882,0.26672181487083435,-0.07172879576683044,0.17391228675842285,0.2832848131656647,-0.06858954578638077,0.16411012411117554,0.31480011343955994,-0.060447849333286285
V,0.0999738872051239,0.5715347528457642,7.476260748262575e-07,0.047170668840408325,0.5011022686958313,-0.02585700899362564,0.03391820192337036,0.40443992614746094,-0.04133429378271103,0.0676400363445282,0.3384982943534851,-0.060283541679382324,0.10745701193809509,0.3120318651199341,-0.07836931198835373,0.03865203261375427,0.27871984243392944,-0.017132984474301338,0.01925039291381836,0.15533357858657837,-0.04130316898226738,0.00818568468093872,0.07869154214859009,-0.057745229452848434,0.0,0.01719161868095398,-0.06822656840085983,0.091226726770401,0.2751946449279785,-0.025132697075605392,0.11446991562843323,0.1425129473209381,-0.05162180960178375,0.12525662779808044,0.06222018599510193,-0.07076098769903183,0.13662955164909363,0.0,-0.0808890089392662,0.1354639232158661,0.30122309923171997,-0.03716575354337692,0.1489969789981842,0.2108834981918335,-0.07387231290340424,0.1291579306125641,0.2612166404724121,-0.08218073099851608,0.11890372633934021,0.31269288063049316,-0.07648158073425293,0.17426440119743347,0.3437795639038086,-0.05139504745602608,0.1866496503353119,0.2684289216995239,-0.0740499347448349,0.16981157660484314,0.2833690047264099,-0.07119829952716827,0.15937331318855286,0.31289511919021606,-0.06303439289331436
V,0.10261312127113342,0.5679948031902313,7.186297921180085e-07,0.04947686195373535,0.5012955963611603,-0.024351494386792183,0.035566866397857666,0.4057975113391876,-0.03815764561295509,0.06736394762992859,0.33797863125801086,-0.055480677634477615,0.10591426491737366,0.3025763928890228,-0.07164039462804794,0.03979286551475525,0.279123455286026,-0.0158825870603323,0.01898801326751709,0.155696839094162,-0.038451988250017166,0.008199959993362427,0.07937160134315491,-0.052938539534807205,0.0,0.01774352788925171,-0.06176801770925522,0.0930044949054718,0.27275434136390686,-0.023649970069527626,0.11579462885856628,0.13923773169517517,-0.04772578924894333,0.12741872668266296,0.0606248676776886,-0.06389261782169342,0.13844266533851624,0.0,-0.07177813351154327,0.1378721296787262,0.2965123951435089,-0.035407599061727524,0.14881202578544617,0.21104872226715088,-0.07061850279569626,0.13157561421394348,0.2656082212924957,-0.07685761153697968,0.12324932217597961,0.31754204630851746,-0.06983925402164459,0.17724469304084778,0.337406188249588,-0.04920443519949913,0.1886422336101532,0.2630055844783783,-0.07052606344223022,0.1713649332523346,0.2869957387447357,-0.06563281267881393,0.16061189770698547,0.3230797350406647,-0.05605708435177803
V,0.09840503334999084,0.5714592039585114,7.559324899375497e-07,0.04564309120178223,0.5015372931957245,-0.026932215318083763,0.03210356831550598,0.40718141198158264,-0.04333892837166786,0.06904128193855286,0.34131017327308655,-0.06309564411640167,0.10933288931846619,0.31229278445243835,-0.08168601989746094,0.035793840885162354,0.28077927231788635,-0.02010580524802208,0.016599208116531372,0.15504387021064758,-0.04463394731283188,0.007092207670211792,0.07807764410972595,-0.06054311990737915,0.0,0.01571732759475708,-0.07033582031726837,0.09026768803596497,0.27548661828041077,-0.027473922818899155,0.1121499240398407,0.13988980650901794,-0.053559523075819016,0.12313446402549744,0.0607471764087677,-0.07074147462844849,0.13338378071784973,0.0,-0.07909804582595825,0.13560298085212708,0.3009621202945709,-0.03901539742946625,0.1445477306842804,0.21354040503501892,-0.07589414715766907,0.12725552916526794,0.26674917340278625,-0.08336826413869858,0.11888584494590759,0.3192612826824188,-0.07661470770835876,0.17514315247535706,0.3433508574962616,-0.05288690701127052,0.18729302287101746,0.26726725697517395,-0.07565555721521378,0.16954699158668518,0.2863669693470001,-0.0724041759967804,0.15727046132087708,0.32033494114875793,-0.06363216787576675
V,0.09400352835655212,0.5765059292316437,7.078805310811731e-07,0.04255688190460205,0.5089617669582367,-0.025955326855182648,0.029332786798477173,0.4121043384075165,-0.041983701288700104,0.05730214715003967,0.33946970105171204,-0.06128871813416481,0.09249022603034973,0.3005717098712921,-0.07933041453361511,0.036816567182540894,0.287105530500412,-0.023051699623465538,0.01701703667640686,0.15945491194725037,-0.04902717098593712,0.006884485483169556,0.0814424455165863,-0.0655369684100151,0.0,0.01893332600593567,-0.07528231292963028,0.08844497799873352,0.2828114926815033,-0.030554557219147682,0.11149963736534119,0.14460590481758118,-0.05763542652130127,0.1225874125957489,0.06260183453559875,-0.07537767291069031,0.13415607810020447,0.0,-0.08421673625707626,0.13211175799369812,0.30759528279304504,-0.04173365235328674,0.14190593361854553,0.2166658639907837,-0.07765012234449387,0.12410292029380798,0.2657066285610199,-0.08413239568471909,0.11675801873207092,0.31740620732307434,-0.07727114111185074,0.1706315577030182,0.3494274318218231,-0.055237121880054474,0.1838603913784027,0.27148738503456116,-0.07696589082479477,0.16722342371940613,0.28645917773246765,-0.07337070256471634,0.15705201029777527,0.3182148039340973,-0.06452129036188126
V,0.09133470058441162,0.5764143466949463,7.133954795790487e-07,0.038977980613708496,0.5062077641487122,-0.024931486696004868,0.02622121572494507,0.40835654735565186,-0.04019393026828766,0.05599254369735718,0.33656346797943115,-0.05893059819936752,0.09104645252227783,0.2938162684440613,-0.07626443356275558,0.03378620743751526,0.28370803594589233,-0.01974373310804367,0.015641510486602783,0.1569768190383911,-0.04501384496688843,0.006579101085662842,0.07957106828689575,-0.061251506209373474,0.0,0.017209351062774658,-0.07106823474168777,0.08612501621246338,0.2805942893028259,-0.027668779715895653,0.11075723171234131,0.14312416315078735,-0.05415508523583412,0.12271815538406372,0.062061965465545654,-0.07170864194631577,0.13462793827056885,0.0,-0.0805562436580658,0.13003170490264893,0.3069263696670532,-0.03940187022089958,0.14079159498214722,0.2144155502319336,-0.0749313086271286,0.12179720401763916,0.2650721073150635,-0.08043260127305984,0.11369895935058594,0.3168824315071106,-0.07304289191961288,0.16877394914627075,0.3498614430427551,-0.05340493470430374,0.18140780925750732,0.2717662453651428,-0.07504335790872574,0.16459518671035767,0.2865239977836609,-0.07090636342763901,0.15467947721481323,0.31595003604888916,-0.06174686923623085
V,0.090151846408844,0.5745554864406586,7.254037086568133e-07,0.03711789846420288,0.5050342977046967,-0.02733101323246956,0.02540898323059082,0.40713605284690857,-0.043482307344675064,0.060534775257110596,0.3390231430530548,-0.06260956078767776,0.09947854280471802,0.30377522110939026,-0.0804356262087822,0.03160408139228821,0.2826590836048126,-0.021597739309072495,0.014955252408981323,0.15499171614646912,-0.04678769409656525,0.006051152944564819,0.07720938324928284,-0.06289167702198029,0.0,0.014982789754867554,-0.0726647824048996,0.08496224880218506,0.27960696816444397,-0.028326090425252914,0.10834592580795288,0.1432507336139679,-0.055468861013650894,0.11939311027526855,0.0626325011253357,-0.07386966049671173,0.13119947910308838,0.0,-0.08315156400203705,0.1296260952949524,0.3055363595485687,-0.038942113518714905,0.1395277976989746,0.21292051672935486,-0.07571927458047867,0.12140166759490967,0.26476648449897766,-0.08231078833341599,0.11353051662445068,0.317985862493515,-0.07508896291255951,0.16896110773086548,0.3479227125644684,-0.051876001060009,0.17974692583084106,0.2693499028682709,-0.07380837202072144,0.16427826881408691,0.2830418050289154,-0.06982234865427017,0.15555691719055176,0.311737984418869,-0.06057796627283096
V,0.08778434991836548,0.5779114663600922,7.448477390425978e-07,0.036788761615753174,0.503456324338913,-0.0246222335845232,0.026530712842941284,0.4078854024410248,-0.03974893316626549,0.062143921852111816,0.3426714241504669,-0.05867131054401398,0.0990486741065979,0.3113192617893219,-0.07634694129228592,0.03261709213256836,0.2819558084011078,-0.016832701861858368,0.015671491622924805,0.15565109252929688,-0.04081697762012482,0.007024109363555908,0.07934248447418213,-0.05578410625457764,0.0,0.017679035663604736,-0.06422401964664459,0.08550482988357544,0.2797079384326935,-0.025004688650369644,0.10859209299087524,0.14417821168899536,-0.05075010284781456,0.12011122703552246,0.06215524673461914,-0.06761951744556427,0.13049209117889404,0.0,-0.07505205273628235,0.12998414039611816,0.3070410192012787,-0.0372232086956501,0.13895106315612793,0.22312793135643005,-0.07390439510345459,0.12391549348831177,0.2768603265285492,-0.08071951568126678,0.1172371506690979,0.3298795521259308,-0.07275663316249847,0.16896414756774902,0.35140588879585266,-0.05151209980249405,0.18139660358428955,0.2766002118587494,-0.0725136324763298,0.1662117838859558,0.29700955748558044,-0.06711751222610474,0.15663838386535645,0.33147892355918884,-0.056466855108737946
V,0.0805417001247406,0.5771816372871399,7.312588650165708e-07,0.03025147318840027,0.5081413388252258,-0.026977049186825752,0.019577592611312866,0.40973126888275146,-0.043209951370954514,0.052222639322280884,0.3383678197860718,-0.06250794231891632,0.08842530846595764,0.30056893825531006,-0.08038012683391571,0.02846720814704895,0.28570491075515747,-0.023406174033880234,0.01362699270248413,0.15525785088539124,-0.04920446500182152,0.006052523851394653,0.07606834173202515,-0.06473366171121597,0.0,0.012583345174789429,-0.07336076349020004,0.08070525527000427,0.28412288427352905,-0.03040403686463833,0.10579130053520203,0.14383986592292786,-0.05722086504101753,0.11827316880226135,0.06173577904701233,-0.0741216167807579,0.12966403365135193,0.0,-0.08173257112503052,0.12426963448524475,0.3113630414009094,-0.04116915538907051,0.13478007912635803,0.2239094376564026,-0.0774477869272232,0.1189517080783844,0.2750764489173889,-0.08298902213573456,0.1119445264339447,0.3271139860153198,-0.0746360570192337,0.16196778416633606,0.3546968102455139,-0.05426808446645737,0.17575547099113464,0.2782994508743286,-0.07536452263593674,0.16131356358528137,0.2956479787826538,-0.07000136375427246,0.15223142504692078,0.32792168855667114,-0.05950867012143135
V,0.07987472414970398,0.5793026089668274,7.328467859224475e-07,0.03129890561103821,0.5109854936599731,-0.02681439183652401,0.02046218514442444,0.4155729413032532,-0.04334033653140068,0.05034080147743225,0.34597450494766235,-0.0627862811088562,0.0851835310459137,0.3111101984977722,-0.08080565929412842,0.02830103039741516,0.28610461950302124,-0.024080537259578705,0.012822180986404419,0.15658077597618103,-0.05059449374675751,0.00577235221862793,0.07790350914001465,-0.0670798048377037,0.0,0.01407468318939209,-0.07655815780162811,0.08068636059761047,0.28410571813583374,-0.030993906781077385,0.1061040461063385,0.14444804191589355,-0.058438464999198914,0.11886629462242126,0.06310483813285828,-0.07550396770238876,0.12972357869148254,0.0,-0.08323432505130768,0.1242961585521698,0.311556875705719,-0.041579246520996094,0.13381478190422058,0.22095423936843872,-0.07839798927307129,0.11958315968513489,0.2747887969017029,-0.0828414186835289,0.11334642767906189,0.32828062772750854,-0.0735306367278099,0.1623229682445526,0.35645782947540283,-0.05448806285858154,0.17570343613624573,0.2814008593559265,-0.07606794685125351,0.16194477677345276,0.29853105545043945,-0.07036600261926651,0.15346601605415344,0.32927703857421875,-0.05939581245183945
V,0.08009466528892517,0.5801727771759033,7.422933094858308e-07,0.030922263860702515,0.510665237903595,-0.02771192044019699,0.018796056509017944,0.41562730073928833,-0.0454183891415596,0.05139109492301941,0.34735268354415894,-0.06569163501262665,0.08996769785881042,0.312919557094574,-0.0843692272901535,0.027261048555374146,0.28600096702575684,-0.025628291070461273,0.013451576232910156,0.1565266251564026,-0.052888814359903336,0.005861639976501465,0.07693183422088623,-0.06989491730928421,0.0,0.01291772723197937,-0.07961634546518326,0.0805034339427948,0.2853238582611084,-0.03221726045012474,0.10494455695152283,0.14659756422042847,-0.060722142457962036,0.11750069260597229,0.06378892064094543,-0.0790911316871643,0.12968459725379944,0.0,-0.08769422024488449,0.12492850422859192,0.31302571296691895,-0.04237999767065048,0.13674256205558777,0.22712638974189758,-0.07914292812347412,0.12126103043556213,0.27658647298812866,-0.08433357626199722,0.11337617039680481,0.3275808095932007,-0.07559605687856674,0.1632249653339386,0.3569675087928772,-0.0549447275698185,0.17790880799293518,0.2851637601852417,-0.07617457956075668,0.165950745344162,0.2949860095977783,-0.07092173397541046,0.1579517424106598,0.3186405897140503,-0.06022190675139427
V,0.08084338903427124,0.5768532752990723,7.270125479408307e-07,0.03330808877944946,0.5047916769981384,-0.025479819625616074,0.01979374885559082,0.41326844692230225,-0.04297279566526413,0.04706460237503052,0.34679585695266724,-0.06346924602985382,0.08542752265930176,0.31195640563964844,-0.08266884833574295,0.0284426212310791,0.282129168510437,-0.024714160710573196,0.014436483383178711,0.15481185913085938,-0.05227632448077202,0.0063814520835876465,0.0759199857711792,-0.07007244974374771,0.0,0.011817783117294312,-0.08071054518222809,0.08005553483963013,0.28096622228622437,-0.03265778347849846,0.10312926769256592,0.1446039080619812,-0.061136942356824875,0.11685073375701904,0.0629987120628357,-0.08047077804803848,0.12974411249160767,0.0,-0.090298131108284,0.12328654527664185,0.3087116479873657,-0.043883927166461945,0.1351248025894165,0.22355049848556519,-0.07966804504394531,0.12217986583709717,0.27011924982070923,-0.08538837730884552,0.11497718095779419,0.3199158310890198,-0.07790057361125946,0.16065281629562378,0.3535270094871521,-0.05741608515381813,0.1759505271911621,0.28252947330474854,-0.07843241840600967,0.1667855978012085,0.2881014943122864,-0.07406867295503616,0.15984100103378296,0.30835819244384766,-0.06447896361351013
V,0.08495572209358215,0.5730808973312378,7.528533956246974e-07,0.03530111908912659,0.501750111579895,-0.027675310149788857,0.023508697748184204,0.407329261302948,-0.04538058489561081,0.06223836541175842,0.34616291522979736,-0.06571928411722183,0.10477665066719055,0.3198041319847107,-0.08486308157444,0.02942979335784912,0.2807002663612366,-0.02462737448513508,0.01547151803970337,0.15370094776153564,-0.05102136358618736,0.006881028413772583,0.07567659020423889,-0.06823237240314484,0.0,0.012133300304412842,-0.07892044633626938,0.08267256617546082,0.2794882655143738,-0.031839970499277115,0.10510781407356262,0.14489060640335083,-0.059841006994247437,0.11775818467140198,0.06408604979515076,-0.07924103736877441,0.13018956780433655,0.0,-0.08931194990873337,0.12683114409446716,0.30700165033340454,-0.04268975555896759,0.1411607563495636,0.2242531180381775,-0.07949291914701462,0.12624087929725647,0.27524232864379883,-0.08607304841279984,0.11696383357048035,0.3253459930419922,-0.07882822304964066,0.164962500333786,0.3503446578979492,-0.05594057962298393,0.17911383509635925,0.2794402837753296,-0.0780874639749527,0.16829058527946472,0.29055172204971313,-0.07394558191299438,0.16051754355430603,0.3140760660171509,-0.06451442837715149
V,0.08421900868415833,0.5701913833618164,7.37007951556734e-07,0.035559624433517456,0.5002806186676025,-0.025997178629040718,0.024052411317825317,0.4083787798881531,-0.04310900345444679,0.054987937211990356,0.3436295986175537,-0.06291589885950089,0.09050652384757996,0.3128860592842102,-0.08143872022628784,0.031040966510772705,0.2772778868675232,-0.022852320224046707,0.016147613525390625,0.15017098188400269,-0.04821331426501274,0.007017165422439575,0.07215702533721924,-0.06486652791500092,0.0,0.009483873844146729,-0.07486969977617264,0.08236357569694519,0.27758127450942993,-0.02977607399225235,0.10322782397270203,0.14419513940811157,-0.05689909681677818,0.11509284377098083,0.06294962763786316,-0.07587669789791107,0.12647375464439392,0.0,-0.08564630895853043,0.1253931224346161,0.3056475520133972,-0.04005376249551773,0.13767245411872864,0.2207646369934082,-0.07554078102111816,0.12560012936592102,0.26823562383651733,-0.08165999501943588,0.11818292737007141,0.31888747215270996,-0.07435312867164612,0.16324272751808167,0.34938526153564453,-0.05252556502819061,0.17874625325202942,0.27740228176116943,-0.07364445179700851,0.1705867350101471,0.2858036756515503,-0.06928680092096329,0.16444715857505798,0.3085959553718567,-0.059663496911525726
V,0.08513334393501282,0.5721701979637146,7.055975288494665e-07,0.038437604904174805,0.501197338104248,-0.02521958388388157,0.027711093425750732,0.4072228670120239,-0.042035236954689026,0.05917927622795105,0.34101516008377075,-0.06185327097773552,0.0965106189250946,0.3082386255264282,-0.0804639533162117,0.032879143953323364,0.2801164388656616,-0.02241549640893936,0.01700916886329651,0.1535394787788391,-0.049623485654592514,0.007592827081680298,0.07489150762557983,-0.06768534332513809,0.0,0.011402010917663574,-0.07912818342447281,0.08351489901542664,0.27897804975509644,-0.030599402263760567,0.10467353463172913,0.1442635953426361,-0.06036079674959183,0.115621417760849,0.06411737203598022,-0.08118786662817001,0.12640079855918884,0.0,-0.0922117829322815,0.12630769610404968,0.3066926598548889,-0.04205670207738876,0.14127853512763977,0.21664196252822876,-0.07919008284807205,0.1261442005634308,0.26471084356307983,-0.08515571802854538,0.11666271090507507,0.3145333528518677,-0.07780513167381287,0.16370615363121033,0.3520997166633606,-0.05577170103788376,0.18049272894859314,0.28283655643463135,-0.07874209433794022,0.1718091070652008,0.2844480872154236,-0.07586180418729782,0.1647348701953888,0.29954952001571655,-0.06727606803178787
V,0.08541002869606018,0.5739531517028809,7.197875220299466e-07,0.036722779273986816,0.5034195184707642,-0.02636774070560932,0.023645848035812378,0.41035640239715576,-0.043784648180007935,0.05744531750679016,0.3438493609428406,-0.06392388790845871,0.09979501366615295,0.3148479461669922,-0.08278689533472061,0.030201971530914307,0.28048813343048096,-0.023481015115976334,0.015868574380874634,0.15312224626541138,-0.049519218504428864,0.007023483514785767,0.07467776536941528,-0.06714799255132675,0.0,0.011115819215774536,-0.07861098647117615,0.08231857419013977,0.27904802560806274,-0.030990516766905785,0.10339739918708801,0.14531773328781128,-0.05863405764102936,0.11469921469688416,0.06415021419525146,-0.07844924181699753,0.12572136521339417,0.0,-0.08950251340866089,0.12569460272789001,0.30652230978012085,-0.04189543053507805,0.1403697431087494,0.21748024225234985,-0.0772612914443016,0.12534233927726746,0.2631469964981079,-0.08364252746105194,0.11507496237754822,0.3131466507911682,-0.07730921357870102,0.16336467862129211,0.35127317905426025,-0.0552387610077858,0.18010345101356506,0.2799987196922302,-0.07753965258598328,0.1703743040561676,0.28459227085113525,-0.07481510192155838,0.16157886385917664,0.30524390935897827,-0.06669121980667114
V,0.0868285596370697,0.573179304599762,7.197131708380766e-07,0.03722172975540161,0.5004892349243164,-0.02617349661886692,0.025963783264160156,0.40448737144470215,-0.04293867573142052,0.05791464447975159,0.33696115016937256,-0.0626106709241867,0.09565922617912292,0.30474501848220825,-0.08114952594041824,0.033193230628967285,0.2840932011604309,-0.023820016533136368,0.01758366823196411,0.15556946396827698,-0.0501968190073967,0.007602661848068237,0.07674124836921692,-0.06754162162542343,0.0,0.012476533651351929,-0.07850717008113861,0.08422687649726868,0.28228968381881714,-0.0313209630548954,0.10527917742729187,0.14644092321395874,-0.05954572185873985,0.11579295992851257,0.06453046202659607,-0.07969024032354355,0.1270885169506073,0.0,-0.09090711921453476,0.1271364986896515,0.3091621994972229,-0.04217207804322243,0.1405031383037567,0.21731075644493103,-0.07822327315807343,0.12352612614631653,0.26241010427474976,-0.08549103140830994,0.11309501528739929,0.3121177554130554,-0.079755999147892,0.1648522913455963,0.35214030742645264,-0.05538036674261093,0.18119767308235168,0.2773887515068054,-0.07790570706129074,0.16955271363258362,0.2830084562301636,-0.07563940435647964,0.16023775935173035,0.30511194467544556,-0.06802617758512497
V,0.08599391579627991,0.5700719058513641,7.334743372666708e-07,0.03744402527809143,0.49532660841941833,-0.026815181598067284,0.025655359029769897,0.4005032479763031,-0.04427201300859451,0.05556043982505798,0.3312651813030243,-0.06424936652183533,0.09041264653205872,0.29131177067756653,-0.08286786079406738,0.03265583515167236,0.2804925739765167,-0.023604951798915863,0.016982436180114746,0.15517708659172058,-0.05139283463358879,0.007279545068740845,0.07676365971565247,-0.06921904534101486,0.0,0.013502895832061768,-0.07976260036230087,0.08299317955970764,0.27998778223991394,-0.030698169022798538,0.10435011982917786,0.14483609795570374,-0.06088326498866081,0.11427608132362366,0.06320106983184814,-0.08138813823461533,0.12511345744132996,0.0,-0.09139743447303772,0.12631425261497498,0.30821332335472107,-0.04126102104783058,0.1391860544681549,0.22270467877388,-0.07940531522035599,0.1209118664264679,0.2680319845676422,-0.08630353212356567,0.11041775345802307,0.3163866102695465,-0.07889688014984131,0.16386476159095764,0.35328492522239685,-0.05400049313902855,0.17832478880882263,0.284996896982193,-0.07758670300245285,0.16883143782615662,0.2835988700389862,-0.07493160665035248,0.16221067309379578,0.2950505316257477,-0.06603466719388962
V,0.0899217426776886,0.5664848685264587,7.424965815516771e-07,0.039576053619384766,0.4931883215904236,-0.024927806109189987,0.026294022798538208,0.4005756974220276,-0.041573695838451385,0.06300988793373108,0.34022384881973267,-0.0609830766916275,0.10732713341712952,0.31952613592147827,-0.07937877625226974,0.033513814210891724,0.2770199775695801,-0.022573381662368774,0.017131060361862183,0.15088307857513428,-0.04757790267467499,0.007529735565185547,0.0744633674621582,-0.06361860036849976,0.0,0.01232883334159851,-0.07359329611063004,0.08522114157676697,0.27649223804473877,-0.030212989076972008,0.10561659932136536,0.14236971735954285,-0.05722004175186157,0.11465302109718323,0.06219252943992615,-0.0761275514960289,0.12395790219306946,0.0,-0.08572994917631149,0.12903568148612976,0.30444425344467163,-0.04105217754840851,0.14063140749931335,0.22019976377487183,-0.07664923369884491,0.12456205487251282,0.26532018184661865,-0.08420489728450775,0.1148311197757721,0.314159631729126,-0.07772450894117355,0.16705235838890076,0.3487049341201782,-0.05399041250348091,0.18031790852546692,0.28227484226226807,-0.07593096792697906,0.1722249686717987,0.2825232148170471,-0.07366339862346649,0.16663816571235657,0.29646044969558716,-0.06546243280172348
V,0.08963894844055176,0.570015162229538,7.456131925209775e-07,0.04054427146911621,0.5036202967166901,-0.027370799332857132,0.02667945623397827,0.41028985381126404,-0.04507347568869591,0.059237003326416016,0.3456346094608307,-0.06490965187549591,0.09833395481109619,0.3202275335788727,-0.08338341116905212,0.030606478452682495,0.28023120760917664,-0.025343146175146103,0.015236765146255493,0.1535147726535797,-0.051695093512535095,0.006712436676025391,0.07542744278907776,-0.06872545182704926,0.0,0.012593209743499756,-0.07928770780563354,0.08261042833328247,0.27872756123542786,-0.03209035098552704,0.10250908136367798,0.14351209998130798,-0.06085530295968056,0.11233538389205933,0.06305363774299622,-0.08029048144817352,0.12246835231781006,0.0,-0.08994315564632416,0.12698149681091309,0.30642810463905334,-0.04209921881556511,0.13979500532150269,0.22003987431526184,-0.0785100981593132,0.12438267469406128,0.26849469542503357,-0.08423759788274765,0.11490321159362793,0.318236380815506,-0.07641814649105072,0.16581052541732788,0.35099998116493225,-0.054509487003088,0.1801382303237915,0.2843616306781769,-0.07720501720905304,0.17089301347732544,0.28551045060157776,-0.07416767627000809,0.16375064849853516,0.29858872294425964,-0.0651930719614029
V,0.08728569746017456,0.5763493478298187,7.64241292472434e-07,0.03856775164604187,0.5019734799861908,-0.0264341589063406,0.029275894165039062,0.40533074736595154,-0.04377828910946846,0.0686107873916626,0.34109655022621155,-0.06329231709241867,0.1134304404258728,0.31933465600013733,-0.0817192792892456,0.03224274516105652,0.2821705639362335,-0.023333417251706123,0.016157150268554688,0.1549118459224701,-0.04915235936641693,0.006987869739532471,0.07650396227836609,-0.06688214093446732,0.0,0.014347076416015625,-0.078499935567379,0.08367204666137695,0.28205910325050354,-0.030239878222346306,0.10232400894165039,0.14657247066497803,-0.058184195309877396,0.11116081476211548,0.06405690312385559,-0.07901963591575623,0.1220388412475586,0.0,-0.09038234502077103,0.1276283860206604,0.31137558817863464,-0.040317971259355545,0.13994765281677246,0.2223430573940277,-0.07465124875307083,0.12343257665634155,0.26293256878852844,-0.08183194696903229,0.11373525857925415,0.309092253446579,-0.0762052983045578,0.16536015272140503,0.35814717411994934,-0.05286058783531189,0.1794828176498413,0.2906300723552704,-0.07540499418973923,0.1729143261909485,0.28279003500938416,-0.07444223016500473,0.16846030950546265,0.28799352049827576,-0.06752065569162369
V,0.08744898438453674,0.5729959905147552,7.543741276094806e-07,0.03796568512916565,0.5017076432704926,-0.027389544993638992,0.027783840894699097,0.405526727437973,-0.04496285319328308,0.06790092587471008,0.34099456667900085,-0.06482820212841034,0.11380210518836975,0.3154850900173187,-0.08333863317966461,0.03129354119300842,0.2812083065509796,-0.024410022422671318,0.015622705221176147,0.15235832333564758,-0.04997951537370682,0.006426990032196045,0.07376173138618469,-0.06613560020923615,0.0,0.011552423238754272,-0.07604826241731644,0.08371797204017639,0.2809489071369171,-0.031239287927746773,0.10414960980415344,0.14433470368385315,-0.05901021510362625,0.11356911063194275,0.062356382608413696,-0.0782056525349617,0.12422147393226624,0.0,-0.08795374631881714,0.1281243860721588,0.3095901310443878,-0.041521646082401276,0.14155897498130798,0.2238048017024994,-0.07797177881002426,0.12275645136833191,0.26704874634742737,-0.08607702702283859,0.11097237467765808,0.31411561369895935,-0.08010344952344894,0.1658608615398407,0.3544475734233856,-0.05406489968299866,0.1801261603832245,0.28581514954566956,-0.07740627229213715,0.1693665087223053,0.28900763392448425,-0.07564027607440948,0.16177979111671448,0.3063928186893463,-0.06766824424266815
V,0.08773046731948853,0.5784205198287964,7.757777211736538e-07,0.038216739892959595,0.5075490474700928,-0.02728167176246643,0.027054816484451294,0.4109216332435608,-0.0451245941221714,0.06316924095153809,0.34483474493026733,-0.06491995602846146,0.105121910572052,0.3176853060722351,-0.08310577273368835,0.030310869216918945,0.28526508808135986,-0.025791209191083908,0.01584109663963318,0.1562497317790985,-0.05178012326359749,0.007146358489990234,0.0781298279762268,-0.06862809509038925,0.0,0.014990419149398804,-0.07915879786014557,0.08213251829147339,0.28461754322052,-0.03220035880804062,0.1035146713256836,0.147944837808609,-0.06036730855703354,0.11439019441604614,0.0649070143699646,-0.07967821508646011,0.12540316581726074,0.0,-0.08938873559236526,0.12608283758163452,0.3134388327598572,-0.04174652323126793,0.13731175661087036,0.224908709526062,-0.07726021111011505,0.12294310331344604,0.2720273733139038,-0.0824151411652565,0.1148497462272644,0.32211869955062866,-0.0744132474064827,0.16433072090148926,0.35945701599121094,-0.05373312905430794,0.17806637287139893,0.2923702001571655,-0.07626792788505554,0.17143362760543823,0.28755122423171997,-0.07334838807582855,0.1669953465461731,0.29477202892303467,-0.06445086002349854
V,0.08358260989189148,0.5704931318759918,8.212063562496041e-07,0.03466641902923584,0.5005879700183868,-0.02881721779704094,0.024758219718933105,0.4056605398654938,-0.04749686270952225,0.06494656205177307,0.3431774079799652,-0.06747377663850784,0.11156246066093445,0.3214562237262726,-0.08603768795728683,0.026943862438201904,0.28010955452919006,-0.029149534180760384,0.013963967561721802,0.15098467469215393,-0.055331721901893616,0.006374359130859375,0.07298395037651062,-0.07161825150251389,0.0,0.010570615530014038,-0.08182752132415771,0.0788247287273407,0.28051766753196716,-0.03472711518406868,0.10107699036598206,0.14473065733909607,-0.06317742168903351,0.11177226901054382,0.06273570656776428,-0.08182235062122345,0.1228659451007843,0.0,-0.09103340655565262,0.1225791871547699,0.3113098442554474,-0.04344974085688591,0.13552680611610413,0.22581645846366882,-0.07961542159318924,0.1183190643787384,0.2724410593509674,-0.08547826111316681,0.10805734992027283,0.3205830752849579,-0.07799571752548218,0.15914508700370789,0.3591621220111847,-0.05460591986775398,0.1739450991153717,0.2992933690547943,-0.07947143912315369,0.1685028374195099,0.2900557219982147,-0.07905729115009308,0.16508963704109192,0.29012539982795715,-0.07185464352369308
V,0.08453431725502014,0.5718672573566437,7.530919106102374e-07,0.034841686487197876,0.5000161230564117,-0.02546924166381359,0.022567301988601685,0.40434178709983826,-0.04352732002735138,0.05948027968406677,0.33971700072288513,-0.06417559087276459,0.1042889654636383,0.3148472011089325,-0.08380845189094543,0.03037223219871521,0.2822873294353485,-0.026780832558870316,0.015478760004043579,0.15338283777236938,-0.05419734865427017,0.0066651999950408936,0.0741894543170929,-0.07206184417009354,0.0,0.010897994041442871,-0.08334624767303467,0.08179447054862976,0.2819302976131439,-0.03478822484612465,0.10285362601280212,0.14592745900154114,-0.06403336673974991,0.11252644658088684,0.06390294432640076,-0.08386139571666718,0.12426498532295227,0.0,-0.09432151913642883,0.12542805075645447,0.31027135252952576,-0.045755572617053986,0.13771751523017883,0.22206658124923706,-0.0811082124710083,0.11823305487632751,0.26703283190727234,-0.08620884269475937,0.10781815648078918,0.31574466824531555,-0.07875311374664307,0.16288039088249207,0.3553747236728668,-0.05912559852004051,0.17568066716194153,0.28649619221687317,-0.0813041403889656,0.16519734263420105,0.2844453752040863,-0.07820972055196762,0.15887603163719177,0.2964118421077728,-0.06961037963628769
V,0.08533617854118347,0.5696607530117035,7.569943818452884e-07,0.036688655614852905,0.49731990694999695,-0.026601625606417656,0.02726075053215027,0.40187951922416687,-0.04313301667571068,0.06302735209465027,0.33683910965919495,-0.06192420423030853,0.10088947415351868,0.30767759680747986,-0.07934241741895676,0.029924631118774414,0.2799322307109833,-0.02211153879761696,0.015938669443130493,0.15310156345367432,-0.04733884707093239,0.007047086954116821,0.0756770670413971,-0.06363479048013687,0.0,0.013654619455337524,-0.07347125560045242,0.08136406540870667,0.2791605293750763,-0.028366150334477425,0.10247030854225159,0.14476117491722107,-0.05564127489924431,0.11303451657295227,0.06289610266685486,-0.07479629665613174,0.12398162484169006,0.0,-0.08432242274284363,0.12505605816841125,0.3068765103816986,-0.038067322224378586,0.13751104474067688,0.2247042953968048,-0.07364021986722946,0.12154081463813782,0.26933541893959045,-0.08087735623121262,0.11211493611335754,0.31787946820259094,-0.07420307397842407,0.16265878081321716,0.35062721371650696,-0.05000116676092148,0.17610427737236023,0.285856693983078,-0.0719643235206604,0.16779252886772156,0.2882142961025238,-0.06924270838499069,0.16245678067207336,0.30395278334617615,-0.06061190739274025
V,0.08520746231079102,0.5678780972957611,7.575710583296313e-07,0.03633379936218262,0.4993034899234772,-0.026861054822802544,0.024686455726623535,0.40316250920295715,-0.04424118250608444,0.06273192167282104,0.3381909430027008,-0.06363224983215332,0.10483533143997192,0.3142656981945038,-0.08187055587768555,0.028401494026184082,0.2807278335094452,-0.027440184727311134,0.014080822467803955,0.15301844477653503,-0.05365192890167236,0.006073057651519775,0.0750555694103241,-0.07025694102048874,0.0,0.012315541505813599,-0.08065816015005112,0.08000469207763672,0.27963998913764954,-0.034185536205768585,0.10009169578552246,0.14456069469451904,-0.06237110123038292,0.11044180393218994,0.06263074278831482,-0.08157120645046234,0.12185043096542358,0.0,-0.09135261923074722,0.12363988161087036,0.3083840310573578,-0.0439659059047699,0.13523489236831665,0.2250012755393982,-0.07939858734607697,0.11805391311645508,0.2696123421192169,-0.08589103072881699,0.10831815004348755,0.3171660602092743,-0.07917728275060654,0.16084504127502441,0.35381636023521423,-0.05610249936580658,0.1736851930618286,0.28898683190345764,-0.07922212779521942,0.16462570428848267,0.2855866253376007,-0.07766956090927124,0.15881824493408203,0.29449376463890076,-0.07005079835653305
V,0.08564922213554382,0.566342294216156,7.765291343275749e-07,0.036717742681503296,0.4985641837120056,-0.02702111192047596,0.024342834949493408,0.4026923179626465,-0.04479595273733139,0.06168434023857117,0.339638352394104,-0.06417526304721832,0.10653045773506165,0.31695556640625,-0.08248524367809296,0.029366761445999146,0.27757126092910767,-0.02940349653363228,0.01553952693939209,0.14902722835540771,-0.05657130479812622,0.00707659125328064,0.07084298133850098,-0.07340046763420105,0.0,0.00929725170135498,-0.0836334377527237,0.08132311701774597,0.27750420570373535,-0.03591463714838028,0.10354200005531311,0.14305758476257324,-0.06532634049654007,0.11296257376670837,0.062189191579818726,-0.08441047370433807,0.12340369820594788,0.0,-0.0936322957277298,0.1252976357936859,0.30750906467437744,-0.045328281819820404,0.13760462403297424,0.22479167580604553,-0.08190496265888214,0.11947181820869446,0.2699575424194336,-0.0877537652850151,0.10959956049919128,0.3167702555656433,-0.08013705164194107,0.16168513894081116,0.35491955280303955,-0.05697592720389366,0.17433032393455505,0.2940855622291565,-0.08167426288127899,0.16686251759529114,0.2864620089530945,-0.08050612360239029,0.16316744685173035,0.2888147830963135,-0.07263053953647614
V,0.08447065949440002,0.5667834877967834,7.370352363977872e-07,0.035159796476364136,0.49392443895339966,-0.025280574336647987,0.024310678243637085,0.40025097131729126,-0.0428243950009346,0.06115761399269104,0.33789145946502686,-0.06302741169929504,0.10462549328804016,0.311363160610199,-0.08215148001909256,0.03113347291946411,0.28171634674072266,-0.026459679007530212,0.016101717948913574,0.15231668949127197,-0.053121376782655716,0.006871670484542847,0.07359960675239563,-0.06976257264614105,0.0,0.01110413670539856,-0.07977520674467087,0.08227786421775818,0.2813999652862549,-0.034298479557037354,0.10290834307670593,0.14556264877319336,-0.06280430406332016,0.11198285222053528,0.06342253088951111,-0.08221139758825302,0.12292119860649109,0.0,-0.09217533469200134,0.1257399618625641,0.309367835521698,-0.04516362026333809,0.13657507300376892,0.22540611028671265,-0.08072865009307861,0.11862507462501526,0.26738280057907104,-0.08784274756908417,0.10921987891197205,0.313183069229126,-0.0816304087638855,0.16316184401512146,0.35336238145828247,-0.058230623602867126,0.1768524944782257,0.28319865465164185,-0.0798502191901207,0.16454395651817322,0.28531670570373535,-0.07702825963497162,0.15655365586280823,0.3027878403663635,-0.06877042353153229
V,0.08607861399650574,0.566640704870224,7.300643005692109e-07,0.03655102849006653,0.49837741255760193,-0.027158478274941444,0.02458813786506653,0.4035056531429291,-0.044258493930101395,0.058888643980026245,0.3378234803676605,-0.06376344710588455,0.09991726279258728,0.3090057671070099,-0.08212556689977646,0.03193306922912598,0.2795849144458771,-0.02460642345249653,0.016663819551467896,0.15262600779533386,-0.050745654851198196,0.007282257080078125,0.07437747716903687,-0.06754366308450699,0.0,0.011731117963790894,-0.07772871106863022,0.08348992466926575,0.27865079045295715,-0.031517185270786285,0.10414138436317444,0.1430625021457672,-0.05953379347920418,0.11348530650138855,0.06276768445968628,-0.07869896292686462,0.12372168898582458,0.0,-0.08814892172813416,0.12709662318229675,0.3068298399448395,-0.04179147258400917,0.13683339953422546,0.22207415103912354,-0.07837102562189102,0.11989441514015198,0.2699567973613739,-0.08470204472541809,0.11086598038673401,0.31856468319892883,-0.07720957696437836,0.1645863950252533,0.3513985574245453,-0.0543176606297493,0.17540785670280457,0.27999088168144226,-0.07662839442491531,0.16335150599479675,0.2907363474369049,-0.07232216000556946,0.15643265843391418,0.3148208558559418,-0.06243965029716492
V,0.09029316902160645,0.5710030496120453,7.508501198572048e-07,0.041456758975982666,0.5037054717540741,-0.029578417539596558,0.029708296060562134,0.4098171889781952,-0.04742921516299248,0.06086933612823486,0.33979788422584534,-0.06710714101791382,0.09632515907287598,0.30453190207481384,-0.08493862301111221,0.03250136971473694,0.28056296706199646,-0.024391382932662964,0.017229825258255005,0.15334036946296692,-0.05113362893462181,0.007353246212005615,0.07406473159790039,-0.0684642419219017,0.0,0.010736167430877686,-0.07849342375993729,0.08414220809936523,0.2792463004589081,-0.02954097092151642,0.10534828901290894,0.14521661400794983,-0.0578826479613781,0.11565333604812622,0.06308165192604065,-0.07670630514621735,0.1262420415878296,0.0,-0.08557028323411942,0.12803196907043457,0.30581405758857727,-0.038506146520376205,0.14228695631027222,0.2241567075252533,-0.07505197823047638,0.12603288888931274,0.27266553044319153,-0.08054929226636887,0.11595761775970459,0.3232978880405426,-0.07212138175964355,0.16548359394073486,0.3482082188129425,-0.04998798668384552,0.17882108688354492,0.28119561076164246,-0.07152792066335678,0.1671428084373474,0.2895808517932892,-0.06653472781181335,0.1586374044418335,0.31172975897789,-0.0558924525976181
V,0.0878763198852539,0.5671572089195251,7.384869036286545e-07,0.03915649652481079,0.49840009212493896,-0.02610538713634014,0.026833325624465942,0.4034739136695862,-0.043389659374952316,0.054108232259750366,0.33403366804122925,-0.06305958330631256,0.09005159139633179,0.29777801036834717,-0.08117099851369858,0.03260481357574463,0.27868586778640747,-0.024494778364896774,0.017010360956192017,0.1511968970298767,-0.05085334926843643,0.007224440574645996,0.07337304949760437,-0.0676698312163353,0.0,0.011782944202423096,-0.07762905955314636,0.08247756958007812,0.27838796377182007,-0.031253915280103683,0.10485869646072388,0.14336422085762024,-0.05968563258647919,0.11449474096298218,0.06228971481323242,-0.07889989763498306,0.12535560131072998,0.0,-0.0886308029294014,0.12593817710876465,0.30564963817596436,-0.04114367067813873,0.13935589790344238,0.21919453144073486,-0.0767296776175499,0.12112283706665039,0.2664995789527893,-0.08190099149942398,0.1114422082901001,0.31713247299194336,-0.07422585040330887,0.1639460325241089,0.3491906523704529,-0.053302060812711716,0.1778010129928589,0.2819387912750244,-0.07489033043384552,0.1674189567565918,0.28470760583877563,-0.07095140218734741,0.16141968965530396,0.30099135637283325,-0.06164340674877167
V,0.09484803676605225,0.5675683617591858,7.21593607977411e-07,0.04582366347312927,0.4987563490867615,-0.02758202701807022,0.034963786602020264,0.40403109788894653,-0.04500473663210869,0.0692741870880127,0.33572059869766235,-0.06416374444961548,0.10936260223388672,0.30133765935897827,-0.08185805380344391,0.038812339305877686,0.28001850843429565,-0.026330797001719475,0.021061211824417114,0.15246796607971191,-0.052024584263563156,0.009054362773895264,0.07468432188034058,-0.0683227926492691,0.0,0.013156652450561523,-0.0782148540019989,0.09035009145736694,0.27876758575439453,-0.032364409416913986,0.10964983701705933,0.14326676726341248,-0.05986131355166435,0.11794209480285645,0.06140172481536865,-0.07965093851089478,0.1276366114616394,0.0,-0.09001240879297256,0.13418400287628174,0.3064000606536865,-0.041590407490730286,0.14443325996398926,0.22256016731262207,-0.07675580680370331,0.12782204151153564,0.26151323318481445,-0.08543014526367188,0.11806762218475342,0.3062724471092224,-0.08064020425081253,0.1718565821647644,0.34987664222717285,-0.05301341786980629,0.18392467498779297,0.281636118888855,-0.07525939494371414,0.17375367879867554,0.2815200090408325,-0.07383030652999878,0.16714197397232056,0.2962915301322937,-0.06655643880367279
V,0.09814685583114624,0.5687508583068848,7.191702025011182e-07,0.04821613430976868,0.4984127879142761,-0.026545468717813492,0.035489022731781006,0.40285050868988037,-0.0441461019217968,0.06782585382461548,0.3335738182067871,-0.06402577459812164,0.10870987176895142,0.2992185354232788,-0.08237538486719131,0.04063981771469116,0.28426116704940796,-0.0260147862136364,0.02175554633140564,0.1569499373435974,-0.052995532751083374,0.0097256600856781,0.07852816581726074,-0.07025914639234543,0.0,0.014911293983459473,-0.08102378994226456,0.09131848812103271,0.2824344038963318,-0.03276004642248154,0.11130142211914062,0.14629095792770386,-0.061992015689611435,0.12030476331710815,0.06453704833984375,-0.08173660933971405,0.12984490394592285,0.0,-0.09196002781391144,0.13465815782546997,0.30893421173095703,-0.042568814009428024,0.14654088020324707,0.2180081009864807,-0.07876704633235931,0.12984436750411987,0.2642107605934143,-0.08385001122951508,0.11982321739196777,0.31377196311950684,-0.07599489390850067,0.1726895570755005,0.35200369358062744,-0.054738447070121765,0.1862127184867859,0.2826384902000427,-0.07735463231801987,0.17688757181167603,0.28339165449142456,-0.07413992285728455,0.1704428791999817,0.29787349700927734,-0.06516769528388977
V,0.09776729345321655,0.5670931339263916,7.437017188749451e-07,0.04719015955924988,0.49920374155044556,-0.02681920677423477,0.03442955017089844,0.40480953454971313,-0.04424812272191048,0.06905019283294678,0.33796006441116333,-0.0636129230260849,0.11102616786956787,0.31020277738571167,-0.08174841105937958,0.04039794206619263,0.2842479348182678,-0.02716546133160591,0.0218999981880188,0.15651863813400269,-0.05334477126598358,0.009834766387939453,0.07890331745147705,-0.06987729668617249,0.0,0.016906440258026123,-0.0800870954990387,0.0918806791305542,0.28133755922317505,-0.03356372192502022,0.11159950494766235,0.14395678043365479,-0.0613647922873497,0.12021064758300781,0.06253546476364136,-0.08038774877786636,0.1295909881591797,0.0,-0.0900394544005394,0.13555818796157837,0.307769238948822,-0.04296206310391426,0.14526277780532837,0.22005236148834229,-0.0782480537891388,0.12922728061676025,0.2621464729309082,-0.08531437814235687,0.12010258436203003,0.30884456634521484,-0.07907271385192871,0.17346280813217163,0.35088276863098145,-0.05460014566779137,0.18593990802764893,0.2844436764717102,-0.07717092335224152,0.1769053339958191,0.2839115858078003,-0.07524342089891434,0.17092090845108032,0.2974032759666443,-0.0673125684261322
V,0.09540149569511414,0.5724556744098663,7.703009146098339e-07,0.04580584168434143,0.5011676847934723,-0.02507033757865429,0.03482919931411743,0.40276196599006653,-0.041359320282936096,0.07286065816879272,0.3373086154460907,-0.0596822164952755,0.11647561192512512,0.3153630197048187,-0.07656005769968033,0.037164002656936646,0.28294965624809265,-0.024658724665641785,0.0204332172870636,0.15519344806671143,-0.049528319388628006,0.009637385606765747,0.07880523800849915,-0.06455669552087784,0.0,0.0176449716091156,-0.07364757359027863,0.08857700228691101,0.2819107472896576,-0.03136177733540535,0.10894140601158142,0.14503124356269836,-0.05939268320798874,0.1185515820980072,0.06321612000465393,-0.07760103046894073,0.12836763262748718,0.0,-0.08578461408615112,0.13276627659797668,0.3108346164226532,-0.04088331386446953,0.1422976553440094,0.2266535460948944,-0.0767771452665329,0.12883076071739197,0.27531716227531433,-0.08207570016384125,0.12203148007392883,0.3249496519565582,-0.07339143753051758,0.1707790195941925,0.35669246315956116,-0.052488647401332855,0.18407776951789856,0.29355672001838684,-0.07545191049575806,0.17928043007850647,0.2827393114566803,-0.07340838760137558,0.17657771706581116,0.2820816934108734,-0.06479872018098831
V,0.0986141562461853,0.572687566280365,7.530040875280974e-07,0.04660391807556152,0.501514196395874,-0.026482155546545982,0.033210307359695435,0.40438759326934814,-0.043751370161771774,0.07321968674659729,0.3383244276046753,-0.06349751353263855,0.12106132507324219,0.3217918276786804,-0.08196533471345901,0.0390990674495697,0.28391075134277344,-0.024846138432621956,0.020220011472702026,0.15706124901771545,-0.04960865527391434,0.008782744407653809,0.08108794689178467,-0.06564345210790634,0.0,0.01929345726966858,-0.07624534517526627,0.09100884199142456,0.28107529878616333,-0.03191599249839783,0.10943514108657837,0.1456674039363861,-0.058721236884593964,0.1178773045539856,0.06333509087562561,-0.07811324298381805,0.12817448377609253,0.0,-0.08870850503444672,0.13499629497528076,0.3080551028251648,-0.042114291340112686,0.14396029710769653,0.2216653823852539,-0.0760728120803833,0.1266438364982605,0.26376181840896606,-0.08380904793739319,0.1175614595413208,0.31195008754730225,-0.07849821448326111,0.17285281419754028,0.3512246012687683,-0.054849911481142044,0.184525728225708,0.28410112857818604,-0.07654555886983871,0.17388105392456055,0.28338325023651123,-0.07547860592603683,0.1674644947052002,0.2997870445251465,-0.06860322505235672
V,0.09857743978500366,0.5734087824821472,7.537526585110754e-07,0.047853708267211914,0.5017318725585938,-0.026586128398776054,0.03743159770965576,0.40297138690948486,-0.043644458055496216,0.07534435391426086,0.33771347999572754,-0.06283897161483765,0.11802566051483154,0.31191951036453247,-0.08075473457574844,0.04092112183570862,0.2825924754142761,-0.025567542761564255,0.022494524717330933,0.1568755805492401,-0.051104333251714706,0.010199904441833496,0.07987785339355469,-0.06677507609128952,0.0,0.01855248212814331,-0.07612001895904541,0.09343016147613525,0.2821575999259949,-0.03243327885866165,0.11438775062561035,0.1459224820137024,-0.0603887215256691,0.12211233377456665,0.06353360414505005,-0.07943946868181229,0.1309548020362854,0.0,-0.08842777460813522,0.13773226737976074,0.31199657917022705,-0.04237774759531021,0.14696753025054932,0.22831636667251587,-0.07872351258993149,0.13013315200805664,0.27424824237823486,-0.08582819998264313,0.12190783023834229,0.3213081955909729,-0.07854602485895157,0.17488300800323486,0.35879290103912354,-0.054441507905721664,0.18623971939086914,0.291337251663208,-0.07695801556110382,0.17648470401763916,0.2879299521446228,-0.0744832456111908,0.17146235704421997,0.29592984914779663,-0.06576909124851227
V,0.09860989451408386,0.572839617729187,7.735109193163225e-07,0.04798814654350281,0.5018348693847656,-0.028411865234375,0.037722498178482056,0.4049992561340332,-0.04601031914353371,0.0766049325466156,0.33890867233276367,-0.06539098173379898,0.11893847584724426,0.31240469217300415,-0.08306370675563812,0.03862482309341431,0.28514260053634644,-0.024233946576714516,0.020255953073501587,0.15793120861053467,-0.049562305212020874,0.008945196866989136,0.0812385082244873,-0.06524097919464111,0.0,0.01986446976661682,-0.07451135665178299,0.09118565917015076,0.28284507989883423,-0.029542477801442146,0.11176088452339172,0.1456581950187683,-0.05726210027933121,0.12102070450782776,0.06307891011238098,-0.07576827704906464,0.1307850182056427,0.0,-0.08424611389636993,0.1357191503047943,0.3102721571922302,-0.03838026151061058,0.14604631066322327,0.2252410650253296,-0.07494184374809265,0.12909045815467834,0.2712988257408142,-0.08216368407011032,0.11951300501823425,0.3197251558303833,-0.07467161118984222,0.1736373007297516,0.3537708520889282,-0.04950159043073654,0.18551364541053772,0.2876408100128174,-0.07248876243829727,0.17651811242103577,0.2846102714538574,-0.07033975422382355,0.17096135020256042,0.29386889934539795,-0.06156054511666298
V,0.09820523858070374,0.5711325705051422,7.42191161862138e-07,0.04671791195869446,0.5036552846431732,-0.02769559621810913,0.03618338704109192,0.40535178780555725,-0.04396544024348259,0.07335701584815979,0.33592918515205383,-0.06221947818994522,0.11101189255714417,0.3002767860889435,-0.0787322074174881,0.038488179445266724,0.28513476252555847,-0.02321188524365425,0.01970246434211731,0.15875113010406494,-0.047280021011829376,0.008418858051300049,0.08193233609199524,-0.062049198895692825,0.0,0.02074018120765686,-0.07069394737482071,0.09095624089241028,0.28228649497032166,-0.02896116115152836,0.11085668206214905,0.14472585916519165,-0.0548737533390522,0.12026432156562805,0.06273901462554932,-0.07301805168390274,0.13075116276741028,0.0,-0.0818580836057663,0.13537463545799255,0.3094272315502167,-0.038207199424505234,0.1448839008808136,0.22671633958816528,-0.07338301092386246,0.12834402918815613,0.2721961438655853,-0.08096930384635925,0.11976847052574158,0.3193744122982025,-0.07462351769208908,0.1735975444316864,0.35216811299324036,-0.049686674028635025,0.18574199080467224,0.28086206316947937,-0.07155020534992218,0.17395135760307312,0.28781285881996155,-0.06862954050302505,0.16659221053123474,0.3083159625530243,-0.059953298419713974
V,0.09814971685409546,0.570835292339325,7.520211511291564e-07,0.04853406548500061,0.49989938735961914,-0.027517231181263924,0.03875249624252319,0.4012380838394165,-0.0453450046479702,0.08183205127716064,0.33472126722335815,-0.06528500467538834,0.12786579132080078,0.30872422456741333,-0.08391562104225159,0.03944617509841919,0.2835502624511719,-0.026157328858971596,0.020469367504119873,0.15761098265647888,-0.05231797695159912,0.008755415678024292,0.08029535412788391,-0.069063700735569,0.0,0.01850152015686035,-0.07940328866243362,0.09218007326126099,0.28191280364990234,-0.03279954195022583,0.11211305856704712,0.1455020308494568,-0.06036284938454628,0.12081265449523926,0.06357923150062561,-0.07929731160402298,0.13162702322006226,0.0,-0.0889422744512558,0.13660717010498047,0.31014227867126465,-0.042727671563625336,0.1482558250427246,0.22549113631248474,-0.07811971753835678,0.12879568338394165,0.2706291675567627,-0.08463418483734131,0.11826831102371216,0.31727415323257446,-0.07779528945684433,0.17448550462722778,0.3551080822944641,-0.05500122904777527,0.18645215034484863,0.28401774168014526,-0.07677030563354492,0.17406493425369263,0.2883390188217163,-0.07303640246391296,0.16662752628326416,0.30662721395492554,-0.06384895741939545
V,0.0946061909198761,0.5732922852039337,7.38859966986638e-07,0.04469871520996094,0.5029318630695343,-0.026458673179149628,0.03537818789482117,0.4043002426624298,-0.043510716408491135,0.07553556561470032,0.33762380480766296,-0.0632873997092247,0.1196003258228302,0.3125391900539398,-0.08196103572845459,0.03830218315124512,0.28442487120628357,-0.02400989830493927,0.020250707864761353,0.15877032279968262,-0.049604933708906174,0.008773475885391235,0.08253887295722961,-0.0663541704416275,0.0,0.020998746156692505,-0.07693859189748764,0.09041669964790344,0.2831752598285675,-0.031531549990177155,0.11128637194633484,0.14658299088478088,-0.05912662670016289,0.12017819285392761,0.06423765420913696,-0.07904596626758575,0.13088789582252502,0.0,-0.0897180512547493,0.13445207476615906,0.31126388907432556,-0.042301833629608154,0.14713385701179504,0.22260260581970215,-0.07810405641794205,0.12751230597496033,0.2682906687259674,-0.08594121038913727,0.11719992756843567,0.31766995787620544,-0.08019714057445526,0.17180302739143372,0.3560125529766083,-0.05533655732870102,0.1841132938861847,0.2835000455379486,-0.07749766111373901,0.16991153359413147,0.29082080721855164,-0.0746469795703888,0.16124388575553894,0.3141661584377289,-0.0663452297449112
V,0.0963863730430603,0.5711751282215118,7.362156111412332e-07,0.04442599415779114,0.4958997666835785,-0.025658760219812393,0.034538447856903076,0.3954448997974396,-0.04137113690376282,0.07547712326049805,0.32799699902534485,-0.05982740595936775,0.11906290054321289,0.2988746464252472,-0.07681068032979965,0.039154052734375,0.2834424078464508,-0.02066880464553833,0.020232439041137695,0.15700864791870117,-0.04536507651209831,0.008919477462768555,0.07963249087333679,-0.060896921902894974,0.0,0.01793244481086731,-0.07032900303602219,0.09201431274414062,0.2826683819293976,-0.027623197063803673,0.1129879355430603,0.1459035575389862,-0.05478538200259209,0.12260305881500244,0.0641619861125946,-0.07347852736711502,0.13330602645874023,0.0,-0.0826365128159523,0.13667362928390503,0.31081584095954895,-0.03801560401916504,0.14687907695770264,0.2232796847820282,-0.0740838274359703,0.12830311059951782,0.2706232964992523,-0.08066368848085403,0.11859822273254395,0.3189113438129425,-0.0732731893658638,0.1750536561012268,0.354412704706192,-0.050577256828546524,0.1859797239303589,0.2825053036212921,-0.07257702946662903,0.17247802019119263,0.2883630096912384,-0.0689765140414238,0.16442668437957764,0.30720916390419006,-0.0596843920648098
V,0.09635463356971741,0.5724712014198303,7.461447921741637e-07,0.0459555983543396,0.5040832757949829,-0.027739832177758217,0.03438073396682739,0.4042990803718567,-0.045086819678545,0.07318398356437683,0.33411359786987305,-0.06424382328987122,0.11757180094718933,0.30176711082458496,-0.081945039331913,0.03826144337654114,0.2855761647224426,-0.027326051145792007,0.02041536569595337,0.1579788327217102,-0.053334496915340424,0.008887708187103271,0.08040300011634827,-0.06933769583702087,0.0,0.01908019185066223,-0.07891245931386948,0.09105649590492249,0.2842292785644531,-0.033336494117975235,0.11252018809318542,0.1463465690612793,-0.06136201694607735,0.12147358059883118,0.0636478066444397,-0.08016654849052429,0.1316603124141693,0.0,-0.08927750587463379,0.1350547969341278,0.3127508759498596,-0.04248078167438507,0.1452975571155548,0.2249586582183838,-0.07879363745450974,0.1269199550151825,0.2705622911453247,-0.08534224331378937,0.11722549796104431,0.3182867169380188,-0.07813125103712082,0.17203935980796814,0.3580499291419983,-0.05381476879119873,0.18383172154426575,0.2882579565048218,-0.07690597325563431,0.17279735207557678,0.28810638189315796,-0.07426141947507858,0.16662195324897766,0.3006976842880249,-0.06550271064043045
V,0.09548234939575195,0.5658238232135773,7.482153705495875e-07,0.04567936062812805,0.49477246403694153,-0.02532932534813881,0.03441944718360901,0.4013606011867523,-0.042335912585258484,0.0714980959892273,0.3396105468273163,-0.06224235147237778,0.1147083044052124,0.3151601254940033,-0.08079955726861954,0.038079679012298584,0.2801189720630646,-0.02260204777121544,0.019077330827713013,0.15639063715934753,-0.0473213866353035,0.008020520210266113,0.08045771718025208,-0.06303005665540695,0.0,0.018874377012252808,-0.07264253497123718,0.09040755033493042,0.2784651219844818,-0.030265729874372482,0.11244308948516846,0.14308956265449524,-0.05653989687561989,0.12261438369750977,0.061821192502975464,-0.07457049190998077,0.13358855247497559,0.0,-0.08376087248325348,0.1348322629928589,0.3057419955730438,-0.041284408420324326,0.146889328956604,0.2223246991634369,-0.07605867832899094,0.12814635038375854,0.2664605677127838,-0.08315464109182358,0.11730819940567017,0.3140285313129425,-0.07683581113815308,0.17334973812103271,0.34896108508110046,-0.05449609085917473,0.18697339296340942,0.27809634804725647,-0.0752846822142601,0.1728002429008484,0.286000519990921,-0.07146064192056656,0.1627100706100464,0.3091076910495758,-0.06255234032869339
V,0.0959797203540802,0.5690002143383026,7.634142775714281e-07,0.04720801115036011,0.5007060468196869,-0.026881510391831398,0.03715956211090088,0.4056837260723114,-0.044484563171863556,0.07326272130012512,0.34071996808052063,-0.0638715848326683,0.11216399073600769,0.31275317072868347,-0.08184847980737686,0.04069134593009949,0.2796379625797272,-0.02694900892674923,0.02164056897163391,0.1553364098072052,-0.05207536742091179,0.009248346090316772,0.0789293646812439,-0.06807774305343628,0.0,0.017630547285079956,-0.07833235710859299,0.09216633439064026,0.27923789620399475,-0.03343065828084946,0.11410698294639587,0.14532622694969177,-0.06126943230628967,0.12460514903068542,0.06324705481529236,-0.08104965090751648,0.1366252601146698,0.0,-0.09152771532535553,0.13522854447364807,0.3089663088321686,-0.04280463233590126,0.14666607975959778,0.2226017713546753,-0.07762202620506287,0.12905654311180115,0.2651490271091461,-0.08385605365037918,0.11948534846305847,0.3106967508792877,-0.07742878794670105,0.17207303643226624,0.3550563156604767,-0.05447518080472946,0.18492087721824646,0.28659096360206604,-0.07736007869243622,0.17659172415733337,0.28434398770332336,-0.07541045546531677,0.1724053919315338,0.2945162355899811,-0.06755811721086502
V,0.09714967012405396,0.5685602724552155,7.646798394489451e-07,0.04608294367790222,0.5007427036762238,-0.0286614578217268,0.03391450643539429,0.406162291765213,-0.04645581915974617,0.07102459669113159,0.340514212846756,-0.06636897474527359,0.1136174201965332,0.3107753098011017,-0.08458186686038971,0.03770601749420166,0.28307536244392395,-0.025235183537006378,0.019058644771575928,0.1567777693271637,-0.05056573078036308,0.007987380027770996,0.08003613352775574,-0.06633498519659042,0.0,0.01750236749649048,-0.07588912546634674,0.09063875675201416,0.27968713641166687,-0.031001506373286247,0.111533522605896,0.14408418536186218,-0.05853773280978203,0.12227785587310791,0.06266987323760986,-0.07724431157112122,0.133591890335083,0.0,-0.08636587858200073,0.13493424654006958,0.30634596943855286,-0.04036540538072586,0.14420747756958008,0.2223477065563202,-0.07716485112905502,0.128107488155365,0.2703646123409271,-0.08472278714179993,0.11962401866912842,0.32062801718711853,-0.07779616862535477,0.173320472240448,0.3490171730518341,-0.052063580602407455,0.1865108609199524,0.2779741585254669,-0.07492507994174957,0.17487245798110962,0.2832459509372711,-0.07242846488952637,0.16708403825759888,0.30345627665519714,-0.06379078328609467
V,0.0971747636795044,0.5677122473716736,7.509551096518408e-07,0.04779878258705139,0.5017887353897095,-0.02777181565761566,0.03572073578834534,0.40681618452072144,-0.04563072323799133,0.07133603096008301,0.34051018953323364,-0.0656970664858818,0.11290109157562256,0.3102646470069885,-0.0844421312212944,0.03839436173439026,0.28222566843032837,-0.027063578367233276,0.020557165145874023,0.15635555982589722,-0.05338539928197861,0.009271502494812012,0.07976764440536499,-0.06961308419704437,0.0,0.01833939552307129,-0.07936564832925797,0.09080803394317627,0.27972692251205444,-0.033924464136362076,0.11270487308502197,0.14297932386398315,-0.06221852824091911,0.12179696559906006,0.06244319677352905,-0.08114075660705566,0.1314985752105713,0.0,-0.09036581218242645,0.13482904434204102,0.30779069662094116,-0.04407321289181709,0.14416688680648804,0.22449544072151184,-0.08057312667369843,0.1260824203491211,0.272691011428833,-0.08693324029445648,0.11698436737060547,0.32018887996673584,-0.07958941161632538,0.17203712463378906,0.3528887629508972,-0.05650714039802551,0.1834704875946045,0.28326982259750366,-0.07880235463380814,0.17058533430099487,0.29034435749053955,-0.07510749995708466,0.1633460521697998,0.3096219301223755,-0.06582794338464737
V,0.09754425287246704,0.5707225203514099,7.570931757072685e-07,0.04774343967437744,0.5032668709754944,-0.026615764945745468,0.03562366962432861,0.4087756872177124,-0.04386597126722336,0.06699088215827942,0.3412531614303589,-0.06299704313278198,0.10397344827651978,0.30753469467163086,-0.08026917278766632,0.040013283491134644,0.2812463641166687,-0.026173921301960945,0.0205899178981781,0.15612488985061646,-0.0513511523604393,0.009043514728546143,0.07961595058441162,-0.06651940941810608,0.0,0.018639832735061646,-0.07529524713754654,0.09214037656784058,0.2794901728630066,-0.032345738261938095,0.11308008432388306,0.14381143450737,-0.05963793024420738,0.1228722333908081,0.062010347843170166,-0.07752905786037445,0.13359546661376953,0.0,-0.08568964898586273,0.13638049364089966,0.30783408880233765,-0.04161856323480606,0.14413213729858398,0.22899776697158813,-0.07668529450893402,0.12683731317520142,0.27576500177383423,-0.08250382542610168,0.11842334270477295,0.3234063386917114,-0.07463685423135757,0.1745052933692932,0.3521922826766968,-0.05311892181634903,0.18716108798980713,0.2867593765258789,-0.07460179924964905,0.17752337455749512,0.28534364700317383,-0.07161547988653183,0.17238277196884155,0.2955783009529114,-0.06260309368371964
V,0.09673076868057251,0.5721805989742279,7.390285077235603e-07,0.046088725328445435,0.5046837031841278,-0.0274521391838789,0.03390383720397949,0.4087044298648834,-0.04464114084839821,0.06842970848083496,0.34143438935279846,-0.0638776421546936,0.10869705677032471,0.3134671747684479,-0.08171463757753372,0.03847023844718933,0.2830667197704315,-0.0257998276501894,0.019885271787643433,0.15781641006469727,-0.0510321781039238,0.008507877588272095,0.08070257306098938,-0.06739873439073563,0.0,0.01835113763809204,-0.07779677212238312,0.09043687582015991,0.2807767689228058,-0.032124318182468414,0.11139851808547974,0.14569702744483948,-0.05925416946411133,0.12181073427200317,0.06378433108329773,-0.07838676124811172,0.13294243812561035,0.0,-0.0885588750243187,0.13368874788284302,0.3083455264568329,-0.04171578213572502,0.14432179927825928,0.22114047408103943,-0.0768062174320221,0.1287994384765625,0.26455381512641907,-0.08409550786018372,0.12040704488754272,0.3121245205402374,-0.07819122076034546,0.1707426905632019,0.35258087515830994,-0.05367094278335571,0.18490391969680786,0.2801642119884491,-0.07585685700178146,0.17483758926391602,0.2821619212627411,-0.07381072640419006,0.16813087463378906,0.29953935742378235,-0.06609978526830673
V,0.09891131520271301,0.5715816915035248,7.963076882333553e-07,0.04873687028884888,0.5040909349918365,-0.027684109285473824,0.0387842059135437,0.4067767560482025,-0.04550594091415405,0.07900539040565491,0.34222105145454407,-0.06485254317522049,0.12426885962486267,0.32081469893455505,-0.08266063779592514,0.03956976532936096,0.280832976102829,-0.027635367587208748,0.020995020866394043,0.15518620610237122,-0.05244574695825577,0.009635061025619507,0.07973572611808777,-0.0678359717130661,0.0,0.018581658601760864,-0.07776129245758057,0.09215882420539856,0.27916160225868225,-0.033530090004205704,0.11348679661750793,0.14414528012275696,-0.06084676831960678,0.1245097815990448,0.06326845288276672,-0.07950339466333389,0.1354726254940033,0.0,-0.08887243270874023,0.13588759303092957,0.3086877763271332,-0.04240238666534424,0.14561930298805237,0.22496336698532104,-0.07767870277166367,0.12983456254005432,0.2724866569042206,-0.08425543457269669,0.12124308943748474,0.3204672038555145,-0.07736577838659286,0.17249783873558044,0.3550109565258026,-0.053589653223752975,0.18533429503440857,0.29323604702949524,-0.07736555486917496,0.1787075698375702,0.28570500016212463,-0.0769130066037178,0.1746833622455597,0.2886280119419098,-0.0698503777384758
V,0.09609830379486084,0.5730184018611908,7.40497171136667e-07,0.0467475950717926,0.4988436996936798,-0.02549910545349121,0.03541296720504761,0.4037700593471527,-0.042135171592235565,0.06946659088134766,0.33625438809394836,-0.061452582478523254,0.10904234647750854,0.3008345067501068,-0.07916149497032166,0.03942108154296875,0.2826431095600128,-0.021754128858447075,0.020670831203460693,0.15789839625358582,-0.04756883159279823,0.008715778589248657,0.0808800756931305,-0.06403789669275284,0.0,0.01907786726951599,-0.07372989505529404,0.09126788377761841,0.28210267424583435,-0.02905731089413166,0.11284124851226807,0.146559476852417,-0.05712346360087395,0.12217754125595093,0.06369036436080933,-0.07665897160768509,0.13362210988998413,0.0,-0.08634130656719208,0.13537603616714478,0.3098527491092682,-0.03979041054844856,0.14695054292678833,0.22920122742652893,-0.07582326233386993,0.12724745273590088,0.272470086812973,-0.08289281278848648,0.11692750453948975,0.3192913234233856,-0.07595093548297882,0.17317670583724976,0.35325220227241516,-0.052678827196359634,0.1865551471710205,0.28107592463493347,-0.07389338314533234,0.17350482940673828,0.28397276997566223,-0.06996661424636841,0.16496896743774414,0.30229225754737854,-0.060524340718984604
V,0.09672752022743225,0.5744554400444031,7.657094442947709e-07,0.04637184739112854,0.5024549961090088,-0.024800224229693413,0.03396230936050415,0.40637868642807007,-0.0421343594789505,0.0676790177822113,0.3387760519981384,-0.061968930065631866,0.11071625351905823,0.31311893463134766,-0.08027809858322144,0.03970196843147278,0.2829972505569458,-0.02419399283826351,0.020755648612976074,0.15645849704742432,-0.049920473247766495,0.009214818477630615,0.07920187711715698,-0.06667166948318481,0.0,0.016158312559127808,-0.07771166414022446,0.09098592400550842,0.281314492225647,-0.031710922718048096,0.11298492550849915,0.14544188976287842,-0.060026250779628754,0.12408915162086487,0.06386086344718933,-0.07964843511581421,0.13603678345680237,0.0,-0.0901050716638565,0.13437321782112122,0.3089867830276489,-0.04207657650113106,0.14562395215034485,0.21979081630706787,-0.07700837403535843,0.12733623385429382,0.26413363218307495,-0.0823432207107544,0.11698779463768005,0.3130858540534973,-0.07517976313829422,0.17212077975273132,0.35412120819091797,-0.054739657789468765,0.18697085976600647,0.287383496761322,-0.07738342881202698,0.17943468689918518,0.2805609107017517,-0.07543151080608368,0.17400476336479187,0.2876182198524475,-0.0676303505897522
V,0.09610569477081299,0.5717297494411469,7.729397566436091e-07,0.04842609167098999,0.5027901232242584,-0.02780420519411564,0.03785145282745361,0.40905067324638367,-0.0455494187772274,0.07222002744674683,0.3437972366809845,-0.06515446305274963,0.11180227994918823,0.3108747899532318,-0.08297310769557953,0.03913599252700806,0.2825193703174591,-0.02559645287692547,0.021027058362960815,0.15617987513542175,-0.05132456123828888,0.009254395961761475,0.07940414547920227,-0.06691262125968933,0.0,0.01802477240562439,-0.07588014751672745,0.09153640270233154,0.28106042742729187,-0.03166477009654045,0.11298799514770508,0.14406311511993408,-0.059551458805799484,0.12387949228286743,0.06250408291816711,-0.07838279753923416,0.13493776321411133,0.0,-0.08709264546632767,0.13566642999649048,0.3096732795238495,-0.041073963046073914,0.1464443802833557,0.23050644993782043,-0.07755865901708603,0.1317625641822815,0.2772245705127716,-0.08459534496068954,0.1232951283454895,0.3240690529346466,-0.07719885557889938,0.17326360940933228,0.35447755455970764,-0.05270366370677948,0.18743836879730225,0.2891996204853058,-0.0752267986536026,0.17951005697250366,0.2892589271068573,-0.07238294929265976,0.17419207096099854,0.30020466446876526,-0.0632806196808815
V,0.09747320413589478,0.5708900690078735,7.611051273670455e-07,0.04830211400985718,0.5013146996498108,-0.026932183653116226,0.03640076518058777,0.40782082080841064,-0.04474165290594101,0.06983587145805359,0.34061485528945923,-0.06435193121433258,0.10960614681243896,0.3084931969642639,-0.08216153085231781,0.037674933671951294,0.2830652594566345,-0.026820333674550056,0.02004873752593994,0.15527266263961792,-0.0527225136756897,0.008946329355239868,0.07770389318466187,-0.06879200041294098,0.0,0.015293240547180176,-0.07842675596475601,0.08995652198791504,0.2811838984489441,-0.03272872418165207,0.11180049180984497,0.14476802945137024,-0.060522451996803284,0.12218862771987915,0.06251239776611328,-0.07907068729400635,0.1328694224357605,0.0,-0.08808355778455734,0.13421529531478882,0.3083720803260803,-0.0416867733001709,0.14463406801223755,0.22535166144371033,-0.07654508203268051,0.1288737654685974,0.268965482711792,-0.08245377242565155,0.11991304159164429,0.3163507580757141,-0.07514775544404984,0.17248046398162842,0.35200434923171997,-0.05292709544301033,0.1859162449836731,0.2884001135826111,-0.07436305284500122,0.17756450176239014,0.28547871112823486,-0.07153309881687164,0.17210668325424194,0.29504483938217163,-0.06282301247119904
V,0.09678447246551514,0.5713690519332886,7.78446008098399e-07,0.04774400591850281,0.5005971193313599,-0.027560530230402946,0.03737431764602661,0.4048205018043518,-0.045603521168231964,0.07477018237113953,0.337299644947052,-0.06475478410720825,0.11737346649169922,0.30680179595947266,-0.08221275359392166,0.03978729248046875,0.2814450263977051,-0.028348412364721298,0.02095043659210205,0.15618330240249634,-0.05368686467409134,0.009071260690689087,0.0792626440525055,-0.06962884217500687,0.0,0.017974168062210083,-0.07959898561239243,0.09113538265228271,0.2797204256057739,-0.03382918983697891,0.11185711622238159,0.14441770315170288,-0.06087195500731468,0.12189614772796631,0.06195789575576782,-0.07968533784151077,0.13312631845474243,0.0,-0.08954239636659622,0.13429272174835205,0.3084961175918579,-0.0423225574195385,0.1452411413192749,0.2259763777256012,-0.07617968320846558,0.12847483158111572,0.2625666856765747,-0.08371375501155853,0.11792445182800293,0.30537712574005127,-0.07862413674592972,0.17057448625564575,0.35435056686401367,-0.05312652513384819,0.1865544319152832,0.28942883014678955,-0.07547421008348465,0.18064743280410767,0.27930283546447754,-0.07507851719856262,0.17566657066345215,0.2825806736946106,-0.06871860474348068
V,0.09782975912094116,0.5688653290271759,7.670410013815854e-07,0.048761337995529175,0.4992999732494354,-0.026222458109259605,0.03639721870422363,0.407582551240921,-0.04400124400854111,0.06919455528259277,0.34516122937202454,-0.06412044167518616,0.10988938808441162,0.31665292382240295,-0.0827493667602539,0.04014354944229126,0.27933600544929504,-0.02505120076239109,0.02143704891204834,0.15288046002388,-0.05118011683225632,0.009837478399276733,0.07628771662712097,-0.06770285964012146,0.0,0.014699310064315796,-0.07775860279798508,0.091946542263031,0.27871236205101013,-0.03217965364456177,0.11472535133361816,0.14350521564483643,-0.06048465892672539,0.12571072578430176,0.06303426623344421,-0.07972530275583267,0.13621234893798828,0.0,-0.08918499201536179,0.13546472787857056,0.30724701285362244,-0.042444467544555664,0.14535295963287354,0.2237023115158081,-0.07810606807470322,0.13037508726119995,0.2703380286693573,-0.08373630046844482,0.12215423583984375,0.31816670298576355,-0.0760285034775734,0.17301654815673828,0.35281404852867126,-0.05497007444500923,0.18505585193634033,0.288176029920578,-0.07672473043203354,0.17672091722488403,0.28847232460975647,-0.07309817522764206,0.1718761920928955,0.299703985452652,-0.06381203979253769
V,0.0997832715511322,0.5663482248783112,7.549447218480054e-07,0.05105620622634888,0.499011367559433,-0.02975018322467804,0.03839805722236633,0.404592901468277,-0.04749450832605362,0.0684221088886261,0.33265599608421326,-0.06669793277978897,0.10395428538322449,0.2891491949558258,-0.08380579948425293,0.03882458806037903,0.28114232420921326,-0.02528390660881996,0.020039677619934082,0.15435829758644104,-0.050509627908468246,0.008692532777786255,0.07758966088294983,-0.06613806635141373,0.0,0.015239506959915161,-0.07530839741230011,0.09073391556739807,0.278929203748703,-0.029648790135979652,0.11252191662788391,0.1430695354938507,-0.05662238225340843,0.1233920156955719,0.062431663274765015,-0.07514818757772446,0.13354423642158508,0.0,-0.08424142003059387,0.13413485884666443,0.3054363429546356,-0.03767045959830284,0.1439477503299713,0.2199738323688507,-0.0739125907421112,0.13013431429862976,0.265855997800827,-0.08102279901504517,0.12207731604576111,0.3143866956233978,-0.0742177665233612,0.17204859852790833,0.34783264994621277,-0.04798675328493118,0.18607929348945618,0.27803805470466614,-0.07016747444868088,0.17740777134895325,0.28151634335517883,-0.067232146859169,0.17117181420326233,0.2988448441028595,-0.05846903473138809
V,0.09601104259490967,0.56988325715065,7.522228315792745e-07,0.04634612798690796,0.49963465332984924,-0.025536799803376198,0.0359782874584198,0.4055235683917999,-0.04226838797330856,0.06888845562934875,0.3390432894229889,-0.06149733066558838,0.10822659730911255,0.3054026663303375,-0.07917861640453339,0.03785744309425354,0.2836180627346039,-0.0226576030254364,0.01953616738319397,0.15810075402259827,-0.04775597155094147,0.008410423994064331,0.08164545893669128,-0.06403172761201859,0.0,0.020746678113937378,-0.07408395409584045,0.08971333503723145,0.28025946021080017,-0.029655253514647484,0.11133116483688354,0.1451023519039154,-0.05657700449228287,0.12131839990615845,0.06292495131492615,-0.07579254359006882,0.13238191604614258,0.0,-0.0859614759683609,0.13386666774749756,0.306345134973526,-0.039888907223939896,0.14486223459243774,0.2188662588596344,-0.07401955872774124,0.12762236595153809,0.2606423795223236,-0.08104822784662247,0.11851704120635986,0.3076545298099518,-0.07539387047290802,0.1722034215927124,0.34937718510627747,-0.05239318683743477,0.1856897473335266,0.28107962012290955,-0.0735013335943222,0.1741865873336792,0.2833879888057709,-0.07094644755125046,0.1668567657470703,0.3006668984889984,-0.06305372714996338
V,0.09494227170944214,0.5708344578742981,7.695264798712742e-07,0.046633362770080566,0.49777084589004517,-0.026829732581973076,0.036423325538635254,0.40260499715805054,-0.04431629925966263,0.07172897458076477,0.3350180387496948,-0.06386012583971024,0.11137020587921143,0.30282509326934814,-0.08181962370872498,0.03843197226524353,0.28313374519348145,-0.024709755554795265,0.02015244960784912,0.15707838535308838,-0.04995562508702278,0.008757412433624268,0.08086961507797241,-0.0661875531077385,0.0,0.01955026388168335,-0.0763833224773407,0.08963000774383545,0.28182095289230347,-0.030938129872083664,0.11144936084747314,0.14630943536758423,-0.05847851186990738,0.12201911211013794,0.0631573498249054,-0.07874514907598495,0.13338017463684082,0.0,-0.08966408669948578,0.1327124834060669,0.31000417470932007,-0.04033501818776131,0.14373797178268433,0.2244560718536377,-0.07525401562452316,0.12776625156402588,0.26395779848098755,-0.08393508940935135,0.11868458986282349,0.31033891439437866,-0.07917385548353195,0.16983866691589355,0.3545430302619934,-0.05197659507393837,0.18508672714233398,0.2868742346763611,-0.0742955133318901,0.17681390047073364,0.2818676233291626,-0.07378726452589035,0.17061054706573486,0.29253149032592773,-0.06725993007421494
V,0.09866940975189209,0.5665329992771149,7.962563017827051e-07,0.048551976680755615,0.5010100901126862,-0.030657531693577766,0.03516945242881775,0.40788957476615906,-0.050281524658203125,0.07176345586776733,0.34548744559288025,-0.07092328369617462,0.11557459831237793,0.31689730286598206,-0.08975178003311157,0.03850412368774414,0.2822438180446625,-0.03085138089954853,0.019875705242156982,0.15543463826179504,-0.056812774389982224,0.008687645196914673,0.07921233773231506,-0.07303939014673233,0.0,0.01715150475502014,-0.08326178789138794,0.09068828821182251,0.2804171144962311,-0.03536812961101532,0.11191678047180176,0.14533767104148865,-0.06350094825029373,0.12260603904724121,0.06450644135475159,-0.08280118554830551,0.13340884447097778,0.0,-0.09275158494710922,0.1339520812034607,0.3080531656742096,-0.04309700429439545,0.14505451917648315,0.22194057703018188,-0.07958739995956421,0.12929832935333252,0.2692941725254059,-0.08666185289621353,0.11929923295974731,0.3182096779346466,-0.08002778142690659,0.17065691947937012,0.3523765504360199,-0.05328980088233948,0.18545258045196533,0.28835996985435486,-0.07752686738967896,0.18029779195785522,0.2839951813220978,-0.07676650583744049,0.17617231607437134,0.2908318340778351,-0.06940664350986481
V,0.09495484828948975,0.5691047608852386,7.56704196192004e-07,0.046172916889190674,0.4968510568141937,-0.025298254564404488,0.03526142239570618,0.40214845538139343,-0.042386990040540695,0.07229980826377869,0.3374408781528473,-0.06198594719171524,0.1147536039352417,0.30946215987205505,-0.08036796003580093,0.03952920436859131,0.2808208167552948,-0.023752668872475624,0.020655065774917603,0.15651842951774597,-0.04963083565235138,0.008901715278625488,0.0793006420135498,-0.06656621396541595,0.0,0.018007606267929077,-0.07701056450605392,0.09098488092422485,0.2796076834201813,-0.03153253346681595,0.11289429664611816,0.14358004927635193,-0.05912549048662186,0.12264430522918701,0.06251180171966553,-0.07817612588405609,0.1337549090385437,0.0,-0.08775628358125687,0.13424980640411377,0.30783000588417053,-0.042551808059215546,0.14756262302398682,0.22562465071678162,-0.07738275825977325,0.12885606288909912,0.2674467861652374,-0.08406247943639755,0.11794906854629517,0.3119796812534332,-0.0775943249464035,0.17110586166381836,0.3528499901294708,-0.05579766258597374,0.1863698959350586,0.2816644012928009,-0.07684742659330368,0.17449510097503662,0.2856239974498749,-0.07298587262630463,0.16601520776748657,0.3037528693675995,-0.06391644477844238
V,0.09762576222419739,0.5683194696903229,7.314581580430968e-07,0.04756993055343628,0.4999861419200897,-0.027612144127488136,0.03563719987869263,0.40365859866142273,-0.044376060366630554,0.06741344928741455,0.3341105878353119,-0.06293294578790665,0.1051461398601532,0.2986116111278534,-0.07954512536525726,0.03975912928581238,0.2800069749355316,-0.02397575043141842,0.020619481801986694,0.15413334965705872,-0.04903758689761162,0.009299486875534058,0.07744371891021729,-0.06472422182559967,0.0,0.01562592387199402,-0.07454729825258255,0.09168073534965515,0.27720674872398376,-0.029628219082951546,0.11195483803749084,0.14242342114448547,-0.05715441331267357,0.12342306971549988,0.06215021014213562,-0.07585322856903076,0.13370832800865173,0.0,-0.08526087552309036,0.13535383343696594,0.3041432797908783,-0.03871982544660568,0.14453217387199402,0.21505945920944214,-0.07522223889827728,0.13284799456596375,0.2603219449520111,-0.08209842443466187,0.12587299942970276,0.30852505564689636,-0.07542756199836731,0.17375370860099792,0.3483729064464569,-0.05004190653562546,0.18751093745231628,0.28247299790382385,-0.07385407388210297,0.18036869168281555,0.28239551186561584,-0.07243659347295761,0.17487689852714539,0.2949419319629669,-0.06472310423851013
V,0.09682866930961609,0.567531555891037,7.56256611111894e-07,0.048685312271118164,0.5022068917751312,-0.02900765649974346,0.036451876163482666,0.40904906392097473,-0.04734234884381294,0.06994834542274475,0.3424454629421234,-0.06710595637559891,0.1100182831287384,0.30787351727485657,-0.08517751842737198,0.039296090602874756,0.2807113230228424,-0.02746928669512272,0.02072232961654663,0.1559372842311859,-0.053605079650878906,0.008947819471359253,0.07918548583984375,-0.07020295411348343,0.0,0.01796582341194153,-0.08022034168243408,0.09134593605995178,0.2775208652019501,-0.0326790027320385,0.11262741684913635,0.14208239316940308,-0.0605948232114315,0.12313893437385559,0.061348140239715576,-0.07964564114809036,0.13371291756629944,0.0,-0.08905870467424393,0.1349550187587738,0.3038894832134247,-0.04124568775296211,0.14708933234214783,0.22047802805900574,-0.07702941447496414,0.13298210501670837,0.2640698254108429,-0.08442077040672302,0.12428674101829529,0.31052741408348083,-0.07818509638309479,0.17243793606758118,0.34716346859931946,-0.05214393883943558,0.1868840754032135,0.28321573138237,-0.07446015626192093,0.17954882979393005,0.2838737666606903,-0.07224811613559723,0.17416802048683167,0.2965352237224579,-0.06406272202730179
V,0.09828060865402222,0.5695111453533173,7.695397812312876e-07,0.04860740900039673,0.4979842007160187,-0.027599729597568512,0.037490904331207275,0.40083572268486023,-0.04535350948572159,0.07445850968360901,0.3323657214641571,-0.06490221619606018,0.11498790979385376,0.298838347196579,-0.08277285844087601,0.03897202014923096,0.2784307897090912,-0.02490372769534588,0.020433098077774048,0.15504643321037292,-0.05068407952785492,0.008890897035598755,0.07960763573646545,-0.06738753616809845,0.0,0.018410444259643555,-0.07804062962532043,0.0910295844078064,0.2785308063030243,-0.030930200591683388,0.11253631114959717,0.1452694535255432,-0.05932152643799782,0.12276625633239746,0.06386896967887878,-0.07965302467346191,0.13434410095214844,0.0,-0.09029705077409744,0.13481682538986206,0.30839595198631287,-0.04014510288834572,0.14662575721740723,0.22106939554214478,-0.07581482827663422,0.1285172700881958,0.26549282670021057,-0.08208436518907547,0.11817705631256104,0.31215235590934753,-0.075282521545887,0.1716611385345459,0.35561177134513855,-0.05169573053717613,0.18393617868423462,0.2920399606227875,-0.07508451491594315,0.176580011844635,0.2849979102611542,-0.07365432381629944,0.1725006103515625,0.28832629323005676,-0.06591595709323883
V,0.09862452745437622,0.5626384317874908,7.46357443404122e-07,0.04866555333137512,0.4943719804286957,-0.026407044380903244,0.037308335304260254,0.40047726035118103,-0.04261881113052368,0.06697171926498413,0.33030423521995544,-0.061117708683013916,0.10215997695922852,0.28764912486076355,-0.0773945301771164,0.038844913244247437,0.28035494685173035,-0.020556803792715073,0.018893659114837646,0.1569736897945404,-0.04463519901037216,0.007981657981872559,0.08199027180671692,-0.059423089027404785,0.0,0.022139370441436768,-0.068025603890419,0.09052658081054688,0.27745142579078674,-0.02641901932656765,0.11195605993270874,0.1430167555809021,-0.05299108847975731,0.12245005369186401,0.06200450658798218,-0.07101722806692123,0.13267892599105835,0.0,-0.0796673446893692,0.13437974452972412,0.30348947644233704,-0.0358591191470623,0.14530622959136963,0.21715334057807922,-0.07216145098209381,0.1291167140007019,0.2651689946651459,-0.07890696823596954,0.1197502613067627,0.31473055481910706,-0.07167355716228485,0.17276722192764282,0.3458704650402069,-0.04731854796409607,0.1871660351753235,0.27817001938819885,-0.07009018212556839,0.17677658796310425,0.2838089168071747,-0.06732551008462906,0.16957354545593262,0.3022909462451935,-0.05842949077486992
V,0.09804117679595947,0.5690554678440094,7.618100994477572e-07,0.0481550395488739,0.4990551769733429,-0.027094541117548943,0.0354461669921875,0.40560653805732727,-0.04497252032160759,0.07113346457481384,0.3396948277950287,-0.06483340263366699,0.11307847499847412,0.312204509973526,-0.08317435532808304,0.03815069794654846,0.2834837734699249,-0.027727261185646057,0.0195162296295166,0.15729060769081116,-0.053404346108436584,0.008778601884841919,0.08090037107467651,-0.06995571404695511,0.0,0.018206506967544556,-0.08063717186450958,0.09012603759765625,0.27959808707237244,-0.03420146927237511,0.11125558614730835,0.14496269822120667,-0.06138550490140915,0.12145870923995972,0.06353530287742615,-0.0801406055688858,0.13184750080108643,0.0,-0.0900699570775032,0.1335834264755249,0.3064367473125458,-0.04378226771950722,0.14182186126708984,0.22064658999443054,-0.07796373963356018,0.12606370449066162,0.2637188732624054,-0.08457223325967789,0.1178056001663208,0.31061819195747375,-0.07851668447256088,0.17120325565338135,0.35098156332969666,-0.055868927389383316,0.18459546566009521,0.2830568253993988,-0.07784977555274963,0.1735972762107849,0.2823376953601837,-0.07632007449865341,0.16602224111557007,0.29669979214668274,-0.06901013106107712
V,0.09773677587509155,0.5705351829528809,7.676837299186445e-07,0.04628491401672363,0.5016577243804932,-0.02695038542151451,0.034879863262176514,0.4044477939605713,-0.044048093259334564,0.07061547040939331,0.3374873399734497,-0.06315607577562332,0.11175203323364258,0.3081918954849243,-0.08066306263208389,0.03967547416687012,0.28378361463546753,-0.02583230286836624,0.01961079239845276,0.15513649582862854,-0.05105188488960266,0.008728325366973877,0.07847592234611511,-0.06610120087862015,0.0,0.017278820276260376,-0.07489341497421265,0.0916215181350708,0.2805635333061218,-0.031964294612407684,0.11166948080062866,0.14376631379127502,-0.059456489980220795,0.12059688568115234,0.062348008155822754,-0.07690460234880447,0.13004136085510254,0.0,-0.08461324870586395,0.13506263494491577,0.3078973889350891,-0.041386622935533524,0.14133799076080322,0.22047078609466553,-0.0776928961277008,0.12710541486740112,0.26806509494781494,-0.08394713699817657,0.1214495301246643,0.3169335126876831,-0.07599528133869171,0.17246681451797485,0.35226595401763916,-0.05301610380411148,0.1845078468322754,0.2859582304954529,-0.07613515108823776,0.17560887336730957,0.28392493724823,-0.07422482222318649,0.17120325565338135,0.293692409992218,-0.06573989242315292
V,0.09656926989555359,0.5712625682353973,7.505148005293449e-07,0.04619157314300537,0.5010123550891876,-0.028392011299729347,0.03609198331832886,0.4022996723651886,-0.04559367150068283,0.07565698027610779,0.3330964744091034,-0.06488417088985443,0.11954078078269958,0.2976089417934418,-0.0823005810379982,0.037929147481918335,0.28400084376335144,-0.024333519861102104,0.01930299401283264,0.15623530745506287,-0.04970325157046318,0.008168131113052368,0.07929864525794983,-0.06494957208633423,0.0,0.018343687057495117,-0.07356064766645432,0.09086164832115173,0.28188470005989075,-0.029908599331974983,0.11193439364433289,0.14543509483337402,-0.05676865205168724,0.12032702565193176,0.06311747431755066,-0.07387442141771317,0.13017365336418152,0.0,-0.08153422921895981,0.13520339131355286,0.3097548186779022,-0.03928503394126892,0.1446531116962433,0.22564473748207092,-0.0754876360297203,0.12397977709770203,0.27376946806907654,-0.08196321874856949,0.11346128582954407,0.3220996558666229,-0.07432185113430023,0.17292848229408264,0.35411784052848816,-0.05099963769316673,0.184899240732193,0.2842232882976532,-0.07326140999794006,0.16915485262870789,0.29062166810035706,-0.06989673525094986,0.1591818630695343,0.30974099040031433,-0.06058233603835106
V,0.09587648510932922,0.5696229934692383,7.396228056677501e-07,0.045477837324142456,0.4997921586036682,-0.026189813390374184,0.03299766778945923,0.4022594690322876,-0.042839232832193375,0.0664328932762146,0.3330370783805847,-0.061622437089681625,0.10847482085227966,0.29704099893569946,-0.07897736877202988,0.0376991331577301,0.28184670209884644,-0.025423085317015648,0.019072026014328003,0.15581008791923523,-0.0505373477935791,0.008483946323394775,0.0798153281211853,-0.06664824485778809,0.0,0.01805901527404785,-0.07690335810184479,0.08905240893363953,0.28052306175231934,-0.03207428380846977,0.11165717244148254,0.14442458748817444,-0.058941930532455444,0.12165316939353943,0.06353667378425598,-0.07819779217243195,0.13216635584831238,0.0,-0.0884905755519867,0.13230618834495544,0.30924731492996216,-0.04170641303062439,0.14254096150398254,0.21826744079589844,-0.07626126706600189,0.12656256556510925,0.2625471353530884,-0.08297929167747498,0.11932763457298279,0.31045329570770264,-0.07696860283613205,0.16939225792884827,0.35546284914016724,-0.053522463887929916,0.18182101845741272,0.28665947914123535,-0.07557070255279541,0.1722181737422943,0.2838793992996216,-0.07375045120716095,0.16727152466773987,0.2941770553588867,-0.06634227186441422
V,0.09090200066566467,0.5704340636730194,7.367535204139131e-07,0.04087930917739868,0.4987804591655731,-0.025766443461179733,0.03232547640800476,0.3980754315853119,-0.04068129137158394,0.07090738415718079,0.3270030915737152,-0.05799907073378563,0.11150744557380676,0.2912350594997406,-0.07357373088598251,0.03570321202278137,0.28435537219047546,-0.021561643108725548,0.017545253038406372,0.15676406025886536,-0.0451006181538105,0.007446736097335815,0.07994028925895691,-0.05910408869385719,0.0,0.019536316394805908,-0.06691130250692368,0.08754697442054749,0.2819007337093353,-0.02821747213602066,0.10937312245368958,0.14291131496429443,-0.05262456461787224,0.11882945895195007,0.06168663501739502,-0.06861987709999084,0.1295776069164276,0.0,-0.07579650729894638,0.13100746273994446,0.30974283814430237,-0.038410767912864685,0.1400999128818512,0.22365912795066833,-0.07223955541849136,0.12221595644950867,0.2720423638820648,-0.07789014279842377,0.11427488923072815,0.31984975934028625,-0.07030335813760757,0.16847774386405945,0.3542732894420624,-0.05077940225601196,0.1804429590702057,0.2803998291492462,-0.07037825137376785,0.16540345549583435,0.2924077808856964,-0.0650782361626625,0.15663132071495056,0.31810203194618225,-0.05496523901820183
V,0.09452426433563232,0.564761757850647,7.344913797169283e-07,0.04381784796714783,0.49482274055480957,-0.027501100674271584,0.03352653980255127,0.3969203233718872,-0.04320818930864334,0.07600760459899902,0.33085668087005615,-0.061440978199243546,0.12029057741165161,0.30217790603637695,-0.07822895050048828,0.03527095913887024,0.2799248695373535,-0.020840121433138847,0.01680317521095276,0.15512767434120178,-0.04521750658750534,0.007082581520080566,0.07926851511001587,-0.06043724715709686,0.0,0.018327713012695312,-0.06936725229024887,0.0886608362197876,0.2777940034866333,-0.0270390547811985,0.10919511318206787,0.14242470264434814,-0.05318720266222954,0.1197584867477417,0.06257709860801697,-0.07119159400463104,0.13086432218551636,0.0,-0.07974591851234436,0.1332300901412964,0.3046656847000122,-0.037129420787096024,0.14477235078811646,0.22524023056030273,-0.07373136281967163,0.12649005651474,0.2754253149032593,-0.08217482268810272,0.11619031429290771,0.3241296410560608,-0.07569102197885513,0.1706508994102478,0.3468630313873291,-0.04941008612513542,0.18144893646240234,0.27841997146606445,-0.07147834450006485,0.16662871837615967,0.2930644154548645,-0.06810431182384491,0.1570826768875122,0.3204311728477478,-0.058970388025045395
V,0.09341320395469666,0.5630903244018555,7.44436022159789e-07,0.04364737868309021,0.4939076900482178,-0.02706521935760975,0.03421112895011902,0.3973550796508789,-0.043480463325977325,0.07438543438911438,0.33387625217437744,-0.06222548708319664,0.1159268319606781,0.3126716613769531,-0.07983507215976715,0.03636881709098816,0.27806365489959717,-0.02335607260465622,0.01878848671913147,0.1535336971282959,-0.04729358106851578,0.00804242491722107,0.07829540967941284,-0.06284995377063751,0.0,0.018324285745620728,-0.07252971827983856,0.08899053931236267,0.27635103464126587,-0.030068274587392807,0.11093363165855408,0.14232146739959717,-0.05548523738980293,0.11997643113136292,0.061402976512908936,-0.07383889704942703,0.12959948182106018,0.0,-0.0835651233792305,0.13280007243156433,0.3039189577102661,-0.0402803011238575,0.143808513879776,0.21816954016685486,-0.07491592317819595,0.12605580687522888,0.2609235644340515,-0.08382850140333176,0.11646369099617004,0.30758094787597656,-0.0792706087231636,0.16993656754493713,0.3476746678352356,-0.05272558704018593,0.18177297711372375,0.27714473009109497,-0.07426831871271133,0.16712918877601624,0.28939223289489746,-0.07168891280889511,0.15827110409736633,0.3171190023422241,-0.06393115967512131
V,0.09370815753936768,0.5659182965755463,7.489947506655881e-07,0.04373320937156677,0.4987151324748993,-0.02821733057498932,0.03394177556037903,0.4016803801059723,-0.0447520837187767,0.07127338647842407,0.3325710594654083,-0.06317892670631409,0.11152207851409912,0.3002951443195343,-0.08001543581485748,0.03561103343963623,0.28083035349845886,-0.02367182821035385,0.018542826175689697,0.15669867396354675,-0.0489501878619194,0.008062481880187988,0.08058002591133118,-0.06447737663984299,0.0,0.02005937695503235,-0.07344578206539154,0.08783960342407227,0.2784236967563629,-0.02901504561305046,0.10920113325119019,0.14353185892105103,-0.056595977395772934,0.11947786808013916,0.0625365674495697,-0.0747799426317215,0.1304844617843628,0.0,-0.08294491469860077,0.13161802291870117,0.3056242763996124,-0.03794170543551445,0.14202475547790527,0.22175154089927673,-0.07458227127790451,0.12526285648345947,0.2699591815471649,-0.08084045350551605,0.11684530973434448,0.31835344433784485,-0.07272467762231827,0.16818857192993164,0.34913715720176697,-0.049124471843242645,0.1786874532699585,0.281633585691452,-0.07165445387363434,0.16657501459121704,0.2873433530330658,-0.06809543073177338,0.15984272956848145,0.30457714200019836,-0.058353956788778305
V,0.09288966655731201,0.5617899596691132,7.432277016050648e-07,0.04350239038467407,0.49246618151664734,-0.027414582669734955,0.03437083959579468,0.39480677247047424,-0.043903548270463943,0.0715787410736084,0.32565441727638245,-0.06237368658185005,0.11251026391983032,0.2882303297519684,-0.07894483208656311,0.0340861976146698,0.28000959753990173,-0.024100663140416145,0.01659470796585083,0.15242168307304382,-0.04836203530430794,0.007151931524276733,0.07625734806060791,-0.0626649558544159,0.0,0.016620248556137085,-0.0706198662519455,0.08677136898040771,0.27859774231910706,-0.02964797429740429,0.10890829563140869,0.14298385381698608,-0.05584485083818436,0.11812740564346313,0.061577945947647095,-0.07327482849359512,0.12698888778686523,0.0,-0.08135353773832321,0.13078027963638306,0.3062073290348053,-0.03870169073343277,0.13881123065948486,0.22172683477401733,-0.07445697486400604,0.1223025918006897,0.2663550078868866,-0.08212728053331375,0.11385983228683472,0.3129206597805023,-0.07560544461011887,0.1680625081062317,0.3494921624660492,-0.049806009978055954,0.17887282371520996,0.27910056710243225,-0.07175830751657486,0.16525286436080933,0.2849108874797821,-0.06902392953634262,0.15681499242782593,0.3043956458568573,-0.06037524715065956
V,0.08849465847015381,0.5624393820762634,7.264134183060378e-07,0.03983411192893982,0.4919275641441345,-0.026715461164712906,0.03209406137466431,0.39597833156585693,-0.04321812093257904,0.07252317667007446,0.33034640550613403,-0.062043726444244385,0.1132969856262207,0.2973553538322449,-0.07949338108301163,0.03354543447494507,0.2781860828399658,-0.0232476145029068,0.016737699508666992,0.15277418494224548,-0.04746308550238609,0.007049292325973511,0.07616809010505676,-0.06282185018062592,0.0,0.015788137912750244,-0.07211126387119293,0.08592653274536133,0.2759805917739868,-0.029928583651781082,0.1079980731010437,0.14223480224609375,-0.055842265486717224,0.11660903692245483,0.06135761737823486,-0.07421540468931198,0.1266213059425354,0.0,-0.08366642147302628,0.13011038303375244,0.3033907413482666,-0.0401010699570179,0.14039677381515503,0.2180079221725464,-0.07461600750684738,0.11968058347702026,0.2607393264770508,-0.08283594250679016,0.10928058624267578,0.3060593605041504,-0.07773149013519287,0.16811227798461914,0.34682899713516235,-0.05248749256134033,0.18056845664978027,0.273769736289978,-0.07375345379114151,0.16512280702590942,0.2822582721710205,-0.07118065655231476,0.15615862607955933,0.30556827783584595,-0.06331812590360641
V,0.08840394020080566,0.5641991794109344,7.117189966265869e-07,0.03851073980331421,0.49153122305870056,-0.026367831975221634,0.02882269024848938,0.39473310112953186,-0.042828161269426346,0.06367075443267822,0.32776781916618347,-0.06178530305624008,0.10330641269683838,0.29720595479011536,-0.07920954376459122,0.034332454204559326,0.27759048342704773,-0.022133827209472656,0.017069369554519653,0.15206345915794373,-0.04743223264813423,0.0070304274559021,0.07628318667411804,-0.06388723105192184,0.0,0.016111284494400024,-0.07394329458475113,0.08666324615478516,0.27695468068122864,-0.029114656150341034,0.10828834772109985,0.14415040612220764,-0.056540001183748245,0.11775654554367065,0.06203398108482361,-0.07638844102621078,0.12824088335037231,0.0,-0.08684588968753815,0.13021254539489746,0.30443164706230164,-0.039676081389188766,0.14205962419509888,0.21825763583183289,-0.07538766413927078,0.12310534715652466,0.25743576884269714,-0.0848931074142456,0.1120947003364563,0.30348286032676697,-0.08040323853492737,0.16734939813613892,0.34745654463768005,-0.05244064703583717,0.17998409271240234,0.2764260470867157,-0.07497603446245193,0.1665317416191101,0.27936121821403503,-0.07383249700069427,0.15712368488311768,0.3001009523868561,-0.0667051449418068
V,0.08732277154922485,0.5640991628170013,7.056422646201099e-07,0.039430201053619385,0.4942121207714081,-0.026239261031150818,0.029470980167388916,0.40008023381233215,-0.04328422248363495,0.05668458342552185,0.33073440194129944,-0.0628468245267868,0.09063971042633057,0.2915686070919037,-0.0806787833571434,0.03375130891799927,0.27777567505836487,-0.022839544340968132,0.01721733808517456,0.15339049696922302,-0.04973848536610603,0.00733494758605957,0.07616344094276428,-0.06716135144233704,0.0,0.014895975589752197,-0.07775659114122391,0.08485126495361328,0.2764706313610077,-0.029723893851041794,0.10704421997070312,0.14488306641578674,-0.05930677056312561,0.117512047290802,0.06332817673683167,-0.07954888790845871,0.1281416416168213,0.0,-0.08987025916576385,0.12844085693359375,0.30341413617134094,-0.04000842571258545,0.1404741406440735,0.21280571818351746,-0.07713402807712555,0.12303018569946289,0.2578980028629303,-0.08321177214384079,0.11313241720199585,0.3061729967594147,-0.07599397003650665,0.1662084460258484,0.34759286046028137,-0.05244506895542145,0.17852073907852173,0.277905136346817,-0.07561018317937851,0.16720294952392578,0.2790363132953644,-0.07270323485136032,0.16030853986740112,0.29346373677253723,-0.06389892101287842
V,0.08885884284973145,0.5654496252536774,7.451172905348358e-07,0.03860703110694885,0.4949755370616913,-0.026376165449619293,0.0287894606590271,0.3957217037677765,-0.04208194464445114,0.07129305601119995,0.32992860674858093,-0.06050967797636986,0.1158912181854248,0.3091835081577301,-0.07765759527683258,0.032258570194244385,0.2778918445110321,-0.02074117586016655,0.016141772270202637,0.15117770433425903,-0.04528333619236946,0.007153987884521484,0.07506927847862244,-0.06043447181582451,0.0,0.014952778816223145,-0.06920912116765976,0.08496087789535522,0.27606067061424255,-0.02766931802034378,0.10649353265762329,0.14145854115486145,-0.05421319603919983,0.11603784561157227,0.06081491708755493,-0.0716572180390358,0.12596994638442993,0.0,-0.0793629065155983,0.12903612852096558,0.30394646525382996,-0.03835958242416382,0.14116549491882324,0.22182926535606384,-0.07513976097106934,0.12338483333587646,0.2709867060184479,-0.0826476439833641,0.11443442106246948,0.32075831294059753,-0.07519563287496567,0.16579949855804443,0.3479025661945343,-0.051177818328142166,0.17753243446350098,0.27973440289497375,-0.073941171169281,0.16267913579940796,0.2929461896419525,-0.07043324410915375,0.1539739966392517,0.31990131735801697,-0.06072616204619408
V,0.08738291263580322,0.5660223960876465,7.193380611170141e-07,0.039322853088378906,0.4977208375930786,-0.027037575840950012,0.02891126275062561,0.4024602770805359,-0.04420758783817291,0.06071364879608154,0.33299535512924194,-0.0634450614452362,0.09620088338851929,0.2930493950843811,-0.08096755295991898,0.033028244972229004,0.2809818983078003,-0.02566850185394287,0.01705649495124817,0.15514957904815674,-0.05168915167450905,0.007194221019744873,0.07891714572906494,-0.06763645261526108,0.0,0.01871103048324585,-0.07672697305679321,0.0848284363746643,0.27987152338027954,-0.031739044934511185,0.10641998052597046,0.1439630091190338,-0.05976357311010361,0.11574465036392212,0.06215178966522217,-0.0785621628165245,0.12633877992630005,0.0,-0.08752244710922241,0.12895357608795166,0.3073662519454956,-0.041037384420633316,0.13980817794799805,0.2226794958114624,-0.07734586298465729,0.12266600131988525,0.2688038945198059,-0.08380364626646042,0.11465984582901001,0.3173508048057556,-0.07643292844295502,0.1668645143508911,0.3511551022529602,-0.05243963748216629,0.1791887879371643,0.2826056480407715,-0.07493282854557037,0.16733455657958984,0.2859572768211365,-0.07172627002000809,0.16106641292572021,0.30265527963638306,-0.06249696761369705
V,0.08725392818450928,0.5612812340259552,7.114726372492441e-07,0.04007810354232788,0.4914642870426178,-0.027265366166830063,0.030249804258346558,0.3984047472476959,-0.044749341905117035,0.07127273082733154,0.33812084794044495,-0.06484866887331009,0.11629372835159302,0.3123491108417511,-0.08374185115098953,0.033577144145965576,0.27556172013282776,-0.024191461503505707,0.017146378755569458,0.15073567628860474,-0.049677085131406784,0.007643759250640869,0.07579612731933594,-0.06596990674734116,0.0,0.015705466270446777,-0.07579959183931351,0.08645379543304443,0.2745759189128876,-0.03138340264558792,0.10715711116790771,0.14062216877937317,-0.058462630957365036,0.11645036935806274,0.061798155307769775,-0.0775967389345169,0.12575209140777588,0.0,-0.08728396147489548,0.1304643154144287,0.30261871218681335,-0.04214859381318092,0.14211779832839966,0.21958106756210327,-0.07892122864723206,0.12709546089172363,0.2674356997013092,-0.08751600235700607,0.11909770965576172,0.3164120018482208,-0.08157557994127274,0.1677333116531372,0.3475923240184784,-0.05504390224814415,0.18076425790786743,0.2758394181728363,-0.07721078395843506,0.16754084825515747,0.28700217604637146,-0.07386941462755203,0.15863996744155884,0.31339386105537415,-0.065004363656044
V,0.08656135201454163,0.5605275630950928,7.309250804610201e-07,0.03989413380622864,0.493069589138031,-0.027312004938721657,0.03040441870689392,0.40081310272216797,-0.04501144587993622,0.06752327084541321,0.3365626335144043,-0.06468618661165237,0.10693702101707458,0.3109287619590759,-0.08289716392755508,0.03351679444313049,0.2742927074432373,-0.026325246319174767,0.016717463731765747,0.14983028173446655,-0.05148570239543915,0.007373601198196411,0.0747654139995575,-0.06720317155122757,0.0,0.014349967241287231,-0.07692191004753113,0.08558312058448792,0.2734689712524414,-0.03246177360415459,0.10694101452827454,0.1407361924648285,-0.06001124158501625,0.11773404479026794,0.060730040073394775,-0.0791577473282814,0.12790486216545105,0.0,-0.08882566541433334,0.12882032990455627,0.302185595035553,-0.04173707962036133,0.13859757781028748,0.21674960851669312,-0.0772918090224266,0.1252656877040863,0.2607044577598572,-0.08469999581575394,0.11789807677268982,0.30791693925857544,-0.07847214490175247,0.1657438576221466,0.3471146821975708,-0.05321327596902847,0.17808398604393005,0.2811654806137085,-0.07592589408159256,0.1700643002986908,0.28215163946151733,-0.07430259883403778,0.16510340571403503,0.2960714101791382,-0.06650535762310028
V,0.08512324094772339,0.5633769929409027,7.271077606674226e-07,0.03724053502082825,0.490732342004776,-0.026468731462955475,0.028855443000793457,0.39558324217796326,-0.04343578219413757,0.07117640972137451,0.33322080969810486,-0.06292355060577393,0.11379599571228027,0.30877944827079773,-0.08086438477039337,0.031445831060409546,0.2766723334789276,-0.023222489282488823,0.01600247621536255,0.15132847428321838,-0.048723749816417694,0.0071375370025634766,0.07548773288726807,-0.06460580974817276,0.0,0.015090852975845337,-0.07371596246957779,0.08429205417633057,0.27699318528175354,-0.029900096356868744,0.10571062564849854,0.1435510218143463,-0.057457175105810165,0.11463326215744019,0.06273257732391357,-0.07552693784236908,0.12397396564483643,0.0,-0.08369652181863785,0.12860643863677979,0.3052649199962616,-0.04005338251590729,0.14077341556549072,0.22552108764648438,-0.07623624801635742,0.1234470009803772,0.27273377776145935,-0.0823158472776413,0.11327856779098511,0.320627897977829,-0.07399648427963257,0.16633403301239014,0.34949424862861633,-0.052424538880586624,0.17991459369659424,0.27981093525886536,-0.07336746901273727,0.16798579692840576,0.2872970402240753,-0.06834377348423004,0.15972888469696045,0.3081996738910675,-0.05770748481154442
V,0.08516347408294678,0.5603886842727661,7.257786478476191e-07,0.038209229707717896,0.4908224940299988,-0.02735191024839878,0.029608219861984253,0.39554816484451294,-0.04429377615451813,0.07253330945968628,0.33297765254974365,-0.06378643959760666,0.11713504791259766,0.3104221820831299,-0.08194806426763535,0.03192561864852905,0.27354639768600464,-0.022590413689613342,0.01635199785232544,0.14950191974639893,-0.04788384959101677,0.007255375385284424,0.07409408688545227,-0.06427901983261108,0.0,0.013937652111053467,-0.07443363964557648,0.0842294692993164,0.2728726267814636,-0.02941286377608776,0.1060105562210083,0.14074569940567017,-0.0570998340845108,0.11587315797805786,0.06160956621170044,-0.07624134421348572,0.12602299451828003,0.0,-0.0859505906701088,0.12819337844848633,0.3006540536880493,-0.03988133743405342,0.1421879529953003,0.21839728951454163,-0.07664712518453598,0.12439292669296265,0.26666897535324097,-0.08387824892997742,0.11402684450149536,0.3152591586112976,-0.0771695226430893,0.16544467210769653,0.34458887577056885,-0.052654508501291275,0.17851203680038452,0.2768443822860718,-0.07532766461372375,0.16467636823654175,0.29142051935195923,-0.07155457884073257,0.15566593408584595,0.3197445869445801,-0.06218982860445976
V,0.08681732416152954,0.5595223307609558,7.158913035709702e-07,0.03983011841773987,0.489602267742157,-0.027909301221370697,0.029992878437042236,0.3972873091697693,-0.04502151161432266,0.06544142961502075,0.33279645442962646,-0.06377187371253967,0.10462790727615356,0.30219918489456177,-0.08075819164514542,0.032412946224212646,0.2719697952270508,-0.023779742419719696,0.016883790493011475,0.14859607815742493,-0.04921014979481697,0.007364094257354736,0.07271438837051392,-0.06525895744562149,0.0,0.012900352478027344,-0.07474107295274734,0.08418375253677368,0.2717382311820984,-0.02903185598552227,0.10402810573577881,0.14156949520111084,-0.05675584450364113,0.11364609003067017,0.061272501945495605,-0.07618409395217896,0.12329792976379395,0.0,-0.08558651804924011,0.1278725266456604,0.300237774848938,-0.037758082151412964,0.1384640336036682,0.21982038021087646,-0.07393977791070938,0.1257529854774475,0.26119160652160645,-0.08223642408847809,0.11804592609405518,0.30579984188079834,-0.07614462822675705,0.16505658626556396,0.34533190727233887,-0.04865620285272598,0.17869412899017334,0.2829090356826782,-0.07167557626962662,0.1716313362121582,0.2801368832588196,-0.07050823420286179,0.16653841733932495,0.28939110040664673,-0.06268198788166046
V,0.08524671196937561,0.561681479215622,7.389057827822398e-07,0.039719462394714355,0.4897208511829376,-0.027380339801311493,0.031433701515197754,0.3959241807460785,-0.04579365998506546,0.07016584277153015,0.3321893513202667,-0.06605440378189087,0.11138013005256653,0.30454155802726746,-0.08489176630973816,0.03298664093017578,0.2743053138256073,-0.02609514817595482,0.017233073711395264,0.1502356231212616,-0.05313907563686371,0.00734063982963562,0.07349935173988342,-0.07074504345655441,0.0,0.012759208679199219,-0.08175653964281082,0.08425512909889221,0.2740735113620758,-0.032781895250082016,0.10407134890556335,0.1431294083595276,-0.0624132975935936,0.11360087990760803,0.06247177720069885,-0.0831877589225769,0.12384942173957825,0.0,-0.09390461444854736,0.12748226523399353,0.30333366990089417,-0.0426931194961071,0.14058169722557068,0.21762076020240784,-0.07972894608974457,0.1264490783214569,0.259488970041275,-0.08707869797945023,0.11813464760780334,0.30488988757133484,-0.08069658279418945,0.16399845480918884,0.349569171667099,-0.054848041385412216,0.17884257435798645,0.2842976748943329,-0.07922730594873428,0.1733073890209198,0.27753642201423645,-0.07821384072303772,0.16978076100349426,0.2831515967845917,-0.07058613002300262
V,0.08297550678253174,0.5604158043861389,7.398269303848792e-07,0.035685569047927856,0.4870818853378296,-0.027557246387004852,0.026571422815322876,0.3921239376068115,-0.045011814683675766,0.07133430242538452,0.330078661441803,-0.06490175426006317,0.118716299533844,0.30884408950805664,-0.08338315784931183,0.02830803394317627,0.2737762928009033,-0.022272497415542603,0.014943808317184448,0.1488666534423828,-0.048109013587236404,0.006539821624755859,0.07355785369873047,-0.0646587684750557,0.0,0.013460874557495117,-0.07483897358179092,0.08109045028686523,0.27395099401474,-0.02898472547531128,0.10100096464157104,0.14258432388305664,-0.057445723563432693,0.1106109619140625,0.062298744916915894,-0.0773482695221901,0.12055355310440063,0.0,-0.08738145232200623,0.12568503618240356,0.3027593493461609,-0.03948173299431801,0.13939088582992554,0.22021567821502686,-0.07783001661300659,0.12256944179534912,0.2642707824707031,-0.08737743645906448,0.11189413070678711,0.3118780851364136,-0.08158796280622482,0.1626691222190857,0.34726011753082275,-0.0521710179746151,0.17616450786590576,0.2802843451499939,-0.07752406597137451,0.16550487279891968,0.28219157457351685,-0.0772201418876648,0.15770995616912842,0.29887866973876953,-0.06975904852151871
V,0.08173626661300659,0.5558929741382599,7.044508834042063e-07,0.034721553325653076,0.4819774329662323,-0.024335738271474838,0.02328801155090332,0.3883572518825531,-0.04120998829603195,0.058877527713775635,0.32600435614585876,-0.06103263050317764,0.10291707515716553,0.29901251196861267,-0.07993576675653458,0.031425684690475464,0.2746117413043976,-0.024058964103460312,0.016445577144622803,0.15061458945274353,-0.050682008266448975,0.006790190935134888,0.07337436079978943,-0.06808517128229141,0.0,0.011612236499786377,-0.07894241064786911,0.08208650350570679,0.27425840497016907,-0.03241677209734917,0.10270822048187256,0.14224758744239807,-0.06062600761651993,0.11231714487075806,0.06200650334358215,-0.08088823407888412,0.1230514645576477,0.0,-0.09187822043895721,0.12526488304138184,0.3017762005329132,-0.04383094236254692,0.1411023736000061,0.2189236879348755,-0.0795094296336174,0.12337017059326172,0.25972750782966614,-0.0876527950167656,0.11174291372299194,0.30498263239860535,-0.0823640301823616,0.16210728883743286,0.3453511893749237,-0.057312436401844025,0.178175151348114,0.27677592635154724,-0.07973476499319077,0.167711079120636,0.28011903166770935,-0.07781776040792465,0.15997374057769775,0.2982422411441803,-0.07022710889577866
V,0.07891610264778137,0.5550293624401093,6.876106226627599e-07,0.031216979026794434,0.4836939871311188,-0.023985084146261215,0.01869252324104309,0.392018586397171,-0.04124746844172478,0.04797801375389099,0.32794108986854553,-0.06192827597260475,0.08593735098838806,0.29742059111595154,-0.08145611733198166,0.03252336382865906,0.27256616950035095,-0.022234361618757248,0.017714262008666992,0.1485213041305542,-0.04941980913281441,0.007246166467666626,0.0709482729434967,-0.06745994091033936,0.0,0.00954139232635498,-0.07862231135368347,0.08186247944831848,0.2740223705768585,-0.03125135973095894,0.10325446724891663,0.1429828405380249,-0.06012233346700668,0.1124219000339508,0.06326165795326233,-0.08010612428188324,0.12367144227027893,0.0,-0.09092049300670624,0.12484827637672424,0.3027895987033844,-0.04347573220729828,0.1411752998828888,0.2175091803073883,-0.07961716502904892,0.12018898129463196,0.26322367787361145,-0.08470367640256882,0.10760065913200378,0.3115253150463104,-0.07740218192338943,0.16239282488822937,0.34776607155799866,-0.057946883141994476,0.1805863082408905,0.2748924791812897,-0.08065316081047058,0.16651448607444763,0.28685590624809265,-0.07607629895210266,0.15643879771232605,0.313924103975296,-0.06643536686897278
V,0.07555460929870605,0.5559176504611969,7.004516646702541e-07,0.025061458349227905,0.4826306998729706,-0.023656273260712624,0.011043071746826172,0.3872940242290497,-0.03897412493824959,0.040994465351104736,0.313924103975296,-0.057534392923116684,0.0771336555480957,0.28351399302482605,-0.07463303953409195,0.02898910641670227,0.28212085366249084,-0.02081884630024433,0.015258729457855225,0.15590718388557434,-0.04819304496049881,0.00630524754524231,0.0762304961681366,-0.06538097560405731,0.0,0.01305273175239563,-0.07487504929304123,0.07831376791000366,0.2813069522380829,-0.0284719355404377,0.09858900308609009,0.14710167050361633,-0.057102594524621964,0.11041748523712158,0.06335785984992981,-0.0747651755809784,0.12293696403503418,0.0,-0.08268222212791443,0.12139713764190674,0.30628344416618347,-0.03945246338844299,0.1396559476852417,0.23082247376441956,-0.076118104159832,0.12185299396514893,0.27864816784858704,-0.07999719679355621,0.10943776369094849,0.33029618859291077,-0.07024167478084564,0.15879100561141968,0.3464731276035309,-0.052553001791238785,0.17864727973937988,0.27872464060783386,-0.07380317896604538,0.1656484603881836,0.2979888617992401,-0.06679581105709076,0.1546173095703125,0.3326549232006073,-0.054652269929647446
V,0.06975564360618591,0.5513485372066498,7.07878939465445e-07,0.016967803239822388,0.4742315113544464,-0.02315257117152214,0.0010575354099273682,0.37801286578178406,-0.03795390948653221,0.028925985097885132,0.30197539925575256,-0.057006414979696274,0.06519725918769836,0.2741740643978119,-0.07459523528814316,0.024793177843093872,0.2704700529575348,-0.013247071765363216,0.01203465461730957,0.14731255173683167,-0.03950456157326698,0.004209429025650024,0.0700829029083252,-0.056770775467157364,0.0,0.007355719804763794,-0.0668012797832489,0.07459881901741028,0.2723316252231598,-0.02213483676314354,0.0959341824054718,0.14513340592384338,-0.05128984525799751,0.1070500910282135,0.06385162472724915,-0.06974676251411438,0.1198212206363678,0.0,-0.07829194515943527,0.11769267916679382,0.29878297448158264,-0.03505975753068924,0.13801541924476624,0.22504013776779175,-0.07510656118392944,0.1158306896686554,0.27884021401405334,-0.07957493513822556,0.10178181529045105,0.3346768319606781,-0.06934598833322525,0.15449431538581848,0.34098777174949646,-0.05007341504096985,0.17567655444145203,0.2729332149028778,-0.07522586733102798,0.15795406699180603,0.29998597502708435,-0.06915123760700226,0.14322325587272644,0.3426840007305145,-0.05702582746744156
V,0.07199698686599731,0.5520136058330536,6.912571848260995e-07,0.018341004848480225,0.4766453206539154,-0.02128058299422264,0.0,0.37603673338890076,-0.035317081958055496,0.02445027232170105,0.29893121123313904,-0.05369991809129715,0.06481671333312988,0.27359703183174133,-0.07059267908334732,0.02864837646484375,0.2735132873058319,-0.014461695216596127,0.017152607440948486,0.1483447551727295,-0.03990626707673073,0.010578334331512451,0.07104507088661194,-0.05566992610692978,0.007276386022567749,0.009025782346725464,-0.06443585455417633,0.0782281756401062,0.2773498594760895,-0.02350573241710663,0.10043728351593018,0.14543268084526062,-0.0524946004152298,0.11071276664733887,0.06374824047088623,-0.06936339288949966,0.12185370922088623,0.0,-0.07635292410850525,0.12198454141616821,0.3046131432056427,-0.03599252551794052,0.14295190572738647,0.22371885180473328,-0.07577893137931824,0.11994266510009766,0.27914556860923767,-0.07789714634418488,0.10428327322006226,0.33749136328697205,-0.06543751806020737,0.16057199239730835,0.34697195887565613,-0.050229061394929886,0.18258535861968994,0.27290913462638855,-0.07423334568738937,0.16644150018692017,0.29787304997444153,-0.06610842049121857,0.15265798568725586,0.3391921818256378,-0.052220799028873444
V,0.07654508948326111,0.5516982674598694,6.808774628552783e-07,0.02085021138191223,0.47603505849838257,-0.021854251623153687,0.0,0.37772876024246216,-0.03631856292486191,0.023796051740646362,0.30153459310531616,-0.05518699809908867,0.06369945406913757,0.27453404664993286,-0.07259707152843475,0.030776530504226685,0.27330005168914795,-0.01415262371301651,0.019429951906204224,0.14733058214187622,-0.040070682764053345,0.013232320547103882,0.06930643320083618,-0.05664355307817459,0.010111629962921143,0.006182938814163208,-0.06608784198760986,0.08044704794883728,0.2764385938644409,-0.022789178416132927,0.10286673903465271,0.14573633670806885,-0.051951318979263306,0.11313369870185852,0.06413331627845764,-0.06922771781682968,0.1236049234867096,0.0,-0.07672925293445587,0.1237235963344574,0.30256903171539307,-0.03514297306537628,0.14332064986228943,0.22023612260818481,-0.07586792856454849,0.12047651410102844,0.2745586037635803,-0.07944789528846741,0.1046089231967926,0.33316779136657715,-0.06791503727436066,0.1624140441417694,0.3438296318054199,-0.04926246032118797,0.18505778908729553,0.26837682723999023,-0.07513222098350525,0.16857489943504333,0.29277777671813965,-0.06885654479265213,0.15311959385871887,0.33560067415237427,-0.056068915873765945
V,0.07562386989593506,0.557826578617096,7.19628872047906e-07,0.020807623863220215,0.4812365770339966,-0.021688902750611305,0.0,0.38032692670822144,-0.03669039532542229,0.02637210488319397,0.30521905422210693,-0.05599208176136017,0.06864935159683228,0.2900317907333374,-0.07377239316701889,0.02961188554763794,0.273412823677063,-0.01538359746336937,0.017772138118743896,0.14944955706596375,-0.04007072001695633,0.010644882917404175,0.07216745615005493,-0.05596121773123741,0.006894826889038086,0.010270267724990845,-0.06556884944438934,0.08009523153305054,0.2775372266769409,-0.024517154321074486,0.10196107625961304,0.14738386869430542,-0.05289040505886078,0.11156004667282104,0.064517080783844,-0.0697801262140274,0.12184470891952515,0.0,-0.07743337005376816,0.12413465976715088,0.3058926463127136,-0.037197016179561615,0.14686566591262817,0.22417348623275757,-0.07626336067914963,0.1226770281791687,0.27596211433410645,-0.08005345612764359,0.1046144962310791,0.3333941102027893,-0.06937973946332932,0.16305005550384521,0.35017257928848267,-0.051751405000686646,0.18807125091552734,0.2761894464492798,-0.07681534439325333,0.17119628190994263,0.2967837452888489,-0.0715118795633316,0.15452945232391357,0.33576738834381104,-0.059915587306022644
V,0.074276864528656,0.5592999160289764,6.766985620743071e-07,0.019895613193511963,0.48405638337135315,-0.02363346889615059,0.0,0.38429102301597595,-0.03894663602113724,0.026716530323028564,0.30757686495780945,-0.05809316039085388,0.0669931173324585,0.28231099247932434,-0.07569009810686111,0.02777761220932007,0.27670976519584656,-0.016991732642054558,0.014534860849380493,0.15078088641166687,-0.0435735322535038,0.0065260231494903564,0.07244518399238586,-0.06088482216000557,0.00330507755279541,0.009570211172103882,-0.07126158475875854,0.0784069299697876,0.27817997336387634,-0.02531348168849945,0.09672820568084717,0.14648553729057312,-0.05495583638548851,0.10470318794250488,0.06421151757240295,-0.07350249588489532,0.1154712438583374,0.0,-0.08240066468715668,0.12292122840881348,0.3044935166835785,-0.0372835248708725,0.14679396152496338,0.22107669711112976,-0.07663684338331223,0.12228292226791382,0.2731854021549225,-0.08013907819986343,0.10505402088165283,0.3310648500919342,-0.06950481981039047,0.16150826215744019,0.34706076979637146,-0.05142262950539589,0.18600445985794067,0.27446290850639343,-0.0767986848950386,0.1713334321975708,0.2936266362667084,-0.0716019943356514,0.15881788730621338,0.3302921950817108,-0.05996446684002876
V,0.07801404595375061,0.5585328936576843,6.820669113949407e-07,0.020696938037872314,0.4840049147605896,-0.024292731657624245,0.0,0.3861597180366516,-0.03958704322576523,0.03159549832344055,0.31221485137939453,-0.058494944125413895,0.07077744603157043,0.2867070436477661,-0.0761028304696083,0.02847692370414734,0.2768327593803406,-0.016979588195681572,0.014721661806106567,0.15333127975463867,-0.04355008155107498,0.0055505335330963135,0.07496213912963867,-0.06089836731553078,0.0006816685199737549,0.011684715747833252,-0.07104173302650452,0.0792987048625946,0.2775533199310303,-0.025056801736354828,0.09631463885307312,0.1458512842655182,-0.05413160100579262,0.10411390662193298,0.0635027289390564,-0.07279536128044128,0.11461398005485535,0.0,-0.08159665763378143,0.12409982085227966,0.3038262724876404,-0.03704844415187836,0.14423087239265442,0.22927063703536987,-0.07728499174118042,0.12159261107444763,0.2775920033454895,-0.08469896763563156,0.10577139258384705,0.33197861909866333,-0.07652738690376282,0.1635695993900299,0.3453737497329712,-0.05101890116930008,0.18542513251304626,0.27652686834335327,-0.077080138027668,0.16969910264015198,0.29805129766464233,-0.07370081543922424,0.15600308775901794,0.3371275067329407,-0.06345003098249435
V,0.07700842618942261,0.563609391450882,6.950774604774779e-07,0.023004531860351562,0.48588547110557556,-0.024134570732712746,0.0037783384323120117,0.38421717286109924,-0.03955427184700966,0.03490936756134033,0.30709919333457947,-0.05843518674373627,0.07631760835647583,0.27936819195747375,-0.07602668553590775,0.028282582759857178,0.28275153040885925,-0.018717845901846886,0.013914376497268677,0.15730348229408264,-0.0456511564552784,0.004616528749465942,0.07738029956817627,-0.06395474076271057,0.0,0.012855350971221924,-0.07525011152029037,0.07877761125564575,0.2834474742412567,-0.026677431538701057,0.09615010023117065,0.1504460573196411,-0.05565246194601059,0.10467827320098877,0.06585374474525452,-0.07499184459447861,0.11630445718765259,0.0,-0.08515091985464096,0.12333273887634277,0.3094525635242462,-0.03820735216140747,0.14708399772644043,0.22773411870002747,-0.07576574385166168,0.12276196479797363,0.2738015949726105,-0.08069495111703873,0.10510522127151489,0.32776811718940735,-0.07215879112482071,0.16211116313934326,0.3505187928676605,-0.05199839919805527,0.18631893396377563,0.27658239006996155,-0.0762128159403801,0.17218071222305298,0.2933429181575775,-0.07162662595510483,0.15938061475753784,0.32900795340538025,-0.06123313307762146
V,0.07881757616996765,0.5652068853378296,7.352747388722491e-07,0.022689342498779297,0.4903947710990906,-0.024464361369609833,0.003109455108642578,0.38765060901641846,-0.04022759571671486,0.04201430082321167,0.3148430585861206,-0.05920541286468506,0.091867595911026,0.3014568090438843,-0.07708542048931122,0.027331888675689697,0.28383100032806396,-0.021551113575696945,0.01344558596611023,0.15728232264518738,-0.047014590352773666,0.004838854074478149,0.07766112685203552,-0.06370585411787033,0.0,0.013087093830108643,-0.07443351298570633,0.07910636067390442,0.2831690311431885,-0.02943025715649128,0.09682682156562805,0.14997738599777222,-0.05751020088791847,0.10536590218544006,0.06677165627479553,-0.0756668671965599,0.11596080660820007,0.0,-0.0849870890378952,0.12405410408973694,0.309650182723999,-0.04051406681537628,0.14700648188591003,0.23146235942840576,-0.07829807698726654,0.12181094288825989,0.28468048572540283,-0.08297145366668701,0.10273101925849915,0.34193873405456543,-0.07384441792964935,0.1624283492565155,0.35229742527008057,-0.0538262203335762,0.18477031588554382,0.2835080027580261,-0.07942766696214676,0.1709425151348114,0.303672730922699,-0.07549966871738434,0.15826275944709778,0.3406968116760254,-0.0651831179857254
V,0.08058768510818481,0.5598600208759308,7.096278409335355e-07,0.025967717170715332,0.483987957239151,-0.024217871949076653,0.007852733135223389,0.3838993012905121,-0.04022796079516411,0.041943907737731934,0.31249192357063293,-0.059265200048685074,0.08268725872039795,0.28814855217933655,-0.0772649273276329,0.030254721641540527,0.2839909493923187,-0.0231291763484478,0.015228807926177979,0.15636944770812988,-0.050510358065366745,0.005664199590682983,0.07665884494781494,-0.06819567829370499,0.0,0.013087183237075806,-0.0790216326713562,0.08143430948257446,0.28401902318000793,-0.031418848782777786,0.09837162494659424,0.14649677276611328,-0.060639284551143646,0.10682076215744019,0.0643792450428009,-0.0794871523976326,0.11872082948684692,0.0,-0.08916128426790237,0.12562185525894165,0.3109488785266876,-0.04286719858646393,0.14975285530090332,0.22595006227493286,-0.08019207417964935,0.1271457076072693,0.2765183746814728,-0.08372961729764938,0.11144524812698364,0.3303251564502716,-0.07450117915868759,0.16347330808639526,0.3538460433483124,-0.05651376023888588,0.18732106685638428,0.2832472622394562,-0.08058316260576248,0.17423385381698608,0.3016369640827179,-0.07521812617778778,0.16352492570877075,0.33414366841316223,-0.06445006281137466
V,0.081280916929245,0.5600452423095703,6.859781365164963e-07,0.026203036308288574,0.4874381422996521,-0.02437836490571499,0.007356047630310059,0.3856395483016968,-0.03913566470146179,0.04220041632652283,0.31077998876571655,-0.05700952187180519,0.0831896960735321,0.28719228506088257,-0.07370222359895706,0.03069344162940979,0.2823919653892517,-0.020248346030712128,0.015304803848266602,0.15714606642723083,-0.04662449285387993,0.005530327558517456,0.07802048325538635,-0.06409381330013275,0.0,0.013760536909103394,-0.07496263086795807,0.0819413959980011,0.2813025116920471,-0.028028804808855057,0.09657999873161316,0.14791277050971985,-0.05649898201227188,0.10477808117866516,0.06572878360748291,-0.07508475333452225,0.11641243100166321,0.0,-0.0845806822180748,0.1264713704586029,0.3070909380912781,-0.03919941186904907,0.14972838759422302,0.2289448380470276,-0.07712605595588684,0.127451092004776,0.2817397713661194,-0.08135588467121124,0.11132356524467468,0.3379244804382324,-0.072080098092556,0.16476896405220032,0.3487547039985657,-0.05261208489537239,0.18806537985801697,0.2802778482437134,-0.07791420817375183,0.17464205622673035,0.30166399478912354,-0.07335886359214783,0.16295817494392395,0.3382740616798401,-0.06272254884243011
V,0.0779159665107727,0.5640808939933777,7.226424258988118e-07,0.023307383060455322,0.4868587255477905,-0.02306206524372101,0.003537505865097046,0.38299763202667236,-0.03814719244837761,0.04117536544799805,0.31034719944000244,-0.05641829967498779,0.08793383836746216,0.2962018847465515,-0.07362547516822815,0.028148889541625977,0.2853931784629822,-0.02233617566525936,0.014378488063812256,0.1592327356338501,-0.04896010458469391,0.0055866539478302,0.07905977964401245,-0.06676168739795685,0.0,0.014404445886611938,-0.07844576984643936,0.07990628480911255,0.28477227687835693,-0.03047594614326954,0.09699845314025879,0.15067186951637268,-0.059391383081674576,0.10585498809814453,0.06717848777770996,-0.07779321074485779,0.11737328767776489,0.0,-0.08743608742952347,0.12489515542984009,0.31099772453308105,-0.04155633971095085,0.1491020917892456,0.2290419340133667,-0.07773640006780624,0.1262618899345398,0.2803068161010742,-0.07958429306745529,0.1094319224357605,0.336281418800354,-0.06904911249876022,0.16345596313476562,0.35347551107406616,-0.0550454743206501,0.18821722269058228,0.28450876474380493,-0.07931765913963318,0.17786550521850586,0.29781991243362427,-0.07447671890258789,0.16820812225341797,0.3270528316497803,-0.06369929015636444
V,0.08100944757461548,0.5647131204605103,6.722303851347533e-07,0.026564329862594604,0.48643314838409424,-0.021646317094564438,0.00985109806060791,0.3833348751068115,-0.0357455350458622,0.044061243534088135,0.30916357040405273,-0.05342387408018112,0.08384549617767334,0.28224891424179077,-0.06991064548492432,0.033209770917892456,0.2851911783218384,-0.019250331446528435,0.01731252670288086,0.15859714150428772,-0.045852553099393845,0.006574392318725586,0.07820367813110352,-0.06341622024774551,0.0,0.013651371002197266,-0.07443534582853317,0.08374267816543579,0.2849361300468445,-0.028217749670147896,0.09904193878173828,0.14898154139518738,-0.05734613537788391,0.10664093494415283,0.06549686193466187,-0.07654844969511032,0.11796224117279053,0.0,-0.08654257655143738,0.12785404920578003,0.31103014945983887,-0.04019389674067497,0.1515703797340393,0.22511425614356995,-0.07708360999822617,0.129380464553833,0.27366507053375244,-0.0805257111787796,0.11324220895767212,0.3283519148826599,-0.07117104530334473,0.1663370132446289,0.352913498878479,-0.054275237023830414,0.19048571586608887,0.2814616560935974,-0.07818357646465302,0.17909586429595947,0.2943369746208191,-0.07347647100687027,0.16849911212921143,0.32385116815567017,-0.06300421804189682
V,0.07842692732810974,0.5619526207447052,6.626355570915621e-07,0.02387237548828125,0.48654499650001526,-0.02213463746011257,0.006673872470855713,0.3848569691181183,-0.03650416061282158,0.042511582374572754,0.31289228796958923,-0.054520901292562485,0.08658936619758606,0.28918686509132385,-0.07128912955522537,0.03155288100242615,0.28386202454566956,-0.019934875890612602,0.01567620038986206,0.15775522589683533,-0.04620072618126869,0.005813330411911011,0.07806286215782166,-0.06289523094892502,0.0,0.013658732175827026,-0.07306873798370361,0.08243414759635925,0.28353235125541687,-0.02858055755496025,0.09801581501960754,0.14805468916893005,-0.057232145220041275,0.10570123791694641,0.06550249457359314,-0.07496509701013565,0.11650064587593079,0.0,-0.08366257697343826,0.127029687166214,0.309083491563797,-0.0403173603117466,0.14805319905281067,0.2288741171360016,-0.07720020413398743,0.12475278973579407,0.279567688703537,-0.07981426268815994,0.10799810290336609,0.33432474732398987,-0.06946281343698502,0.1659241020679474,0.35004767775535583,-0.05426887422800064,0.1885145604610443,0.2789061963558197,-0.07750406116247177,0.17392763495445251,0.2958003580570221,-0.07169511169195175,0.16077980399131775,0.32944396138191223,-0.06037641689181328
V,0.07985374331474304,0.5592890679836273,6.498225388895662e-07,0.026137083768844604,0.4845868647098541,-0.022480955347418785,0.009456098079681396,0.3868936598300934,-0.03769811987876892,0.039470553398132324,0.31646451354026794,-0.056449394673109055,0.0748419463634491,0.28878262639045715,-0.07404181361198425,0.03166472911834717,0.2858293950557709,-0.021043505519628525,0.015289306640625,0.16031888127326965,-0.049244653433561325,0.005656301975250244,0.07944449782371521,-0.06766518205404282,0.0,0.01436471939086914,-0.07891938835382462,0.08158037066459656,0.2837137281894684,-0.029612891376018524,0.09588655829429626,0.14905676245689392,-0.060058560222387314,0.10399118065834045,0.06651297211647034,-0.0796288251876831,0.11514732241630554,0.0,-0.08945735543966293,0.12575283646583557,0.3076551854610443,-0.04117925092577934,0.1471322476863861,0.22042164206504822,-0.07852230221033096,0.12861838936805725,0.2712225615978241,-0.08060485124588013,0.11488321423530579,0.32467785477638245,-0.06991167366504669,0.16492339968681335,0.3482593595981598,-0.05499736964702606,0.18722334504127502,0.2782743275165558,-0.07855191081762314,0.17984196543693542,0.2901858985424042,-0.07301735877990723,0.1730227768421173,0.315377801656723,-0.06161508709192276
V,0.08123472332954407,0.5575075149536133,6.539338528455119e-07,0.027420014142990112,0.48640596866607666,-0.02291729860007763,0.009968698024749756,0.38538026809692383,-0.037495020776987076,0.04363662004470825,0.3137444853782654,-0.05543116480112076,0.08248773217201233,0.29081857204437256,-0.07249613106250763,0.0319502055644989,0.28381115198135376,-0.02078581601381302,0.016137391328811646,0.15853554010391235,-0.04754767194390297,0.0061342716217041016,0.07862997055053711,-0.06520930677652359,0.0,0.014788627624511719,-0.07647053897380829,0.08242693543434143,0.281363844871521,-0.029279781505465508,0.0983334481716156,0.1480678915977478,-0.05852045863866806,0.10641726851463318,0.0661165714263916,-0.07748394459486008,0.11712095141410828,0.0,-0.08740159124135971,0.126360684633255,0.30536824464797974,-0.04089229926466942,0.1496310532093048,0.22061342000961304,-0.07808905094861984,0.12800303101539612,0.27147024869918823,-0.08158573508262634,0.11173978447914124,0.32442349195480347,-0.07248831540346146,0.16507026553153992,0.3455786108970642,-0.054707951843738556,0.18886032700538635,0.2756805419921875,-0.07946281135082245,0.17735710740089417,0.2919299006462097,-0.07517117261886597,0.16664573550224304,0.3220697045326233,-0.06515973806381226
V,0.08098959922790527,0.5601547658443451,6.969070796003507e-07,0.024926036596298218,0.48415395617485046,-0.022412165999412537,0.007936477661132812,0.3821249306201935,-0.03680355101823807,0.046849578619003296,0.31308355927467346,-0.054369375109672546,0.0898863673210144,0.30170026421546936,-0.07118848711252213,0.029422909021377563,0.28860458731651306,-0.02161581814289093,0.014929085969924927,0.1621890366077423,-0.04792318493127823,0.0054635703563690186,0.08145758509635925,-0.06613833457231522,0.0,0.01631927490234375,-0.0783310979604721,0.08109599351882935,0.2844723165035248,-0.029511714354157448,0.09533894062042236,0.15221133828163147,-0.057622816413640976,0.10365760326385498,0.06810101866722107,-0.07706143707036972,0.11511850357055664,0.0,-0.0880478173494339,0.12576204538345337,0.3074274957180023,-0.04026007652282715,0.14828187227249146,0.22359225153923035,-0.0753273069858551,0.12844336032867432,0.26964667439460754,-0.07969386130571365,0.11313128471374512,0.3225002586841583,-0.07174418866634369,0.16433340311050415,0.3463485538959503,-0.05332494154572487,0.18904751539230347,0.2765667140483856,-0.07738079130649567,0.18066638708114624,0.2865878641605377,-0.0746055468916893,0.17199736833572388,0.31415536999702454,-0.06580290198326111
V,0.08064314723014832,0.5602326691150665,6.821504143772472e-07,0.026336610317230225,0.4862928092479706,-0.022383898496627808,0.010427802801132202,0.3848905861377716,-0.03622056543827057,0.046309083700180054,0.31174328923225403,-0.0533338263630867,0.0863395631313324,0.28906765580177307,-0.06916473060846329,0.030515313148498535,0.2841325104236603,-0.019301382824778557,0.01525464653968811,0.1596321165561676,-0.0446438230574131,0.006118208169937134,0.08046028017997742,-0.06171087548136711,0.0,0.016386687755584717,-0.07294768840074539,0.08193746209144592,0.28157731890678406,-0.02711842581629753,0.09724089503288269,0.1503055989742279,-0.0551023855805397,0.10572144389152527,0.06753647327423096,-0.073647141456604,0.11626186966896057,0.0,-0.08358363807201385,0.1260741651058197,0.306112140417099,-0.038046058267354965,0.14583078026771545,0.22157153487205505,-0.07444184273481369,0.1268111765384674,0.26940497756004333,-0.0784735158085823,0.11273196339607239,0.3233462870121002,-0.06956151127815247,0.1650351583957672,0.34613117575645447,-0.05120370537042618,0.18945804238319397,0.2748716175556183,-0.0766696035861969,0.17880263924598694,0.28513267636299133,-0.074243925511837,0.1676240861415863,0.31376978754997253,-0.06518042832612991
V,0.08028542995452881,0.5574890971183777,7.036194347165292e-07,0.0257205069065094,0.4827943444252014,-0.026320727542042732,0.007969319820404053,0.38204920291900635,-0.042322635650634766,0.04455822706222534,0.3109627962112427,-0.061450861394405365,0.08548367023468018,0.28697407245635986,-0.0793745294213295,0.029500335454940796,0.27828311920166016,-0.018880002200603485,0.014873087406158447,0.15625786781311035,-0.04587962478399277,0.005144387483596802,0.07845127582550049,-0.06418994069099426,0.0,0.015633702278137207,-0.07580146938562393,0.08139908313751221,0.2774978280067444,-0.026269380003213882,0.0964958667755127,0.14687079191207886,-0.05566833168268204,0.10418647527694702,0.06564986705780029,-0.07577963173389435,0.11530476808547974,0.0,-0.08630505949258804,0.12658041715621948,0.30369019508361816,-0.03757041320204735,0.150310218334198,0.22102224826812744,-0.07659187912940979,0.1294231414794922,0.27121132612228394,-0.0824478417634964,0.11417031288146973,0.3252549171447754,-0.07420571893453598,0.16575771570205688,0.3459429144859314,-0.05128492787480354,0.1902415156364441,0.2782546281814575,-0.07769810408353806,0.17862963676452637,0.2956399917602539,-0.07485105842351913,0.16772222518920898,0.3280722498893738,-0.06531784683465958
V,0.08104079961776733,0.5581380128860474,6.807375712014618e-07,0.02814781665802002,0.484660804271698,-0.02402566187083721,0.01126641035079956,0.38492947816848755,-0.04018636420369148,0.04563558101654053,0.3131548762321472,-0.05930747836828232,0.08826810121536255,0.28851819038391113,-0.07722384482622147,0.03168457746505737,0.28390467166900635,-0.02334798313677311,0.015900135040283203,0.1590282917022705,-0.05152187868952751,0.005763381719589233,0.07988935708999634,-0.07019812613725662,0.0,0.01616668701171875,-0.0819462463259697,0.08226537704467773,0.28178226947784424,-0.030800577253103256,0.09809720516204834,0.14860540628433228,-0.06046037748456001,0.10605430603027344,0.06693410873413086,-0.07954861223697662,0.11706644296646118,0.0,-0.08955321460962296,0.12663662433624268,0.30626624822616577,-0.041283730417490005,0.15059936046600342,0.22184616327285767,-0.07790449261665344,0.12795788049697876,0.27211278676986694,-0.08017734438180923,0.11103880405426025,0.3256950378417969,-0.07013826817274094,0.16518861055374146,0.3477299213409424,-0.054191891103982925,0.19066768884658813,0.28058117628097534,-0.07857881486415863,0.1804245114326477,0.2920643091201782,-0.07420312613248825,0.17070072889328003,0.3177657127380371,-0.0637843906879425
V,0.08181765675544739,0.5555990934371948,6.671131131952279e-07,0.027179718017578125,0.47814828157424927,-0.022781087085604668,0.010769248008728027,0.37809282541275024,-0.03713671490550041,0.04594072699546814,0.30474650859832764,-0.05475224554538727,0.0866953432559967,0.2781711220741272,-0.07110375910997391,0.030522137880325317,0.27948570251464844,-0.018267132341861725,0.015286922454833984,0.15529751777648926,-0.04448913037776947,0.005518108606338501,0.07670557498931885,-0.062391288578510284,0.0,0.012359321117401123,-0.0741257518529892,0.0815073549747467,0.27743202447891235,-0.025737270712852478,0.09663280844688416,0.14717859029769897,-0.05439559742808342,0.10474112629890442,0.06630963087081909,-0.0741504579782486,0.11628195643424988,0.0,-0.08506926894187927,0.12610331177711487,0.3018415570259094,-0.03642038628458977,0.14805397391319275,0.21847182512283325,-0.07318942993879318,0.12611821293830872,0.26668912172317505,-0.07778839766979218,0.11008170247077942,0.32088184356689453,-0.06943969428539276,0.16547128558158875,0.3423108458518982,-0.04934998229146004,0.189271479845047,0.27446889877319336,-0.07460683584213257,0.17833206057548523,0.2832895517349243,-0.07250428944826126,0.16727378964424133,0.30923569202423096,-0.06383334845304489
V,0.08256903290748596,0.5563197731971741,6.653740456386004e-07,0.02859938144683838,0.48439568281173706,-0.023582492023706436,0.011380374431610107,0.38581138849258423,-0.03822896257042885,0.04241323471069336,0.3091470003128052,-0.05604968219995499,0.07817652821540833,0.27400320768356323,-0.07214482128620148,0.031102150678634644,0.28160834312438965,-0.01940835826098919,0.015208989381790161,0.15626925230026245,-0.045851439237594604,0.0056333839893341064,0.07708293199539185,-0.06307712197303772,0.0,0.013292819261550903,-0.07383225858211517,0.08187046647071838,0.2794392704963684,-0.02664557844400406,0.09679242968559265,0.14783728122711182,-0.05571230873465538,0.10469415783882141,0.06612038612365723,-0.07436078041791916,0.1158837378025055,0.0,-0.08398666232824326,0.1262042224407196,0.3036789894104004,-0.03724232316017151,0.14584538340568542,0.21941614151000977,-0.0749955028295517,0.12611094117164612,0.2692757844924927,-0.07810132205486298,0.11257866024971008,0.3240033984184265,-0.06809699535369873,0.16590753197669983,0.343916654586792,-0.05014260858297348,0.19053319096565247,0.2729682922363281,-0.07637477666139603,0.17885705828666687,0.28378355503082275,-0.07341542094945908,0.16683021187782288,0.31225496530532837,-0.06356567144393921
V,0.08263063430786133,0.5586276650428772,7.050665544738877e-07,0.028962939977645874,0.4854432940483093,-0.024682585150003433,0.011971920728683472,0.3858709931373596,-0.04073699936270714,0.046777963638305664,0.31443387269973755,-0.05971282720565796,0.08812093734741211,0.2912382483482361,-0.07745557278394699,0.03197312355041504,0.28213655948638916,-0.02177731692790985,0.016029268503189087,0.15815132856369019,-0.04864763095974922,0.005664646625518799,0.0798812210559845,-0.06638025492429733,0.0,0.017036646604537964,-0.07785861939191818,0.08327066898345947,0.2802610993385315,-0.029201239347457886,0.09803944826126099,0.14813652634620667,-0.058885715901851654,0.10513311624526978,0.06639790534973145,-0.07899406552314758,0.11586940288543701,0.0,-0.08971735835075378,0.12764054536819458,0.30600106716156006,-0.039802130311727524,0.15095055103302002,0.22114717960357666,-0.07774852961301804,0.1291210651397705,0.2710205316543579,-0.08241833746433258,0.11314129829406738,0.3248308300971985,-0.07369348406791687,0.16589415073394775,0.34857529401779175,-0.0526699461042881,0.19122934341430664,0.2827572226524353,-0.07931522279977798,0.1822643280029297,0.29159969091415405,-0.07749784737825394,0.17342883348464966,0.3150176405906677,-0.06858554482460022
V,0.08587729930877686,0.5568659901618958,6.718735221511452e-07,0.03076454997062683,0.48716485500335693,-0.024377478286623955,0.011514782905578613,0.3885034918785095,-0.03979279845952988,0.04385113716125488,0.31635183095932007,-0.05790433660149574,0.08398854732513428,0.28878360986709595,-0.07471400499343872,0.03240281343460083,0.2824069857597351,-0.023148931562900543,0.017242014408111572,0.1582818627357483,-0.05030512809753418,0.006718277931213379,0.07916697859764099,-0.06793952733278275,0.0,0.016263484954833984,-0.07860510796308517,0.08371889591217041,0.2806798815727234,-0.03003833070397377,0.09883004426956177,0.147142231464386,-0.05817220360040665,0.10587447881698608,0.06532341241836548,-0.07660037279129028,0.1158820390701294,0.0,-0.08595846593379974,0.1285419464111328,0.30531471967697144,-0.040070705115795135,0.14792805910110474,0.22646021842956543,-0.07630619406700134,0.12937170267105103,0.2724544405937195,-0.08100675046443939,0.116213858127594,0.3228217363357544,-0.07247453927993774,0.167904794216156,0.3457878828048706,-0.05234196037054062,0.1921517252922058,0.27819371223449707,-0.07641785591840744,0.18350154161453247,0.2882198691368103,-0.07323204725980759,0.17529422044754028,0.3137574791908264,-0.06365244835615158
V,0.08538687229156494,0.5649251043796539,6.934366183486418e-07,0.030917108058929443,0.4891308844089508,-0.022609030827879906,0.013117015361785889,0.3883747160434723,-0.037602297961711884,0.04699614644050598,0.3157886564731598,-0.05616985633969307,0.08933573961257935,0.292803019285202,-0.07344627380371094,0.033684104681015015,0.28684982657432556,-0.0185566209256649,0.017754018306732178,0.16096031665802002,-0.04491391405463219,0.006626009941101074,0.08145591616630554,-0.06232546642422676,0.0,0.01832154393196106,-0.07325869053602219,0.08466774225234985,0.2843739092350006,-0.02679664082825184,0.09869807958602905,0.15133005380630493,-0.056016698479652405,0.10614663362503052,0.06703338027000427,-0.07539290189743042,0.11736553907394409,0.0,-0.08531729876995087,0.12953299283981323,0.308855801820755,-0.03817975893616676,0.15233075618743896,0.22233325242996216,-0.07511056959629059,0.13067638874053955,0.2728346884250641,-0.0782378613948822,0.11483758687973022,0.3284777104854584,-0.06833552569150925,0.16918057203292847,0.3498145043849945,-0.05181512236595154,0.19329553842544556,0.2808830440044403,-0.07656963169574738,0.18268543481826782,0.2926429808139801,-0.0724201425909996,0.1726502776145935,0.320127934217453,-0.0618295855820179
V,0.08337709307670593,0.5613689720630646,6.896560762470472e-07,0.02869477868080139,0.48863092064857483,-0.02389715611934662,0.010313093662261963,0.38493987917900085,-0.03857255354523659,0.045568615198135376,0.3120025098323822,-0.05620470270514488,0.08891531825065613,0.2926494777202606,-0.07268654555082321,0.03263869881629944,0.27939286828041077,-0.020815175026655197,0.01625964045524597,0.15567287802696228,-0.04674153029918671,0.005867034196853638,0.07596936821937561,-0.06404716521501541,0.0,0.013240158557891846,-0.0752059668302536,0.0843295156955719,0.27819421887397766,-0.028688078746199608,0.09958651661872864,0.14605605602264404,-0.05682269483804703,0.1068563163280487,0.06383165717124939,-0.07551775127649307,0.11732533574104309,0.0,-0.08534925431013107,0.12940797209739685,0.3046099841594696,-0.039803646504879,0.15369805693626404,0.2197231948375702,-0.07643445581197739,0.13291093707084656,0.2665143311023712,-0.08129571378231049,0.11687937378883362,0.3187370002269745,-0.07326450943946838,0.16888931393623352,0.3474196493625641,-0.05313567817211151,0.19440492987632751,0.27967599034309387,-0.07841687649488449,0.18335798382759094,0.2932793200016022,-0.07551280409097672,0.17256972193717957,0.32244041562080383,-0.06631458550691605
V,0.08555206656455994,0.5634716749191284,7.110521664799307e-07,0.029682278633117676,0.4891411066055298,-0.025072436779737473,0.01098605990409851,0.3891982436180115,-0.04162217676639557,0.049806028604507446,0.31857532262802124,-0.06092047318816185,0.09659937024116516,0.2953394055366516,-0.07880642265081406,0.033481448888778687,0.28404438495635986,-0.023298462852835655,0.017062634229660034,0.15839248895645142,-0.050002872943878174,0.0064664483070373535,0.07977890968322754,-0.06773160398006439,0.0,0.01605457067489624,-0.0791371539235115,0.08531263470649719,0.2821992039680481,-0.03023129142820835,0.10114535689353943,0.14802110195159912,-0.0583895742893219,0.10888686776161194,0.06655994057655334,-0.07679130882024765,0.11976346373558044,0.0,-0.08657493442296982,0.1299668848514557,0.30768275260925293,-0.040415361523628235,0.15143969655036926,0.22552716732025146,-0.07678434252738953,0.1276785433292389,0.2759493589401245,-0.08061406761407852,0.1105092465877533,0.32999932765960693,-0.07171345502138138,0.16912469267845154,0.3495525121688843,-0.053042180836200714,0.1929507553577423,0.2822444438934326,-0.07799754291772842,0.18058863282203674,0.2948176860809326,-0.07474082708358765,0.16897663474082947,0.3227621912956238,-0.06518932431936264
V,0.08371853828430176,0.5671946406364441,6.916941401868826e-07,0.029131412506103516,0.49267035722732544,-0.02290414832532406,0.011137396097183228,0.3911047577857971,-0.038461536169052124,0.04637137055397034,0.32103919982910156,-0.05749226734042168,0.08915334939956665,0.3050956130027771,-0.07557738572359085,0.03327396512031555,0.2846977114677429,-0.021261945366859436,0.01690763235092163,0.15965983271598816,-0.04807686433196068,0.006432831287384033,0.08049747347831726,-0.06613821536302567,0.0,0.017214417457580566,-0.07794076949357986,0.08454060554504395,0.2823972702026367,-0.030004603788256645,0.0996096134185791,0.14857441186904907,-0.05933570861816406,0.10721343755722046,0.06602966785430908,-0.07899568974971771,0.11818361282348633,0.0,-0.08948957175016403,0.12924814224243164,0.3079785704612732,-0.04176173359155655,0.15308475494384766,0.22325760126113892,-0.07815291732549667,0.13095784187316895,0.27372610569000244,-0.08168546110391617,0.11436176300048828,0.32790619134902954,-0.07257742434740067,0.16820549964904785,0.35084182024002075,-0.05585213005542755,0.19274693727493286,0.28123635053634644,-0.0802517682313919,0.18280446529388428,0.29179853200912476,-0.07645227015018463,0.17299383878707886,0.3178255558013916,-0.06657688319683075
V,0.08233177661895752,0.5659522116184235,6.970473123146803e-07,0.02711498737335205,0.49261561036109924,-0.02411954663693905,0.009774118661880493,0.38680747151374817,-0.03883359208703041,0.047729283571243286,0.31230106949806213,-0.0565166249871254,0.090709388256073,0.2923310101032257,-0.07300245761871338,0.03237396478652954,0.2836246192455292,-0.021946193650364876,0.01655551791191101,0.15754345059394836,-0.04825805500149727,0.006264805793762207,0.07881626486778259,-0.06540132313966751,0.0,0.015330195426940918,-0.07631506770849228,0.08439284563064575,0.28214582800865173,-0.029382741078734398,0.09947425127029419,0.1474166214466095,-0.058431003242731094,0.10695266723632812,0.06524714827537537,-0.07727154344320297,0.11778503656387329,0.0,-0.08674318343400955,0.12958312034606934,0.30830708146095276,-0.03987681493163109,0.1527966856956482,0.22840484976768494,-0.07741960883140564,0.1296367049217224,0.28098198771476746,-0.08104819059371948,0.11218976974487305,0.33663174510002136,-0.07131537795066833,0.16858720779418945,0.35096368193626404,-0.052683569490909576,0.1933497190475464,0.2861863076686859,-0.07860198616981506,0.18359678983688354,0.2989642918109894,-0.0752703920006752,0.17437458038330078,0.32560327649116516,-0.06518931686878204
V,0.07942163944244385,0.5627192258834839,6.662839950877242e-07,0.025884538888931274,0.48738592863082886,-0.023847049102187157,0.00969204306602478,0.383295476436615,-0.03789432346820831,0.047096848487854004,0.3105837106704712,-0.05503683164715767,0.09060585498809814,0.2919161319732666,-0.07112125307321548,0.031083613634109497,0.2820408344268799,-0.02047957479953766,0.016073107719421387,0.15714296698570251,-0.04682896286249161,0.005700111389160156,0.07749366760253906,-0.06447343528270721,0.0,0.014629989862442017,-0.07603975385427475,0.08285534381866455,0.2806529998779297,-0.028326069936156273,0.09771168231964111,0.14895778894424438,-0.05755964666604996,0.10550564527511597,0.06588202714920044,-0.078004390001297,0.11702418327331543,0.0,-0.08936689794063568,0.1279166340827942,0.3065817952156067,-0.03940051794052124,0.15611088275909424,0.22406452894210815,-0.07652225345373154,0.1353355050086975,0.268876314163208,-0.08293529599905014,0.11859214305877686,0.31920868158340454,-0.07624484598636627,0.16684961318969727,0.3487176299095154,-0.052769310772418976,0.19486874341964722,0.28379660844802856,-0.07834728062152863,0.18371254205703735,0.29469144344329834,-0.07714743912220001,0.17243307828903198,0.32101011276245117,-0.06954830139875412
V,0.07944273948669434,0.5629565715789795,6.909221497153339e-07,0.024607926607131958,0.4866001605987549,-0.022612974047660828,0.008548766374588013,0.3830721378326416,-0.03695567324757576,0.047248393297195435,0.3117870092391968,-0.05479263514280319,0.09181869029998779,0.2946051359176636,-0.07166766375303268,0.03165242075920105,0.2834782004356384,-0.01890765316784382,0.016315460205078125,0.15936771035194397,-0.04508597403764725,0.005953669548034668,0.08037519454956055,-0.06251159310340881,0.0,0.017260611057281494,-0.07371120899915695,0.08324301242828369,0.28138405084609985,-0.026881368830800056,0.10015243291854858,0.14863520860671997,-0.0552048496901989,0.10736727714538574,0.06629392504692078,-0.07386083900928497,0.11824214458465576,0.0,-0.08353564888238907,0.12783128023147583,0.3074305057525635,-0.03801419585943222,0.15210050344467163,0.22224000096321106,-0.07407108694314957,0.12875723838806152,0.27251970767974854,-0.07701247930526733,0.11236906051635742,0.3266904354095459,-0.06732798367738724,0.1667988896369934,0.3501549959182739,-0.05149379372596741,0.19338810443878174,0.2832542657852173,-0.07579408586025238,0.18151593208312988,0.2968099117279053,-0.07197493314743042,0.17108333110809326,0.3248528242111206,-0.061924610286951065
V,0.0774625837802887,0.5648192763328552,6.751650971636991e-07,0.02399158477783203,0.4911240339279175,-0.02390012890100479,0.008985668420791626,0.3910108208656311,-0.03892397880554199,0.04443374276161194,0.3218255639076233,-0.05750162526965141,0.0799122154712677,0.29866987466812134,-0.0750788003206253,0.030265897512435913,0.28279000520706177,-0.019199414178729057,0.015154451131820679,0.15922409296035767,-0.045940421521663666,0.005142658948898315,0.07981836795806885,-0.06373020261526108,0.0,0.015472352504730225,-0.07496198266744614,0.08174082636833191,0.2819288969039917,-0.027590801939368248,0.09772959351539612,0.14934134483337402,-0.05707360431551933,0.10549566149711609,0.06692612171173096,-0.07669627666473389,0.11730870604515076,0.0,-0.08697010576725006,0.12632575631141663,0.3082118034362793,-0.03941173851490021,0.15211275219917297,0.22287937998771667,-0.0778217688202858,0.1276508867740631,0.27538013458251953,-0.08191539347171783,0.10934862494468689,0.3304053544998169,-0.07261524349451065,0.16562262177467346,0.35135436058044434,-0.05352773889899254,0.19191387295722961,0.28150415420532227,-0.07905635237693787,0.1792643964290619,0.2976813316345215,-0.07513730973005295,0.16682633757591248,0.328077495098114,-0.06496267765760422
V,0.07844632863998413,0.5705981254577637,6.810612944718741e-07,0.023808956146240234,0.49771612882614136,-0.023545950651168823,0.0070740580558776855,0.3936830759048462,-0.0384535975754261,0.0425715446472168,0.32151633501052856,-0.05643609166145325,0.08272624015808105,0.29970216751098633,-0.07318540662527084,0.02901005744934082,0.28629279136657715,-0.022082053124904633,0.01460316777229309,0.15935075283050537,-0.048765748739242554,0.005171060562133789,0.0789499282836914,-0.06644424051046371,0.0,0.01444244384765625,-0.07815978676080704,0.08105707168579102,0.28500890731811523,-0.029896877706050873,0.09670299291610718,0.1517201066017151,-0.05946486070752144,0.10453593730926514,0.0680038332939148,-0.0794062688946724,0.11638855934143066,0.0,-0.09037907421588898,0.1256190538406372,0.31151270866394043,-0.04072807729244232,0.14878743886947632,0.22736215591430664,-0.0777180939912796,0.12596917152404785,0.27456527948379517,-0.08193323016166687,0.10873287916183472,0.3276512622833252,-0.0733858123421669,0.16451412439346313,0.35479533672332764,-0.0539802648127079,0.1928853988647461,0.2868986129760742,-0.08023786544799805,0.18580752611160278,0.2901954650878906,-0.0790838673710823,0.17711377143859863,0.30947721004486084,-0.07095920294523239
V,0.08106017112731934,0.5683872103691101,6.927958793312428e-07,0.025782406330108643,0.49101537466049194,-0.023963652551174164,0.00664365291595459,0.3911021947860718,-0.03952934592962265,0.04268449544906616,0.320016086101532,-0.05857332423329353,0.08584827184677124,0.29519617557525635,-0.07632346451282501,0.03030875325202942,0.2850639224052429,-0.019618423655629158,0.014720439910888672,0.15887945890426636,-0.04660767316818237,0.00510600209236145,0.0794593095779419,-0.06454815715551376,0.0,0.015023648738861084,-0.07594103366136551,0.0823163390159607,0.2839213013648987,-0.027250686660408974,0.09747999906539917,0.15041899681091309,-0.05662543326616287,0.10479354858398438,0.0677574872970581,-0.07605979591608047,0.11583048105239868,0.0,-0.08621310442686081,0.12728655338287354,0.30999481678009033,-0.03833446279168129,0.15005356073379517,0.22663915157318115,-0.07615750283002853,0.12802916765213013,0.2783145308494568,-0.07996821403503418,0.11204469203948975,0.33466458320617676,-0.0702686533331871,0.16720300912857056,0.3525494933128357,-0.05184924975037575,0.1937670111656189,0.28399085998535156,-0.07745033502578735,0.18367499113082886,0.29561811685562134,-0.07444732636213303,0.17315340042114258,0.32369518280029297,-0.064620740711689
V,0.08046793937683105,0.5719810724258423,7.08944810412504e-07,0.024981290102005005,0.49756479263305664,-0.02488902397453785,0.005472719669342041,0.39608627557754517,-0.04107077419757843,0.04285174608230591,0.3246636986732483,-0.06060035154223442,0.08840203285217285,0.30312269926071167,-0.07888387888669968,0.02919149398803711,0.2844286561012268,-0.02022603154182434,0.015031188726425171,0.1598116159439087,-0.04716543108224869,0.00567251443862915,0.08114337921142578,-0.0649527907371521,0.0,0.017639189958572388,-0.07619677484035492,0.08126264810562134,0.28326696157455444,-0.028025615960359573,0.09725165367126465,0.14887887239456177,-0.05791674554347992,0.10416632890701294,0.06706824898719788,-0.07735643535852432,0.1143639087677002,0.0,-0.08699682354927063,0.1266953945159912,0.3101751208305359,-0.039287127554416656,0.14849931001663208,0.22839897871017456,-0.07815263420343399,0.12408608198165894,0.2841208577156067,-0.08184211701154709,0.10666120052337646,0.3413859009742737,-0.0716189593076706,0.16699504852294922,0.35465067625045776,-0.05294844135642052,0.19173043966293335,0.2887064218521118,-0.07871811836957932,0.18005239963531494,0.30421531200408936,-0.07486816495656967,0.16904640197753906,0.3329910635948181,-0.06430966407060623
V,0.08083587884902954,0.5763631165027618,7.146124971768586e-07,0.02608168125152588,0.49958959221839905,-0.022521119564771652,0.0076215267181396484,0.3992346227169037,-0.038501374423503876,0.043531954288482666,0.3308117091655731,-0.058183472603559494,0.08830171823501587,0.3102889358997345,-0.07663536071777344,0.02820444107055664,0.28863832354545593,-0.019848408177495003,0.013559877872467041,0.16218531131744385,-0.047550268471241,0.004723906517028809,0.08166366815567017,-0.06597420573234558,0.0,0.017720907926559448,-0.07772371917963028,0.08036619424819946,0.2865529954433441,-0.02874690666794777,0.09679043292999268,0.15117081999778748,-0.059418078511953354,0.10391193628311157,0.06763613224029541,-0.07956542074680328,0.11504781246185303,0.0,-0.08982717245817184,0.1263781189918518,0.312129408121109,-0.04069676250219345,0.1498163938522339,0.2260638177394867,-0.07781916856765747,0.126520037651062,0.2785181701183319,-0.07962948828935623,0.10986709594726562,0.33367404341697693,-0.06865141540765762,0.1668006181716919,0.35591939091682434,-0.055081408470869064,0.19252198934555054,0.28937414288520813,-0.07946661859750748,0.18536710739135742,0.2950425446033478,-0.07497730851173401,0.17824631929397583,0.3139404356479645,-0.06400532275438309
V,0.08248201012611389,0.5763623416423798,7.216019071165647e-07,0.02654898166656494,0.5020259320735931,-0.02540922351181507,0.008081912994384766,0.40025946497917175,-0.04195084050297737,0.043885260820388794,0.3296215832233429,-0.06180530786514282,0.08593150973320007,0.30910786986351013,-0.08038729429244995,0.029976606369018555,0.2870655357837677,-0.021891413256525993,0.01489439606666565,0.16107431054115295,-0.04941568151116371,0.005303889513015747,0.08090329170227051,-0.06812509894371033,0.0,0.01692664623260498,-0.08045759052038193,0.08270338177680969,0.28555455803871155,-0.029629884287714958,0.09701940417289734,0.1522839069366455,-0.06089242547750473,0.1034252941608429,0.06861129403114319,-0.08248096704483032,0.11371883749961853,0.0,-0.0941866859793663,0.1281309425830841,0.31178340315818787,-0.04071846976876259,0.14794835448265076,0.22703644633293152,-0.08054600656032562,0.12727394700050354,0.2800199091434479,-0.08596904575824738,0.1126236617565155,0.33704420924186707,-0.0770709365606308,0.16824522614479065,0.3553764522075653,-0.05425231158733368,0.19406291842460632,0.2852890193462372,-0.08219107240438461,0.18775328993797302,0.2918422520160675,-0.08115708827972412,0.1802329123020172,0.3153540790081024,-0.07245711237192154
V,0.08325672149658203,0.5766283869743347,6.800046321586706e-07,0.027360141277313232,0.5016760230064392,-0.024021321907639503,0.008809715509414673,0.39921724796295166,-0.03948795795440674,0.045750319957733154,0.33093369007110596,-0.05855564400553703,0.08655709028244019,0.3116382360458374,-0.07682056725025177,0.03160196542739868,0.2902488112449646,-0.02051914855837822,0.016165554523468018,0.16458910703659058,-0.04836559668183327,0.005896508693695068,0.08397603034973145,-0.06727009266614914,0.0,0.019219815731048584,-0.07942929863929749,0.08360326290130615,0.28795963525772095,-0.02922906167805195,0.09733718633651733,0.15195924043655396,-0.05939463526010513,0.10355669260025024,0.06856554746627808,-0.079322449862957,0.11372959613800049,0.0,-0.08989155292510986,0.12898463010787964,0.31292569637298584,-0.04142823442816734,0.15238326787948608,0.22557765245437622,-0.0798659548163414,0.13065367937088013,0.2783300280570984,-0.08404510468244553,0.11454612016677856,0.3334258198738098,-0.07497293502092361,0.16945606470108032,0.3551962971687317,-0.056094828993082047,0.19492346048355103,0.28311824798583984,-0.08185525983572006,0.18378418684005737,0.2976899743080139,-0.07835777848958969,0.17276543378829956,0.32696157693862915,-0.06864738464355469
V,0.08822721242904663,0.5723682940006256,6.904676297381229e-07,0.03177627921104431,0.4998011291027069,-0.024564161896705627,0.009842723608016968,0.39847537875175476,-0.04094017297029495,0.046860307455062866,0.33136245608329773,-0.06036970019340515,0.09246808290481567,0.3148172199726105,-0.07879593968391418,0.032875895500183105,0.2825262248516083,-0.023778393864631653,0.016039401292800903,0.15786859393119812,-0.05045704543590546,0.005795478820800781,0.07959040999412537,-0.06836582720279694,0.0,0.017552167177200317,-0.08020690083503723,0.0862162709236145,0.28049662709236145,-0.031758926808834076,0.10053783655166626,0.14780178666114807,-0.06065262109041214,0.10668909549713135,0.06652441620826721,-0.08022421598434448,0.11591112613677979,0.0,-0.09096632897853851,0.13175922632217407,0.30744436383247375,-0.042889103293418884,0.1507868766784668,0.22060725092887878,-0.08019690960645676,0.13224810361862183,0.27111098170280457,-0.08523359894752502,0.1188843846321106,0.3253057897090912,-0.07721560448408127,0.17227816581726074,0.35274097323417664,-0.056379836052656174,0.19698649644851685,0.2830111086368561,-0.08268759399652481,0.1887739896774292,0.29360005259513855,-0.08090822398662567,0.18001127243041992,0.3207506835460663,-0.07230621576309204
V,0.0870877206325531,0.5708495676517487,7.080550972204946e-07,0.030845463275909424,0.4972638785839081,-0.02536270208656788,0.010659337043762207,0.3965502679347992,-0.04227851331233978,0.04940357804298401,0.32698872685432434,-0.06230305880308151,0.09673014283180237,0.3053828179836273,-0.0812770426273346,0.034613966941833496,0.28583869338035583,-0.023263107985258102,0.01775193214416504,0.16011452674865723,-0.05103886500000954,0.0070867836475372314,0.08097231388092041,-0.06923903524875641,0.0,0.017003148794174194,-0.08103851228952408,0.08708319067955017,0.2828136384487152,-0.030935287475585938,0.10184583067893982,0.14711925387382507,-0.06109411641955376,0.10883399844169617,0.06651192903518677,-0.08082045614719391,0.11826756596565247,0.0,-0.09092658758163452,0.132222980260849,0.30869755148887634,-0.041876934468746185,0.15323004126548767,0.22389432787895203,-0.08047233521938324,0.1315527856349945,0.28010472655296326,-0.08430079370737076,0.11547616124153137,0.336066335439682,-0.07462895661592484,0.17247435450553894,0.3531273901462555,-0.05525043234229088,0.19745954871177673,0.28990206122398376,-0.08169465512037277,0.18915584683418274,0.3025033175945282,-0.07898582518100739,0.18084940314292908,0.3262336552143097,-0.0693652406334877
V,0.0856344997882843,0.5732789635658264,7.097115144460986e-07,0.03062129020690918,0.4974873661994934,-0.02373450994491577,0.01215025782585144,0.3978990912437439,-0.04030117020010948,0.04935130476951599,0.33092230558395386,-0.06037484109401703,0.09280076622962952,0.30981582403182983,-0.07942279428243637,0.033648937940597534,0.29004257917404175,-0.023019583895802498,0.016416460275650024,0.16376808285713196,-0.051467835903167725,0.005946218967437744,0.08401644229888916,-0.07045380026102066,0.0,0.020081132650375366,-0.08262814581394196,0.08562371134757996,0.288459837436676,-0.03172231838107109,0.10069987177848816,0.15239036083221436,-0.06285101920366287,0.10820075869560242,0.06900876760482788,-0.08374156057834625,0.11923530697822571,0.0,-0.09486134350299835,0.13085445761680603,0.31415772438049316,-0.04343058541417122,0.15637758374214172,0.2295442819595337,-0.0808054730296135,0.13387325406074524,0.2844231128692627,-0.08330453187227249,0.11644294857978821,0.3402189612388611,-0.07332637161016464,0.17071887850761414,0.35813021659851074,-0.05771545693278313,0.1983477771282196,0.2931257486343384,-0.08257396519184113,0.19094058871269226,0.3051486015319824,-0.07841166108846664,0.18273428082466125,0.32863181829452515,-0.06810564547777176
V,0.09066402912139893,0.5686920881271362,7.053355943753559e-07,0.033677756786346436,0.4963470697402954,-0.024764051660895348,0.011264145374298096,0.4006657004356384,-0.04163872450590134,0.04690578579902649,0.33563703298568726,-0.06170251592993736,0.08964353799819946,0.31374216079711914,-0.08066844195127487,0.035341739654541016,0.2840268015861511,-0.022568996995687485,0.016601860523223877,0.16003093123435974,-0.04980883747339249,0.006078958511352539,0.08240491151809692,-0.06772869825363159,0.0,0.019460529088974,-0.07902885228395462,0.08825773000717163,0.28212159872055054,-0.030497942119836807,0.10282564163208008,0.14754065871238708,-0.05992152541875839,0.1085098385810852,0.06718766689300537,-0.07958797365427017,0.11760509014129639,0.0,-0.08966095745563507,0.1335960030555725,0.3091578483581543,-0.04179058223962784,0.15285652875900269,0.22775089740753174,-0.08059637993574142,0.13125717639923096,0.28209447860717773,-0.08610019832849503,0.1164402961730957,0.3376137614250183,-0.07732478529214859,0.17419689893722534,0.35428881645202637,-0.055361855775117874,0.1999261975288391,0.2883439064025879,-0.08157506585121155,0.18991392850875854,0.3010217547416687,-0.07934843748807907,0.17986494302749634,0.3268597722053528,-0.07007428258657455
V,0.09251493215560913,0.5677583515644073,6.994108048274938e-07,0.03587299585342407,0.4951297342777252,-0.023867234587669373,0.016035020351409912,0.3973830044269562,-0.03996502235531807,0.04973632097244263,0.33092519640922546,-0.05932791903614998,0.08592987060546875,0.3056003749370575,-0.07778594642877579,0.03629842400550842,0.28429844975471497,-0.02202828787267208,0.018536865711212158,0.1596117913722992,-0.04994858801364899,0.0072519779205322266,0.081114262342453,-0.0682680606842041,0.0,0.018505513668060303,-0.07965634018182755,0.08899813890457153,0.2825886309146881,-0.030531330034136772,0.10451072454452515,0.14770379662513733,-0.06060117483139038,0.11052942276000977,0.0669395923614502,-0.0807228609919548,0.11956566572189331,0.0,-0.09101629257202148,0.1344354748725891,0.3084971606731415,-0.042255837470293045,0.15710407495498657,0.22200393676757812,-0.0801621824502945,0.13657790422439575,0.2759754955768585,-0.08424163609743118,0.1220429539680481,0.3294406235218048,-0.07505512982606888,0.17498022317886353,0.35261020064353943,-0.05619721859693527,0.1998794674873352,0.28804871439933777,-0.08115926384925842,0.19177716970443726,0.3005678951740265,-0.07752388715744019,0.18463903665542603,0.3229031264781952,-0.0675327405333519
V,0.09567037224769592,0.5684465169906616,7.198077014436421e-07,0.03864067792892456,0.49636489152908325,-0.023556698113679886,0.01689550280570984,0.3951513171195984,-0.03981348127126694,0.05341315269470215,0.3276781439781189,-0.05949492007493973,0.09695407748222351,0.3127725124359131,-0.07824857532978058,0.038282305002212524,0.28589731454849243,-0.023071490228176117,0.018694967031478882,0.16117709875106812,-0.05008256807923317,0.007323086261749268,0.08350741863250732,-0.06779023259878159,0.0,0.020840495824813843,-0.07943619787693024,0.09128960967063904,0.28227126598358154,-0.03140401840209961,0.105339914560318,0.14824557304382324,-0.06085478514432907,0.11193761229515076,0.0671696662902832,-0.07988332957029343,0.1211571991443634,0.0,-0.08974644541740417,0.13722285628318787,0.30761200189590454,-0.04275118559598923,0.15764757990837097,0.22077184915542603,-0.0799146518111229,0.13753965497016907,0.2777348756790161,-0.08244067430496216,0.12281599640846252,0.33524638414382935,-0.07222897559404373,0.17871561646461487,0.3515893220901489,-0.056509729474782944,0.20403537154197693,0.286323606967926,-0.08251305669546127,0.19637462496757507,0.2978835105895996,-0.07941053807735443,0.18819740414619446,0.3217584490776062,-0.06951013207435608
V,0.09115362167358398,0.5751081109046936,7.409453246509656e-07,0.03495067358016968,0.5001704096794128,-0.023985402658581734,0.013847529888153076,0.39969295263290405,-0.04140748456120491,0.049721717834472656,0.33184152841567993,-0.062116798013448715,0.0959898829460144,0.31256037950515747,-0.08177133649587631,0.03609830141067505,0.2891974449157715,-0.023717571049928665,0.018663108348846436,0.16342604160308838,-0.051823534071445465,0.007335364818572998,0.08543646335601807,-0.0702371671795845,0.0,0.02261573076248169,-0.08267080038785934,0.08839112520217896,0.2870587110519409,-0.03250231593847275,0.10404795408248901,0.15153121948242188,-0.06393859535455704,0.11080366373062134,0.06915414333343506,-0.08499008417129517,0.12071752548217773,0.0,-0.09641164541244507,0.13384157419204712,0.31344568729400635,-0.044241730123758316,0.15752792358398438,0.22475743293762207,-0.08225655555725098,0.1332322359085083,0.2793664336204529,-0.08526605367660522,0.11531394720077515,0.3342892527580261,-0.0757582038640976,0.17384523153305054,0.35926181077957153,-0.05842333287000656,0.1992524266242981,0.29832887649536133,-0.08533646911382675,0.19386589527130127,0.3020557165145874,-0.08365464210510254,0.1882706880569458,0.31483644247055054,-0.07501544803380966
V,0.09470686316490173,0.5776469111442566,6.821508691245981e-07,0.03626081347465515,0.5038955807685852,-0.023725105449557304,0.01686912775039673,0.39604562520980835,-0.03902149200439453,0.056841760873794556,0.3229414224624634,-0.057734157890081406,0.10332080721855164,0.3019624352455139,-0.07549190521240234,0.03804180026054382,0.29212498664855957,-0.021796641871333122,0.019503027200698853,0.16389137506484985,-0.048761509358882904,0.007711857557296753,0.08252906799316406,-0.06687694042921066,0.0,0.017351508140563965,-0.07913581281900406,0.0911644995212555,0.28785449266433716,-0.029996663331985474,0.10423263907432556,0.15146279335021973,-0.05958009138703346,0.11001178622245789,0.06861460208892822,-0.07912906259298325,0.11900672316551208,0.0,-0.08984044194221497,0.1369609534740448,0.3123542070388794,-0.04129515960812569,0.15885987877845764,0.219681054353714,-0.07887737452983856,0.13466748595237732,0.2756614685058594,-0.08169753104448318,0.11672410368919373,0.33368533849716187,-0.07207521051168442,0.1780720055103302,0.35458409786224365,-0.05499297007918358,0.20232942700386047,0.28394585847854614,-0.0815744400024414,0.19147107005119324,0.29669803380966187,-0.07868804037570953,0.18066194653511047,0.3237072825431824,-0.06926848739385605
V,0.09514623880386353,0.5748544335365295,6.885082370899909e-07,0.03737539052963257,0.5029797554016113,-0.02552659809589386,0.015391319990158081,0.4033921957015991,-0.04231646656990051,0.0531654953956604,0.33443981409072876,-0.06212502717971802,0.09820723533630371,0.3084210753440857,-0.0808923989534378,0.03871142864227295,0.2867371439933777,-0.023071447387337685,0.019972622394561768,0.16237923502922058,-0.050649531185626984,0.008100301027297974,0.08442896604537964,-0.06883102655410767,0.0,0.02140083909034729,-0.08030985295772552,0.09211528301239014,0.28361815214157104,-0.030734151601791382,0.10607439279556274,0.14741924405097961,-0.0602254681289196,0.11114507913589478,0.06709074974060059,-0.07963548600673676,0.11930149793624878,0.0,-0.08947484940290451,0.1384369134902954,0.30930471420288086,-0.04184203967452049,0.15786343812942505,0.2254635989665985,-0.08027870953083038,0.13566452264785767,0.2809103727340698,-0.0849938914179802,0.1202048659324646,0.3363685607910156,-0.07591090351343155,0.17972582578659058,0.3531280755996704,-0.05530063062906265,0.20263493061065674,0.2852535843849182,-0.08079748600721359,0.19119912385940552,0.2997034788131714,-0.0774504616856575,0.18100398778915405,0.32659173011779785,-0.06753943860530853
V,0.09480419754981995,0.579810231924057,7.001027029218676e-07,0.03685161471366882,0.505263477563858,-0.024168100208044052,0.015159815549850464,0.4006604850292206,-0.03989524766802788,0.05628460645675659,0.33205869793891907,-0.0589667372405529,0.1039416491985321,0.31432726979255676,-0.07688099145889282,0.0362912118434906,0.2871485650539398,-0.020313680171966553,0.017950236797332764,0.1614139974117279,-0.04710343852639198,0.006890982389450073,0.0829361081123352,-0.06496305763721466,0.0,0.02004137635231018,-0.07640866190195084,0.08998695015907288,0.2847576439380646,-0.02845793403685093,0.10360965132713318,0.14972248673439026,-0.05795062333345413,0.10946455597877502,0.06781584024429321,-0.07736465334892273,0.11825212836265564,0.0,-0.0872047170996666,0.13601484894752502,0.3106895387172699,-0.040045998990535736,0.16009119153022766,0.22644302248954773,-0.07819638401269913,0.139841228723526,0.28210964798927307,-0.08233433961868286,0.1239076554775238,0.33913716673851013,-0.07269607484340668,0.17656704783439636,0.35492685437202454,-0.054024599492549896,0.20322945713996887,0.28828659653663635,-0.07957548648118973,0.19529899954795837,0.30024608969688416,-0.07626146823167801,0.1864299476146698,0.32559898495674133,-0.06622131168842316
V,0.08981108665466309,0.5840831696987152,7.175798373282305e-07,0.03354325890541077,0.5087208449840546,-0.02247113734483719,0.014586716890335083,0.4077354371547699,-0.03891751170158386,0.048588067293167114,0.33952394127845764,-0.05904935672879219,0.08916199207305908,0.3163762390613556,-0.07806017249822617,0.03438249230384827,0.2904520332813263,-0.021008949726819992,0.017634838819503784,0.16382727026939392,-0.04920152574777603,0.00668787956237793,0.08273056149482727,-0.06774776428937912,0.0,0.01853811740875244,-0.07956363260746002,0.08685654401779175,0.28840193152427673,-0.030434677377343178,0.10235613584518433,0.15213021636009216,-0.061851006001234055,0.1082795262336731,0.06736832857131958,-0.08259428292512894,0.11808210611343384,0.0,-0.09323021024465561,0.13327699899673462,0.31434401869773865,-0.042889099568128586,0.15548110008239746,0.22721102833747864,-0.08030486106872559,0.1318771243095398,0.27802595496177673,-0.08324147760868073,0.11453545093536377,0.3312542140483856,-0.07338442653417587,0.17526471614837646,0.3588636815547943,-0.05772967264056206,0.20069319009780884,0.2915358245372772,-0.08241316676139832,0.19453012943267822,0.2954181134700775,-0.07882951945066452,0.18764549493789673,0.3115794360637665,-0.06873946636915207
V,0.09569424390792847,0.5796948671340942,7.076408223838371e-07,0.03851354122161865,0.5039170384407043,-0.024051489308476448,0.018632054328918457,0.4037240743637085,-0.04006517305970192,0.054268062114715576,0.3355737328529358,-0.059440214186906815,0.09455937147140503,0.31035351753234863,-0.07762020081281662,0.03808233141899109,0.2894819974899292,-0.020358063280582428,0.018741130828857422,0.16294771432876587,-0.047181952744722366,0.0071602463722229,0.08453750610351562,-0.06493522971868515,0.0,0.020604968070983887,-0.07642301917076111,0.09118592739105225,0.2870563268661499,-0.028413347899913788,0.1047440767288208,0.15028634667396545,-0.058067817240953445,0.11087697744369507,0.06857925653457642,-0.07847423106431961,0.12040495872497559,0.0,-0.08936411142349243,0.1370343565940857,0.31323784589767456,-0.03975849971175194,0.15644466876983643,0.22484683990478516,-0.07808014750480652,0.1364898681640625,0.2792097330093384,-0.08291307836771011,0.12229537963867188,0.33512306213378906,-0.07412268221378326,0.17824429273605347,0.3579077124595642,-0.05339789390563965,0.2033376693725586,0.2910380959510803,-0.07933472096920013,0.19676369428634644,0.29923176765441895,-0.07712560147047043,0.18964630365371704,0.3202342987060547,-0.06809090077877045
V,0.09676474332809448,0.583048015832901,7.23700452454068e-07,0.03869277238845825,0.509188324213028,-0.024297768250107765,0.016218483448028564,0.40953460335731506,-0.041255999356508255,0.05132526159286499,0.3395249545574188,-0.06141318753361702,0.09425747394561768,0.3136461079120636,-0.08051992207765579,0.03746062517166138,0.29541322588920593,-0.02361779659986496,0.01891458034515381,0.1678231656551361,-0.05194547027349472,0.0074426233768463135,0.08792975544929504,-0.0703558623790741,0.0,0.023435860872268677,-0.08174983412027359,0.09066694974899292,0.2919835150241852,-0.03182051703333855,0.10594254732131958,0.15268439054489136,-0.06179288402199745,0.1119571328163147,0.06925332546234131,-0.0814957395195961,0.12082898616790771,0.0,-0.09149079769849777,0.13688719272613525,0.31730207800865173,-0.04316558688879013,0.15749835968017578,0.23163026571273804,-0.08106053620576859,0.13614892959594727,0.2851181924343109,-0.08517809957265854,0.12106829881668091,0.34020236134529114,-0.07579470425844193,0.1783146858215332,0.36114320158958435,-0.05681059509515762,0.20393431186676025,0.2941618263721466,-0.0814632922410965,0.19555801153182983,0.3056597411632538,-0.07763040065765381,0.18780893087387085,0.3298870623111725,-0.06741499900817871
V,0.09562861919403076,0.5787964761257172,7.255272862494166e-07,0.03746306896209717,0.5038515627384186,-0.02457107976078987,0.017351210117340088,0.40153369307518005,-0.04065607488155365,0.05239599943161011,0.32989272475242615,-0.06011975184082985,0.0916408896446228,0.30253109335899353,-0.07840059697628021,0.03624457120895386,0.29151538014411926,-0.020669398829340935,0.016816556453704834,0.16479381918907166,-0.04845552518963814,0.006509691476821899,0.08587667346000671,-0.06692049652338028,0.0,0.022329181432724,-0.07894880324602127,0.0899043083190918,0.2876611649990082,-0.028820961713790894,0.10419338941574097,0.14929398894309998,-0.05940498411655426,0.11164993047714233,0.06876644492149353,-0.08005327731370926,0.12161540985107422,0.0,-0.09094523638486862,0.136274516582489,0.3127386271953583,-0.040276650339365005,0.15755999088287354,0.22076421976089478,-0.07842126488685608,0.13860207796096802,0.27982309460639954,-0.08082057535648346,0.12537318468093872,0.33594629168510437,-0.07054092735052109,0.17771697044372559,0.35733428597450256,-0.054190561175346375,0.20269465446472168,0.29210057854652405,-0.07982777059078217,0.1956338882446289,0.30592915415763855,-0.07586322724819183,0.18908363580703735,0.32851657271385193,-0.06559043377637863
V,0.09321969747543335,0.5769840776920319,7.184855803643586e-07,0.03620794415473938,0.5037729442119598,-0.022501053288578987,0.015800178050994873,0.4028908908367157,-0.0379854179918766,0.0499575138092041,0.33310171961784363,-0.05702868476510048,0.09336501359939575,0.3108333647251129,-0.0750720202922821,0.03581932187080383,0.2942367494106293,-0.02126787044107914,0.017474740743637085,0.1644594967365265,-0.04834921658039093,0.006646156311035156,0.08388984203338623,-0.06571900099515915,0.0,0.020018845796585083,-0.07685677707195282,0.08774971961975098,0.2903194725513458,-0.029906917363405228,0.10109138488769531,0.15014246106147766,-0.05975376442074776,0.10772925615310669,0.06775125861167908,-0.07982122898101807,0.11739033460617065,0.0,-0.09033610671758652,0.1334250569343567,0.3142417371273041,-0.041339416056871414,0.15615224838256836,0.22299540042877197,-0.07844813913106918,0.13730329275131226,0.27911701798439026,-0.08140829205513,0.1232980489730835,0.33515986800193787,-0.07179319858551025,0.1742420792579651,0.35762038826942444,-0.055035967379808426,0.20067179203033447,0.2957666218280792,-0.08028380572795868,0.19583404064178467,0.3068041503429413,-0.07728220522403717,0.1911778450012207,0.32709595561027527,-0.06776207685470581
V,0.09822982549667358,0.5733146071434021,7.263446946126351e-07,0.04069843888282776,0.49983614683151245,-0.022629259154200554,0.01765042543411255,0.40006959438323975,-0.03854004293680191,0.05324852466583252,0.3326299786567688,-0.05779147893190384,0.09878575801849365,0.3148311376571655,-0.07602918893098831,0.03907889127731323,0.28557437658309937,-0.02254115790128708,0.019609153270721436,0.1605699062347412,-0.04892439767718315,0.007817655801773071,0.08363881707191467,-0.06558398902416229,0.0,0.021835356950759888,-0.07597103714942932,0.09153562784194946,0.28399258852005005,-0.031106706708669662,0.10611140727996826,0.148330956697464,-0.059883277863264084,0.11227518320083618,0.0672178566455841,-0.07849760353565216,0.12083405256271362,0.0,-0.08761069923639297,0.13741731643676758,0.31075137853622437,-0.042504049837589264,0.15685033798217773,0.23038700222969055,-0.07982173562049866,0.13773387670516968,0.28770333528518677,-0.08329294621944427,0.12413513660430908,0.344332754611969,-0.07323817908763885,0.17843836545944214,0.35605770349502563,-0.05604418367147446,0.20234239101409912,0.29492348432540894,-0.08074948191642761,0.19610631465911865,0.30827659368515015,-0.07692403346300125,0.19044435024261475,0.3319240212440491,-0.06650029122829437
V,0.09751075506210327,0.5799897611141205,7.280621048266767e-07,0.040538489818573,0.5059704482555389,-0.02301160991191864,0.018720805644989014,0.4035815894603729,-0.03884270042181015,0.05484592914581299,0.33466342091560364,-0.05845237895846367,0.09915339946746826,0.32006922364234924,-0.07730019837617874,0.03926625847816467,0.2927456796169281,-0.020967533811926842,0.020257115364074707,0.16740724444389343,-0.047762490808963776,0.008165597915649414,0.08804187178611755,-0.0659012421965599,0.0,0.02367568016052246,-0.0780101865530014,0.09152710437774658,0.2894802391529083,-0.03027847222983837,0.10571849346160889,0.15353494882583618,-0.05943959578871727,0.1117430329322815,0.06945854425430298,-0.07893247157335281,0.12044411897659302,0.0,-0.08942186832427979,0.13714611530303955,0.31532636284828186,-0.04270706698298454,0.1589455008506775,0.22658076882362366,-0.07965797930955887,0.13668566942214966,0.28317663073539734,-0.08276059478521347,0.12049055099487305,0.34082290530204773,-0.07326507568359375,0.17781704664230347,0.35999831557273865,-0.05758142098784447,0.20178812742233276,0.2941448986530304,-0.08283128589391708,0.1913301944732666,0.30916157364845276,-0.07916375994682312,0.18168705701828003,0.3371306359767914,-0.06929261237382889
V,0.09474560618400574,0.5809951722621918,6.999846959843126e-07,0.03869032859802246,0.5076258480548859,-0.022693762555718422,0.019395142793655396,0.405441552400589,-0.038149643689394,0.05185812711715698,0.33246907591819763,-0.0573812760412693,0.09372743964195251,0.3029116690158844,-0.07544434815645218,0.03866618871688843,0.29193833470344543,-0.02017594687640667,0.019731611013412476,0.16541627049446106,-0.04833665490150452,0.007906407117843628,0.08549115061759949,-0.06636184453964233,0.0,0.02214905619621277,-0.07767005264759064,0.09061333537101746,0.2889091670513153,-0.029327327385544777,0.10581323504447937,0.15101081132888794,-0.06076093763113022,0.11188998818397522,0.0681692361831665,-0.08130835741758347,0.12100788950920105,0.0,-0.09158430993556976,0.13650843501091003,0.31429609656333923,-0.0415533073246479,0.158542662858963,0.2251468002796173,-0.08054836094379425,0.13512900471687317,0.28263553977012634,-0.08337534219026566,0.1186307966709137,0.3389057219028473,-0.0729643926024437,0.17800280451774597,0.35903504490852356,-0.05599577724933624,0.20218399167060852,0.29530414938926697,-0.08180450648069382,0.19210532307624817,0.30858054757118225,-0.07793804258108139,0.18344536423683167,0.33130159974098206,-0.06748848408460617
V,0.09311661124229431,0.5773025155067444,6.793273996663629e-07,0.03639975190162659,0.5039555430412292,-0.023723749443888664,0.01899448037147522,0.40043753385543823,-0.03884545713663101,0.054961711168289185,0.3272963762283325,-0.05715610831975937,0.09392115473747253,0.2978493571281433,-0.07421911507844925,0.038241446018218994,0.2906927466392517,-0.021625040099024773,0.019315451383590698,0.16291135549545288,-0.048826221376657486,0.007603347301483154,0.08271154761314392,-0.06624636799097061,0.0,0.01833552122116089,-0.07713139057159424,0.09065857529640198,0.28766071796417236,-0.029984619468450546,0.10376796126365662,0.14822706580162048,-0.05950692296028137,0.10920605063438416,0.06654521822929382,-0.07875395566225052,0.11845651268959045,0.0,-0.08854448795318604,0.13632431626319885,0.31331872940063477,-0.0414089672267437,0.15767839550971985,0.22435104846954346,-0.07893882691860199,0.13694807887077332,0.28012192249298096,-0.0812775120139122,0.12230506539344788,0.3355534076690674,-0.07109681516885757,0.17719486355781555,0.3576638102531433,-0.05516185611486435,0.20074573159217834,0.29035836458206177,-0.08004425466060638,0.1916922628879547,0.3068999648094177,-0.07508057355880737,0.18372347950935364,0.3343210816383362,-0.06417284905910492
V,0.09464022517204285,0.5785483419895172,6.658036681983504e-07,0.0369238555431366,0.5041336119174957,-0.024110933765769005,0.015869230031967163,0.4016542136669159,-0.04005126282572746,0.05140221118927002,0.3309912383556366,-0.059573445469141006,0.09453555941581726,0.30640092492103577,-0.07829726487398148,0.03818199038505554,0.29333820939064026,-0.021883495151996613,0.019245654344558716,0.16763868927955627,-0.050176993012428284,0.0074287354946136475,0.08741283416748047,-0.0692484900355339,0.0,0.02200797200202942,-0.08166688680648804,0.09041747450828552,0.2896173894405365,-0.030310742557048798,0.10305634140968323,0.1514880359172821,-0.06044761463999748,0.10845372080802917,0.06935149431228638,-0.08046514540910721,0.117821604013443,0.0,-0.09133058041334152,0.13607439398765564,0.3144659101963043,-0.04200323671102524,0.1573527753353119,0.2228642702102661,-0.08013428747653961,0.1355491578578949,0.2794496715068817,-0.08317719399929047,0.12026306986808777,0.33723387122154236,-0.07344973087310791,0.17721673846244812,0.35770073533058167,-0.056145183742046356,0.20132020115852356,0.28596261143684387,-0.08126911520957947,0.19006964564323425,0.3022817075252533,-0.07704155147075653,0.17975816130638123,0.33271512389183044,-0.06686879694461823
V,0.0960170328617096,0.5686763823032379,7.026794719422469e-07,0.038488417863845825,0.49444785714149475,-0.02459406480193138,0.01752200722694397,0.39780858159065247,-0.04075437784194946,0.05424526333808899,0.32881274819374084,-0.06009553372859955,0.09732064604759216,0.3008255064487457,-0.0781012699007988,0.03709927201271057,0.2801874577999115,-0.019617166370153427,0.018056154251098633,0.15867188572883606,-0.04587142914533615,0.00693356990814209,0.08306884765625,-0.06289447844028473,0.0,0.02145257592201233,-0.07335110753774643,0.09056803584098816,0.2780846059322357,-0.02753266878426075,0.10453549027442932,0.1434413492679596,-0.05578486621379852,0.11068251729011536,0.06481564044952393,-0.07435750961303711,0.11944165825843811,0.0,-0.08340165764093399,0.13712480664253235,0.30512508749961853,-0.03899144008755684,0.15733686089515686,0.2243194282054901,-0.0774163231253624,0.1371254026889801,0.2803947627544403,-0.08231185376644135,0.1227094829082489,0.33619943261146545,-0.07296678423881531,0.17828455567359924,0.3507821261882782,-0.052633315324783325,0.201858788728714,0.2877103388309479,-0.07773055136203766,0.190766841173172,0.30337443947792053,-0.07402114570140839,0.18020084500312805,0.3312323987483978,-0.06365308910608292
V,0.09480836987495422,0.5817255675792694,7.104904398147482e-07,0.03771290183067322,0.5095237791538239,-0.024861320853233337,0.016963809728622437,0.4093417823314667,-0.0410589836537838,0.05082368850708008,0.33833667635917664,-0.06059630215167999,0.09228524565696716,0.3124443590641022,-0.07896874845027924,0.03507351875305176,0.2936728894710541,-0.022294605150818825,0.01783508062362671,0.16715744137763977,-0.050504397600889206,0.006976306438446045,0.0873354971408844,-0.06901714205741882,0.0,0.02293071150779724,-0.08070600032806396,0.08837297558784485,0.29006901383399963,-0.030844343826174736,0.10213091969490051,0.15223902463912964,-0.0614236518740654,0.10821041464805603,0.06858262419700623,-0.08183691650629044,0.11745420098304749,0.0,-0.09242860972881317,0.13493689894676208,0.3155309855937958,-0.04268937557935715,0.15755388140678406,0.22670528292655945,-0.08186949044466019,0.1360451877117157,0.2824192941188812,-0.0863393098115921,0.12060299515724182,0.3401787579059601,-0.0769612193107605,0.175813227891922,0.3602035343647003,-0.056937117129564285,0.20024803280830383,0.2943369448184967,-0.08375778794288635,0.19016286730766296,0.30726394057273865,-0.08114396035671234,0.18098285794258118,0.3331798017024994,-0.07141578197479248
V,0.09645697474479675,0.5815508365631104,6.962440579627582e-07,0.037954628467559814,0.5086140036582947,-0.024047531187534332,0.01741570234298706,0.4045460820198059,-0.039283387362957,0.05222061276435852,0.3317532539367676,-0.05798371508717537,0.09433898329734802,0.30767691135406494,-0.07545247673988342,0.03697368502616882,0.29164445400238037,-0.019703492522239685,0.018332719802856445,0.1651039719581604,-0.046585407108068466,0.007089972496032715,0.08475494384765625,-0.06421935558319092,0.0,0.020837217569351196,-0.07551620900630951,0.08998426795005798,0.28767627477645874,-0.02801358327269554,0.10214230418205261,0.1510220766067505,-0.05795961990952492,0.10743913054466248,0.06800469756126404,-0.0779307559132576,0.11593052744865417,0.0,-0.08816275000572205,0.13632360100746155,0.312882661819458,-0.03963105380535126,0.15686914324760437,0.2236182987689972,-0.07841070741415024,0.13673755526542664,0.28001201152801514,-0.08241364359855652,0.12176558375358582,0.3372352123260498,-0.07275237143039703,0.17792758345603943,0.3568003177642822,-0.053542088717222214,0.2022264301776886,0.29007333517074585,-0.07992511987686157,0.19446173310279846,0.3034438490867615,-0.07689405977725983,0.18657079339027405,0.32901060581207275,-0.0669378861784935
V,0.09586948156356812,0.5813365280628204,7.081527542140975e-07,0.03891342878341675,0.5073119699954987,-0.024360474199056625,0.018239825963974,0.4051966965198517,-0.040499087423086166,0.05206593871116638,0.33366408944129944,-0.05993303656578064,0.09395873546600342,0.3066317141056061,-0.07813622057437897,0.03597244620323181,0.29100558161735535,-0.02134319767355919,0.017917096614837646,0.16499444842338562,-0.04930180311203003,0.007127881050109863,0.08597436547279358,-0.06775546818971634,0.0,0.022334039211273193,-0.07939214259386063,0.08857285976409912,0.2885233461856842,-0.029628008604049683,0.1018628478050232,0.1513402760028839,-0.059955328702926636,0.10725575685501099,0.06936252117156982,-0.08025415986776352,0.11527425050735474,0.0,-0.09066526591777802,0.13503354787826538,0.3146226108074188,-0.041138213127851486,0.1557866334915161,0.22801309823989868,-0.0801592469215393,0.13574033975601196,0.28613153100013733,-0.08393929153680801,0.12121212482452393,0.34346845746040344,-0.0740320086479187,0.17615079879760742,0.3603269159793854,-0.05491986125707626,0.2000247836112976,0.2960245907306671,-0.08111724257469177,0.19319790601730347,0.3091963231563568,-0.07757987082004547,0.1868939995765686,0.33294692635536194,-0.0672319084405899
V,0.09892517328262329,0.5783785581588745,7.298273203559802e-07,0.04139435291290283,0.5020853281021118,-0.02369907684624195,0.021825015544891357,0.40076112747192383,-0.03962688520550728,0.05556461215019226,0.3279860019683838,-0.05877387151122093,0.09433317184448242,0.29573214054107666,-0.07647605985403061,0.0384240448474884,0.2920985817909241,-0.02073935978114605,0.019352257251739502,0.16527923941612244,-0.048935417085886,0.007658511400222778,0.08588576316833496,-0.06682350486516953,0.0,0.022222399711608887,-0.07764872163534164,0.09074890613555908,0.28957080841064453,-0.029186690226197243,0.10382944345474243,0.15049010515213013,-0.06040346249938011,0.10982966423034668,0.06732076406478882,-0.080705426633358,0.1189490556716919,0.0,-0.09044906497001648,0.13700294494628906,0.31507551670074463,-0.040801867842674255,0.15913617610931396,0.23140379786491394,-0.08038372546434402,0.1387646198272705,0.28776735067367554,-0.08405974507331848,0.1236845850944519,0.34322309494018555,-0.0737469419836998,0.17782807350158691,0.3591639995574951,-0.054571934044361115,0.2012227177619934,0.30010396242141724,-0.08113013207912445,0.1952531933784485,0.3121040463447571,-0.07756537199020386,0.1896337866783142,0.3325190544128418,-0.06689579784870148
V,0.09459936618804932,0.5824230313301086,7.267573209901457e-07,0.03885287046432495,0.5048924684524536,-0.023746836930513382,0.0199434757232666,0.4004984498023987,-0.03998255729675293,0.057432591915130615,0.3328660726547241,-0.059947267174720764,0.10021275281906128,0.3207924962043762,-0.0791734829545021,0.036757856607437134,0.28907155990600586,-0.020560428500175476,0.0187874436378479,0.1646207571029663,-0.048586029559373856,0.007350265979766846,0.084888756275177,-0.06798287481069565,0.0,0.021297186613082886,-0.08116574585437775,0.08997440338134766,0.28615695238113403,-0.03020608052611351,0.10370129346847534,0.15266922116279602,-0.0614880733191967,0.10914427042007446,0.0692313015460968,-0.08285227417945862,0.1175803542137146,0.0,-0.09461602568626404,0.13669294118881226,0.3126254081726074,-0.043151285499334335,0.16259431838989258,0.21990099549293518,-0.08188064396381378,0.14117109775543213,0.2759081721305847,-0.0856994092464447,0.12445962429046631,0.33242088556289673,-0.07662608474493027,0.17794489860534668,0.35895025730133057,-0.05859241634607315,0.20393413305282593,0.2932926416397095,-0.08549869060516357,0.19583725929260254,0.3046134114265442,-0.08293940126895905,0.18752962350845337,0.32755279541015625,-0.07374849170446396
V,0.09312456846237183,0.5794033408164978,6.858272740828397e-07,0.036397963762283325,0.5031847357749939,-0.02292245253920555,0.017432332038879395,0.4029734134674072,-0.038013260811567307,0.05185145139694214,0.33057308197021484,-0.0569588840007782,0.09199196100234985,0.3014826774597168,-0.07459431141614914,0.03502601385116577,0.2881300449371338,-0.01767868362367153,0.017249882221221924,0.161607563495636,-0.043827980756759644,0.006771862506866455,0.08246290683746338,-0.06098289042711258,0.0,0.018025994300842285,-0.07179511338472366,0.08784759044647217,0.28604280948638916,-0.02671429142355919,0.10051637887954712,0.14915567636489868,-0.05551484227180481,0.10568219423294067,0.06704571843147278,-0.07448706030845642,0.11335206031799316,0.0,-0.08420976996421814,0.1343449354171753,0.3123469948768616,-0.03920386731624603,0.15450477600097656,0.2238638699054718,-0.07778781652450562,0.133558452129364,0.27984148263931274,-0.08203117549419403,0.11799430847167969,0.3379896879196167,-0.07260263711214066,0.17598164081573486,0.35682857036590576,-0.0538693368434906,0.1992781162261963,0.28790581226348877,-0.07957951724529266,0.18641877174377441,0.30482643842697144,-0.075957752764225,0.17386966943740845,0.3361316919326782,-0.06582651287317276
V,0.09266647696495056,0.581791877746582,7.09691335032403e-07,0.03591600060462952,0.506953775882721,-0.02381565421819687,0.01583150029182434,0.40469247102737427,-0.039845287799835205,0.050142645835876465,0.33353519439697266,-0.059379201382398605,0.09287652373313904,0.3099827766418457,-0.07763869315385818,0.03428390622138977,0.29053592681884766,-0.020333116874098778,0.017456918954849243,0.1637556552886963,-0.048324719071388245,0.0071319639682769775,0.08311980962753296,-0.0669025406241417,0.0,0.01867416501045227,-0.07888235151767731,0.08726415038108826,0.2874827980995178,-0.029173577204346657,0.10009732842445374,0.14998728036880493,-0.06023811921477318,0.10609236359596252,0.0674930214881897,-0.08095350116491318,0.11468622088432312,0.0,-0.09157416969537735,0.13454315066337585,0.31335270404815674,-0.041230425238609314,0.15505817532539368,0.2259267270565033,-0.08010037988424301,0.13418951630592346,0.2816739082336426,-0.08358334749937057,0.11841127276420593,0.3375062346458435,-0.07363207638263702,0.17683956027030945,0.3581772446632385,-0.05566679686307907,0.20074322819709778,0.29444366693496704,-0.08187009394168854,0.19315651059150696,0.3055192232131958,-0.07858151942491531,0.1856866180896759,0.3274824619293213,-0.0684259682893753
V,0.0945097804069519,0.5790739357471466,7.101198775671946e-07,0.03774470090866089,0.5026468932628632,-0.02499491721391678,0.017417073249816895,0.4040568768978119,-0.041930701583623886,0.053053706884384155,0.3363892734050751,-0.06229165568947792,0.09643703699111938,0.31119611859321594,-0.08142354339361191,0.03625518083572388,0.2875629961490631,-0.020842667669057846,0.018190324306488037,0.16254273056983948,-0.04887383058667183,0.0070819854736328125,0.08342325687408447,-0.06743746995925903,0.0,0.01938071846961975,-0.07909350842237473,0.08975213766098022,0.28599849343299866,-0.02961133047938347,0.10294085741043091,0.14979907870292664,-0.05998915061354637,0.10836559534072876,0.06805780529975891,-0.08032531291246414,0.11652404069900513,0.0,-0.09074312448501587,0.13637793064117432,0.31306150555610657,-0.04193459823727608,0.15757298469543457,0.22772708535194397,-0.08189527690410614,0.13875478506088257,0.2841337025165558,-0.08707588911056519,0.12499892711639404,0.3410399854183197,-0.0778595432639122,0.17765390872955322,0.35861167311668396,-0.05654921382665634,0.20211058855056763,0.2926127016544342,-0.08282344043254852,0.1933179497718811,0.30831870436668396,-0.07933015376329422,0.18485307693481445,0.33673641085624695,-0.06907229125499725
V,0.09237286448478699,0.5770140588283539,6.964146450627595e-07,0.03651115298271179,0.5043794214725494,-0.024813329800963402,0.016314953565597534,0.4026772081851959,-0.041104622185230255,0.04902985692024231,0.32907769083976746,-0.06059431657195091,0.09158626198768616,0.2984032928943634,-0.0786418542265892,0.03547188639640808,0.2872556746006012,-0.02143038623034954,0.01758149266242981,0.15975168347358704,-0.04913916438817978,0.006798774003982544,0.08058133721351624,-0.06640010327100754,0.0,0.017789870500564575,-0.07680101692676544,0.08770504593849182,0.28614917397499084,-0.02933437004685402,0.10257801413536072,0.14844751358032227,-0.05972141772508621,0.107625812292099,0.0665399432182312,-0.07907640188932419,0.11558762192726135,0.0,-0.0884459838271141,0.13389018177986145,0.3128925859928131,-0.04061240330338478,0.15522560477256775,0.22666320204734802,-0.07960265874862671,0.13509854674339294,0.28224441409111023,-0.08307935297489166,0.12115046381950378,0.33799782395362854,-0.07283211499452591,0.17543193697929382,0.3579675853252411,-0.05416842922568321,0.19992849230766296,0.2933821380138397,-0.07947100698947906,0.19148454070091248,0.3074660003185272,-0.07545290142297745,0.18410524725914001,0.3326515257358551,-0.06484021991491318
V,0.0923302173614502,0.5766821503639221,7.074251584526792e-07,0.036518871784210205,0.5044497847557068,-0.02486438862979412,0.01505693793296814,0.40512096881866455,-0.04180462658405304,0.051221609115600586,0.336386501789093,-0.06189202889800072,0.09789001941680908,0.31310486793518066,-0.08087857812643051,0.03547424077987671,0.288631796836853,-0.023460980504751205,0.017755866050720215,0.16250735521316528,-0.05178742855787277,0.006863713264465332,0.0827416479587555,-0.07002592086791992,0.0,0.01944836974143982,-0.0813114196062088,0.08775579929351807,0.2870922088623047,-0.031922608613967896,0.10147815942764282,0.14958783984184265,-0.06214217469096184,0.10696655511856079,0.06767100095748901,-0.08153688907623291,0.1153760552406311,0.0,-0.09121199697256088,0.13357162475585938,0.31392383575439453,-0.04365987330675125,0.15642905235290527,0.22900959849357605,-0.0827532708644867,0.13597756624221802,0.2853778600692749,-0.08660448342561722,0.1208224892616272,0.34130311012268066,-0.07676322758197784,0.17386269569396973,0.3596479892730713,-0.057707980275154114,0.1990671157836914,0.2959532141685486,-0.0835980474948883,0.19053542613983154,0.31141746044158936,-0.07971405982971191,0.18245697021484375,0.33771955966949463,-0.06926202028989792
V,0.09429618716239929,0.5795091688632965,7.064937790346448e-07,0.03841707110404968,0.507562905550003,-0.024083536118268967,0.018083393573760986,0.407527893781662,-0.04015456140041351,0.049622029066085815,0.33746519684791565,-0.05954723432660103,0.08896997570991516,0.312919944524765,-0.07776669412851334,0.03564062714576721,0.2909575402736664,-0.02200349047780037,0.017287075519561768,0.16338381171226501,-0.04974211007356644,0.006541013717651367,0.08362668752670288,-0.06766479462385178,0.0,0.01977074146270752,-0.07870446890592575,0.08806657791137695,0.28880026936531067,-0.03053192049264908,0.10124370455741882,0.1513325273990631,-0.0602995939552784,0.10650679469108582,0.06847542524337769,-0.08009101450443268,0.11530014872550964,0.0,-0.09020879119634628,0.1338936984539032,0.31495651602745056,-0.04224015772342682,0.15400239825248718,0.22708716988563538,-0.07991204410791397,0.1350058615207672,0.2808094322681427,-0.08359573781490326,0.12198016047477722,0.3357401192188263,-0.07401625066995621,0.1743600070476532,0.3596905767917633,-0.056299056857824326,0.19900384545326233,0.29375049471855164,-0.08069607615470886,0.191951721906662,0.3047853410243988,-0.07670004665851593,0.18587252497673035,0.3284358084201813,-0.06642110645771027
V,0.09544169902801514,0.5785322785377502,7.15939961537515e-07,0.03855016827583313,0.506927490234375,-0.024989351630210876,0.018489688634872437,0.4088374972343445,-0.04178734868764877,0.04896637797355652,0.33510124683380127,-0.0613650307059288,0.0863824188709259,0.301277220249176,-0.07936806231737137,0.035737186670303345,0.2954137921333313,-0.023419756442308426,0.01776939630508423,0.16611167788505554,-0.052020665258169174,0.006866127252578735,0.08557450771331787,-0.07044825702905655,0.0,0.021861135959625244,-0.08142852783203125,0.08759751915931702,0.29224592447280884,-0.030889365822076797,0.10140317678451538,0.15164655447006226,-0.061111826449632645,0.10675936937332153,0.06786122918128967,-0.0808333083987236,0.11512041091918945,0.0,-0.09068022668361664,0.13350796699523926,0.3166924715042114,-0.04151780530810356,0.15355855226516724,0.2280702292919159,-0.078767329454422,0.1360796093940735,0.2787210941314697,-0.08182945102453232,0.12377035617828369,0.3321884274482727,-0.07197781652212143,0.17509973049163818,0.3588693141937256,-0.05458676442503929,0.200391948223114,0.29203420877456665,-0.07874902337789536,0.19398242235183716,0.30302631855010986,-0.07433348149061203,0.1879470944404602,0.32719576358795166,-0.06360597163438797
V,0.09308591485023499,0.5765568315982819,7.089056452969089e-07,0.03682008385658264,0.5049616992473602,-0.02369900979101658,0.016334176063537598,0.40678444504737854,-0.039622992277145386,0.04584980010986328,0.3340742886066437,-0.058981847018003464,0.08422991633415222,0.3015616238117218,-0.0769551619887352,0.033803969621658325,0.2890940010547638,-0.020304586738348007,0.016425371170043945,0.16215988993644714,-0.04778354987502098,0.006323397159576416,0.08180621266365051,-0.0657772347331047,0.0,0.018124520778656006,-0.07691110670566559,0.08595114946365356,0.28666797280311584,-0.0290374793112278,0.09989142417907715,0.14953932166099548,-0.05855054035782814,0.10574084520339966,0.06684267520904541,-0.07825087010860443,0.113800048828125,0.0,-0.0884220078587532,0.13169682025909424,0.3126978576183319,-0.04109792411327362,0.15119904279708862,0.22453272342681885,-0.07916027307510376,0.1323632001876831,0.2781933844089508,-0.08342138677835464,0.11865687370300293,0.33264806866645813,-0.07454381138086319,0.17315006256103516,0.35704532265663147,-0.05539805814623833,0.1977718472480774,0.29004570841789246,-0.08090417832136154,0.1879667043685913,0.3065495193004608,-0.07740341126918793,0.17858409881591797,0.33484432101249695,-0.06753972172737122
V,0.09158509969711304,0.5794912576675415,7.026470711934962e-07,0.036938488483428955,0.507858157157898,-0.02239392139017582,0.01741853356361389,0.40922147035598755,-0.03853527083992958,0.04822501540184021,0.3393234610557556,-0.05864717811346054,0.08763104677200317,0.3122904896736145,-0.07793286442756653,0.03481176495552063,0.2942785620689392,-0.022095009684562683,0.017174482345581055,0.16759780049324036,-0.05007235333323479,0.006794244050979614,0.08669576048851013,-0.06849946826696396,0.0,0.022211551666259766,-0.08022380620241165,0.08603134751319885,0.2916279435157776,-0.03235747292637825,0.10053613781929016,0.1525343358516693,-0.06268050521612167,0.10591277480125427,0.06834310293197632,-0.08290036022663116,0.11386331915855408,0.0,-0.09360860288143158,0.13173869252204895,0.31728506088256836,-0.04550755023956299,0.1509421169757843,0.22555649280548096,-0.08313661068677902,0.12852689623832703,0.2810749411582947,-0.08626466989517212,0.11278650164604187,0.3373776078224182,-0.07693015784025192,0.17298594117164612,0.36185574531555176,-0.06092214584350586,0.19428178668022156,0.2928347587585449,-0.08542118966579437,0.18365272879600525,0.30908453464508057,-0.08055075258016586,0.174645334482193,0.3374480605125427,-0.07002551853656769
V,0.09014275670051575,0.57520991563797,7.192167572611652e-07,0.03765040636062622,0.5070313215255737,-0.027313699945807457,0.01796555519104004,0.4138854742050171,-0.04647563025355339,0.04642394185066223,0.34387439489364624,-0.06862139701843262,0.08709174394607544,0.3087993860244751,-0.08939092606306076,0.03264564275741577,0.29086530208587646,-0.0267932265996933,0.015613377094268799,0.16510117053985596,-0.05656714364886284,0.005997359752655029,0.08504408597946167,-0.07600682973861694,0.0,0.02075326442718506,-0.08817807585000992,0.08466324210166931,0.2893184423446655,-0.03588656336069107,0.09972456097602844,0.1505676805973053,-0.0671544149518013,0.10697892308235168,0.06728965044021606,-0.08752212673425674,0.11635532975196838,0.0,-0.09834184497594833,0.1311241090297699,0.31691670417785645,-0.04840856045484543,0.15116342902183533,0.22261160612106323,-0.08824101090431213,0.13156643509864807,0.2786239981651306,-0.09186399728059769,0.11791816353797913,0.33483970165252686,-0.08266129344701767,0.1722715198993683,0.36359602212905884,-0.06339457631111145,0.1905515491962433,0.29553496837615967,-0.0900232121348381,0.17745301127433777,0.3165689706802368,-0.08520955592393875,0.16716405749320984,0.3487527370452881,-0.07444927096366882
V,0.09157317876815796,0.5714549124240875,7.026355319794675e-07,0.04040810465812683,0.5093200504779816,-0.027117406949400902,0.022959411144256592,0.41338643431663513,-0.044020384550094604,0.05329892039299011,0.34149661660194397,-0.06365494430065155,0.09386032819747925,0.312210351228714,-0.082318015396595,0.032381802797317505,0.28815874457359314,-0.026849428191781044,0.014835387468338013,0.16039428114891052,-0.05484025925397873,0.0056226253509521484,0.08024564385414124,-0.0724296122789383,0.0,0.01591983437538147,-0.08341344445943832,0.0843227207660675,0.28698280453681946,-0.03596356511116028,0.0985298752784729,0.1473308503627777,-0.06586530804634094,0.10512197017669678,0.06530648469924927,-0.0855034813284874,0.11389142274856567,0.0,-0.09572629630565643,0.13043344020843506,0.31590506434440613,-0.04825611785054207,0.1528376340866089,0.2277991771697998,-0.08742718398571014,0.1327030062675476,0.2847580015659332,-0.09163214266300201,0.11839920282363892,0.3384171426296234,-0.08324714004993439,0.16966277360916138,0.3643236458301544,-0.06288402527570724,0.18740040063858032,0.3027549684047699,-0.0891740694642067,0.17099529504776,0.33215412497520447,-0.08405520766973495,0.15910154581069946,0.36888644099235535,-0.07354669272899628
V,0.09279108047485352,0.5749956965446472,7.336668090829335e-07,0.04380294680595398,0.5058996677398682,-0.02675713039934635,0.030069023370742798,0.41041767597198486,-0.04397750645875931,0.06779661774635315,0.33909618854522705,-0.0639941394329071,0.11330258846282959,0.3033527135848999,-0.08308500051498413,0.0327627956867218,0.28656601905822754,-0.024881381541490555,0.016563117504119873,0.15902400016784668,-0.053361885249614716,0.007327288389205933,0.0790705680847168,-0.0711359903216362,0.0,0.01556408405303955,-0.08172378689050674,0.08547168970108032,0.2865433096885681,-0.03472398221492767,0.1020154356956482,0.14508378505706787,-0.06477473676204681,0.10803455114364624,0.06368836760520935,-0.08386964350938797,0.11489486694335938,0.0,-0.09293241053819656,0.132232666015625,0.3171306252479553,-0.04807894676923752,0.15466535091400146,0.23225101828575134,-0.08802598714828491,0.13540607690811157,0.28786832094192505,-0.09253865480422974,0.12256091833114624,0.33801960945129395,-0.08380940556526184,0.17120331525802612,0.3672821521759033,-0.06351614743471146,0.18515151739120483,0.3066946268081665,-0.0887472927570343,0.16572648286819458,0.3399113416671753,-0.08152476698160172,0.15241026878356934,0.3781982660293579,-0.06941591948270798
V,0.09796532988548279,0.5794489085674286,7.360316658377997e-07,0.046935707330703735,0.5088002979755402,-0.026036635041236877,0.030830591917037964,0.4110471308231354,-0.042483389377593994,0.07262402772903442,0.3415473997592926,-0.061576731503009796,0.12216833233833313,0.3137491047382355,-0.07990214228630066,0.03610271215438843,0.2887491285800934,-0.025960762053728104,0.01676926016807556,0.1603390872478485,-0.05390368029475212,0.007144331932067871,0.0805603563785553,-0.0707114189863205,0.0,0.016935765743255615,-0.08036831021308899,0.09059208631515503,0.28973689675331116,-0.03603096306324005,0.10450729727745056,0.14672797918319702,-0.06520424038171768,0.11000749468803406,0.06370353698730469,-0.08277072012424469,0.11610248684883118,0.0,-0.09037568420171738,0.1380138099193573,0.32176944613456726,-0.04949099197983742,0.15633168816566467,0.2413977086544037,-0.09066303819417953,0.13670524954795837,0.300144225358963,-0.09521374851465225,0.12347623705863953,0.3529646098613739,-0.08553450554609299,0.17597457766532898,0.3738223612308502,-0.06479137390851974,0.18514874577522278,0.3139173686504364,-0.09179150313138962,0.16511157155036926,0.3530936539173126,-0.08403386175632477,0.15173223614692688,0.397367924451828,-0.07081110775470734
V,0.09497258067131042,0.5789520740509033,7.42085376259638e-07,0.04669684171676636,0.5108658075332642,-0.02703528292477131,0.03157886862754822,0.4136049747467041,-0.04329314082860947,0.07346534729003906,0.3435729742050171,-0.06199353560805321,0.12238338589668274,0.31322842836380005,-0.07976089417934418,0.03396248817443848,0.2847896218299866,-0.024852003902196884,0.0146561861038208,0.15696698427200317,-0.051766861230134964,0.005919516086578369,0.07804238796234131,-0.0680980235338211,0.0,0.015661627054214478,-0.07772716879844666,0.08818280696868896,0.2860393524169922,-0.03416772186756134,0.1036711037158966,0.1449284553527832,-0.06251353025436401,0.11119964718818665,0.06303167343139648,-0.0798247680068016,0.118784099817276,0.0,-0.08755312860012054,0.13481822609901428,0.3189275860786438,-0.0470745749771595,0.1558929979801178,0.2390778660774231,-0.08804329484701157,0.13525190949440002,0.29969364404678345,-0.09290144592523575,0.1204233467578888,0.35261088609695435,-0.08385682851076126,0.17187157273292542,0.3723565936088562,-0.061921391636133194,0.18312671780586243,0.31685131788253784,-0.09057226777076721,0.16223391890525818,0.35836392641067505,-0.08425133675336838,0.14754721522331238,0.4025976061820984,-0.0720105841755867
V,0.0956164002418518,0.5844772756099701,7.423993224620062e-07,0.046657711267471313,0.5148049294948578,-0.02921908162534237,0.03258833289146423,0.41628989577293396,-0.0472676046192646,0.07291823625564575,0.3427704870700836,-0.06789549440145493,0.12077873945236206,0.3078939616680145,-0.0870920941233635,0.03352391719818115,0.2871452271938324,-0.025081602856516838,0.015231788158416748,0.15881255269050598,-0.05384470894932747,0.006313532590866089,0.07840922474861145,-0.07199142873287201,0.0,0.014636754989624023,-0.082878477871418,0.08791086077690125,0.28804460167884827,-0.033750470727682114,0.10350549221038818,0.14899331331253052,-0.06470845639705658,0.11007863283157349,0.06602528691291809,-0.0834788903594017,0.11722636222839355,0.0,-0.09215549379587173,0.1352553367614746,0.31951841711997986,-0.04640033468604088,0.15543705224990845,0.2355828583240509,-0.08896687626838684,0.13497108221054077,0.3004322946071625,-0.09196745604276657,0.12116038799285889,0.35619696974754333,-0.08115994185209274,0.17428088188171387,0.37124010920524597,-0.06143166869878769,0.18834233283996582,0.3097340166568756,-0.09021099656820297,0.16727232933044434,0.35066232085227966,-0.08294522017240524,0.15224921703338623,0.395847350358963,-0.06978010386228561
V,0.10317343473434448,0.585837334394455,7.486397635148023e-07,0.05457085371017456,0.5159231722354889,-0.0298025980591774,0.04297557473182678,0.41662856936454773,-0.046834126114845276,0.0858336091041565,0.3422136604785919,-0.0659271776676178,0.13233041763305664,0.30636170506477356,-0.08327619731426239,0.03794950246810913,0.2920806109905243,-0.02315545454621315,0.018559247255325317,0.1635551154613495,-0.04986024275422096,0.008322477340698242,0.08377662301063538,-0.0663660541176796,0.0,0.019474565982818604,-0.07596004754304886,0.0915200412273407,0.2900032699108124,-0.02969416044652462,0.10568541288375854,0.14866003394126892,-0.05791449919342995,0.11313837766647339,0.0660216212272644,-0.07585657387971878,0.11997741460800171,0.0,-0.08389932662248611,0.13815224170684814,0.31892654299736023,-0.04029301553964615,0.15676277875900269,0.2331695258617401,-0.08215421438217163,0.14391469955444336,0.2916635572910309,-0.08922624588012695,0.13462716341018677,0.3458651602268219,-0.08056001365184784,0.17801177501678467,0.3668876588344574,-0.05301428586244583,0.19511574506759644,0.30442020297050476,-0.08163433521986008,0.1809840202331543,0.3362661898136139,-0.07785290479660034,0.16958200931549072,0.3770352900028229,-0.0668032243847847
V,0.0981670618057251,0.5818939208984375,7.480291515093995e-07,0.05227702856063843,0.512060821056366,-0.03049934096634388,0.0405731201171875,0.41453438997268677,-0.04891710728406906,0.07926476001739502,0.3405809998512268,-0.06938778609037399,0.12385070323944092,0.30315423011779785,-0.08816017955541611,0.03384244441986084,0.28643250465393066,-0.024523861706256866,0.016312777996063232,0.15882006287574768,-0.051440492272377014,0.0068961381912231445,0.07985201478004456,-0.06892029941082001,0.0,0.017107993364334106,-0.07980726659297943,0.08722221851348877,0.28491079807281494,-0.03131295368075371,0.10239952802658081,0.14662986993789673,-0.0596989244222641,0.11053615808486938,0.06538227200508118,-0.07894644141197205,0.11886638402938843,0.0,-0.0890825092792511,0.13361507654190063,0.3137478232383728,-0.04214732348918915,0.15482932329177856,0.22310632467269897,-0.08211725205183029,0.14153313636779785,0.28002244234085083,-0.08866577595472336,0.13171344995498657,0.33320504426956177,-0.08145789802074432,0.17377161979675293,0.36187660694122314,-0.05542987957596779,0.19239187240600586,0.29700422286987305,-0.08289343118667603,0.17946767807006836,0.32671821117401123,-0.07955262064933777,0.16932952404022217,0.3653002381324768,-0.06993766129016876
V,0.0977979302406311,0.586856871843338,7.464216764674347e-07,0.049659162759780884,0.5114702880382538,-0.026734041050076485,0.038559675216674805,0.4133591949939728,-0.04310951009392738,0.07774749398231506,0.34055688977241516,-0.06236857548356056,0.11948934197425842,0.30318984389305115,-0.07973377406597137,0.0326269268989563,0.2896404564380646,-0.018242835998535156,0.015453428030014038,0.1627526581287384,-0.04419075325131416,0.006636917591094971,0.08310294151306152,-0.061309605836868286,0.0,0.01999950408935547,-0.07173807919025421,0.08596789836883545,0.28734925389289856,-0.02559453248977661,0.10074403882026672,0.15116792917251587,-0.054198313504457474,0.1082446277141571,0.06787773966789246,-0.07381679117679596,0.1161249577999115,0.0,-0.0834997221827507,0.13249680399894714,0.31517741084098816,-0.03682852163910866,0.15173432230949402,0.22579964995384216,-0.07665714621543884,0.14096328616142273,0.282402366399765,-0.08263416588306427,0.1332966387271881,0.3366968333721161,-0.07381128519773483,0.17335715889930725,0.36222365498542786,-0.05024915933609009,0.1946943700313568,0.2953910529613495,-0.07665453851222992,0.18861350417137146,0.3147602379322052,-0.07313971221446991,0.18346449732780457,0.3446104824542999,-0.0625762864947319
V,0.09860709309577942,0.5830907225608826,7.242339847834955e-07,0.049962252378463745,0.5110713839530945,-0.028159648180007935,0.038412660360336304,0.4135954976081848,-0.04457054287195206,0.07706889510154724,0.34098750352859497,-0.06324049085378647,0.11894288659095764,0.30165207386016846,-0.07994813472032547,0.03295031189918518,0.28736287355422974,-0.02032374031841755,0.015332818031311035,0.15831243991851807,-0.046124719083309174,0.0065011680126190186,0.07781988382339478,-0.06295035779476166,0.0,0.014473378658294678,-0.07311540096998215,0.08705756068229675,0.284346342086792,-0.026859650388360023,0.10035780072212219,0.146540105342865,-0.05474300682544708,0.107045978307724,0.06524926424026489,-0.07397563755512238,0.11373242735862732,0.0,-0.08361095935106277,0.13377436995506287,0.3118606209754944,-0.03735937178134918,0.15309759974479675,0.22081619501113892,-0.07681702822446823,0.1446005403995514,0.2743341326713562,-0.08390677720308304,0.13718447089195251,0.32665956020355225,-0.0762949287891388,0.1748950183391571,0.35835468769073486,-0.050107043236494064,0.1983828842639923,0.2909972071647644,-0.0768023207783699,0.19313910603523254,0.30878984928131104,-0.07456536591053009,0.18666532635688782,0.3372291922569275,-0.06519468873739243
V,0.09712323546409607,0.584622323513031,7.327548701141495e-07,0.049721479415893555,0.5116658210754395,-0.028177866712212563,0.03967365622520447,0.41267722845077515,-0.044749531894922256,0.08090177178382874,0.34159088134765625,-0.06407035887241364,0.1254017949104309,0.3114510774612427,-0.08155293762683868,0.03346690535545349,0.28441911935806274,-0.018086951225996017,0.01590794324874878,0.1586463749408722,-0.04368511214852333,0.0068839192390441895,0.07902312278747559,-0.06096428632736206,0.0,0.015860140323638916,-0.07200443744659424,0.08749356865882874,0.2820119261741638,-0.02514379657804966,0.10064733028411865,0.14822885394096375,-0.05334503948688507,0.10768771171569824,0.06739470362663269,-0.07302699983119965,0.1147720217704773,0.0,-0.08325909078121185,0.1340896487236023,0.31051015853881836,-0.03635029122233391,0.15329855680465698,0.2178025245666504,-0.07652226835489273,0.1440027952194214,0.2771923542022705,-0.08279503136873245,0.13596844673156738,0.33258193731307983,-0.07434772700071335,0.17535054683685303,0.3587702512741089,-0.049908045679330826,0.19722199440002441,0.2906799912452698,-0.0768047347664833,0.19141435623168945,0.31103628873825073,-0.07406493276357651,0.18497347831726074,0.3413333296775818,-0.06434319913387299
V,0.09612017869949341,0.5872945189476013,7.682362479499716e-07,0.04770541191101074,0.5124636292457581,-0.02973269484937191,0.03672400116920471,0.41530823707580566,-0.04811040684580803,0.0781393051147461,0.344066321849823,-0.06887121498584747,0.1238899827003479,0.3128000497817993,-0.08764031529426575,0.031834572553634644,0.28830045461654663,-0.02123989909887314,0.01550602912902832,0.16085553169250488,-0.048400383442640305,0.006940126419067383,0.08079320192337036,-0.06656105816364288,0.0,0.01709383726119995,-0.07803651690483093,0.0857430100440979,0.2864481806755066,-0.02779453434050083,0.09942960739135742,0.15020549297332764,-0.05764388293027878,0.10634112358093262,0.06805187463760376,-0.07827870547771454,0.11313754320144653,0.0,-0.08882785588502884,0.1321936845779419,0.3155263066291809,-0.038495562970638275,0.15181279182434082,0.22606408596038818,-0.07980212569236755,0.14093291759490967,0.2828786373138428,-0.08680850267410278,0.13164246082305908,0.33688968420028687,-0.078472800552845,0.17257803678512573,0.36386817693710327,-0.05162641033530235,0.1951180100440979,0.298412024974823,-0.07964567095041275,0.19121748208999634,0.31486374139785767,-0.07766608893871307,0.18618685007095337,0.34176623821258545,-0.06808353215456009
V,0.09592670202255249,0.5869345366954803,7.42078043458605e-07,0.048593878746032715,0.5187581479549408,-0.02844073809683323,0.037510812282562256,0.42151764035224915,-0.04561576619744301,0.0730879008769989,0.34782060980796814,-0.06474483758211136,0.11311846971511841,0.3097880184650421,-0.08166541159152985,0.030780524015426636,0.2887432873249054,-0.02185305953025818,0.015197277069091797,0.1581759750843048,-0.048371415585279465,0.0066578686237335205,0.07679447531700134,-0.06542982161045074,0.0,0.014046132564544678,-0.07544771581888199,0.08466416597366333,0.28592923283576965,-0.027895912528038025,0.09890604019165039,0.1465071141719818,-0.05648139864206314,0.10602867603302002,0.06447446346282959,-0.07560910284519196,0.11326467990875244,0.0,-0.08461344987154007,0.131677508354187,0.3140428364276886,-0.037654582411050797,0.14998984336853027,0.22786644101142883,-0.07586025446653366,0.13949191570281982,0.2808280289173126,-0.08119155466556549,0.1312469244003296,0.3315202295780182,-0.07239692658185959,0.1729258894920349,0.36109301447868347,-0.049759116023778915,0.19548553228378296,0.2978530824184418,-0.07476360350847244,0.19040191173553467,0.31338486075401306,-0.07106082141399384,0.18594717979431152,0.33760979771614075,-0.06053584814071655
V,0.09655377268791199,0.5850095748901367,7.500906917812245e-07,0.048427313566207886,0.5151066780090332,-0.029483774676918983,0.03568923473358154,0.42113780975341797,-0.047866422683000565,0.07149741053581238,0.3502193093299866,-0.0683102011680603,0.11144426465034485,0.31600528955459595,-0.08666069060564041,0.03147989511489868,0.2892247438430786,-0.02303893119096756,0.013836503028869629,0.15896248817443848,-0.05012896656990051,0.005522340536117554,0.07811376452445984,-0.06774328649044037,0.0,0.014907121658325195,-0.07821647822856903,0.08565443754196167,0.2855936884880066,-0.028926953673362732,0.09777554869651794,0.1470203399658203,-0.05783243104815483,0.10514208674430847,0.06462335586547852,-0.07728498429059982,0.11291942000389099,0.0,-0.08671170473098755,0.1324770748615265,0.3125433325767517,-0.03876303881406784,0.15003851056098938,0.2243748903274536,-0.0778406485915184,0.14257022738456726,0.2759033441543579,-0.08451656997203827,0.13614067435264587,0.32808685302734375,-0.07642418891191483,0.17408928275108337,0.3579164743423462,-0.05100999027490616,0.19509729743003845,0.29353004693984985,-0.07658330351114273,0.19237187504768372,0.30678099393844604,-0.0738612711429596,0.1891869604587555,0.3311157822608948,-0.06400156021118164
V,0.0938168466091156,0.5886621475219727,7.070738092807005e-07,0.047215044498443604,0.5187397599220276,-0.027436863631010056,0.03621113300323486,0.4213383197784424,-0.044729091227054596,0.07163318991661072,0.3463061451911926,-0.06438195705413818,0.11304140090942383,0.30291497707366943,-0.0820690393447876,0.03178095817565918,0.28944236040115356,-0.02094009518623352,0.015410900115966797,0.15989366173744202,-0.04762006551027298,0.006367117166519165,0.07832378149032593,-0.06530899554491043,0.0,0.014662951231002808,-0.07624902576208115,0.08506381511688232,0.28679078817367554,-0.02824816294014454,0.09831154346466064,0.14809918403625488,-0.05670192092657089,0.10522544384002686,0.06591865420341492,-0.07678180932998657,0.11259806156158447,0.0,-0.08739569783210754,0.13148099184036255,0.31433093547821045,-0.03923853859305382,0.15133756399154663,0.2209320068359375,-0.07739763706922531,0.14162689447402954,0.2718513011932373,-0.083212710916996,0.13303816318511963,0.32215654850006104,-0.07570500671863556,0.17225611209869385,0.36084872484207153,-0.05252890661358833,0.19370365142822266,0.2932226061820984,-0.07780151814222336,0.18938738107681274,0.3067203164100647,-0.07463270425796509,0.18460410833358765,0.33007484674453735,-0.0651450902223587
V,0.09540548920631409,0.5830077230930328,7.384841751445492e-07,0.04862082004547119,0.5128081738948822,-0.02983507700264454,0.03786459565162659,0.4156658351421356,-0.04714716598391533,0.07594817876815796,0.34025946259498596,-0.06627088785171509,0.11721476912498474,0.2974330484867096,-0.0829012393951416,0.030769050121307373,0.28460219502449036,-0.019511787220835686,0.013512492179870605,0.15532222390174866,-0.045059360563755035,0.005340605974197388,0.07577681541442871,-0.061318475753068924,0.0,0.01358446478843689,-0.07082509249448776,0.08533090353012085,0.28271058201789856,-0.0247474554926157,0.09791502356529236,0.1451423168182373,-0.05248108133673668,0.10518082976341248,0.06442281603813171,-0.07125069946050644,0.11299964785575867,0.0,-0.08022110164165497,0.13236775994300842,0.31062135100364685,-0.03418746218085289,0.14982256293296814,0.22143134474754333,-0.07382604479789734,0.14002832770347595,0.27576741576194763,-0.08005280792713165,0.13274887204170227,0.3278335630893707,-0.07152368128299713,0.1734415590763092,0.35624101758003235,-0.04591721296310425,0.19122162461280823,0.2929438054561615,-0.07253464311361313,0.18628284335136414,0.30953601002693176,-0.06954484432935715,0.18278756737709045,0.33445116877555847,-0.05929207429289818
V,0.09512490034103394,0.5885997712612152,7.394364729407243e-07,0.04716944694519043,0.5183667838573456,-0.030098747462034225,0.0389823317527771,0.42100122570991516,-0.04700367525219917,0.07895776629447937,0.3455304801464081,-0.06563892215490341,0.118419349193573,0.3033848702907562,-0.08181489259004593,0.02984333038330078,0.2909865081310272,-0.017421817407011986,0.012369692325592041,0.16472187638282776,-0.04253288730978966,0.0042591392993927,0.08488765358924866,-0.06025199592113495,0.0,0.023043274879455566,-0.07162222266197205,0.08517494797706604,0.2869565784931183,-0.0227789506316185,0.09788942337036133,0.15122288465499878,-0.050416912883520126,0.1065402626991272,0.06685933470726013,-0.07211221009492874,0.11532843112945557,0.0,-0.08432421833276749,0.13263291120529175,0.3133319914340973,-0.03245357796549797,0.1555200219154358,0.22408759593963623,-0.06976398080587387,0.14504289627075195,0.26920923590660095,-0.07871364802122116,0.13408195972442627,0.31589475274086,-0.07401270419359207,0.17367559671401978,0.357533723115921,-0.04466652125120163,0.1949586272239685,0.29199662804603577,-0.07019931823015213,0.19005125761032104,0.3051469624042511,-0.06931892037391663,0.18362683057785034,0.32844558358192444,-0.061844177544116974
V,0.09436124563217163,0.5834307670593262,7.16870260930591e-07,0.04828619956970215,0.5098162889480591,-0.028388570994138718,0.03808319568634033,0.4104321002960205,-0.04459253326058388,0.07463091611862183,0.3326314687728882,-0.06304514408111572,0.11572635173797607,0.28667956590652466,-0.07916286587715149,0.02901703119277954,0.2859790325164795,-0.01646292768418789,0.013194918632507324,0.15876442193984985,-0.04170434921979904,0.005078732967376709,0.0789991021156311,-0.05861388146877289,0.0,0.016566991806030273,-0.0688084214925766,0.08330181241035461,0.2836577296257019,-0.022395560517907143,0.09628266096115112,0.14706894755363464,-0.04989858344197273,0.10374164581298828,0.06562963128089905,-0.06955430656671524,0.11231637001037598,0.0,-0.07953491806983948,0.13096219301223755,0.31036460399627686,-0.032490324229002,0.15209096670150757,0.21985182166099548,-0.07108277827501297,0.1390247941017151,0.2732771635055542,-0.07733572274446487,0.12873810529708862,0.3256319761276245,-0.06936880201101303,0.1724126935005188,0.35474157333374023,-0.04486161842942238,0.19229567050933838,0.28653979301452637,-0.07026159763336182,0.18550413846969604,0.30276304483413696,-0.06679194420576096,0.17987322807312012,0.32899582386016846,-0.05666590481996536
V,0.09503263235092163,0.5814201533794403,7.190594715211773e-07,0.048442572355270386,0.5113770067691803,-0.0295985396951437,0.03719651699066162,0.4148743450641632,-0.046724457293748856,0.0726141631603241,0.33693668246269226,-0.06559111177921295,0.1116098165512085,0.28534868359565735,-0.08197716623544693,0.029435187578201294,0.28759726881980896,-0.01974441297352314,0.012968510389328003,0.16025090217590332,-0.04601803421974182,0.004856467247009277,0.08061221241950989,-0.06299271434545517,0.0,0.018404841423034668,-0.07291074097156525,0.08392566442489624,0.28444233536720276,-0.02546330727636814,0.09641540050506592,0.1474384367465973,-0.054077986627817154,0.10365325212478638,0.06533661484718323,-0.07408317923545837,0.11114048957824707,0.0,-0.0840681791305542,0.13161355257034302,0.31043437123298645,-0.03538871183991432,0.15282952785491943,0.2257215678691864,-0.07472491264343262,0.1398220658302307,0.27571091055870056,-0.08187726885080338,0.12841027975082397,0.32393911480903625,-0.07471685856580734,0.17261695861816406,0.35367533564567566,-0.04759165644645691,0.19160962104797363,0.28847387433052063,-0.07331842929124832,0.1826573610305786,0.3062554895877838,-0.07001461088657379,0.1746830940246582,0.3330189287662506,-0.06015082448720932
V,0.09612303972244263,0.5804972052574158,7.20888351679605e-07,0.05073085427284241,0.5110511779785156,-0.029273655265569687,0.039679765701293945,0.41367632150650024,-0.04609191417694092,0.07470303773880005,0.3355633616447449,-0.06435336917638779,0.11416083574295044,0.289753258228302,-0.08024155348539352,0.031065553426742554,0.288862943649292,-0.02108827419579029,0.014790534973144531,0.15963214635849,-0.047029975801706314,0.005954444408416748,0.07878470420837402,-0.06416097283363342,0.0,0.01634448766708374,-0.07438550144433975,0.08531051874160767,0.28536731004714966,-0.026414547115564346,0.09856444597244263,0.1472257375717163,-0.05402396619319916,0.1064906120300293,0.06411334872245789,-0.07389067858457565,0.11475867033004761,0.0,-0.0841781497001648,0.13265585899353027,0.3110385537147522,-0.035615745931863785,0.1539973020553589,0.2242862582206726,-0.07289290428161621,0.14159619808197021,0.26890337467193604,-0.0802353098988533,0.13026738166809082,0.3158319592475891,-0.07402979582548141,0.17400580644607544,0.3541796803474426,-0.04710341989994049,0.19305449724197388,0.29039430618286133,-0.07173237204551697,0.1861589550971985,0.30463284254074097,-0.06875947117805481,0.1798301339149475,0.329351007938385,-0.05952567607164383
V,0.09280663728713989,0.579671710729599,7.514756248383492e-07,0.046636104583740234,0.5110428035259247,-0.030858607962727547,0.035154253244400024,0.41548773646354675,-0.04875919222831726,0.07242560386657715,0.34172531962394714,-0.06841294467449188,0.11281788349151611,0.300354927778244,-0.08582610636949539,0.02715510129928589,0.28628119826316833,-0.021925408393144608,0.011472761631011963,0.15716597437858582,-0.04898567125201225,0.004427522420883179,0.07698336243629456,-0.06650225818157196,0.0,0.015223443508148193,-0.07671130448579788,0.08204281330108643,0.28365620970726013,-0.02715326100587845,0.09606969356536865,0.1469496190547943,-0.05641862377524376,0.10331660509109497,0.06530001759529114,-0.07615843415260315,0.11073672771453857,0.0,-0.08563271164894104,0.12933379411697388,0.3096952736377716,-0.03667902573943138,0.1488010287284851,0.22252097725868225,-0.07677857577800751,0.1382828950881958,0.276060551404953,-0.08376151323318481,0.1300225853919983,0.3277033269405365,-0.07575123757123947,0.16983932256698608,0.3534756600856781,-0.04861709848046303,0.18817901611328125,0.2894385755062103,-0.07490969449281693,0.18012571334838867,0.309546560049057,-0.07176096737384796,0.17356020212173462,0.3388756811618805,-0.0615508034825325
V,0.09219831228256226,0.5834555327892303,7.174073175519879e-07,0.04676628112792969,0.5155859291553497,-0.029060186818242073,0.03579464554786682,0.4188407361507416,-0.045604974031448364,0.0658760666847229,0.33945849537849426,-0.06375142186880112,0.10037505626678467,0.28839609026908875,-0.07956472784280777,0.02802640199661255,0.28750768303871155,-0.02063988894224167,0.012688994407653809,0.1595376431941986,-0.04739169403910637,0.004893302917480469,0.07875218987464905,-0.06488797813653946,0.0,0.017386585474014282,-0.07486122846603394,0.08235681056976318,0.28417739272117615,-0.026277825236320496,0.09642297029495239,0.1468287706375122,-0.05448134243488312,0.10465431213378906,0.06346607208251953,-0.07412732392549515,0.11279898881912231,0.0,-0.08368077874183655,0.12962180376052856,0.3105340898036957,-0.03590194880962372,0.15092283487319946,0.225300133228302,-0.07324597239494324,0.13877445459365845,0.2716343104839325,-0.0794902965426445,0.12759804725646973,0.31840917468070984,-0.07229919731616974,0.16993850469589233,0.3557795584201813,-0.04786825180053711,0.1882975697517395,0.29483941197395325,-0.07233583182096481,0.1782320737838745,0.31162312626838684,-0.06851851940155029,0.16899818181991577,0.3369498550891876,-0.0583849735558033
V,0.09132817387580872,0.5833393931388855,7.005632483014779e-07,0.04528281092643738,0.5153160095214844,-0.029686857014894485,0.03374233841896057,0.4202800393104553,-0.04707011207938194,0.06365033984184265,0.34243905544281006,-0.06621319055557251,0.0990319550037384,0.29230254888534546,-0.08288691192865372,0.027946799993515015,0.28519994020462036,-0.020635155960917473,0.011838644742965698,0.15729111433029175,-0.046717092394828796,0.004144996404647827,0.07642391324043274,-0.0643179640173912,0.0,0.014140665531158447,-0.07479112595319748,0.08210322260856628,0.2827937602996826,-0.02638319320976734,0.09535786509513855,0.14771920442581177,-0.05395503342151642,0.10294660925865173,0.06475368142127991,-0.07389791309833527,0.11107513308525085,0.0,-0.08450715243816376,0.12924620509147644,0.31010669469833374,-0.03623884543776512,0.14910206198692322,0.22186464071273804,-0.07357289642095566,0.13703963160514832,0.2698293924331665,-0.08056264370679855,0.12672874331474304,0.31830453872680664,-0.07434578984975815,0.17025074362754822,0.3555038571357727,-0.048528239130973816,0.18900081515312195,0.28950464725494385,-0.07333462685346603,0.17912140488624573,0.30739498138427734,-0.07047173380851746,0.17064443230628967,0.33542823791503906,-0.06141820177435875
V,0.09183728694915771,0.5834465622901917,7.182638341873826e-07,0.045612990856170654,0.5117043852806091,-0.02960066683590412,0.037426114082336426,0.4108467698097229,-0.04581700637936592,0.08246955275535583,0.3364129066467285,-0.06392672657966614,0.12788349390029907,0.2956179976463318,-0.08013953268527985,0.028597742319107056,0.28923797607421875,-0.019411278888583183,0.012446165084838867,0.15884405374526978,-0.04483500495553017,0.004810690879821777,0.07798129320144653,-0.06130219250917435,0.0,0.01500728726387024,-0.07104140520095825,0.08318659663200378,0.2856140732765198,-0.024964632466435432,0.09555387496948242,0.14723122119903564,-0.052017081528902054,0.10287249088287354,0.06536853313446045,-0.07132123410701752,0.11076247692108154,0.0,-0.08098416030406952,0.13043147325515747,0.31187450885772705,-0.03470960259437561,0.15020424127578735,0.22433152794837952,-0.07337550818920135,0.13861417770385742,0.2755579352378845,-0.08124762773513794,0.12899065017700195,0.3251970410346985,-0.07448792457580566,0.1708439588546753,0.3558948040008545,-0.046726811677217484,0.1884862184524536,0.2898055911064148,-0.0719907209277153,0.18086135387420654,0.3096567392349243,-0.06872706115245819,0.17439419031143188,0.33835524320602417,-0.059045590460300446
V,0.09306332468986511,0.5816456973552704,7.147245923988521e-07,0.04677113890647888,0.5143372714519501,-0.03169110789895058,0.03760245442390442,0.41796794533729553,-0.04917052388191223,0.07898321747779846,0.34279629588127136,-0.06788711249828339,0.12042519450187683,0.29714229702949524,-0.08408009260892868,0.02784481644630432,0.2874380648136139,-0.022684777155518532,0.012454956769943237,0.15775451064109802,-0.04910712316632271,0.005165129899978638,0.07765468955039978,-0.0655045211315155,0.0,0.015126436948776245,-0.07458341121673584,0.08299717307090759,0.2847574055194855,-0.027364542707800865,0.09505626559257507,0.14688992500305176,-0.05554114654660225,0.10146412253379822,0.06547471880912781,-0.07367073744535446,0.10753926634788513,0.0,-0.08164197206497192,0.13055965304374695,0.31203493475914,-0.03638739511370659,0.14774128794670105,0.22884485125541687,-0.07651038467884064,0.1379167139530182,0.28619375824928284,-0.08201543986797333,0.12922093272209167,0.3377811014652252,-0.07257207483053207,0.1714615523815155,0.35724326968193054,-0.04778579622507095,0.18721315264701843,0.292185515165329,-0.07325195521116257,0.17838504910469055,0.31736984848976135,-0.0677143931388855,0.17072078585624695,0.34912803769111633,-0.055676620453596115
V,0.08463269472122192,0.5799394845962524,7.622102771165373e-07,0.04043450951576233,0.5093902945518494,-0.03208860754966736,0.03417041897773743,0.41360074281692505,-0.050578709691762924,0.07692691683769226,0.34090369939804077,-0.07047383487224579,0.1174895167350769,0.297326922416687,-0.08799442648887634,0.02261754870414734,0.2836819887161255,-0.022911155596375465,0.009497523307800293,0.15542584657669067,-0.05041607469320297,0.003481537103652954,0.07444220781326294,-0.06870777159929276,0.0,0.011768728494644165,-0.07941616326570511,0.07773703336715698,0.28206437826156616,-0.027734648436307907,0.09204638004302979,0.14818906784057617,-0.057050079107284546,0.09932029247283936,0.06635767221450806,-0.07703443616628647,0.10688316822052002,0.0,-0.08672457188367844,0.12547361850738525,0.3101232647895813,-0.036875128746032715,0.14525121450424194,0.22824087738990784,-0.07595395296812057,0.13401007652282715,0.2830449342727661,-0.0809556171298027,0.12433308362960815,0.3332570195198059,-0.0719093605875969,0.16571038961410522,0.3561631441116333,-0.04872429743409157,0.1832166314125061,0.2920750379562378,-0.07312148809432983,0.17512530088424683,0.3122648596763611,-0.06743966042995453,0.16805189847946167,0.3392154574394226,-0.05573112517595291
V,0.08930063247680664,0.5798105597496033,7.575218319288979e-07,0.04408389329910278,0.5112121105194092,-0.03332067281007767,0.036404311656951904,0.4144796133041382,-0.05117423087358475,0.08434832096099854,0.34179288148880005,-0.07011855393648148,0.1304241418838501,0.30272626876831055,-0.08683988451957703,0.026337504386901855,0.2853121757507324,-0.022532744333148003,0.011411398649215698,0.15490266680717468,-0.048261646181344986,0.004635274410247803,0.0736551582813263,-0.06478535383939743,0.0,0.009647965431213379,-0.07441014796495438,0.08148488402366638,0.28258663415908813,-0.025995410978794098,0.0946841835975647,0.14730554819107056,-0.0531705841422081,0.1022992730140686,0.06563395261764526,-0.07079707086086273,0.10940045118331909,0.0,-0.07873854786157608,0.12879478931427002,0.3102242946624756,-0.03417947143316269,0.1426323652267456,0.22560188174247742,-0.07472576200962067,0.13101863861083984,0.2805449366569519,-0.08226385712623596,0.12201321125030518,0.3313790559768677,-0.07392293959856033,0.16907644271850586,0.3549486994743347,-0.0448007695376873,0.18322503566741943,0.28541481494903564,-0.07172974199056625,0.17438441514968872,0.30514615774154663,-0.06868279725313187,0.16713380813598633,0.33351778984069824,-0.05829111859202385
V,0.08793121576309204,0.5795947015285492,7.535260238000774e-07,0.042195916175842285,0.5090427696704865,-0.035296160727739334,0.036631882190704346,0.4117288291454315,-0.05293126031756401,0.08728200197219849,0.33977535367012024,-0.07126122713088989,0.13272017240524292,0.2993493378162384,-0.08722493797540665,0.024081379175186157,0.2864852845668793,-0.02422758936882019,0.010340869426727295,0.15572234988212585,-0.05067862197756767,0.004297435283660889,0.07509395480155945,-0.06737355142831802,0.0,0.010819762945175171,-0.07657226175069809,0.07910910248756409,0.2829020917415619,-0.026873428374528885,0.09122776985168457,0.14745697379112244,-0.05411560833454132,0.09856164455413818,0.0657319724559784,-0.0714874416589737,0.10519540309906006,0.0,-0.07885322719812393,0.12596499919891357,0.30934348702430725,-0.034599609673023224,0.14009517431259155,0.2334219217300415,-0.0757165253162384,0.1300984025001526,0.29047223925590515,-0.08431066572666168,0.12159568071365356,0.3400672972202301,-0.07635241001844406,0.16604715585708618,0.3532783091068268,-0.04497310146689415,0.18239927291870117,0.2854650318622589,-0.0712735503911972,0.17178571224212646,0.3124661147594452,-0.0677504613995552,0.16153013706207275,0.34688058495521545,-0.0571543425321579
V,0.08272534608840942,0.578546941280365,7.898431704234099e-07,0.03777381777763367,0.5079614520072937,-0.03595174103975296,0.03216284513473511,0.41144859790802,-0.05430714786052704,0.08548450469970703,0.3401695489883423,-0.07310330867767334,0.13441163301467896,0.3058316111564636,-0.08976149559020996,0.02085500955581665,0.2852060794830322,-0.02583438903093338,0.007588297128677368,0.15444329380989075,-0.05208991840481758,0.002936422824859619,0.07411861419677734,-0.06907379627227783,0.0,0.01072123646736145,-0.07897351682186127,0.07545876502990723,0.28207606077194214,-0.028097206726670265,0.0885513424873352,0.14597409963607788,-0.05464700236916542,0.09692513942718506,0.06435573101043701,-0.07204360514879227,0.1050075888633728,0.0,-0.08005136251449585,0.12197154760360718,0.3101338744163513,-0.035359203815460205,0.13727307319641113,0.23347777128219604,-0.07497458159923553,0.12536519765853882,0.28501468896865845,-0.08439692109823227,0.11590200662612915,0.332641065120697,-0.07794727385044098,0.1610107421875,0.3558417558670044,-0.045460231602191925,0.17882698774337769,0.29049474000930786,-0.07262031733989716,0.16802072525024414,0.31299251317977905,-0.07124745100736618,0.1572471261024475,0.3446847200393677,-0.06245577707886696
V,0.08258748054504395,0.5818449556827545,7.700072615079989e-07,0.03903123736381531,0.5100001990795135,-0.03256610035896301,0.03468567132949829,0.41035202145576477,-0.04853956028819084,0.0884389877319336,0.3363731801509857,-0.06563666462898254,0.13745534420013428,0.3004283607006073,-0.08073740452528,0.020335525274276733,0.286994606256485,-0.02143017202615738,0.007686316967010498,0.1550484001636505,-0.0460066981613636,0.003231525421142578,0.07508128881454468,-0.06111669912934303,0.0,0.012076318264007568,-0.0693393275141716,0.07522779703140259,0.28452304005622864,-0.02515540085732937,0.08952981233596802,0.1466030776500702,-0.05048088729381561,0.0973241925239563,0.06438446044921875,-0.06697264313697815,0.10451090335845947,0.0,-0.07383514195680618,0.12195628881454468,0.31318238377571106,-0.0336759053170681,0.13838404417037964,0.24146094918251038,-0.07258971035480499,0.12549006938934326,0.2940022647380829,-0.08155986666679382,0.11577039957046509,0.3399764597415924,-0.07440090924501419,0.16050875186920166,0.3588734567165375,-0.04464753344655037,0.17841124534606934,0.2941969335079193,-0.06970948725938797,0.16470223665237427,0.3206925094127655,-0.06642185151576996,0.15281862020492554,0.3547717034816742,-0.05633820220828056
V,0.08364486694335938,0.5824742317199707,7.706047995270637e-07,0.039773255586624146,0.5106568336486816,-0.035805489867925644,0.03534683585166931,0.41324323415756226,-0.05345927178859711,0.08866256475448608,0.3380158543586731,-0.07172413170337677,0.13667511940002441,0.2990402579307556,-0.087714284658432,0.021044254302978516,0.2875916361808777,-0.022682735696434975,0.008710682392120361,0.15447551012039185,-0.048540469259023666,0.0039029717445373535,0.07395625114440918,-0.06496252864599228,0.0,0.01087188720703125,-0.07401076704263687,0.07616671919822693,0.28355908393859863,-0.02465013600885868,0.08910095691680908,0.1444145143032074,-0.050801146775484085,0.09689706563949585,0.06323766708374023,-0.06810079514980316,0.10323584079742432,0.0,-0.07543116807937622,0.12330043315887451,0.31054943799972534,-0.031782835721969604,0.1388283371925354,0.2353668212890625,-0.07135802507400513,0.1297876238822937,0.28605204820632935,-0.08117394149303436,0.12170487642288208,0.33251678943634033,-0.07459228485822678,0.16255301237106323,0.3547745943069458,-0.04165131598711014,0.17984801530838013,0.29064029455184937,-0.0676184892654419,0.16727381944656372,0.316891610622406,-0.06535457819700241,0.1550379991531372,0.35154640674591064,-0.055804912000894547
V,0.08537960052490234,0.5808380246162415,7.814996365596016e-07,0.04195454716682434,0.5102874040603638,-0.036292169243097305,0.03548932075500488,0.4137929677963257,-0.054413653910160065,0.08893328905105591,0.3404234051704407,-0.07272176444530487,0.1378709077835083,0.3026840090751648,-0.08877965807914734,0.020280659198760986,0.28566664457321167,-0.02478841133415699,0.007262885570526123,0.1531902253627777,-0.05012885481119156,0.0028645992279052734,0.07233279943466187,-0.0664704367518425,0.0,0.008786231279373169,-0.0758180022239685,0.07577410340309143,0.28353816270828247,-0.026375293731689453,0.08819049596786499,0.14551770687103271,-0.05176150053739548,0.09661298990249634,0.06410560011863708,-0.0692671611905098,0.10424423217773438,0.0,-0.07742203772068024,0.12312805652618408,0.3124740719795227,-0.0329267680644989,0.1380501389503479,0.23882228136062622,-0.07172678411006927,0.12779444456100464,0.2875702977180481,-0.08221477270126343,0.1190369725227356,0.33300620317459106,-0.07661689817905426,0.16227012872695923,0.35826408863067627,-0.042206041514873505,0.17912036180496216,0.2940419912338257,-0.06833745539188385,0.16825371980667114,0.3159356117248535,-0.06706143170595169,0.15770041942596436,0.34690970182418823,-0.058479633182287216
V,0.08444350957870483,0.5814414620399475,7.535461463703541e-07,0.03900808095932007,0.5125920176506042,-0.03309991955757141,0.03237989544868469,0.414445161819458,-0.05060854181647301,0.08376899361610413,0.34050071239471436,-0.06912996619939804,0.13166746497154236,0.3027290105819702,-0.08558328449726105,0.0202181339263916,0.28609251976013184,-0.024102305993437767,0.008323699235916138,0.1533399224281311,-0.04892837628722191,0.003580242395401001,0.07337331771850586,-0.06473815441131592,0.0,0.010365337133407593,-0.07384692132472992,0.0753413736820221,0.2824926972389221,-0.02756645902991295,0.0894368588924408,0.14447471499443054,-0.05294886231422424,0.09645494818687439,0.06305599212646484,-0.07021721452474594,0.10278293490409851,0.0,-0.07844635844230652,0.12273004651069641,0.3096585273742676,-0.03555234149098396,0.13804253935813904,0.23549330234527588,-0.07270242273807526,0.12466618418693542,0.2839493155479431,-0.08200644701719284,0.11415579915046692,0.3296731114387512,-0.07637456059455872,0.1625818908214569,0.3531349301338196,-0.04623165354132652,0.18130454421043396,0.28744208812713623,-0.07075125724077225,0.16822108626365662,0.30957114696502686,-0.06884250044822693,0.15614327788352966,0.34193944931030273,-0.06036023423075676
V,0.08720278739929199,0.5824722945690155,7.694135888414166e-07,0.042584627866744995,0.5126746594905853,-0.03234041482210159,0.035589784383773804,0.4153256118297577,-0.04946061596274376,0.08659863471984863,0.3439968526363373,-0.06758694350719452,0.13537877798080444,0.3178214132785797,-0.08379299938678741,0.022188156843185425,0.289369136095047,-0.02394794672727585,0.00889250636100769,0.1571832001209259,-0.048720818012952805,0.0036163032054901123,0.07715263962745667,-0.06444641202688217,0.0,0.013981610536575317,-0.07357436418533325,0.0766499936580658,0.28620079159736633,-0.027927778661251068,0.08843302726745605,0.1461157500743866,-0.05303895100951195,0.09589195251464844,0.06322547793388367,-0.07007690519094467,0.10370010137557983,0.0,-0.07817671447992325,0.12387961149215698,0.3137187659740448,-0.03634480759501457,0.14007776975631714,0.23751387000083923,-0.07343180477619171,0.12685024738311768,0.28174057602882385,-0.08395077288150787,0.11605161428451538,0.32609614729881287,-0.07907959073781967,0.16364115476608276,0.35726794600486755,-0.047348856925964355,0.18251806497573853,0.2940268814563751,-0.0720643699169159,0.17122602462768555,0.31204500794410706,-0.07115310430526733,0.16004961729049683,0.3419056236743927,-0.06340376287698746
V,0.0897926390171051,0.5829487442970276,7.710740987931786e-07,0.04613867402076721,0.5110607147216797,-0.03332548961043358,0.03945323824882507,0.4121113419532776,-0.049839381128549576,0.0890471339225769,0.33630144596099854,-0.06740012019872665,0.13530069589614868,0.2966582179069519,-0.08270399272441864,0.021658271551132202,0.28699827194213867,-0.02025720104575157,0.008662879467010498,0.15564730763435364,-0.04498642683029175,0.0037794113159179688,0.07540935277938843,-0.06060165911912918,0.0,0.012234002351760864,-0.06918545812368393,0.07587963342666626,0.2836121916770935,-0.02306077443063259,0.0876968502998352,0.14549320936203003,-0.0486721396446228,0.09471887350082397,0.06359174847602844,-0.06545278429985046,0.10091662406921387,0.0,-0.07245472073554993,0.1232600212097168,0.3107905387878418,-0.030788183212280273,0.13862121105194092,0.23679670691490173,-0.07007954269647598,0.12781298160552979,0.2885311245918274,-0.07949594408273697,0.11900365352630615,0.33635133504867554,-0.07246935367584229,0.16274404525756836,0.35454660654067993,-0.0410253070294857,0.1803065538406372,0.2913435697555542,-0.06738950312137604,0.16913676261901855,0.31553059816360474,-0.06553106755018234,0.15876680612564087,0.347786545753479,-0.056050121784210205
V,0.09235849976539612,0.5774487853050232,7.775249741825974e-07,0.04884806275367737,0.505896806716919,-0.03417733311653137,0.0415475070476532,0.4089069962501526,-0.05186239629983902,0.09057334065437317,0.333734393119812,-0.07060977071523666,0.138227641582489,0.290835976600647,-0.08743640780448914,0.023290425539016724,0.28638768196105957,-0.0231636930257082,0.009102731943130493,0.15485921502113342,-0.04896405711770058,0.003891497850418091,0.07456400990486145,-0.06524655967950821,0.0,0.01127558946609497,-0.07424169778823853,0.07764112949371338,0.28299301862716675,-0.02598910965025425,0.09025371074676514,0.14524972438812256,-0.05181742087006569,0.09732717275619507,0.06391775608062744,-0.06910869479179382,0.10335934162139893,0.0,-0.07706491649150848,0.12450402975082397,0.3098984956741333,-0.03369034454226494,0.1390451192855835,0.23318570852279663,-0.07295399159193039,0.1269092559814453,0.28423523902893066,-0.08295458555221558,0.11741864681243896,0.3313024640083313,-0.0769825279712677,0.16352736949920654,0.35337066650390625,-0.04390907660126686,0.17986255884170532,0.2878841757774353,-0.06985990703105927,0.16768574714660645,0.3124488592147827,-0.06802031397819519,0.1568506360054016,0.3457335829734802,-0.05914980545639992
V,0.09474310278892517,0.5749362111091614,7.952617124828976e-07,0.05055689811706543,0.503945529460907,-0.0355074480175972,0.041491150856018066,0.4059654474258423,-0.05348208546638489,0.0929269790649414,0.3312224745750427,-0.07212654501199722,0.14120003581047058,0.2916586399078369,-0.08871974050998688,0.02297636866569519,0.2868098020553589,-0.024268584325909615,0.008888036012649536,0.15586066246032715,-0.05099000036716461,0.003380298614501953,0.07648497819900513,-0.06768246740102768,0.0,0.014086127281188965,-0.07662566751241684,0.07679954171180725,0.2827986478805542,-0.026351263746619225,0.08732777833938599,0.14642435312271118,-0.05332542955875397,0.09475269913673401,0.06498610973358154,-0.07046670466661453,0.10279527306556702,0.0,-0.07756579667329788,0.1237393319606781,0.30820178985595703,-0.03350934013724327,0.13837358355522156,0.23801058530807495,-0.073828786611557,0.12721320986747742,0.29334408044815063,-0.08262600749731064,0.11898395419120789,0.34118616580963135,-0.07503797858953476,0.16348955035209656,0.3503580689430237,-0.0433826670050621,0.1785999834537506,0.2893267869949341,-0.06984558701515198,0.16692426800727844,0.3178909420967102,-0.06673571467399597,0.15696081519126892,0.35231804847717285,-0.0564168281853199
V,0.09132671356201172,0.5763070583343506,7.513917807955295e-07,0.0474914014339447,0.5096399784088135,-0.031213099136948586,0.04014420509338379,0.4144136905670166,-0.048356179147958755,0.08624249696731567,0.340284526348114,-0.06692931801080704,0.12943553924560547,0.29707711935043335,-0.08373808860778809,0.02381959557533264,0.2862582206726074,-0.022380102425813675,0.009038776159286499,0.15637996792793274,-0.047349609434604645,0.0034010708332061768,0.07654958963394165,-0.06411657482385635,0.0,0.014347225427627563,-0.07413464039564133,0.07682988047599792,0.2807236909866333,-0.027118874713778496,0.08827173709869385,0.14410686492919922,-0.05162964016199112,0.09547841548919678,0.06238877773284912,-0.06918374449014664,0.10291624069213867,0.0,-0.07858633249998093,0.12323939800262451,0.306702196598053,-0.03637384623289108,0.13866186141967773,0.2255031168460846,-0.07232842594385147,0.1264156699180603,0.26963621377944946,-0.08244777470827103,0.11752068996429443,0.3146955370903015,-0.07893098145723343,0.1626703143119812,0.35105186700820923,-0.048222221434116364,0.18026232719421387,0.28510141372680664,-0.07377063482999802,0.16710853576660156,0.3070583939552307,-0.07354619354009628,0.15545672178268433,0.34024810791015625,-0.06695191562175751
V,0.09074509143829346,0.5775962471961975,8.03559430551104e-07,0.046279311180114746,0.5069120526313782,-0.036859799176454544,0.039516299962997437,0.41110873222351074,-0.05532996729016304,0.08978205919265747,0.33408522605895996,-0.07413088530302048,0.135004460811615,0.2863813638687134,-0.09053771942853928,0.021051257848739624,0.2859175205230713,-0.02222907543182373,0.007724642753601074,0.15672695636749268,-0.04758265241980553,0.0030829012393951416,0.07768833637237549,-0.06446540355682373,0.0,0.016133159399032593,-0.07397828251123428,0.07476779818534851,0.28180181980133057,-0.023409627377986908,0.08616751432418823,0.14470595121383667,-0.04851798340678215,0.09415784478187561,0.06341102719306946,-0.06621046364307404,0.10141128301620483,0.0,-0.07441765815019608,0.12143129110336304,0.309004008769989,-0.029884744435548782,0.13730764389038086,0.23592647910118103,-0.06795588880777359,0.12636655569076538,0.28666019439697266,-0.0780758485198021,0.117129385471344,0.3323308825492859,-0.07270772010087967,0.1604810357093811,0.35395777225494385,-0.0391940139234066,0.17778074741363525,0.2900838851928711,-0.06467105448246002,0.16537493467330933,0.3173520565032959,-0.06274112313985825,0.15341073274612427,0.3512592315673828,-0.05394318327307701
V,0.09288516640663147,0.5789153575897217,7.511408739446779e-07,0.04946675896644592,0.5070865750312805,-0.03147173300385475,0.044292837381362915,0.40822774171829224,-0.047480806708335876,0.09289407730102539,0.331214964389801,-0.06475823372602463,0.13688001036643982,0.2889217734336853,-0.08013567328453064,0.02520313858985901,0.28633415699005127,-0.019924500957131386,0.010836094617843628,0.1558743715286255,-0.04438517987728119,0.004409730434417725,0.07643330097198486,-0.0606226846575737,0.0,0.01482480764389038,-0.07007081061601639,0.07870939373970032,0.2824562191963196,-0.023872707039117813,0.0903196632862091,0.14547684788703918,-0.04940133914351463,0.09692573547363281,0.06310892105102539,-0.06846310943365097,0.10315069556236267,0.0,-0.07817352563142776,0.12541261315345764,0.30857211351394653,-0.03234812244772911,0.14335253834724426,0.23285344243049622,-0.06945336610078812,0.13178196549415588,0.2757211923599243,-0.08101561665534973,0.1216343343257904,0.3191235065460205,-0.07753436267375946,0.16433218121528625,0.35112065076828003,-0.04325263574719429,0.18200495839118958,0.2868356704711914,-0.06826969236135483,0.17003056406974792,0.3086734414100647,-0.06763798743486404,0.1586633026599884,0.34172189235687256,-0.06032894551753998
V,0.09374788403511047,0.5792442262172699,7.767029615024512e-07,0.049194782972335815,0.5103367865085602,-0.03515271469950676,0.040713727474212646,0.4133359491825104,-0.053089480847120285,0.09145373106002808,0.3376610577106476,-0.0715501680970192,0.13825514912605286,0.29675933718681335,-0.08798058331012726,0.02275189757347107,0.29040607810020447,-0.025433262810111046,0.008257359266281128,0.1579360067844391,-0.05236772075295448,0.003271430730819702,0.0779045820236206,-0.06957770138978958,0.0,0.014729231595993042,-0.07917088270187378,0.07765558362007141,0.28622737526893616,-0.028144946321845055,0.08915826678276062,0.1467193067073822,-0.055180344730615616,0.09604629874229431,0.06502872705459595,-0.07311331480741501,0.10223457217216492,0.0,-0.08130153268575668,0.12518206238746643,0.31213632225990295,-0.03570494428277016,0.14044877886772156,0.23588967323303223,-0.0751689001917839,0.13039430975914001,0.2864914834499359,-0.08440756052732468,0.12219151854515076,0.3325493037700653,-0.07803734391927719,0.16521015763282776,0.3554348647594452,-0.04596653953194618,0.1806785762310028,0.2901593744754791,-0.07161711901426315,0.16926440596580505,0.31668296456336975,-0.06848007440567017,0.15918698906898499,0.3512272536754608,-0.05871742218732834
V,0.0935472846031189,0.578108161687851,7.79886363488913e-07,0.049997568130493164,0.5079849064350128,-0.03223642334342003,0.04247546195983887,0.4112948477268219,-0.04920082539319992,0.09115391969680786,0.3354547321796417,-0.06758307665586472,0.13638368248939514,0.2912100851535797,-0.08409865200519562,0.024590730667114258,0.29067185521125793,-0.022849783301353455,0.009962081909179688,0.1580052673816681,-0.049564428627491,0.004186838865280151,0.07734259963035583,-0.06585747748613358,0.0,0.014661967754364014,-0.07427982240915298,0.07808941602706909,0.286625474691391,-0.02722002938389778,0.09006905555725098,0.14702272415161133,-0.05420518293976784,0.0960746705532074,0.06429252028465271,-0.07129306346178055,0.10118594765663147,0.0,-0.07843863219022751,0.12460514903068542,0.312687486410141,-0.036416590213775635,0.14110490679740906,0.24172082543373108,-0.07618360966444016,0.1287824809551239,0.2947674095630646,-0.08510762453079224,0.11902764439582825,0.3405962884426117,-0.07812453806400299,0.1632167398929596,0.35576513409614563,-0.048005882650613785,0.17907759547233582,0.29248687624931335,-0.07334011793136597,0.16449537873268127,0.3232824504375458,-0.06956326961517334,0.15194645524024963,0.359745055437088,-0.059318907558918
V,0.09502711892127991,0.5769178569316864,7.56474264562712e-07,0.05162227153778076,0.5067849457263947,-0.031469523906707764,0.04490309953689575,0.41218528151512146,-0.04859929904341698,0.09284856915473938,0.3400845229625702,-0.06736119836568832,0.13775348663330078,0.3026704490184784,-0.08428608626127243,0.026840239763259888,0.2873166501522064,-0.02100791223347187,0.010895341634750366,0.158773273229599,-0.046754758805036545,0.004325836896896362,0.07986262440681458,-0.06407111883163452,0.0,0.017488867044448853,-0.07427845150232315,0.08029645681381226,0.28159376978874207,-0.025790372863411903,0.09164723753929138,0.1461845338344574,-0.05175406485795975,0.09858229756355286,0.06429323554039001,-0.07009143382310867,0.10532516241073608,0.0,-0.07927768677473068,0.12672638893127441,0.3068777024745941,-0.03523734584450722,0.14286470413208008,0.2289329469203949,-0.07300710678100586,0.13111615180969238,0.27612051367759705,-0.08315672725439072,0.12164855003356934,0.32206103205680847,-0.07843704521656036,0.1660129427909851,0.3507433235645294,-0.04724256321787834,0.1831831932067871,0.28680506348609924,-0.07264604419469833,0.17020845413208008,0.3104826509952545,-0.07116945087909698,0.15843123197555542,0.3443141281604767,-0.06312017142772675
V,0.09579485654830933,0.5765964984893799,7.553019258921267e-07,0.05243539810180664,0.506064772605896,-0.03179291635751724,0.045475006103515625,0.41118180751800537,-0.04885517805814743,0.09401354193687439,0.3386005163192749,-0.06746748089790344,0.139512836933136,0.30107516050338745,-0.08422964811325073,0.027244597673416138,0.2869448661804199,-0.020615797489881516,0.011401116847991943,0.15829920768737793,-0.046320874243974686,0.004662305116653442,0.07926362752914429,-0.06348331272602081,0.0,0.016728997230529785,-0.07346026599407196,0.08083125948905945,0.28146225214004517,-0.025088194757699966,0.0919775664806366,0.1458195149898529,-0.05101907625794411,0.09869709610939026,0.06408423185348511,-0.06920348107814789,0.10512906312942505,0.0,-0.07806848734617233,0.1273457407951355,0.30692631006240845,-0.03430207446217537,0.14352375268936157,0.22974538803100586,-0.0724947601556778,0.13192927837371826,0.27682608366012573,-0.08285317569971085,0.12243938446044922,0.32248568534851074,-0.07793556898832321,0.1665281057357788,0.3507753610610962,-0.04603007063269615,0.18380415439605713,0.2869771718978882,-0.07156788557767868,0.17089641094207764,0.31089091300964355,-0.06998918205499649,0.1589987874031067,0.3447328805923462,-0.0616784542798996
V,0.09579995274543762,0.5786998271942139,7.697137789364206e-07,0.051691800355911255,0.5083783268928528,-0.035101424902677536,0.046187251806259155,0.4102306365966797,-0.052579768002033234,0.09644711017608643,0.33278924226760864,-0.07058720290660858,0.14246776700019836,0.2855408787727356,-0.08618645370006561,0.02566090226173401,0.28855687379837036,-0.020662089809775352,0.010444730520248413,0.15916121006011963,-0.045404769480228424,0.004126608371734619,0.07960215210914612,-0.06230168789625168,0.0,0.01734977960586548,-0.07239057868719101,0.07927164435386658,0.28256118297576904,-0.022485345602035522,0.08907344937324524,0.14622598886489868,-0.04710492491722107,0.09638985991477966,0.06411439180374146,-0.06556806713342667,0.1037154495716095,0.0,-0.07505843043327332,0.1259463131427765,0.3082405924797058,-0.029399126768112183,0.1404000222682953,0.22891318798065186,-0.06711983680725098,0.13096025586128235,0.27404868602752686,-0.07897179573774338,0.1233920156955719,0.31914037466049194,-0.07545608282089233,0.16512945294380188,0.3520296812057495,-0.038996919989585876,0.18172970414161682,0.28674817085266113,-0.06575957685709,0.17154160141944885,0.3060569763183594,-0.06655081361532211,0.161900132894516,0.33592379093170166,-0.05991421639919281
V,0.09574860334396362,0.5800485610961914,7.770353818159492e-07,0.05289334058761597,0.5089125633239746,-0.03396451473236084,0.04695764183998108,0.41143798828125,-0.051731180399656296,0.09654533863067627,0.3340402841567993,-0.0704510509967804,0.1421823501586914,0.2880486845970154,-0.08699291199445724,0.025328516960144043,0.2929632067680359,-0.02326057478785515,0.010019958019256592,0.16284072399139404,-0.049757618457078934,0.003966599702835083,0.08296322822570801,-0.06698095053434372,0.0,0.020187973976135254,-0.0767589807510376,0.07899528741836548,0.2864249348640442,-0.026139508932828903,0.08972793817520142,0.1483636498451233,-0.05237186700105667,0.09755349159240723,0.0651213526725769,-0.07048536092042923,0.10514611005783081,0.0,-0.07926355302333832,0.12575459480285645,0.3109767436981201,-0.03390693664550781,0.1413116455078125,0.23385360836982727,-0.07232747226953506,0.13175272941589355,0.2827402353286743,-0.08244185149669647,0.12385553121566772,0.3293629288673401,-0.07724355161190033,0.16511720418930054,0.35378360748291016,-0.04432907700538635,0.182309091091156,0.2895084619522095,-0.06997879594564438,0.1707887053489685,0.3132862448692322,-0.0686677023768425,0.15979498624801636,0.346859335899353,-0.060451578348875046
V,0.09619969129562378,0.5779965817928314,7.989150958565006e-07,0.05279076099395752,0.5089327991008759,-0.03397310525178909,0.04600641131401062,0.40827080607414246,-0.05142756924033165,0.0977623462677002,0.33020564913749695,-0.06963877379894257,0.14593368768692017,0.28194621205329895,-0.0855235829949379,0.025716066360473633,0.29191288352012634,-0.024515807628631592,0.011152118444442749,0.15786531567573547,-0.050498440861701965,0.005236685276031494,0.0780840516090393,-0.06589320302009583,0.0,0.01574525237083435,-0.07369779795408249,0.07846304774284363,0.2867152988910675,-0.02691781520843506,0.08985066413879395,0.14662501215934753,-0.05294695869088173,0.09608477354049683,0.06375983357429504,-0.06823281943798065,0.10245364904403687,0.0,-0.07387451827526093,0.12496399879455566,0.3118288815021515,-0.034164804965257645,0.1387646198272705,0.23991653323173523,-0.07264279574155807,0.12492579221725464,0.29702994227409363,-0.07889601588249207,0.11576205492019653,0.3448345363140106,-0.07001062482595444,0.16409939527511597,0.35348203778266907,-0.04410252347588539,0.1772797703742981,0.2947443425655365,-0.0690658912062645,0.1638367772102356,0.32363924384117126,-0.06454886496067047,0.15446466207504272,0.3552323281764984,-0.053401846438646317
V,0.0949023962020874,0.5789597928524017,8.036381018428074e-07,0.05251997709274292,0.5085377991199493,-0.032738856971263885,0.044964611530303955,0.4100736081600189,-0.0502956248819828,0.09557634592056274,0.33354678750038147,-0.069111667573452,0.14321249723434448,0.2900358736515045,-0.08590342104434967,0.025457829236984253,0.2912081778049469,-0.023332376033067703,0.010580718517303467,0.1583416759967804,-0.04993399232625961,0.004736125469207764,0.07888832688331604,-0.06630972772836685,0.0,0.017467230558395386,-0.0750546082854271,0.07907679677009583,0.2863006889820099,-0.026958134025335312,0.09082609415054321,0.14646700024604797,-0.053762294352054596,0.09751957654953003,0.06400707364082336,-0.07046909630298615,0.10424238443374634,0.0,-0.07733016461133957,0.12610280513763428,0.3121059238910675,-0.03531511873006821,0.14154666662216187,0.23834046721458435,-0.07392332702875137,0.128795325756073,0.29306790232658386,-0.08098669350147247,0.11994516849517822,0.3405265510082245,-0.07297845929861069,0.16527843475341797,0.35529282689094543,-0.04629683122038841,0.17919594049453735,0.2967257797718048,-0.07143138349056244,0.16492247581481934,0.32461920380592346,-0.06736092269420624,0.15401971340179443,0.3568834960460663,-0.05671266093850136
V,0.09562039375305176,0.5791821479797363,7.97654649886681e-07,0.051528483629226685,0.5076896548271179,-0.03447459638118744,0.046490371227264404,0.4087553024291992,-0.05125601962208748,0.09706509113311768,0.330342173576355,-0.06842061132192612,0.1420356035232544,0.28352075815200806,-0.08303333818912506,0.02746659517288208,0.2894359230995178,-0.02191397175192833,0.012309253215789795,0.15615031123161316,-0.04631958529353142,0.00526002049446106,0.07741200923919678,-0.06165760010480881,0.0,0.015632301568984985,-0.06987199187278748,0.08132636547088623,0.2836611866950989,-0.023505158722400665,0.09341788291931152,0.1446528434753418,-0.048000987619161606,0.10086458921432495,0.06242009997367859,-0.06472328305244446,0.10849982500076294,0.0,-0.07193271070718765,0.12820684909820557,0.3085896968841553,-0.02999163046479225,0.14483517408370972,0.23857280611991882,-0.06632313877344131,0.1330159306526184,0.2899633049964905,-0.07485386729240417,0.12425678968429565,0.33608657121658325,-0.06836873292922974,0.1673372983932495,0.34972065687179565,-0.039245907217264175,0.18261724710464478,0.29144221544265747,-0.06309021264314651,0.170745849609375,0.317727267742157,-0.06002331152558327,0.16185086965560913,0.3497680425643921,-0.05028582736849785
V,0.09580212831497192,0.5789454579353333,7.906348287178844e-07,0.052392393350601196,0.5066769123077393,-0.03356942534446716,0.04689142107963562,0.4073726534843445,-0.05033246427774429,0.09616100788116455,0.3289598226547241,-0.06803998351097107,0.14126670360565186,0.2849423289299011,-0.08342202752828598,0.02837812900543213,0.2899562120437622,-0.021176576614379883,0.012576788663864136,0.1576661467552185,-0.046458616852760315,0.005409955978393555,0.07886379957199097,-0.061819907277822495,0.0,0.017244786024093628,-0.06989136338233948,0.08250272274017334,0.2848778963088989,-0.023699574172496796,0.09524792432785034,0.14572107791900635,-0.049746833741664886,0.10287314653396606,0.06349918246269226,-0.06669443100690842,0.1101183295249939,0.0,-0.07360628247261047,0.12950634956359863,0.31038016080856323,-0.031113911420106888,0.14440298080444336,0.23749089241027832,-0.0696728304028511,0.13470596075057983,0.2910880446434021,-0.07768097519874573,0.12830013036727905,0.3387297987937927,-0.06998882442712784,0.16889351606369019,0.3520057201385498,-0.04113052412867546,0.18284004926681519,0.29363173246383667,-0.066132090985775,0.17090898752212524,0.32165396213531494,-0.06258678436279297,0.16281527280807495,0.3551819324493408,-0.05209566652774811
V,0.09568768739700317,0.5817421078681946,8.008201461962017e-07,0.052543967962265015,0.5097383260726929,-0.03467583656311035,0.047454833984375,0.41002124547958374,-0.05148732662200928,0.09917175769805908,0.33204227685928345,-0.06902645528316498,0.14539402723312378,0.28278106451034546,-0.08416880667209625,0.028062283992767334,0.28907787799835205,-0.020969020202755928,0.012443393468856812,0.1571740210056305,-0.04568467661738396,0.005392253398895264,0.07790917158126831,-0.060875918716192245,0.0,0.01562422513961792,-0.06887073814868927,0.08157208561897278,0.2848774194717407,-0.023279737681150436,0.0954751968383789,0.1461285650730133,-0.04810348525643349,0.1042395830154419,0.06348517537117004,-0.06451991945505142,0.1126207709312439,0.0,-0.07130569964647293,0.12819159030914307,0.3120947480201721,-0.030765727162361145,0.14571434259414673,0.24539917707443237,-0.06806698441505432,0.13198095560073853,0.29905813932418823,-0.07661893963813782,0.12220776081085205,0.34404051303863525,-0.07001270353794098,0.16635555028915405,0.3562471270561218,-0.04101625457406044,0.18206167221069336,0.2988784909248352,-0.06497486680746078,0.16666150093078613,0.3301805853843689,-0.06123992055654526,0.1545701026916504,0.36433619260787964,-0.05124808847904205
V,0.09709733724594116,0.5825863480567932,8.082311637735984e-07,0.05319929122924805,0.5107414126396179,-0.03555217757821083,0.04793119430541992,0.41008275747299194,-0.05240217596292496,0.10014039278030396,0.3327598571777344,-0.06997273117303848,0.14630872011184692,0.28529614210128784,-0.08521488308906555,0.02859562635421753,0.2894194722175598,-0.021111512556672096,0.012968450784683228,0.1576566994190216,-0.0460781566798687,0.005659580230712891,0.07807999849319458,-0.06101109832525253,0.0,0.015549659729003906,-0.06857512891292572,0.08249485492706299,0.28607332706451416,-0.023126758635044098,0.0961916446685791,0.14693671464920044,-0.048657793551683426,0.10452932119369507,0.06448152661323547,-0.06464394927024841,0.11214613914489746,0.0,-0.07066597044467926,0.12908214330673218,0.3131272792816162,-0.03054051660001278,0.1458945870399475,0.24495762586593628,-0.06979959458112717,0.1337377429008484,0.3023924231529236,-0.0778307393193245,0.12509554624557495,0.34955573081970215,-0.069803386926651,0.16705185174942017,0.35679250955581665,-0.040694113820791245,0.18264663219451904,0.2959851026535034,-0.06553862243890762,0.16818147897720337,0.32995522022247314,-0.06098401919007301,0.15671038627624512,0.3669634461402893,-0.049920011311769485
V,0.09606704115867615,0.5789680182933807,8.088622394097911e-07,0.052127569913864136,0.5076005160808563,-0.03443308174610138,0.045749664306640625,0.40850505232810974,-0.05185719579458237,0.0956290066242218,0.3302735984325409,-0.06979159265756607,0.14269408583641052,0.28421059250831604,-0.08514826744794846,0.027340084314346313,0.2856194078922272,-0.02174651250243187,0.012634903192520142,0.15518531203269958,-0.04647140949964523,0.00539785623550415,0.07641124725341797,-0.061866894364356995,0.0,0.014956772327423096,-0.07002086937427521,0.08128386735916138,0.2820375859737396,-0.02371169626712799,0.09389433264732361,0.14416733384132385,-0.04819202423095703,0.10325559973716736,0.06226298213005066,-0.06409985572099686,0.11275377869606018,0.0,-0.070692278444767,0.12819454073905945,0.3089543282985687,-0.030738193541765213,0.14749279618263245,0.2431735098361969,-0.06744984537363052,0.13276657462120056,0.2949986755847931,-0.07559935003519058,0.12086382508277893,0.34045347571372986,-0.06882447749376297,0.16645118594169617,0.35229697823524475,-0.040548816323280334,0.18410906195640564,0.29739269614219666,-0.06451299041509628,0.17147865891456604,0.3238276541233063,-0.06122313067317009,0.16032996773719788,0.35418686270713806,-0.05143685266375542
V,0.09707483649253845,0.5764837861061096,7.867354270274518e-07,0.05283153057098389,0.5064260959625244,-0.030753282830119133,0.04424118995666504,0.4088664650917053,-0.04839441180229187,0.09086069464683533,0.33363038301467896,-0.0673273429274559,0.13701686263084412,0.2945132851600647,-0.08424623310565948,0.02886834740638733,0.2856505513191223,-0.023812517523765564,0.013058662414550781,0.15708422660827637,-0.049279335886240005,0.005275756120681763,0.07871359586715698,-0.0653805285692215,0.0,0.017006516456604004,-0.07467393577098846,0.08290860056877136,0.2814978361129761,-0.028466206043958664,0.09629395604133606,0.14365607500076294,-0.053763505071401596,0.10593387484550476,0.06213951110839844,-0.070676289498806,0.11583635210990906,0.0,-0.07883758842945099,0.12951692938804626,0.3078373074531555,-0.03736206889152527,0.14878013730049133,0.23618504405021667,-0.07272998988628387,0.13419225811958313,0.28385376930236816,-0.08020669221878052,0.12177136540412903,0.329087495803833,-0.0743299350142479,0.1679273545742035,0.35167813301086426,-0.048901915550231934,0.18651071190834045,0.294596791267395,-0.07219753414392471,0.1749471127986908,0.3169982433319092,-0.06904850155115128,0.1639173924922943,0.346929669380188,-0.06012420728802681
V,0.09511226415634155,0.580778032541275,8.007887117855716e-07,0.05183932185173035,0.5090113580226898,-0.030662646517157555,0.04576152563095093,0.4107814133167267,-0.04741518199443817,0.09718865156173706,0.3372398316860199,-0.06529580056667328,0.14398181438446045,0.29800501465797424,-0.08120302110910416,0.029331862926483154,0.28720828890800476,-0.022085295990109444,0.014047712087631226,0.15645626187324524,-0.04582187905907631,0.006420135498046875,0.07861575484275818,-0.061267536133527756,0.0,0.017850041389465332,-0.07013767957687378,0.08393421769142151,0.284195214509964,-0.02590813860297203,0.09990578889846802,0.1456323266029358,-0.04932297766208649,0.10989570617675781,0.062281519174575806,-0.06635179370641708,0.11926382780075073,0.0,-0.07471073418855667,0.13041144609451294,0.31252750754356384,-0.03396875783801079,0.1478288769721985,0.24014002084732056,-0.06844555586576462,0.1357593536376953,0.2820790708065033,-0.07846811413764954,0.12620693445205688,0.3250451982021332,-0.07420075684785843,0.16859960556030273,0.357517808675766,-0.044419173151254654,0.18493467569351196,0.2974841892719269,-0.0677918866276741,0.17252200841903687,0.31382277607917786,-0.0662335455417633,0.1608976125717163,0.3407025635242462,-0.05827457085251808
V,0.09576311707496643,0.5815989077091217,8.006559824025317e-07,0.05271825194358826,0.5093702971935272,-0.03134610131382942,0.04682952165603638,0.4108313024044037,-0.047788966447114944,0.0985969603061676,0.33641472458839417,-0.06539787352085114,0.14562365412712097,0.2960950434207916,-0.08083269745111465,0.029629886150360107,0.2874263823032379,-0.020532168447971344,0.013418734073638916,0.15659239888191223,-0.044060684740543365,0.005917549133300781,0.07855954766273499,-0.05890785530209541,0.0,0.01783236861228943,-0.06711430847644806,0.08450013399124146,0.2842042148113251,-0.02381589263677597,0.10059681534767151,0.14523813128471375,-0.04733781889081001,0.11091157793998718,0.06194046139717102,-0.06386912614107132,0.12031993269920349,0.0,-0.07137659937143326,0.13108524680137634,0.3124978244304657,-0.031616803258657455,0.14797452092170715,0.2398884892463684,-0.06713045388460159,0.13591232895851135,0.28500375151634216,-0.07683029025793076,0.12657460570335388,0.3294929563999176,-0.07159192860126495,0.16930195689201355,0.3572901785373688,-0.041799839586019516,0.18479368090629578,0.2979044020175934,-0.06567196547985077,0.17186239361763,0.3178108036518097,-0.06373660266399384,0.16050925850868225,0.34690484404563904,-0.0550527460873127
V,0.09539306163787842,0.5827016830444336,8.078766313701635e-07,0.052187055349349976,0.5116722583770752,-0.032256223261356354,0.04576683044433594,0.4140324592590332,-0.04948718100786209,0.09631353616714478,0.3392842411994934,-0.06799007207155228,0.14428973197937012,0.2989993691444397,-0.08435703814029694,0.028957873582839966,0.2905656099319458,-0.022741006687283516,0.012686550617218018,0.1602534055709839,-0.04754358157515526,0.005415737628936768,0.08142507076263428,-0.06273284554481506,0.0,0.019214749336242676,-0.07091349363327026,0.08257126808166504,0.28635936975479126,-0.026374561712145805,0.09945106506347656,0.1471453309059143,-0.05105194076895714,0.1108751893043518,0.06339055299758911,-0.066848523914814,0.1210557222366333,0.0,-0.07354144006967545,0.12811189889907837,0.3132501244544983,-0.0346703827381134,0.14662837982177734,0.24405711889266968,-0.07107330113649368,0.1312883496284485,0.296423077583313,-0.07871484011411667,0.11869841814041138,0.34249061346054077,-0.07181814312934875,0.16584908962249756,0.35762202739715576,-0.045600030571222305,0.184492290019989,0.29768121242523193,-0.0687238797545433,0.17060595750808716,0.3267229199409485,-0.06452949345111847,0.15758657455444336,0.3615570664405823,-0.05445112660527229
V,0.09708788990974426,0.580921083688736,8.246350944318692e-07,0.05259260535240173,0.5112140476703644,-0.03369532898068428,0.0451989471912384,0.41481444239616394,-0.051692668348550797,0.09558364748954773,0.3405158221721649,-0.07056426256895065,0.1427260935306549,0.2997156083583832,-0.08721411228179932,0.03000110387802124,0.290334016084671,-0.02503032609820366,0.013082116842269897,0.16002815961837769,-0.050178151577711105,0.005499601364135742,0.08137920498847961,-0.06541909277439117,0.0,0.019138485193252563,-0.07352247089147568,0.084197998046875,0.28615131974220276,-0.02805054374039173,0.10087773203849792,0.14718922972679138,-0.05308479443192482,0.11209174990653992,0.0634353756904602,-0.06901879608631134,0.12203040719032288,0.0,-0.07575282454490662,0.12993374466896057,0.3130139410495758,-0.03580797091126442,0.14654728770256042,0.24561843276023865,-0.07290595024824142,0.13250544667243958,0.29835107922554016,-0.08101474493741989,0.12114867568016052,0.34486493468284607,-0.07418598979711533,0.16795656085014343,0.3570804297924042,-0.046242084354162216,0.18559607863426208,0.29571887850761414,-0.06977403908967972,0.1723194420337677,0.3254975378513336,-0.06564121693372726,0.15978625416755676,0.362156480550766,-0.0555080771446228
V,0.0955493152141571,0.5795710980892181,8.246606739703566e-07,0.050525814294815063,0.5080924332141876,-0.030759714543819427,0.04388347268104553,0.4116194546222687,-0.04814651980996132,0.09276703000068665,0.3415968120098114,-0.06665358692407608,0.13870367407798767,0.3064294755458832,-0.08297057449817657,0.03013741970062256,0.2876209318637848,-0.024351924657821655,0.013583540916442871,0.1594676971435547,-0.0486726239323616,0.005584716796875,0.08203092217445374,-0.06394364684820175,0.0,0.021063297986984253,-0.07253450155258179,0.0844775140285492,0.28434690833091736,-0.028594130650162697,0.10270968079566956,0.14563018083572388,-0.052552033215761185,0.11381211876869202,0.06248489022254944,-0.06882445514202118,0.12515518069267273,0.0,-0.07652514427900314,0.13075879216194153,0.31210872530937195,-0.0370299369096756,0.14654287695884705,0.23947763442993164,-0.0710907131433487,0.13108983635902405,0.2843903601169586,-0.07945139706134796,0.11984094977378845,0.32797273993492126,-0.07417174428701401,0.16958054900169373,0.35662850737571716,-0.04811752587556839,0.18850240111351013,0.2958584725856781,-0.06993171572685242,0.17616459727287292,0.3146171271800995,-0.06700827926397324,0.1649775207042694,0.3430474102497101,-0.058411046862602234
V,0.09532591700553894,0.5790606439113617,8.129873663165199e-07,0.0505540668964386,0.5085479319095612,-0.03166045621037483,0.04418855905532837,0.4117869436740875,-0.049251578748226166,0.09355530142784119,0.3414066731929779,-0.06778188049793243,0.13917812705039978,0.3058946430683136,-0.08401748538017273,0.029991894960403442,0.28749820590019226,-0.02509179525077343,0.013226240873336792,0.15931203961372375,-0.04998205602169037,0.00535699725151062,0.08220115303993225,-0.0657515674829483,0.0,0.021245867013931274,-0.07468688488006592,0.0844632089138031,0.28389772772789,-0.028902193531394005,0.10159638524055481,0.145462304353714,-0.053313836455345154,0.11307653784751892,0.06261754035949707,-0.06994203478097916,0.12459918856620789,0.0,-0.07786469906568527,0.13058623671531677,0.31127509474754333,-0.036995645612478256,0.1467176377773285,0.24024644494056702,-0.07140018045902252,0.13263282179832458,0.2863614857196808,-0.07954594492912292,0.12184163928031921,0.33063408732414246,-0.07404560595750809,0.1689581573009491,0.35579201579093933,-0.047854840755462646,0.1874655783176422,0.2962779700756073,-0.06992197781801224,0.17571762204170227,0.3166181743144989,-0.06675983220338821,0.16460904479026794,0.3462739884853363,-0.057911667972803116
V,0.09585458040237427,0.5749928057193756,8.194048746190674e-07,0.0531499981880188,0.5076888501644135,-0.03438877314329147,0.04768931865692139,0.4132356345653534,-0.05235672742128372,0.09635132551193237,0.34023723006248474,-0.07068918645381927,0.1418246626853943,0.29708752036094666,-0.0866566076874733,0.030872702598571777,0.28335264325141907,-0.025603337213397026,0.014561682939529419,0.15551742911338806,-0.049002811312675476,0.006594866514205933,0.07852813601493835,-0.06367088854312897,0.0,0.01745954155921936,-0.07184050977230072,0.08474305272102356,0.2806609570980072,-0.027531621977686882,0.10282766819000244,0.14452961087226868,-0.05072447285056114,0.11509960889816284,0.06248438358306885,-0.0663365051150322,0.1254684329032898,0.0,-0.0734190121293068,0.1300445795059204,0.309383362531662,-0.034021858125925064,0.1464182734489441,0.24534067511558533,-0.06877653300762177,0.13318020105361938,0.2962507903575897,-0.07689009606838226,0.12283623218536377,0.34172943234443665,-0.07090579718351364,0.16704285144805908,0.3545248806476593,-0.043289050459861755,0.18522685766220093,0.2955263555049896,-0.06623989343643188,0.1732853651046753,0.324203222990036,-0.06290120631456375,0.16305094957351685,0.35943809151649475,-0.0535673089325428
V,0.09739702939987183,0.5743522346019745,8.284863497465267e-07,0.054308533668518066,0.5077943503856659,-0.03473235294222832,0.04856100678443909,0.4137473404407501,-0.05286731943488121,0.09801626205444336,0.3409864604473114,-0.07124784588813782,0.14408308267593384,0.29859134554862976,-0.08721994608640671,0.03148069977760315,0.28477582335472107,-0.0265903752297163,0.015199840068817139,0.15616187453269958,-0.0501507930457592,0.007083594799041748,0.07918432354927063,-0.06485536694526672,0.0,0.017748475074768066,-0.07305987179279327,0.08529850840568542,0.28121665120124817,-0.0283714197576046,0.1035085916519165,0.14473554491996765,-0.05139561742544174,0.11540591716766357,0.06251958012580872,-0.0665273442864418,0.12530511617660522,0.0,-0.07324420660734177,0.13056057691574097,0.3095869719982147,-0.034733571112155914,0.14636415243148804,0.24574455618858337,-0.06939715892076492,0.13315528631210327,0.2967076599597931,-0.0772140845656395,0.12313807010650635,0.34197553992271423,-0.07097179442644119,0.16756516695022583,0.3547135889530182,-0.04393375292420387,0.18555593490600586,0.2962509095668793,-0.06702924519777298,0.1731024980545044,0.3247431814670563,-0.06367447227239609,0.1624775528907776,0.3600657284259796,-0.054245833307504654
V,0.09734588861465454,0.5694203972816467,8.318591540046327e-07,0.054710179567337036,0.4987110495567322,-0.035718075931072235,0.05005902051925659,0.4016372561454773,-0.052576422691345215,0.10121440887451172,0.32810086011886597,-0.06935681402683258,0.14629203081130981,0.28502678871154785,-0.08340851962566376,0.03111588954925537,0.28216761350631714,-0.02322189137339592,0.015240103006362915,0.15367507934570312,-0.04612006992101669,0.00686568021774292,0.0777459442615509,-0.06000341475009918,0.0,0.017464399337768555,-0.06721018999814987,0.08554261922836304,0.2794610857963562,-0.023852920159697533,0.10405981540679932,0.14259740710258484,-0.04632111266255379,0.11566466093063354,0.061558037996292114,-0.06132018193602562,0.12595641613006592,0.0,-0.06747163087129593,0.13097602128982544,0.3071739077568054,-0.029632622376084328,0.14617443084716797,0.24381780624389648,-0.06535336375236511,0.1327744722366333,0.29419541358947754,-0.07498586177825928,0.1228017807006836,0.3377225995063782,-0.06919483840465546,0.16846877336502075,0.35007375478744507,-0.03816579282283783,0.18575674295425415,0.29003816843032837,-0.060993093997240067,0.1727508306503296,0.3156130313873291,-0.058294396847486496,0.16147267818450928,0.34685760736465454,-0.04927588254213333
V,0.0976739227771759,0.5687836706638336,8.388871606257453e-07,0.0554850697517395,0.49993571639060974,-0.03671904280781746,0.05042567849159241,0.4036071002483368,-0.0539761483669281,0.10092630982398987,0.3293669521808624,-0.07087960094213486,0.1457049548625946,0.2862621247768402,-0.08507071435451508,0.03194800019264221,0.28248098492622375,-0.024694619700312614,0.01585233211517334,0.1542377769947052,-0.04794984310865402,0.007200479507446289,0.0783456563949585,-0.06192939355969429,0.0,0.017877131700515747,-0.06917285174131393,0.08620229363441467,0.27923783659935,-0.02492697350680828,0.10454574227333069,0.14209678769111633,-0.04783908650279045,0.11624512076377869,0.06144872307777405,-0.06267417967319489,0.1264914572238922,0.0,-0.06842947751283646,0.13158532977104187,0.3067435324192047,-0.030304713174700737,0.14720222353935242,0.245254248380661,-0.06653701514005661,0.13369765877723694,0.29754212498664856,-0.07562771439552307,0.12337705492973328,0.3412698209285736,-0.06920450925827026,0.16888442635536194,0.3498208224773407,-0.03850635513663292,0.18662163615226746,0.29093191027641296,-0.06183384358882904,0.17411652207374573,0.31889083981513977,-0.05870252475142479,0.16314050555229187,0.3507409989833832,-0.049136292189359665
V,0.09490472078323364,0.5711179375648499,8.384661214222433e-07,0.052207767963409424,0.500596821308136,-0.03365246206521988,0.04881030321121216,0.4013832211494446,-0.04916729778051376,0.09848761558532715,0.3278862237930298,-0.06509692221879959,0.14311575889587402,0.286787211894989,-0.07837450504302979,0.030965417623519897,0.2786014676094055,-0.02139960043132305,0.014994233846664429,0.15021899342536926,-0.043305668979883194,0.007020801305770874,0.07356297969818115,-0.05582078918814659,0.0,0.013301372528076172,-0.061920639127492905,0.0851534903049469,0.2761431336402893,-0.023254329338669777,0.10650980472564697,0.13951534032821655,-0.045178648084402084,0.11906075477600098,0.05906045436859131,-0.05812302976846695,0.1296977400779724,0.0,-0.06215463951230049,0.1307154893875122,0.304862916469574,-0.030157335102558136,0.14667969942092896,0.24182581901550293,-0.06519938260316849,0.1321142315864563,0.2965238690376282,-0.07189130038022995,0.12209618091583252,0.34092992544174194,-0.06369302421808243,0.1684551239013672,0.3490888476371765,-0.03978484496474266,0.18596041202545166,0.2903760075569153,-0.061536554247140884,0.17239594459533691,0.32065773010253906,-0.05634625628590584,0.16189593076705933,0.3535485863685608,-0.04529639333486557
V,0.09654238820075989,0.5757065713405609,8.473720072288415e-07,0.05317091941833496,0.5020759403705597,-0.03514103963971138,0.04932081699371338,0.40044155716896057,-0.05031203478574753,0.10030743479728699,0.3261074721813202,-0.06563429534435272,0.14748278260231018,0.2838040888309479,-0.0781475380063057,0.03125131130218506,0.2797122299671173,-0.020001713186502457,0.014869242906570435,0.15072837471961975,-0.040595173835754395,0.006893068552017212,0.07443180680274963,-0.05198374763131142,0.0,0.013790905475616455,-0.05707239359617233,0.08542749285697937,0.278185099363327,-0.020722409710288048,0.10663357377052307,0.1407148540019989,-0.041052669286727905,0.11917111277580261,0.0595068633556366,-0.05288831517100334,0.12953069806098938,0.0,-0.055874794721603394,0.1309051215648651,0.30793991684913635,-0.026905158534646034,0.14447352290153503,0.24675127863883972,-0.06276808679103851,0.130172461271286,0.30410394072532654,-0.07054717093706131,0.1206153929233551,0.3493523895740509,-0.06210590526461601,0.1683538854122162,0.35184445977211,-0.03573028743267059,0.1847974956035614,0.2910545766353607,-0.05773426219820976,0.17204365134239197,0.3219287097454071,-0.05275531858205795,0.16252264380455017,0.3551373779773712,-0.04149797931313515
V,0.09688958525657654,0.5752309560775757,8.754432769819687e-07,0.05186149477958679,0.505066454410553,-0.03809424862265587,0.046679794788360596,0.40548837184906006,-0.05610504746437073,0.09889242053031921,0.3319548964500427,-0.07399685680866241,0.14677807688713074,0.29164761304855347,-0.08946887403726578,0.03151789307594299,0.28103774785995483,-0.024436451494693756,0.014790445566177368,0.15383440256118774,-0.04712957143783569,0.0065757036209106445,0.07762855291366577,-0.06099935621023178,0.0,0.017055422067642212,-0.06855004280805588,0.08572006225585938,0.2791140675544739,-0.02495052106678486,0.10754439234733582,0.14170515537261963,-0.047547973692417145,0.12152019143104553,0.06079965829849243,-0.06277497112751007,0.13299015164375305,0.0,-0.06913704425096512,0.1303759515285492,0.30880850553512573,-0.030888574197888374,0.14616355299949646,0.24562174081802368,-0.06820125132799149,0.13074615597724915,0.3000562787055969,-0.07915326207876205,0.11943534016609192,0.3454800844192505,-0.07412616908550262,0.1668929159641266,0.3544626235961914,-0.03964656963944435,0.18473783135414124,0.29434746503829956,-0.06440272927284241,0.17027387022972107,0.3282139301300049,-0.0624895878136158,0.15810349583625793,0.3657713532447815,-0.0540686659514904
V,0.09793740510940552,0.5739282369613647,8.699555564817274e-07,0.05340510606765747,0.5046249628067017,-0.03651789575815201,0.04814034700393677,0.4060438871383667,-0.05432608351111412,0.09998685121536255,0.331473708152771,-0.07232913374900818,0.1483609676361084,0.2889147996902466,-0.08795087039470673,0.03139033913612366,0.28244245052337646,-0.0240922961384058,0.014844119548797607,0.15466293692588806,-0.04682900756597519,0.006744682788848877,0.07850277423858643,-0.06034274771809578,0.0,0.017898589372634888,-0.06749772280454636,0.08537846803665161,0.2791551947593689,-0.025187307968735695,0.10733330249786377,0.14104586839675903,-0.047810137271881104,0.12165403366088867,0.060103148221969604,-0.06266695261001587,0.1331690549850464,0.0,-0.06863778829574585,0.13007843494415283,0.3076397180557251,-0.031494516879320145,0.1461712121963501,0.2459220290184021,-0.06821869313716888,0.13104522228240967,0.2984364628791809,-0.07887128740549088,0.12000644207000732,0.34280699491500854,-0.07383215427398682,0.16628873348236084,0.35203731060028076,-0.04051831364631653,0.1839163899421692,0.29470181465148926,-0.06470589339733124,0.16889381408691406,0.32749271392822266,-0.06270717829465866,0.15632390975952148,0.36390167474746704,-0.05430998280644417
V,0.09942525625228882,0.5776123702526093,8.417246135650203e-07,0.05555281043052673,0.5055945813655853,-0.03484119847416878,0.0512673556804657,0.4066399037837982,-0.05125845968723297,0.10257279872894287,0.3327200710773468,-0.06782560795545578,0.14821678400039673,0.29151132702827454,-0.08207941800355911,0.03496527671813965,0.28313252329826355,-0.023046690970659256,0.016746997833251953,0.15694326162338257,-0.045465461909770966,0.007396519184112549,0.08050331473350525,-0.060018911957740784,0.0,0.019224703311920166,-0.06838300824165344,0.08891880512237549,0.2801136076450348,-0.02478722669184208,0.10992610454559326,0.1428709626197815,-0.04656141996383667,0.12384545803070068,0.061454325914382935,-0.06199328601360321,0.13644540309906006,0.0,-0.06905965507030487,0.1335163116455078,0.309291273355484,-0.03148040175437927,0.1479073166847229,0.2423212230205536,-0.06564775854349136,0.13318073749542236,0.29316678643226624,-0.0747598335146904,0.12334614992141724,0.33728256821632385,-0.06965574622154236,0.1708349585533142,0.35500386357307434,-0.04106757789850235,0.18767529726028442,0.29168596863746643,-0.0630798414349556,0.17480123043060303,0.3209013044834137,-0.05976841598749161,0.1646726131439209,0.35630908608436584,-0.05093281716108322
V,0.09947460889816284,0.5789989531040192,8.456434557047032e-07,0.05480489134788513,0.5048520267009735,-0.03551725298166275,0.05069783329963684,0.4047190845012665,-0.051393117755651474,0.10286915302276611,0.33137795329093933,-0.0675632581114769,0.14985960721969604,0.2916394770145416,-0.08138689398765564,0.0346127450466156,0.28223493695259094,-0.020409811288118362,0.015884071588516235,0.15656372904777527,-0.04212373495101929,0.00688973069190979,0.08019658923149109,-0.05599697679281235,0.0,0.018806368112564087,-0.06372660398483276,0.08869814872741699,0.27994152903556824,-0.021852770820260048,0.10928189754486084,0.14303940534591675,-0.04323232173919678,0.12314003705978394,0.061467885971069336,-0.057763658463954926,0.1351701021194458,0.0,-0.0636170282959938,0.13360321521759033,0.3101068437099457,-0.02865549363195896,0.1461215615272522,0.2407846748828888,-0.06503108888864517,0.1321811079978943,0.2958966791629791,-0.07475695759057999,0.12325620651245117,0.34256240725517273,-0.06878559291362762,0.17112964391708374,0.35682716965675354,-0.038199473172426224,0.1860012412071228,0.2924632728099823,-0.06237420812249184,0.172745943069458,0.3256088197231293,-0.05944201350212097,0.16275769472122192,0.36363235116004944,-0.05005527287721634
V,0.1016845703125,0.579901248216629,8.441878094345157e-07,0.05729106068611145,0.5104643404483795,-0.03388096019625664,0.051206886768341064,0.4128821790218353,-0.0508066788315773,0.10135000944137573,0.3397000730037689,-0.06824886053800583,0.14735150337219238,0.2978843152523041,-0.08333704620599747,0.035224735736846924,0.28341254591941833,-0.022253084927797318,0.01739215850830078,0.15780654549598694,-0.04449969902634621,0.00788813829421997,0.08144697546958923,-0.058738190680742264,0.0,0.020038902759552002,-0.06699884682893753,0.09024965763092041,0.2800658643245697,-0.024578554555773735,0.111966073513031,0.14402469992637634,-0.04688795655965805,0.12662440538406372,0.06193038821220398,-0.06197945773601532,0.13881981372833252,0.0,-0.06873195618391037,0.1362156867980957,0.3095923364162445,-0.031728800386190414,0.15131503343582153,0.24075421690940857,-0.06691901385784149,0.1365647315979004,0.2929736077785492,-0.07522542029619217,0.12564235925674438,0.33847376704216003,-0.06930559128522873,0.17472553253173828,0.35610267519950867,-0.04158217832446098,0.1924116611480713,0.29443684220314026,-0.06499945372343063,0.1787494421005249,0.32372424006462097,-0.061691202223300934,0.16743218898773193,0.35850486159324646,-0.05248245224356651
V,0.10129481554031372,0.579603761434555,8.400336923841678e-07,0.05671459436416626,0.5099240243434906,-0.0332854799926281,0.050705790519714355,0.41258445382118225,-0.05023600533604622,0.09979474544525146,0.33959516882896423,-0.06790105998516083,0.14485198259353638,0.2980715334415436,-0.08320939540863037,0.03478646278381348,0.28244122862815857,-0.021684812381863594,0.017339587211608887,0.1574258804321289,-0.044063273817300797,0.007861673831939697,0.08133560419082642,-0.05864381417632103,0.0,0.019908100366592407,-0.06734297424554825,0.08976626396179199,0.2789834439754486,-0.024537328630685806,0.11209118366241455,0.14344778656959534,-0.047078561037778854,0.12695205211639404,0.061847805976867676,-0.0625527948141098,0.13930678367614746,0.0,-0.0698113813996315,0.13572698831558228,0.3083271086215973,-0.03216636925935745,0.15158432722091675,0.23809054493904114,-0.06693671643733978,0.1361621618270874,0.2905460298061371,-0.0747121199965477,0.12454742193222046,0.3360431492328644,-0.06885971873998642,0.17452698945999146,0.3550282418727875,-0.042554836720228195,0.1928311586380005,0.2932429015636444,-0.06562741845846176,0.17874419689178467,0.3229306638240814,-0.06210876628756523,0.16698765754699707,0.3577404320240021,-0.05301392823457718
V,0.10293722152709961,0.5726000666618347,8.640676014692872e-07,0.06052839756011963,0.5006820559501648,-0.03750701993703842,0.05562350153923035,0.4026132822036743,-0.05444315820932388,0.10678154230117798,0.32553184032440186,-0.07102903723716736,0.15462630987167358,0.2762727737426758,-0.0849258229136467,0.03487443923950195,0.2780325412750244,-0.022285472601652145,0.016371428966522217,0.15035533905029297,-0.04276181384921074,0.007269680500030518,0.07345739006996155,-0.0550803504884243,0.0,0.012164115905761719,-0.061556581407785416,0.08953726291656494,0.2763769030570984,-0.02181391604244709,0.10981380939483643,0.13988947868347168,-0.04196067899465561,0.12439709901809692,0.058848291635513306,-0.055489879101514816,0.1366642713546753,0.0,-0.0608786903321743,0.13500672578811646,0.30701833963394165,-0.026848213747143745,0.1479509472846985,0.24504142999649048,-0.06286949664354324,0.1335512399673462,0.2958446741104126,-0.07416091859340668,0.12375754117965698,0.3396044373512268,-0.06954953074455261,0.17166388034820557,0.3518756031990051,-0.034550562500953674,0.18738508224487305,0.2908141016960144,-0.05927286297082901,0.17338603734970093,0.3201250433921814,-0.05841579660773277,0.16257554292678833,0.3542240858078003,-0.05069078877568245
V,0.1022568941116333,0.5712363719940186,8.705317213753005e-07,0.05944794416427612,0.4995858669281006,-0.03674694150686264,0.05413523316383362,0.402504563331604,-0.053930770605802536,0.10557329654693604,0.32596349716186523,-0.0710061639547348,0.15370279550552368,0.2770439386367798,-0.08554420620203018,0.033891141414642334,0.2786142826080322,-0.02296876534819603,0.01593872904777527,0.15063822269439697,-0.043887559324502945,0.007124483585357666,0.07375487685203552,-0.05657564848661423,0.0,0.01224324107170105,-0.06339555233716965,0.08844262361526489,0.2759450078010559,-0.023076526820659637,0.10896521806716919,0.14033573865890503,-0.043384794145822525,0.12323486804962158,0.05910953879356384,-0.05696935951709747,0.13520514965057373,0.0,-0.06260288506746292,0.13384157419204712,0.3058893084526062,-0.02856707200407982,0.14722901582717896,0.244401216506958,-0.06421515345573425,0.13232475519180298,0.2957260012626648,-0.07525148242712021,0.12238705158233643,0.3403083086013794,-0.07081873714923859,0.17059165239334106,0.3508440852165222,-0.036734528839588165,0.18640613555908203,0.2907850742340088,-0.061490561813116074,0.17172294855117798,0.3215322494506836,-0.060694266110658646,0.16031914949417114,0.35738325119018555,-0.05316406860947609
V,0.09976756572723389,0.572979062795639,8.53607389217359e-07,0.05647397041320801,0.5033469498157501,-0.03396546468138695,0.053554534912109375,0.405549556016922,-0.05054142326116562,0.1047164797782898,0.3322676122188568,-0.06789875030517578,0.1493527889251709,0.28814688324928284,-0.08317598700523376,0.03442603349685669,0.2810746729373932,-0.02260841801762581,0.016813218593597412,0.15425756573677063,-0.04542058706283569,0.00741913914680481,0.07744103670120239,-0.05972810834646225,0.0,0.015613675117492676,-0.06772970408201218,0.08832454681396484,0.2780420482158661,-0.025354592129588127,0.10904031991958618,0.1423216164112091,-0.04816403612494469,0.12405705451965332,0.060752809047698975,-0.06384743005037308,0.13783419132232666,0.0,-0.07081815600395203,0.13338547945022583,0.3075121343135834,-0.03295158967375755,0.15117275714874268,0.24442997574806213,-0.06864847987890244,0.13653475046157837,0.29773035645484924,-0.07793822884559631,0.12667763233184814,0.3436554968357086,-0.07264355570077896,0.1704956293106079,0.3539450466632843,-0.04326092451810837,0.1876077651977539,0.295955628156662,-0.06711434572935104,0.17377370595932007,0.33076462149620056,-0.06402026861906052,0.16338199377059937,0.3696974813938141,-0.0549333430826664
V,0.10066956281661987,0.5737902224063873,8.613113209321455e-07,0.057353973388671875,0.5037557780742645,-0.0346837192773819,0.05410519242286682,0.40653571486473083,-0.051608145236968994,0.10601341724395752,0.3336065113544464,-0.06906083226203918,0.15183234214782715,0.290490061044693,-0.08424685895442963,0.03522256016731262,0.28213009238243103,-0.023361308500170708,0.017291009426116943,0.15501073002815247,-0.04597556218504906,0.007616490125656128,0.07821741700172424,-0.059871356934309006,0.0,0.01635494828224182,-0.06748955696821213,0.08935776352882385,0.27922287583351135,-0.0253384318202734,0.1097831130027771,0.14350733160972595,-0.047961633652448654,0.12462806701660156,0.0611269474029541,-0.06336662173271179,0.13789492845535278,0.0,-0.06995351612567902,0.13439196348190308,0.308720201253891,-0.032196901738643646,0.1515541672706604,0.24782970547676086,-0.06827248632907867,0.13771778345108032,0.30093494057655334,-0.07798886299133301,0.12785112857818604,0.3472813665866852,-0.07246953994035721,0.17128503322601318,0.3545530140399933,-0.04172423854470253,0.18841785192489624,0.29676172137260437,-0.06593094766139984,0.17597109079360962,0.3298247754573822,-0.06322012841701508,0.1660672426223755,0.3678886592388153,-0.05403808504343033
V,0.09866270422935486,0.5748564898967743,8.59114834383945e-07,0.05618852376937866,0.5033228099346161,-0.03409123420715332,0.053797781467437744,0.4051262438297272,-0.05051199719309807,0.10557523369789124,0.32962217926979065,-0.06769344210624695,0.1513228714466095,0.2811349928379059,-0.08253340423107147,0.03361096978187561,0.28517404198646545,-0.020854195579886436,0.015759438276290894,0.1563161313533783,-0.042683325707912445,0.006963819265365601,0.07899528741836548,-0.05621464550495148,0.0,0.01708051562309265,-0.06366589665412903,0.08776679635047913,0.2816758453845978,-0.02249656617641449,0.10990980267524719,0.14407846331596375,-0.044102974236011505,0.12429913878440857,0.061477720737457275,-0.05923230201005936,0.1363036334514618,0.0,-0.06587871164083481,0.13273140788078308,0.3107859194278717,-0.029119154438376427,0.147911936044693,0.2432061731815338,-0.06369174271821976,0.1314484179019928,0.29256853461265564,-0.07372237741947174,0.12030085921287537,0.3369554579257965,-0.06900429725646973,0.16931036114692688,0.3559509217739105,-0.03838895633816719,0.18616589903831482,0.29399338364601135,-0.061311639845371246,0.17080029845237732,0.32174959778785706,-0.059431519359350204,0.1589932143688202,0.3552885353565216,-0.051344532519578934
V,0.09929719567298889,0.5757980644702911,8.606627375229436e-07,0.05614009499549866,0.5047264397144318,-0.03381010890007019,0.053542882204055786,0.40706440806388855,-0.050407517701387405,0.1047506034374237,0.33255937695503235,-0.06771371513605118,0.15038719773292542,0.28626784682273865,-0.08258747309446335,0.034046173095703125,0.2865384519100189,-0.021884534507989883,0.01597970724105835,0.1572946310043335,-0.04366224259138107,0.0071014463901519775,0.07979705929756165,-0.05699193850159645,0.0,0.01768508553504944,-0.06436698138713837,0.08839258551597595,0.282461017370224,-0.023604555055499077,0.11073681712150574,0.14457783102989197,-0.04505075514316559,0.12504932284355164,0.06168180704116821,-0.0596269816160202,0.13677653670310974,0.0,-0.06597332656383514,0.13336756825447083,0.310995489358902,-0.03018825314939022,0.14699724316596985,0.24114558100700378,-0.06425533443689346,0.130744069814682,0.28994372487068176,-0.0736551284790039,0.11957332491874695,0.33441200852394104,-0.06867875158786774,0.17030498385429382,0.3555646240711212,-0.03946143016219139,0.18711867928504944,0.29309526085853577,-0.06205170229077339,0.17197683453559875,0.3188715875148773,-0.06009196862578392,0.1598024070262909,0.3511877954006195,-0.052011821419000626
V,0.10099193453788757,0.5721574127674103,8.529979709237523e-07,0.05571204423904419,0.5016705095767975,-0.03657977655529976,0.04994127154350281,0.40095654129981995,-0.0537574477493763,0.10387495160102844,0.32542625069618225,-0.07084298878908157,0.15240326523780823,0.2761751711368561,-0.08536151051521301,0.031486302614212036,0.2805542051792145,-0.023419419303536415,0.014831513166427612,0.15250083804130554,-0.04587726294994354,0.006388485431671143,0.0754438042640686,-0.05922062322497368,0.0,0.013617366552352905,-0.06635808199644089,0.08640435338020325,0.27772149443626404,-0.02401450090110302,0.10817411541938782,0.1399620771408081,-0.04575598984956741,0.12302961945533752,0.05995014309883118,-0.05891251936554909,0.13646170496940613,0.0,-0.06374960392713547,0.13234588503837585,0.30767175555229187,-0.030005453154444695,0.14609220623970032,0.23838481307029724,-0.06638650596141815,0.12931057810783386,0.2947811186313629,-0.07435400784015656,0.11869177222251892,0.3390935957431793,-0.06752528250217438,0.17110756039619446,0.35348978638648987,-0.03874931111931801,0.187065988779068,0.28941771388053894,-0.06294073909521103,0.17086997628211975,0.32232168316841125,-0.05955079570412636,0.15895351767539978,0.3559441864490509,-0.05006912350654602
V,0.09992673993110657,0.5705875754356384,8.756630904827034e-07,0.05565127730369568,0.49955636262893677,-0.037371378391981125,0.051159054040908813,0.4003804326057434,-0.05474186688661575,0.10435613989830017,0.32515162229537964,-0.07179518789052963,0.15151062607765198,0.2771613597869873,-0.08637655526399612,0.03146609663963318,0.27816879749298096,-0.023801671341061592,0.015348732471466064,0.1507384479045868,-0.04533715546131134,0.00676882266998291,0.07502174377441406,-0.058601751923561096,0.0,0.01411464810371399,-0.06603379547595978,0.08632639050483704,0.2757675051689148,-0.024098573252558708,0.10846385359764099,0.13900595903396606,-0.044999655336141586,0.1240256130695343,0.05955541133880615,-0.0593232624232769,0.1377476155757904,0.0,-0.06561902165412903,0.13167205452919006,0.30608952045440674,-0.02973739430308342,0.14655426144599915,0.24117577075958252,-0.06497351080179214,0.13037827610969543,0.29550695419311523,-0.07479085773229599,0.1191120445728302,0.3395780920982361,-0.06997884064912796,0.1690210998058319,0.35216087102890015,-0.038232579827308655,0.18575480580329895,0.28993189334869385,-0.061912715435028076,0.17073103785514832,0.3218960165977478,-0.059767574071884155,0.15847215056419373,0.35632985830307007,-0.051703307777643204
V,0.09954959154129028,0.567535012960434,8.505967343808152e-07,0.05501249432563782,0.49467650055885315,-0.03430679813027382,0.049983441829681396,0.394526869058609,-0.04971817880868912,0.10057854652404785,0.3199065625667572,-0.06534093618392944,0.14517617225646973,0.2719176113605499,-0.07840368151664734,0.031655341386795044,0.27508971095085144,-0.020016219466924667,0.014771521091461182,0.14862340688705444,-0.04040946811437607,0.006363093852996826,0.07317191362380981,-0.05266660824418068,0.0,0.01216861605644226,-0.058995433151721954,0.08538776636123657,0.273461252450943,-0.020923657342791557,0.10596418380737305,0.1384136974811554,-0.04158833250403404,0.1223183274269104,0.058291226625442505,-0.055050428956747055,0.13733291625976562,0.0,-0.06010076403617859,0.13061916828155518,0.3026425540447235,-0.027000660076737404,0.1446020007133484,0.23926958441734314,-0.06228460744023323,0.13125449419021606,0.2925609052181244,-0.07149920612573624,0.12257617712020874,0.33758464455604553,-0.06555775552988052,0.16905558109283447,0.3459016978740692,-0.03568261116743088,0.18484771251678467,0.2856099307537079,-0.059049226343631744,0.1724349856376648,0.3171549141407013,-0.05613457411527634,0.16313880681991577,0.3521822392940521,-0.046974752098321915
V,0.10244780778884888,0.5666315853595734,8.603228707215749e-07,0.05812138319015503,0.4954998791217804,-0.03600652888417244,0.052966177463531494,0.3965388238430023,-0.05223051458597183,0.1044001579284668,0.32268378138542175,-0.06839508563280106,0.14973527193069458,0.2772851884365082,-0.08201596140861511,0.03579285740852356,0.27737078070640564,-0.023095592856407166,0.017709046602249146,0.1510728895664215,-0.04531358182430267,0.00803259015083313,0.07511821389198303,-0.058171145617961884,0.0,0.013958185911178589,-0.06484973430633545,0.08995074033737183,0.2741340696811676,-0.02412889152765274,0.11094039678573608,0.13879308104515076,-0.04653903841972351,0.1264447569847107,0.0591006875038147,-0.060034845024347305,0.14033150672912598,0.0,-0.06474629789590836,0.13491278886795044,0.30275407433509827,-0.030564725399017334,0.14835035800933838,0.24287226796150208,-0.06786783784627914,0.13528597354888916,0.3014041483402252,-0.07605070620775223,0.1271836757659912,0.34703657031059265,-0.0687902420759201,0.1724473237991333,0.3465443551540375,-0.03975551202893257,0.18657159805297852,0.2880667746067047,-0.0643128901720047,0.17260527610778809,0.32427462935447693,-0.06051011011004448,0.16227436065673828,0.36160120368003845,-0.0504821352660656
V,0.09700560569763184,0.5691236555576324,8.527118779966258e-07,0.052933573722839355,0.5003117024898529,-0.034670718014240265,0.0471423864364624,0.40266749262809753,-0.05146056413650513,0.09694069623947144,0.32834360003471375,-0.06825278699398041,0.14131951332092285,0.27926602959632874,-0.08255733549594879,0.029352307319641113,0.27817144989967346,-0.023136772215366364,0.013839930295944214,0.15041550993919373,-0.04340121150016785,0.006058454513549805,0.07496383786201477,-0.05623330920934677,0.0,0.014080286026000977,-0.06386201828718185,0.08433067798614502,0.27510085701942444,-0.024155205115675926,0.10662287473678589,0.13855937123298645,-0.04358166828751564,0.12334448099136353,0.058650046586990356,-0.05764000117778778,0.13779962062835693,0.0,-0.06451226770877838,0.12974172830581665,0.3049568831920624,-0.029974522069096565,0.1430981159210205,0.23285263776779175,-0.06221914663910866,0.12967365980148315,0.2806427776813507,-0.07160881161689758,0.12060779333114624,0.32372555136680603,-0.06783752888441086,0.16783970594406128,0.350310355424881,-0.03856188803911209,0.1843891143798828,0.2863450348377228,-0.06135798618197441,0.17210173606872559,0.30986514687538147,-0.06030023843050003,0.1623343825340271,0.3395059406757355,-0.05343065410852432
V,0.09758949279785156,0.568937748670578,8.696222266735276e-07,0.05390024185180664,0.5000153481960297,-0.03533341735601425,0.0479569137096405,0.4038449823856354,-0.052764181047677994,0.09723156690597534,0.3304732143878937,-0.07020612806081772,0.14218676090240479,0.28508225083351135,-0.08529786765575409,0.030976951122283936,0.2786904275417328,-0.02534724771976471,0.015166610479354858,0.15131515264511108,-0.04659251123666763,0.0069419145584106445,0.07587787508964539,-0.05941306799650192,0.0,0.01480284333229065,-0.06675539910793304,0.08572632074356079,0.27506616711616516,-0.026490170508623123,0.10926550626754761,0.13769051432609558,-0.04725630208849907,0.1256973147392273,0.05820232629776001,-0.06124810874462128,0.13968241214752197,0.0,-0.06745479255914688,0.130834698677063,0.3045171797275543,-0.03243059292435646,0.14342927932739258,0.2382986843585968,-0.06643566489219666,0.12872052192687988,0.28974804282188416,-0.07555806636810303,0.11914122104644775,0.33394309878349304,-0.07064033299684525,0.16819775104522705,0.3493967354297638,-0.04112881049513817,0.18438035249710083,0.28811100125312805,-0.06418564915657043,0.17146217823028564,0.31537631154060364,-0.06227239966392517,0.16165709495544434,0.3477649390697479,-0.05443570017814636
V,0.09236159920692444,0.5697695910930634,8.540953331248602e-07,0.04948166012763977,0.4984488785266876,-0.03450973704457283,0.04582759737968445,0.39714905619621277,-0.04933752492070198,0.09864208102226257,0.3241351544857025,-0.06420493870973587,0.14543119072914124,0.2800762355327606,-0.07662776112556458,0.028833210468292236,0.2754490077495575,-0.02182241901755333,0.01340174674987793,0.14788275957107544,-0.041894592344760895,0.005720376968383789,0.07197883725166321,-0.05373675748705864,0.0,0.01135164499282837,-0.06001090258359909,0.08300897479057312,0.2740859091281891,-0.022769486531615257,0.10653981566429138,0.1386839747428894,-0.04239189997315407,0.12259909510612488,0.05867958068847656,-0.05538072809576988,0.1377568542957306,0.0,-0.060481976717710495,0.12756982445716858,0.3047039806842804,-0.028871409595012665,0.14308777451515198,0.243082195520401,-0.06300671398639679,0.12633970379829407,0.2958759367465973,-0.07291687279939651,0.11595526337623596,0.33923426270484924,-0.06782890856266022,0.1638902723789215,0.34993621706962585,-0.03769528120756149,0.18212977051734924,0.2896033823490143,-0.06111763045191765,0.168069988489151,0.3165222704410553,-0.059923961758613586,0.15704885125160217,0.3474474847316742,-0.05228786543011665
V,0.09362637996673584,0.5697641968727112,8.640215014565911e-07,0.0508483350276947,0.4987049102783203,-0.035224780440330505,0.04665151238441467,0.3984605073928833,-0.05034598335623741,0.10018998384475708,0.32677364349365234,-0.06547683477401733,0.14897888898849487,0.2882240414619446,-0.07819903641939163,0.030923008918762207,0.2763500213623047,-0.02180253155529499,0.014820516109466553,0.14984339475631714,-0.04207077622413635,0.006549239158630371,0.07392162084579468,-0.05404089018702507,0.0,0.012925565242767334,-0.060529839247465134,0.08479338884353638,0.2748177647590637,-0.022880857810378075,0.10890811681747437,0.1396636664867401,-0.04315011203289032,0.12517929077148438,0.05954483151435852,-0.056369129568338394,0.14009439945220947,0.0,-0.06149283051490784,0.1287933588027954,0.3056100606918335,-0.02925134263932705,0.14415580034255981,0.24437034130096436,-0.0648336261510849,0.12550079822540283,0.2984197735786438,-0.07540152966976166,0.11311018466949463,0.3415483832359314,-0.0703764259815216,0.16505736112594604,0.3513478636741638,-0.03830178827047348,0.18373483419418335,0.29197216033935547,-0.06252584606409073,0.16743147373199463,0.32094454765319824,-0.06150297448039055,0.15387696027755737,0.3530171513557434,-0.05395737662911415
V,0.09463617205619812,0.5631591379642487,8.607884183220449e-07,0.051467061042785645,0.4942522346973419,-0.03695370629429817,0.045948952436447144,0.3969143331050873,-0.05338435247540474,0.09600487351417542,0.32491686940193176,-0.06902192533016205,0.1426638662815094,0.2808935344219208,-0.08194662630558014,0.03053516149520874,0.27201834321022034,-0.025688523426651955,0.014161527156829834,0.1453932523727417,-0.04597062990069389,0.006165951490402222,0.06968888640403748,-0.05764301121234894,0.0,0.009570777416229248,-0.0637134537100792,0.085187166929245,0.27106520533561707,-0.02562359906733036,0.10906484723091125,0.13515576720237732,-0.045144326984882355,0.1257026493549347,0.056404322385787964,-0.057791005820035934,0.14033469557762146,0.0,-0.0625796690583229,0.1295424997806549,0.30191877484321594,-0.03067571483552456,0.1437857449054718,0.24162563681602478,-0.06470955908298492,0.1275494396686554,0.29225918650627136,-0.0746382623910904,0.11629024147987366,0.33361896872520447,-0.06976113468408585,0.165859192609787,0.34724321961402893,-0.0384850837290287,0.18299135565757751,0.28741928935050964,-0.06111333146691322,0.17000994086265564,0.3151770532131195,-0.058935023844242096,0.15923431515693665,0.34613320231437683,-0.05078833922743797
V,0.09487363696098328,0.5625770688056946,8.637460382487916e-07,0.05189335346221924,0.4930061101913452,-0.036878764629364014,0.04673510789871216,0.3954724669456482,-0.0532064251601696,0.09665784239768982,0.3230617046356201,-0.06878116726875305,0.14306828379631042,0.27903151512145996,-0.08166137337684631,0.030708283185958862,0.2720341682434082,-0.025455161929130554,0.014378577470779419,0.1454891562461853,-0.04586939513683319,0.006304293870925903,0.06975814700126648,-0.05776676535606384,0.0,0.009506583213806152,-0.06404277682304382,0.08501657843589783,0.2708304524421692,-0.025438224896788597,0.1089792549610138,0.13535773754119873,-0.04522252827882767,0.12569782137870789,0.056802213191986084,-0.05815429985523224,0.14058437943458557,0.0,-0.06313536316156387,0.12916651368141174,0.3013473153114319,-0.030530443415045738,0.14393505454063416,0.24108409881591797,-0.06458473950624466,0.12739673256874084,0.2917102575302124,-0.07444838434457779,0.11594787240028381,0.3327774405479431,-0.06958234310150146,0.16544827818870544,0.34656983613967896,-0.038414712995290756,0.1832895576953888,0.2867376208305359,-0.061083585023880005,0.17006954550743103,0.31473594903945923,-0.05893007665872574,0.15895667672157288,0.34591174125671387,-0.05081678181886673
V,0.09060832858085632,0.5600045025348663,8.713498118595453e-07,0.04676291346549988,0.48945334553718567,-0.03463299572467804,0.042452871799468994,0.39126864075660706,-0.05042481794953346,0.09422191977500916,0.32037749886512756,-0.06631771475076675,0.14122286438941956,0.27745547890663147,-0.07982999831438065,0.02706936001777649,0.26944854855537415,-0.023593919351696968,0.01237979531288147,0.14187392592430115,-0.0436185859143734,0.005346149206161499,0.06687623262405396,-0.05502207204699516,0.0,0.006200164556503296,-0.06092967465519905,0.08180400729179382,0.2687602937221527,-0.024759018793702126,0.10663339495658875,0.13536128401756287,-0.04449338838458061,0.12433859705924988,0.05640450119972229,-0.05689186230301857,0.13957545161247253,0.0,-0.06154235079884529,0.12660565972328186,0.2991109788417816,-0.030959783121943474,0.14197078347206116,0.24188122153282166,-0.06517265737056732,0.1264118254184723,0.29397693276405334,-0.07490279525518417,0.11616769433021545,0.3375934064388275,-0.06985736638307571,0.16292783617973328,0.34349068999290466,-0.03980453684926033,0.1793387234210968,0.28665784001350403,-0.06267639249563217,0.16407719254493713,0.31922647356987,-0.060422588139772415,0.15203586220741272,0.35573169589042664,-0.052235156297683716
V,0.09132498502731323,0.5603026747703552,8.700895932634012e-07,0.04749816656112671,0.49110180139541626,-0.03383618965744972,0.04250192642211914,0.3943746089935303,-0.05021452158689499,0.09255218505859375,0.32387399673461914,-0.0670495331287384,0.13850319385528564,0.2820618748664856,-0.0816122367978096,0.027966231107711792,0.27075695991516113,-0.023629412055015564,0.013288527727127075,0.14387103915214539,-0.04448055103421211,0.005878061056137085,0.06877940893173218,-0.056579362601041794,0.0,0.008511334657669067,-0.06311634927988052,0.08254814147949219,0.26971304416656494,-0.02561812847852707,0.10784804821014404,0.13593238592147827,-0.04661211743950844,0.12542933225631714,0.056927114725112915,-0.06001131981611252,0.14053714275360107,0.0,-0.0653112530708313,0.12727785110473633,0.30027443170547485,-0.03240728750824928,0.14258116483688354,0.2401377558708191,-0.06691493093967438,0.1268928050994873,0.2916144132614136,-0.07593958079814911,0.11656814813613892,0.3352413773536682,-0.07054722309112549,0.16355687379837036,0.34571224451065063,-0.04181952774524689,0.1801324486732483,0.2885892391204834,-0.06490624696016312,0.16451245546340942,0.3198776841163635,-0.06230631098151207,0.1522887945175171,0.3553134799003601,-0.053809985518455505
V,0.09028083086013794,0.559455156326294,8.727055273993756e-07,0.04700285196304321,0.49142032861709595,-0.03646000847220421,0.04197734594345093,0.3955954313278198,-0.053829312324523926,0.09193432331085205,0.3246210813522339,-0.07106037437915802,0.13722556829452515,0.2834741473197937,-0.08600963652133942,0.0275954008102417,0.27161794900894165,-0.02555837854743004,0.012989580631256104,0.1449543535709381,-0.0475970134139061,0.005488872528076172,0.06926316022872925,-0.06081710383296013,0.0,0.008577495813369751,-0.0680040791630745,0.08135360479354858,0.2699628472328186,-0.026182355359196663,0.10610157251358032,0.13671618700027466,-0.048398204147815704,0.1241881251335144,0.05796593427658081,-0.0628105103969574,0.14033383131027222,0.0,-0.06865322589874268,0.12509822845458984,0.29935479164123535,-0.031777773052453995,0.1425265669822693,0.23837929964065552,-0.06772615015506744,0.12696635723114014,0.29207807779312134,-0.0770685151219368,0.11623215675354004,0.337235689163208,-0.07139340043067932,0.16097235679626465,0.34388595819473267,-0.040148165076971054,0.1790507435798645,0.2855103611946106,-0.06454997509717941,0.16646134853363037,0.3171998858451843,-0.06219770386815071,0.15632587671279907,0.3526938557624817,-0.0534173883497715
V,0.09078726172447205,0.5592779815196991,8.764441759012698e-07,0.047657310962677,0.49013903737068176,-0.03571862354874611,0.04249018430709839,0.39533182978630066,-0.05307943746447563,0.09263530373573303,0.3247847259044647,-0.07049663364887238,0.1381218135356903,0.2835497558116913,-0.08567462861537933,0.02750861644744873,0.2719656527042389,-0.024571305140852928,0.012938588857650757,0.1453239619731903,-0.046327799558639526,0.00558781623840332,0.06961104273796082,-0.059546299278736115,0.0,0.00888100266456604,-0.06682642549276352,0.08173903822898865,0.2703610360622406,-0.025522315874695778,0.10648038983345032,0.1375316083431244,-0.0474151186645031,0.12470826506614685,0.05833709239959717,-0.062049057334661484,0.14057645201683044,0.0,-0.0681903213262558,0.1258905827999115,0.29985037446022034,-0.031379081308841705,0.14232274889945984,0.23812046647071838,-0.06683450192213058,0.12808850407600403,0.2903711497783661,-0.07631172239780426,0.1182030737400055,0.33559849858283997,-0.07080570608377457,0.1621244251728058,0.3440383970737457,-0.03994552791118622,0.1790388524532318,0.28477028012275696,-0.0638546496629715,0.16699275374412537,0.3141874372959137,-0.061470869928598404,0.15724721550941467,0.348872572183609,-0.05271192640066147
V,0.09257319569587708,0.5622785091400146,8.713066677046299e-07,0.049857139587402344,0.490203857421875,-0.03631976246833801,0.045652180910110474,0.389643132686615,-0.05209947004914284,0.09834417700767517,0.3178994655609131,-0.06762628257274628,0.14576342701911926,0.2708818316459656,-0.08067899197340012,0.028838127851486206,0.273828387260437,-0.022987380623817444,0.01324695348739624,0.14771419763565063,-0.04287348687648773,0.005562573671340942,0.07306987047195435,-0.05412577837705612,0.0,0.012352705001831055,-0.059932317584753036,0.08282914757728577,0.2724951505661011,-0.023320185020565987,0.10741236805915833,0.1385376751422882,-0.043076105415821075,0.1245526373386383,0.05892255902290344,-0.05591549351811409,0.14028272032737732,0.0,-0.06075458973646164,0.12710663676261902,0.30334991216659546,-0.028947457671165466,0.1416257917881012,0.242870032787323,-0.06462079286575317,0.12513980269432068,0.29852306842803955,-0.07447034120559692,0.1151185929775238,0.34271860122680664,-0.0688137412071228,0.1629309356212616,0.3480861186981201,-0.03725910559296608,0.1791229546070099,0.28818845748901367,-0.06182853877544403,0.16437098383903503,0.3175954222679138,-0.06020268425345421,0.15338072180747986,0.34963494539260864,-0.052006762474775314
V,0.09266588091850281,0.5638706982135773,8.655024998915906e-07,0.04962533712387085,0.4909062683582306,-0.035935692489147186,0.045396238565444946,0.3897372782230377,-0.051587190479040146,0.09869071841239929,0.3176930844783783,-0.06720151007175446,0.1463189423084259,0.27055659890174866,-0.08046360313892365,0.02893918752670288,0.2740703523159027,-0.022246886044740677,0.013321399688720703,0.14815911650657654,-0.042405009269714355,0.0056060850620269775,0.07352450489997864,-0.05409656837582588,0.0,0.012840598821640015,-0.060343071818351746,0.08319351077079773,0.272736519575119,-0.02298302762210369,0.10758867859840393,0.13862347602844238,-0.04308546707034111,0.12479546666145325,0.05911821126937866,-0.05657399445772171,0.14090725779533386,0.0,-0.06201046332716942,0.1276896893978119,0.3038890063762665,-0.029023176059126854,0.14250358939170837,0.24342527985572815,-0.06479764729738235,0.12542447447776794,0.2989659011363983,-0.0749841183423996,0.11532780528068542,0.34316906332969666,-0.06973040848970413,0.16348007321357727,0.349253386259079,-0.037760116159915924,0.1794913113117218,0.2897120416164398,-0.06255406886339188,0.16400203108787537,0.31891706585884094,-0.06129860877990723,0.15269294381141663,0.35081496834754944,-0.05348045378923416
V,0.09237667918205261,0.5587492287158966,8.4872232264388e-07,0.04920908808708191,0.4897727072238922,-0.03173068165779114,0.042863041162490845,0.3925890624523163,-0.048165615648031235,0.0901770293712616,0.3220513164997101,-0.06529586762189865,0.13554063439369202,0.279727965593338,-0.08041076362133026,0.03014141321182251,0.27313241362571716,-0.02505633234977722,0.01452741026878357,0.14665618538856506,-0.04642605781555176,0.006264805793762207,0.072022944688797,-0.058644529432058334,0.0,0.011910110712051392,-0.06537004560232162,0.08346691727638245,0.27232638001441956,-0.02842579036951065,0.10912314057350159,0.1362398862838745,-0.05032135918736458,0.12639185786247253,0.05817839503288269,-0.06468740105628967,0.14234498143196106,0.0,-0.07087737321853638,0.12713631987571716,0.30211398005485535,-0.03596499189734459,0.14301219582557678,0.23919108510017395,-0.07011694461107254,0.12463691830635071,0.29204508662223816,-0.07793992012739182,0.11294850707054138,0.33591601252555847,-0.07223492860794067,0.1632775366306305,0.3466919958591461,-0.04597527161240578,0.18090566992759705,0.2876635491847992,-0.06828545033931732,0.1670394241809845,0.3183794319629669,-0.06442900002002716,0.15744009613990784,0.3529036343097687,-0.0554153211414814
V,0.091787189245224,0.5556900501251221,8.482800240017241e-07,0.04902470111846924,0.4862818121910095,-0.03138654679059982,0.04262116551399231,0.3891429305076599,-0.047631144523620605,0.09042373299598694,0.3203282356262207,-0.06468819081783295,0.1356545388698578,0.2798722982406616,-0.07984273880720139,0.028983741998672485,0.2712600827217102,-0.02469058893620968,0.01438218355178833,0.14460790157318115,-0.04624171927571297,0.006288796663284302,0.07004880905151367,-0.058793097734451294,0.0,0.00993567705154419,-0.06577422469854355,0.0821431577205658,0.2708098292350769,-0.028179721906781197,0.10789790749549866,0.13606292009353638,-0.05015672743320465,0.12585237622261047,0.05833911895751953,-0.06473130732774734,0.14239004254341125,0.0,-0.07113762199878693,0.12563034892082214,0.3005172610282898,-0.035837411880493164,0.14287158846855164,0.23819339275360107,-0.07004494965076447,0.12462732195854187,0.29079848527908325,-0.07834938168525696,0.1126922070980072,0.33468806743621826,-0.07303266227245331,0.16160550713539124,0.3449329137802124,-0.04594596102833748,0.17966386675834656,0.28799253702163696,-0.06860081106424332,0.16543486714363098,0.31831181049346924,-0.06526035815477371,0.15505775809288025,0.35231876373291016,-0.05660184472799301
V,0.0937248170375824,0.5602357387542725,8.877062214196485e-07,0.051478296518325806,0.48933500051498413,-0.03715353459119797,0.048745572566986084,0.3899444341659546,-0.052811965346336365,0.1009891927242279,0.3159499168395996,-0.0679396539926529,0.14714476466178894,0.26955556869506836,-0.08036114275455475,0.031417906284332275,0.27475911378860474,-0.022638751193881035,0.01552554965019226,0.14963027834892273,-0.04409865662455559,0.006666034460067749,0.07488420605659485,-0.05642882362008095,0.0,0.014631986618041992,-0.06255409866571426,0.0843982994556427,0.2720622420310974,-0.022479316219687462,0.10844060778617859,0.13929447531700134,-0.044309813529253006,0.12616267800331116,0.0593830943107605,-0.05794826149940491,0.14273175597190857,0.0,-0.06236860528588295,0.12838897109031677,0.3013537526130676,-0.027800027281045914,0.1452227532863617,0.24837392568588257,-0.06451378017663956,0.12974813580513,0.3066602349281311,-0.07306540012359619,0.12005671858787537,0.35073572397232056,-0.065727099776268,0.1642915904521942,0.3449464440345764,-0.03596276044845581,0.1803666055202484,0.29050660133361816,-0.06021823734045029,0.1663486659526825,0.32521623373031616,-0.056595318019390106,0.1563769280910492,0.35945671796798706,-0.04638826102018356
V,0.094328373670578,0.5598267018795013,8.798411386123917e-07,0.05196329951286316,0.489078551530838,-0.036496397107839584,0.048191219568252563,0.39128389954566956,-0.0527847595512867,0.09925433993339539,0.31756284832954407,-0.06879737973213196,0.14508935809135437,0.27015528082847595,-0.08216708153486252,0.03146359324455261,0.2752548158168793,-0.023142142221331596,0.0154990553855896,0.14975705742835999,-0.0448780357837677,0.006688475608825684,0.07469770312309265,-0.05732649937272072,0.0,0.014373838901519775,-0.06352950632572174,0.0849631130695343,0.2726101577281952,-0.023398393765091896,0.10901352763175964,0.13886669278144836,-0.04535173624753952,0.1266947090625763,0.05904462933540344,-0.059034526348114014,0.14266696572303772,0.0,-0.06366664171218872,0.12920084595680237,0.30164656043052673,-0.02896924316883087,0.1455855667591095,0.24525585770606995,-0.06558483839035034,0.13125041127204895,0.3017432391643524,-0.07416639477014542,0.12199088931083679,0.3466169536113739,-0.06705894321203232,0.16520753502845764,0.3450144827365875,-0.03726423531770706,0.18111416697502136,0.28865376114845276,-0.06114186346530914,0.16767659783363342,0.3217008411884308,-0.05733577534556389,0.1576685607433319,0.3565855324268341,-0.04714636877179146
V,0.0956261157989502,0.5567959547042847,8.891573770597461e-07,0.05249226093292236,0.48655492067337036,-0.036546312272548676,0.04645669460296631,0.3896868824958801,-0.053157251328229904,0.09695327281951904,0.31753218173980713,-0.06958167254924774,0.14541059732437134,0.27731853723526,-0.08344109356403351,0.030855625867843628,0.27342939376831055,-0.024386193603277206,0.014520525932312012,0.14734524488449097,-0.045654721558094025,0.0061421990394592285,0.07194319367408752,-0.05761782079935074,0.0,0.01156318187713623,-0.06380922347307205,0.0844564437866211,0.271114706993103,-0.024642199277877808,0.1097482442855835,0.13769114017486572,-0.04604845866560936,0.12777745723724365,0.05818659067153931,-0.059032976627349854,0.14350080490112305,0.0,-0.06366214901208878,0.1285400390625,0.2996751070022583,-0.030165251344442368,0.14314937591552734,0.23926496505737305,-0.06617309898138046,0.12585818767547607,0.2927333116531372,-0.07538711279630661,0.11401820182800293,0.33622026443481445,-0.06933284550905228,0.16469943523406982,0.3425833582878113,-0.0384553037583828,0.17992842197418213,0.28417062759399414,-0.06252795457839966,0.1636788249015808,0.3158063292503357,-0.06011161953210831,0.15093475580215454,0.35081273317337036,-0.05140021815896034
V,0.09410116076469421,0.5546515583992004,8.939049962464196e-07,0.051100462675094604,0.484454870223999,-0.036806900054216385,0.04533633589744568,0.38684481382369995,-0.053240422159433365,0.09663698077201843,0.31420475244522095,-0.06943721324205399,0.1453370749950409,0.27326375246047974,-0.08317152410745621,0.028805524110794067,0.2732497453689575,-0.024804510176181793,0.01317685842514038,0.14618486166000366,-0.046337325125932693,0.005546987056732178,0.07066014409065247,-0.058389678597450256,0.0,0.010085910558700562,-0.06453068554401398,0.08214816451072693,0.2705284357070923,-0.024878770112991333,0.10738155245780945,0.13740792870521545,-0.04653286188840866,0.1254236400127411,0.05821019411087036,-0.059518709778785706,0.14143386483192444,0.0,-0.06405013054609299,0.1261759102344513,0.29873913526535034,-0.030258676037192345,0.14190295338630676,0.23993486166000366,-0.06674165278673172,0.12448272109031677,0.2947544455528259,-0.07612885534763336,0.11296388506889343,0.3384653329849243,-0.07005118578672409,0.16226324439048767,0.3412994146347046,-0.03841120004653931,0.17794784903526306,0.2845950126647949,-0.06325744092464447,0.16121533513069153,0.3181203603744507,-0.061195433139801025,0.14824596047401428,0.35417479276657104,-0.052590057253837585
